regulator,proper,coordinate,radius,lapse,rho,pr,pt,polarization,radial_enthalpy,radial_enthalpy_tail,required_radial_enthalpy
4.0,-211.61427245312336,-39.99889981537173,39.10129486621097,0.9536338587844886,2.0129154634978786e-07,6.116848006868356e-09,-6.166259121168486e-08,6.302625573768083e-10,2.0740839435665622e-07,-1.4955325066742898e-07,1.4221293990305004e-09
4.0,-206.53179530322413,-35.000011201574104,34.270704265553334,0.9469154971846514,1.7122056148779663e-07,8.931890756660304e-09,-4.1154376006011327e-08,-2.629559347644394e-10,1.8015245224445692e-07,-2.996806309997243e-07,2.308628226325604e-09
4.0,-201.40681834439803,-30.00056819452489,29.439558372548056,0.9379167151244028,1.203775221902942e-07,8.67847293650641e-09,-1.6888229337674524e-08,-1.6921598791842756e-09,1.290559951268006e-07,-4.850278541839382e-07,4.7985909924568366e-09
4.0,-196.2218416553223,-24.999918036132147,24.607219351581048,0.9252369737941496,1.4049569467968248e-08,-1.783446956149194e-09,5.4737559121646675e-08,-1.9310463564005822e-08,1.2266122511819054e-08,-6.73392870774729e-07,2.6592791279461122e-08
4.0,-190.94936535963245,-19.999685473202437,19.775245139206323,0.9060840967817747,-1.2218907674676117e-06,-2.3538325937645993e-07,1.3758855662950878e-06,-3.684591393743617e-07,-1.4572740268440717e-06,-8.090194464034228e-07,4.51811118005636e-07
4.0,-190.6818665622693,-19.74896642399511,19.532961230924652,0.9048670429970542,-1.4407871326810991e-06,-2.806133423370548e-07,1.6167141352395945e-06,-4.2094182530118703e-07,-1.721400475018154e-06,-8.133412420090231e-07,5.28537054299925e-07
4.0,-190.4168677536666,-19.50091751509527,19.293257401011907,0.9036326507339585,-1.6953615371102145e-06,-3.337722728826833e-07,1.89745956397934e-06,-4.775633589927626e-07,-2.029133809992898e-06,-8.170397169761439e-07,6.178632693490101e-07
4.0,-190.14936895630348,-19.25086523894244,19.05161735061286,0.9023568002597101,-1.997390477290143e-06,-3.9772436405213476e-07,2.2310893851901797e-06,-5.384679584672719e-07,-2.3951148413422776e-06,-8.20737306224169e-07,7.238998185436182e-07
4.0,-189.8818701589404,-19.00115794827196,18.81031040051599,0.9010501619619912,-2.350297959255569e-06,-4.737290445839314e-07,2.6219109874121844e-06,-6.013337306188323e-07,-2.8240270038395005e-06,-8.238852296295094e-07,8.487684514373594e-07
4.0,-189.61187137281684,-18.749473561744193,18.567092551436616,0.8996992442492664,-2.767152356980464e-06,-5.651917699603647e-07,3.0844850976925074e-06,-6.635848331914694e-07,-3.3323441269408287e-06,-8.268422148395194e-07,9.974064306400511e-07
4.0,-189.34437257545375,-18.500479526930945,18.326474204545352,0.8983282377268242,-3.251471874108078e-06,-6.731289394626795e-07,3.622981558387062e-06,-7.189228788513657e-07,-3.924600813570758e-06,-8.293388079408714e-07,1.1711962536170628e-06
4.0,-189.07437378933022,-18.249528304757373,18.08396411233819,0.8969107026016193,-3.822817155044978e-06,-8.028273040686786e-07,4.259764144438121e-06,-7.602391666794376e-07,-4.625644459113656e-06,-8.314712540577725e-07,1.3783812623875834e-06
4.0,-188.8043750032067,-17.99895502055958,17.84181879804997,0.8954585139597291,-4.4850606915853255e-06,-9.575018544658024e-07,5.000045349117656e-06,-7.744482799053055e-07,-5.442562546051128e-06,-8.332702196060834e-07,1.62348476408646e-06
4.0,-188.53687620584358,-17.751080523239395,17.602280995791116,0.8939848782058765,-5.246818509602057e-06,-1.1399062496380936e-06,5.8539752251099885e-06,-7.432368497303114e-07,-6.386724759240151e-06,-8.34592643530769e-07,1.9107945792803e-06
4.0,-188.26437743095966,-17.49896608096048,17.358645262000024,0.8924473202087034,-6.143081850538112e-06,-1.3612704766193272e-06,6.862220164283863e-06,-6.368306425647477e-07,-7.504352327157439e-06,-8.355917363808347e-07,2.2577247704939666e-06
4.0,-187.99437864483613,-17.249561136548454,17.11762723199998,0.8908870891939383,-7.1523461512759865e-06,-1.6225865856571047e-06,8.00347339602682e-06,-4.1585317840905095e-07,-8.774932736933091e-06,-8.36024140151389e-07,2.6659352248751477e-06
4.0,-187.7243798587126,-17.00055526300874,16.876994078752563,0.8892898057551002,-8.290898308872723e-06,-1.9335624580378903e-06,9.29903798714746e-06,-1.968011159210458e-08,-1.0224460766910612e-05,-8.361682291888477e-07,3.1509136363433085e-06
4.0,-187.45188108382868,-16.74965192161304,16.63452634671917,0.8876398783938939,-9.563572803394363e-06,-2.3068416382834724e-06,1.0759436307498575e-05,6.462352473462708e-07,-1.1870414441677835e-05,-8.35269004136448e-07,3.7336947934666067e-06
4.0,-187.17938230894475,-16.499160968405203,16.392456066902426,0.885951844442554,-1.092196696658929e-05,-2.7515826189158945e-06,1.2339794140118174e-05,1.7078219574685838e-06,-1.3673549585505183e-05,-8.345268014934422e-07,4.429153502426888e-06
4.0,-186.90688353406085,-16.249083304174512,16.150783924895705,0.8842258927151032,-1.2301814967567932e-05,-3.280398168326001e-06,1.398056208226609e-05,3.349589447315629e-06,-1.5582213135893934e-05,-8.329712484735523e-07,5.260433232867833e-06
4.0,-186.63438475917692,-15.999417998437096,15.909508797921976,0.8824625484581341,-1.3571374182512648e-05,-3.909025706050258e-06,1.5554595503451035e-05,5.834008948583277e-06,-1.7480399888562905e-05,-8.30688855477668e-07,6.255817884706224e-06
4.0,-186.361885984293,-15.750161855651545,15.66862732701857,0.8806627582104215,-1.4483264546196364e-05,-4.655639228146007e-06,1.68175709405365e-05,9.530695585288245e-06,-1.913890377434237e-05,-8.276490204703912e-07,7.449946841435704e-06
4.0,-186.08688722064866,-15.49902767260169,15.42592879751874,0.878811005762492,-1.461807753056926e-05,-5.549657825811483e-06,1.7353944854225487e-05,1.501321505505605e-05,-2.0167735356380743e-05,-8.236622660525378e-07,8.89972747420393e-06
4.0,-185.81438844576473,-15.250572010298432,15.18581631290203,0.8769431062963198,-1.3219846458535351e-05,-6.59683326823457e-06,1.6393817810691282e-05,2.2888351060479628e-05,-1.981667972676992e-05,-8.188350667778874e-07,1.0631271609384201e-05
4.0,-185.53938968212043,-15.000222088976228,14.943870155759972,0.875027795209605,-9.04472960798004e-06,-7.832872249374283e-06,1.2682165677515181e-05,3.424866137061676e-05,-1.6877601857354323e-05,-8.126648775911293e-07,1.2741216849657651e-05
4.0,-185.2643909184761,-14.750239709472515,14.702275565683848,0.8730861392647562,-2.802433103930979e-08,-9.242644248273423e-06,4.1076620361942285e-06,5.02413265681098e-05,-9.270668579312733e-06,-8.048245541438135e-07,1.5294281024774008e-05
4.0,-184.98939215483176,-14.500598892978065,14.461006723207433,0.871123521676823,1.7489435174129013e-05,-1.0745692597140338e-05,-1.3074097459712584e-05,7.227228687340772e-05,6.743742576988675e-06,-7.947915773320811e-07,1.8385067775778057e-05
4.0,-184.71189340242705,-14.249000290711813,14.217840478989778,0.8691289353923598,4.928651167894459e-05,-1.2070953056767648e-05,-4.4804894784421504e-05,0.00010204486314500869,3.721555862217695e-05,-7.81437046484342e-07,2.2162024609647825e-05
4.0,-184.43689463878272,-13.999933207654422,13.97711469681828,0.867147389130598,0.00010481854435273778,-1.2409856594517936e-05,-0.00010084082152112347,0.0001399158557804505,9.240868775821985e-05,-7.640777914824816e-07,2.668790284444945e-05
4.0,-184.16189587513838,-13.751074353194094,13.736582819044006,0.8651724031451067,0.0002002183343918609,-9.837383293631886e-06,-0.00019785254318054637,0.00018566808097474096,0.000190380951098229,-7.412379229953518e-07,3.215495786205745e-05
4.0,-183.88439712273365,-13.500093939220909,13.493991332033442,0.8632006689784653,0.0003647284508955292,1.7123530247618042e-07,-0.0003660948757937082,0.00023734360320141554,0.00036489968619800534,-7.115197848081209e-07,3.8881309181470366e-05
4.0,-183.60689837032893,-13.249166938351728,13.251439553589465,0.8612681880093352,0.0006466329315881281,2.695284707467157e-05,-0.0006555896073406484,0.0002923889685424332,0.0006735857786627997,-6.771426570974633e-07,4.73791071964169e-05
4.0,-183.3318996066846,-13.000444062402451,13.011000188431346,0.8594126383286701,0.0011194745532676245,8.798877290755759e-05,-0.001142660974216035,0.0003632689405476658,0.0012074633261751821,-6.487149631797274e-07,5.8921657197692466e-05
4.0,-183.05440085427986,-12.74925700929986,12.768145461249802,0.8576230415601712,0.0018773053021496424,0.00022318348404246416,-0.0019260774846714852,0.0005306183765025438,0.0021004887861921064,-6.540494844492773e-07,7.68587669554592e-05
4.0,-182.77940209063553,-12.499918794546613,12.527018114448575,0.855952446553517,0.00281984239033978,0.0005403591074969891,-0.002910125108554825,0.0010494254118157942,0.003360201497836769,-7.461058099238456e-07,0.00010599653349776882
4.0,-182.50440332699122,-12.249821454954919,12.28506989853558,0.8543978834823712,0.0031549837000024268,0.0013795512224632524,-0.0033038707429169593,0.002482559944575957,0.004534534922465679,-9.66220717954903e-07,0.00015034253108161304
4.0,-182.2319045521073,-12.000702148068603,12.044001987122384,0.8529744324657683,0.0009981808383792274,0.003403207372749792,-0.0012098620603651741,0.005498287597786006,0.00440138821112902,-1.239524247743063e-06,0.00020409406890272713
4.0,-181.95940577722337,-11.74958653857889,11.801037511051558,0.8516631687922077,-0.004856613144368411,0.006965162554112946,0.004605872038487706,0.010180068451685917,0.0021085494097445347,-1.3530021953577586e-06,0.00024984010387112636
4.0,-181.69190697986025,-11.500559728300562,11.560232095960858,0.8504869165437626,-0.0117796265905689,0.010865779753986391,0.01153673315445752,0.015327699268871163,-0.0009138468365825093,-1.1906006206747092e-06,0.0002693361555638362
4.0,-181.42440818249713,-11.24885168331722,11.316968549470479,0.8494381707230658,-0.016044127252270075,0.013553746112020055,0.015846932236748816,0.019637868954534485,-0.0024903811402500198,-9.026472825516534e-07,0.00026163010463239634
4.0,-181.16190936265482,-10.99940556590805,11.075946910096746,0.8485609603883486,-0.017059645965442134,0.014716148263206552,0.016915934310755942,0.02249901840160341,-0.002343497702235582,-6.728951200550204e-07,0.00023873723329033273
4.0,-180.90191053157292,-10.750227745496455,10.83518769181539,0.8478647662779404,-0.016630298672650475,0.015052827979450126,0.016528651441228254,0.024207505300671447,-0.0015774706932003488,-5.299902354211735e-07,0.00021162198207129104
4.0,-180.641911700491,-10.499220296202598,10.592652029454802,0.847351096771984,-0.016028967022751257,0.015108547796540155,0.01595521910403531,0.025208361339922908,-0.0009204192262111024,-4.3710395844374577e-07,0.000184507368367646
4.0,-180.3844128581695,-10.249062390737011,10.35092962837646,0.8470176642911539,-0.01562666659813102,0.015101341507218037,0.01557054990188889,0.0258102378642218,-0.0005253250909129838,-3.682728080755203e-07,0.0001586288745410749
4.0,-180.1294140046084,-10.000017145577033,10.11027451159202,0.8468435576873412,-0.015401699552194838,0.015088500621718192,0.015357333898071191,0.026196881954942013,-0.00031319893047664603,-3.132431518153827e-07,0.00013441297380872941
4.0,-179.8744151510473,-9.749861765041912,9.868536872736417,0.8468025094838154,-0.01527751823519592,0.01507898926450378,0.015241707033629759,0.026463842300036733,-0.00019852897069214115,-2.6616478891756745e-07,0.00011219259673504854
4.0,-179.6194162974862,-9.498775084755012,9.625887822333508,0.8468695969655916,-0.015206074125270556,0.015072598199784567,0.015176878904327007,0.0266572587312404,-0.00013347592548598915,-2.2815628644851755e-07,9.24591880923637e-05
4.0,-179.3669174326855,-9.249385646838569,9.384867004241581,0.8470180397054119,-0.015162738823101578,0.015068275081510053,0.015138793617457381,0.02680131031275591,-9.446374159152553e-05,-1.977922131478116e-07,7.55908367083828e-05
4.0,-179.1144185678848,-8.999365149928167,9.143224481798496,0.8472252491662814,-0.015134606595234613,0.015065204036536255,0.015114938979652204,0.026912750218308433,-6.940255869835807e-05,-1.7251752973475558e-07,6.135299407573146e-05
4.0,-178.86191970308408,-8.748821994205574,8.901065530899604,0.847470720652659,-0.015115520144210344,0.015062936199913958,0.015099357404335448,0.027000704566290203,-5.258394429638602e-05,-1.5203104247078998e-07,4.955247835424049e-05
4.0,-178.6119208270438,-8.500333215677239,8.660881780230039,0.8477337773897137,-0.015102248001193686,0.015061214074108589,0.015088936761189291,0.02707053488033424,-4.1033927085097274e-05,-1.344074093105076e-07,3.999660768135089e-05
4.0,-178.3594219622431,-8.24900351437937,8.417942195433525,0.8480042269989505,-0.015092625558428906,0.015059826192597246,0.015081683214259525,0.027127669840558272,-3.279936583166013e-05,-1.2223144477021325e-07,3.219065267003516e-05
4.0,-178.1094230862028,-7.999871121411772,8.17711734464135,0.8482635804093915,-0.015085730010062142,0.015058686584089655,0.01507672503335069,0.027173731034677472,-2.704342597248735e-05,-1.0954338115403021e-07,2.5997510189799948e-05
4.0,-177.8594242101625,-7.750500662073554,7.936053559148559,0.8485032619506688,-0.015080827109194206,0.015057689531265175,0.015073439302076202,0.027211229223755642,-2.3137577929030484e-05,-1.0111140630191195e-07,2.106846053592875e-05
4.0,-177.6094253341222,-7.500936224629165,7.6947936358970885,0.8487134324461122,-0.01507762821332411,0.01505675811882853,0.015071624597832034,0.027241399940772085,-2.0870094495578986e-05,-9.12369840198383e-08,1.7163369642562413e-05
4.0,-177.3594264580819,-7.25121639427285,7.453375059529359,0.8488853446578514,-0.015075729466504028,0.015055808172988426,0.015070979178405216,0.02726488431984047,-1.9921293515601582e-05,-8.417443497765712e-08,1.3718518754159258e-05
4.0,-177.10692759328123,-6.9988768450510985,7.2094192161537025,0.8490123786799698,-0.015072899081266572,0.015054805636441316,0.015069381226383311,0.027281910513091447,-1.8093444825256766e-05,-7.748816953631658e-08,6.199828426318334e-06
4.0,-176.85692871724092,-6.7489464701924256,6.9678234932236345,0.8490879518773573,-0.015066811757000136,0.015053935178612077,0.015064459685710626,0.027292174187912424,-1.287657838805814e-05,-6.722519857791994e-08,-2.1203628129665197e-05
4.0,-176.6069298412006,-6.498958918672027,6.7263409298829275,0.8491204443838846,-0.015059687648448077,0.015053387762143629,0.015058362490786356,0.02729651282628329,-6.299886304447777e-06,-5.668662802407189e-08,-7.531970581284776e-05
4.0,-176.35693096516033,-6.24896004263306,6.485247158680806,0.8491289034958791,-0.015053145213191439,0.015053234872495673,0.015052684371457499,0.027295866599640853,8.965930423446289e-08,-5.153700446380965e-08,-0.00012620818034810453
4.0,-176.10693208912002,-5.998961166594063,6.244785565797229,0.8491300592562825,-0.015050544707967723,0.015053385062129419,0.015050835915384569,0.0272907717167056,2.840354161695244e-06,-5.0454520014083197e-08,-0.00015943261873418958
4.0,-176.04443237010994,-5.936461447584315,6.184787508600903,0.8491301021248506,-0.015050684275588859,0.015053431839826763,0.015051166960109552,0.02728875040892555,2.747564237903788e-06,-4.925579658599847e-08,-0.0001666872673029388
4.0,-175.9819326510999,-5.873961728574595,6.1248400531543306,0.8491301218306686,-0.015051047243570944,0.015053473796661122,0.015051733187981366,0.02728638469434327,2.426553090177641e-06,-4.6263596266573114e-08,-0.00017403512604770297
4.0,-175.91943293208982,-5.8114620095648455,6.064944923304035,0.8491301304160044,-0.01505158024226359,0.015053499508725069,0.015052482637891256,0.027283642830322367,1.9192664614791494e-06,-4.935436939281338e-08,-0.00018164278801248025
4.0,-175.85693321307974,-5.748962290555097,6.005103875651271,0.8491301339611734,-0.015052237569882155,0.015053510680058065,0.015053374785314553,0.02728048916788935,1.2731101759096142e-06,-4.948368616850271e-08,-0.00018963496223031685
4.0,-175.79443349406966,-5.686462571545348,5.945318734840709,0.8491301353532442,-0.015052990114337033,0.015053502234781115,0.015054387159659328,0.02727688458469027,5.121204440811794e-07,-5.1446268435620345e-08,-0.00019810983056667007
4.0,-175.7319337750596,-5.623962852535599,5.88559141944208,0.8491301358833577,-0.015053824619209243,0.015053473210583285,0.015055508711567052,0.027272786572078895,-3.51408625958588e-07,-5.260106398225812e-08,-0.000207153012369326
4.0,-175.6694340560495,-5.56146313352585,5.825923962877019,0.8491301360990557,-0.015054739173893408,0.015053420955889582,0.015056741530746758,0.027268149017451688,-1.318218003825214e-06,-4.82760817032042e-08,-0.00021684835862243677
4.0,-175.60693433703943,-5.4989634145161,5.766318532717724,0.8491301362274224,-0.015055744715014491,0.015053337712391951,0.015058103281697833,0.02726292174489971,-2.407002622540483e-06,-4.819716070180382e-08,-0.00022728568672093232
4.0,-175.54443461802936,-5.436463695506352,5.706777450625033,0.8491301363730642,-0.015056851499212454,0.015053220769921192,0.015059609966511945,0.027257049882356704,-3.6307292912620553e-06,-5.134991016203872e-08,-0.00023856630352760638
4.0,-175.48193489901928,-5.373963976497874,5.647303214423878,0.8491301366093315,-0.015058072153592462,0.01505306936613236,0.015061277094737908,0.02725047309592824,-5.002787460102812e-06,-4.5810874880186696e-08,-0.0002508072098340341
4.0,-175.4194351800092,-5.311464257492027,5.587898523347022,0.8491301370263062,-0.015059430180289527,0.01505287347676816,0.015063139712602563,0.027243124724912998,-6.556703521367474e-06,-5.0319295529959174e-08,-0.0002641447853665161
4.0,-175.35693546099913,-5.248964538489862,5.528566307241367,0.8491301377689947,-0.015060941205678234,0.01505262966624319,0.015065216304786987,0.027234930813841117,-8.311539435043938e-06,-5.011672755470308e-08,-0.0002787383373780909
4.0,-175.29443574198905,-5.186464819495061,5.469309760436898,0.8491301390858601,-0.015062630121637697,0.015052330154231134,0.015067541532688647,0.027225809040194636,-1.0299967406562915e-05,-5.185608020124068e-08,-0.0002947738784273383
4.0,-175.231936022979,-5.123965100514256,5.410132380960452,0.8491301414051527,-0.015064517655788132,0.01505196778476125,0.015070142636902926,0.027215667517720782,-1.2549871026881418e-05,-5.026998826104616e-08,-0.0003124681497641669
4.0,-175.16943630396892,-5.061465381559764,5.351038015790575,0.8491301454612072,-0.01506663616571002,0.015051532967883243,0.015073059578904618,0.027204403448575203,-1.510319782677648e-05,-4.958126060685493e-08,-0.0003320730659894002
4.0,-175.10693658495885,-4.998965662654652,5.292030912872183,0.8491301525043077,-0.01506901807543501,0.015051013834419898,0.015076330166705457,0.027191901593674787,-1.8004241015112665e-05,-4.8413841596181974e-08,-0.00035388043070629907
4.0,-175.04443686594877,-4.936465943841101,5.233115780623429,0.8491301646474557,-0.015071701480897629,0.015050401823092236,0.015080003201473095,0.02717803252276797,-2.129965780539242e-05,-4.567642662911411e-08,-0.00037822706602390365
4.0,-174.9819371469387,-4.8739662251960025,5.174297855667277,0.849130185435027,-0.015074737968194162,0.015049677773816123,0.015084130027544485,0.02716265058540587,-2.506019437803833e-05,-4.851522226344948e-08,-0.00040550009340363383
4.0,-174.9194374279286,-4.81146650685853,5.11558297949409,0.8491302207679129,-0.015078187708389717,0.015048827916110953,0.01508877368709458,0.027145591558423915,-2.9359792278763064e-05,-5.0098662244480564e-08,-0.00043614250827962925
4.0,-174.85693770891854,-4.748966789078518,5.056977684707704,0.849130280396575,-0.015082119566169495,0.0150478375663009,0.015093997380653883,0.027126669882096034,-3.428199986859476e-05,-5.0185330913690485e-08,-0.00047065866714995626
4.0,-174.7944379899085,-4.686467072300285,4.998489291414627,0.8491303803111795,-0.015086627974426526,0.01504668536769825,0.01509988478073122,0.027105675416649495,-3.99426067282764e-05,-4.4648935639992e-08,-0.0005096198477435175
4.0,-174.7319382708984,-4.623967357308146,4.9401260141825984,0.8491305465367495,-0.015091831641237004,0.01504534071801416,0.015106528260543532,0.027082369598505397,-4.649092322284512e-05,-4.937527549143524e-08,-0.0005536693970034428
4.0,-174.66943855188833,-4.561467645474863,4.881897079812131,0.8491308211098799,-0.015097866649405137,0.01504378476542397,0.015114030183186087,0.02705648090901074,-5.4081883981167006e-05,-5.095221354097596e-08,-0.000603527668007919
4.0,-174.60693883287826,-4.49896793918356,4.823812855932267,0.8491312714133252,-0.015104898992277427,0.01504198296552037,0.01512249337317335,0.02702769950734477,-6.291602675705804e-05,-4.8590195278744646e-08,-0.0006599962369345738
4.0,-174.54443911386818,-4.4364682425383455,4.765884990150109,0.8491320046330582,-0.015113139019523839,0.015039899985575747,0.015132044372030527,0.026995670927388464,-7.323903394809185e-05,-4.839581210170476e-08,-0.000723961754330702
4.0,-174.4819393948581,-4.3739685625471605,4.708126559159736,0.8491331899592763,-0.015122811916794047,0.01503749574355209,0.01514277689174614,0.026959988706419157,-8.531617324195745e-05,-4.464825227571652e-08,-0.0007963990854963945
4.0,-174.41943967584803,-4.3114689110801425,4.65055222686424,0.8491350923853205,-0.015134190610087568,0.015034730024601286,0.015154794404143369,0.02692018590823624,-9.946058548628185e-05,-3.967210999589732e-08,-0.0008783745155810281
4.0,-174.35693995683795,-4.248969308076241,4.593178410213855,0.849138123710472,-0.015147541488304198,0.015031542245781853,0.015168121557939472,0.026875725502801026,-0.00011599924252234453,-4.8713643340327195e-08,-0.0009710492483673155
4.0,-174.29444023782787,-4.186469786752133,4.536023451152732,0.8491429188063363,-0.015163159954468484,0.015027895481784325,0.01518272455202514,0.026825989794014255,-0.0001352644726841587,-5.014219962004353e-08,-0.0010756849020550172
4.0,-174.2319405188178,-4.123970401986844,4.479107792859775,0.8491504485929051,-0.015181216067855934,0.015023743094148506,0.015198363124323645,0.02677026919964119,-0.0001574729737074277,-4.6826838268907286e-08,-0.0011936524979470873
4.0,-174.16944079980772,-4.061471243697747,4.422454158442457,0.849162185754984,-0.01520190972236088,0.015019030321323958,0.015214666338466892,0.02670775109478198,-0.0001828794010369228,-4.963371270628761e-08,-0.001326448359424202
4.0,-174.10694108079764,-3.998972457989971,4.366087730499967,0.8491803453102924,-0.01522505774623003,0.015013748103525787,0.015230777148041401,0.026637509759837454,-0.00021130964270424206,-3.6667265892634424e-08,-0.0014757205591146433
4.0,-174.0444413617876,-3.9364742802890507,4.310036330624026,0.8492082299834882,-0.015250426649682637,0.015007867145067851,0.01524556375552655,0.026558499195435403,-0.00024255950461478555,-5.4783730642544466e-08,-0.0016433118042080699
4.0,-173.9819416427775,-3.8739770867779857,4.2543305990681315,0.8492507201296489,-0.015276963756631443,0.015001469147230575,0.015256955404688641,0.026469551065893923,-0.0002754946094008677,-3.0543703478599006e-08,-0.0018313248658757752
4.0,-173.91944192376744,-3.811481473514058,4.199004176570815,0.8493149596046234,-0.01530342909521593,0.014994613463099252,0.01526242210450436,0.026369381129289673,-0.0003088156321166772,-4.721870794932241e-08,-0.002042218425003412
4.0,-173.85694220475736,-3.7489883769754684,4.144093892675568,0.849411301994651,-0.015327171306407629,0.014987541451021331,0.015257950524823184,0.026256607923073626,-0.00033962985538629753,-4.4972806967906706e-08,-0.00227893955808759
4.0,-173.79444248574728,-3.6864992559850713,4.089639967712382,0.8495545946869042,-0.015345151646295125,0.014980576209439924,0.015238860196253305,0.026129788652498456,-0.00036457543685520025,-3.3234945298923484e-08,-0.0025450979224813765
4.0,-173.7319427667372,-3.6240163635647864,4.035686238523795,0.8497658890242173,-0.015352409460745595,0.014974196758995246,0.01519864100068264,0.025987476794862546,-0.00037821270175034984,-4.4756105229506645e-08,-0.0028451788635853862
4.0,-173.66944304772713,-3.561543149040759,3.982280420320002,0.8500746693376874,-0.015343575839530024,0.014969120207578292,0.015130204142908747,0.02582830626861676,-0.0003744556319517315,-4.7206546477451066e-08,-0.0031847839511838184
4.0,-173.60694332871708,-3.499084846437015,3.929474417610743,0.8505216865597611,-0.015311262290071986,0.014966285496377196,0.015024817360971974,0.02565110458618105,-0.00034497679369479076,-4.163925530916625e-08,-0.003570867510298624
4.0,-173.544443609707,-3.436649325571781,3.877324694409192,0.8511624564819548,-0.015248191147024092,0.014966862382044557,0.014873972371749708,0.02545503562293608,-0.0002813287649795354,-3.96619283800192e-08,-0.0040119175638992565
4.0,-173.48194389069693,-3.374248307616999,3.8258927059630077,0.8520714314367983,-0.01514623970584845,0.014972256969462097,0.014668927345291868,0.025239767489774766,-0.00017398273638635255,-3.6202876263296086e-08,-0.004517997567416147
4.0,-173.41944417168685,-3.3118990763967497,3.775245379266643,0.8533467717062998,-0.014998203185909434,0.014984025674606927,0.014402398833413634,0.025005656845233048,-1.4177511302506177e-05,-5.3203205065888925e-08,-0.005100541349760771
4.0,-173.35694445267677,-3.2496268472814775,3.7254556063454625,0.8551155285877858,-0.0147990091283934,0.015003782206493881,0.01406976172307389,0.024753934939213643,0.00020477307810048105,-3.8287570657979886e-08,-0.0057717722414100696
4.0,-173.2944447336667,-3.187467979557267,3.676602683061218,0.8575389120608051,-0.014544880473476659,0.015032957622216946,0.013668638925567347,0.02448687619473108,0.0004880771487402874,-3.863720191184705e-08,-0.006543623268885568
4.0,-173.23194501465662,-3.125474220110611,3.6287725897483103,0.8608171703035852,-0.014238430632961558,0.015072613489184003,0.01320286016530569,0.02420792818222221,0.0008341828562224447,-2.538551647655111e-08,-0.007426080071593745
4.0,-173.16944529564654,-3.0637181181689734,3.5820579743294814,0.8651934842008667,-0.013882354481491265,0.01512308408463,0.012677530584360103,0.02392177990091998,0.0012407296031387346,-2.961902180733385e-08,-0.00842495346634176
4.0,-173.10444558787606,-2.999851661324934,3.5347643743464676,0.8712201252879264,-0.013472906544278568,0.015186395703613959,0.012082774553559305,0.02362292374390236,0.0017134891593353907,-1.831873911008083e-08,-0.009586109720143957
4.0,-173.03944588010557,-2.9365031535663584,3.4889011756198993,0.8791227248140455,-0.013036290228795235,0.015258680126070671,0.011453731087366867,0.023330636815577583,0.002222389897275436,-1.3510780831476139e-08,-0.010859941537597012
4.0,-172.97444617233512,-2.873874970311094,3.444588949779607,0.8893265208002381,-0.01259352437775574,0.01533632768217105,0.010812492223328855,0.023053925788666777,0.002742803304415311,-1.936209127029097e-08,-0.012220506971704823
4.0,-172.90944646456464,-2.812226326433804,3.401948488244233,0.9022983546643033,-0.012167528459581387,0.015414307856293764,0.010182990562449845,0.022802474742277545,0.0032467793967123765,-3.7120295580707785e-08,-0.013626665570456368
4.0,-172.84194676803375,-2.7495845688908305,3.3595623601952305,0.919231750607886,-0.011768580603735977,0.015489195555390755,0.009568554933441786,0.022578656462773034,0.003720614951654778,-2.4910133633384075e-08,-0.015075505993504063
4.0,-172.77194708274249,-2.686543645033442,3.317771169744554,0.9411241607469223,-0.011430353470070221,0.015552784856716795,0.009004171045576187,0.022397827518249838,0.0041224313866465735,-2.0519974151451436e-08,-0.016486778227147704
4.0,-172.7019473974512,-2.6259528625604176,3.278295808243509,0.9680530818992019,-0.01119321875657266,0.015595158783959586,0.008541864484048103,0.022279412008890075,0.004401940027386926,-2.309879687591124e-08,-0.017717040025587466
4.0,-172.62444774587868,-2.5623200091966734,3.237393718170562,1.004464371022537,-0.011073500175273986,0.015611680949070394,0.008180141593001497,0.02223070075860161,0.004538180773796408,-4.772237465968317e-08,-0.01876702068761895
4.0,-172.5419481167854,-2.499173817124069,3.1971574800598885,1.0516202576972185,-0.011121400261442375,0.01559273830757358,0.007990619181912958,0.022280829341816688,0.004471338046131205,-2.772912296672261e-08,-0.019429413441967427
4.0,-172.4544485101713,-2.4378528174128524,3.1582094421599054,1.1118418524604237,-0.011361974648475038,0.015537048150348518,0.008018947248978784,0.022450110751196677,0.00417507350187348,-4.1712358237215546e-08,-0.019560510267997617
4.0,-172.3544489597552,-2.3750801194019386,3.118276683257456,1.1941843086503807,-0.01184045691746439,0.015445214922907135,0.008327277236417756,0.022780970157788367,0.003604758005442745,-8.55796661124993e-08,-0.019008240906195496
4.0,-172.23944947677666,-2.3121115911076853,3.078039737877584,1.3069629338136457,-0.012574244085049379,0.015333273851013192,0.008986920196908499,0.023314851160661808,0.002759029765963813,-5.8777385991043865e-08,-0.01761394270883439
4.0,-172.10695007247529,-2.250413499745471,3.0384586057578966,1.4600788847958448,-0.013522178160367045,0.01523642254543603,0.010024695142500633,0.024075072859671778,0.0017142443850689838,-1.0624681324066268e-07,-0.015387694725877317
4.0,-171.94445080304908,-2.1877592112104804,2.998288094175476,1.6783484133297102,-0.014607896390453052,0.015199019524104629,0.01144522500561574,0.02510961578128075,0.0005911231336515766,-8.781192541836393e-08,-0.012414133980666498
4.0,-171.74195171345644,-2.124891479904685,2.958304890375011,1.98855428708925,-0.015561407142129053,0.015262706172896726,0.013010630380032171,0.026380035235492344,-0.00029870096923232704,-1.5044971726305665e-07,-0.009136880982459307
4.0,-171.48695285989535,-2.062585195350809,2.919266250348466,2.421939339926853,-0.016043604042162356,0.015409561647802448,0.01425099523569928,0.02774579247119243,-0.0006340423943599089,-1.7284336158592786e-07,-0.006164114274087774
4.0,-171.15445435476175,-1.9998461967587782,2.8806415915153916,3.029972139247574,-0.01602393281779785,0.01556144576546157,0.014883544286775836,0.029043340152205208,-0.00046248705233628215,-1.5703710667494433e-07,-0.003852428661477534
4.0,-170.14695888431936,-1.875016588759204,2.805414751012293,4.976832270669509,-0.01570846513188092,0.015690613659344613,0.015078113567486288,0.030983253879970064,-1.7851472536307977e-05,-1.8448142216234823e-07,-0.0013304837280218107
4.0,-168.39446676327688,-1.7499964394783956,2.7312750582877947,8.34975153887193,-0.015683976214129335,0.01571377263009895,0.015052823545109097,0.03231102205034236,2.9796415969614992e-05,-1.5823677042971276e-07,-0.00043522935693811153
4.0,-165.4694799136054,-1.6249882616536364,2.6577750092249994,13.633172556100874,-0.015727276777570486,0.015740658947856482,0.015030023772955236,0.03348368986169783,1.3382170285996392e-05,-1.7341428874176568e-07,-0.00014988099440380823
4.0,-160.93950027975524,-1.5000143116045557,2.585004290791843,21.139472350735733,-0.015772249853807346,0.015777673133478536,0.015016586608877884,0.03464861467583371,5.423279671189912e-06,-1.4172986435547558e-07,-5.842226631205989e-05
4.0,-154.50452921047798,-1.3749945982402438,2.513379036282848,31.02545080406224,-0.01581791337439694,0.015820358776633247,0.015010115468265833,0.0358060554522076,2.445402236306987e-06,-1.7755346188083147e-07,-2.642896126922676e-05
4.0,-146.09206703172202,-1.2500146286987144,2.4436341501634535,42.899888720308276,-0.01586566053808417,0.01586678009276345,0.015006583233008273,0.03692089792834643,1.1195546792790168e-06,-1.933220015642679e-07,-1.3374566075337671e-05
4.0,-135.82211320398665,-1.125006018569139,2.3765540241867456,54.72803834771048,-0.015915431116643994,0.015915951170012873,0.01500268606552382,0.03792143193942258,5.20053368879142e-07,-1.2116784215960186e-07,-6.976890984351954e-06
4.0,-123.94216661455174,-0.9999953655531924,2.313057663577295,62.98446613069052,-0.015966669923610205,0.015966866448502638,0.014996897092642791,0.03872873587599096,1.9652489243252025e-07,-1.3852734741224609e-07,-3.5574277478730987e-06
4.0,-110.74222595962408,-0.8750086698749148,2.2540989860442613,65.93773792845965,-0.016018305112671515,0.01601846096461395,0.014989825372435902,0.03933097486674664,1.5585194243494804e-07,-1.085854327396609e-07,-1.93229479041393e-06
4.0,-96.49229002532716,-0.7499906658825329,2.2005965590560956,65.52490055736071,-0.016069080969191577,0.016069242227925037,0.014983108040372986,0.039798767885250434,1.612587334602622e-07,-1.2839675867166288e-07,-1.3999798301224387e-06
4.0,-81.4398576989409,-0.6250011051880997,2.153489853844152,64.64392644195388,-0.016117230839581453,0.016117425315199736,0.014977391493586071,0.04021124646867927,1.944756182828411e-07,-1.1459177096449435e-07,-1.3420119996995078e-06
4.0,-65.77992810377674,-0.49999581336197735,2.1136131340339395,64.59507339390287,-0.016160760077734464,0.016160885415559836,0.014972595157453961,0.04058834843255986,1.2533782537196836e-07,-1.5400730284809425e-07,-1.3710518152795087e-06
4.0,-49.67750049802123,-0.3749905176950947,2.081730853538309,65.22775819824268,-0.01619752557494914,0.016197646741261465,0.014968502926296996,0.04089389141037558,1.2116631232378383e-07,-1.2630206614382446e-07,-1.370223357156225e-06
4.0,-33.26507428597574,-0.24999183093190952,2.058476535966739,66.00544064165102,-0.01622549265049218,0.01622562250958263,0.014965264910960615,0.0410772087889041,1.298590904530439e-07,-1.1302892958680711e-07,-1.3519538332451564e-06
4.0,-16.647648995577242,-0.12499593316702537,2.04432570080656,66.73761792590717,-0.01624296350462709,0.016243158946938566,0.014962881478060587,0.04110475051050245,1.9544231147708424e-07,-6.449945387981569e-08,-1.3403791078361177e-06
4.0,-0.00022384005387721118,-1.6956321005301652e-06,2.0395751057921556,69.34321020100333,-0.01624859286694961,0.01624906223420651,0.014958285612156163,0.041036020813672434,4.693672569014429e-07,-1.5344736913406284e-07,-1.364012486961344e-06
4.0,15.834704968338514,0.12499843220427848,2.0443265383352656,85.20703861389893,-0.016243188525191427,0.016242968985193583,0.014965940689469374,0.04133979267937699,-2.1953999784427025e-07,-1.3954600709553062e-07,-1.7115553987648996e-06
4.0,28.199649377291564,0.24998546780182854,2.058482870179454,81.0537986556697,-0.01623550794773009,0.016225257858234046,0.015070079287640788,0.04095368188154179,-1.0250089496042364e-05,-4.7630790962774855e-08,-1.5385392282416324e-05
4.0,33.959623481259996,0.3749595640364659,2.0818761295342694,27.074486125974236,-0.016201215514785518,0.016158015451682863,0.01470490790943722,0.03687207269558345,-4.320006310265523e-05,-7.822502895528616e-08,-0.0003319158612653892
4.0,35.74961543370853,0.49998254507588685,2.1145303268519036,11.228197892377537,-0.015579233634318701,0.015876175503565418,0.012431857425021908,0.03196267742847532,0.0002969418692467165,-5.281495067963662e-08,-0.0018441762168259516
4.0,36.577111713401905,0.6250156567256536,2.154550253802696,7.986734261762148,-0.015107201036037528,0.016011567606871127,0.011828700769494434,0.02995009849424783,0.0009043665708335993,-1.5385041821050934e-07,-0.0017569466635964223
4.0,37.214608847304646,0.7500966739037448,2.201107108549454,7.796822641187312,-0.016062851421633807,0.01589567959840266,0.013146594959900244,0.030003708927133457,-0.00016717182323114713,-1.0795234434238152e-07,-0.0003346030257703617
4.0,37.84460601492623,0.8752073026594881,2.253671664992749,8.991981008333006,-0.015235624908106515,0.01572555668409463,0.011978922623535443,0.030045218942160605,0.0004899317759881148,-9.380486703731568e-08,0.0015143205210422462
4.0,38.64460241825515,1.0001044027604635,2.3119478526480184,13.494477563078988,-0.015828891577569355,0.015443728851400815,0.013025169039659133,0.03188714395552296,-0.0003851627261685399,-1.0728392849189138e-07,0.0024164176194539063
4.0,40.259595157475474,1.1249786291690198,2.3762047523667835,29.307134061498587,-0.015959164367512355,0.01582381342053717,0.014859676594928454,0.03520441178891778,-0.00013535094697518513,-1.1594382049613502e-07,0.0006716425763007416
4.0,44.494576117598115,1.249991680204491,2.4435917704385806,59.39112836994419,-0.015887265023195533,0.015864121690141227,0.015235266321975489,0.03681916704476321,-2.314333305430613e-05,-1.5344803686378986e-07,3.063017023180285e-05
4.0,51.15454617531162,1.3750057945463363,2.513378578806501,39.89679194464412,-0.015817283244449417,0.015820885975924452,0.014982356640297545,0.03513454417615691,3.6027314750351758e-06,-1.458851479365703e-07,-3.7440150201889684e-05
4.0,57.35201831235054,1.5000202054836198,2.585006152566621,21.90134009325574,-0.015769600821915804,0.01577839681293869,0.014972427634948089,0.0333107962223772,8.795991022884225e-06,-1.4721613031042792e-07,-6.408700709736263e-05
4.0,61.876997968679916,1.6249781788421458,2.657768943842011,13.668280827717304,-0.01572753257893642,0.015741092227129296,0.015023747949171336,0.03186527371403003,1.3559648192877638e-05,-1.446197898138964e-07,-0.00015064092372406128
4.0,64.8044848071118,1.749955813522063,2.7312511731185825,8.352008590728255,-0.01570321613177055,0.015709412216801968,0.015071492739068425,0.03033237332837061,6.196085031419385e-06,-1.7275157757903785e-07,-0.00043508703884527836
4.0,66.55697692815426,1.87490137511402,2.8053461047297827,4.979213347975878,-0.0158039251307967,0.015315961582492417,0.015088589744592202,0.027780752644141354,-0.00048796354830428317,-1.8415262732707742e-07,-0.001329071891231882
4.0,67.56697238735705,2.0000502964575357,2.880766245501674,3.027657486711599,-0.014140574475885206,0.012318724289391604,0.012496803118047631,0.02194774211184817,-0.0018218501864936017,-1.6440332568815303e-07,-0.0038586687763500645
4.0,67.89697090373028,2.06231087597167,2.9190959239973298,2.4241861248117096,-0.011889832915236565,0.009832355199454034,0.009441102421450381,0.018182754068099608,-0.0020574777157825307,-1.39899834889371e-07,-0.006152341307889544
4.0,68.1544697460518,2.125231808014495,2.9585199455133884,1.986567435792409,-0.009003675712210037,0.007383747317833515,0.0058620388263543495,0.014511765721761952,-0.0016199283943765215,-1.5036630361555036e-07,-0.009154373183867257
4.0,68.354468846884,2.1873165888891193,2.9980050999670294,1.6801753626559188,-0.00612690859098709,0.005422487024573602,0.0026942442978999783,0.011379529970397966,-0.0007044215664134884,-1.125119464876805e-07,-0.012391443986219192
4.0,68.51696811631024,2.249871252234848,3.03811048351904,1.4616630783661293,-0.003683532302355073,0.003983676350220238,0.00037154617537482615,0.008832005261433108,0.00030014404786516454,-1.0082403862395352e-07,-0.015364627903793983
4.0,68.65196750937196,2.312734963711542,3.078439036648642,1.3056579603679819,-0.0018482945426797437,0.0029851158464178663,-0.001074097729181176,0.006842465700573676,0.0011368213037381226,-7.82811566158564e-08,-0.01763215329814176
4.0,68.76446700359008,2.374330855419227,3.1177990836129523,1.195326385818369,-0.0005942263734601341,0.0023144909054333192,-0.0018404329644353219,0.00534554135355462,0.0017202645319731851,-6.280314230275363e-08,-0.018996826282030567
4.0,68.86446655400624,2.4370052830784252,3.1576710766493274,1.1127979656394555,0.0002583341919394739,0.0018397029148905307,-0.0021922749860618512,0.004175965074861677,0.0020980371068300046,-5.569340718254771e-08,-0.01955804380166814
4.0,68.95446614938072,2.500076347199319,3.1977311382267843,1.0508515861865582,0.0008023527137204836,0.0014997050182767378,-0.0022831949415665622,0.00327003408578393,0.0023020577319972212,-1.6944665076502255e-08,-0.019423328647602024
4.0,69.03696577847404,2.5632967878958186,3.238018299649571,1.0038298690002598,0.0011289838739609137,0.0012493967454371589,-0.002228561028467897,0.002566711176818029,0.0023783806193980726,-1.4026653712280655e-08,-0.018753422371769725
4.0,69.11196544128609,2.6248773486549,3.2776003030484566,0.9685929618760061,0.0012966201207935898,0.0010635892229630785,-0.002100411360144872,0.0020311978983263155,0.0023602093437566684,-2.4149148902784306e-08,-0.01773718518808687
4.0,69.18446511533779,2.687629633650827,3.3184844491190457,0.9406986381139094,0.001362314816984385,0.0009145151454795029,-0.0019366929505385284,0.0016024256947472695,0.002276829962463888,-2.8066349411846838e-08,-0.016463326856065816
4.0,69.25446480062908,2.7507090105794143,3.3603153160478936,0.9188889620993288,0.0013553799404710733,0.0007934884015311886,-0.001763362745728369,0.0012643678789757262,0.002148868342002262,-2.5637292834924076e-08,-0.015049678164769584
4.0,69.32196449715997,2.813379760971473,3.402737630894488,0.9020247007119824,0.0013000514165358145,0.0006939438164186195,-0.0015954824464998003,0.0010013355137282478,0.001993995232954434,-1.9796863214491898e-08,-0.013600004575073417
4.0,69.38696420493045,2.8750496701920065,3.445410768446483,0.8891096780855182,0.0012141949247333594,0.0006110600255452759,-0.0014394127839239324,0.0007989140914546881,0.0018252549502786354,-3.375080691474514e-08,-0.012194234396286082
4.0,69.45196391270093,2.9376936739214248,3.489753412459514,0.8789535551811736,0.001108172411147238,0.000538737715607784,-0.0012923023540779978,0.0006390256986731051,0.001646910126755022,-3.604494308787401e-08,-0.01083497371484497
4.0,69.51696362047142,3.001053669439097,3.5356447377261846,0.8710901816113135,0.0009897057590169682,0.00047534750970250274,-0.0011536922833795473,0.0005145943080854182,0.001465053268719471,-2.3983733586086987e-08,-0.009563076683762337
4.0,69.57946333948149,3.0624640389523488,3.5811192542911683,0.8652959174033744,0.0008741968320588269,0.00042165405296547,-0.0010306521924527239,0.0004222266000183922,0.001295850885024297,-3.715980168341712e-08,-0.008446504571644782
4.0,69.64196305849157,3.1242143701404683,3.627810154572698,0.8608944100156443,0.000759868003412217,0.00037425046727079944,-0.0009152857158910013,0.00035121174219402914,0.0011341184706830164,-1.7985185239819096e-08,-0.007445243754766391
4.0,69.706962766262,3.1886875523440272,3.67755272687415,0.85748380213553,0.0006511208140760336,0.0003308414164899592,-0.0008069982994552553,0.0002949996794152359,0.0009819622305659928,-3.347998262542626e-08,-0.006527424683220574
4.0,69.76946248527207,3.2508490866870563,3.726424858104377,0.8550750703984762,0.0005581618717962526,0.00029413266077530297,-0.0007136457349227283,0.00025382548439743,0.0008522945325715556,-5.115935318697748e-08,-0.005757655868474013
4.0,69.83196220428215,3.3131231357964657,3.776232217570161,0.8533174375853461,0.00047973384541712567,0.00026180851766955705,-0.000632325360304495,0.00022198170954028035,0.0007415423630866827,-3.7568098326984775e-08,-0.005088285165341911
4.0,69.89446192329223,3.3754735964823652,3.8268956386216115,0.8520504138341586,0.0004155312108959396,0.000233286910048496,-0.0005625589945750156,0.0001968921485586475,0.0006488181209444357,-4.2439787193941114e-08,-0.0045073598284770325
4.0,69.9569616423023,3.437875437026822,3.8783423509487718,0.8511475664585514,0.0003651508244784522,0.00020807825355110494,-0.0005041355921055931,0.00017658474418694265,0.0005732290780295572,-3.883265704570263e-08,-0.004002663435856122
4.0,70.01946136131238,3.500311503237728,3.9305055398305813,0.8505112498537614,0.00032665437202454345,0.00018570629769034685,-0.000455758916918318,0.00015960960745320103,0.0005123606697148903,-4.560561745486393e-08,-0.003562784943847903
4.0,70.08196108032246,3.5627701642063245,3.983323852567615,0.8500674278493348,0.00029756012036661174,0.000165778191394281,-0.0004157190318787546,0.0001449462803195974,0.00046333831176089275,-4.1950347657435915e-08,-0.0031776908550161295
4.0,70.14446079933253,3.6252436122066594,4.0367409186710335,0.8497609126917901,0.00027577779855735945,0.00014795053192660334,-0.00038252163112963573,0.00013191033339545212,0.0004237283304839628,-3.943670819457507e-08,-0.0028389243103017847
4.0,70.20696051834261,3.6877266554590826,4.090704919279569,0.8495512062045938,0.0002585504676930437,0.0001319301691127068,-0.00035404346726911865,0.0001200671044589207,0.0003904806368057505,-4.689353879671204e-08,-0.0025395595759136326
4.0,70.26946023735269,3.7502158730829787,4.145168218177788,0.8494090148858024,0.0002445668650156888,0.00011751222973163412,-0.00032928482618829605,0.0001091568776887155,0.0003620790947473229,-4.113941559668691e-08,-0.0022740193812045987
4.0,70.33195995636277,3.812709031022995,4.200087051942539,0.8493134288701074,0.00023188945446192327,0.00010449788951490404,-0.0003066273515373913,9.903542977824422e-05,0.00033638734397682733,-4.5556059408675904e-08,-0.0020378378323999582
4.0,70.39445967537284,3.8752046829832123,4.255421268924528,0.8492497039617601,0.00022002355782076518,9.275886268257291e-05,-0.00028564658558848175,8.96282037125004e-05,0.0003127824205033381,-3.910544957268009e-08,-0.0018274202312074984
4.0,70.45695939438292,3.937701900682843,4.311134104102321,0.8492075607427503,0.00020807364908842214,8.217314244495744e-05,-0.00026553367020162194,8.089883967982373e-05,0.0002902467915333796,-3.3932290575496137e-08,-0.0016398306259918492
4.0,70.519459113393,4.000200093381721,4.367191977457114,0.8491799079596476,0.000195971558390513,7.262775544210568e-05,-0.00024617221968786286,7.28275861498342e-05,0.00026859931383261865,-4.196671218782108e-08,-0.0014726184784874543
4.0,70.58195883240307,4.062698888313755,4.4235643058396,0.8491619021132117,0.0001836123570767972,6.405276963943637e-05,-0.00022742706293470214,6.539890075205328e-05,0.0002476651267162336,-3.6835710434676404e-08,-0.001323686932749916
4.0,70.64445855141315,4.125198052230056,4.4802233212223275,0.8491502660132436,0.00017105852555895877,5.6357685242241194e-05,-0.0002092630826570539,5.859472988109659e-05,0.00022741621080119996,-4.659491270218715e-08,-0.0011911976534016314
4.0,70.70695827042323,4.187697440400842,4.537143891046066,0.8491428021484738,0.0001587202554654226,4.9473493210570304e-05,-0.0001920307769428506,5.2391623898193586e-05,0.0002081937486759929,-5.0014335388621626e-08,-0.0010735058936711447
4.0,70.7694579894333,4.250196963769187,4.5943033387152745,0.8491380497186236,0.0001458219052721974,4.3335344579872534e-05,-0.0001748633994813309,4.676288190752605e-05,0.00018915724985206993,-5.110939575697883e-08,-0.0009691180074094602
4.0,70.83195770844338,4.31269656799035,4.6516812640401755,0.849135045796261,0.00013419519432030164,3.787082583281976e-05,-0.00015951854097402218,4.166743046589258e-05,0.0001720660201531214,-4.577893763004014e-08,-0.0008766652432439658
4.0,70.8944574274534,4.375196220176749,4.709259364574391,0.8491331608366228,0.00012223981004842515,3.302310550456042e-05,-0.00014432966499466988,3.7076950579895155e-05,0.00015526291555298556,-4.337123568766404e-08,-0.0007948880303570815
4.0,70.95695714646348,4.437695900589353,4.767021259440678,0.8491319865597518,0.00011139997819207184,2.8717367750855297e-05,-0.0001306697785687724,3.294602762996975e-05,0.00014011734594292712,-5.1264557785774754e-08,-0.0007226270691941764
4.0,71.01945686547356,4.500195597479445,4.824952317486766,0.8491312602777225,0.00010091611349433079,2.4919742945376006e-05,-0.00011773564336330035,2.9240241511732215e-05,0.00012583585643970678,-5.125923351748432e-08,-0.0006588179052651687
4.0,71.08195658448363,4.562695303911884,4.883039491584447,0.8491308142980017,9.122751148414523e-05,2.156784559084831e-05,-0.00010591283023132976,2.5918851996492066e-05,0.00011279535707499354,-4.260101429144449e-08,-0.0006024874322808385
4.0,71.14445630349371,4.6251950158259145,4.9412711606731285,0.8491305423995832,8.23252323179672e-05,1.8612455597394613e-05,-9.515149964730007e-05,2.294628109084109e-05,0.00010093768791536181,-5.1751909958236905e-08,-0.000552750706116281
4.0,71.20695602250379,4.687694730864025,4.999636980838623,0.8491303778164307,7.3926226787592e-05,1.601477203020108e-05,-8.513330340791293e-05,2.0288965547450488e-05,8.994099881779308e-05,-4.723305115473905e-08,-0.0005088077816577542
4.0,71.26945574151387,4.750194447668217,5.0581277463663445,0.8491302789029477,6.652109808415852e-05,1.3732893152288805e-05,-7.631424918630046e-05,1.7913406108498514e-05,8.025399123644733e-05,-5.4334850970186444e-08,-0.0004699398640091026
4.0,71.33195546052394,4.812694165462441,5.116735261356452,0.8491302198800365,5.9418274399424535e-05,1.173487492927716e-05,-6.797950814369994e-05,1.579333890010379e-05,7.11531493287017e-05,-4.735368032951413e-08,-0.00043550506783654756
4.0,71.39445517953402,4.875193883807647,5.175452222165805,0.8491301849109918,5.332804751397621e-05,9.983298368519652e-06,-6.0815402862427235e-05,1.3899109794014616e-05,6.331134588249585e-05,-5.005984626095585e-08,-0.00040493348355235105
4.0,71.4569548985441,4.937693602457052,5.234272110659958,0.8491301643403637,4.74341068307922e-05,8.451066576773687e-06,-5.398249403544862e-05,1.2210562265487275e-05,5.5885173407565885e-05,-4.884638632193162e-08,-0.0003777220108655012
4.0,71.51945461755417,5.000193321273031,5.2931890980277885,0.8491301523256267,4.2459232296859084e-05,7.113394562139449e-06,-4.818758871946507e-05,1.0702644794423797e-05,4.957262685899853e-05,-4.865659663575437e-08,-0.00035342880825254023
4.0,71.58195433656425,5.062693040179293,5.352197958729503,0.8491301453579814,3.764788245353989e-05,5.947770431565545e-06,-4.2661225934037894e-05,9.359732236479207e-06,4.3595652885105434e-05,-4.487989257739897e-08,-0.0003316677926289846
4.0,71.64445405557433,5.125192759134624,5.411293994015927,0.8491301413459462,3.3598581124571545e-05,4.928822962457103e-06,-3.7986112419492686e-05,8.161438491447972e-06,3.852740408702865e-05,-4.849441433185461e-08,-0.0003121030778435095
4.0,71.7069537745844,5.187692478115564,5.470472964365567,0.8491301390521641,2.9719284201655812e-05,4.044341307405072e-06,-3.355928893329551e-05,7.095307541451326e-06,3.3763625509060884e-05,-4.918351618541908e-08,-0.00029444369223477756
4.0,71.76945349359448,5.250192197110776,5.5297310301321225,0.8491301377500471,2.643372221438878e-05,3.274878534123633e-06,-2.9796636639182477e-05,6.145224761298738e-06,2.9708600748512413e-05,-4.8992573200984196e-08,-0.00027843846115472
4.0,71.83195321260456,5.3126919161127235,5.589064699670782,0.8491301370161083,2.333709937031258e-05,2.607403024345556e-06,-2.6282025629229387e-05,5.300896354507623e-06,2.5944502394658137e-05,-5.0928911439851716e-08,-0.0002638712984842678
4.0,71.89445293161464,5.3751916351194176,5.64847078421233,0.8491301366053531,2.067755507935907e-05,2.0312322206204132e-06,-2.3255713117390002e-05,4.549902366704011e-06,2.2708787299979483e-05,-4.945408067782354e-08,-0.0002505567904764831
4.0,71.95695265062471,5.437691354129168,5.707946358772682,0.8491301363770974,1.8229441763879307e-05,1.533298700797458e-06,-2.0487053331629357e-05,3.883445366873927e-06,1.9762740464676765e-05,-4.959794965451635e-08,-0.00023833623160036222
4.0,72.01945236963479,5.500191073138915,5.767488728418434,0.8491301362511539,1.607759948481177e-05,1.1027441522079404e-06,-1.8053812122675164e-05,3.2921519000974503e-06,1.718034363701971e-05,-5.05576259566811e-08,-0.00022707399349855122
4.0,72.08195208864481,5.562690792148608,5.8270953992509,0.849130136182154,1.4155620296956204e-05,7.349768516527157e-07,-1.588620431721144e-05,2.768366535446415e-06,1.489059714860892e-05,-4.826941129578473e-08,-0.00021665432787738555
4.0,72.14445180765489,5.625190511158356,5.886764053519716,0.8491301361446189,1.2418969221540938e-05,4.1713535135406635e-07,-1.3933380559894643e-05,2.3050923960406513e-06,1.2836104572895005e-05,-5.031871850333363e-08,-0.0002069785006574889
4.0,72.20695152666497,5.687690230168106,5.9464925283273145,0.8491301361243443,1.0914201020552063e-05,1.467851942206185e-07,-1.2240401177139866e-05,1.8956675518685595e-06,1.1060986214772681e-05,-4.9168801468684904e-08,-0.00019796230537308997
4.0,72.26945124567504,5.750189949177854,6.006278797439735,0.8491301361134704,9.517629897896914e-06,-8.510388945956901e-08,-1.0678302053976017e-05,1.5348633826983624e-06,9.432526008437345e-06,-5.108600758736652e-08,-0.0001895338684342004
4.0,72.33195096468512,5.812689668187604,6.066120955768806,0.8491301361076796,8.342953550056524e-06,-2.7808103889018416e-07,-9.357360480000564e-06,1.216957070184356e-06,8.06487251116634e-06,-4.9753456838467084e-08,-0.0001816317720540379
4.0,72.3944506836952,5.875189387197352,6.126017206141374,0.8491301361046175,7.226879109977477e-06,-4.439176672385193e-07,-8.11523035275623e-06,9.379857017547545e-07,6.782961442738957e-06,-4.8762701932806215e-08,-0.0001742034213240103
4.0,72.45695040270527,5.937689106207101,6.185965848017636,0.8491301361030098,6.3047426667628476e-06,-5.804020999831533e-07,-7.081007432219298e-06,6.931324827571653e-07,5.724340566779694e-06,-4.855690696574695e-08,-0.0001672036617393976
4.0,72.51945012171535,6.000188825216852,6.245965267863833,0.8491301361021716,5.420336749043915e-06,-6.956443730083031e-07,-6.097902124091774e-06,4.793138369289514e-07,4.724692376035612e-06,-4.99363923447864e-08,-0.00016059359027229567
4.0,72.76944899775566,6.2501877012558475,6.486441072248787,0.849130136101343,2.8906845157819655e-06,-9.785838407636833e-07,-3.2833094919459996e-06,-1.3149989513182424e-07,1.9121006750182822e-06,-4.971467109341861e-08,-0.0001374392718378485
4.0,73.01944787379597,6.500186577294843,6.72761815888222,0.8491301361012888,1.3579749470590664e-06,-1.0753226032258449e-06,-1.5823410802033769e-06,-4.648570807851154e-07,2.8265234383322153e-07,-4.974137053897483e-08,-0.00011847424458606175
4.0,73.26944674983628,6.750185453333838,6.969422103499319,0.8491301361012857,4.463168953308979e-07,-1.0724313382888197e-06,-5.721587003366658e-07,-6.286243245981515e-07,-6.261144429579217e-07,-4.933587320095372e-08,-0.00010271269414271972
4.0,73.51944562587653,7.000184329372779,7.211788968201931,0.8491301361012855,-8.033553714993537e-08,-1.0176869065238595e-06,1.1741506608827624e-08,-6.913475772863907e-07,-1.098022443673795e-06,-4.828760714125566e-08,-8.948761916083497e-05
4.0,73.76944450191684,7.2501832054117745,7.454663279537911,0.8491301361012854,-3.6839143132162316e-07,-9.392953808693186e-07,3.330140033553296e-07,-6.959282896677783e-07,-1.3076868121909418e-06,-4.6994021892347794e-08,-7.831295922831137e-05
4.0,74.01944337795715,7.50018208145077,7.697996591199887,0.8491301361012855,-5.126019396440418e-07,-8.547965794340945e-07,4.964337156196593e-07,-6.687469313587866e-07,-1.3673985190781363e-06,-4.756497600617036e-08,-6.881680412030027e-05
4.0,74.26944225399745,7.750180957489766,7.941746383770081,0.8491301361012855,-5.702263320707784e-07,-7.707801803693987e-07,5.637145104362666e-07,-6.257231987910577e-07,-1.341006512440177e-06,-4.637385063649561e-08,-6.070636837730276e-05
4.0,74.5194411300377,8.000179833528703,8.185875183768577,0.8491301361012855,-5.78540621983691e-07,-6.918714904434495e-07,5.779037360278691e-07,-5.762400748313323e-07,-1.2704121124271405e-06,-4.698372858031861e-08,-5.374737305190209e-05
4.0,74.76944000607801,8.25017870956958,8.430349840836495,0.8491301361012854,-5.592880939787955e-07,-6.192618450400127e-07,5.609312988540335e-07,-5.256591143439767e-07,-1.1785499390188082e-06,-4.560269814027808e-08,-4.77504433107728e-05
4.0,75.01943888211832,8.500177585610457,8.675140926730892,0.8491301361012855,-5.267646638389218e-07,-5.546507089055963e-07,5.297748408139713e-07,-4.768956452715764e-07,-1.081415372744518e-06,-4.594922214005118e-08,-4.2561392521881366e-05
4.0,75.26943775815863,8.750176461651332,8.920222231599102,0.8491301361012855,-4.880923099552846e-07,-4.969440949846804e-07,4.913909945698179e-07,-4.314094838943208e-07,-9.85036404939965e-07,-4.5279575813473554e-08,-3.805393239308918e-05
4.0,75.51943663419894,9.000175337692209,9.16557033936118,0.8491301361012855,-4.477535243291635e-07,-4.4552297320030807e-07,4.508211490676347e-07,-3.8980473477532163e-07,-8.932764975294716e-07,-4.443137037476089e-08,-3.412407087707953e-05
4.0,75.76943551023919,9.250174213732969,9.411164268063265,0.8491301361012855,-4.0867894657912454e-07,-4.003281329183423e-07,4.1125571384732385e-07,-3.521994516963314e-07,-8.090070794974669e-07,-4.3999269126342315e-08,-3.0685750761088505e-05
4.0,76.0194343862795,9.50017308977379,9.656985163963075,0.8491301361012855,-3.7209615373744014e-07,-3.606987127906415e-07,3.7448228046604395e-07,-3.1845008237288463e-07,-7.327948665280816e-07,-4.4025576290088956e-08,-2.7667421881524315e-05
4.0,76.26943326231981,9.75017196581455,9.903016040277482,0.8491301361012855,-3.3806281779413944e-07,-3.254391778091837e-07,3.398391420077131e-07,-2.8828293435369543e-07,-6.635019956033232e-07,-4.336757432308313e-08,-2.50093271675087e-05
4.0,76.51943213836012,10.000170841855368,10.149241553220705,0.8491301361012855,-3.0728615535830496e-07,-2.9442053904724555e-07,3.086148061050719e-07,-2.613710027139157e-07,-6.017066944055505e-07,-4.2960421861135345e-08,-2.2661345942302255e-05
4.0,76.76943101440042,10.250169717896132,10.395647809311063,0.8491301361012855,-2.792727881237892e-07,-2.6664407331024976e-07,2.80266283530428e-07,-2.3737741533242514e-07,-5.45916861434039e-07,-4.229532338746281e-08,-2.058126697269412e-05
4.0,77.01942989044068,10.500168593936893,10.642222199003433,0.8491301361012855,-2.542595018484752e-07,-2.4222300848875475e-07,2.5490920393547305e-07,-2.159788164012015e-07,-4.9648251033723e-07,-4.198075139845568e-08,-1.873340081300629e-05
4.0,77.26942876648098,10.750167469977653,10.888953252572028,0.8491301361012855,-2.314612726643823e-07,-2.2028589732481407e-07,2.3217066361174166e-07,-1.968763673169621e-07,-4.5174716998919637e-07,-4.122159043991199e-08,-1.7087458049815848e-05
4.0,77.5194276425213,11.000166346018473,11.135830514867486,0.8491301361012855,-2.1154492358388609e-07,-2.010713065660996e-07,2.1194232965795588e-07,-1.7980035459569116e-07,-4.126162301499857e-07,-4.0981734148314136e-08,-1.5617641527305626e-05
4.0,77.7694265185616,11.250165222059293,11.382844436143744,0.8491301361012855,-1.932498031921899e-07,-1.83619841621191e-07,1.9342707329187652e-07,-1.6451091590848804e-07,-3.768696448133809e-07,-4.0147314279323484e-08,-1.4301901378411256e-05
4.0,78.01942539460191,11.500164098100054,11.629986276611909,0.8491301361012855,-1.771407398565617e-07,-1.6825822025571417e-07,1.7712407236710454e-07,-1.5079652405724367e-07,-3.4539896011227585e-07,-4.0017436684963814e-08,-1.3121330425546286e-05
4.0,78.26942427064216,11.750162974140816,11.877248022759346,0.8491301361012855,-1.6250967888576362e-07,-1.5427071663759814e-07,1.6249216934487476e-07,-1.3847169746482443e-07,-3.1678039552336176e-07,-3.955643856362609e-08,-1.2059662940991458e-05
4.0,78.51942314668247,12.000161850181577,12.124622313784828,0.8491301361012855,-1.4949711406908032e-07,-1.418732081176445e-07,1.4930793149228567e-07,-1.2737418823200725e-07,-2.913703221867248e-07,-3.9028971433949285e-08,-1.1102863983209867e-05
4.0,78.76942202272278,12.250160726222395,12.37210237675713,0.8491301361012855,-1.376544081122905e-07,-1.3058826317798254e-07,1.3736603162796447e-07,-1.1736240019189151e-07,-2.6824267129027303e-07,-3.8437168655389343e-08,-1.0238786751750549e-05
4.0,79.01942089876309,12.500159602263155,12.61968196932009,0.8491301361012855,-1.2682847932252385e-07,-1.2030479077219827e-07,1.2663175338074763e-07,-1.0831273062010052e-07,-2.471332700947221e-07,-3.79915820131634e-08,-9.45688964617721e-06
4.0,79.2694197748034,12.750158478303977,12.867355328942386,0.8491301361012855,-1.1737676028246379e-07,-1.1131039949322922e-07,1.1692595581379084e-07,-1.0011723937209333e-07,-2.28687159775693e-07,-3.7642449694563465e-08,-8.747998662766516e-06
4.0,79.51941865084365,13.000157354344738,13.115117127860406,0.8491301361012855,-1.0855680677223954e-07,-1.02889570849066e-07,1.0812874589269115e-07,-9.268152510736403e-08,-2.1144637762130554e-07,-3.7149083848525354e-08,-8.104108478789037e-06
4.0,79.76941752688396,13.2501562303855,13.36296243298549,0.8491301361012855,-1.0024013986913355e-07,-9.498320978630515e-08,1.0002741728113207e-07,-8.59230165756174e-08,-1.952233496554387e-07,-3.615920582932138e-08,-7.518216969194188e-06
4.0,80.01941640292426,13.50015510642632,13.610886670151034,0.8491301361012855,-9.322901403737958e-08,-8.826028504629003e-08,9.293055302284614e-08,-7.976924259162851e-08,-1.8148929908366961e-07,-3.597814279745185e-08,-6.984184006724723e-06
4.0,80.26941527896457,13.75015398246708,13.858885592163718,0.8491301361012855,-8.659391637074643e-08,-8.195249502429721e-08,8.623372403749683e-08,-7.41565403525979e-08,-1.6854641139504363e-07,-3.5436456027255323e-08,-6.496612514380333e-06
4.0,80.51941415500482,14.000152858507843,14.10695525019597,0.8491301361012855,-8.066713823347229e-08,-7.633031155301634e-08,8.034805558858958e-08,-6.902894432648586e-08,-1.5699744978648862e-07,-3.5122188936560434e-08,-6.050747117768935e-06
4.0,80.76941303104513,14.250151734548664,14.355091968120837,0.8491301361012855,-7.493756970753046e-08,-7.087548377284285e-08,7.466554038113903e-08,-6.433700280382389e-08,-1.458130534803733e-07,-3.424706180891738e-08,-5.6423901445463805e-06
4.0,81.01941190708544,14.500150610589422,14.603292319442422,0.8491301361012855,-6.998537824389718e-08,-6.613609927171585e-08,6.971133969475357e-08,-6.00371521257649e-08,-1.3612147751561303e-07,-3.3896467682623556e-08,-5.267827421887301e-06
4.0,81.26941078312575,14.750149486630242,14.85155310652293,0.8491301361012855,-6.539906854181129e-08,-6.177904759918396e-08,6.520259118827235e-08,-5.60907091568932e-08,-1.2717811614099525e-07,-3.3423094013116257e-08,-4.923764675969028e-06
4.0,81.51940965916606,15.000148362671004,15.099871341843492,0.8491301361012855,-6.105810144579078e-08,-5.7658813257046055e-08,6.084750507901491e-08,-5.246336363284698e-08,-1.1871691470283683e-07,-3.28826018291369e-08,-4.607276990430021e-06
4.0,81.76940853520631,15.250147238711767,15.348244231071725,0.8491301361012855,-5.714358754885526e-08,-5.3931019590826495e-08,5.693411815317763e-08,-4.912469396315992e-08,-1.1107460713968175e-07,-3.233857630951119e-08,-4.31575984941581e-06
4.0,82.01940741124662,15.500146114752587,15.59666915773638,0.8491301361012855,-5.352462412925544e-08,-5.051167636741477e-08,5.332885784537853e-08,-4.6047537750440133e-08,-1.040363004966702e-07,-3.173807133024467e-08,-4.046891214837607e-06
4.0,82.26940628728693,15.750144990793347,15.845143669333716,0.8491301361012855,-5.0058745229936106e-08,-4.7203572507237144e-08,5.00297177259883e-08,-4.320774473802825e-08,-9.726231773717325e-08,-3.110794750123357e-08,-3.7985957776636886e-06
4.0,82.51940516332724,16.000143866834165,16.093665464713506,0.8491301361012855,-4.702637279516858e-08,-4.431831004793293e-08,4.7011033635598684e-08,-4.0583623712508846e-08,-9.134468284310151e-08,-3.0638338869893455e-08,-3.569017110126136e-06
4.0,82.76940403936754,16.250142742874388,16.34223238260878,0.8491301361012855,-4.4123813385526955e-08,-4.158842773315043e-08,4.416599373780289e-08,-3.815586528644995e-08,-8.571224111867738e-08,-3.003876345163596e-08,-3.356490486581493e-06
4.0,83.0194029154078,16.500141618914625,16.590842391190662,0.8491301361012855,-4.153215168096292e-08,-3.914994505560924e-08,4.1589244267607514e-08,-3.590704981316404e-08,-8.068209673657216e-08,-2.9615413505687425e-08,-3.1595215521105973e-06
4.0,83.2694017914481,16.750140494954973,16.839493578543355,0.8491301361012855,-3.903046308574238e-08,-3.682321667973711e-08,3.917412296731366e-08,-3.382161653152737e-08,-7.585367976547949e-08,-2.9008954403206474e-08,-2.976765331047353e-06
4.0,83.51940066748841,17.000139370995168,17.08818414396557,0.8491301361012855,-3.674102431782826e-08,-3.4653068594724194e-08,3.686115504404458e-08,-3.1885514750889926e-08,-7.139409291255245e-08,-2.8516016463531912e-08,-2.8070111756054223e-06
4.0,83.76939954352872,17.250138247035622,17.33691239001735,0.8491301361012855,-3.4576773123911e-08,-3.261766477586146e-08,3.479999293954625e-08,-3.008611094238492e-08,-6.719443789977246e-08,-2.790348599351857e-08,-2.649166592821257e-06
4.0,84.01939841956903,17.500137123075795,17.585676715237987,0.8491301361012855,-3.262312504756931e-08,-3.079726106021801e-08,3.2925697177962945e-08,-2.8411966532565532e-08,-6.342038610778732e-08,-2.7483628573308017e-08,-2.5022446320504676e-06
4.0,84.26939729560928,17.750135999116033,17.83447560747047,0.8491301361012855,-3.0710891422889555e-08,-2.899070738221964e-08,3.106346808954194e-08,-2.685278635261436e-08,-5.97015988051092e-08,-2.680725039047649e-08,-2.3653520090395362e-06
4.0,84.51939617164959,18.000134875156395,18.08330763773456,0.8491301361012855,-2.8969386559237883e-08,-2.7385594812538418e-08,2.9408507801917544e-08,-2.5399200225313238e-08,-5.63549813717763e-08,-2.6301835255936726e-08,-2.2376792524645073e-06
4.0,84.7693950476899,18.250133751196593,18.332171454595745,0.8491301361012855,-2.734077674024114e-08,-2.587934012049526e-08,2.7828494226344827e-08,-2.4042759514430378e-08,-5.32201168607364e-08,-2.5818853914096613e-08,-2.118493018202839e-06
4.0,85.0193939237302,18.500132627237022,18.581065778985764,0.8491301361012855,-2.587531227715125e-08,-2.4529009165975948e-08,2.642408839454215e-08,-2.2775767750567422e-08,-5.04043214431272e-08,-2.536750207451648e-08,-2.0071255496076174e-06
4.0,85.26939279977046,18.750131503277146,18.829989399430914,0.8491301361012855,-2.43734514997141e-08,-2.313676204986201e-08,2.4991561262482076e-08,-2.159123651188668e-08,-4.751021354957611e-08,-2.47188259384988e-08,-1.9029708192992448e-06
4.0,85.51939167581077,19.00013037931745,19.078941167653507,0.8491301361012855,-2.3083806101958422e-08,-2.1973401026163875e-08,2.3740613669824602e-08,-2.0482843619820394e-08,-4.50572071281223e-08,-2.4285150779556983e-08,-1.8054758324133825e-06
4.0,85.76939055185107,19.25012925535782,19.327919994510683,0.8491301361012855,-2.1747733237793755e-08,-2.0763690935537276e-08,2.2458183797992523e-08,-1.9444753521453653e-08,-4.251142417333103e-08,-2.3639258012236083e-08,-1.7141362248493489e-06
4.0,86.01938942789138,19.50012813139801,19.576924846242527,0.8491301361012855,-2.059272638276682e-08,-1.971833652129607e-08,2.1370035705760034e-08,-1.8471711337703617e-08,-4.031106290406289e-08,-2.3175542216181186e-08,-1.6284934773576558e-06
4.0,86.26938830393169,19.75012700743843,19.825954741001905,0.8491301361012855,-1.948313057948818e-08,-1.8703035560752964e-08,2.0345759149591063e-08,-1.755888125613361e-08,-3.818616614024114e-08,-2.2672341841428837e-08,-1.5481262227021726e-06
4.0,86.51938717997194,20.00012588347855,20.07500874564094,0.8491301361012855,-1.8442891373398702e-08,-1.7783570870179073e-08,1.933741666282624e-08,-1.6701830093177236e-08,-3.6226462243577775e-08,-2.220986207097372e-08,-1.472649672115825e-06
4.0,91.51936470077788,25.000103404285845,25.060043372141646,0.8491301361012855,-5.7286519184861874e-09,-7.021373751166066e-09,7.858492989303858e-09,-6.877888485771133e-09,-1.2750025669652254e-08,-1.2788328100594538e-08,-6.060463137090846e-07
4.0,96.51934222158383,30.00008092510154,30.050046176915686,0.8491301361012855,-4.942680070804315e-10,-3.307665580102496e-09,3.4450605032578937e-09,-3.3288814899078517e-09,-3.801933587182928e-09,-5.668168088519501e-09,-2.93018078163461e-07
4.0,101.51931974238977,35.00005844591007,35.04289371376923,0.8491301361012855,1.8329538607097224e-09,-1.8743186661082842e-09,1.3203406916439462e-09,-1.790163288262746e-09,-4.136480539856183e-11,-1.0900949041189903e-09,-1.5840852550182342e-07
4.0,106.51929726319571,40.0000359667139,40.037521323729564,0.8491301361012855,2.682502773675639e-09,-1.293264936960849e-09,2.48398983767242e-10,-1.0318823724876026e-09,1.38923783671479e-09,1.3841222089876059e-09,-9.294941645375206e-08
8.0,-211.61427245312336,-39.99889981537173,39.10129486621097,0.9536338587844886,3.2395963740599844e-06,-6.049772726239849e-07,-1.3838233626889417e-06,1.41687194437953e-08,2.6346191014359995e-06,1.8552359903825819e-06,1.4221293990305004e-09
8.0,-206.53179530322413,-35.000011201574104,34.270704265553334,0.9469154971846514,4.55154889776122e-06,-5.27843601864061e-07,-1.995981386670894e-06,1.903667932631035e-08,4.023705295897159e-06,2.0790164241849054e-06,2.308628226325604e-09
8.0,-201.40681834439803,-30.00056819452489,29.439558372548056,0.9379167151244028,5.986047999961477e-06,-3.340678991932824e-07,-2.5257179751456853e-06,1.9424811116945895e-08,5.651980100768195e-06,1.5084709912839777e-06,4.7985909924568366e-09
8.0,-196.2218416553223,-24.999918036132147,24.607219351581048,0.9252369737941496,6.941521471896685e-06,-3.3933439401140055e-08,-2.572424931865541e-06,-1.0606138933540978e-08,6.907588032495545e-06,-1.1459396156437913e-06,2.6592791279461122e-08
8.0,-190.94936535963245,-19.999685473202437,19.775245139206323,0.9060840967817747,6.004966980971508e-06,1.795957654769683e-07,-1.3730436157351896e-06,-5.294495968988433e-07,6.184562746448476e-06,-7.8433943973926e-06,4.51811118005636e-07
8.0,-190.6818665622693,-19.74896642399511,19.532961230924652,0.9048670429970542,5.856157214300856e-06,1.7586250098503558e-07,-1.2432404551214765e-06,-6.113444945742857e-07,6.032019715285891e-06,-8.31459449931754e-06,5.28537054299925e-07
8.0,-190.4168677536666,-19.50091751509527,19.293257401011907,0.9036326507339585,5.690637436861817e-06,1.6918901563785972e-07,-1.0997742489237502e-06,-7.021016199461925e-07,5.859826452499677e-06,-8.79342398073092e-06,6.178632693490101e-07
8.0,-190.14936895630348,-19.25086523894244,19.05161735061286,0.9023568002597101,5.5026710675629305e-06,1.5902152131542969e-07,-9.371147466581105e-07,-8.034085611238872e-07,5.661692588878361e-06,-9.288704585594245e-06,7.238998185436182e-07
8.0,-189.8818701589404,-19.00115794827196,18.81031040051599,0.9010501619619912,5.300627174531026e-06,1.448119375893927e-07,-7.632929165074143e-07,-9.137080447143594e-07,5.445439112120419e-06,-9.795733489548223e-06,8.487684514373594e-07
8.0,-189.61187137281684,-18.749473561744193,18.567092551436616,0.8996992442492664,5.080222486071476e-06,1.2606568239922968e-07,-5.740485095154759e-07,-1.032214270807868e-06,5.206288168470705e-06,-1.0318634400958143e-05,9.974064306400511e-07
8.0,-189.34437257545375,-18.500479526930945,18.326474204545352,0.8983282377268242,4.835399317803374e-06,1.0239666651478601e-07,-3.6230788887530493e-07,-1.1530060261472449e-06,4.93779598431816e-06,-1.0847586993491443e-05,1.1711962536170628e-06
8.0,-189.07437378933022,-18.249528304757373,18.08396411233819,0.8969107026016193,4.562495478971167e-06,7.27060042692789e-08,-1.2471913350245454e-07,-1.271871213956667e-06,4.635201483240446e-06,-1.1391701701103994e-05,1.3783812623875834e-06
8.0,-188.8043750032067,-17.99895502055958,17.84181879804997,0.8954585139597291,4.284134882856581e-06,3.6640458955105255e-08,1.1696545175577789e-07,-1.3770861120191192e-06,4.320775341811687e-06,-1.1945261351909601e-05,1.62348476408646e-06
8.0,-188.53687620584358,-17.751080523239395,17.602280995791116,0.8939848782058765,3.98164818111494e-06,-6.198773409039554e-09,3.8228549636783976e-07,-1.4513518475997234e-06,3.975449407705901e-06,-1.2502269815154143e-05,1.9107945792803e-06
8.0,-188.26437743095966,-17.49896608096048,17.358645262000024,0.8924473202087034,3.6463662255292102e-06,-5.8080584678796324e-08,6.79447898179054e-07,-1.4703310873637502e-06,3.588285640850414e-06,-1.307780771590875e-05,2.2577247704939666e-06
8.0,-187.99437864483613,-17.249561136548454,17.11762723199998,0.8908870891939383,3.333351543614941e-06,-1.1830243979696848e-07,9.551780338801731e-07,-1.3937775777351873e-06,3.2150491038179726e-06,-1.3654621856396263e-05,2.6659352248751477e-06
8.0,-187.7243798587126,-17.00055526300874,16.876994078752563,0.8892898057551002,3.0233898563069946e-06,-1.881380222375792e-07,1.2291014924245242e-06,-1.1641075580564676e-06,2.8352518340694154e-06,-1.423654820565719e-05,3.1509136363433085e-06
8.0,-187.45188108382868,-16.74965192161304,16.63452634671917,0.8876398783938939,2.7292795586258964e-06,-2.696596665500803e-07,1.4885709887689872e-06,-6.898984548297505e-07,2.459619892075816e-06,-1.4827786210724266e-05,3.7336947934666067e-06
8.0,-187.17938230894475,-16.499160968405203,16.392456066902426,0.885951844442554,2.5415414027538002e-06,-3.6362720454895464e-07,1.64406538946151e-06,1.5655902921988442e-07,2.1779141982048456e-06,-1.5420907606821613e-05,4.429153502426888e-06
8.0,-186.90688353406085,-16.249083304174512,16.150783924895705,0.8842258927151032,2.5030704786226764e-06,-4.7194347809706663e-07,1.6527184198267028e-06,1.563546949214152e-06,2.03112700052561e-06,-1.601311858697288e-05,5.260433232867833e-06
8.0,-186.63438475917692,-15.999417998437096,15.909508797921976,0.8824625484581341,2.713858346847747e-06,-5.986035454943929e-07,1.4135207420051501e-06,3.8035772926918333e-06,2.115254801353354e-06,-1.6601350065407068e-05,6.255817884706224e-06
8.0,-186.361885984293,-15.750161855651545,15.66862732701857,0.8806627582104215,3.36775991200095e-06,-7.503086652269869e-07,7.3077619479509e-07,7.267516303850588e-06,2.617451246773963e-06,-1.718134082391506e-05,7.449946841435704e-06
8.0,-186.08688722064866,-15.49902767260169,15.42592879751874,0.878811005762492,4.6885992577427594e-06,-9.415413536333195e-07,-6.242613799034384e-07,1.2569139347465671e-05,3.74705790410944e-06,-1.7751981817199102e-05,8.89972747420393e-06
8.0,-185.81438844576473,-15.250572010298432,15.18581631290203,0.8769431062963198,7.154944117179312e-06,-1.1911943184117839e-06,-3.13742644789917e-06,2.0395572064921164e-05,5.9637497987675285e-06,-1.829444409312135e-05,1.0631271609384201e-05
8.0,-185.53938968212043,-15.000222088976228,14.943870155759972,0.875027795209605,1.122146713315445e-05,-1.540382575238852e-06,-7.279054014331105e-06,3.1979935522314394e-05,9.681084557915599e-06,-1.8805809087476613e-05,1.2741216849657651e-05
8.0,-185.2643909184761,-14.750239709472515,14.702275565683848,0.8730861392647562,1.7535237816874535e-05,-2.044284780942527e-06,-1.3719132597883056e-05,4.872287705191438e-05,1.5490953035932008e-05,-1.926232839051255e-05,1.5294281024774008e-05
8.0,-184.98939215483176,-14.500598892978065,14.461006723207433,0.871123521676823,2.816773009154579e-05,-2.763381224519238e-06,-2.456803579943409e-05,7.247115437829982e-05,2.540434886702655e-05,-1.9635978554809792e-05,1.8385067775778057e-05
8.0,-184.71189340242705,-14.249000290711813,14.217840478989778,0.8691289353923598,4.289450599143374e-05,-3.7114979327221867e-06,-3.966880098644711e-05,0.00010573721598553736,3.9183008058711556e-05,-1.9885750875581947e-05,2.2162024609647825e-05
8.0,-184.43689463878272,-13.999933207654422,13.97711469681828,0.867147389130598,6.566048526168299e-05,-4.634093111293737e-06,-6.305585168409005e-05,0.00015011663642184672,6.102639215038925e-05,-1.9949262285581364e-05,2.668790284444945e-05
8.0,-184.16189587513838,-13.751074353194094,13.736582819044006,0.8651724031451067,9.965705786420946e-05,-4.499800614100646e-06,-9.808793213431141e-05,0.0002075248179930882,9.515725725010881e-05,-1.9754550449157146e-05,3.215495786205745e-05
8.0,-183.88439712273365,-13.500093939220909,13.493991332033442,0.8632006689784653,0.0001550157207111039,-1.215284903008799e-07,-0.00015521315962774404,0.00027939890970708536,0.00015489419222080303,-1.9233299260067912e-05,3.8881309181470366e-05
8.0,-183.60689837032893,-13.249166938351728,13.251439553589465,0.8612681880093352,0.0002642282808564582,1.6781219653942036e-05,-0.00026755036261505314,0.00036714670079307694,0.0002810095005104002,-1.8431892729175628e-05,4.73791071964169e-05
8.0,-183.3318996066846,-13.000444062402451,13.011000188431346,0.8594126383286701,0.0005129126103381094,6.532197386971959e-05,-0.0005221118954136481,0.00048509453734416026,0.000578234584207829,-1.7770979697876827e-05,5.8921657197692466e-05
8.0,-183.05440085427986,-12.74925700929986,12.768145461249802,0.8576230415601712,0.001087048811409599,0.00019441038018177777,-0.0011083912031716813,0.0007073544377349469,0.0012814591915913769,-1.8509870455821953e-05,7.68587669554592e-05
8.0,-182.77940209063553,-12.499918794546613,12.527018114448575,0.855952446553517,0.002158605027814054,0.0005317864076248637,-0.0022049110671189392,0.001254905178611955,0.002690391435438918,-2.306469297043064e-05,0.00010599653349776882
8.0,-182.50440332699122,-12.249821454954919,12.28506989853558,0.8543978834823712,0.0032561924727216984,0.0014283584735439291,-0.0033492409588773294,0.002623794333898995,0.0046845509462656275,-3.3607217481823585e-05,0.00015034253108161304
8.0,-182.2319045521073,-12.000702148068603,12.044001987122384,0.8529744324657683,0.0022611440505156235,0.003505144426181041,-0.002421829444524302,0.005439672034912242,0.005766288476696664,-4.7183394050358294e-05,0.00020409406890272713
8.0,-181.95940577722337,-11.74958653857889,11.801037511051558,0.8516631687922077,-0.003106235944352388,0.00705892909798169,0.0028831815172067577,0.009888274495599762,0.003952693153629302,-5.41668396693421e-05,0.00024984010387112636
8.0,-181.69190697986025,-11.500559728300562,11.560232095960858,0.8504869165437626,-0.01072775001751011,0.010919684937118347,0.010488279094703208,0.014967600815860058,0.0001919349196082363,-4.86806912718685e-05,0.0002693361555638362
8.0,-181.42440818249713,-11.24885168331722,11.316968549470479,0.8494381707230658,-0.01589789328959806,0.013582787281504857,0.015693874409974076,0.019385962855230313,-0.002315106008093204,-3.707335291527794e-05,0.00026163010463239634
8.0,-181.16190936265482,-10.99940556590805,11.075946910096746,0.8485609603883486,-0.01724426359491861,0.014731782704096625,0.01709476540854942,0.0223808562250437,-0.002512480890821985,-2.7644099611843613e-05,0.00023873723329033273
8.0,-180.90191053157292,-10.750227745496455,10.83518769181539,0.8478647662779404,-0.016777325785548587,0.015059616340919303,0.01667320726506837,0.024166557669190805,-0.0017177094446292843,-2.1884503107346442e-05,0.00021162198207129104
8.0,-180.641911700491,-10.499220296202598,10.592652029454802,0.847351096771984,-0.016090056990706474,0.015110838430595542,0.016015771116184244,0.025197256286590378,-0.000979218560110932,-1.8235706451335518e-05,0.000184507368367646
8.0,-180.3844128581695,-10.249062390737011,10.35092962837646,0.8470176642911539,-0.01564476846012157,0.01510201673087486,0.015588772046220684,0.025807739249786032,-0.0005427517292467092,-1.5544104965528164e-05,0.0001586288745410749
8.0,-180.1294140046084,-10.000017145577033,10.11027451159202,0.8468435576873412,-0.015405909895024682,0.015088728124288403,0.015361791321869418,0.026196405176682532,-0.00031718177073627833,-1.3351633654387726e-05,0.00013441297380872941
8.0,-179.8744151510473,-9.749861765041912,9.868536872736417,0.8468025094838154,-0.015278240586753918,0.015079114182021312,0.015242652890182751,0.026463767326619154,-0.00019912640473260593,-1.151438461760441e-05,0.00011219259673504854
8.0,-179.6194162974862,-9.498775084755012,9.625887822333508,0.8468695969655916,-0.015206095509661536,0.015072706537599382,0.015177074033920728,0.0266572469946742,-0.00013338897206215464,-9.986690158904112e-06,9.24591880923637e-05
8.0,-179.3669174326855,-9.249385646838569,9.384867004241581,0.8470180397054119,-0.015162664539404354,0.01506838440530506,0.015138847084257704,0.02680130315729772,-9.428013409929457e-05,-8.744115863162205e-06,7.55908367083828e-05
8.0,-179.1144185678848,-8.999365149928167,9.143224481798496,0.8472252491662814,-0.01513454382552732,0.01506531788666798,0.015114965975928863,0.026912740897013544,-6.922593885934011e-05,-7.728588068586544e-06,6.135299407573146e-05
8.0,-178.86191970308408,-8.748821994205574,8.901065530899604,0.847470720652659,-0.015115481466951668,0.015063056486880168,0.01509937873989731,0.02700069402748857,-5.242498007150022e-05,-6.899923052371758e-06,4.955247835424049e-05
8.0,-178.6119208270438,-8.500333215677239,8.660881780230039,0.8477337773897137,-0.015102231874274502,0.01506134021817176,0.015088955981919056,0.02707052447903098,-4.089165610274281e-05,-6.227399007845727e-06,3.999660768135089e-05
8.0,-178.3594219622431,-8.24900351437937,8.417942195433525,0.8480042269989505,-0.015092626539356597,0.015059961496351101,0.015081700026630054,0.02712766041741671,-3.2665043005496164e-05,-5.665787808757893e-06,3.219065267003516e-05
8.0,-178.1094230862028,-7.999871121411772,8.17711734464135,0.8482635804093915,-0.015085747947693531,0.015058830420543503,0.015076742702460285,0.027173722875717222,-2.6917527150028056e-05,-5.200193957507144e-06,2.5997510189799948e-05
8.0,-177.8594242101625,-7.750500662073554,7.936053559148559,0.8485032619506688,-0.015080880735772384,0.015057842715297125,0.01507347902854398,0.027211221290586028,-2.3038020475258172e-05,-4.804326054678165e-06,2.106846053592875e-05
8.0,-177.6094253341222,-7.500936224629165,7.6947936358970885,0.8487134324461122,-0.015077866449860785,0.015056916460667565,0.015071840802182544,0.027241380711562724,-2.0949989193219665e-05,-4.462032528567871e-06,1.7163369642562413e-05
8.0,-177.3594264580819,-7.25121639427285,7.453375059529359,0.8488853446578514,-0.015076401762082737,0.015055948436893897,0.015071636345240709,0.02726477980355006,-2.0453325188839536e-05,-4.161097205870543e-06,1.3718518754159258e-05
8.0,-177.10692759328123,-6.9988768450510985,7.2094192161537025,0.8490123786799698,-0.015072336819540916,0.015054936761837388,0.015068799811165639,0.027281548662041955,-1.7400057703528468e-05,-3.8427288370868e-06,6.199828426318334e-06
8.0,-176.85692871724092,-6.7489464701924256,6.9678234932236345,0.8490879518773573,-0.015064302526224743,0.015054214942306625,0.015061840716209123,0.027291773897423557,-1.008758391811762e-05,-3.4055707708552302e-06,-2.1203628129665197e-05
8.0,-176.6069298412006,-6.498958918672027,6.7263409298829275,0.8491204443838846,-0.01506135987408082,0.01505375390695284,0.015059908693182586,0.02729670667460052,-7.605967127979202e-06,-2.90327593937081e-06,-7.531970581284776e-05
8.0,-176.35693096516033,-6.24896004263306,6.485247158680806,0.8491289034958791,-0.01505510586189179,0.015053448986494255,0.015054598883498431,0.027296314368323343,-1.656875397534896e-06,-2.6280799946639556e-06,-0.00012620818034810453
8.0,-176.10693208912002,-5.998961166594063,6.244785565797229,0.8491300592562825,-0.015050028905805528,0.015053578404805682,0.015050269797167351,0.02729094194268109,3.549499000153958e-06,-2.5992816041978326e-06,-0.00015943261873418958
8.0,-176.04443237010994,-5.936461447584315,6.184787508600903,0.8491301021248506,-0.01505005806843936,0.015053640648144382,0.015050483337716292,0.027288855082306118,3.582579705022071e-06,-2.6087867605288448e-06,-0.0001666872673029388
8.0,-175.9819326510999,-5.873961728574595,6.1248400531543306,0.8491301218306686,-0.015050475165676017,0.01505369714087318,0.01505109580023529,0.027286436362197145,3.2219751971637733e-06,-2.619086266873689e-06,-0.00017403512604770297
8.0,-175.91943293208982,-5.8114620095648455,6.064944923304035,0.8491301304160044,-0.01505113268458705,0.015053741892528205,0.015051964908440284,0.027283653286549307,2.6092079411545177e-06,-2.62794012262965e-06,-0.00018164278801248025
8.0,-175.85693321307974,-5.748962290555097,6.005103875651271,0.8491301339611734,-0.015051947426788757,0.015053766381908938,0.015053010166669854,0.027280467823087084,1.8189551201815146e-06,-2.639899973227057e-06,-0.00018963496223031685
8.0,-175.79443349406966,-5.686462571545348,5.945318734840709,0.8491301353532442,-0.015052845729532546,0.015053768412382316,0.015054164949795144,0.02727683793743753,9.226828497702066e-07,-2.6548864419953696e-06,-0.00019810983056667007
8.0,-175.7319337750596,-5.623962852535599,5.88559141944208,0.8491301358833577,-0.015053800017901742,0.015053749528128152,0.01505540292614613,0.02727271836587074,-5.048977358944329e-08,-2.661622175932688e-06,-0.000207153012369326
8.0,-175.6694340560495,-5.56146313352585,5.825923962877019,0.8491301360990557,-0.01505481203789351,0.015053700359555234,0.015056732435795498,0.027268060694479537,-1.1116783382759954e-06,-2.67409287984666e-06,-0.00021684835862243677
8.0,-175.60693433703943,-5.4989634145161,5.766318532717724,0.8491301362274224,-0.015055888951563247,0.015053621458404807,0.015058163610076735,0.027262812942428268,-2.2674931584396735e-06,-2.683676196379048e-06,-0.00022728568672093232
8.0,-175.54443461802936,-5.436463695506352,5.706777450625033,0.8491301363730642,-0.015057053484601773,0.015053507395897186,0.015059727318256473,0.027256918843741724,-3.546088704587183e-06,-2.6951177828593244e-06,-0.00023856630352760638
8.0,-175.48193489901928,-5.373963976497874,5.647303214423878,0.8491301366093315,-0.015058316978621878,0.015053360959319445,0.01506144044543617,0.027250316954361614,-4.9560193024333205e-06,-2.6992348319102802e-06,-0.0002508072098340341
8.0,-175.4194351800092,-5.311464257492027,5.587898523347022,0.8491301370263062,-0.015059720350586817,0.01505316348138325,0.01506334764667824,0.02724293967154226,-6.556869203566337e-06,-2.712940499955225e-06,-0.0002641447853665161
8.0,-175.35693546099913,-5.248964538489862,5.528566307241367,0.8491301377689947,-0.015061266566959896,0.015052923662768839,0.01506546056299439,0.027234712170613753,-8.342904191056821e-06,-2.7131929405104093e-06,-0.0002787383373780909
8.0,-175.29443574198905,-5.186464819495061,5.469309760436898,0.8491301390858601,-0.015062999712793908,0.015052622525076808,0.015067830054867441,0.027225551269402005,-1.037718771709946e-05,-2.7201154284615975e-06,-0.0002947738784273383
8.0,-175.231936022979,-5.123965100514256,5.410132380960452,0.8491301414051527,-0.015064929963717916,0.015052258532950082,0.015070474318709629,0.027215364178998145,-1.267143076783342e-05,-2.7236056196084193e-06,-0.0003124681497641669
8.0,-175.16943630396892,-5.061465381559764,5.351038015790575,0.8491301454612072,-0.015067099191122174,0.015051822867267601,0.015073445379238343,0.027204047119424257,-1.5276323854573198e-05,-2.7242304612979442e-06,-0.0003320730659894002
8.0,-175.10693658495885,-4.998965662654652,5.292030912872183,0.8491301525043077,-0.015069535917731226,0.015051299523281013,0.015076772557488046,0.027191483745383896,-1.823639445021341e-05,-2.7254119878404745e-06,-0.00035388043070629907
8.0,-175.04443686594877,-4.936465943841101,5.233115780623429,0.8491301646474557,-0.0150722945832376,0.015050679931968325,0.015080521201057177,0.027177543347029123,-2.1614651269276017e-05,-2.7247442696633055e-06,-0.00037822706602390365
8.0,-174.9819371469387,-4.8739662251960025,5.174297855667277,0.849130185435027,-0.015075414028249358,0.015049949152494142,0.015084731097120056,0.02716207874249718,-2.5464875755215957e-05,-2.722928847754076e-06,-0.00040550009340363383
8.0,-174.9194374279286,-4.81146650685853,5.11558297949409,0.8491302207679129,-0.015078981405594003,0.015049090774418383,0.015089490539823227,0.02714492382129848,-2.989063117561988e-05,-2.716635807009514e-06,-0.00043614250827962925
8.0,-174.85693770891854,-4.748966789078518,5.056977684707704,0.849130280396575,-0.015083062342851311,0.015048085301924752,0.015094859303491356,0.027125890606910858,-3.497704092655929e-05,-2.7132343765316918e-06,-0.00047065866714995626
8.0,-174.7944379899085,-4.686467072300285,4.998489291414627,0.8491303803111795,-0.015087789278387246,0.015046915816631933,0.015100957307447677,0.02710476577182814,-4.0873461755313104e-05,-2.6984229645917526e-06,-0.0005096198477435175
8.0,-174.7319382708984,-4.623967357308146,4.9401260141825984,0.8491305465367495,-0.015093277937460401,0.015045549487707253,0.015107876490120612,0.027081306426859235,-4.772844975314827e-05,-2.690530094739432e-06,-0.0005536693970034428
8.0,-174.66943855188833,-4.561467645474863,4.881897079812131,0.8491308211098799,-0.015099741157485459,0.015043960236526729,0.01511578706846034,0.027055235079505923,-5.578092095872948e-05,-2.6775082978519764e-06,-0.000603527668007919
8.0,-174.60693883287826,-4.49896793918356,4.823812855932267,0.8491312714133252,-0.01510735216999445,0.015042110677568329,0.015124801506068984,0.02702623353021949,-6.524149242612132e-05,-2.6612954482891544e-06,-0.0006599962369345738
8.0,-174.54443911386818,-4.4364682425383455,4.765884990150109,0.8491320046330582,-0.015116438801801932,0.015039964590537774,0.015135158444289542,0.026993935586592847,-7.64742112641572e-05,-2.6462026112832855e-06,-0.000723961754330702
8.0,-174.4819393948581,-4.3739685625471605,4.708126559159736,0.8491331899592763,-0.015127245123609316,0.015037469916697658,0.015146974564085374,0.026957918350193014,-8.977520691165822e-05,-2.62821972343908e-06,-0.0007963990854963945
8.0,-174.41943967584803,-4.3114689110801425,4.65055222686424,0.8491350923853205,-0.015140242711473791,0.015034576278922733,0.01516053133409635,0.02691769203279711,-0.00010566643255105826,-2.6071390254624224e-06,-0.0008783745155810281
8.0,-174.35693995683795,-4.248969308076241,4.593178410213855,0.849138123710472,-0.015155692524518118,0.015031217820781317,0.015175870816140573,0.026872688164417194,-0.0001244747037368009,-2.5948155130902704e-06,-0.0009710492483673155
8.0,-174.29444023782787,-4.186469786752133,4.536023451152732,0.8491429188063363,-0.01517418800666281,0.015027338008040273,0.015193220565968751,0.026822246499600924,-0.00014684999862253807,-2.567867196107592e-06,-0.0010756849020550172
8.0,-174.2319405188178,-4.123970401986844,4.479107792859775,0.8491504485929051,-0.015195825874143169,0.015022850212208439,0.015212308728089277,0.02676560091125796,-0.0001729756619347298,-2.5550179932198817e-06,-0.0011936524979470873
8.0,-174.16944079980772,-4.061471243697747,4.422454158442457,0.849162185754984,-0.015221166961479463,0.015017706625287012,0.015233070326202906,0.026701865481219177,-0.0002034603361924514,-2.5283588201634557e-06,-0.001326448359424202
8.0,-174.10694108079764,-3.998972457989971,4.366087730499967,0.8491803453102924,-0.015249650933781547,0.015011837611780316,0.015254372595675296,0.02663002213112105,-0.00023781332200123115,-2.5131850203846578e-06,-0.0014757205591146433
8.0,-174.0444413617876,-3.9364742802890507,4.310036330624026,0.8492082299834882,-0.015281407311349787,0.015005212025639713,0.01527534559853184,0.026548912858626525,-0.00027619528571007357,-2.505976059246712e-06,-0.0016433118042080699
8.0,-173.9819416427775,-3.8739770867779857,4.2543305990681315,0.8492507201296489,-0.015314242241148194,0.014997871181487606,0.015293002854511312,0.026457239777843134,-0.0003163710596605883,-2.4812804055073865e-06,-0.0018313248658757752
8.0,-173.91944192376744,-3.811481473514058,4.199004176570815,0.8493149596046234,-0.0153470415702833,0.014989888276297596,0.01530479172135828,0.026353578934976647,-0.0003571532939857045,-2.4787620982801577e-06,-0.002042218425003412
8.0,-173.85694220475736,-3.7489883769754684,4.144093892675568,0.849411301994651,-0.01537462132571044,0.01498150547280025,0.015304576599947169,0.02623641320077031,-0.00039311585291018983,-2.4671200318320883e-06,-0.00227893955808759
8.0,-173.79444248574728,-3.6864992559850713,4.089639967712382,0.8495545946869042,-0.01539350040376563,0.014973102165211326,0.015287059625350853,0.026104192844000843,-0.0004203982385543037,-2.460809970157978e-06,-0.0025450979224813765
8.0,-173.7319427667372,-3.6240163635647864,4.035686238523795,0.8497658890242173,-0.015394374458343426,0.014965292445109026,0.015242025971994028,0.025955428878730796,-0.00042908201323440046,-2.4503760116953287e-06,-0.0028451788635853862
8.0,-173.66944304772713,-3.561543149040759,3.982280420320002,0.8500746693376874,-0.015370819621577285,0.014958979035512491,0.015161166343200883,0.025788826160360667,-0.00041184058606479404,-2.428858565871278e-06,-0.0031847839511838184
8.0,-173.60694332871708,-3.499084846437015,3.929474417610743,0.8505216865597611,-0.015310393755484665,0.014955345438390173,0.015031427412833554,0.025603453895038215,-0.00035504831709449146,-2.4204493295520887e-06,-0.003570867510298624
8.0,-173.544443609707,-3.436649325571781,3.877324694409192,0.8511624564819548,-0.015205137394738829,0.01495591557162593,0.01484343449562787,0.025398949101140482,-0.00024922182311289814,-2.3948307861286812e-06,-0.0040119175638992565
8.0,-173.48194389069693,-3.374248307616999,3.8258927059630077,0.8520714314367983,-0.01504501591434913,0.014962454608855749,0.014586822127624707,0.025175733339699656,-8.256130549338069e-05,-2.3500456033736727e-06,-0.004517997567416147
8.0,-173.41944417168685,-3.3118990763967497,3.775245379266643,0.8533467717062998,-0.014824632453780608,0.014976847206521319,0.014255852726008777,0.02493521779956963,0.00015221475274071125,-2.28633418717347e-06,-0.005100541349760771
8.0,-173.35694445267677,-3.2496268472814775,3.7254556063454625,0.8551155285877858,-0.014546480846340862,0.015000868406582706,0.013852227609052626,0.024679960430714198,0.00045438756024184304,-2.2172442498131207e-06,-0.0057717722414100696
8.0,-173.2944447336667,-3.187467979557267,3.676602683061218,0.8575389120608051,-0.014211839136251162,0.015035943492017144,0.013378219277494075,0.024413738053932127,0.0008241043557659818,-2.108863413883511e-06,-0.006543623268885568
8.0,-173.23194501465662,-3.125474220110611,3.6287725897483103,0.8608171703035852,-0.013843780169329554,0.015082774179356807,0.01285440169973924,0.02414150802194847,0.0012389940100272535,-1.9605131556394214e-06,-0.007426080071593745
8.0,-173.16944529564654,-3.0637181181689734,3.5820579743294814,0.8651934842008667,-0.013448913793206799,0.01514104417978809,0.012289637929998603,0.023869241694548186,0.0016921303865812913,-1.8354004730367915e-06,-0.00842495346634176
8.0,-173.10444558787606,-2.999851661324934,3.5347643743464676,0.8712201252879264,-0.013051309153407801,0.015212216926632756,0.011695843149801953,0.023593269226829888,0.0021609077732249547,-1.6570432120128567e-06,-0.009586109720143957
8.0,-173.03944588010557,-2.9365031535663584,3.4889011756198993,0.8791227248140455,-0.012677678889606244,0.015291173920369005,0.011108893639442162,0.023332515471031323,0.002613495030762761,-1.4585645308192373e-06,-0.010859941537597012
8.0,-172.97444617233512,-2.873874970311094,3.444588949779607,0.8893265208002381,-0.012356034887480487,0.015373676769860569,0.010556086572059222,0.023094978248002863,0.003017641882380082,-1.3066173547016228e-06,-0.012220506971704823
8.0,-172.90944646456464,-2.812226326433804,3.401948488244233,0.9022983546643033,-0.012101713661375697,0.015454799684679232,0.01005537872583477,0.022888231771395408,0.0033530860233035344,-1.1723231105541547e-06,-0.013626665570456368
8.0,-172.84194676803375,-2.7495845688908305,3.3595623601952305,0.919231750607886,-0.011914711582625664,0.015532022537898097,0.00960246752330556,0.022713392427173722,0.0036173109552724327,-1.0973366470410389e-06,-0.015075505993504063
8.0,-172.77194708274249,-2.686543645033442,3.317771169744554,0.9411241607469223,-0.011807092633230858,0.01559893027504393,0.009217519655773446,0.022581688276232588,0.0037918376418130725,-1.1130699911508274e-06,-0.016486778227147704
8.0,-172.7019473974512,-2.6259528625604176,3.278295808243509,0.9680530818992019,-0.011772494674586232,0.015647731507280962,0.008919294123583232,0.022505840878017866,0.00387523683269473,-1.2293191186340358e-06,-0.017717040025587466
8.0,-172.62444774587868,-2.5623200091966734,3.237393718170562,1.004464371022537,-0.011816812936135445,0.015677049699914767,0.008702879502975078,0.022491208009073563,0.0038602367637793223,-1.4989922983462588e-06,-0.01876702068761895
8.0,-172.5419481167854,-2.499173817124069,3.1971574800598885,1.0516202576972185,-0.011928428483375046,0.015678440951681975,0.008594645418026473,0.02255772154646288,0.0037500124683069284,-1.9563699669068353e-06,-0.019429413441967427
8.0,-172.4544485101713,-2.4378528174128524,3.1582094421599054,1.1118418524604237,-0.01209099497960256,0.015648344283681632,0.008605570734838558,0.022719525896476214,0.0035573493040790723,-2.674238332110379e-06,-0.019560510267997617
8.0,-172.3544489597552,-2.3750801194019386,3.118276683257456,1.1941843086503807,-0.01232890633670994,0.015581620970188968,0.008774271355637383,0.023013094797890488,0.003252714633479028,-3.5860964769560636e-06,-0.019008240906195496
8.0,-172.23944947677666,-2.3121115911076853,3.078039737877584,1.3069629338136457,-0.012685284356304814,0.015479116594660468,0.009170030287645518,0.02347851075859874,0.0027938322383556542,-4.793632841723948e-06,-0.01761394270883439
8.0,-172.10695007247529,-2.250413499745471,3.0384586057578966,1.4600788847958448,-0.013269019838907267,0.015359964927347088,0.009914049052515063,0.024151745598393004,0.0020909450884398217,-6.149236798740613e-06,-0.015387694725877317
8.0,-171.94445080304908,-2.1877592112104804,2.998288094175476,1.6783484133297102,-0.014204120651965593,0.015267136952941237,0.01117020596731743,0.025104657377631224,0.0010630163009756437,-7.625930094893082e-06,-0.012414133980666498
8.0,-171.74195171345644,-2.124891479904685,2.958304890375011,1.98855428708925,-0.015317949013482116,0.0152742322833319,0.012818688329020726,0.02633340605630062,-4.371673015021553e-05,-8.948411177162571e-06,-0.009136880982459307
8.0,-171.48695285989535,-2.062585195350809,2.919266250348466,2.421939339926853,-0.016013909983720594,0.015399311738933549,0.01421981370287127,0.027704690584787372,-0.0006145982447870457,-9.996397898819879e-06,-0.006164114274087774
8.0,-171.15445435476175,-1.9998461967587782,2.8806415915153916,3.029972139247574,-0.016050476727982748,0.015554922112873178,0.01490294591606494,0.029024479404090465,-0.0004955546151095697,-1.062693712212914e-05,-0.003852428661477534
8.0,-170.14695888431936,-1.875016588759204,2.805414751012293,4.976832270669509,-0.01571129949962946,0.015690218041242765,0.015080524948249158,0.030982398020493518,-2.108145838669584e-05,-1.0965105811128865e-05,-0.0013304837280218107
8.0,-168.39446676327688,-1.7499964394783956,2.7312750582877947,8.34975153887193,-0.0156843740961509,0.015713715681210418,0.015053171543169952,0.03231168207179294,2.9341585059516895e-05,-1.0671877636821915e-05,-0.00043522935693811153
8.0,-165.4694799136054,-1.6249882616536364,2.6577750092249994,13.633172556100874,-0.01572739650766043,0.015740652512607554,0.015030110562773653,0.033484453118553775,1.3256004947125727e-05,-1.0228499948231773e-05,-0.00014988099440380823
8.0,-160.93950027975524,-1.5000143116045557,2.585004290791843,21.139472350735733,-0.015772300163872537,0.015777659396560412,0.015016607517168205,0.034649442519461116,5.359232687875831e-06,-9.718382940083724e-06,-5.842226631205989e-05
8.0,-154.50452921047798,-1.3749945982402438,2.513379036282848,31.02545080406224,-0.015817942569638546,0.015820379372756765,0.015010100587975276,0.03580697357203087,2.436803118219255e-06,-9.237407435064617e-06,-2.642896126922676e-05
8.0,-146.09206703172202,-1.2500146286987144,2.4436341501634535,42.899888720308276,-0.015865664743940622,0.01586679457462135,0.01500654867411719,0.03692192560141039,1.1298306807280833e-06,-8.772691819123954e-06,-1.3374566075337671e-05
8.0,-135.82211320398665,-1.125006018569139,2.3765540241867456,54.72803834771048,-0.015915450863086752,0.015915971161801268,0.01500265438060342,0.03792258145702521,5.202987145153104e-07,-8.27806879972987e-06,-6.976890984351954e-06
8.0,-123.94216661455174,-0.9999953655531924,2.313057663577295,62.98446613069052,-0.015966699820065464,0.015966878658057553,0.0149968653580139,0.03873001449811754,1.7883799208889828e-07,-7.8922582499217e-06,-3.5574277478730987e-06
8.0,-110.74222595962408,-0.8750086698749148,2.2540989860442613,65.93773792845965,-0.01601833313004231,0.016018488722094,0.014989780758204192,0.03933238815467472,1.555920516906062e-07,-7.477183346521967e-06,-1.93229479041393e-06
8.0,-96.49229002532716,-0.7499906658825329,2.2005965590560956,65.52490055736071,-0.016069074674568775,0.016069302123033605,0.014983019139603393,0.03980032058354749,2.2744846482972148e-07,-7.101827263994809e-06,-1.3999798301224387e-06
8.0,-81.4398576989409,-0.6250011051880997,2.153489853844152,64.64392644195388,-0.016117242846845674,0.016117446119160873,0.014977328261505865,0.040212938893160445,2.0327231519887135e-07,-6.854392103837285e-06,-1.3420119996995078e-06
8.0,-65.77992810377674,-0.49999581336197735,2.1136131340339395,64.59507339390287,-0.016160754021004562,0.016160996692154803,0.014972470701283427,0.0405901729374162,2.426711502405421e-07,-6.561445994868875e-06,-1.3710518152795087e-06
8.0,-49.67750049802123,-0.3749905176950947,2.081730853538309,65.22775819824268,-0.016197509757911576,0.016197749073747398,0.014968376781873202,0.04089583111096613,2.393158358218739e-07,-6.350109638609215e-06,-1.370223357156225e-06
8.0,-33.26507428597574,-0.24999183093190952,2.058476535966739,66.00544064165102,-0.016225532433657975,0.01622566996990252,0.014965184396882871,0.041079238055824495,1.3753624454604374e-07,-6.293252881520974e-06,-1.3519538332451564e-06
8.0,-16.647648995577242,-0.12499593316702537,2.04432570080656,66.73761792590717,-0.016242997380393,0.016243222571288077,0.014962782822987075,0.04110683584202185,2.2519089507705425e-07,-6.139078961071465e-06,-1.3403791078361177e-06
8.0,-0.00022384005387721118,-1.6956321005301652e-06,2.0395751057921556,69.34321020100333,-0.016248576773201125,0.016249192294620306,0.0149581351777334,0.0410381145531996,6.155214191810865e-07,-6.110219909329855e-06,-1.364012486961344e-06
8.0,15.834704968338514,0.12499843220427848,2.0443265383352656,85.20703861389893,-0.01624323419685012,0.016243046427440615,0.014965839448408737,0.04134188756013577,-1.8776940950357424e-07,-6.19996845116379e-06,-1.7115553987648996e-06
8.0,28.199649377291564,0.24998546780182854,2.058482870179454,81.0537986556697,-0.016235697136616677,0.016225238767163832,0.015070076377608722,0.040955998455026,-1.0458369452844701e-05,-6.2773748422390905e-06,-1.5385392282416324e-05
8.0,33.959623481259996,0.3749595640364659,2.0818761295342694,27.074486125974236,-0.016207457836121406,0.016158060377686696,0.014710614507887375,0.03687565135592675,-4.939745843470997e-05,-6.304838934219176e-06,-0.0003319158612653892
8.0,35.74961543370853,0.49998254507588685,2.1145303268519036,11.228197892377537,-0.015568874668038142,0.015898646724292698,0.012439433753836993,0.03198802911719053,0.0003297720562545556,-6.430465561608577e-06,-0.0018441762168259516
8.0,36.577111713401905,0.6250156567256536,2.154550253802696,7.986734261762148,-0.015135919060761126,0.01601211718634857,0.011842151735973586,0.029980556212431737,0.0008761981255874449,-6.619044519375634e-06,-0.0017569466635964223
8.0,37.214608847304646,0.7500966739037448,2.201107108549454,7.796822641187312,-0.015967910578946476,0.01589337353724938,0.013069749075344746,0.029963037763604816,-7.453704169709668e-05,-7.071250793227557e-06,-0.0003346030257703617
8.0,37.84460601492623,0.8752073026594881,2.253671664992749,8.991981008333006,-0.015262639142743839,0.01571358481858564,0.011986652873904415,0.030077033316085498,0.0004509456758418004,-7.579231596949508e-06,0.0015143205210422462
8.0,38.64460241825515,1.0001044027604635,2.3119478526480184,13.494477563078988,-0.015805476064914226,0.015472904068453544,0.013025602986616586,0.03190632083709045,-0.0003325719964606816,-8.174254053268252e-06,0.0024164176194539063
8.0,40.259595157475474,1.1249786291690198,2.3762047523667835,29.307134061498587,-0.015969040691949016,0.015824326115189916,0.014869052867798906,0.035210418505693425,-0.00014471457675909946,-8.346907527924291e-06,0.0006716425763007416
8.0,44.494576117598115,1.249991680204491,2.4435917704385806,59.39112836994419,-0.015887560931554877,0.015864049620184114,0.01523534011280575,0.03682066616674549,-2.3511311370762872e-05,-8.769536620833734e-06,3.063017023180285e-05
8.0,51.15454617531162,1.3750057945463363,2.513378578806501,39.89679194464412,-0.015817335311152123,0.015820901298819003,0.014982389146634531,0.03513545404847489,3.56598766687935e-06,-9.229935085806071e-06,-3.7440150201889684e-05
8.0,57.35201831235054,1.5000202054836198,2.585006152566621,21.90134009325574,-0.015769609648441943,0.015778417030556463,0.014972441398207538,0.0333115471950713,8.807382114520146e-06,-9.70030033225627e-06,-6.408700709736263e-05
8.0,61.876997968679916,1.6249781788421458,2.657768943842011,13.668280827717304,-0.01572766295190022,0.01574105791492023,0.01502385413990516,0.03186600423321515,1.3394963020007394e-05,-1.023787939732229e-05,-0.00015064092372406128
8.0,64.8044848071118,1.749955813522063,2.7312511731185825,8.352008590728255,-0.015703809031980882,0.015709355067215037,0.015072015294515552,0.030332899926286946,5.546035234154506e-06,-1.0677847033243233e-05,-0.00043508703884527836
8.0,66.55697692815426,1.87490137511402,2.8053461047297827,4.979213347975878,-0.015814091917207045,0.015314107112311327,0.01509675487257077,0.027769267532182333,-0.000499984804895718,-1.0939002774621936e-05,-0.001329071891231882
8.0,67.56697238735705,2.0000502964575357,2.880766245501674,3.027657486711599,-0.0140974232556937,0.012319601938566332,0.01245222673224672,0.021878353638945892,-0.0017778213171273684,-1.0632184220203788e-05,-0.0038586687763500645
8.0,67.89697090373028,2.06231087597167,2.9190959239973298,2.4241861248117096,-0.011631356900322057,0.009870715354506784,0.009226506764076815,0.018093120876350694,-0.0017606415458152735,-1.0006521908129104e-05,-0.006152341307889544
8.0,68.1544697460518,2.125231808014495,2.9585199455133884,1.986567435792409,-0.008297371198037664,0.0075297772530530825,0.005331527141672019,0.014454481494154015,-0.0007675939449845815,-8.947293763149578e-06,-0.009154373183867257
8.0,68.354468846884,2.1873165888891193,2.9980050999670294,1.6801753626559188,-0.0050516777087871445,0.0057364189588608346,0.0019536310762866826,0.011435289601795299,0.00068474125007369,-7.631699916630667e-06,-0.012391443986219192
8.0,68.51696811631024,2.249871252234848,3.03811048351904,1.4616630783661293,-0.002656226737995923,0.004456812300225118,-0.00026678114539816986,0.009062673961783998,0.0018005855622291954,-6.160444081947569e-06,-0.015364627903793983
8.0,68.65196750937196,2.312734963711542,3.078439036648642,1.3056579603679819,-0.0012210665102823039,0.0035463232726012164,-0.0014075798587187714,0.007259905855923257,0.0023252567623189124,-4.7574593444408075e-06,-0.01763215329814176
8.0,68.76446700359008,2.374330855419227,3.1177990836129523,1.195326385818369,-0.0004648736149770044,0.0028845821181909563,-0.0018606172179237842,0.0059174610237854915,0.002419708503213952,-3.6046512338890924e-06,-0.018996826282030567
8.0,68.86446655400624,2.4370052830784252,3.1576710766493274,1.1127979656394555,-3.328481327599989e-05,0.002364107379304396,-0.0019920871204886573,0.0048585221360142525,0.002330822566028396,-2.68301125544783e-06,-0.01955804380166814
8.0,68.95446614938072,2.500076347199319,3.1977311382267843,1.0508515861865582,0.00023890518909058735,0.0019503030172418512,-0.0019754874661870618,0.004014845981161279,0.0021892082063324388,-1.970868575452492e-06,-0.019423328647602024
8.0,69.03696577847404,2.5632967878958186,3.238018299649571,1.0038298690002598,0.00046787170014224834,0.0016182751739355979,-0.001925051773125996,0.003330559235441966,0.0020861468740778462,-1.5067919647724633e-06,-0.018753422371769725
8.0,69.11196544128609,2.6248773486549,3.2776003030484566,0.9685929618760061,0.000662072086457571,0.0013564174070247374,-0.001866129249708937,0.002780059948448332,0.0020184894934823084,-1.2330405321919402e-06,-0.01773718518808687
8.0,69.18446511533779,2.687629633650827,3.3184844491190457,0.9406986381139094,0.0008458943251374771,0.0011383574146395432,-0.0018152839175518722,0.002310517945561506,0.0019842517397770203,-1.1047873815737825e-06,-0.016463326856065816
8.0,69.25446480062908,2.7507090105794143,3.3603153160478936,0.9188889620993288,0.001013213391776375,0.0009579568877125625,-0.0017747776823580693,0.0019136233130057187,0.0019711702794889376,-1.088576240171339e-06,-0.015049678164769584
8.0,69.32196449715997,2.813379760971473,3.402737630894488,0.9020247007119824,0.0011504860840388233,0.0008087202644063532,-0.0017364426466806868,0.0015816270112572102,0.0019592063484451766,-1.1968781878953237e-06,-0.013600004575073417
8.0,69.38696420493045,2.8750496701920065,3.445410768446483,0.8891096780855182,0.0012400529241252058,0.0006847383029539401,-0.0016853765681931411,0.0013071428163381983,0.0019247912270791458,-1.3164683786542223e-06,-0.012194234396286082
8.0,69.45196391270093,2.9376936739214248,3.489753412459514,0.8789535551811736,0.0012787598815031148,0.0005772396980336099,-0.0016118107729077113,0.001074795487420565,0.0018559995795367247,-1.4926736993572341e-06,-0.01083497371484497
8.0,69.51696362047142,3.001053669439097,3.5356447377261846,0.8710901816113135,0.0012517132651033254,0.000484034848152384,-0.001501286064392255,0.000881750931455766,0.0017357481132557093,-1.6551117037955107e-06,-0.009563076683762337
8.0,69.57946333948149,3.0624640389523488,3.5811192542911683,0.8652959174033744,0.0011801270826138797,0.0004064146324645681,-0.0013703185738345698,0.0007298867195669968,0.0015865417150784477,-1.8294030814193366e-06,-0.008446504571644782
8.0,69.64196305849157,3.1242143701404683,3.627810154572698,0.8608944100156443,0.0010550441067771503,0.0003395756427163096,-0.0012060348086503803,0.000607328173642238,0.0013946197494934599,-1.979896201422685e-06,-0.007445243754766391
8.0,69.706962766262,3.1886875523440272,3.67755272687415,0.85748380213553,0.0009033537033728356,0.00028066285569891417,-0.0010259230196898522,0.0005064979021017674,0.0011840165590717498,-2.1158843447784117e-06,-0.006527424683220574
8.0,69.76946248527207,3.2508490866870563,3.726424858104377,0.8550750703984762,0.0007438356525425674,0.00023341516927385017,-0.0008491704329146622,0.0004307198165366949,0.0009772508218164175,-2.2066410049531563e-06,-0.005757655868474013
8.0,69.83196220428215,3.3131231357964657,3.776232217570161,0.8533174375853461,0.0005919604339363592,0.00019444786811051047,-0.0006848780311490337,0.0003714906462672789,0.0007864083020468697,-2.2859558652128976e-06,-0.005088285165341911
8.0,69.89446192329223,3.3754735964823652,3.8268956386216115,0.8520504138341586,0.00045497510425567423,0.0001627261053237544,-0.0005388222340910135,0.00032503381344109304,0.0006177012095794287,-2.3548527450520545e-06,-0.0045073598284770325
8.0,69.9569616423023,3.437875437026822,3.8783423509487718,0.8511475664585514,0.0003417036921206287,0.00013714413132902078,-0.0004178060380915742,0.00028811192715934606,0.0004788478234496495,-2.39061454644096e-06,-0.004002663435856122
8.0,70.01946136131238,3.500311503237728,3.9305055398305813,0.8505112498537614,0.0002536053339142415,0.00011657783575292049,-0.00032250920573316316,0.0002581050542661058,0.000370183169667162,-2.4134661537417885e-06,-0.003562784943847903
8.0,70.08196108032246,3.5627701642063245,3.983323852567615,0.8500674278493348,0.0001884952845475445,0.00010000238494593431,-0.0002506074434816821,0.00023300751167346396,0.0002884976694934788,-2.428001256113243e-06,-0.0031776908550161295
8.0,70.14446079933253,3.6252436122066594,4.0367409186710335,0.8497609126917901,0.00014474317659208857,8.651326728969085e-05,-0.0002000674820456431,0.00021136609925777295,0.00023125644388177942,-2.4418910614005805e-06,-0.0028389243103017847
8.0,70.20696051834261,3.6877266554590826,4.090704919279569,0.8495512062045938,0.00011530072739626235,7.538319595360143e-05,-0.00016433964044305224,0.00019218583009137776,0.00019068392334986378,-2.457492157419466e-06,-0.0025395595759136326
8.0,70.26946023735269,3.7502158730829787,4.145168218177788,0.8494090148858024,9.865418449786734e-05,6.60609127716778e-05,-0.00014160141209343358,0.00017482286668962484,0.00016471509726954513,-2.4641656586917043e-06,-0.0022740193812045987
8.0,70.33195995636277,3.812709031022995,4.200087051942539,0.8493134288701074,8.814447895672364e-05,5.811326066811851e-05,-0.00012567724694058987,0.00015888627471395429,0.00014625773962484215,-2.4659104733228624e-06,-0.0020378378323999582
8.0,70.39445967537284,3.8752046829832123,4.255421268924528,0.8492497039617601,8.311003310324737e-05,5.123464591839737e-05,-0.00011563479946467337,0.00014415211857182002,0.00013434467902164474,-2.4788362560395676e-06,-0.0018274202312074984
8.0,70.45695939438292,3.937701900682843,4.311134104102321,0.8492075607427503,7.96079305472522e-05,4.521287715266502e-05,-0.00010780838115510154,0.00013050007755361352,0.00012482080769991722,-2.492919589770555e-06,-0.0016398306259918492
8.0,70.519459113393,4.000200093381721,4.367191977457114,0.8491799079596476,7.72857252276761e-05,3.9900197657595824e-05,-0.00010162146479451004,0.00011786560054476958,0.00011718592288527193,-2.5071697889773337e-06,-0.0014726184784874543
8.0,70.58195883240307,4.062698888313755,4.4235643058396,0.8491619021132117,7.491182564423168e-05,3.518587448012844e-05,-9.59617188558192e-05,0.00010621027470188513,0.00011009770012436013,-2.5238470016105193e-06,-0.001323686932749916
8.0,70.64445855141315,4.125198052230056,4.4802233212223275,0.8491502660132436,7.203299036777515e-05,3.1000870685502776e-05,-9.020378550892203e-05,9.550333159105653e-05,0.00010303386105327793,-2.5346189123348663e-06,-0.0011911976534016314
8.0,70.70695827042323,4.187697440400842,4.537143891046066,0.8491428021484738,6.987069894044562e-05,2.7270500171582105e-05,-8.56011628947119e-05,8.571172807716475e-05,9.714119911202773e-05,-2.5511970692218118e-06,-0.0010735058936711447
8.0,70.7694579894333,4.250196963769187,4.5943033387152745,0.8491380497186236,6.339878427751651e-05,2.3968517923383378e-05,-7.702151963132712e-05,7.680243351476529e-05,8.736730220089989e-05,-2.57736053564759e-06,-0.0009691180074094602
8.0,70.83195770844338,4.31269656799035,4.6516812640401755,0.849135045796261,6.161405029237225e-05,2.1018838168031516e-05,-7.343472842519369e-05,6.871190857420394e-05,8.263288846040376e-05,-2.5945996520110933e-06,-0.0008766652432439658
8.0,70.8944574274534,4.375196220176749,4.709259364574391,0.8491331608366228,5.542543454159233e-05,1.8433743865909968e-05,-6.570002863049289e-05,6.140995403680947e-05,7.38591784075023e-05,-2.617502186338349e-06,-0.0007948880303570815
8.0,70.95695714646348,4.437695900589353,4.767021259440678,0.8491319865597518,5.207873432745298e-05,1.6123188030530675e-05,-6.101815107907601e-05,5.4824922220397564e-05,6.820192235798366e-05,-2.63168015850453e-06,-0.0007226270691941764
8.0,71.01945686547356,4.500195597479445,4.824952317486766,0.8491312602777225,4.722805190720514e-05,1.4114730731004644e-05,-5.502998680426916e-05,4.891099806632192e-05,6.134278263820978e-05,-2.646927422169846e-06,-0.0006588179052651687
8.0,71.08195658448363,4.562695303911884,4.883039491584447,0.8491308142980017,4.3042110091481774e-05,1.231824962700376e-05,-4.985223613906571e-05,4.360492887855888e-05,5.5360359718485534e-05,-2.657508305802908e-06,-0.0006024874322808385
8.0,71.14445630349371,4.6251950158259145,4.9412711606731285,0.8491305423995832,3.95067298422786e-05,1.0765318484255498e-05,-4.5470955913438124e-05,3.885344262127839e-05,5.0272048326534095e-05,-2.6686581695811147e-06,-0.000552750706116281
8.0,71.20695602250379,4.687694730864025,4.999636980838623,0.8491303778164307,3.50838213226884e-05,9.377807877070988e-06,-4.030334385002199e-05,3.460533254690751e-05,4.4461629199759386e-05,-2.6841090091371103e-06,-0.0005088077816577542
8.0,71.26945574151387,4.750194447668217,5.0581277463663445,0.8491302789029477,3.2545107081096656e-05,8.184887909912534e-06,-3.712842353762255e-05,3.0806594812133e-05,4.072999499100919e-05,-2.6889789074466733e-06,-0.0004699398640091026
8.0,71.33195546052394,4.812694165462441,5.116735261356452,0.8491302198800365,2.832456585849066e-05,7.124025108521119e-06,-3.234705476426472e-05,2.7418018746115423e-05,3.544859096701178e-05,-2.6908640870669747e-06,-0.00043550506783654756
8.0,71.39445517953402,4.875193883807647,5.175452222165805,0.8491301849109918,2.6431575654421312e-05,6.204648947047084e-06,-2.997166022488396e-05,2.4389472917719013e-05,3.2636224601468396e-05,-2.6983986030850798e-06,-0.00040493348355235105
8.0,71.4569548985441,4.937693602457052,5.234272110659958,0.8491301643403637,2.2696149799361637e-05,5.392886291176414e-06,-2.5809840184274973e-05,2.1691503690617745e-05,2.808903609053805e-05,-2.70217565633678e-06,-0.0003777220108655012
8.0,71.51945461755417,5.000193321273031,5.2931890980277885,0.8491301523256267,2.1185362462654815e-05,4.688257166008628e-06,-2.3928652909877034e-05,1.9280582870817714e-05,2.5873619628663443e-05,-2.7046782644459277e-06,-0.00035342880825254023
8.0,71.58195433656425,5.062693040179293,5.352197958729503,0.8491301453579814,1.808751782586711e-05,4.072534573098987e-06,-2.050741477343588e-05,1.7134162526915983e-05,2.2160052398966098e-05,-2.7004853845621306e-06,-0.0003316677926289846
8.0,71.64445405557433,5.125192759134624,5.411293994015927,0.8491301413459462,1.680570627554933e-05,3.531280133460405e-06,-1.894260027389855e-05,1.5216441337464829e-05,2.0336986409009734e-05,-2.6970979860608395e-06,-0.0003121030778435095
8.0,71.7069537745844,5.187692478115564,5.470472964365567,0.8491301390521641,1.4365591800014147e-05,3.0631129517477078e-06,-1.6253098337979654e-05,1.3509396139536725e-05,1.7428704751761855e-05,-2.6933179296915302e-06,-0.00029444369223477756
8.0,71.76945349359448,5.250192197110776,5.5297310301321225,0.8491301377500471,1.321843250410006e-05,2.64540999107081e-06,-1.4888506659651324e-05,1.1984847213893374e-05,1.586384249517087e-05,-2.6912838954778817e-06,-0.00027843846115472
8.0,71.83195321260456,5.3126919161127235,5.589064699670782,0.8491301370161083,1.1386142567639066e-05,2.2896294556186414e-06,-1.2866372447564565e-05,1.062761040514553e-05,1.3675772023257707e-05,-2.6829061078366555e-06,-0.0002638712984842678
8.0,71.89445293161464,5.3751916351194176,5.64847078421233,0.8491301366053531,1.033420802296894e-05,1.9735788955338343e-06,-1.1644636146290619e-05,9.416376781574849e-06,1.2307786918502775e-05,-2.675238634796343e-06,-0.0002505567904764831
8.0,71.95695265062471,5.437691354129168,5.707946358772682,0.8491301363770974,9.02540645819535e-06,1.7023614715110265e-06,-1.0187533838608765e-05,8.337757159024831e-06,1.0727767929706377e-05,-2.6671798159932226e-06,-0.00023833623160036222
8.0,72.01945236963479,5.500191073138915,5.767488728418434,0.8491301362511539,8.046946187219067e-06,1.4607309189519125e-06,-9.077592222953032e-06,7.376214390545805e-06,9.50767710617098e-06,-2.6572592660518043e-06,-0.00022707399349855122
8.0,72.08195208864481,5.562690792148608,5.8270953992509,0.849130136182154,7.156240780864699e-06,1.2550067315886487e-06,-8.073860980022834e-06,6.519700413262991e-06,8.411247512453348e-06,-2.6450186374736183e-06,-0.00021665432787738555
8.0,72.14445180765489,5.625190511158356,5.886764053519716,0.8491301361446189,6.254588987312479e-06,1.071347983810106e-06,-7.069297107032535e-06,5.757167152077567e-06,7.325936971122585e-06,-2.6355652328059746e-06,-0.0002069785006574889
8.0,72.20695152666497,5.687690230168106,5.9464925283273145,0.8491301361243443,5.674446939199409e-06,9.161530382292138e-07,-6.400415192171896e-06,5.077834528646538e-06,6.590599977428623e-06,-2.61999049894599e-06,-0.00019796230537308997
8.0,72.26945124567504,5.750189949177854,6.006278797439735,0.8491301361134704,4.858344388694564e-06,7.754831040963239e-07,-5.504978961144252e-06,4.473910939696401e-06,5.633827492790888e-06,-2.610491077014477e-06,-0.0001895338684342004
8.0,72.33195096468512,5.812689668187604,6.066120955768806,0.8491301361076796,4.474496881049243e-06,6.55711601517064e-07,-5.052080033679206e-06,3.935961598982643e-06,5.130208482566307e-06,-2.5989903585970273e-06,-0.0001816317720540379
8.0,72.3944506836952,5.875189387197352,6.126017206141374,0.8491301361046175,3.7662879818407846e-06,5.538668777981074e-07,-4.281264429524957e-06,3.4584126193529187e-06,4.320154859638892e-06,-2.5822164525470016e-06,-0.0001742034213240103
8.0,72.45695040270527,5.937689106207101,6.185965848017636,0.8491301361030098,3.4927581992430675e-06,4.6258089199917177e-07,-3.954124523691322e-06,3.0332532201085112e-06,3.955339091242239e-06,-2.569929991674549e-06,-0.0001672036617393976
8.0,72.51945012171535,6.000188825216852,6.245965267863833,0.8491301361021716,2.9034398232963905e-06,3.855839356577118e-07,-3.316309113491348e-06,2.6563269151408614e-06,3.2890237589541023e-06,-2.5541449140197544e-06,-0.00016059359027229567
8.0,72.76944899775566,6.2501877012558475,6.486441072248787,0.849130136101343,1.688819233008974e-06,1.6595756004435486e-07,-1.957485569669266e-06,1.5273081889517891e-06,1.8547767930533288e-06,-2.498286779412173e-06,-0.0001374392718378485
8.0,73.01944787379597,6.500186577294843,6.72761815888222,0.8491301361012888,9.498390648783486e-07,4.696318070266845e-08,-1.128940333285257e-06,8.335098905257447e-07,9.96802245581017e-07,-2.441167199374761e-06,-0.00011847424458606175
8.0,73.26944674983628,6.750185453333838,6.969422103499319,0.8491301361012857,4.906918146035732e-07,-1.3024732517142473e-08,-6.1313474010761e-07,4.1300426714077224e-07,4.776670820864307e-07,-2.380972639469688e-06,-0.00010271269414271972
8.0,73.51944562587653,7.000184329372779,7.211788968201931,0.8491301361012855,2.0030845994702253e-07,-3.78309221150559e-08,-2.864606545198363e-07,1.6283450952788457e-07,1.6247753783196664e-07,-2.316243807337115e-06,-8.948761916083497e-05
8.0,73.76944450191684,7.2501832054117745,7.454663279537911,0.8491301361012854,2.3671097616127486e-08,-4.6849897721385955e-08,-8.641701961672018e-08,1.7888560554246984e-08,-2.317880010525847e-08,-2.2549544530852376e-06,-7.831295922831137e-05
8.0,74.01944337795715,7.50018208145077,7.697996591199887,0.8491301361012855,-7.28037482531087e-08,-4.475870797357142e-08,2.7562024366002778e-08,-6.269289599815041e-08,-1.1756245622668012e-07,-2.1925005752088278e-06,-6.881680412030027e-05
8.0,74.26944225399745,7.750180957489766,7.941746383770081,0.8491301361012855,-1.2053598907657342e-07,-3.899171096128474e-08,8.781280892278915e-08,-1.0438221698917448e-07,-1.5952770003785816e-07,-2.1304524643265313e-06,-6.070636837730276e-05
8.0,74.5194411300377,8.000179833528703,8.185875183768577,0.8491301361012855,-1.3932349830731117e-07,-3.054365382985832e-08,1.1722063399301495e-07,-1.2294288049446293e-07,-1.6986715213716949e-07,-2.0672012013431935e-06,-5.374737305190209e-05
8.0,74.76944000607801,8.25017870956958,8.430349840836495,0.8491301361012854,-1.4133772879584112e-07,-2.1129559252214085e-08,1.2803786403950944e-07,-1.2806769627767457e-07,-1.624672880480552e-07,-2.003239291353876e-06,-4.77504433107728e-05
8.0,75.01943888211832,8.500177585610457,8.675140926730892,0.8491301361012855,-1.3522424981280876e-07,-1.3314428242795827e-08,1.2958163099149956e-07,-1.2565982624961053e-07,-1.485386780556046e-07,-1.9403514171971125e-06,-4.2561392521881366e-05
8.0,75.26943775815863,8.750176461651332,8.920222231599102,0.8491301361012855,-1.2425361471542806e-07,-6.0425747713176116e-09,1.2622803938345978e-07,-1.192850543602381e-07,-1.3029618948674567e-07,-1.8775121183017148e-06,-3.805393239308918e-05
8.0,75.51943663419894,9.000175337692209,9.16557033936118,0.8491301361012855,-1.1079661415670667e-07,3.4694759647294115e-10,1.2008819713404994e-07,-1.1106032796442479e-07,-1.1044966656023372e-07,-1.8143382149583838e-06,-3.412407087707953e-05
8.0,75.76943551023919,9.250174213732969,9.411164268063265,0.8491301361012855,-9.514028200874176e-08,6.555035033666717e-09,1.1214856642732002e-07,-1.022149135605186e-07,-8.858524697507504e-08,-1.7508346204326577e-06,-3.0685750761088505e-05
8.0,76.0194343862795,9.50017308977379,9.656985163963075,0.8491301361012855,-7.912297211272793e-08,1.1948220277996054e-08,1.037796835927425e-07,-9.344022928526964e-08,-6.717475183473187e-08,-1.6871273595546674e-06,-2.7667421881524315e-05
8.0,76.26943326231981,9.75017196581455,9.903016040277482,0.8491301361012855,-6.360394212140335e-08,1.5895805331173e-08,9.55145312310338e-08,-8.510254624671567e-08,-4.7708136790230345e-08,-1.6242212555140196e-06,-2.50093271675087e-05
8.0,76.51943213836012,10.000170841855368,10.149241553220705,0.8491301361012855,-4.887247225725381e-08,1.869110153916965e-08,8.819873226539354e-08,-7.73758696878544e-08,-3.018137071808416e-08,-1.5630643539124079e-06,-2.2661345942302255e-05
8.0,76.76943101440042,10.250169717896132,10.395647809311063,0.8491301361012855,-3.361153397722466e-08,2.1879139033038078e-08,8.06964507590283e-08,-7.032268266477708e-08,-1.1732394944186583e-08,-1.5009044128019177e-06,-2.058126697269412e-05
8.0,77.01942989044068,10.500168593936893,10.642222199003433,0.8491301361012855,-1.9532869420918724e-08,2.397714040504923e-08,7.39906799919063e-08,-6.394273935094974e-08,4.444270984130507e-09,-1.4403478668857625e-06,-1.873340081300629e-05
8.0,77.26942876648098,10.750167469977653,10.888953252572028,0.8491301361012855,-5.3947828843065325e-09,2.6041882933667832e-08,6.779619169079334e-08,-5.8202598587790605e-08,2.06471000493613e-08,-1.379799776920654e-06,-1.7087458049815848e-05
8.0,77.5194276425213,11.000166346018473,11.135830514867486,0.8491301361012855,8.182728039864978e-09,2.7668349552793212e-08,6.190637340164897e-08,-5.3052743680655096e-08,3.585107759265819e-08,-1.3201686264313757e-06,-1.5617641527305626e-05
8.0,77.7694265185616,11.250165222059293,11.382844436143744,0.8491301361012855,2.0950847478640942e-08,2.8482684176128745e-08,5.6771204784609344e-08,-4.843812386786715e-08,4.943353165476969e-08,-1.2615316365167342e-06,-1.4301901378411256e-05
8.0,78.01942539460191,11.500164098100054,11.629986276611909,0.8491301361012855,3.355373089233106e-08,2.9372255651118387e-08,5.173052103823839e-08,-4.4303397993275284e-08,6.292598654344945e-08,-1.20383881147633e-06,-1.3121330425546286e-05
8.0,78.26942427064216,11.750162974140816,11.877248022759346,0.8491301361012855,4.5653113752545474e-08,2.9814955465469435e-08,4.7051288753543646e-08,-4.059611574826252e-08,7.546806921801491e-08,-1.1470166549709863e-06,-1.2059662940991458e-05
8.0,78.51942314668247,12.000161850181577,12.124622313784828,0.8491301361012855,5.7479640868703994e-08,3.0127045609433105e-08,4.266473978293174e-08,-3.726804074005528e-08,8.76066864781371e-08,-1.0912096253472087e-06,-1.1102863983209867e-05
8.0,78.76942202272278,12.250160726222395,12.37210237675713,0.8491301361012855,6.89562316261808e-08,3.0368210607021336e-08,3.847267415098649e-08,-3.427576680561855e-08,9.932444223320213e-08,-1.0366089186046656e-06,-1.0238786751750549e-05
8.0,79.01942089876309,12.500159602263155,12.61968196932009,0.8491301361012855,8.000554884228055e-08,3.02301313677803e-08,3.452399837666567e-08,-3.158057649583402e-08,1.1023568021006085e-07,-9.83176123364286e-07,-9.45688964617721e-06
8.0,79.2694197748034,12.750158478303977,12.867355328942386,0.8491301361012855,9.077263436511068e-08,3.008341487585336e-08,3.062846057960313e-08,-2.9148281108297746e-08,1.2085604924096404e-07,-9.308528350616478e-07,-8.747998662766516e-06
8.0,79.51941865084365,13.000157354344738,13.115117127860406,0.8491301361012855,1.0124040387785659e-07,2.983245914302175e-08,2.6878011777128666e-08,-2.6948800635439724e-08,1.3107286302087833e-07,-8.795757825028058e-07,-8.104108478789037e-06
8.0,79.76941752688396,13.2501562303855,13.36296243298549,0.8491301361012855,1.1140944019641323e-07,2.9464352577153597e-08,2.317268636636829e-08,-2.4955724167958037e-08,1.4087379277356682e-07,-8.29617682532208e-07,-7.518216969194188e-06
8.0,80.01941640292426,13.50015510642632,13.610886670151034,0.8491301361012855,1.2099783853619153e-07,2.8757072070091732e-08,1.971459225242301e-08,-2.3145894696118067e-08,1.4975491060628326e-07,-7.814359922280439e-07,-6.984184006724723e-06
8.0,80.26941527896457,13.75015398246708,13.858885592163718,0.8491301361012855,1.305246139657735e-07,2.834276007237209e-08,1.6108657247586144e-08,-2.1498998505061122e-08,1.588673740381456e-07,-7.339767715103733e-07,-6.496612514380333e-06
8.0,80.51941415500482,14.000152858507843,14.10695525019597,0.8491301361012855,1.3946325051378095e-07,2.7534015013186597e-08,1.2667302746200955e-08,-1.9997307963507646e-08,1.6699726552696755e-07,-6.883012317748799e-07,-6.050747117768935e-06
8.0,80.76941303104513,14.250151734548664,14.355091968120837,0.8491301361012855,1.4806735768883639e-07,2.6691363134563258e-08,9.231593184316903e-09,-1.8625200006750383e-08,1.7475872082339964e-07,-6.439658335495007e-07,-5.6423901445463805e-06
8.0,81.01941190708544,14.500150610589422,14.603292319442422,0.8491301361012855,1.563092221234507e-07,2.5828057500874146e-08,6.003680263084022e-09,-1.7368929062843898e-08,1.8213727962432484e-07,-6.009880752743202e-07,-5.267827421887301e-06
8.0,81.26941078312575,14.750149486630242,14.85155310652293,0.8491301361012855,1.641834734434401e-07,2.4852057498918934e-08,2.6955871318497546e-09,-1.621653420470888e-08,1.8903553094235903e-07,-5.595426212978354e-07,-4.923764675969028e-06
8.0,81.51940965916606,15.000148362671004,15.099871341843492,0.8491301361012855,1.7166083927086156e-07,2.3815671536555857e-08,-4.955149917949714e-10,-1.5157306621770126e-08,1.9547651080741742e-07,-5.194795576829203e-07,-4.607276990430021e-06
8.0,81.76940853520631,15.250147238711767,15.348244231071725,0.8491301361012855,1.787031272351932e-07,2.264472961662172e-08,-3.5799397073538526e-09,-1.4181918255627563e-08,2.0134785685181492e-07,-4.810161105841261e-07,-4.31575984941581e-06
8.0,82.01940741124662,15.500146114752587,15.59666915773638,0.8491301361012855,1.8560000153225758e-07,2.1724700279686853e-08,-6.8510430878689316e-09,-1.3282035755534642e-08,2.0732470181194443e-07,-4.433752873774439e-07,-4.046891214837607e-06
8.0,82.26940628728693,15.750144990793347,15.845143669333716,0.8491301361012855,1.919210051590123e-07,2.0538904086038793e-08,-9.925635677755985e-09,-1.245042710604643e-08,2.124599092450511e-07,-4.0758822142963016e-07,-3.7985957776636886e-06
8.0,82.51940516332724,16.000143866834165,16.093665464713506,0.8491301361012855,1.977923554924272e-07,1.9284398352816662e-08,-1.2825067127460766e-08,-1.1680521473649991e-08,2.1707675384524386e-07,-3.733842723098468e-07,-3.569017110126136e-06
8.0,82.76940403936754,16.250142742874388,16.34223238260878,0.8491301361012855,2.0334434711617805e-07,1.805430198231768e-08,-1.5814462407135776e-08,-1.0966577392854883e-08,2.2139864909849572e-07,-3.4035964843243775e-07,-3.356490486581493e-06
8.0,83.0194029154078,16.500141618914625,16.590842391190662,0.8491301361012855,2.0849963636968133e-07,1.6853813603037546e-08,-1.8695494462767228e-08,-1.0303423692803238e-08,2.2535344997271888e-07,-3.08660244555505e-07,-3.1595215521105973e-06
8.0,83.2694017914481,16.750140494954973,16.839493578543355,0.8491301361012855,2.131897083597373e-07,1.5487341357691457e-08,-2.1486596848681276e-08,-9.686541815159523e-09,2.2867704971742875e-07,-2.786000553341112e-07,-2.976765331047353e-06
8.0,83.51940066748841,17.000139370995168,17.08818414396557,0.8491301361012855,2.175806207495846e-07,1.4212798919103862e-08,-2.4251419591137922e-08,-9.111847825640346e-09,2.3179341966868847e-07,-2.496371878868547e-07,-2.8070111756054223e-06
8.0,83.76939954352872,17.250138247035622,17.33691239001735,0.8491301361012855,2.2154031240686617e-07,1.290042768199586e-08,-2.6869052476342402e-08,-8.575676175609332e-09,2.3444074008886203e-07,-2.2209468562856044e-07,-2.649166592821257e-06
8.0,84.01939841956903,17.500137123075795,17.585676715237987,0.8491301361012855,2.2511094753184794e-07,1.154564515192351e-08,-2.942168219048476e-08,-8.074780232290667e-09,2.3665659268377145e-07,-1.9587063586198027e-07,-2.5022446320504676e-06
8.0,84.26939729560928,17.750135999116033,17.83447560747047,0.8491301361012855,2.2829961350511558e-07,1.0207511199380499e-08,-3.1932082991959415e-08,-7.606202290812576e-09,2.385071247044961e-07,-1.708647177390165e-07,-2.3653520090395362e-06
8.0,84.51939617164959,18.000134875156395,18.08330763773456,0.8491301361012855,2.3114067758536188e-07,8.834381800083305e-09,-3.429164891674399e-08,-7.167385168312535e-09,2.399750593854452e-07,-1.4712813659767988e-07,-2.2376792524645073e-06
8.0,84.7693950476899,18.250133751196593,18.332171454595745,0.8491301361012855,2.3360208613141983e-07,7.487194216189551e-09,-3.659340916706361e-08,-6.755889311978797e-09,2.410892803476094e-07,-1.245956194626598e-07,-2.118493018202839e-06
8.0,85.0193939237302,18.500132627237022,18.581065778985764,0.8491301361012855,2.356598711848022e-07,6.054817465993622e-09,-3.879628736934123e-08,-6.3696436786339685e-09,2.417146886507958e-07,-1.0334298936447866e-07,-2.0071255496076174e-06
8.0,85.26939279977046,18.750131503277146,18.829989399430914,0.8491301361012855,2.3742685708489468e-07,4.7065749832022354e-09,-4.081174157702089e-08,-6.0066832046003554e-09,2.421334320680969e-07,-8.314130820162605e-08,-1.9029708192992448e-06
8.0,85.51939167581077,19.00013037931745,19.078941167653507,0.8491301361012855,2.3886881159953267e-07,3.3597397280608215e-09,-4.276154687301811e-08,-5.665310257211538e-09,2.422285513275935e-07,-6.40316399402407e-08,-1.8054758324133825e-06
8.0,85.76939055185107,19.25012925535782,19.327919994510683,0.8491301361012855,2.3998156943279104e-07,1.977211913642099e-09,-4.4668661370824144e-08,-5.3440122830973255e-09,2.4195878134643314e-07,-4.612901920548987e-08,-1.7141362248493489e-06
8.0,86.01938942789138,19.50012813139801,19.576924846242527,0.8491301361012855,2.40781714831934e-07,6.511050915730834e-10,-4.643321281265133e-08,-5.041224647844538e-09,2.4143281992350707e-07,-2.913105534826756e-08,-1.6284934773576558e-06
8.0,86.26938830393169,19.75012700743843,19.825954741001905,0.8491301361012855,2.4128007915196086e-07,-6.855432408445213e-10,-4.8056159743633e-08,-4.755735166190774e-09,2.4059453591111634e-07,-1.3154069693479452e-08,-1.5481262227021726e-06
8.0,86.51938717997194,20.00012588347855,20.07500874564094,0.8491301361012855,2.4146868299549203e-07,-2.0300313924267966e-09,-4.9611579683379924e-08,-4.486347816433385e-09,2.3943865160306523e-07,1.812627461264485e-09,-1.472649672115825e-06
8.0,91.51936470077788,25.000103404285845,25.060043372141646,0.8491301361012855,2.0286321457372434e-07,-2.3625580439390838e-08,-5.865081028662715e-08,-1.3138249082743173e-09,1.792376341343335e-07,1.4731602532805486e-07,-6.060463137090846e-07
8.0,96.51934222158383,30.00008092510154,30.050046176915686,0.8491301361012855,1.364331166418557e-07,-3.3098347322242526e-08,-4.2874481402132665e-08,-2.464256255178066e-10,1.0333476931961317e-07,1.4285462837598145e-07,-2.93018078163461e-07
8.0,101.51931974238977,35.00005844591007,35.04289371376923,0.8491301361012855,8.186275314368473e-08,-3.353997205495956e-08,-2.3549217137009658e-08,6.804038311485959e-11,4.832278108872517e-08,1.040076079917779e-07,-1.5840852550182342e-07
8.0,106.51929726319571,40.0000359667139,40.037521323729564,0.8491301361012855,4.582408871309967e-08,-2.964830269502712e-08,-9.225512697811083e-09,1.2444970392138145e-10,1.617578601807255e-08,6.846171609968806e-08,-9.294941645375206e-08
