regime,drift,time,extra_magnetic_ADM,extra_magnetic_rest
controlled_minimum,0.9,0.0,124.37336938304,123.45619760610677
controlled_minimum,0.9,0.00501953125,124.84084679348143,123.96344890927345
controlled_minimum,0.9,0.0100390625,125.31141487176863,124.47216705818187
controlled_minimum,0.9,0.015058593749999998,125.42300077690818,124.63541510072226
controlled_minimum,0.9,0.020078125,126.53586710544539,125.75550909604532
controlled_minimum,0.9,0.02509765625,125.68719334452898,124.99403226358109
controlled_minimum,0.9,0.030117187499999996,127.48944056875895,126.77431084600946
controlled_minimum,0.9,0.03513671875,126.34605176639516,125.72231706567649
controlled_minimum,0.9,0.04015625,127.83665673113404,127.2033733961718
controlled_minimum,0.9,0.04517578125,127.23604517059124,126.66696122886161
controlled_minimum,0.9,0.0501953125,128.03929480228499,127.48411375781583
controlled_minimum,0.9,0.05521484375,127.93296244512469,127.41993826628396
controlled_minimum,0.9,0.06023437499999999,128.3249370318659,127.8367245927856
controlled_minimum,0.9,0.06525390625,128.40597816277403,127.95013919349608
controlled_minimum,0.9,0.0702734375,128.62363126333665,128.19464361482017
controlled_minimum,0.9,0.07529296875,128.74128257130457,128.3402052310771
controlled_minimum,0.9,0.0803125,128.87172357925905,128.49659695465164
controlled_minimum,0.9,0.08533203125,128.97851472116764,128.62842330414574
controlled_minimum,0.9,0.0903515625,129.0557435620272,128.72982111189006
controlled_minimum,0.9,0.09537109375,129.12887964390825,128.82577589377982
controlled_minimum,0.9,0.100390625,129.17267565022337,128.89154355703687
controlled_minimum,0.9,0.10541015625,129.2023770493784,128.9420768222504
controlled_minimum,0.9,0.1104296875,129.21306908426186,128.97257539633267
controlled_minimum,0.9,0.11544921875,129.2043300060289,128.98262900215755
controlled_minimum,0.9,0.12046874999999999,129.17792286646105,128.97398854845414
controlled_minimum,0.9,0.12548828125,129.13363854141966,128.94646979591244
controlled_minimum,0.9,0.1305078125,129.0707866394359,128.89940698018955
controlled_minimum,0.9,0.13552734375,128.9910335207807,128.8344702796531
controlled_minimum,0.9,0.140546875,128.89362937024535,128.75094347000183
controlled_minimum,0.9,0.14556640625,128.77912989519103,128.6494016236487
controlled_minimum,0.9,0.1505859375,128.6482039985281,128.53053841685164
controlled_minimum,0.9,0.15560546875,128.50049890552472,128.39403452338448
controlled_minimum,0.9,0.160625,128.3368462354546,128.24074843270245
controlled_minimum,0.9,0.16564453124999998,128.15730480526977,128.07077439201566
controlled_minimum,0.9,0.1706640625,127.96165445812404,127.88392763710199
controlled_minimum,0.9,0.17568359374999998,127.74916944819988,127.67951857624429
controlled_minimum,0.9,0.180703125,127.5201766538632,127.45791143603586
controlled_minimum,0.9,0.18572265624999998,127.27486421953486,127.21933302606094
controlled_minimum,0.9,0.1907421875,127.01360469854527,126.96419471306362
controlled_minimum,0.9,0.19576171874999998,126.73649454728617,126.69263239665324
controlled_minimum,0.9,0.20078125,126.44399931299843,126.40515004621712
controlled_minimum,0.9,0.20580078124999998,126.13621920912878,126.10188668515642
controlled_minimum,0.9,0.2108203125,125.8135013785774,125.78322662704466
controlled_minimum,0.9,0.21583984374999998,125.47613014483873,125.44949069432168
controlled_minimum,0.9,0.220859375,125.12429153109115,125.10089998477693
controlled_minimum,0.9,0.22587890624999998,124.75839218136859,124.73789449125896
controlled_minimum,0.9,0.2308984375,124.37863537897614,124.36070947373288
controlled_minimum,0.9,0.23591796874999998,123.98536737790353,123.9697210638885
controlled_minimum,0.9,0.24093749999999997,123.57892430105659,123.56529360747778
controlled_minimum,0.9,0.24595703124999999,123.15957502674361,123.14772223240612
controlled_minimum,0.9,0.2509765625,122.7277455189363,122.71745720049337
controlled_minimum,0.9,0.25599609375,122.28369791226294,122.27478319144674
controlled_minimum,0.9,0.261015625,121.82554764809949,121.81783634642709
controlled_minimum,0.9,0.26603515624999996,121.35254813042941,121.34588891807033
controlled_minimum,0.9,0.2710546875,120.86528511667547,120.85954371563882
controlled_minimum,0.9,0.27607421875,120.36436531999829,120.35942293799867
controlled_minimum,0.9,0.28109375,119.850328749221,119.84608062626135
controlled_minimum,0.9,0.28611328124999996,119.32377594204688,119.32012985620365
controlled_minimum,0.9,0.2911328125,118.78531170353527,118.78218674465707
controlled_minimum,0.9,0.29615234375,118.23550486137513,118.23283017235754
controlled_minimum,0.9,0.301171875,117.67498770776847,117.67270138639864
controlled_minimum,0.9,0.30619140624999996,117.10433346124032,117.10238157560276
controlled_minimum,0.9,0.3112109375,116.52414484801228,116.5224804688577
controlled_minimum,0.9,0.31623046875,115.9350216135058,115.93360403177968
controlled_minimum,0.9,0.32125,115.33752603578385,115.33631998165141
controlled_minimum,0.9,0.32626953124999997,114.73226156912173,114.73123655100565
controlled_minimum,0.9,0.33128906249999995,114.11977470765835,114.11890442594675
controlled_minimum,0.9,0.33630859375,113.50061297050902,113.49987475926451
controlled_minimum,0.9,0.341328125,112.87531429523791,112.87468867657434
controlled_minimum,0.9,0.34634765624999997,112.24433452472064,112.24380477260965
controlled_minimum,0.9,0.35136718749999996,111.6080301710725,111.6075819506425
controlled_minimum,0.9,0.35638671875,110.96687657126068,110.96649761986097
controlled_minimum,0.9,0.36140625,110.32134404121076,110.32102387299904
controlled_minimum,0.9,0.36642578124999997,109.67188898323784,109.67161865598429
controlled_minimum,0.9,0.37144531249999996,109.01892351345239,109.01869540307514
controlled_minimum,0.9,0.37646484375,108.36286317591889,108.36267079334512
controlled_minimum,0.9,0.381484375,107.70407736343293,107.7039151945441
controlled_minimum,0.9,0.38650390625,107.04290821422171,107.04277157342618
controlled_minimum,0.9,0.39152343749999996,106.37968445650709,106.3795693723076
controlled_minimum,0.9,0.39654296875,105.7146951212427,105.71459822659132
controlled_minimum,0.9,0.4015625,105.04822712020072,105.04814556486961
controlled_minimum,0.9,0.40658203125,104.38053105836089,104.38046243267918
controlled_minimum,0.9,0.41160156249999996,103.71183269734578,103.71177496338788
controlled_minimum,0.9,0.41662109374999995,103.04234877550311,103.04230021379979
controlled_minimum,0.9,0.421640625,102.37227460589936,102.37223376462009
controlled_minimum,0.9,0.42666015625,101.70180661235464,101.70177226732517
controlled_minimum,0.9,0.43167968749999996,101.03116734696314,101.03113846691127
controlled_minimum,0.9,0.43669921874999995,100.3626723938986,100.36264810906201
controlled_minimum,0.9,0.44171875,99.6975688862768,99.69754846503801
controlled_minimum,0.9,0.44673828125,99.0358372633935,99.0358200898035
controlled_minimum,0.9,0.45175781249999997,98.37746629871913,98.37745185483581
controlled_minimum,0.9,0.45677734374999995,97.72243654807974,97.72242439862498
controlled_minimum,0.9,0.461796875,97.07073077088594,97.07072054967395
controlled_minimum,0.9,0.46681640625,96.42232859579293,96.42231999540923
controlled_minimum,0.9,0.47183593749999997,95.77720064340981,95.7771934053606
controlled_minimum,0.9,0.47685546874999996,95.13531866712535,95.13531257429918
controlled_minimum,0.9,0.48187499999999994,94.49665577812034,94.49665064820336
controlled_minimum,0.9,0.48689453125,93.86119617034326,93.86119185003601
controlled_minimum,0.9,0.49191406249999997,93.2289238016323,93.22892016228978
controlled_minimum,0.9,0.49693359374999996,92.59982498771303,92.59982192116115
controlled_minimum,0.9,0.5,92.21627301240652,92.21627025008867
controlled_minimum,0.9,0.501953125,91.97230670463897,91.97230412005324
controlled_minimum,0.9,0.50697265625,91.34954482544296,91.34954264646214
controlled_minimum,0.9,0.5119921875,90.72992619126073,90.72992435368816
controlled_minimum,0.9,0.51701171875,90.11344239127148,90.11344084120928
controlled_minimum,0.9,0.52203125,89.5005930408899,89.50059173297667
controlled_minimum,0.9,0.5270507812499999,88.89289881490758,88.89289771099841
controlled_minimum,0.9,0.5320703124999999,88.29029700877877,88.29029607680773
controlled_minimum,0.9,0.53708984375,87.69261110800895,87.69261032097845
controlled_minimum,0.9,0.542109375,87.09966750816552,87.09966684338534
controlled_minimum,0.9,0.54712890625,86.5112960834982,86.51129552184989
controlled_minimum,0.9,0.5521484375,85.92733162497562,85.92733115036688
controlled_minimum,0.9,0.55716796875,85.24192302079634,85.24192261991365
controlled_minimum,0.9,0.5621875,84.56028158112461,84.56028124246481
controlled_minimum,0.9,0.5672070312499999,83.88219842838494,83.88219814226737
controlled_minimum,0.9,0.5722265624999999,83.20749219268117,83.20749195093708
controlled_minimum,0.9,0.5772460937499999,82.53598722052443,82.53598701626807
controlled_minimum,0.9,0.582265625,81.86751191165719,81.86751173908078
controlled_minimum,0.9,0.58728515625,81.20190091947322,81.20190077367093
controlled_minimum,0.9,0.5923046875,80.53899365768339,80.5389935345177
controlled_minimum,0.9,0.59732421875,79.87863502158041,79.87863491755301
controlled_minimum,0.9,0.60234375,79.22067595644316,79.22067586859943
controlled_minimum,0.9,0.6073632812499999,78.56492859457377,78.56492852041679
controlled_minimum,0.9,0.6123828124999999,77.90981281788139,77.90981275529917
controlled_minimum,0.9,0.6174023437499999,77.25464442627097,77.25464437347914
controlled_minimum,0.9,0.622421875,76.59949047810598,76.59949043359312
controlled_minimum,0.9,0.62744140625,75.9444192871319,75.94441924961939
controlled_minimum,0.9,0.6324609375,75.2894994487486,75.28949941715429
controlled_minimum,0.9,0.63748046875,74.63480134192227,74.63480131532948
controlled_minimum,0.9,0.6425,73.98039560272335,73.98039558035666
controlled_minimum,0.9,0.64751953125,73.32635399792747,73.32635397912904
controlled_minimum,0.9,0.6525390624999999,72.67274936300574,72.67274934721821
controlled_minimum,0.9,0.6575585937499999,72.01965469205777,72.01965467880896
controlled_minimum,0.9,0.6625781249999999,71.36714448178455,71.36714447067446
controlled_minimum,0.9,0.66759765625,70.71529325223993,70.7152932429305
controlled_minimum,0.9,0.6726171875,70.06417643615768,70.06417642836286
controlled_minimum,0.9,0.67763671875,69.41387019033704,69.41387018381538
controlled_minimum,0.9,0.68265625,68.76445063209,68.76445062663772
controlled_minimum,0.9,0.68767578125,68.11436566545795,68.11436566090315
controlled_minimum,0.9,0.6926953124999999,67.46544362182982,67.46544361802773
controlled_minimum,0.9,0.6977148437499999,66.81695704559691,66.81695704242554
controlled_minimum,0.9,0.7027343749999999,66.16671302053629,66.16671301789314
controlled_minimum,0.9,0.70775390625,65.51484692885415,65.51484692665302
controlled_minimum,0.9,0.7127734375,64.8616416540883,64.8616416522567
controlled_minimum,0.9,0.71779296875,64.20737374468698,64.2073737431641
controlled_minimum,0.9,0.7228125,63.55231540597603,63.55231540471083
controlled_minimum,0.9,0.72783203125,62.89673618505262,62.89673618400234
controlled_minimum,0.9,0.7328515624999999,62.24090502806317,62.240905027192014
controlled_minimum,0.9,0.7378710937499999,61.58508194171264,61.585081940990605
controlled_minimum,0.9,0.7428906249999999,60.926116458829625,60.9261164582317
controlled_minimum,0.9,0.7479101562499999,60.25397360373367,60.253973603238954
controlled_minimum,0.9,0.7529296875,59.58308323684853,59.58308323643953
controlled_minimum,0.9,0.75794921875,58.91367599706071,58.91367599672285
controlled_minimum,0.9,0.76296875,58.2459999151324,58.24599991485351
controlled_minimum,0.9,0.76798828125,57.574885700929975,57.57488570069996
controlled_minimum,0.9,0.7730078125,56.90618419083526,56.90618419064571
controlled_minimum,0.9,0.7780273437499999,56.240124132333776,56.2401241321777
controlled_minimum,0.9,0.7830468749999999,55.57689834703856,55.57689834691013
controlled_minimum,0.9,0.7880664062499999,54.915968721374355,54.915968721268754
controlled_minimum,0.9,0.7930859375,54.2573247400647,54.25732473997795
controlled_minimum,0.9,0.79810546875,53.6012844821189,53.60128448204769
controlled_minimum,0.9,0.803125,52.94815190592412,52.94815190586571
controlled_minimum,0.9,0.80814453125,52.298222525735525,52.29822252568765
controlled_minimum,0.9,0.8131640625,51.65177582917201,51.651775829132795
controlled_minimum,0.9,0.8181835937499999,51.009082551640994,51.00908255160891
controlled_minimum,0.9,0.8232031249999999,50.370400593509046,50.37040059348281
controlled_minimum,0.9,0.8282226562499999,49.73597489663113,49.735974896609704
controlled_minimum,0.9,0.8332421874999999,49.04439783461385,49.04439783459635
controlled_minimum,0.9,0.83826171875,48.36006214186341,48.36006214184914
controlled_minimum,0.9,0.84328125,47.68316296694802,47.683162966936415
controlled_minimum,0.9,0.84830078125,47.01388090115355,47.01388090114409
controlled_minimum,0.9,0.8533203125,46.35238195415943,46.35238195415174
controlled_minimum,0.9,0.8583398437499999,45.69881869208715,45.6988186920809
controlled_minimum,0.9,0.8633593749999999,45.051496920803615,45.051496920798535
controlled_minimum,0.9,0.8683789062499999,44.41265397952364,44.41265397951952
controlled_minimum,0.9,0.8733984374999999,43.782314160663375,43.782314160660036
controlled_minimum,0.9,0.87841796875,43.16014710784046,43.16014710783775
controlled_minimum,0.9,0.8834375,42.54586364959752,42.545863649595326
controlled_minimum,0.9,0.88845703125,41.93919539743332,41.93919539743155
controlled_minimum,0.9,0.8934765625,41.33849081947959,41.33849081947814
controlled_minimum,0.9,0.89849609375,40.74487839801909,40.744878398017924
controlled_minimum,0.9,0.9035156249999999,40.15809723896597,40.158097238965034
controlled_minimum,0.9,0.9085351562499999,39.57790116496444,39.577901164963684
controlled_minimum,0.9,0.9135546874999999,39.00405807984362,39.004058079843006
controlled_minimum,0.9,0.9185742187499999,38.42657659414033,38.42657659413984
controlled_minimum,0.9,0.92359375,37.85790761769356,37.85790761769317
controlled_minimum,0.9,0.92861328125,37.29796966757062,37.2979696675703
controlled_minimum,0.9,0.9336328125,36.744953883972386,36.74495388397213
controlled_minimum,0.9,0.93865234375,36.200122615301105,36.20012261530089
controlled_minimum,0.9,0.9436718749999999,35.660235089796345,35.660235089796174
controlled_minimum,0.9,0.9486914062499999,35.12831185208633,35.128311852086206
controlled_minimum,0.9,0.9537109374999999,34.6031970876505,34.60319708765039
controlled_minimum,0.9,0.9587304687499999,34.07862611739785,34.07862611739777
controlled_minimum,0.9,0.9637499999999999,33.540731746234556,33.540731746234485
controlled_minimum,0.9,0.96876953125,33.0100893822835,33.010089382283454
controlled_minimum,0.9,0.9737890625,32.48670247740775,32.48670247740771
controlled_minimum,0.9,0.97880859375,31.970572930544122,31.970572930544083
controlled_minimum,0.9,0.9838281249999999,31.461701541661235,31.461701541661206
controlled_minimum,0.9,0.9888476562499999,30.9600868389874,30.960086838987376
controlled_minimum,0.9,0.9938671874999999,30.465725759411118,30.4657257594111
controlled_minimum,0.9,0.9988867187499999,29.978679145228064,29.97867914522805
controlled_minimum,0.9,1.00390625,29.498930086123053,29.498930086123043
controlled_minimum,0.9,1.0089257812499999,29.026460132539157,29.026460132539146
controlled_minimum,0.9,1.0139453125,28.561249201390947,28.561249201390947
controlled_minimum,0.9,1.0189648437499998,28.103274934825013,28.103274934825002
controlled_minimum,0.9,1.023984375,27.65251336609435,27.65251336609435
controlled_minimum,0.9,1.02900390625,27.20893822637964,27.208938226379637
controlled_minimum,0.9,1.0340234375,26.772520630245033,26.77252063024503
controlled_minimum,0.9,1.03904296875,26.343230198972943,26.343230198972943
controlled_minimum,0.9,1.0440625,25.921032900527603,25.9210329005276
controlled_minimum,0.9,1.04908203125,25.506011020915505,25.506011020915505
controlled_minimum,0.9,1.0541015624999999,25.098263264317783,25.098263264317776
controlled_minimum,0.9,1.05912109375,24.697666071265846,24.697666071265846
controlled_minimum,0.9,1.0641406249999998,24.304094554571765,24.304094554571765
controlled_minimum,0.9,1.06916015625,23.917423091660407,23.917423091660407
controlled_minimum,0.9,1.0741796875,23.537529247302437,23.537529247302437
controlled_minimum,0.9,1.07919921875,23.16429125520955,23.16429125520955
controlled_minimum,0.9,1.08421875,22.797587216223263,22.797587216223267
controlled_minimum,0.9,1.0892382812499999,22.43729887525465,22.43729887525465
controlled_minimum,0.9,1.0942578125,22.0833054485167,22.0833054485167
controlled_minimum,0.9,1.0992773437499999,21.73548982169721,21.73548982169721
controlled_minimum,0.9,1.104296875,21.39373464762705,21.39373464762705
controlled_minimum,0.9,1.1093164062499998,21.057921580103926,21.057921580103926
controlled_minimum,0.9,1.1143359375,20.727936569415053,20.727936569415053
controlled_minimum,0.9,1.11935546875,20.4036612250159,20.403661225015895
controlled_minimum,0.9,1.124375,20.084981770395157,20.084981770395157
controlled_minimum,0.9,1.12939453125,19.77178331109136,19.771783311091365
controlled_minimum,0.9,1.1344140624999999,19.463424486850386,19.463424486850386
controlled_minimum,0.9,1.13943359375,19.15011396602846,19.15011396602846
controlled_minimum,0.9,1.1444531249999998,18.829049977013053,18.829049977013053
controlled_minimum,0.9,1.14947265625,18.501160566012402,18.501160566012402
controlled_minimum,0.9,1.1544921874999998,18.167329099707768,18.167329099707768
controlled_minimum,0.9,1.15951171875,17.82839520557988,17.82839520557988
controlled_minimum,0.9,1.16453125,17.485164089299406,17.485164089299406
controlled_minimum,0.9,1.16955078125,17.138392712986033,17.13839271298603
controlled_minimum,0.9,1.1745703125,16.788806794011673,16.788806794011673
controlled_minimum,0.9,1.1795898437499999,16.437090604780007,16.437090604780007
controlled_minimum,0.9,1.184609375,16.08388887316249,16.08388887316249
controlled_minimum,0.9,1.1896289062499998,15.729817682175051,15.729817682175051
controlled_minimum,0.9,1.1946484375,15.37544696724483,15.37544696724483
controlled_minimum,0.9,1.19966796875,15.021322151463819,15.021322151463819
controlled_minimum,0.9,1.2046875,14.667950186326314,14.667950186326316
controlled_minimum,0.9,1.20970703125,14.315802902727055,14.315802902727059
controlled_minimum,0.9,1.2147265624999999,13.965329443691225,13.965329443691225
controlled_minimum,0.9,1.21974609375,13.616934492375607,13.616934492375607
controlled_minimum,0.9,1.2247656249999999,13.284956052341792,13.284956052341792
controlled_minimum,0.9,1.22978515625,12.99707662073599,12.99707662073599
controlled_minimum,0.9,1.2348046874999998,12.751455983411962,12.751455983411962
controlled_minimum,0.9,1.23982421875,12.545386415425185,12.545386415425185
controlled_minimum,0.9,1.24484375,12.376247816470569,12.376247816470569
controlled_minimum,0.9,1.24986328125,12.241539836902726,12.241539836902726
controlled_minimum,0.9,1.2548828125,12.138855632069683,12.138855632069683
controlled_minimum,0.9,1.2599023437499999,12.065886322750888,12.065886322750888
controlled_minimum,0.9,1.264921875,12.020429837452664,12.020429837452664
controlled_minimum,0.9,1.2699414062499998,12.00035148072733,12.00035148072733
controlled_minimum,0.9,1.2749609375,12.00363790819382,12.003637908193824
controlled_minimum,0.9,1.2799804687499998,12.028381571951819,12.028381571951819
controlled_minimum,0.9,1.285,12.072765771287596,12.072765771287596
frozen_flux_cover,0.9,0.0,157.98925747077783,155.7988204862603
frozen_flux_cover,0.9,0.00501953125,156.7954149002428,154.77934376137603
frozen_flux_cover,0.9,0.0100390625,155.70408850823486,153.8479851780796
frozen_flux_cover,0.9,0.015058593749999998,154.7066670918852,152.9976985052701
frozen_flux_cover,0.9,0.020078125,153.7960457606819,152.22269006715354
frozen_flux_cover,0.9,0.02509765625,152.96642047786207,151.5182594102229
frozen_flux_cover,0.9,0.030117187499999996,152.21258769047316,150.88016548446507
frozen_flux_cover,0.9,0.03513671875,151.53007568898178,150.30477298821705
frozen_flux_cover,0.9,0.04015625,150.91486528905443,149.78879785837796
frozen_flux_cover,0.9,0.04517578125,150.36393896569845,149.32984324471698
frozen_flux_cover,0.9,0.0501953125,149.87512194190825,148.92626388606044
frozen_flux_cover,0.9,0.05521484375,149.44645839506524,148.57658242692654
frozen_flux_cover,0.9,0.06023437499999999,149.07632807278782,148.27961164068054
frozen_flux_cover,0.9,0.06525390625,148.763258368357,148.03427442506737
frozen_flux_cover,0.9,0.0702734375,148.50607522596167,147.83975422883984
frozen_flux_cover,0.9,0.07529296875,148.30384804690934,147.69544668656903
frozen_flux_cover,0.9,0.0803125,148.1556484074571,147.600729716884
frozen_flux_cover,0.9,0.08533203125,148.06045891634008,147.5548804114101
frozen_flux_cover,0.9,0.0903515625,148.01727130528678,147.5571668370562
frozen_flux_cover,0.9,0.09537109375,148.02493927681886,147.60670722937684
frozen_flux_cover,0.9,0.100390625,148.0822252588241,147.70251569103576
frozen_flux_cover,0.9,0.10541015625,148.18792080941373,147.8436183784351
frozen_flux_cover,0.9,0.1104296875,148.34077341558992,148.0289834479702
frozen_flux_cover,0.9,0.11544921875,148.53957994197037,148.25761367098477
frozen_flux_cover,0.9,0.12046874999999999,148.7831565379213,148.52851701542278
frozen_flux_cover,0.9,0.12548828125,149.07034944601975,148.84071906414223
frozen_flux_cover,0.9,0.1305078125,149.40005615091923,149.19328501032774
frozen_flux_cover,0.9,0.13552734375,149.77118980275884,149.5852846681586
frozen_flux_cover,0.9,0.140546875,150.1827198278884,150.01583461933146
frozen_flux_cover,0.9,0.14556640625,150.63366958492256,150.48409532629088
frozen_flux_cover,0.9,0.1505859375,151.1231149475368,150.98927115365248
frozen_flux_cover,0.9,0.15560546875,151.65019113228365,151.53061814779136
frozen_flux_cover,0.9,0.160625,152.21409764690435,152.1074485554982
frozen_flux_cover,0.9,0.16564453124999998,152.81408639218648,152.71912071182632
frozen_flux_cover,0.9,0.1706640625,153.44948116616496,153.36505774433445
frozen_flux_cover,0.9,0.17568359374999998,154.11966580623576,154.04473667695248
frozen_flux_cover,0.9,0.180703125,154.82407617917968,154.75768109962465
frozen_flux_cover,0.9,0.18572265624999998,155.56222155573852,155.50348206097988
frozen_flux_cover,0.9,0.1907421875,156.33365066684655,156.28176526730493
frozen_flux_cover,0.9,0.19576171874999998,157.13795878762318,157.09219772348104
frozen_flux_cover,0.9,0.20078125,157.97478005462887,157.9344804926642
frozen_flux_cover,0.9,0.20580078124999998,158.84378500535834,158.80834652644566
frozen_flux_cover,0.9,0.2108203125,159.74469584975412,159.7135756949952
frozen_flux_cover,0.9,0.21583984374999998,160.67726217863506,160.6499711430967
frozen_flux_cover,0.9,0.220859375,161.6412648358027,161.61736294336708
frozen_flux_cover,0.9,0.22587890624999998,162.63651076343632,162.61560329732188
frozen_flux_cover,0.9,0.2308984375,163.66283328121872,163.64456706196415
frozen_flux_cover,0.9,0.23591796874999998,164.7201030354101,164.70416264715504
frozen_flux_cover,0.9,0.24093749999999997,165.80820989626847,165.79431443170697
frozen_flux_cover,0.9,0.24595703124999999,166.92706297588262,166.91496271860217
frozen_flux_cover,0.9,0.2509765625,168.07658785807064,168.066061309315
frozen_flux_cover,0.9,0.25599609375,169.2567297431349,169.2475808868509
frozen_flux_cover,0.9,0.261015625,170.4674618801839,170.45951748997496
frozen_flux_cover,0.9,0.26603515624999996,171.708771126639,171.70187850108832
frozen_flux_cover,0.9,0.2710546875,172.98065783214835,172.97468253067692
frozen_flux_cover,0.9,0.27607421875,174.28313360716962,174.27795748136097
frozen_flux_cover,0.9,0.28109375,175.61622635491062,175.61174577295463
frozen_flux_cover,0.9,0.28611328124999996,176.97998912260388,176.9761132544236
frozen_flux_cover,0.9,0.2911328125,178.37448507663632,178.37113449420454
frozen_flux_cover,0.9,0.29615234375,179.79979059468866,179.79689588401934
frozen_flux_cover,0.9,0.301171875,181.25599161272152,181.25349220079408
frozen_flux_cover,0.9,0.30619140624999996,182.74319014798613,182.7410332594146
frozen_flux_cover,0.9,0.3112109375,184.261515733383,184.25965539466142
frozen_flux_cover,0.9,0.31623046875,185.81110652987792,185.8095027788705
frozen_flux_cover,0.9,0.32125,187.39211852145905,187.39073662303966
frozen_flux_cover,0.9,0.32626953124999997,189.00471860961704,189.0035284095372
frozen_flux_cover,0.9,0.33128906249999995,190.6490925513228,190.64806790595964
frozen_flux_cover,0.9,0.33630859375,192.32546005371674,192.32457828956782
frozen_flux_cover,0.9,0.341328125,194.03405014271488,194.03329163771213
frozen_flux_cover,0.9,0.34634765624999997,195.7751178359955,195.77446560119563
frozen_flux_cover,0.9,0.35136718749999996,197.54893292319034,197.54837226616212
frozen_flux_cover,0.9,0.35638671875,199.35578932480405,199.35530755318698
frozen_flux_cover,0.9,0.36140625,201.19602347111194,201.1956096127586
frozen_flux_cover,0.9,0.36642578124999997,203.06998400733082,203.0696285981275
frozen_flux_cover,0.9,0.37144531249999996,204.97805448564404,204.97774935517927
frozen_flux_cover,0.9,0.37646484375,206.92063839591074,206.92037649870093
frozen_flux_cover,0.9,0.381484375,208.8981692949307,208.89794456143466
frozen_flux_cover,0.9,0.38650390625,210.9111301349248,210.91093733129355
frozen_flux_cover,0.9,0.39152343749999996,212.96002042693436,212.9598550505804
frozen_flux_cover,0.9,0.39654296875,215.04538034093747,215.04523851368592
frozen_flux_cover,0.9,0.4015625,217.1677746173458,217.16765300296336
frozen_flux_cover,0.9,0.40658203125,219.32780163275493,219.3276973637359
frozen_flux_cover,0.9,0.41160156249999996,221.52610990953565,221.52602051839483
frozen_flux_cover,0.9,0.41662109374999995,223.76336743065647,223.76329079950904
frozen_flux_cover,0.9,0.421640625,226.0402729911996,226.0402072996214
frozen_flux_cover,0.9,0.42666015625,228.35754775032495,228.35749143572153
frozen_flux_cover,0.9,0.43167968749999996,230.71593742737383,230.71588914955018
frozen_flux_cover,0.9,0.43669921874999995,233.11621817333105,233.1161767813964
frozen_flux_cover,0.9,0.44171875,235.559184602,235.5591491102308
frozen_flux_cover,0.9,0.44673828125,238.04564756693244,238.04561712961248
frozen_flux_cover,0.9,0.45175781249999997,240.57643559174613,240.57640948432223
frozen_flux_cover,0.9,0.45677734374999995,243.15239797557743,243.15237557769657
frozen_flux_cover,0.9,0.461796875,245.77440636005187,245.77438713982252
frozen_flux_cover,0.9,0.46681640625,248.44335467124017,248.44333817380766
frozen_flux_cover,0.9,0.47183593749999997,251.16017052860326,251.16015636414573
frozen_flux_cover,0.9,0.47685546874999996,253.92580792394378,253.9257957588419
frozen_flux_cover,0.9,0.48187499999999994,256.7412284703719,256.74121801918835
frozen_flux_cover,0.9,0.48689453125,259.60739498940774,259.60738600750625
frozen_flux_cover,0.9,0.49191406249999997,262.5252886134831,262.52528089173046
frozen_flux_cover,0.9,0.49693359374999996,265.495901466345,265.4958948254916
frozen_flux_cover,0.9,0.5,267.33700568848286,267.3369996309481
frozen_flux_cover,0.9,0.501953125,268.52024368342904,268.5202379700516
frozen_flux_cover,0.9,0.50697265625,271.5993425743412,271.5993376571231
frozen_flux_cover,0.9,0.5119921875,274.7342410150046,274.7342367813361
frozen_flux_cover,0.9,0.51701171875,277.92600346759644,277.9259998211487
frozen_flux_cover,0.9,0.52203125,281.17571307053544,281.1757099286614
frozen_flux_cover,0.9,0.5270507812499999,284.4844750157529,284.484472307642
frozen_flux_cover,0.9,0.5320703124999999,287.85341679877297,287.85341446373843
frozen_flux_cover,0.9,0.53708984375,291.28368814192106,291.2836861278468
frozen_flux_cover,0.9,0.542109375,294.7764633094072,294.77646157164304
frozen_flux_cover,0.9,0.54712890625,298.3329402156379,298.33293871580565
frozen_flux_cover,0.9,0.5521484375,301.95434221138345,301.9543409165417
frozen_flux_cover,0.9,0.55716796875,305.64191825467185,305.64191713652997
frozen_flux_cover,0.9,0.5621875,309.396943228266,309.3969422624774
frozen_flux_cover,0.9,0.5672070312499999,313.22071936215775,313.2207185278169
frozen_flux_cover,0.9,0.5722265624999999,317.1145756151042,317.11457489419894
frozen_flux_cover,0.9,0.5772460937499999,321.07986932761906,321.0798687046525
frozen_flux_cover,0.9,0.582265625,325.1179861054725,325.1179855671012
frozen_flux_cover,0.9,0.58728515625,329.2303402133102,329.2303397480224
frozen_flux_cover,0.9,0.5923046875,333.4183760747905,333.4183756726757
frozen_flux_cover,0.9,0.59732421875,337.6835671877172,337.6835668402142
frozen_flux_cover,0.9,0.60234375,342.02741830122335,342.0274180009478
frozen_flux_cover,0.9,0.6073632812499999,346.4514649320606,346.45146467263714
frozen_flux_cover,0.9,0.6123828124999999,350.9572737970518,350.9572735729671
frozen_flux_cover,0.9,0.6174023437499999,355.54644470237326,355.5464445088687
frozen_flux_cover,0.9,0.622421875,360.22060889471226,360.22060872766735
frozen_flux_cover,0.9,0.62744140625,364.98143189388685,364.9814317497393
frozen_flux_cover,0.9,0.6324609375,369.8306126901025,369.8306125657699
frozen_flux_cover,0.9,0.63748046875,374.76988427912016,374.76988417193223
frozen_flux_cover,0.9,0.6425,379.80101589344224,379.80101580108936
frozen_flux_cover,0.9,0.64751953125,384.9258109725098,384.9258108929855
frozen_flux_cover,0.9,0.6525390624999999,390.1461105244925,390.1461104560564
frozen_flux_cover,0.9,0.6575585937499999,395.46379210942916,395.4637920505715
frozen_flux_cover,0.9,0.6625781249999999,400.8807705420127,400.8807704914232
frozen_flux_cover,0.9,0.66759765625,406.39900031183316,406.39900026837734
frozen_flux_cover,0.9,0.6726171875,412.020473428206,412.0204733909001
frozen_flux_cover,0.9,0.67763671875,417.7472231008712,417.7472230688647
frozen_flux_cover,0.9,0.68265625,423.5813226302974,423.5813226028543
frozen_flux_cover,0.9,0.68767578125,429.5248863135794,429.5248862900632
frozen_flux_cover,0.9,0.6926953124999999,435.58007190406624,435.5800718839277
frozen_flux_cover,0.9,0.6977148437499999,441.74907854986594,441.7490785326302
frozen_flux_cover,0.9,0.7027343749999999,448.03415059913226,448.03415058439003
frozen_flux_cover,0.9,0.70775390625,454.43757650340694,454.4375764908053
frozen_flux_cover,0.9,0.7127734375,460.96168993294106,460.96168992217576
frozen_flux_cover,0.9,0.71779296875,467.60887217425056,467.6088721650597
frozen_flux_cover,0.9,0.7228125,474.3815503077031,474.3815502998612
frozen_flux_cover,0.9,0.72783203125,481.2822010003256,481.2822009936388
frozen_flux_cover,0.9,0.7328515624999999,488.31334949834417,488.3133494926458
frozen_flux_cover,0.9,0.7378710937499999,495.4775709405722,495.47757093571926
frozen_flux_cover,0.9,0.7428906249999999,502.7774926445022,502.77749264037186
frozen_flux_cover,0.9,0.7479101562499999,510.21579259613713,510.21579259262387
frozen_flux_cover,0.9,0.7529296875,517.7952031564425,517.795203153456
frozen_flux_cover,0.9,0.75794921875,525.5185101872837,525.5185101847466
frozen_flux_cover,0.9,0.76296875,533.3885545456438,533.3885545434898
frozen_flux_cover,0.9,0.76798828125,541.4082342480681,541.4082342462403
frozen_flux_cover,0.9,0.7730078125,549.5805032910652,549.5805032895155
frozen_flux_cover,0.9,0.7780273437499999,557.9083752494834,557.9083752481699
frozen_flux_cover,0.9,0.7830468749999999,566.3949225553279,566.3949225542157
frozen_flux_cover,0.9,0.7880664062499999,575.043278157155,575.0432781562137
frozen_flux_cover,0.9,0.7930859375,583.8566375701729,583.8566375693766
frozen_flux_cover,0.9,0.79810546875,592.8382580037579,592.8382580030849
frozen_flux_cover,0.9,0.803125,601.9914618764344,601.9914618758659
frozen_flux_cover,0.9,0.80814453125,611.3196362865214,611.3196362860413
frozen_flux_cover,0.9,0.8131640625,620.8262348183268,620.8262348179219
frozen_flux_cover,0.9,0.8181835937499999,630.5147793889702,630.5147793886288
frozen_flux_cover,0.9,0.8232031249999999,640.3888594998643,640.3888594995766
frozen_flux_cover,0.9,0.8282226562499999,650.4521358565655,650.4521358563233
frozen_flux_cover,0.9,0.8332421874999999,660.7083398258077,660.7083398256037
frozen_flux_cover,0.9,0.83826171875,671.1612754381082,671.1612754379368
frozen_flux_cover,0.9,0.84328125,681.8148215183824,681.8148215182382
frozen_flux_cover,0.9,0.84830078125,692.6729315636579,692.6729315635367
frozen_flux_cover,0.9,0.8533203125,703.7396369064928,703.7396369063914
frozen_flux_cover,0.9,0.8583398437499999,715.0190464368341,715.0190464367489
frozen_flux_cover,0.9,0.8633593749999999,726.5153486938138,726.5153486937425
frozen_flux_cover,0.9,0.8683789062499999,738.2328137164861,738.2328137164261
frozen_flux_cover,0.9,0.8733984374999999,750.1757930000937,750.1757930000435
frozen_flux_cover,0.9,0.87841796875,762.3487228222046,762.3487228221627
frozen_flux_cover,0.9,0.8834375,774.7561240279331,774.7561240278981
frozen_flux_cover,0.9,0.88845703125,787.4026042960538,787.4026042960244
frozen_flux_cover,0.9,0.8934765625,800.2928599749156,800.2928599748911
frozen_flux_cover,0.9,0.89849609375,813.4316761796434,813.431676179623
frozen_flux_cover,0.9,0.9035156249999999,826.8239302089195,826.8239302089025
frozen_flux_cover,0.9,0.9085351562499999,840.4745913678701,840.4745913678559
frozen_flux_cover,0.9,0.9135546874999999,854.388723410249,854.3887234102369
frozen_flux_cover,0.9,0.9185742187499999,868.5714863698645,868.5714863698548
frozen_flux_cover,0.9,0.92359375,883.0281368067548,883.0281368067465
frozen_flux_cover,0.9,0.92861328125,897.7640312995786,897.7640312995718
frozen_flux_cover,0.9,0.9336328125,912.784626307015,912.7846263070094
frozen_flux_cover,0.9,0.93865234375,928.0954807804309,928.0954807804263
frozen_flux_cover,0.9,0.9436718749999999,943.702257986383,943.7022579863791
frozen_flux_cover,0.9,0.9486914062499999,959.6107259034948,959.6107259034915
frozen_flux_cover,0.9,0.9537109374999999,975.8267607780857,975.826760778083
frozen_flux_cover,0.9,0.9587304687499999,992.3563470250011,992.3563470249989
frozen_flux_cover,0.9,0.9637499999999999,1009.2055800020033,1009.2055800020015
frozen_flux_cover,0.9,0.96876953125,1026.3806678160713,1026.38066781607
frozen_flux_cover,0.9,0.9737890625,1043.8879318693407,1043.8879318693394
frozen_flux_cover,0.9,0.97880859375,1061.7338104637622,1061.733810463761
frozen_flux_cover,0.9,0.9838281249999999,1079.9248587397492,1079.9248587397483
frozen_flux_cover,0.9,0.9888476562499999,1098.4677516003655,1098.4677516003649
frozen_flux_cover,0.9,0.9938671874999999,1117.3692854918127,1117.3692854918122
frozen_flux_cover,0.9,0.9988867187499999,1136.6363790929674,1136.636379092967
frozen_flux_cover,0.9,1.00390625,1156.2760769525992,1156.276076952599
frozen_flux_cover,0.9,1.0089257812499999,1176.295549460505,1176.2955494605046
frozen_flux_cover,0.9,1.0139453125,1196.702095906344,1196.7020959063436
frozen_flux_cover,0.9,1.0189648437499998,1217.5031462216969,1217.5031462216964
frozen_flux_cover,0.9,1.023984375,1238.7062618032608,1238.7062618032608
frozen_flux_cover,0.9,1.02900390625,1260.3191391636692,1260.3191391636692
frozen_flux_cover,0.9,1.0340234375,1282.349609924959,1282.3496099249587
frozen_flux_cover,0.9,1.03904296875,1304.805643993548,1304.805643993548
frozen_flux_cover,0.9,1.0440625,1327.695351247404,1327.6953512474036
frozen_flux_cover,0.9,1.04908203125,1351.0269824777447,1351.0269824777447
frozen_flux_cover,0.9,1.0541015624999999,1374.8089330318435,1374.8089330318435
frozen_flux_cover,0.9,1.05912109375,1399.049742812481,1399.049742812481
frozen_flux_cover,0.9,1.0641406249999998,1423.7580995472517,1423.7580995472517
frozen_flux_cover,0.9,1.06916015625,1448.9428403994214,1448.9428403994214
frozen_flux_cover,0.9,1.0741796875,1474.6129530070355,1474.6129530070355
frozen_flux_cover,0.9,1.07919921875,1500.7775790932685,1500.7775790932685
frozen_flux_cover,0.9,1.08421875,1527.4460144476652,1527.4460144476652
frozen_flux_cover,0.9,1.0892382812499999,1554.6277122649099,1554.6277122649099
frozen_flux_cover,0.9,1.0942578125,1582.3322846515412,1582.3322846515412
frozen_flux_cover,0.9,1.0992773437499999,1610.5695037347791,1610.569503734779
frozen_flux_cover,0.9,1.104296875,1639.3493052129315,1639.3493052129315
frozen_flux_cover,0.9,1.1093164062499998,1668.6817882844812,1668.6817882844807
frozen_flux_cover,0.9,1.1143359375,1698.5772190287892,1698.5772190287892
frozen_flux_cover,0.9,1.11935546875,1729.0460317727716,1729.0460317727716
frozen_flux_cover,0.9,1.124375,1760.0988302344654,1760.0988302344654
frozen_flux_cover,0.9,1.12939453125,1791.746390982752,1791.746390982752
frozen_flux_cover,0.9,1.1344140624999999,1823.9996632684029,1823.9996632684029
frozen_flux_cover,0.9,1.13943359375,1856.8697724172473,1856.8697724172473
frozen_flux_cover,0.9,1.1444531249999998,1890.3680210106204,1890.3680210106204
frozen_flux_cover,0.9,1.14947265625,1924.5058900210242,1924.5058900210242
frozen_flux_cover,0.9,1.1544921874999998,1959.2950421467924,1959.2950421467924
frozen_flux_cover,0.9,1.15951171875,1994.7473214848055,1994.7473214848053
frozen_flux_cover,0.9,1.16453125,2030.8747569056918,2030.874756905692
frozen_flux_cover,0.9,1.16955078125,2067.689562988974,2067.689562988974
frozen_flux_cover,0.9,1.1745703125,2105.2041411002106,2105.2041411002106
frozen_flux_cover,0.9,1.1795898437499999,2143.4310825622733,2143.4310825622733
frozen_flux_cover,0.9,1.184609375,2182.3831680920816,2182.3831680920816
frozen_flux_cover,0.9,1.1896289062499998,2222.073371128018,2222.073371128018
frozen_flux_cover,0.9,1.1946484375,2262.514858444472,2262.514858444472
frozen_flux_cover,0.9,1.19966796875,2303.7209911120904,2303.7209911120904
frozen_flux_cover,0.9,1.2046875,2345.7053274626996,2345.7053274626996
frozen_flux_cover,0.9,1.20970703125,2388.4816221920346,2388.4816221920346
frozen_flux_cover,0.9,1.2147265624999999,2432.063829611965,2432.0638296119655
frozen_flux_cover,0.9,1.21974609375,2476.4661038491076,2476.4661038491076
frozen_flux_cover,0.9,1.2247656249999999,2521.702799622545,2521.7027996225456
frozen_flux_cover,0.9,1.22978515625,2567.7884749539953,2567.7884749539953
frozen_flux_cover,0.9,1.2348046874999998,2614.737889814839,2614.737889814839
frozen_flux_cover,0.9,1.23982421875,2662.5660092805224,2662.5660092805224
frozen_flux_cover,0.9,1.24484375,2711.288003193219,2711.288003193219
frozen_flux_cover,0.9,1.24986328125,2760.9192466854233,2760.9192466854233
frozen_flux_cover,0.9,1.2548828125,2811.475322580243,2811.475322580243
frozen_flux_cover,0.9,1.2599023437499999,2862.9720194340002,2862.9720194339993
frozen_flux_cover,0.9,1.264921875,2915.4253345777765,2915.4253345777765
frozen_flux_cover,0.9,1.2699414062499998,2968.8514730941456,2968.8514730941456
frozen_flux_cover,0.9,1.2749609375,3023.2668480109282,3023.2668480109282
frozen_flux_cover,0.9,1.2799804687499998,3078.6880823281954,3078.688082328195
frozen_flux_cover,0.9,1.285,3135.132006277334,3135.132006277334
controlled_minimum,0.7,0.0,205.5967942862498,204.08065318560512
controlled_minimum,0.7,0.00501953125,206.36956306677544,204.91917064594188
controlled_minimum,0.7,0.0100390625,207.14744091047476,205.7601128920966
controlled_minimum,0.7,0.015058593749999998,207.33189924346053,206.02997190119393
controlled_minimum,0.7,0.020078125,209.17153541920567,207.88155585264641
controlled_minimum,0.7,0.02509765625,207.76862573279286,206.62278802755245
controlled_minimum,0.7,0.030117187499999996,210.7478507361118,209.56569752095447
controlled_minimum,0.7,0.03513671875,208.8577590424084,207.82668739428152
controlled_minimum,0.7,0.04015625,211.32182031065022,210.2749641855085
controlled_minimum,0.7,0.04517578125,210.32897262893658,209.3882420313835
controlled_minimum,0.7,0.0501953125,211.65679344867527,210.7390451914915
controlled_minimum,0.7,0.05521484375,211.48101955214491,210.63295917487756
controlled_minimum,0.7,0.06023437499999999,212.12897754247223,211.32193249011502
controlled_minimum,0.7,0.06525390625,212.26294349356525,211.50941376884055
controlled_minimum,0.7,0.0702734375,212.6227373944953,211.91359454694765
controlled_minimum,0.7,0.07529296875,212.81722220970755,212.15421681055605
controlled_minimum,0.7,0.0803125,213.0328491820405,212.41274190462826
controlled_minimum,0.7,0.08533203125,213.2093814778486,212.630658931343
controlled_minimum,0.7,0.0903515625,213.3370454800858,212.79827571557334
controlled_minimum,0.7,0.09537109375,213.45794390115447,212.95689484481974
controlled_minimum,0.7,0.100390625,213.53034138098153,213.0656128187753
controlled_minimum,0.7,0.10541015625,213.57943961223788,213.14914740004664
controlled_minimum,0.7,0.1104296875,213.59711420051457,213.1995634102643
controlled_minimum,0.7,0.11544921875,213.58266796914987,213.21618263621968
controlled_minimum,0.7,0.12046874999999999,213.53901535068056,213.20189943724057
controlled_minimum,0.7,0.12548828125,213.46581065010196,213.15640925446752
controlled_minimum,0.7,0.1305078125,213.36191260804716,213.07861153868075
controlled_minimum,0.7,0.13552734375,213.2300758200661,212.97126719697764
controlled_minimum,0.7,0.140546875,213.06906079571172,212.83319226673774
controlled_minimum,0.7,0.14556640625,212.879786153275,212.6653373778683
controlled_minimum,0.7,0.1505859375,212.66335763021993,212.46884921969357
controlled_minimum,0.7,0.15560546875,212.4191920683164,212.24319992641114
controlled_minimum,0.7,0.160625,212.1486641851393,211.98980863365102
controlled_minimum,0.7,0.16564453124999998,211.85187120871132,211.70883113782185
controlled_minimum,0.7,0.1706640625,211.5284492062867,211.39996201235226
controlled_minimum,0.7,0.17568359374999998,211.17719847559573,211.06206131991408
controlled_minimum,0.7,0.180703125,210.79865936659021,210.6957311493654
controlled_minimum,0.7,0.18572265624999998,210.39314289351682,210.30134643083548
controlled_minimum,0.7,0.1907421875,209.96126490984017,209.87958717873786
controlled_minimum,0.7,0.19576171874999998,209.50318486388124,209.43067804344724
controlled_minimum,0.7,0.20078125,209.01967233373213,208.95545211721608
controlled_minimum,0.7,0.20580078124999998,208.51089297835577,208.45413921423818
controlled_minimum,0.7,0.2108203125,207.97742064621985,207.92737462838
controlled_minimum,0.7,0.21583984374999998,207.41972534146814,207.37568869877668
controlled_minimum,0.7,0.220859375,206.83811457180377,206.79944691361092
controlled_minimum,0.7,0.22587890624999998,206.23326054471136,206.19937660799957
controlled_minimum,0.7,0.2308984375,205.60549929994016,205.57586668106867
controlled_minimum,0.7,0.23591796874999998,204.95540321653448,204.92953890153
controlled_minimum,0.7,0.24093749999999997,204.28352792623645,204.2609955552184
controlled_minimum,0.7,0.24595703124999999,203.59031790135174,203.57072450663057
controlled_minimum,0.7,0.2509765625,202.87647728640496,202.85947006612173
controlled_minimum,0.7,0.25599609375,202.14243940598567,202.12770282667728
controlled_minimum,0.7,0.261015625,201.38508896930733,201.37234171552237
controlled_minimum,0.7,0.26603515624999996,200.60319180744457,200.59218372170815
controlled_minimum,0.7,0.2710546875,199.7977162132799,199.78822532585198
controlled_minimum,0.7,0.27607421875,198.96966512081354,198.96149506077336
controlled_minimum,0.7,0.28109375,198.11993119769193,198.11290879035047
controlled_minimum,0.7,0.28611328124999996,197.24950716950607,197.24347996637752
controlled_minimum,0.7,0.2911328125,196.35939281604817,196.35422706769845
controlled_minimum,0.7,0.29615234375,195.45052844431405,195.44610701961142
controlled_minimum,0.7,0.301171875,194.52395927202545,194.5201798428223
controlled_minimum,0.7,0.30619140624999996,193.58063286449936,193.57740627803724
controlled_minimum,0.7,0.3112109375,192.62154556508156,192.61879424443825
controlled_minimum,0.7,0.31623046875,191.64768878967288,191.6453454402889
controlled_minimum,0.7,0.32125,190.6599920183366,190.6579983370156
controlled_minimum,0.7,0.32626953124999997,189.65945279793598,189.6577583802339
controlled_minimum,0.7,0.33128906249999995,188.64697451674138,188.64553588778955
controlled_minimum,0.7,0.33630859375,187.62346225737213,187.62224194898832
controlled_minimum,0.7,0.341328125,186.5898052635566,186.58877107760253
controlled_minimum,0.7,0.34634765624999997,185.54675707147703,185.5458813588037
controlled_minimum,0.7,0.35136718749999996,184.49490701748726,184.49416608167442
controlled_minimum,0.7,0.35638671875,183.43504086269624,183.43441443283146
controlled_minimum,0.7,0.36140625,182.367936068124,182.36740681046786
controlled_minimum,0.7,0.36642578124999997,181.2943470947401,181.29390022723936
controlled_minimum,0.7,0.37144531249999996,180.21495519570706,180.21457811528742
controlled_minimum,0.7,0.37646484375,179.13044729080474,179.13012927063178
controlled_minimum,0.7,0.381484375,178.04143400894017,178.04116593383822
controlled_minimum,0.7,0.38650390625,176.94848092555023,176.94825504994947
controlled_minimum,0.7,0.39152343749999996,175.85213144851176,175.85194120728403
controlled_minimum,0.7,0.39654296875,174.75286336368697,174.75270319089591
controlled_minimum,0.7,0.4015625,173.6511509538012,173.65101613784572
controlled_minimum,0.7,0.40658203125,172.54740848422927,172.54729504177587
controlled_minimum,0.7,0.41160156249999996,171.44200915275533,171.44191371498815
controlled_minimum,0.7,0.41662109374999995,170.33531124113782,170.3352309656691
controlled_minimum,0.7,0.421640625,169.22763761383368,169.22757010069856
controlled_minimum,0.7,0.42666015625,168.1193129714434,168.11925619700696
controlled_minimum,0.7,0.43167968749999996,167.01070520620442,167.0106574657105
controlled_minimum,0.7,0.43669921874999995,165.90564212052632,165.90560197620457
controlled_minimum,0.7,0.44171875,164.8061853018045,164.80615154424652
controlled_minimum,0.7,0.44673828125,163.71230241499748,163.71227402600178
controlled_minimum,0.7,0.45175781249999997,162.6239749019643,162.6239510253409
controlled_minimum,0.7,0.45677734374999995,161.5411706202951,161.54115053650258
controlled_minimum,0.7,0.461796875,160.46386107024003,160.46384417395086
controlled_minimum,0.7,0.46681640625,159.39201257671894,159.39199835975816
controlled_minimum,0.7,0.47183593749999997,158.32557657379988,158.3255646088614
controlled_minimum,0.7,0.47685546874999996,157.26450636810517,157.26449629629053
controlled_minimum,0.7,0.48187499999999994,156.2087575107704,156.20874903070353
controlled_minimum,0.7,0.48689453125,155.15830387342461,155.1582967316922
controlled_minimum,0.7,0.49191406249999997,154.11311893739222,154.1131129213362
controlled_minimum,0.7,0.49693359374999996,153.07318008172973,153.07317501253175
controlled_minimum,0.7,0.5,152.43914518377412,152.43914061749354
controlled_minimum,0.7,0.501953125,152.03585394032163,152.03584966784314
controlled_minimum,0.7,0.50697265625,151.00639042573232,151.00638682374358
controlled_minimum,0.7,0.5119921875,149.9821228875943,149.98211984997434
controlled_minimum,0.7,0.51701171875,148.96303742230594,148.96303485995824
controlled_minimum,0.7,0.52203125,147.94995992473642,147.94995776267572
controlled_minimum,0.7,0.5270507812499999,146.94540416341871,146.94540233858925
controlled_minimum,0.7,0.5320703124999999,145.94926648389966,145.94926494329445
controlled_minimum,0.7,0.53708984375,144.96125509691274,144.96125379590316
controlled_minimum,0.7,0.542109375,143.98108302370224,143.9810819247799
controlled_minimum,0.7,0.54712890625,143.00846903598685,143.0084681075478
controlled_minimum,0.7,0.5521484375,142.043140033123,142.0431392485657
controlled_minimum,0.7,0.55716796875,140.91011764662252,140.9101169839389
controlled_minimum,0.7,0.5621875,139.7833226136958,139.78332205387042
controlled_minimum,0.7,0.5672070312499999,138.66240964692207,138.66240917395223
controlled_minimum,0.7,0.5722265624999999,137.5470789307587,137.5470785311409
controlled_minimum,0.7,0.5772460937499999,136.43704009923428,136.437039761586
controlled_minimum,0.7,0.582265625,135.33200948661698,135.33200920133763
controlled_minimum,0.7,0.58728515625,134.2317137648435,134.2317135238234
controlled_minimum,0.7,0.5923046875,133.13588747494603,133.13588727134564
controlled_minimum,0.7,0.59732421875,132.04427421934722,132.04427404738357
controlled_minimum,0.7,0.60234375,130.95662760146726,130.9566274562562
controlled_minimum,0.7,0.6073632812499999,129.87263706449951,129.87263694191353
controlled_minimum,0.7,0.6123828124999999,128.78969057649783,128.7896904730456
controlled_minimum,0.7,0.6174023437499999,127.70665711281528,127.70665702554717
controlled_minimum,0.7,0.622421875,126.62364752503234,126.62364745144987
controlled_minimum,0.7,0.62744140625,125.54077473995275,125.5407746779423
controlled_minimum,0.7,0.6324609375,124.4581521499722,124.45815209774487
controlled_minimum,0.7,0.63748046875,123.37589609583074,123.3758960518712
controlled_minimum,0.7,0.6425,122.2941233432774,122.2941233063039
controlled_minimum,0.7,0.64751953125,121.21295252718625,121.21295249611131
controlled_minimum,0.7,0.6525390624999999,120.13250404905035,120.13250402295259
controlled_minimum,0.7,0.6575585937499999,119.05289857258533,119.0528985506842
controlled_minimum,0.7,0.6625781249999999,117.97425924539895,117.97425922703333
controlled_minimum,0.7,0.66759765625,116.89670925370277,116.89670923831369
controlled_minimum,0.7,0.6726171875,115.82037329242394,115.82037327953861
controlled_minimum,0.7,0.67763671875,114.74537725341432,114.74537724263361
controlled_minimum,0.7,0.68265625,113.67184696325087,113.67184695423788
controlled_minimum,0.7,0.68767578125,112.59721671228765,112.59721670475828
controlled_minimum,0.7,0.6926953124999999,111.52450884424933,111.52450883796423
controlled_minimum,0.7,0.6977148437499999,110.45252083047656,110.45252082523409
controlled_minimum,0.7,0.7027343749999999,109.37762764619268,109.37762764182338
controlled_minimum,0.7,0.70775390625,108.30005308647326,108.30005308283462
controlled_minimum,0.7,0.7127734375,107.22026477512559,107.22026477209782
controlled_minimum,0.7,0.71779296875,106.13871986366624,106.13871986114883
controlled_minimum,0.7,0.7228125,105.05586832416446,105.05586832207304
controlled_minimum,0.7,0.72783203125,103.97215573447475,103.97215573273859
controlled_minimum,0.7,0.7328515624999999,102.88802667904322,102.88802667760315
controlled_minimum,0.7,0.7378710937499999,101.80391096487192,101.80391096367836
controlled_minimum,0.7,0.7428906249999999,100.71460067684082,100.71460067585242
controlled_minimum,0.7,0.7479101562499999,99.60350738576383,99.60350738494604
controlled_minimum,0.7,0.7529296875,98.49448453438228,98.4944845337062
controlled_minimum,0.7,0.75794921875,97.3879133828963,97.38791338233777
controlled_minimum,0.7,0.76296875,96.28420394134135,96.28420394088033
controlled_minimum,0.7,0.76798828125,95.17481105663937,95.17481105625914
controlled_minimum,0.7,0.7730078125,94.069406519544,94.06940651923065
controlled_minimum,0.7,0.7780273437499999,92.96836846365382,92.96836846339578
controlled_minimum,0.7,0.7830468749999999,91.87201563490049,91.87201563468818
controlled_minimum,0.7,0.7880664062499999,90.77945849859846,90.77945849842388
controlled_minimum,0.7,0.7930859375,89.69067967235186,89.69067967220846
controlled_minimum,0.7,0.79810546875,88.60620496023736,88.60620496011964
controlled_minimum,0.7,0.803125,87.52653682407866,87.5265368239821
controlled_minimum,0.7,0.80814453125,86.4521637670322,86.45216376695308
controlled_minimum,0.7,0.8131640625,85.38354779924353,85.38354779917873
controlled_minimum,0.7,0.8181835937499999,84.32113646291677,84.32113646286372
controlled_minimum,0.7,0.8232031249999999,83.26535608314764,83.26535608310428
controlled_minimum,0.7,0.8282226562499999,82.21661156381883,82.2166115637834
controlled_minimum,0.7,0.8332421874999999,81.07339233885148,81.07339233882256
controlled_minimum,0.7,0.83826171875,79.94214354063136,79.94214354060779
controlled_minimum,0.7,0.84328125,78.8231877616896,78.8231877616704
controlled_minimum,0.7,0.84830078125,77.71682353047834,77.71682353046272
controlled_minimum,0.7,0.8533203125,76.62332527116152,76.62332527114881
controlled_minimum,0.7,0.8583398437499999,75.54294518487877,75.54294518486844
controlled_minimum,0.7,0.8633593749999999,74.4728826650019,74.47288266499352
controlled_minimum,0.7,0.8683789062499999,73.41683617023297,73.41683617022618
controlled_minimum,0.7,0.8733984374999999,72.37484585742314,72.37484585741761
controlled_minimum,0.7,0.87841796875,71.34636562724648,71.346365627242
controlled_minimum,0.7,0.8834375,70.33091746157957,70.33091746157595
controlled_minimum,0.7,0.88845703125,69.32805769779797,69.32805769779503
controlled_minimum,0.7,0.8934765625,68.33505625260912,68.33505625260673
controlled_minimum,0.7,0.89849609375,67.35377857631728,67.35377857631536
controlled_minimum,0.7,0.9035156249999999,66.38379339502539,66.38379339502386
controlled_minimum,0.7,0.9085351562499999,65.42469376249224,65.424693762491
controlled_minimum,0.7,0.9135546874999999,64.47609600953743,64.47609600953642
controlled_minimum,0.7,0.9185742187499999,63.521483757660555,63.52148375765975
controlled_minimum,0.7,0.92359375,62.5814391231261,62.58143912312545
controlled_minimum,0.7,0.92861328125,61.65582740965757,61.655827409657036
controlled_minimum,0.7,0.9336328125,60.74165846126049,60.741658461260066
controlled_minimum,0.7,0.93865234375,59.84101901713041,59.841019017130066
controlled_minimum,0.7,0.9436718749999999,58.948551883132744,58.948551883132474
controlled_minimum,0.7,0.9486914062499999,58.06925020446926,58.06925020446903
controlled_minimum,0.7,0.9537109374999999,57.20120334897327,57.201203348973095
controlled_minimum,0.7,0.9587304687499999,56.33405541855565,56.3340554185555
controlled_minimum,0.7,0.9637499999999999,55.44488309071428,55.444883090714164
controlled_minimum,0.7,0.96876953125,54.5676987747952,54.56769877479511
controlled_minimum,0.7,0.9737890625,53.70250817693935,53.702508176939276
controlled_minimum,0.7,0.97880859375,52.849314436205596,52.849314436205546
controlled_minimum,0.7,0.9838281249999999,52.008118874991034,52.00811887499098
controlled_minimum,0.7,0.9888476562499999,51.17891906036694,51.1789190603669
controlled_minimum,0.7,0.9938671874999999,50.36170992882247,50.36170992882244
controlled_minimum,0.7,0.9988867187499999,49.556592056397406,49.55659205639739
controlled_minimum,0.7,1.00390625,48.76353748930547,48.76353748930545
controlled_minimum,0.7,1.0089257812499999,47.98251572929942,47.982515729299415
controlled_minimum,0.7,1.0139453125,47.21349357780954,47.21349357780952
controlled_minimum,0.7,1.0189648437499998,46.456434075935235,46.45643407593523
controlled_minimum,0.7,1.023984375,45.71129760517639,45.71129760517637
controlled_minimum,0.7,1.02900390625,44.97804074156635,44.97804074156635
controlled_minimum,0.7,1.0340234375,44.256615735711186,44.256615735711186
controlled_minimum,0.7,1.03904296875,43.54697236973079,43.54697236973079
controlled_minimum,0.7,1.0440625,42.84905438658645,42.84905438658645
controlled_minimum,0.7,1.04908203125,42.16299781008482,42.162997810084825
controlled_minimum,0.7,1.0541015624999999,41.48896580428042,41.48896580428042
controlled_minimum,0.7,1.05912109375,40.82675411780682,40.826754117806814
controlled_minimum,0.7,1.0641406249999998,40.176156304496196,40.176156304496196
controlled_minimum,0.7,1.06916015625,39.53696470254068,39.53696470254068
controlled_minimum,0.7,1.0741796875,38.908976919010165,38.90897691901015
controlled_minimum,0.7,1.07919921875,38.29199166677498,38.29199166677498
controlled_minimum,0.7,1.08421875,37.68580743906296,37.68580743906296
controlled_minimum,0.7,1.0892382812499999,37.090228752971974,37.090228752971974
controlled_minimum,0.7,1.0942578125,36.5050559455072,36.5050559455072
controlled_minimum,0.7,1.0992773437499999,35.930095419540294,35.930095419540294
controlled_minimum,0.7,1.104296875,35.36515319301615,35.36515319301615
controlled_minimum,0.7,1.1093164062499998,34.8100336324167,34.8100336324167
controlled_minimum,0.7,1.1143359375,34.26454820658408,34.26454820658408
controlled_minimum,0.7,1.11935546875,33.728501208699754,33.728501208699754
controlled_minimum,0.7,1.124375,33.20170455922465,33.20170455922465
controlled_minimum,0.7,1.12939453125,32.68396833057961,32.68396833057961
controlled_minimum,0.7,1.1344140624999999,32.17423231499759,32.17423231499759
controlled_minimum,0.7,1.13943359375,31.656310841802153,31.656310841802153
controlled_minimum,0.7,1.1444531249999998,31.12557241098077,31.12557241098077
controlled_minimum,0.7,1.14947265625,30.583551139734794,30.583551139734794
controlled_minimum,0.7,1.1544921874999998,30.03170728727203,30.03170728727203
controlled_minimum,0.7,1.15951171875,29.47142880922389,29.47142880922389
controlled_minimum,0.7,1.16453125,28.90404675986229,28.90404675986229
controlled_minimum,0.7,1.16955078125,28.330812443915693,28.330812443915693
controlled_minimum,0.7,1.1745703125,27.75292551663155,27.75292551663155
controlled_minimum,0.7,1.1795898437499999,27.171517122187367,27.171517122187367
controlled_minimum,0.7,1.184609375,26.587653035227795,26.587653035227795
controlled_minimum,0.7,1.1896289062499998,26.00235167869754,26.00235167869754
controlled_minimum,0.7,1.1946484375,25.416555190751666,25.416555190751666
controlled_minimum,0.7,1.19966796875,24.83116518915448,24.83116518915448
controlled_minimum,0.7,1.2046875,24.247019695763914,24.247019695763914
controlled_minimum,0.7,1.20970703125,23.664898675936566,23.664898675936566
controlled_minimum,0.7,1.2147265624999999,23.085544590591617,23.085544590591617
controlled_minimum,0.7,1.21974609375,22.50962640576376,22.50962640576376
controlled_minimum,0.7,1.2247656249999999,21.960845719177254,21.960845719177254
controlled_minimum,0.7,1.22978515625,21.484963393461538,21.484963393461538
controlled_minimum,0.7,1.2348046874999998,21.078937441966715,21.078937441966715
controlled_minimum,0.7,1.23982421875,20.73829182958041,20.73829182958041
controlled_minimum,0.7,1.24484375,20.45869537008401,20.45869537008401
controlled_minimum,0.7,1.24986328125,20.23601483243104,20.23601483243104
controlled_minimum,0.7,1.2548828125,20.06627155505397,20.06627155505397
controlled_minimum,0.7,1.2599023437499999,19.945648819241267,19.945648819241267
controlled_minimum,0.7,1.264921875,19.870506465993184,19.870506465993184
controlled_minimum,0.7,1.2699414062499998,19.83731571303906,19.83731571303906
controlled_minimum,0.7,1.2749609375,19.842748378851017,19.842748378851017
controlled_minimum,0.7,1.2799804687499998,19.88365116996117,19.88365116996117
controlled_minimum,0.7,1.285,19.957020968863173,19.957020968863173
frozen_flux_cover,0.7,0.0,261.1659154108777,257.54498896708344
frozen_flux_cover,0.7,0.00501953125,259.192420549381,255.85973152390736
frozen_flux_cover,0.7,0.0100390625,257.38839120749026,254.32013876376425
frozen_flux_cover,0.7,0.015058593749999998,255.73959253964702,252.9145628352424
frozen_flux_cover,0.7,0.020078125,254.23427972684152,251.63342643753955
frozen_flux_cover,0.7,0.02509765625,252.86285834095574,250.46895943322565
frozen_flux_cover,0.7,0.030117187499999996,251.61672659037404,249.41415110697292
frozen_flux_cover,0.7,0.03513671875,250.48849246545979,248.46299208256295
frozen_flux_cover,0.7,0.04015625,249.47151200843703,247.61005360262484
frozen_flux_cover,0.7,0.04517578125,248.56079706574644,246.85137352698115
frozen_flux_cover,0.7,0.0501953125,247.75275259784837,246.18423213818156
frozen_flux_cover,0.7,0.05521484375,247.04414551020994,245.60618727716428
frozen_flux_cover,0.7,0.06023437499999999,246.4322974264452,245.11527638561478
frozen_flux_cover,0.7,0.06525390625,245.91477403748814,244.70971894756036
frozen_flux_cover,0.7,0.0702734375,245.48963455720198,244.38816515379648
frozen_flux_cover,0.7,0.07529296875,245.1553406489726,244.14961595126724
frozen_flux_cover,0.7,0.0803125,244.9103575715108,243.99304300137973
frozen_flux_cover,0.7,0.08533203125,244.75300351476628,243.91725129233103
frozen_flux_cover,0.7,0.0903515625,244.68161174955574,243.92103089390923
frozen_flux_cover,0.7,0.09537109375,244.69428737596593,244.00292419550053
frozen_flux_cover,0.7,0.100390625,244.78898461152562,244.1613014484469
frozen_flux_cover,0.7,0.10541015625,244.96370582780636,244.39455282965807
frozen_flux_cover,0.7,0.1104296875,245.2163805441385,244.70097263848146
frozen_flux_cover,0.7,0.11544921875,245.54501990407354,245.07891239489325
frozen_flux_cover,0.7,0.12046874999999999,245.94766693003322,245.5267322091683
frozen_flux_cover,0.7,0.12548828125,246.42241439035925,246.0428213101127
frozen_flux_cover,0.7,0.1305078125,246.96743975968286,246.6256344048275
frozen_flux_cover,0.7,0.13552734375,247.58094640864223,247.27363383920104
frozen_flux_cover,0.7,0.140546875,248.26123073589721,247.98535926869081
frozen_flux_cover,0.7,0.14556640625,249.00667829344349,248.75942288631765
frozen_flux_cover,0.7,0.1505859375,249.81576144388737,249.59450945807865
frozen_flux_cover,0.7,0.15560546875,250.68705064724443,250.48938918308372
frozen_flux_cover,0.7,0.160625,251.61922264080113,251.4429251631706
frozen_flux_cover,0.7,0.16564453124999998,252.6110407707573,252.45405668689665
frozen_flux_cover,0.7,0.1706640625,253.66138723386453,253.52183014879782
frozen_flux_cover,0.7,0.17568359374999998,254.76924347561425,254.6453810374113
frozen_flux_cover,0.7,0.180703125,255.9336769492563,255.82392181774694
frozen_flux_cover,0.7,0.18572265624999998,257.1538764492821,257.0567764681505
frozen_flux_cover,0.7,0.1907421875,258.4290960002974,258.343326258198
frozen_flux_cover,0.7,0.19576171874999998,259.7586665672955,259.68302072657076
frozen_flux_cover,0.7,0.20078125,261.1419833556111,261.07536571236335
frozen_flux_cover,0.7,0.20580078124999998,262.57850174355156,262.51991976820614
frozen_flux_cover,0.7,0.2108203125,264.06776252714457,264.01631900601257
frozen_flux_cover,0.7,0.21583984374999998,265.6093517646825,265.56423801205784
frozen_flux_cover,0.7,0.220859375,267.2029071775514,267.16339588597424
frozen_flux_cover,0.7,0.22587890624999998,268.848109629354,268.8135483078179
frozen_flux_cover,0.7,0.2308984375,270.54468358732083,270.51448840855306
frozen_flux_cover,0.7,0.23591796874999998,272.29241522180047,272.2660647840727
frozen_flux_cover,0.7,0.24093749999999997,274.0911224815867,274.0681524279238
frozen_flux_cover,0.7,0.24595703124999999,275.9406551233979,275.92065265728115
frozen_flux_cover,0.7,0.2509765625,277.840890132729,277.8234891031534
frozen_flux_cover,0.7,0.25599609375,279.79173692232513,279.77661330275356
frozen_flux_cover,0.7,0.261015625,281.7931512713244,281.7800187079178
frozen_flux_cover,0.7,0.26603515624999996,283.84511145424,283.8337175222073
frozen_flux_cover,0.7,0.2710546875,285.9476180490617,285.9377405098946
frozen_flux_cover,0.7,0.27607421875,288.10069024858655,288.09213379571923
frozen_flux_cover,0.7,0.28109375,290.30437417852573,290.29696750223115
frozen_flux_cover,0.7,0.28611328124999996,292.55875752920235,292.55235048180236
frozen_flux_cover,0.7,0.2911328125,294.8639447185213,294.8584060006238
frozen_flux_cover,0.7,0.29615234375,297.22006200346493,297.2152768695014
frozen_flux_cover,0.7,0.301171875,299.62725144143764,299.62311976049637
frozen_flux_cover,0.7,0.30619140624999996,302.0856816732017,302.08211620433843
frozen_flux_cover,0.7,0.3112109375,304.595566824572,304.5924915707668
frozen_flux_cover,0.7,0.31623046875,307.15713528408395,307.15448418547976
frozen_flux_cover,0.7,0.32125,309.7706449028201,309.7683605401268
frozen_flux_cover,0.7,0.32626953124999997,312.4363715791629,312.43440410556155
frozen_flux_cover,0.7,0.33128906249999995,315.15462238075816,315.1529285792394
frozen_flux_cover,0.7,0.33630859375,317.9257604969604,317.92430288683676
frozen_flux_cover,0.7,0.341328125,320.7501645216307,320.74891066642215
frozen_flux_cover,0.7,0.34634765624999997,323.6282560146049,323.6271778305479
frozen_flux_cover,0.7,0.35136718749999996,326.56048095466167,326.5595541542681
frozen_flux_cover,0.7,0.35638671875,329.54732521039045,329.5465288124112
frozen_flux_cover,0.7,0.36140625,332.58934492163405,332.5886607884377
frozen_flux_cover,0.7,0.36642578124999997,335.68711642028154,335.6865289071088
frozen_flux_cover,0.7,0.37144531249999996,338.8412737415749,338.84076934223515
frozen_flux_cover,0.7,0.37646484375,342.05248387895455,342.0520509468322
frozen_flux_cover,0.7,0.381484375,345.3214635283549,345.3210920301268
frozen_flux_cover,0.7,0.38650390625,348.6490110393655,348.6486923231588
frozen_flux_cover,0.7,0.39152343749999996,352.03595213432015,352.0356787570819
frozen_flux_cover,0.7,0.39654296875,355.483179747264,355.482945298134
frozen_flux_cover,0.7,0.4015625,358.99162742867367,358.99142639265375
frozen_flux_cover,0.7,0.40658203125,362.5622843316971,362.5621119686247
frozen_flux_cover,0.7,0.41160156249999996,366.1962225035182,366.1960747344895
frozen_flux_cover,0.7,0.41662109374999995,369.8945461608812,369.89441948490276
frozen_flux_cover,0.7,0.421640625,373.6584104548402,373.6583018626395
frozen_flux_cover,0.7,0.42666015625,377.4890075056393,377.488914414152
frozen_flux_cover,0.7,0.43167968749999996,381.3875700330058,381.38749022680753
frozen_flux_cover,0.7,0.43669921874999995,385.35538106203705,385.3553126386349
frozen_flux_cover,0.7,0.44171875,389.393754138,389.3936954679326
frozen_flux_cover,0.7,0.44673828125,393.5040296514598,393.50397933670644
frozen_flux_cover,0.7,0.45175781249999997,397.68757720268246,397.68753404551234
frozen_flux_cover,0.7,0.45677734374999995,401.9458007351384,401.9457637100699
frozen_flux_cover,0.7,0.461796875,406.2801411258001,406.28010935358424
frozen_flux_cover,0.7,0.46681640625,410.69207608919305,410.69204881792695
frozen_flux_cover,0.7,0.47183593749999997,415.183139037079,415.18311562236346
frozen_flux_cover,0.7,0.47685546874999996,419.75490697631534,419.7548868666571
frozen_flux_cover,0.7,0.48187499999999994,424.4089695122475,424.4089522358014
frozen_flux_cover,0.7,0.48689453125,429.1469182477965,429.1469034001634
frozen_flux_cover,0.7,0.49191406249999997,433.9703750549415,433.97036229041163
frozen_flux_cover,0.7,0.49693359374999996,438.8809799749786,438.88096899724127
frozen_flux_cover,0.7,0.5,441.9244379748391,441.92442796136334
frozen_flux_cover,0.7,0.501953125,443.8804028236277,443.880393379065
frozen_flux_cover,0.7,0.50697265625,448.97034180656414,448.97033367810155
frozen_flux_cover,0.7,0.5119921875,454.1525208615382,454.15251386302504
frozen_flux_cover,0.7,0.51701171875,459.42869960970035,459.4286935818989
frozen_flux_cover,0.7,0.52203125,464.8006685451709,464.8006633514608
frozen_flux_cover,0.7,0.5270507812499999,470.27025461787736,470.27025014120414
frozen_flux_cover,0.7,0.5320703124999999,475.83932164695136,475.8393177869963
frozen_flux_cover,0.7,0.53708984375,481.50977019378803,481.5097668643999
frozen_flux_cover,0.7,0.542109375,487.2835413890201,487.2835385163896
frozen_flux_cover,0.7,0.54712890625,493.16261545850364,493.16261297918913
frozen_flux_cover,0.7,0.5521484375,499.1490146759605,499.1490125355077
frozen_flux_cover,0.7,0.55716796875,505.244803645478,505.2448017971211
frozen_flux_cover,0.7,0.5621875,511.45208982631743,511.4520882298098
frozen_flux_cover,0.7,0.5672070312499999,517.7730258843834,517.7730245051669
frozen_flux_cover,0.7,0.5722265624999999,524.2098086698662,524.2098074781657
frozen_flux_cover,0.7,0.5772460937499999,530.7646819497378,530.7646809199357
frozen_flux_cover,0.7,0.582265625,537.4399362151688,537.439935325208
frozen_flux_cover,0.7,0.58728515625,544.2379093322066,544.2379085630575
frozen_flux_cover,0.7,0.5923046875,551.1609890215926,551.1609883568723
frozen_flux_cover,0.7,0.59732421875,558.2116110654101,558.2116104909665
frozen_flux_cover,0.7,0.60234375,565.3922629061042,565.3922624097302
frozen_flux_cover,0.7,0.6073632812499999,572.7054828468757,572.705482418033
frozen_flux_cover,0.7,0.6123828124999999,580.1538607665551,580.1538603961295
frozen_flux_cover,0.7,0.6174023437499999,587.7400412426987,587.7400409228239
frozen_flux_cover,0.7,0.622421875,595.4667208259531,595.4667205498175
frozen_flux_cover,0.7,0.62744140625,603.3366527225479,603.3366524842629
frozen_flux_cover,0.7,0.6324609375,611.3526454673124,611.3526452617831
frozen_flux_cover,0.7,0.63748046875,619.5175638083417,619.5175636311535
frozen_flux_cover,0.7,0.6425,627.8343323952823,627.8343322426172
frozen_flux_cover,0.7,0.64751953125,636.3059324239449,636.3059322924862
frozen_flux_cover,0.7,0.6525390624999999,644.935407193549,644.93540708042
frozen_flux_cover,0.7,0.6575585937499999,653.7258604257912,653.7258603284959
frozen_flux_cover,0.7,0.6625781249999999,662.6804574265926,662.6804573429649
frozen_flux_cover,0.7,0.66759765625,671.802429086908,671.8024290150728
frozen_flux_cover,0.7,0.6726171875,681.0950683200957,681.0950682584269
frozen_flux_cover,0.7,0.67763671875,690.5617361463383,690.5617360934294
frozen_flux_cover,0.7,0.68265625,700.2058598582469,700.2058598128818
frozen_flux_cover,0.7,0.68767578125,710.0309345183662,710.0309344794923
frozen_flux_cover,0.7,0.6926953124999999,720.0405270250893,720.0405269917991
frozen_flux_cover,0.7,0.6977148437499999,730.2382727048806,730.2382726763889
frozen_flux_cover,0.7,0.7027343749999999,740.6278816026472,740.6278815782775
frozen_flux_cover,0.7,0.70775390625,751.2131366688973,751.2131366480661
frozen_flux_cover,0.7,0.7127734375,761.9978956034332,761.9978955856374
frozen_flux_cover,0.7,0.71779296875,772.9860948186592,772.986094803466
frozen_flux_cover,0.7,0.7228125,784.1817464270194,784.1817464140563
frozen_flux_cover,0.7,0.72783203125,795.5889445107424,795.5889444996888
frozen_flux_cover,0.7,0.7328515624999999,807.2118634564465,807.2118634470269
frozen_flux_cover,0.7,0.7378710937499999,819.0547601262522,819.05476011823
frozen_flux_cover,0.7,0.7428906249999999,831.1219776368303,831.1219776300026
frozen_flux_cover,0.7,0.7479101562499999,843.4179428630023,843.4179428571946
frozen_flux_cover,0.7,0.7529296875,855.9471725647318,855.9471725597947
frozen_flux_cover,0.7,0.75794921875,868.7142719422446,868.7142719380506
frozen_flux_cover,0.7,0.76296875,881.7239371060646,881.7239371025037
frozen_flux_cover,0.7,0.76798828125,894.9809586549699,894.9809586519485
frozen_flux_cover,0.7,0.7730078125,908.4902197260465,908.4902197234846
frozen_flux_cover,0.7,0.7780273437499999,922.2567019430234,922.2567019408524
frozen_flux_cover,0.7,0.7830468749999999,936.2854842241134,936.2854842222748
frozen_flux_cover,0.7,0.7880664062499999,950.5817455250929,950.5817455235368
frozen_flux_cover,0.7,0.7930859375,965.150768228245,965.1507682269289
frozen_flux_cover,0.7,0.79810546875,979.9979367000898,979.9979366989772
frozen_flux_cover,0.7,0.803125,995.1287431018611,995.1287431009213
frozen_flux_cover,0.7,0.80814453125,1010.5487865144538,1010.5487865136604
frozen_flux_cover,0.7,0.8131640625,1026.2637759241732,1026.2637759235035
frozen_flux_cover,0.7,0.8181835937499999,1042.2795332756448,1042.2795332750804
frozen_flux_cover,0.7,0.8232031249999999,1058.6019922344697,1058.6019922339942
frozen_flux_cover,0.7,0.8282226562499999,1075.2372041710576,1075.237204170657
frozen_flux_cover,0.7,0.8332421874999999,1092.1913372630702,1092.191337262733
frozen_flux_cover,0.7,0.83826171875,1109.4706798058526,1109.4706798055693
frozen_flux_cover,0.7,0.84328125,1127.081643734469,1127.0816437342307
frozen_flux_cover,0.7,0.84830078125,1145.0307644215575,1145.0307644213572
frozen_flux_cover,0.7,0.8533203125,1163.3247059066516,1163.3247059064838
frozen_flux_cover,0.7,0.8583398437499999,1181.9702604363995,1181.9702604362585
frozen_flux_cover,0.7,0.8633593749999999,1200.9743519224273,1200.9743519223093
frozen_flux_cover,0.7,0.8683789062499999,1220.344039000722,1220.344039000623
frozen_flux_cover,0.7,0.8733984374999999,1240.0865149593385,1240.0865149592557
frozen_flux_cover,0.7,0.87841796875,1260.209113236706,1260.2091132366368
frozen_flux_cover,0.7,0.8834375,1280.7193070665833,1280.7193070665253
frozen_flux_cover,0.7,0.88845703125,1301.6247132240892,1301.6247132240405
frozen_flux_cover,0.7,0.8934765625,1322.9330950605747,1322.9330950605345
frozen_flux_cover,0.7,0.89849609375,1344.6523626643086,1344.652362664275
frozen_flux_cover,0.7,0.9035156249999999,1366.7905785086225,1366.7905785085943
frozen_flux_cover,0.7,0.9085351562499999,1389.3559571591322,1389.3559571591088
frozen_flux_cover,0.7,0.9135546874999999,1412.3568693108198,1412.3568693108004
frozen_flux_cover,0.7,0.9185742187499999,1435.801844815491,1435.8018448154744
frozen_flux_cover,0.7,0.92359375,1459.6995730887174,1459.6995730887038
frozen_flux_cover,0.7,0.92861328125,1484.0589088829772,1484.058908882966
frozen_flux_cover,0.7,0.9336328125,1508.8888720585353,1508.888872058526
frozen_flux_cover,0.7,0.93865234375,1534.1986519023455,1534.1986519023378
frozen_flux_cover,0.7,0.9436718749999999,1559.997610140756,1559.9976101407492
frozen_flux_cover,0.7,0.9486914062499999,1586.2952815955734,1586.295281595568
frozen_flux_cover,0.7,0.9537109374999999,1613.1013800617338,1613.1013800617293
frozen_flux_cover,0.7,0.9587304687499999,1640.4257981433693,1640.425798143366
frozen_flux_cover,0.7,0.9637499999999999,1668.2786118400468,1668.2786118400436
frozen_flux_cover,0.7,0.96876953125,1696.6700835326897,1696.6700835326872
frozen_flux_cover,0.7,0.9737890625,1725.6106628860532,1725.610662886051
frozen_flux_cover,0.7,0.97880859375,1755.1109928074436,1755.1109928074418
frozen_flux_cover,0.7,0.9838281249999999,1785.1819093453003,1785.181909345299
frozen_flux_cover,0.7,0.9888476562499999,1815.8344465230532,1815.834446523052
frozen_flux_cover,0.7,0.9938671874999999,1847.0798392823845,1847.0798392823838
frozen_flux_cover,0.7,0.9988867187499999,1878.929524623069,1878.9295246230683
frozen_flux_cover,0.7,1.00390625,1911.3951476155214,1911.3951476155207
frozen_flux_cover,0.7,1.0089257812499999,1944.4885613530798,1944.4885613530796
frozen_flux_cover,0.7,1.0139453125,1978.2218320084462,1978.221832008446
frozen_flux_cover,0.7,1.0189648437499998,2012.6072417134171,2012.607241713417
frozen_flux_cover,0.7,1.023984375,2047.6572899196765,2047.657289919676
frozen_flux_cover,0.7,1.02900390625,2083.3846994338205,2083.3846994338205
frozen_flux_cover,0.7,1.0340234375,2119.802416406565,2119.8024164065646
frozen_flux_cover,0.7,1.03904296875,2156.923615581172,2156.9236155811714
frozen_flux_cover,0.7,1.0440625,2194.7617030824435,2194.7617030824435
frozen_flux_cover,0.7,1.04908203125,2233.3303179734153,2233.3303179734153
frozen_flux_cover,0.7,1.0541015624999999,2272.64333827713,2272.6433382771297
frozen_flux_cover,0.7,1.05912109375,2312.7148809757346,2312.714880975734
frozen_flux_cover,0.7,1.0641406249999998,2353.559307414845,2353.559307414845
frozen_flux_cover,0.7,1.06916015625,2395.1912259663904,2395.1912259663904
frozen_flux_cover,0.7,1.0741796875,2437.625493746324,2437.625493746324
frozen_flux_cover,0.7,1.07919921875,2480.8772225827506,2480.87722258275
frozen_flux_cover,0.7,1.08421875,2524.961778984916,2524.961778984916
frozen_flux_cover,0.7,1.0892382812499999,2569.8947896624027,2569.8947896624027
frozen_flux_cover,0.7,1.0942578125,2615.6921440158135,2615.6921440158135
frozen_flux_cover,0.7,1.0992773437499999,2662.369995969738,2662.3699959697374
frozen_flux_cover,0.7,1.104296875,2709.9447698417857,2709.9447698417853
frozen_flux_cover,0.7,1.1093164062499998,2758.433160225367,2758.433160225367
frozen_flux_cover,0.7,1.1143359375,2807.852137578203,2807.852137578203
frozen_flux_cover,0.7,1.11935546875,2858.2189504815215,2858.2189504815215
frozen_flux_cover,0.7,1.124375,2909.5511275304434,2909.5511275304434
frozen_flux_cover,0.7,1.12939453125,2961.8664830531206,2961.8664830531206
frozen_flux_cover,0.7,1.1344140624999999,3015.183116831442,3015.183116831442
frozen_flux_cover,0.7,1.13943359375,3069.519419710144,3069.519419710144
frozen_flux_cover,0.7,1.1444531249999998,3124.8940755481694,3124.8940755481694
frozen_flux_cover,0.7,1.14947265625,3181.32606309598,3181.32606309598
frozen_flux_cover,0.7,1.1544921874999998,3238.8346615079636,3238.8346615079636
frozen_flux_cover,0.7,1.15951171875,3297.4394498014135,3297.4394498014135
frozen_flux_cover,0.7,1.16453125,3357.1603124359394,3357.1603124359394
frozen_flux_cover,0.7,1.16955078125,3418.017440859325,3418.0174408593252
frozen_flux_cover,0.7,1.1745703125,3480.0313352881044,3480.0313352881044
frozen_flux_cover,0.7,1.1795898437499999,3543.222809949881,3543.222809949881
frozen_flux_cover,0.7,1.184609375,3607.612992152217,3607.612992152217
frozen_flux_cover,0.7,1.1896289062499998,3673.2233277830505,3673.2233277830505
frozen_flux_cover,0.7,1.1946484375,3740.0755823265763,3740.0755823265768
frozen_flux_cover,0.7,1.19966796875,3808.1918424505993,3808.1918424505993
frozen_flux_cover,0.7,1.2046875,3877.5945209077286,3877.5945209077286
frozen_flux_cover,0.7,1.20970703125,3948.3063550521397,3948.306355052139
frozen_flux_cover,0.7,1.2147265624999999,4020.3504122156987,4020.3504122156987
frozen_flux_cover,0.7,1.21974609375,4093.7500900362807,4093.7500900362807
frozen_flux_cover,0.7,1.2247656249999999,4168.529117743393,4168.529117743393
frozen_flux_cover,0.7,1.22978515625,4244.711560638238,4244.711560638238
frozen_flux_cover,0.7,1.2348046874999998,4322.321817857183,4322.321817857183
frozen_flux_cover,0.7,1.23982421875,4401.384627586171,4401.384627586171
frozen_flux_cover,0.7,1.24484375,4481.925066503078,4481.925066503078
frozen_flux_cover,0.7,1.24986328125,4563.9685506432525,4563.9685506432525
frozen_flux_cover,0.7,1.2548828125,4647.540839367342,4647.540839367342
frozen_flux_cover,0.7,1.2599023437499999,4732.668032125593,4732.668032125593
frozen_flux_cover,0.7,1.264921875,4819.376573485713,4819.376573485713
frozen_flux_cover,0.7,1.2699414062499998,4907.693251441344,4907.693251441344
frozen_flux_cover,0.7,1.2749609375,4997.645197732353,4997.645197732353
frozen_flux_cover,0.7,1.2799804687499998,5089.259891195589,5089.259891195589
frozen_flux_cover,0.7,1.285,5182.565153233961,5182.565153233961
controlled_minimum,0.5,0.0,402.9697168010496,399.9980802437859
controlled_minimum,0.5,0.00501953125,404.4843436108798,401.641574466046
controlled_minimum,0.5,0.0100390625,406.0089841845304,403.2898212685093
controlled_minimum,0.5,0.015058593749999998,406.37052251718256,403.8187449263401
controlled_minimum,0.5,0.020078125,409.97620942164315,407.4478494711868
controlled_minimum,0.5,0.02509765625,407.226506436274,404.98066453400276
controlled_minimum,0.5,0.030117187499999996,413.0657874427791,410.7487671410707
controlled_minimum,0.5,0.03513671875,409.3612077231204,407.3403072927918
controlled_minimum,0.5,0.04015625,414.1907678088744,412.1389298035966
controlled_minimum,0.5,0.04517578125,412.2447863527157,410.40095438151167
controlled_minimum,0.5,0.0501953125,414.8473151594035,413.04852857532336
controlled_minimum,0.5,0.05521484375,414.502798322204,412.84059998276007
controlled_minimum,0.5,0.06023437499999999,415.7727959832455,414.1909876806254
controlled_minimum,0.5,0.06525390625,416.0353692473878,414.5584509869274
controlled_minimum,0.5,0.0702734375,416.74056529321075,415.3506453120173
controlled_minimum,0.5,0.07529296875,417.12175553102674,415.82226494868974
controlled_minimum,0.5,0.0803125,417.5443843967994,416.32897413307137
controlled_minimum,0.5,0.08533203125,417.8903876965833,416.7560915054322
controlled_minimum,0.5,0.0903515625,418.1406091409682,417.0846204025238
controlled_minimum,0.5,0.09537109375,418.37757004626275,417.39551389584665
controlled_minimum,0.5,0.100390625,418.51946910672376,417.6086011247996
controlled_minimum,0.5,0.10541015625,418.6157016399862,417.77232890409135
controlled_minimum,0.5,0.1104296875,418.6503438330083,417.8711442841179
controlled_minimum,0.5,0.11544921875,418.6220292195336,417.9037179669904
controlled_minimum,0.5,0.12046874999999999,418.5364700873338,417.8757228969914
controlled_minimum,0.5,0.12548828125,418.39298887419983,417.78656213875627
controlled_minimum,0.5,0.1305078125,418.1893487117724,417.63407861581413
controlled_minimum,0.5,0.13552734375,417.9309486073294,417.4236837060761
controlled_minimum,0.5,0.140546875,417.6153591595949,417.15305684280594
controlled_minimum,0.5,0.14556640625,417.2443808604189,416.8240612606219
controlled_minimum,0.5,0.1505859375,416.82018095523097,416.4389444705993
controlled_minimum,0.5,0.15560546875,416.34161645390014,415.9966718557658
controlled_minimum,0.5,0.160625,415.8113818028729,415.50002492195597
controlled_minimum,0.5,0.16564453124999998,415.22966756907414,414.9493090301308
controlled_minimum,0.5,0.1706640625,414.5957604443219,414.3439255442104
controlled_minimum,0.5,0.17568359374999998,413.9073090121676,413.6816401870316
controlled_minimum,0.5,0.180703125,413.1653723585168,412.9636330527561
controlled_minimum,0.5,0.18572265624999998,412.37056007129297,412.19063900443746
controlled_minimum,0.5,0.1907421875,411.5240792232866,411.3639908703261
controlled_minimum,0.5,0.19576171874999998,410.6262423332072,410.4841289651566
controlled_minimum,0.5,0.20078125,409.67855777411495,409.5526861497435
controlled_minimum,0.5,0.20580078124999998,408.6813502375773,408.57011285990677
controlled_minimum,0.5,0.2108203125,407.6357444665909,407.5376542716248
controlled_minimum,0.5,0.21583984374999998,406.5426616692775,406.4563498496023
controlled_minimum,0.5,0.220859375,405.40270456073534,405.32691595067735
controlled_minimum,0.5,0.22587890624999998,404.2171906676342,404.1507781516791
controlled_minimum,0.5,0.2308984375,402.98677862788276,402.92869869489454
controlled_minimum,0.5,0.23591796874999998,401.7125903044075,401.66189624699877
controlled_minimum,0.5,0.24093749999999997,400.3957147354233,400.35155128822805
controlled_minimum,0.5,0.24595703124999999,399.0370230866493,398.99862003299586
controlled_minimum,0.5,0.2509765625,397.6378954813537,397.60456132959854
controlled_minimum,0.5,0.25599609375,396.1991812357319,396.17029754028744
controlled_minimum,0.5,0.261015625,394.7147743798424,394.68978976242374
controlled_minimum,0.5,0.26603515624999996,393.1822559425913,393.1606800945479
controlled_minimum,0.5,0.2710546875,391.6035237780285,391.58492163866987
controlled_minimum,0.5,0.27607421875,389.98054363679444,389.9645303191157
controlled_minimum,0.5,0.28109375,388.31506514747616,388.30130122908685
controlled_minimum,0.5,0.28611328124999996,386.60903405223195,386.5972207340999
controlled_minimum,0.5,0.2911328125,384.86440991945443,384.85428505268897
controlled_minimum,0.5,0.29615234375,383.0830357508555,383.0743697584384
controlled_minimum,0.5,0.301171875,381.2669601731699,381.25955249193174
controlled_minimum,0.5,0.30619140624999996,379.4180404144188,379.41171630495296
controlled_minimum,0.5,0.3112109375,377.5382293075598,377.53283671909895
controlled_minimum,0.5,0.31623046875,375.6294700277587,375.6248770629662
controlled_minimum,0.5,0.32125,373.6935843559398,373.6896767405506
controlled_minimum,0.5,0.32626953124999997,371.7325274839545,371.7292064252584
controlled_minimum,0.5,0.33128906249999995,369.748070052813,369.7452503400674
controlled_minimum,0.5,0.33630859375,367.74198602444926,367.739594220017
controlled_minimum,0.5,0.341328125,365.7160183165709,365.7139913121009
controlled_minimum,0.5,0.34634765624999997,363.67164386009483,363.6699274632552
controlled_minimum,0.5,0.35136718749999996,361.610017754275,361.60856552008175
controlled_minimum,0.5,0.35638671875,359.5326800908845,359.53145228834967
controlled_minimum,0.5,0.36140625,357.44115469352295,357.44011734851694
controlled_minimum,0.5,0.36642578124999997,355.33692030569057,355.3360444453891
controlled_minimum,0.5,0.37144531249999996,353.2213121835858,353.22057310596335
controlled_minimum,0.5,0.37646484375,351.0956766899772,351.0950533704382
controlled_minimum,0.5,0.381484375,348.9612106575227,348.96068523032284
controlled_minimum,0.5,0.38650390625,346.8190226140784,346.8185798979009
controlled_minimum,0.5,0.39152343749999996,344.67017763908297,344.6698047662767
controlled_minimum,0.5,0.39654296875,342.5156121928264,342.51529825415594
controlled_minimum,0.5,0.4015625,340.3562558694503,340.35599163017764
controlled_minimum,0.5,0.40658203125,338.19292062908926,338.1926982818806
controlled_minimum,0.5,0.41160156249999996,336.0263379394004,336.0261508813768
controlled_minimum,0.5,0.41662109374999995,333.8572100326301,333.8570526927113
controlled_minimum,0.5,0.421640625,331.6861697231139,331.68603739736915
controlled_minimum,0.5,0.42666015625,329.513853424029,329.5137421461336
controlled_minimum,0.5,0.43167968749999996,327.3409822041606,327.34088863279254
controlled_minimum,0.5,0.43669921874999995,325.1750585562315,325.17497987336094
controlled_minimum,0.5,0.44171875,323.0201231915368,323.0200570267231
controlled_minimum,0.5,0.44673828125,320.876112733395,320.87605709096346
controlled_minimum,0.5,0.45175781249999997,318.74299080785,318.74294400966807
controlled_minimum,0.5,0.45677734374999995,316.6206944157783,316.6206550515449
controlled_minimum,0.5,0.461796875,314.5091676976704,314.5091345809436
controlled_minimum,0.5,0.46681640625,312.4083446503691,312.4083167851259
controlled_minimum,0.5,0.47183593749999997,310.31813008464775,310.3181066333683
controlled_minimum,0.5,0.47685546874999996,308.23843248148614,308.2384127407294
controlled_minimum,0.5,0.48187499999999994,306.1691647211099,306.16914810017886
controlled_minimum,0.5,0.48689453125,304.1102755919122,304.11026159411665
controlled_minimum,0.5,0.49191406249999997,302.06171311728866,302.0617013258189
controlled_minimum,0.5,0.49693359374999996,300.02343296019023,300.0234230245622
controlled_minimum,0.5,0.5,298.7807245601972,298.78071561028736
controlled_minimum,0.5,0.501953125,297.9902737230303,297.9902653489725
controlled_minimum,0.5,0.50697265625,295.97252523443524,295.9725181745374
controlled_minimum,0.5,0.5119921875,293.9649608596848,293.96495490594964
controlled_minimum,0.5,0.51701171875,291.9675533477196,291.96754832551807
controlled_minimum,0.5,0.52203125,289.98192145248333,289.98191721484443
controlled_minimum,0.5,0.5270507812499999,288.01299216030066,288.0129885836349
controlled_minimum,0.5,0.5320703124999999,286.06056230844325,286.06055928885706
controlled_minimum,0.5,0.53708984375,284.124059989949,284.12405743997016
controlled_minimum,0.5,0.542109375,282.20292272645634,282.20292057256853
controlled_minimum,0.5,0.54712890625,280.2965993105342,280.2965974907937
controlled_minimum,0.5,0.5521484375,278.4045544649211,278.40455292718866
controlled_minimum,0.5,0.55716796875,276.1838305873801,276.18382928852026
controlled_minimum,0.5,0.5621875,273.97531232284376,273.975311225586
controlled_minimum,0.5,0.5672070312499999,271.77832290796727,271.7783219809464
controlled_minimum,0.5,0.5722265624999999,269.592274704287,269.59227392103617
controlled_minimum,0.5,0.5772460937499999,267.41659859449913,267.4165979327085
controlled_minimum,0.5,0.582265625,265.25073859376926,265.25073803462175
controlled_minimum,0.5,0.58728515625,263.09415897909327,263.0941585066939
controlled_minimum,0.5,0.5923046875,260.9463394508942,260.9463390518374
controlled_minimum,0.5,0.59732421875,258.8067774699206,258.80677713287173
controlled_minimum,0.5,0.60234375,256.67499009887587,256.6749898142622
controlled_minimum,0.5,0.6073632812499999,254.550368646419,254.55036840615043
controlled_minimum,0.5,0.6123828124999999,252.42779352993574,252.42779332716933
controlled_minimum,0.5,0.6174023437499999,250.30504794111795,250.30504777007243
controlled_minimum,0.5,0.622421875,248.18234914906333,248.18234900484165
controlled_minimum,0.5,0.62744140625,246.05991849030738,246.05991836876686
controlled_minimum,0.5,0.6324609375,243.93797821394546,243.93797811157987
controlled_minimum,0.5,0.63748046875,241.8167563478282,241.81675626166754
controlled_minimum,0.5,0.6425,239.69648175282367,239.69648168035562
controlled_minimum,0.5,0.64751953125,237.57738695328501,237.5773868923781
controlled_minimum,0.5,0.6525390624999999,235.4597079361386,235.45970788498698
controlled_minimum,0.5,0.6575585937499999,233.3436812022672,233.34368115934103
controlled_minimum,0.5,0.6625781249999999,231.22954812098195,231.22954808498523
controlled_minimum,0.5,0.66759765625,229.1175501372574,229.11755010709481
controlled_minimum,0.5,0.6726171875,227.00793165315088,227.0079316278957
controlled_minimum,0.5,0.67763671875,224.90093941669204,224.90093939556183
controlled_minimum,0.5,0.68265625,222.7968200479716,222.79682003030624
controlled_minimum,0.5,0.68767578125,220.69054475608377,220.69054474132622
controlled_minimum,0.5,0.6926953124999999,218.58803733472865,218.58803732240986
controlled_minimum,0.5,0.6977148437499999,216.48694082773406,216.48694081745876
controlled_minimum,0.5,0.7027343749999999,214.3801501865376,214.38015017797383
controlled_minimum,0.5,0.70775390625,212.26810404948753,212.26810404235582
controlled_minimum,0.5,0.7127734375,210.1517189592461,210.15171895331167
controlled_minimum,0.5,0.71779296875,208.0318909327858,208.03189092785166
controlled_minimum,0.5,0.7228125,205.90950191536237,205.90950191126316
controlled_minimum,0.5,0.72783203125,203.7854252395705,203.7854252361676
controlled_minimum,0.5,0.7328515624999999,201.66053229092466,201.66053228810216
controlled_minimum,0.5,0.7378710937499999,199.535665491149,199.53566548880957
controlled_minimum,0.5,0.7428906249999999,197.40061732660803,197.40061732467075
controlled_minimum,0.5,0.7479101562499999,195.22287447609708,195.22287447449418
controlled_minimum,0.5,0.7529296875,193.04918968738926,193.0491896860641
controlled_minimum,0.5,0.75794921875,190.8803102304767,190.88031022938205
controlled_minimum,0.5,0.76296875,188.717039725029,188.71703972412539
controlled_minimum,0.5,0.76798828125,186.54262967101312,186.5426296702679
controlled_minimum,0.5,0.7730078125,184.37603677830626,184.3760367776921
controlled_minimum,0.5,0.7780273437499999,182.21800218876143,182.2180021882557
controlled_minimum,0.5,0.7830468749999999,180.06915064440494,180.0691506439888
controlled_minimum,0.5,0.7880664062499999,177.92773865725295,177.92773865691078
controlled_minimum,0.5,0.7930859375,175.79373215780964,175.79373215752855
controlled_minimum,0.5,0.79810546875,173.66816172206524,173.6681617218345
controlled_minimum,0.5,0.803125,171.55201217519414,171.55201217500488
controlled_minimum,0.5,0.80814453125,169.44624098338312,169.44624098322802
controlled_minimum,0.5,0.8131640625,167.35175368651733,167.35175368639028
controlled_minimum,0.5,0.8181835937499999,165.26942746731683,165.2694274672129
controlled_minimum,0.5,0.8232031249999999,163.20009792296938,163.20009792288434
controlled_minimum,0.5,0.8282226562499999,161.1445586650849,161.14455866501544
controlled_minimum,0.5,0.8332421874999999,158.90384898414885,158.9038489840922
controlled_minimum,0.5,0.83826171875,156.68660133963746,156.68660133959128
controlled_minimum,0.5,0.84328125,154.4934480129116,154.49344801287396
controlled_minimum,0.5,0.84830078125,152.3249741197375,152.3249741197069
controlled_minimum,0.5,0.8533203125,150.18171753147658,150.18171753145165
controlled_minimum,0.5,0.8583398437499999,148.0641725623624,148.06417256234212
controlled_minimum,0.5,0.8633593749999999,145.9668500234037,145.96685002338725
controlled_minimum,0.5,0.8683789062499999,143.8969988936566,143.89699889364326
controlled_minimum,0.5,0.8733984374999999,141.85469788054934,141.8546978805385
controlled_minimum,0.5,0.87841796875,139.83887662940307,139.83887662939432
controlled_minimum,0.5,0.8834375,137.84859822469593,137.84859822468883
controlled_minimum,0.5,0.88845703125,135.882993087684,135.88299308767824
controlled_minimum,0.5,0.8934765625,133.93671025511387,133.9367102551092
controlled_minimum,0.5,0.89849609375,132.01340600958184,132.0134060095781
controlled_minimum,0.5,0.9035156249999999,130.1122350542498,130.11223505424675
controlled_minimum,0.5,0.9085351562499999,128.2323997744848,128.23239977448233
controlled_minimum,0.5,0.9135546874999999,126.37314817869333,126.37314817869135
controlled_minimum,0.5,0.9185742187499999,124.50210816501468,124.50210816501307
controlled_minimum,0.5,0.92359375,122.65962068132714,122.65962068132588
controlled_minimum,0.5,0.92861328125,120.8454217229288,120.84542172292778
controlled_minimum,0.5,0.9336328125,119.05365058407054,119.05365058406971
controlled_minimum,0.5,0.93865234375,117.2883972735756,117.28839727357492
controlled_minimum,0.5,0.9436718749999999,115.53916169094016,115.53916169093962
controlled_minimum,0.5,0.9486914062499999,113.81573040075972,113.81573040075929
controlled_minimum,0.5,0.9537109374999999,112.11435856398762,112.11435856398728
controlled_minimum,0.5,0.9587304687499999,110.41474862036907,110.4147486203688
controlled_minimum,0.5,0.9637499999999999,108.67197085779996,108.67197085779975
controlled_minimum,0.5,0.96876953125,106.95268959859855,106.9526895985984
controlled_minimum,0.5,0.9737890625,105.25691602680112,105.25691602680098
controlled_minimum,0.5,0.97880859375,103.58465629496297,103.58465629496284
controlled_minimum,0.5,0.9838281249999999,101.93591299498239,101.93591299498232
controlled_minimum,0.5,0.9888476562499999,100.31068135831919,100.31068135831912
controlled_minimum,0.5,0.9938671874999999,98.70895146049203,98.70895146049196
controlled_minimum,0.5,0.9988867187499999,97.13092043053892,97.1309204305389
controlled_minimum,0.5,1.00390625,95.5765334790387,95.57653347903866
controlled_minimum,0.5,1.0089257812499999,94.04573082942687,94.04573082942686
controlled_minimum,0.5,1.0139453125,92.53844741250668,92.53844741250664
controlled_minimum,0.5,1.0189648437499998,91.05461078883303,91.05461078883303
controlled_minimum,0.5,1.023984375,89.59414330614571,89.5941433061457
controlled_minimum,0.5,1.02900390625,88.15695985347004,88.15695985347004
controlled_minimum,0.5,1.0340234375,86.74296684199393,86.74296684199392
controlled_minimum,0.5,1.03904296875,85.35206584467235,85.35206584467232
controlled_minimum,0.5,1.0440625,83.98414659770943,83.98414659770943
controlled_minimum,0.5,1.04908203125,82.63947570776624,82.63947570776624
controlled_minimum,0.5,1.0541015624999999,81.31837297638963,81.31837297638961
controlled_minimum,0.5,1.05912109375,80.02043807090135,80.02043807090135
controlled_minimum,0.5,1.0641406249999998,78.74526635681252,78.74526635681252
controlled_minimum,0.5,1.06916015625,77.49245081697974,77.49245081697974
controlled_minimum,0.5,1.0741796875,76.2615947612599,76.2615947612599
controlled_minimum,0.5,1.07919921875,75.05230366687896,75.05230366687896
controlled_minimum,0.5,1.08421875,73.8641825805634,73.8641825805634
controlled_minimum,0.5,1.0892382812499999,72.69684835582507,72.69684835582507
controlled_minimum,0.5,1.0942578125,71.5499096531941,71.5499096531941
controlled_minimum,0.5,1.0992773437499999,70.42298702229897,70.42298702229897
controlled_minimum,0.5,1.104296875,69.31570025831165,69.31570025831165
controlled_minimum,0.5,1.1093164062499998,68.22766591953673,68.22766591953673
controlled_minimum,0.5,1.1143359375,67.15851448490479,67.15851448490479
controlled_minimum,0.5,1.11935546875,66.10786236905152,66.10786236905152
controlled_minimum,0.5,1.124375,65.07534093608031,65.07534093608031
controlled_minimum,0.5,1.12939453125,64.06057792793601,64.06057792793601
controlled_minimum,0.5,1.1344140624999999,63.06149533739526,63.06149533739526
controlled_minimum,0.5,1.13943359375,62.04636924993222,62.04636924993222
controlled_minimum,0.5,1.1444531249999998,61.0061219255223,61.0061219255223
controlled_minimum,0.5,1.14947265625,59.943760233880184,59.943760233880184
controlled_minimum,0.5,1.1544921874999998,58.86214628305317,58.86214628305317
controlled_minimum,0.5,1.15951171875,57.76400046607882,57.76400046607882
controlled_minimum,0.5,1.16453125,56.65193164933008,56.65193164933008
controlled_minimum,0.5,1.16955078125,55.52839239007476,55.52839239007476
controlled_minimum,0.5,1.1745703125,54.39573401259781,54.39573401259781
controlled_minimum,0.5,1.1795898437499999,53.25617355948724,53.25617355948724
controlled_minimum,0.5,1.184609375,52.11179994904648,52.11179994904648
controlled_minimum,0.5,1.1896289062499998,50.96460929024717,50.96460929024717
controlled_minimum,0.5,1.1946484375,49.816448173873255,49.816448173873255
controlled_minimum,0.5,1.19966796875,48.66908377074277,48.66908377074277
controlled_minimum,0.5,1.2046875,47.524158603697266,47.524158603697266
controlled_minimum,0.5,1.20970703125,46.38320140483566,46.383201404835674
controlled_minimum,0.5,1.2147265624999999,45.24766739755957,45.24766739755957
controlled_minimum,0.5,1.21974609375,44.11886775529697,44.11886775529697
controlled_minimum,0.5,1.2247656249999999,43.04325760958741,43.04325760958741
controlled_minimum,0.5,1.22978515625,42.11052825118461,42.11052825118461
controlled_minimum,0.5,1.2348046874999998,41.314717386254756,41.314717386254756
controlled_minimum,0.5,1.23982421875,40.64705198597759,40.64705198597759
controlled_minimum,0.5,1.24484375,40.09904292536465,40.09904292536465
controlled_minimum,0.5,1.24986328125,39.66258907156483,39.66258907156483
controlled_minimum,0.5,1.2548828125,39.329892247905775,39.329892247905775
controlled_minimum,0.5,1.2599023437499999,39.09347168571287,39.09347168571287
controlled_minimum,0.5,1.264921875,38.94619267334664,38.94619267334663
controlled_minimum,0.5,1.2699414062499998,38.88113879755655,38.88113879755655
controlled_minimum,0.5,1.2749609375,38.891786822547985,38.891786822547985
controlled_minimum,0.5,1.2799804687499998,38.971956293123895,38.971956293123895
controlled_minimum,0.5,1.285,39.11576109897181,39.11576109897181
frozen_flux_cover,0.5,0.0,511.88519420532015,504.78817837548337
frozen_flux_cover,0.5,0.00501953125,508.0171442767867,501.4850737868583
frozen_flux_cover,0.5,0.0100390625,504.48124676668095,498.46747197697783
frozen_flux_cover,0.5,0.015058593749999998,501.24960137770825,495.71254315707506
frozen_flux_cover,0.5,0.020078125,498.29918826460937,493.20151581757744
frozen_flux_cover,0.5,0.02509765625,495.61120234827314,490.91916048912225
frozen_flux_cover,0.5,0.030117187499999996,493.1687841171331,488.8517361696669
frozen_flux_cover,0.5,0.03513671875,490.95744523230104,486.98746448182334
frozen_flux_cover,0.5,0.04015625,488.9641635365364,485.3157050611447
frozen_flux_cover,0.5,0.04517578125,487.17916224886295,483.8286921128831
frozen_flux_cover,0.5,0.0501953125,485.59539509178273,482.5210949908358
frozen_flux_cover,0.5,0.05521484375,484.2065252000114,481.3881270632419
frozen_flux_cover,0.5,0.06023437499999999,483.0073029558326,480.4259417158049
frozen_flux_cover,0.5,0.06525390625,481.9929571134767,479.63104913721827
frozen_flux_cover,0.5,0.0702734375,481.1596837321159,479.000803701441
frozen_flux_cover,0.5,0.07529296875,480.5044676719862,478.53324726448386
frozen_flux_cover,0.5,0.0803125,480.0243008401611,478.2263642827042
frozen_flux_cover,0.5,0.08533203125,479.71588688894184,478.0778125329687
frozen_flux_cover,0.5,0.0903515625,479.57595902912925,478.0852205520621
frozen_flux_cover,0.5,0.09537109375,479.60080325689313,478.2457314231811
frozen_flux_cover,0.5,0.100390625,479.78640983859015,478.55615083895583
frozen_flux_cover,0.5,0.10541015625,480.1288634225004,479.0133235461297
frozen_flux_cover,0.5,0.1104296875,480.62410586651146,479.6139063714236
frozen_flux_cover,0.5,0.11544921875,481.26823901198395,480.3546682939907
frozen_flux_cover,0.5,0.12046874999999999,482.0574271828651,481.23239512996975
frozen_flux_cover,0.5,0.12548828125,482.987932205104,482.2439297678209
frozen_flux_cover,0.5,0.1305078125,484.05618192897833,483.38624343346197
frozen_flux_cover,0.5,0.13552734375,485.2586549609387,484.6563223248339
frozen_flux_cover,0.5,0.140546875,486.59201224235846,486.051304166634
frozen_flux_cover,0.5,0.14556640625,488.0530894551491,487.56846885718255
frozen_flux_cover,0.5,0.1505859375,489.63889243001915,489.20523853783413
frozen_flux_cover,0.5,0.15560546875,491.34661926859894,490.9592027988441
frozen_flux_cover,0.5,0.160625,493.1736763759702,492.8281333198142
frozen_flux_cover,0.5,0.16564453124999998,495.1176399106842,494.8099511063172
frozen_flux_cover,0.5,0.1706640625,497.1763189783745,496.9027870916437
frozen_flux_cover,0.5,0.17568359374999998,499.34771721220386,499.1049468333261
frozen_flux_cover,0.5,0.180703125,501.63000682054223,501.41488676278396
frozen_flux_cover,0.5,0.18572265624999998,504.02159784059285,503.83128187757484
frozen_flux_cover,0.5,0.1907421875,506.5210281605829,506.352919466068
frozen_flux_cover,0.5,0.19576171874999998,509.1269864718991,508.97872062407856
frozen_flux_cover,0.5,0.20078125,511.8382873769977,511.707716796232
frozen_flux_cover,0.5,0.20580078124999998,514.653863417361,514.5390427456841
frozen_flux_cover,0.5,0.2108203125,517.5728145532033,517.4719852517845
frozen_flux_cover,0.5,0.21583984374999998,520.5943294587777,520.5059065036334
frozen_flux_cover,0.5,0.220859375,523.7176980680007,523.6402559365093
frozen_flux_cover,0.5,0.22587890624999998,526.9422948735338,526.874554683323
frozen_flux_cover,0.5,0.2308984375,530.2675798311486,530.208397280764
frozen_flux_cover,0.5,0.23591796874999998,533.6931338347289,533.6414869767824
frozen_flux_cover,0.5,0.24093749999999997,537.2186000639099,537.1735787587305
frozen_flux_cover,0.5,0.24595703124999999,540.8436840418598,540.804479208271
frozen_flux_cover,0.5,0.2509765625,544.5681446601488,544.5340386421806
frozen_flux_cover,0.5,0.25599609375,548.3918043677571,548.3621620733969
frozen_flux_cover,0.5,0.261015625,552.314576491796,552.2888366675189
frozen_flux_cover,0.5,0.26603515624999996,556.3364184503105,556.3140863435262
frozen_flux_cover,0.5,0.2710546875,560.4573313761607,560.4379713993933
frozen_flux_cover,0.5,0.27607421875,564.6773528872295,564.6605822396095
frozen_flux_cover,0.5,0.28109375,568.9965733899104,568.982056304373
frozen_flux_cover,0.5,0.28611328124999996,573.4151647572365,573.4026069443324
frozen_flux_cover,0.5,0.2911328125,577.9333316483016,577.9224757612226
frozen_flux_cover,0.5,0.29615234375,582.5513215267913,582.5419426642227
frozen_flux_cover,0.5,0.301171875,587.2694128252177,587.2613147305728
frozen_flux_cover,0.5,0.30619140624999996,592.0879360794752,592.0809477605034
frozen_flux_cover,0.5,0.3112109375,597.007310976161,597.0012834787029
frozen_flux_cover,0.5,0.31623046875,602.0279851568044,602.0227890035403
frozen_flux_cover,0.5,0.32125,607.1504640095274,607.1459866586484
frozen_flux_cover,0.5,0.32626953124999997,612.3752882951592,612.3714320469005
frozen_flux_cover,0.5,0.33128906249999995,617.7030598662859,617.6997400153092
frozen_flux_cover,0.5,0.33630859375,623.1344905740422,623.1316336581998
frozen_flux_cover,0.5,0.341328125,628.6703224623963,628.6678649061872
frozen_flux_cover,0.5,0.34634765624999997,634.3113817886255,634.309268547874
frozen_flux_cover,0.5,0.35136718749999996,640.0585426711367,640.0567261423654
frozen_flux_cover,0.5,0.35638671875,645.9127574123653,645.911196472326
frozen_flux_cover,0.5,0.36140625,651.8751160464027,651.8737751453378
frozen_flux_cover,0.5,0.36642578124999997,657.9467481837518,657.9455966579332
frozen_flux_cover,0.5,0.37144531249999996,664.1288965334867,664.127907910781
frozen_flux_cover,0.5,0.37646484375,670.4228684027509,670.4220198557911
frozen_flux_cover,0.5,0.381484375,676.8300685155756,676.8293403790485
frozen_flux_cover,0.5,0.38650390625,683.3520616371563,683.351436953391
frozen_flux_cover,0.5,0.39152343749999996,689.9904661832674,689.9899303638804
frozen_flux_cover,0.5,0.39654296875,696.7470323046375,696.7465727843424
frozen_flux_cover,0.5,0.4015625,703.6235897602004,703.6231957296012
frozen_flux_cover,0.5,0.40658203125,710.6220772901262,710.6217394585044
frozen_flux_cover,0.5,0.41160156249999996,717.7445961068956,717.7443064795995
frozen_flux_cover,0.5,0.41662109374999995,724.9933104753271,724.9930621904093
frozen_flux_cover,0.5,0.421640625,732.3704844914868,732.3702716507732
frozen_flux_cover,0.5,0.42666015625,739.8784547110528,739.8782722517378
frozen_flux_cover,0.5,0.43167968749999996,747.5196372646913,747.5194808445428
frozen_flux_cover,0.5,0.43669921874999995,755.2965468815925,755.2964127717245
frozen_flux_cover,0.5,0.44171875,763.21175811048,763.2116431171477
frozen_flux_cover,0.5,0.44673828125,771.267898116861,771.2677994999444
frozen_flux_cover,0.5,0.45175781249999997,779.4676513172576,779.467566729204
frozen_flux_cover,0.5,0.45677734374999995,787.813769440871,787.813696871737
frozen_flux_cover,0.5,0.461796875,796.3090766065679,796.3090143330248
frozen_flux_cover,0.5,0.46681640625,804.9564691348182,804.9564156831369
frozen_flux_cover,0.5,0.47183593749999997,813.7589525126747,813.7589066198323
frozen_flux_cover,0.5,0.47685546874999996,822.719617673578,822.719578258648
frozen_flux_cover,0.5,0.48187499999999994,831.8415802440048,831.8415463821705
frozen_flux_cover,0.5,0.48689453125,841.1279597656811,841.1279306643202
frozen_flux_cover,0.5,0.49191406249999997,850.5819351076852,850.5819100892068
frozen_flux_cover,0.5,0.49693359374999996,860.2067207509579,860.2066992345927
frozen_flux_cover,0.5,0.5,866.1718984306847,866.1718788042721
frozen_flux_cover,0.5,0.501953125,870.0055895343102,870.0055710229674
frozen_flux_cover,0.5,0.50697265625,879.9818699408655,879.9818540090788
frozen_flux_cover,0.5,0.5119921875,890.1389408886149,890.138927171529
frozen_flux_cover,0.5,0.51701171875,900.4802512350126,900.4802394205217
frozen_flux_cover,0.5,0.52203125,911.0093103485349,911.0093001688631
frozen_flux_cover,0.5,0.5270507812499999,921.7296990510396,921.7296902767602
frozen_flux_cover,0.5,0.5320703124999999,932.6450704280247,932.6450628625129
frozen_flux_cover,0.5,0.53708984375,943.7591495798243,943.7591430542236
frozen_flux_cover,0.5,0.542109375,955.0757411224793,955.0757354921235
frozen_flux_cover,0.5,0.54712890625,966.598726298667,966.5987214392105
frozen_flux_cover,0.5,0.5521484375,978.3320687648823,978.3320645695949
frozen_flux_cover,0.5,0.55716796875,990.2798151451367,990.2798115223572
frozen_flux_cover,0.5,0.5621875,1002.4460960595818,1002.446092930427
frozen_flux_cover,0.5,0.5672070312499999,1014.8351307333915,1014.8351280301268
frozen_flux_cover,0.5,0.5722265624999999,1027.4512249929378,1027.4512226572047
frozen_flux_cover,0.5,0.5772460937499999,1040.298776621486,1040.298774603074
frozen_flux_cover,0.5,0.582265625,1053.382274981731,1053.3822732374078
frozen_flux_cover,0.5,0.58728515625,1066.7063022911252,1066.7063007835927
frozen_flux_cover,0.5,0.5923046875,1080.2755384823213,1080.2755371794692
frozen_flux_cover,0.5,0.59732421875,1094.0947576882038,1094.0947565622942
frozen_flux_cover,0.5,0.60234375,1108.1688352959638,1108.168834323071
frozen_flux_cover,0.5,0.6073632812499999,1122.5027463798763,1122.5027455393445
frozen_flux_cover,0.5,0.6123828124999999,1137.1015671024477,1137.1015663764133
frozen_flux_cover,0.5,0.6174023437499999,1151.9704808356894,1151.970480208735
frozen_flux_cover,0.5,0.622421875,1167.1147728188678,1167.1147722776423
frozen_flux_cover,0.5,0.62744140625,1182.5398393361936,1182.5398388691551
frozen_flux_cover,0.5,0.6324609375,1198.2511851159322,1198.2511847130945
frozen_flux_cover,0.5,0.63748046875,1214.2544250643496,1214.2544247170604
frozen_flux_cover,0.5,0.6425,1230.5552914947532,1230.5552911955294
frozen_flux_cover,0.5,0.64751953125,1247.1596275509319,1247.159627293273
frozen_flux_cover,0.5,0.6525390624999999,1264.0733980993562,1264.073397877623
frozen_flux_cover,0.5,0.6575585937499999,1281.3026864345507,1281.302686243852
frozen_flux_cover,0.5,0.6625781249999999,1298.8536965561211,1298.853696392211
frozen_flux_cover,0.5,0.66759765625,1316.7327610103398,1316.7327608695427
frozen_flux_cover,0.5,0.6726171875,1334.9463339073873,1334.9463337865166
frozen_flux_cover,0.5,0.67763671875,1353.5010028468228,1353.501002743122
frozen_flux_cover,0.5,0.68265625,1372.4034853221635,1372.4034852332481
frozen_flux_cover,0.5,0.68767578125,1391.6606316559971,1391.6606315798047
frozen_flux_cover,0.5,0.6926953124999999,1411.2794329691746,1411.279432903926
frozen_flux_cover,0.5,0.6977148437499999,1431.2670145015657,1431.267014445722
frozen_flux_cover,0.5,0.7027343749999999,1451.6306479411887,1451.6306478934239
frozen_flux_cover,0.5,0.70775390625,1472.3777478710385,1472.377747830209
frozen_flux_cover,0.5,0.7127734375,1493.515875382729,1493.5158753478493
frozen_flux_cover,0.5,0.71779296875,1515.0527458445717,1515.0527458147935
frozen_flux_cover,0.5,0.7228125,1536.9962229969578,1536.9962229715502
frozen_flux_cover,0.5,0.72783203125,1559.3543312410548,1559.3543312193897
frozen_flux_cover,0.5,0.7328515624999999,1582.135252374635,1582.1352523561727
frozen_flux_cover,0.5,0.7378710937499999,1605.347329847454,1605.3473298317306
frozen_flux_cover,0.5,0.7428906249999999,1628.9990761681872,1628.9990761548052
frozen_flux_cover,0.5,0.7479101562499999,1653.0991680114844,1653.0991680001014
frozen_flux_cover,0.5,0.7529296875,1677.656458226874,1677.6564582171977
frozen_flux_cover,0.5,0.75794921875,1702.6799730067992,1702.679972998579
frozen_flux_cover,0.5,0.76296875,1728.1789167278862,1728.178916720907
frozen_flux_cover,0.5,0.76798828125,1754.1626789637407,1754.162678957819
frozen_flux_cover,0.5,0.7730078125,1780.6408306630515,1780.6408306580297
frozen_flux_cover,0.5,0.7780273437499999,1807.6231358083255,1807.6231358040707
frozen_flux_cover,0.5,0.7830468749999999,1835.1195490792622,1835.1195490756586
frozen_flux_cover,0.5,0.7880664062499999,1863.1402212291816,1863.1402212261319
frozen_flux_cover,0.5,0.7930859375,1891.6955057273603,1891.6955057247808
frozen_flux_cover,0.5,0.79810546875,1920.7959559321755,1920.7959559299948
frozen_flux_cover,0.5,0.803125,1950.4523364796476,1950.4523364778058
frozen_flux_cover,0.5,0.80814453125,1980.6756215683292,1980.6756215667742
frozen_flux_cover,0.5,0.8131640625,2011.477000811379,2011.477000810067
frozen_flux_cover,0.5,0.8181835937499999,2042.8678852202636,2042.8678852191572
frozen_flux_cover,0.5,0.8232031249999999,2074.8599047795606,2074.859904778628
frozen_flux_cover,0.5,0.8282226562499999,2107.464920175272,2107.4649201744874
frozen_flux_cover,0.5,0.8332421874999999,2140.695021035617,2140.695021034957
frozen_flux_cover,0.5,0.83826171875,2174.562532419471,2174.562532418916
frozen_flux_cover,0.5,0.84328125,2209.0800217195588,2209.0800217190917
frozen_flux_cover,0.5,0.84830078125,2244.260298266252,2244.26029826586
frozen_flux_cover,0.5,0.8533203125,2280.116423577037,2280.116423576708
frozen_flux_cover,0.5,0.8583398437499999,2316.661710455343,2316.6617104550664
frozen_flux_cover,0.5,0.8633593749999999,2353.9097297679573,2353.9097297677254
frozen_flux_cover,0.5,0.8683789062499999,2391.8743164414145,2391.874316441221
frozen_flux_cover,0.5,0.8733984374999999,2430.5695693203033,2430.569569320141
frozen_flux_cover,0.5,0.87841796875,2470.009861943943,2470.009861943807
frozen_flux_cover,0.5,0.8834375,2510.209841850503,2510.2098418503892
frozen_flux_cover,0.5,0.88845703125,2551.184437919215,2551.1844379191193
frozen_flux_cover,0.5,0.8934765625,2592.9488663187262,2592.948866318647
frozen_flux_cover,0.5,0.89849609375,2635.518630822045,2635.5186308219786
frozen_flux_cover,0.5,0.9035156249999999,2678.9095338768993,2678.9095338768443
frozen_flux_cover,0.5,0.9085351562499999,2723.137676031899,2723.137676031853
frozen_flux_cover,0.5,0.9135546874999999,2768.219463849206,2768.219463849168
frozen_flux_cover,0.5,0.9185742187499999,2814.1716158383615,2814.1716158383297
frozen_flux_cover,0.5,0.92359375,2861.0111632538856,2861.011163253859
frozen_flux_cover,0.5,0.92861328125,2908.755461410635,2908.7554614106125
frozen_flux_cover,0.5,0.9336328125,2957.422189234729,2957.422189234711
frozen_flux_cover,0.5,0.93865234375,3007.029357728597,3007.0293577285815
frozen_flux_cover,0.5,0.9436718749999999,3057.5953158758807,3057.5953158758684
frozen_flux_cover,0.5,0.9486914062499999,3109.1387519273226,3109.1387519273126
frozen_flux_cover,0.5,0.9537109374999999,3161.6787049209975,3161.678704920989
frozen_flux_cover,0.5,0.9587304687499999,3215.234564361004,3215.2345643609956
frozen_flux_cover,0.5,0.9637499999999999,3269.8260792064907,3269.826079206485
frozen_flux_cover,0.5,0.96876953125,3325.4733637240715,3325.473363724067
frozen_flux_cover,0.5,0.9737890625,3382.196899256664,3382.19689925666
frozen_flux_cover,0.5,0.97880859375,3440.01754590259,3440.0175459025863
frozen_flux_cover,0.5,0.9838281249999999,3498.956542316788,3498.956542316785
frozen_flux_cover,0.5,0.9888476562499999,3559.0355151851845,3559.0355151851822
frozen_flux_cover,0.5,0.9938671874999999,3620.2764849934733,3620.276484993472
frozen_flux_cover,0.5,0.9988867187499999,3682.7018682612143,3682.7018682612133
frozen_flux_cover,0.5,1.00390625,3746.3344893264207,3746.3344893264198
frozen_flux_cover,0.5,1.0089257812499999,3811.1975802520365,3811.1975802520346
frozen_flux_cover,0.5,1.0139453125,3877.314790736554,3877.3147907365537
frozen_flux_cover,0.5,1.0189648437499998,3944.710193758297,3944.710193758297
frozen_flux_cover,0.5,1.023984375,4013.4082882425655,4013.408288242564
frozen_flux_cover,0.5,1.02900390625,4083.4340108902884,4083.4340108902884
frozen_flux_cover,0.5,1.0340234375,4154.812736156867,4154.812736156867
frozen_flux_cover,0.5,1.03904296875,4227.570286539096,4227.570286539095
frozen_flux_cover,0.5,1.0440625,4301.732938041589,4301.732938041588
frozen_flux_cover,0.5,1.04908203125,4377.327423227893,4377.327423227893
frozen_flux_cover,0.5,1.0541015624999999,4454.380943023173,4454.380943023173
frozen_flux_cover,0.5,1.05912109375,4532.921166712439,4532.921166712438
frozen_flux_cover,0.5,1.0641406249999998,4612.9762425330955,4612.9762425330955
frozen_flux_cover,0.5,1.06916015625,4694.574802894124,4694.574802894124
frozen_flux_cover,0.5,1.0741796875,4777.745967742795,4777.745967742795
frozen_flux_cover,0.5,1.07919921875,4862.519356262191,4862.51935626219
frozen_flux_cover,0.5,1.08421875,4948.925086810435,4948.925086810435
frozen_flux_cover,0.5,1.0892382812499999,5036.993787738309,5036.993787738309
frozen_flux_cover,0.5,1.0942578125,5126.756602270994,5126.756602270994
frozen_flux_cover,0.5,1.0992773437499999,5218.245192100683,5218.245192100683
frozen_flux_cover,0.5,1.104296875,5311.491748889898,5311.491748889898
frozen_flux_cover,0.5,1.1093164062499998,5406.52899404172,5406.528994041719
frozen_flux_cover,0.5,1.1143359375,5503.390189653276,5503.390189653277
frozen_flux_cover,0.5,1.11935546875,5602.109142943781,5602.109142943781
frozen_flux_cover,0.5,1.124375,5702.720209959667,5702.720209959667
frozen_flux_cover,0.5,1.12939453125,5805.258306784116,5805.258306784116
frozen_flux_cover,0.5,1.1344140624999999,5909.7589089896255,5909.7589089896255
frozen_flux_cover,0.5,1.13943359375,6016.25806263188,6016.25806263188
frozen_flux_cover,0.5,1.1444531249999998,6124.79238807441,6124.79238807441
frozen_flux_cover,0.5,1.14947265625,6235.3990836681205,6235.3990836681205
frozen_flux_cover,0.5,1.1544921874999998,6348.115936555606,6348.115936555608
frozen_flux_cover,0.5,1.15951171875,6462.981321610769,6462.981321610769
frozen_flux_cover,0.5,1.16453125,6580.034212374442,6580.034212374442
frozen_flux_cover,0.5,1.16955078125,6699.314184084277,6699.314184084277
frozen_flux_cover,0.5,1.1745703125,6820.861417164684,6820.861417164684
frozen_flux_cover,0.5,1.1795898437499999,6944.716707501765,6944.716707501765
frozen_flux_cover,0.5,1.184609375,7070.921464618345,7070.921464618345
frozen_flux_cover,0.5,1.1896289062499998,7199.517722454779,7199.517722454779
frozen_flux_cover,0.5,1.1946484375,7330.548141360089,7330.548141360089
frozen_flux_cover,0.5,1.19966796875,7464.0560112031735,7464.0560112031735
frozen_flux_cover,0.5,1.2046875,7600.085260979147,7600.085260979147
frozen_flux_cover,0.5,1.20970703125,7738.680455902192,7738.680455902192
frozen_flux_cover,0.5,1.2147265624999999,7879.886807942769,7879.886807942769
frozen_flux_cover,0.5,1.21974609375,8023.750176471109,8023.750176471109
frozen_flux_cover,0.5,1.2247656249999999,8170.317070777048,8170.317070777048
frozen_flux_cover,0.5,1.22978515625,8319.634658850946,8319.634658850946
frozen_flux_cover,0.5,1.2348046874999998,8471.75076300008,8471.75076300008
frozen_flux_cover,0.5,1.23982421875,8626.713870068894,8626.713870068894
frozen_flux_cover,0.5,1.24484375,8784.57313034603,8784.57313034603
frozen_flux_cover,0.5,1.24986328125,8945.378359260772,8945.378359260772
frozen_flux_cover,0.5,1.2548828125,9109.180045159988,9109.180045159988
frozen_flux_cover,0.5,1.2599023437499999,9276.029342966161,9276.02934296616
frozen_flux_cover,0.5,1.264921875,9445.978084031996,9445.978084031996
frozen_flux_cover,0.5,1.2699414062499998,9619.078772825033,9619.07877282503
frozen_flux_cover,0.5,1.2749609375,9795.384587555409,9795.384587555409
frozen_flux_cover,0.5,1.2799804687499998,9974.949386743354,9974.949386743354
frozen_flux_cover,0.5,1.285,10157.827700338563,10157.827700338563
