interval,substeps,boundary,geometric,source,inventory_change,balance_residual,leg,purpose
0,3,-3.348432288554356e-40,-0.00018707475739492024,3.8099321358061956e-05,-0.0001489754360368585,-2.168404344971009e-19,0,absorption
1,3,-1.2117904244764032e-40,-0.0001899158240845376,3.8799776568225204e-05,-0.00015111604751631182,5.692061405548898e-19,0,absorption
2,3,-4.3616404563661963e-41,-0.0001927967281415999,3.956575042019971e-05,-0.0001532309777214011,-9.215718466126788e-19,0,absorption
3,3,-1.5617199683670566e-41,-0.0001957169326045305,4.0398411487978296e-05,-0.00015531852111655073,1.463672932855431e-18,0,absorption
4,3,-5.563858181596554e-42,-0.0001986758627652128,4.129906137843125e-05,-0.00015737680138678233,-7.589415207398531e-19,0,absorption
5,3,-1.97263547318203e-42,-0.00020167294631004981,4.226891995335299e-05,-0.00015940402635669648,3.5236570605778894e-19,0,absorption
6,3,-6.9611223525982016e-43,-0.0002047075028327327,4.330927339345691e-05,-0.0001613982294392767,-9.215718466126788e-19,0,absorption
7,3,-2.445242255185237e-43,-0.00020777887726791704,4.442170472283602e-05,-0.00016335717254508005,9.75781955236954e-19,0,absorption
8,3,-8.551101067363758e-44,-0.00021088632904809145,4.560721893839749e-05,-0.00016527911010969475,-7.860465750519907e-19,0,absorption
9,3,-2.977392398357791e-44,-0.0002140290748023792,4.686749944307285e-05,-0.00016716157535930608,2.710505431213761e-19,0,absorption
10,3,-1.0323350408333194e-44,-0.0002172063248076705,4.820392583861122e-05,-0.00016900239896905714,2.168404344971009e-18,0,absorption
11,3,-3.5648521537270817e-45,-0.0002204171718891245,4.961800712288862e-05,-0.00017079916476623637,-4.87890977618477e-19,0,absorption
12,3,-1.226224616474482e-45,-0.0002236607300493377,5.111129774578608e-05,-0.00017254943230355507,-3.469446951953614e-18,0,absorption
13,3,-4.202172343900166e-46,-0.00022693601693219535,5.268531822249371e-05,-0.0001742506987096968,4.824699667560495e-18,0,absorption
14,3,-1.4349930453451587e-46,-0.00023024199914018466,5.434176162289381e-05,-0.00017590023751729023,6.2341624917916505e-19,0,absorption
15,3,-4.884274617727593e-47,-0.00023357762621257003,5.60827498868717e-05,-0.0001774948763257067,-8.375461782450522e-18,0,absorption
16,3,-1.65738904492076e-47,-0.0002369409360400161,5.8002473150615115e-05,-0.00017893846288939697,4.0115480381963664e-18,0,absorption
17,3,-5.608160793743051e-48,-0.00024032923664880527,6.009471270159232e-05,-0.00018023452394721334,-3.7947076036992655e-19,0,absorption
18,3,-1.8926829875144094e-48,-0.0002437399735980575,6.23371254910681e-05,-0.00018140284810698806,1.3552527156068805e-18,0,absorption
19,3,-6.371957117815956e-49,-0.00024717073689213423,6.473085218243269e-05,-0.00018243988470970605,-4.4994390158148434e-18,0,absorption
20,3,-2.1402669565202575e-49,-0.0002506190852422783,6.72769231189487e-05,-0.00018334216212332471,4.87890977618477e-18,0,absorption
21,3,-7.173201535249271e-50,-0.00025408243189408157,6.997651264629696e-05,-0.0001841059192477859,-1.3010426069826053e-18,0,absorption
22,3,-2.3990796740170024e-50,-0.00025755818761627003,7.283083184011265e-05,-0.0001847273557761559,1.463672932855431e-18,0,absorption
23,3,-8.007278108645907e-51,-0.00026104396809087697,7.579995481988503e-05,-0.00018524401327099128,6.505213034913027e-19,0,absorption
24,3,-2.667108168769975e-51,-0.00026453733302887685,7.8924909354492e-05,-0.0001856124236743889,-4.065758146820642e-18,0,absorption
25,3,-8.865535910041626e-52,-0.00026803548130080045,8.220714832861e-05,-0.000185828332972187,3.4423418976414766e-18,0,absorption
26,3,-2.9407261169754305e-52,-0.00027153545659135744,8.564828143211507e-05,-0.0001858871751592439,-1.5449880957918438e-18,0,absorption
27,3,-9.73310660625114e-53,-0.000275034285203732,8.924998489599326e-05,-0.00018578430030773835,3.7947076036992655e-19,0,absorption
28,3,-3.2139930958368184e-53,-0.00027852885329278696,9.301387216258377e-05,-0.0001855149811302026,5.963111948670274e-19,0,absorption
29,3,-1.0586889117788578e-53,-0.0002820159633096161,9.694180888104807e-05,-0.00018507415442857097,-2.9544509200229996e-18,0,absorption
30,3,-3.4781237065224514e-54,-0.0002854923597393101,0.00010103553255991966,-0.00018445682717939046,-2.710505431213761e-20,0,absorption
31,3,-1.1394237408259348e-54,-0.0002889549628214397,0.00010525532422680104,-0.00018369963859463448,4.20128341838133e-18,0,absorption
32,3,-3.721247606005133e-55,-0.0002924006707800807,0.00010964490058413734,-0.00018275577019594494,-1.599198204416119e-18,0,absorption
33,3,-1.2112858642145744e-55,-0.00029582645047239876,0.00011414017431248521,-0.00018168627615991473,-1.1926223897340549e-18,0,absorption
34,3,-3.928645580363731e-56,-0.00029923159913437,0.00011853060685116878,-0.00018070099228319897,2.2497195079074217e-18,0,absorption
35,3,-1.2692773693661699e-56,-0.0003026152722010896,0.00012304483527303043,-0.00017957043692806013,-9.75781955236954e-19,0,absorption
36,3,-4.0837756975794963e-57,-0.000305974294332584,0.0001277134625197263,-0.0001782608318128577,0.0,0,absorption
37,3,-1.308068029765049e-57,-0.00030930522025089327,0.00013254020044567905,-0.00017676501980521536,-1.1384122811097797e-18,0,absorption
38,3,-4.1699655709835756e-58,-0.00031260441348571384,0.00013752869684754797,-0.0001750757166381657,1.6263032587282567e-19,0,absorption
39,3,-1.3226263178754778e-58,-0.00031586812061038753,0.00014268290336687822,-0.00017318521724350722,2.087089182034596e-18,0,absorption
40,3,-4.172675647695252e-59,-0.000319092469405382,0.00014800662600589494,-0.0001710858433994905,-3.4423418976414766e-18,0,absorption
41,3,-1.3089888037709458e-59,-0.00032227338751274567,0.0001535038941714118,-0.00016876949334133223,1.6263032587282567e-18,0,absorption
42,3,-4.0820095353934586e-60,-0.00032540675364523794,0.00015917880675914742,-0.00016622794688608833,2.1955093992831465e-18,0,absorption
43,3,-1.265041691065908e-60,-0.00032848823644409124,0.0001650354033514278,-0.00016345283309266573,-2.2768245622195593e-18,0,absorption
44,3,-3.894996537239777e-61,-0.0003315133722435364,0.00017107803704359252,-0.00016043533519994116,2.7376104855258987e-18,0,absorption
45,3,-1.191141002846842e-61,-0.00033447755744607423,0.000177310900325379,-0.00015716665712070185,-6.613633252161577e-18,0,absorption
46,3,-3.6170907270373643e-62,-0.0003373759900806187,0.0001837384289676251,-0.00015363756111298754,6.044427111606687e-18,0,absorption
47,3,-1.0904002849135303e-62,-0.0003402037685853526,0.0001903651138098465,-0.00014983865477550748,-1.3552527156068805e-18,0,absorption
48,3,-3.262400847284154e-63,-0.0003429557744044935,0.00019719539171903064,-0.0001457603826854649,-2.0599841277224584e-18,0,absorption
49,3,-9.685279898570982e-64,-0.0003456268345157141,0.00020422370365671467,-0.000141403130858999,4.336808689942018e-19,0,absorption
50,3,-2.8524184496766632e-64,-0.00034821210452649437,0.00021140702476474257,-0.00013680507976174955,2.2497195079074217e-18,0,absorption
51,3,-8.331964349188719e-65,-0.00035070893495989686,0.0002185240609120626,-0.00013218487404783458,-3.2526065174565133e-19,0,absorption
52,3,-2.4133777148480205e-65,-0.0003531163107280032,0.0002256165024008189,-0.00012749980832718263,1.6805133673525319e-18,0,absorption
53,3,-6.930445661653163e-66,-0.0003554312843007667,0.0002328547540520607,-0.00012257653024870876,-2.7647155398380363e-18,0,absorption
54,3,-1.9727532458268216e-66,-0.0003576498109870587,0.00024018664593461388,-0.00011746316505244561,-8.131516293641283e-19,0,absorption
55,3,-5.565201400823875e-67,-0.0003597680357844626,0.00024763676256020045,-0.00011213127322426061,1.5178830414797062e-18,0,absorption
56,3,-1.5556411895538416e-67,-0.0003617814942956512,0.00025523875413230876,-0.00010654274016334148,9.75781955236954e-19,0,absorption
57,3,-4.308092066722659e-68,-0.00036368539534671434,0.0002629983173510511,-0.00010068707799566409,-8.673617379884035e-19,0,absorption
58,3,-1.1817797422736807e-68,-0.00036547471881073025,0.0002709210987325034,-9.455362007822557e-05,1.3010426069826053e-18,0,absorption
59,3,-3.2106678730119455e-69,-0.0003671449541392518,0.0002789335653259953,-8.821138881325713e-05,-6.505213034913027e-19,0,absorption
60,3,-8.637627168722799e-70,-0.00036869169758834455,0.00028709194673495097,-8.159975085339152e-05,2.0599841277224584e-18,0,absorption
61,3,-2.3007438836280568e-70,-0.0003701097376529067,0.0002954198677132941,-7.468986993961618e-05,-3.577867169202165e-18,0,absorption
62,3,-6.066699369308866e-71,-0.00037139363002725836,0.00030392263397875554,-6.747099604850065e-05,2.168404344971009e-18,0,absorption
63,3,-1.5833746171646905e-71,-0.0003725376836146763,0.0003126055144344652,-5.993216918021016e-05,9.215718466126788e-19,0,absorption
64,3,-4.089773900106081e-72,-0.0003735360727800698,0.00032147398429313465,-5.206208848693508e-05,5.421010862427522e-20,0,absorption
65,3,-1.0452914032038796e-72,-0.00037438281281128945,0.00033053324485143946,-4.384956795985134e-05,-1.3552527156068805e-18,0,absorption
66,3,-2.643239053854393e-73,-0.0003750716734305963,0.0003397887618657939,-3.52829115648004e-05,2.0057740190981832e-18,0,absorption
67,3,-6.612034462988156e-74,-0.0003755963470141909,0.00034924585640664344,-2.6350490607549015e-05,-1.5720931501039814e-18,0,absorption
68,3,-1.6359570764113686e-74,-0.00037594985229218956,0.0003589539647896232,-1.699588750256678e-05,-4.336808689942018e-19,0,absorption
69,3,-4.0029926949846907e-75,-0.000376123833278796,0.00036901507026361425,-7.108763015177544e-06,4.228388472693467e-18,0,absorption
70,3,-9.685254201423219e-76,-0.0003761100867265393,0.0003792944152430351,3.184328516495083e-06,-7.589415207398531e-19,0,absorption
71,3,-2.3167920360570765e-76,-0.0003759015264691339,0.00038978521677012,1.3883690300982299e-05,-3.7947076036992655e-18,0,absorption
72,3,-5.478333152690726e-77,-0.00037549108473857595,0.0004004924878981081,2.5001403159533725e-05,1.5720931501039814e-18,0,absorption
73,3,-1.2803537961211589e-77,-0.0003748714075550758,0.00041142121382215614,3.654980626707771e-05,-2.6020852139652106e-18,0,absorption
74,3,-2.957097314597337e-78,-0.00037403506650970957,0.000422576570071222,4.854150356151457e-05,2.1141942363467336e-18,0,absorption
75,3,-6.748200766867435e-79,-0.0003729743895681219,0.00043396343187701575,6.0989042308893376e-05,-4.87890977618477e-19,0,absorption
76,3,-1.5213474355913577e-79,-0.00037168154264500625,0.000445586954983529,7.390541233852355e-05,8.131516293641283e-19,0,absorption
77,3,-3.387787441175762e-80,-0.00037014854943634055,0.0004574521069975802,8.730355756124061e-05,9.75781955236954e-19,0,absorption
78,3,-7.450383360841877e-81,-0.0003683671873254879,0.00046956382733024467,0.00010119664000475884,2.0599841277224584e-18,0,absorption
79,3,-1.6178618854506576e-81,-0.00036632912987402493,0.0004819272319697199,0.00011559810209569102,-3.957337929572091e-18,0,absorption
80,3,-3.468392738615561e-82,-0.0003640258154066928,0.0004945471166075907,0.00013052130120089905,1.1926223897340549e-18,0,absorption
81,3,-7.339419586914186e-83,-0.00036144853473618274,0.0005074285613994742,0.00014598002666329005,-1.4094628242311558e-18,0,absorption
82,3,-1.5327198298495077e-83,-0.0003585883925051416,0.0005205764291651331,0.0001619880366599928,1.2468324983583301e-18,0,absorption
83,3,-3.1582789451199834e-84,-0.0003554363072747759,0.0005339955542720186,0.00017855924699724385,1.1926223897340549e-18,0,absorption
84,3,-6.420108125572738e-85,-0.0003519830392237909,0.0005476909329225367,0.0001957078936987433,-2.5478751053409354e-18,0,absorption
85,3,-1.2872210395773365e-85,-0.00034821907559993704,0.0005616763189053691,0.0002134572433054316,-4.87890977618477e-19,0,absorption
86,2,-2.5120068572767856e-86,-0.00034413122902626043,0.0005764115528323849,0.00023228032380612565,1.1926223897340549e-18,0,absorption
87,2,-5.158664274600107e-87,-0.0003397013018026627,0.0005917527424941453,0.00025205144069148644,3.7947076036992655e-18,0,absorption
88,2,-1.0465950296208536e-87,-0.0003349163326073159,0.0006074515656397821,0.0002725352330324622,-4.0115480381963664e-18,0,absorption
89,2,-2.0974318772638775e-88,-0.0003297648542522404,0.0006235103103357009,0.00029374545608346764,7.15573433840433e-18,0,absorption
90,2,-4.151514838396241e-89,-0.0003242352745983981,0.000639930931845746,0.00031569565724734114,-6.776263578034403e-18,0,absorption
91,2,-8.114756087173553e-90,-0.00031831581569823693,0.000656715710971019,0.0003383998952727861,4.0115480381963664e-18,0,absorption
92,2,-1.5661506941478385e-90,-0.00031199461921397784,0.0006738666789166674,0.00036187205970268643,-3.144186300207963e-18,0,absorption
93,2,-2.984133727301629e-91,-0.00030525963719820793,0.0006913858726373615,0.00038612623543915134,-2.2768245622195593e-18,0,absorption
94,2,-5.6126160585604554e-92,-0.000298098713753628,0.00070927549068231,0.0004111767769286803,-1.6805133673525319e-18,0,absorption
95,2,-1.0418559795110697e-92,-0.00029049959421967786,0.0007275373788004948,0.0004370377845808182,1.3010426069826053e-18,0,absorption
96,2,-1.908425867829197e-93,-0.00028244980149392276,0.0007461737155075321,0.0004637239140136071,-2.222614453595284e-18,0,absorption
97,2,-3.449017900055791e-94,-0.000273936864156457,0.0007651863972926335,0.0004912495331361785,1.951563910473908e-18,0,absorption
98,2,-6.14883653131155e-95,-0.0002649480896384231,0.0007845773314560346,0.0005196292418176134,1.951563910473908e-18,0,absorption
99,2,-8.798076641190929e-96,-0.0001572369572735611,0.0004887107186698529,0.00033147376139628856,-3.198396408832238e-18,0,absorption
100,1,-2.157393016301582e-96,-9.826051243296894e-05,0.00031506334767314383,0.00021680283524017768,2.791820594150174e-18,0,absorption
101,2,-1.755791572559168e-96,-0.00024550251233696163,0.0008245007042660442,0.000578998191929081,-1.5178830414797062e-18,0,absorption
102,2,-2.9968834599347716e-97,-0.0002350093220084267,0.000845037923951249,0.0006100286019428223,0.0,0,absorption
103,2,-5.042000472481883e-98,-0.00022398849305020892,0.0008659608485128089,0.0006419723554625997,-3.2526065174565133e-19,0,absorption
104,2,-8.359571157014315e-99,-0.00021242643285250583,0.0008873198770306407,0.0006748934441781363,1.4094628242311558e-18,0,absorption
105,2,-1.3655970197026959e-99,-0.00020030763615623987,0.0009092630953243547,0.0007089554591681157,8.673617379884035e-19,0,absorption
106,2,-2.197481659255918e-100,-0.00018761622053451213,0.0009316622901254824,0.0007440460695909701,-2.168404344971009e-19,0,absorption
107,2,-3.482539557761609e-101,-0.0001743375504940747,0.00095450538192498,0.0007801678314309068,1.5178830414797062e-18,0,absorption
108,2,-5.434205899413357e-102,-0.00016045708043643187,0.0009777924515423663,0.0008173353711059313,-3.144186300207963e-18,0,absorption
109,2,-8.347252745335211e-103,-0.00014596009339104516,0.0010015236176330942,0.0008555635242420492,2.168404344971009e-19,0,absorption
110,2,-1.261867236470074e-103,-0.00013083187546951923,0.0010256991108153325,0.0008948672353458129,-4.336808689942018e-19,0,absorption
111,2,-1.8768882234312498e-104,-0.00012225032839346923,0.00021182497400938394,8.957464561591515e-05,4.336808689942018e-19,0,absorption
112,2,-2.746038031325125e-105,-0.00012052985808451915,0.00021422201555242585,9.369215746790789e-05,1.1926223897340549e-18,0,absorption
113,2,-3.950966966252912e-106,-0.00011873545849333498,0.00021646810157353245,9.773264308019641e-05,-1.0570971181733668e-18,0,absorption
114,2,-5.588698919884593e-107,-0.00011686867732092025,0.00021856305655484746,0.00010169437923392838,1.1655173354219173e-18,0,absorption
115,2,-7.76974077096902e-108,-0.00011493110201442633,0.0002205069382529233,0.0001055758362384961,-8.809142651444724e-19,0,absorption
116,2,-1.0613655432004594e-108,-0.00011292436683404502,0.00022229962313162634,0.00010937525629758135,2.710505431213761e-20,0,absorption
117,2,-1.4241514248377327e-109,-0.00011085013841850524,0.00022394136225073962,0.00011309122383223406,-3.2526065174565133e-19,0,absorption
118,2,-1.8764885896206916e-110,-0.0001087101267280087,0.00022543228174454368,0.00011672215501653573,7.453889935837843e-19,0,absorption
119,2,-2.427144747262253e-111,-0.00010650606135928979,0.0002267726281489988,0.000120266566789708,-1.0164395367051604e-18,0,absorption
120,2,-3.080790792842748e-112,-0.00010423972136584372,0.00022796285999731694,0.00012372313863147442,1.1926223897340549e-18,0,absorption
121,2,-3.836166680255162e-113,-0.00010191299783199858,0.00022899475348200736,0.00012708175565000722,-1.5720931501039814e-18,0,absorption
122,2,-4.684339425151262e-114,-9.953063314686983e-05,0.00022958091819215627,0.0001300502850452882,1.7618285302889447e-18,0,absorption
123,2,-5.607334699522838e-115,-9.709826688640802e-05,0.00022993467879495741,0.00013283641190854883,-5.692061405548898e-19,0,absorption
124,2,-6.577455509626887e-116,-9.461794050107942e-05,0.0002302390354663113,0.0001356210949652317,-1.6263032587282567e-19,0,absorption
125,2,-7.557583855781786e-117,-9.209001342347469e-05,0.00023049602021287476,0.00013840600678939868,-1.4094628242311558e-18,0,absorption
126,2,-8.502681247012574e-118,-8.951483515022042e-05,0.000230707387997701,0.0001411925528474814,8.131516293641283e-19,0,absorption
127,2,-9.362559889881387e-119,-8.689272708277437e-05,0.0002308751731987755,0.00014398244611600174,5.963111948670274e-19,0,absorption
128,2,-1.008580115210855e-119,-8.422400963473643e-05,0.00023100115622697297,0.00014677714659223646,-8.131516293641283e-20,0,absorption
129,2,-1.062447865518091e-120,-8.150898084602782e-05,0.00023108717093778893,0.00014957819009176008,-1.0299920638612292e-18,0,absorption
130,2,-1.0939144716764864e-121,-7.874793454765061e-05,0.0002311351302481819,0.00015238719570053166,3.5236570605778894e-19,0,absorption
131,2,-1.1003404555912615e-122,-7.594114600535944e-05,0.00023114667745002864,0.00015520553144466893,-2.710505431213761e-19,0,absorption
132,2,-1.08073751176651e-123,-7.30888845105952e-05,0.00023112373306081628,0.00015803484855022188,8.131516293641283e-19,0,absorption
133,2,-1.0359430430899044e-124,-7.01914095970031e-05,0.0002310679519945729,0.00016087654239756903,-7.589415207398531e-19,0,absorption
134,2,-9.685862500902791e-126,-6.724896259558923e-05,0.00023098105761939813,0.00016373209502380977,8.673617379884035e-19,0,absorption
135,2,-8.828409949117952e-127,-6.426177557476988e-05,0.00023086483343136912,0.00016660305785659883,-4.0657581468206416e-19,0,absorption
136,2,-7.839957857282741e-128,-6.123007497587621e-05,0.00023072080412486558,0.00016949072914898946,8.131516293641283e-20,0,absorption
137,2,-6.779021822238523e-129,-5.826003079166937e-05,0.00021817425130837893,0.00015991422051670964,8.131516293641283e-20,0,absorption
138,2,-5.703830965732559e-130,-5.5348497848935084e-05,0.00021858308606647527,0.00016323458821753973,-4.607859233063394e-19,0,absorption
139,2,-4.666867236845153e-131,-5.238679002142535e-05,0.00021882759177702088,0.0001664408017555954,-1.0842021724855044e-19,0,absorption
140,2,-3.71060148073753e-132,-4.938013256306005e-05,0.00021864519232500667,0.00016926505976194673,1.0842021724855044e-19,0,absorption
141,2,-2.8649132930512468e-133,-4.633202153480304e-05,0.00021850564935822487,0.00017217362782342201,1.6263032587282567e-19,0,absorption
142,2,-2.1463562478939459e-134,-4.3241406326159224e-05,0.00021844218638974398,0.0001752007800635844,-3.5236570605778894e-19,0,absorption
143,2,-1.5591073057095183e-135,-4.010689088157499e-05,0.00021845692127554035,0.00017835003039396585,4.87890977618477e-19,0,absorption
144,2,-1.0971849185069314e-136,-3.69270250899806e-05,0.0002185520504331164,0.0001816250253431355,-2.981555974335137e-19,0,absorption
145,2,-7.473829042522692e-138,-3.3700358488955405e-05,0.00021872984640627815,0.00018502948791732305,2.981555974335137e-19,0,absorption
146,2,-4.9235580535293174e-139,-3.042537234516028e-05,0.00021899242761550122,0.00018856705527034098,5.421010862427522e-20,0,absorption
147,2,-3.1338826762390747e-140,-2.7100545096281814e-05,0.00021934168592114113,0.00019224114082485927,-5.421010862427522e-20,0,absorption
148,2,-1.9254417317792415e-141,-2.393923183079722e-05,0.00019456867460934093,0.0001706294427785437,-2.710505431213761e-20,0,absorption
149,2,-1.140717224536254e-142,-2.181365233365092e-05,9.294313676830292e-05,7.112948443465197e-05,-2.710505431213761e-20,0,absorption
150,2,-6.509686146563204e-144,-2.0517490370219894e-05,9.422519177444799e-05,7.370770140422821e-05,1.0842021724855044e-19,0,absorption
151,2,-3.574275499711904e-145,-1.91782189825106e-05,9.58960435039738e-05,7.671782452146306e-05,-1.3552527156068805e-19,0,absorption
152,2,-1.8860311703740302e-146,-1.778898893132208e-05,9.794492685359376e-05,8.015593792227147e-05,-2.168404344971009e-19,0,absorption
153,2,-9.552197128601931e-148,-1.6683328925348136e-05,6.034270800985417e-05,4.365937908450623e-05,1.9651164376299768e-19,0,absorption
154,2,-4.637499106957841e-149,-1.585770526268628e-05,6.338738528781972e-05,4.752968002513336e-05,-8.809142651444724e-20,0,absorption
155,2,-2.1552267989519077e-150,-1.4965963655806807e-05,6.678904822341592e-05,5.182308456760931e-05,2.0328790734103208e-19,0,absorption
156,2,-9.57416099098121e-152,-1.4001570794981276e-05,7.05276588448805e-05,5.652608804989929e-05,6.098637220230962e-20,0,absorption
157,2,-4.0592168218979033e-153,-1.2960141831017374e-05,7.435651085610178e-05,6.139636902508427e-05,-1.3552527156068805e-19,0,absorption
158,2,-1.6398916493022573e-154,-1.1838165236944459e-05,7.841321984603055e-05,6.657505460908606e-05,-2.710505431213761e-20,0,absorption
159,2,-6.301972256552456e-156,-1.0630186262721635e-05,8.279725277893644e-05,7.216706651621478e-05,-2.710505431213761e-20,0,absorption
160,2,-2.2995318640388746e-157,-9.329980648190693e-06,8.749756578361792e-05,7.816758513542728e-05,5.421010862427522e-20,0,absorption
161,2,-7.951876938911896e-159,-7.931494436621236e-06,9.250317533926835e-05,8.457168090264712e-05,0.0,0,absorption
162,2,-2.600645933237385e-160,-6.428868130554304e-06,9.780313669163442e-05,9.137426856108003e-05,-9.486769009248164e-20,0,absorption
163,2,-8.026635401815127e-162,-4.816332615618131e-06,0.00010338668564217613,9.857035302655807e-05,6.776263578034403e-20,0,absorption
164,2,-2.3328937646843644e-163,-3.088247235507469e-06,0.00010924306795568589,0.00010615482072017841,-1.3552527156068805e-20,0,absorption
165,2,-6.419538814242237e-165,-1.2391636859979293e-06,0.00011536168795897207,0.00011412252427297418,5.421010862427522e-20,0,absorption
166,2,-2.292940278695563e-166,-2.8476619466301513e-07,0.0,-2.847661946630144e-07,7.411538288475128e-22,0,absorption
167,2,-2.302781722757646e-167,-2.899077889411394e-07,0.0,-2.8990778894114027e-07,-8.470329472543003e-22,0,absorption
168,2,-1.971402732369303e-168,-2.9511722804849736e-07,0.0,-2.951172280484979e-07,-5.293955920339377e-22,0,absorption
169,2,-1.7290664461553323e-169,-3.0039417997559156e-07,0.0,-3.003941799755887e-07,2.8587361969832636e-21,0,absorption
170,2,-1.323263803538083e-170,-3.057386630619744e-07,0.0,-3.0573866306197195e-07,2.4352197233561135e-21,0,absorption
171,2,-1.0112319226188698e-171,-3.111505028801379e-07,0.0,-3.1115050288014166e-07,-3.758708703440958e-21,0,absorption
172,2,-6.949729123911854e-173,-3.1662941749506487e-07,0.0,-3.1662941749506445e-07,4.235164736271502e-22,0,absorption
173,2,-4.327913532996164e-174,-3.2217531600162767e-07,0.0,-3.221753160016296e-07,-1.9058241313221758e-21,0,absorption
174,2,-2.5244018151024068e-175,-3.277876454180517e-07,0.0,-3.2778764541805357e-07,-1.852884572118782e-21,0,absorption
175,2,-1.3487330847571849e-176,-3.334663129982377e-07,0.0,-3.3346631299823346e-07,4.235164736271502e-21,0,absorption
176,2,-6.574140811173802e-178,-3.3921063705508193e-07,0.0,-3.3921063705508807e-07,-6.1409888675936775e-21,0,absorption
177,2,-2.9137552579226665e-179,-3.4502041509178367e-07,0.0,-3.4502041509177784e-07,5.823351512373315e-21,0,absorption
178,2,-1.1748466899625683e-180,-3.5089489063497586e-07,0.0,-3.5089489063497506e-07,7.940933880509066e-22,0,absorption
179,2,-4.366606755355098e-182,-3.568336741990381e-07,0.0,-3.5683367419903886e-07,-7.411538288475128e-22,0,absorption
180,2,-1.4632294294489674e-183,-3.62835943783272e-07,0.0,-3.6283594378327147e-07,5.293955920339377e-22,0,absorption
181,2,-4.261077108220853e-185,-3.6890112084202414e-07,0.0,-3.689011208420251e-07,-9.529120656610879e-22,0,absorption
182,2,-1.0783731963893713e-186,-3.750283307287632e-07,0.0,-3.750283307287633e-07,-1.0587911840678754e-22,0,absorption
183,2,-2.3685021845086672e-188,-3.8121683936626355e-07,0.0,-3.8121683936626175e-07,1.7999450129153882e-21,0,absorption
184,2,-4.42539156655611e-190,-3.8746565994308473e-07,0.0,-3.8746565994308494e-07,-2.117582368135751e-22,0,absorption
185,2,-6.976073598501449e-192,-3.9377383526397686e-07,0.0,-3.937738352639791e-07,-2.2234614865425384e-21,0,absorption
186,2,-9.147408366818029e-194,-4.001403170999263e-07,0.0,-4.0014031709992556e-07,7.411538288475128e-22,0,absorption
187,2,-9.789370664312794e-196,-4.065639201689873e-07,0.0,-4.065639201689831e-07,4.182225177068108e-21,0,absorption
188,2,-8.427909100169745e-198,-4.1304362831246307e-07,0.0,-4.1304362831246747e-07,-4.393983413881683e-21,0,absorption
189,2,-5.750729650495725e-200,-4.195778515943959e-07,0.0,-4.195778515943914e-07,4.4998625322884706e-21,0,absorption
190,2,-3.009884540745838e-202,-4.2616566723523044e-07,0.0,-4.26165667235229e-07,1.4293680984916318e-21,0,absorption
191,2,-1.122973725503085e-204,-4.328050607728868e-07,0.0,-4.328050607728901e-07,-3.282252670610414e-21,0,absorption
192,2,-2.812072486516285e-207,-4.3949522738007844e-07,0.0,-4.3949522738008013e-07,-1.6940658945086007e-21,0,absorption
193,2,-4.3611435374349535e-210,-4.4623376966910495e-07,0.0,-4.462337696691044e-07,5.293955920339377e-22,0,absorption
194,2,-4.091373791862215e-213,-4.5301979332440267e-07,0.0,-4.530197933244033e-07,-6.352747104407253e-22,0,absorption
195,2,-1.929228829964441e-216,-4.5985072472947516e-07,0.0,-4.598507247294724e-07,2.752857078576476e-21,0,absorption
196,2,-3.2206747660859167e-220,-4.6672540669956087e-07,0.0,-4.6672540669956807e-07,-7.199780051661553e-21,0,absorption
197,2,-1.314613516135326e-224,-4.736413255459046e-07,0.0,-4.736413255458957e-07,8.946785505373547e-21,0,absorption
198,2,-3.6384070423373367e-230,-4.805968072451796e-07,0.0,-4.805968072451865e-07,-6.88214269644119e-21,0,absorption
199,2,0.0,-4.875894812800757e-07,0.0,-4.875894812800736e-07,2.117582368135751e-21,0,absorption
200,2,0.0,-4.946171714900948e-07,0.0,-4.946171714900907e-07,4.0234064994579266e-21,0,absorption
201,2,0.0,-5.016776458706278e-07,0.0,-5.016776458706312e-07,-3.3881317890172014e-21,0,absorption
202,2,0.0,-5.087682288427034e-07,0.0,-5.087682288427051e-07,-1.6940658945086007e-21,0,absorption
203,2,0.0,-5.158867548996609e-07,0.0,-5.15886754899657e-07,3.917527381051139e-21,0,absorption
204,2,0.0,-5.230300675839907e-07,0.0,-5.230300675839935e-07,-2.752857078576476e-21,0,absorption
205,2,0.0,-5.301962266837996e-07,0.0,-5.301962266838005e-07,-8.470329472543003e-22,0,absorption
206,2,0.0,-5.373816572586398e-07,0.0,-5.373816572586313e-07,8.470329472543003e-21,0,absorption
207,2,0.0,-5.445842348566808e-07,0.0,-5.445842348566875e-07,-6.670384459627615e-21,0,absorption
208,2,0.0,-5.518001746017774e-07,0.0,-5.518001746017783e-07,-9.529120656610879e-22,0,absorption
209,2,0.0,-5.590269699398012e-07,0.0,-5.590269699397966e-07,4.658681209898652e-21,0,absorption
210,2,0.0,-5.662610368731335e-07,0.0,-5.662610368731416e-07,-8.046812998915853e-21,0,absorption
211,2,0.0,-5.734991106444249e-07,0.0,-5.734991106444253e-07,-3.1763735522036263e-22,0,absorption
212,2,0.0,-5.807380241780737e-07,0.0,-5.80738024178071e-07,2.752857078576476e-21,0,absorption
213,2,0.0,-5.879737303793506e-07,0.0,-5.879737303793542e-07,-3.5998900258307764e-21,0,absorption
214,2,0.0,-5.952033093723661e-07,0.0,-5.952033093723589e-07,7.199780051661553e-21,0,absorption
215,2,0.0,-6.024220808325694e-07,0.0,-6.024220808325707e-07,-1.2705494208814505e-21,0,absorption
216,2,0.0,-6.096272857735802e-07,0.0,-6.096272857735772e-07,2.964615315390051e-21,0,absorption
217,2,0.0,-6.168140389404889e-07,0.0,-6.168140389404921e-07,-3.1763735522036263e-21,0,absorption
218,2,0.0,-6.239790706369248e-07,0.0,-6.239790706369255e-07,-7.411538288475128e-22,0,absorption
219,2,0.0,-6.311176904052974e-07,0.0,-6.311176904052945e-07,2.964615315390051e-21,0,absorption
220,2,0.0,-6.382261079852844e-07,0.0,-6.38226107985284e-07,4.235164736271502e-22,0,absorption
221,2,0.0,-6.452997069583309e-07,0.0,-6.452997069583322e-07,-1.2705494208814505e-21,0,absorption
222,2,0.0,-6.523343586503413e-07,0.0,-6.523343586503383e-07,2.964615315390051e-21,0,absorption
223,2,0.0,-6.59325368185566e-07,0.0,-6.593253681855683e-07,-2.329340604949326e-21,0,absorption
224,2,0.0,-6.662681625248978e-07,0.0,-6.662681625248972e-07,6.352747104407253e-22,0,absorption
225,2,0.0,-6.731587356127596e-07,0.0,-6.731587356127602e-07,-6.352747104407253e-22,0,absorption
226,2,0.0,-6.799916336541071e-07,0.0,-6.799916336541151e-07,-8.046812998915853e-21,0,absorption
227,2,0.0,-6.867637902076319e-07,0.0,-6.867637902076282e-07,3.705769144237564e-21,0,absorption
228,2,0.0,-6.934694290814641e-07,0.0,-6.934694290814712e-07,-7.093900933254765e-21,0,absorption
229,2,0.0,-7.001067715239926e-07,0.0,-7.001067715239851e-07,7.411538288475128e-21,0,absorption
230,2,0.0,-7.063355362306575e-07,5.122228192834822e-08,-6.551132543023119e-07,-2.541098841762901e-21,0,absorption
231,2,0.0,-7.114709030289032e-07,1.5580588171875844e-07,-5.556650213101459e-07,-1.0587911840678754e-21,0,absorption
232,2,0.0,-7.151838000626568e-07,2.566389013886911e-07,-4.5854489867396713e-07,-1.4823076576950256e-21,0,absorption
233,2,0.0,-7.175227913152965e-07,3.537961548685105e-07,-3.6372663644678284e-07,3.1234339930002325e-21,0,absorption
234,2,0.0,-7.185305456515824e-07,4.473461224215724e-07,-2.711844232300084e-07,1.5881867761018131e-21,0,absorption
235,2,0.0,-7.182554102077633e-07,5.373533526249903e-07,-1.8090205758276585e-07,7.199780051661553e-21,0,absorption
236,2,0.0,-7.167389858724394e-07,6.238782026147879e-07,-9.286078325765909e-08,-7.623296525288703e-21,0,absorption
237,2,0.0,-7.140285139437201e-07,7.069756845103e-07,-7.052829433429504e-09,-9.423241538204091e-21,0,absorption
238,2,0.0,-7.101658847047615e-07,7.866984603865269e-07,7.653257568176764e-08,2.2234614865425384e-21,0,absorption
239,2,0.0,-7.051964563876833e-07,8.630939287754771e-07,1.5789747238779365e-07,-2.117582368135751e-22,0,absorption
240,2,0.0,-6.991627593086563e-07,9.362066873559631e-07,2.3704392804730734e-07,5.293955920339377e-22,0,absorption
241,2,0.0,-6.921081493872075e-07,1.0060783327362473e-06,3.1397018334904515e-07,5.293955920339377e-21,0,absorption
242,2,0.0,-6.839916800361863e-07,1.0859733798097239e-06,4.019816997735337e-07,-3.8116482626443515e-21,0,absorption
243,2,0.0,-6.744516682768295e-07,1.2125429347179366e-06,5.380912664411012e-07,-5.929230630780102e-21,0,absorption
244,2,0.0,-6.632817963458011e-07,1.3256507732205415e-06,6.623689768747444e-07,4.0234064994579266e-21,0,absorption
245,2,0.0,-6.507145936213267e-07,1.4169629743041296e-06,7.66248380682801e-07,-1.9058241313221758e-21,0,absorption
246,2,0.0,-6.367646691940159e-07,1.5286244102259629e-06,8.918597410319495e-07,2.541098841762901e-21,0,absorption
247,2,0.0,-6.207308565170132e-07,1.7164215704359982e-06,1.095690713918985e-06,0.0,0,absorption
248,2,0.0,-6.000968350527664e-07,2.1603011710602067e-06,1.5602043360074365e-06,-3.8116482626443515e-21,0,absorption
249,2,0.0,-5.71822671923362e-07,2.7509167078096635e-06,2.1790940358863036e-06,2.117582368135751e-21,0,absorption
250,2,0.0,-5.342962318950411e-07,3.406846482865317e-06,2.8725502509702788e-06,2.964615315390051e-21,0,absorption
251,2,0.0,-4.859944093934945e-07,4.197861772340244e-06,3.7118673629467507e-06,1.6940658945086007e-21,0,absorption
252,2,0.0,-4.260544773612962e-07,4.965667437134917e-06,4.539612959773618e-06,-3.3881317890172014e-21,0,absorption
253,2,0.0,-3.543749849625526e-07,5.769498445459244e-06,5.415123460496693e-06,1.6940658945086007e-21,0,absorption
254,2,0.0,-2.696863239149053e-07,6.707473348550081e-06,6.437787024635176e-06,8.470329472543003e-22,0,absorption
255,2,0.0,-1.7117346295349634e-07,7.619109169704582e-06,7.447935706751085e-06,0.0,0,absorption
256,2,0.0,-5.924718403216513e-08,8.502611609350883e-06,8.443364425318717e-06,-1.6940658945086007e-21,0,absorption
0,4,0.0,0.0,0.0,0.0,0.0,0,recovery
1,4,0.0,0.0,0.0,0.0,0.0,0,recovery
2,4,0.0,0.0,0.0,0.0,0.0,0,recovery
3,4,0.0,0.0,0.0,0.0,0.0,0,recovery
4,4,0.0,0.0,0.0,0.0,0.0,0,recovery
5,4,0.0,0.0,0.0,0.0,0.0,0,recovery
6,4,0.0,0.0,0.0,0.0,0.0,0,recovery
7,4,0.0,0.0,0.0,0.0,0.0,0,recovery
8,4,0.0,0.0,0.0,0.0,0.0,0,recovery
9,4,0.0,0.0,0.0,0.0,0.0,0,recovery
10,4,0.0,0.0,0.0,0.0,0.0,0,recovery
11,4,0.0,0.0,0.0,0.0,0.0,0,recovery
12,3,0.0,0.0,0.0,0.0,0.0,0,recovery
13,3,0.0,0.0,0.0,0.0,0.0,0,recovery
14,3,0.0,0.0,0.0,0.0,0.0,0,recovery
15,3,0.0,0.0,0.0,0.0,0.0,0,recovery
16,3,0.0,0.0,0.0,0.0,0.0,0,recovery
17,3,0.0,0.0,0.0,0.0,0.0,0,recovery
18,3,0.0,0.0,0.0,0.0,0.0,0,recovery
19,3,0.0,0.0,0.0,0.0,0.0,0,recovery
20,3,0.0,0.0,0.0,0.0,0.0,0,recovery
21,3,0.0,0.0,0.0,0.0,0.0,0,recovery
22,3,0.0,0.0,0.0,0.0,0.0,0,recovery
23,3,0.0,0.0,0.0,0.0,0.0,0,recovery
24,3,0.0,0.0,0.0,0.0,0.0,0,recovery
25,3,0.0,0.0,0.0,0.0,0.0,0,recovery
26,3,0.0,0.0,0.0,0.0,0.0,0,recovery
27,3,0.0,0.0,0.0,0.0,0.0,0,recovery
28,3,0.0,0.0,0.0,0.0,0.0,0,recovery
29,3,0.0,0.0,0.0,0.0,0.0,0,recovery
30,3,0.0,0.0,0.0,0.0,0.0,0,recovery
31,3,0.0,0.0,0.0,0.0,0.0,0,recovery
32,3,0.0,0.0,0.0,0.0,0.0,0,recovery
33,3,0.0,0.0,0.0,0.0,0.0,0,recovery
34,3,0.0,0.0,0.0,0.0,0.0,0,recovery
35,3,0.0,0.0,0.0,0.0,0.0,0,recovery
36,3,0.0,0.0,0.0,0.0,0.0,0,recovery
37,3,0.0,0.0,0.0,0.0,0.0,0,recovery
38,3,0.0,0.0,0.0,0.0,0.0,0,recovery
39,3,0.0,0.0,0.0,0.0,0.0,0,recovery
40,3,0.0,0.0,0.0,0.0,0.0,0,recovery
41,3,0.0,0.0,0.0,0.0,0.0,0,recovery
42,3,0.0,0.0,0.0,0.0,0.0,0,recovery
43,3,0.0,0.0,0.0,0.0,0.0,0,recovery
44,3,0.0,0.0,0.0,0.0,0.0,0,recovery
45,3,0.0,0.0,0.0,0.0,0.0,0,recovery
46,3,0.0,0.0,0.0,0.0,0.0,0,recovery
47,3,0.0,0.0,0.0,0.0,0.0,0,recovery
48,3,0.0,0.0,0.0,0.0,0.0,0,recovery
49,3,0.0,0.0,0.0,0.0,0.0,0,recovery
50,3,0.0,0.0,0.0,0.0,0.0,0,recovery
51,3,0.0,0.0,0.0,0.0,0.0,0,recovery
52,3,0.0,0.0,0.0,0.0,0.0,0,recovery
53,3,0.0,0.0,0.0,0.0,0.0,0,recovery
54,3,0.0,0.0,0.0,0.0,0.0,0,recovery
55,3,0.0,0.0,0.0,0.0,0.0,0,recovery
56,3,0.0,0.0,0.0,0.0,0.0,0,recovery
57,3,0.0,0.0,0.0,0.0,0.0,0,recovery
58,3,0.0,0.0,0.0,0.0,0.0,0,recovery
59,3,0.0,0.0,0.0,0.0,0.0,0,recovery
60,3,0.0,0.0,0.0,0.0,0.0,0,recovery
61,3,0.0,0.0,0.0,0.0,0.0,0,recovery
62,3,0.0,0.0,0.0,0.0,0.0,0,recovery
63,3,0.0,0.0,0.0,0.0,0.0,0,recovery
64,3,0.0,0.0,0.0,0.0,0.0,0,recovery
65,3,0.0,0.0,0.0,0.0,0.0,0,recovery
66,3,0.0,0.0,0.0,0.0,0.0,0,recovery
67,3,0.0,0.0,0.0,0.0,0.0,0,recovery
68,3,0.0,0.0,0.0,0.0,0.0,0,recovery
69,3,0.0,0.0,0.0,0.0,0.0,0,recovery
70,3,0.0,0.0,0.0,0.0,0.0,0,recovery
71,3,0.0,0.0,0.0,0.0,0.0,0,recovery
72,3,0.0,0.0,0.0,0.0,0.0,0,recovery
73,3,0.0,0.0,0.0,0.0,0.0,0,recovery
74,3,0.0,0.0,0.0,0.0,0.0,0,recovery
75,3,0.0,0.0,0.0,0.0,0.0,0,recovery
76,3,0.0,0.0,0.0,0.0,0.0,0,recovery
77,3,0.0,0.0,0.0,0.0,0.0,0,recovery
78,2,0.0,0.0,0.0,0.0,0.0,0,recovery
79,2,0.0,0.0,0.0,0.0,0.0,0,recovery
80,2,0.0,0.0,0.0,0.0,0.0,0,recovery
81,2,0.0,0.0,0.0,0.0,0.0,0,recovery
82,2,0.0,0.0,0.0,0.0,0.0,0,recovery
83,2,0.0,0.0,0.0,0.0,0.0,0,recovery
84,2,0.0,0.0,0.0,0.0,0.0,0,recovery
85,2,0.0,0.0,0.0,0.0,0.0,0,recovery
86,2,0.0,0.0,0.0,0.0,0.0,0,recovery
87,2,0.0,0.0,0.0,0.0,0.0,0,recovery
88,2,0.0,0.0,0.0,0.0,0.0,0,recovery
89,2,0.0,0.0,0.0,0.0,0.0,0,recovery
90,2,0.0,0.0,0.0,0.0,0.0,0,recovery
91,2,0.0,0.0,0.0,0.0,0.0,0,recovery
92,2,0.0,0.0,0.0,0.0,0.0,0,recovery
93,2,0.0,0.0,0.0,0.0,0.0,0,recovery
94,2,0.0,0.0,0.0,0.0,0.0,0,recovery
95,2,0.0,0.0,0.0,0.0,0.0,0,recovery
96,2,0.0,0.0,0.0,0.0,0.0,0,recovery
97,2,0.0,0.0,0.0,0.0,0.0,0,recovery
98,2,0.0,0.0,0.0,0.0,0.0,0,recovery
99,2,0.0,0.0,0.0,0.0,0.0,0,recovery
100,1,0.0,0.0,0.0,0.0,0.0,0,recovery
101,2,0.0,0.0,0.0,0.0,0.0,0,recovery
102,2,0.0,0.0,0.0,0.0,0.0,0,recovery
103,2,0.0,0.0,0.0,0.0,0.0,0,recovery
104,2,0.0,0.0,0.0,0.0,0.0,0,recovery
105,2,0.0,0.0,0.0,0.0,0.0,0,recovery
106,2,0.0,0.0,0.0,0.0,0.0,0,recovery
107,2,0.0,0.0,0.0,0.0,0.0,0,recovery
108,2,0.0,0.0,0.0,0.0,0.0,0,recovery
109,2,0.0,0.0,0.0,0.0,0.0,0,recovery
110,2,0.0,0.0,0.0,0.0,0.0,0,recovery
111,2,0.0,0.0,0.0,0.0,0.0,0,recovery
112,2,0.0,0.0,0.0,0.0,0.0,0,recovery
113,2,0.0,0.0,0.0,0.0,0.0,0,recovery
114,2,0.0,0.0,0.0,0.0,0.0,0,recovery
115,2,0.0,0.0,0.0,0.0,0.0,0,recovery
116,2,0.0,0.0,0.0,0.0,0.0,0,recovery
117,2,0.0,0.0,0.0,0.0,0.0,0,recovery
118,2,0.0,0.0,0.0,0.0,0.0,0,recovery
119,2,0.0,0.0,0.0,0.0,0.0,0,recovery
120,2,0.0,0.0,0.0,0.0,0.0,0,recovery
121,2,0.0,0.0,0.0,0.0,0.0,0,recovery
122,2,0.0,0.0,0.0,0.0,0.0,0,recovery
123,2,0.0,0.0,0.0,0.0,0.0,0,recovery
124,2,0.0,0.0,0.0,0.0,0.0,0,recovery
125,2,0.0,0.0,0.0,0.0,0.0,0,recovery
126,2,0.0,0.0,0.0,0.0,0.0,0,recovery
127,2,0.0,0.0,0.0,0.0,0.0,0,recovery
128,2,0.0,0.0,0.0,0.0,0.0,0,recovery
129,2,0.0,0.0,0.0,0.0,0.0,0,recovery
130,2,0.0,0.0,0.0,0.0,0.0,0,recovery
131,2,0.0,0.0,0.0,0.0,0.0,0,recovery
132,2,0.0,0.0,0.0,0.0,0.0,0,recovery
133,2,0.0,0.0,0.0,0.0,0.0,0,recovery
134,2,0.0,0.0,0.0,0.0,0.0,0,recovery
135,2,0.0,0.0,0.0,0.0,0.0,0,recovery
136,2,0.0,0.0,0.0,0.0,0.0,0,recovery
137,2,0.0,0.0,0.0,0.0,0.0,0,recovery
138,2,0.0,0.0,0.0,0.0,0.0,0,recovery
139,2,0.0,0.0,0.0,0.0,0.0,0,recovery
140,2,0.0,0.0,0.0,0.0,0.0,0,recovery
141,2,0.0,0.0,0.0,0.0,0.0,0,recovery
142,2,0.0,0.0,0.0,0.0,0.0,0,recovery
143,2,0.0,0.0,0.0,0.0,0.0,0,recovery
144,2,0.0,0.0,0.0,0.0,0.0,0,recovery
145,2,0.0,0.0,0.0,0.0,0.0,0,recovery
146,2,0.0,0.0,0.0,0.0,0.0,0,recovery
147,2,0.0,0.0,0.0,0.0,0.0,0,recovery
148,2,0.0,0.0,0.0,0.0,0.0,0,recovery
149,2,0.0,0.0,0.0,0.0,0.0,0,recovery
150,2,0.0,0.0,0.0,0.0,0.0,0,recovery
151,2,0.0,0.0,0.0,0.0,0.0,0,recovery
152,2,0.0,0.0,0.0,0.0,0.0,0,recovery
153,2,0.0,0.0,0.0,0.0,0.0,0,recovery
154,2,0.0,0.0,0.0,0.0,0.0,0,recovery
155,2,0.0,0.0,0.0,0.0,0.0,0,recovery
156,2,0.0,0.0,0.0,0.0,0.0,0,recovery
157,2,0.0,0.0,0.0,0.0,0.0,0,recovery
158,2,0.0,0.0,0.0,0.0,0.0,0,recovery
159,2,0.0,0.0,0.0,0.0,0.0,0,recovery
160,2,0.0,0.0,0.0,0.0,0.0,0,recovery
161,2,0.0,0.0,0.0,0.0,0.0,0,recovery
162,2,0.0,0.0,0.0,0.0,0.0,0,recovery
163,2,0.0,0.0,0.0,0.0,0.0,0,recovery
164,2,0.0,0.0,0.0,0.0,0.0,0,recovery
165,2,0.0,0.0,0.0,0.0,0.0,0,recovery
166,2,0.0,-6.261020851313786e-07,0.0003095347867398335,0.0003089086846547021,-5.421010862427522e-20,0,recovery
167,2,0.0,-1.8202207754618647e-06,0.0002974445603210196,0.0002956243395455578,5.421010862427522e-20,0,recovery
168,2,0.0,-2.9183283348234657e-06,0.0002849057814075466,0.00028198745307272315,0.0,0,recovery
169,2,0.0,-3.921508464167958e-06,0.00027194267828257725,0.00026802116981840913,-1.6263032587282567e-19,0,recovery
170,2,0.0,-4.830974997222074e-06,0.00025858131431118935,0.0002537503393139672,-1.0842021724855044e-19,0,recovery
171,2,0.0,-5.6481981272780784e-06,0.00024486649516235095,0.000239218297035073,1.3552527156068805e-19,0,recovery
172,2,0.0,-6.398093165931887e-06,0.0002433482583021402,0.0002369501651362084,8.131516293641283e-20,0,recovery
173,2,0.0,-7.078302086084929e-06,0.0002274352107974341,0.00022035690871134933,1.6263032587282567e-19,0,recovery
174,2,0.0,-7.670522693828432e-06,0.0002146269726421696,0.00020695644994834107,-1.0842021724855044e-19,0,recovery
175,2,0.0,-8.199647872451451e-06,0.0002109105652153851,0.00020271091734293343,-2.168404344971009e-19,0,recovery
176,2,0.0,-8.68648616597467e-06,0.00020895068228696131,0.00020026419612098655,-1.0842021724855044e-19,0,recovery
177,2,0.0,-9.136920937006654e-06,0.00020828313323858482,0.0001991462123015781,-8.131516293641283e-20,0,recovery
178,2,0.0,-9.571471805390233e-06,0.00021831201231293956,0.00020874054050754954,2.168404344971009e-19,0,recovery
179,2,0.0,-9.993935993583117e-06,0.00022051348036037765,0.000210519544366794,-5.421010862427522e-19,0,recovery
180,2,0.0,-1.0392586303845636e-05,0.00022405625342521122,0.00021366366712136575,1.6263032587282567e-19,0,recovery
181,2,0.0,-1.0771065083336324e-05,0.0002288842003098922,0.00021811313522655546,-4.336808689942018e-19,0,recovery
182,2,0.0,-1.1132466177845229e-05,0.0002349177820941593,0.00022378531591631503,9.486769009248164e-19,0,recovery
183,2,0.0,-1.1580360312904446e-05,0.00030762539465444005,0.0002960450343415348,-8.131516293641283e-19,0,recovery
184,2,0.0,-1.2083586950305856e-05,0.00029842546443571857,0.0002863418774854132,4.87890977618477e-19,0,recovery
185,2,0.0,-1.2513738501008424e-05,0.0002890120156245837,0.00027649827712357584,5.421010862427522e-19,0,recovery
186,2,0.0,-1.2888923021812746e-05,0.0002909118485529037,0.00027802292553109117,2.168404344971009e-19,0,recovery
187,2,0.0,-1.3213445603129835e-05,0.00028395227094008305,0.00027073882533695196,-1.2468324983583301e-18,0,recovery
188,2,0.0,-1.3504683379349165e-05,0.00029784502300035903,0.0002843403396210111,1.2468324983583301e-18,0,recovery
189,2,0.0,-1.3762892565080312e-05,0.00029157170359891006,0.00027780881103382955,-2.168404344971009e-19,0,recovery
190,2,0.0,-1.3969574252695422e-05,0.0002922821126286221,0.0002783125383759256,-1.0299920638612292e-18,0,recovery
191,2,0.0,-1.4187552290619296e-05,0.00033319183693866663,0.0003190042846480485,1.1926223897340549e-18,0,recovery
192,2,0.0,-1.4565200310732394e-05,0.00045191274693327907,0.0004373475466225461,-5.963111948670274e-19,0,recovery
193,2,0.0,-1.5011636118659484e-05,0.0004337246596762365,0.000418713023557578,9.75781955236954e-19,0,recovery
194,2,0.0,-1.534809164100302e-05,0.00041623193908999477,0.0004008838474489915,-2.168404344971009e-19,0,recovery
195,2,0.0,-1.5579793347441995e-05,0.0003994063081713543,0.00038382651482391124,-1.0842021724855044e-18,0,recovery
196,2,0.0,-1.5711725608256374e-05,0.00038322080180799595,0.00036750907619973947,-1.0842021724855044e-19,0,recovery
197,2,0.0,-1.5748613955816487e-05,0.00036764939013219007,0.0003519007761763754,1.7889335846010823e-18,0,recovery
198,2,0.0,-1.5694942726147992e-05,0.00035266747738713175,0.0003369725346609818,-2.0057740190981832e-18,0,recovery
199,2,0.0,-1.5554553847534533e-05,0.00033782131132096996,0.0003222667574734363,8.673617379884035e-19,0,recovery
200,2,0.0,-1.5331085116631787e-05,0.00032356870232049526,0.00030823761720386554,2.0599841277224584e-18,0,recovery
201,2,0.0,-1.5028606830488927e-05,0.0003098851729101427,0.0002948565660796515,-2.2768245622195593e-18,0,recovery
202,2,0.0,-1.4650944215888518e-05,0.00029674706637335347,0.0002820961221574655,5.421010862427522e-19,0,recovery
203,2,0.0,-1.4201700548120887e-05,0.0002841321220533365,0.00026993042150521424,-1.3552527156068805e-18,0,recovery
204,2,0.0,-1.3684342682794894e-05,0.0002720187522844267,0.0002583344096016328,9.75781955236954e-19,0,recovery
205,2,0.0,-1.3102079205839096e-05,0.00026038646530364895,0.00024728438609781037,5.421010862427522e-19,0,recovery
206,2,0.0,-1.245802765787673e-05,0.000249215775495753,0.0002367577478378756,-7.047314121155779e-19,0,recovery
207,2,0.0,-1.1755073352819548e-05,0.0002384877367536106,0.00022673266340079122,1.6263032587282567e-19,0,recovery
208,2,0.0,-1.0995986797142743e-05,0.0002281846582241554,0.00021718867142701478,2.1412992906588713e-18,0,recovery
209,2,0.0,-1.018348422730241e-05,0.00021852818297261927,0.000208344698745316,-8.402566836762659e-19,0,recovery
210,2,0.0,-9.320292701646882e-06,0.00020974433917899507,0.0002004240464773474,-7.860465750519907e-19,0,recovery
211,2,0.0,-8.408812188627723e-06,0.00020124859637746007,0.00019283978418883213,-2.168404344971009e-19,0,recovery
212,2,0.0,-7.45102451127078e-06,0.00019300649519366872,0.00018555547068239628,-1.6534083130403943e-18,0,recovery
213,2,0.0,-6.4488306060497296e-06,0.00018500646084413345,0.00017855763023808674,3.0086610286472748e-18,0,recovery
214,2,0.0,-5.4040458150288365e-06,0.00017723705847428613,0.00017183301265925703,-2.710505431213761e-19,0,recovery
215,2,0.0,-4.318384966636125e-06,0.000169687689368427,0.00016536930440178878,-2.087089182034596e-18,0,recovery
216,2,0.0,-3.1935113530645193e-06,0.00016234841793168967,0.0001591549065786263,1.1384122811097797e-18,0,recovery
217,2,0.0,-2.030978167419825e-06,0.00015520942379632224,0.00015317844562890218,-2.439454888092385e-19,0,recovery
218,2,0.0,-8.32322326739637e-07,0.00014826198851219903,0.00014742966618546197,2.574980159653073e-18,0,recovery
219,2,0.0,4.010433117677565e-07,0.00014149731216473368,0.00014189835547650034,-1.0842021724855044e-18,0,recovery
220,2,0.0,1.6677319902025645e-06,0.00013490736676045932,0.00013657509875066032,-1.5720931501039814e-18,0,recovery
221,2,0.0,2.9664239976941645e-06,0.00012848465376600569,0.00013145107776370117,1.328147661294743e-18,0,recovery
222,2,-1.3031837761510426e-221,4.2958604710538324e-06,0.00012222163290834617,0.00012651749337939944,-5.692061405548898e-19,0,recovery
223,2,-1.5214955823016793e-216,5.654821421906653e-06,0.00011611183712403233,0.00012176665854593711,-1.870248747537495e-18,0,recovery
224,2,-1.6676255249880455e-212,7.042159799372638e-06,0.00011014851698996659,0.0001171906767893395,2.846030702774449e-19,0,recovery
225,2,-5.248199731222178e-209,8.45675566649726e-06,0.0001043256660238692,0.0001127824216903689,2.439454888092385e-18,0,recovery
226,2,-7.315280518536472e-206,9.897671637233148e-06,9.839202659196682e-05,0.00010828969822919768,-2.290377089375628e-18,0,recovery
227,2,-5.029076658568772e-203,1.1364069024105772e-05,9.355635339795834e-05,0.00010492042242206574,1.6263032587282567e-18,0,recovery
228,2,-2.0314867878844328e-200,1.2855191614281531e-05,8.949555290034638e-05,0.00010235074451462982,1.9109063290057016e-18,0,recovery
229,2,-5.7921484899284274e-198,1.4370370732280972e-05,8.58034601995473e-05,0.00010017383093182362,-4.6485168145316e-18,0,recovery
230,2,-1.1777490276345333e-195,1.5909056983130298e-05,8.251729504400585e-05,9.842635202713702e-05,8.673617379884035e-19,0,recovery
231,2,-1.6983966662429657e-193,1.7470712789682862e-05,7.962758765709501e-05,9.709830044678236e-05,4.4858864886587746e-18,0,recovery
232,2,-1.836071027496008e-191,1.905496790350048e-05,7.706780440799835e-05,9.612277231149657e-05,-2.2632720350634905e-18,0,recovery
233,2,-1.5622516553281342e-189,2.0661586199588834e-05,7.482761074735218e-05,9.548919694694208e-05,1.0570971181733668e-18,0,recovery
234,2,-1.0668357346639626e-187,2.2290399489453228e-05,7.28961121074192e-05,9.518651159687135e-05,-1.0842021724855044e-18,0,recovery
235,2,-5.992605583521302e-186,2.39413171169673e-05,7.12633604899205e-05,9.520467760688878e-05,9.75781955236954e-19,0,recovery
236,2,-2.850837195680764e-184,2.5614315509940706e-05,6.991973980190094e-05,9.553405531184146e-05,-1.8973538018496328e-19,0,recovery
237,2,-1.1803646441369295e-182,2.73094632447343e-05,6.885538441437806e-05,9.616484765911232e-05,-4.0657581468206416e-20,0,recovery
238,2,-4.30861760228589e-181,2.9026912827703402e-05,6.806172870270154e-05,9.708864153040384e-05,-1.111307226797642e-18,0,recovery
239,2,-1.3551547525848778e-179,3.0766845558087764e-05,6.752946598002175e-05,9.829631153811247e-05,2.9544509200229996e-18,0,recovery
240,2,-3.680942179381471e-178,3.252956721393538e-05,6.725029230024112e-05,9.977985951417634e-05,-1.6263032587282567e-19,0,recovery
241,2,-8.780857778040378e-177,3.431538187535764e-05,6.721612000889227e-05,0.0001015315018842479,-2.019326546254252e-18,0,recovery
242,2,-1.8852454974622854e-175,3.6124693118743656e-05,6.743125040574104e-05,0.00010355594352448594,1.2468324983583301e-18,0,recovery
243,2,-3.6796243399977694e-174,3.7957911179221555e-05,6.792378689319547e-05,0.00010588169807241796,9.351243737687476e-19,0,recovery
244,2,-6.685637545021712e-173,3.981500951720351e-05,6.739452235783571e-05,0.00010720953187503754,-1.6805133673525319e-18,0,recovery
245,2,-1.0878773071652832e-171,4.1694745568535225e-05,6.439778222679893e-05,0.00010609252779533382,-3.3881317890172014e-19,0,recovery
246,2,-1.5390755919993788e-170,4.3595813041566315e-05,6.093674482570056e-05,0.0001045325578672672,3.2526065174565133e-19,0,recovery
247,2,-2.1509168542818648e-169,4.551790283351184e-05,5.760257020690029e-05,0.00010312047304041408,1.951563910473908e-18,0,recovery
248,2,-2.8585862572320632e-168,4.7460706934906186e-05,5.456924506545046e-05,0.00010202995200035703,3.7947076036992655e-19,0,recovery
249,2,-3.422917291655813e-167,4.942407772921344e-05,5.173146359141303e-05,0.00010115554132062582,-6.505213034913027e-19,0,recovery
250,2,-4.3943830988554486e-166,5.140777259666739e-05,4.901165836977071e-05,0.00010041943096643705,-1.0570971181733668e-18,0,recovery
251,2,-1.3562691852794442e-164,5.341170015333232e-05,4.647719115587624e-05,9.988889130920983e-05,1.2739375526704677e-18,0,recovery
252,2,-5.0008208672678365e-163,5.543572743640198e-05,4.3975806327681096e-05,9.941153376408218e-05,-8.944667923005412e-19,0,recovery
253,2,-1.725217570284309e-161,5.7479773653527245e-05,4.156553934294082e-05,9.904531299646802e-05,-5.421010862427522e-20,0,recovery
254,2,-5.55777858976815e-160,5.954375719579418e-05,3.933979831632363e-05,9.888355551211994e-05,2.1412992906588713e-18,0,recovery
255,2,-1.6767332784992448e-158,6.162768310147683e-05,3.714427562283511e-05,9.877195872430924e-05,-2.6969529040576923e-18,0,recovery
256,2,-4.7504800890213874e-157,6.37314462652092e-05,3.497718381701308e-05,9.870863008222541e-05,3.144186300207963e-18,0,recovery
0,3,-1.3722058761531368e-21,-0.0004063611548216328,0.00015453386680430172,-0.00025182728801732834,2.710505431213761e-18,1,absorption
1,3,-6.584454473943317e-22,-0.0004117052232441862,0.0001581684180055474,-0.0002535368052386383,5.421010862427522e-19,1,absorption
2,3,-3.142814050809581e-22,-0.00041709585322124634,0.00016194161200700025,-0.00025515424121425045,-4.336808689942018e-18,1,absorption
3,3,-1.492377844556731e-22,-0.00042253134484535016,0.00016585166573709182,-0.000256679679108255,3.3610267347050637e-18,1,absorption
4,3,-7.051134567757347e-23,-0.0004280099684993937,0.00016989810709288852,-0.0002581118614065035,1.6805133673525319e-18,1,absorption
5,3,-3.315198830368259e-23,-0.0004335300688013724,0.00017407962290512564,-0.00025945044589624836,-1.6263032587282567e-18,1,absorption
6,3,-1.5511999664014717e-23,-0.0004390897764100928,0.00017839490280390673,-0.0002606948736061862,-1.6263032587282567e-19,1,absorption
7,3,-7.22367982386616e-24,-0.0004446873708788457,0.00018284373515547547,-0.0002618436357233675,2.710505431213761e-18,1,absorption
8,3,-3.34816459271755e-24,-0.00045032097629677887,0.00018742404473221945,-0.00026289693156456365,-4.228388472693467e-18,1,absorption
9,3,-1.5447141496498358e-24,-0.00045598869406730894,0.00019213553823705835,-0.0002638531558302494,1.1926223897340549e-18,1,absorption
10,3,-7.0944928158016365e-25,-0.0004616886871228669,0.00019697701635150683,-0.0002647116707713594,6.505213034913027e-19,1,absorption
11,3,-3.24398461947087e-25,-0.0004674189008365892,0.00020194729282984087,-0.0002654716080067489,-5.421010862427522e-19,1,absorption
12,3,-1.477008162404661e-25,-0.00047317742892708675,0.00020704606365569143,-0.0002661313652713923,3.0357660829594124e-18,1,absorption
13,3,-6.697291161970915e-26,-0.00047896219633804455,0.00021227146587948244,-0.0002666907304585686,-6.5052130349130266e-18,1,absorption
14,3,-3.025016219473648e-26,-0.00048477110749622324,0.00021762343746439578,-0.0002671476700318205,6.938893903907228e-18,1,absorption
15,3,-1.3613685772739356e-26,-0.0004906020300997102,0.00022311012286994948,-0.0002674919072297617,-9.75781955236954e-19,1,absorption
16,3,-6.1058999832969275e-27,-0.0004964416603438405,0.00022994139461721965,-0.0002665002657266241,-3.2526065174565133e-18,1,absorption
17,3,-2.7299524438772624e-27,-0.0005022674830828546,0.00023791073282232206,-0.00026435675026052763,4.87890977618477e-18,1,absorption
18,3,-1.2170004593000894e-27,-0.0005080658497760057,0.0002461638866323145,-0.00026190196314369515,-3.957337929572091e-18,1,absorption
19,3,-5.410570771935306e-28,-0.0005138305901715135,0.0002546968191890174,-0.0002591337709824913,4.7704895589362195e-18,1,absorption
20,3,-2.399311960402574e-28,-0.0005195555573248227,0.00026350370268183123,-0.00025605185464299546,-4.0115480381963664e-18,1,absorption
21,3,-1.0614142970440585e-28,-0.0005252343740206119,0.00027257952076171354,-0.000252654853258899,-7.047314121155779e-19,1,absorption
22,3,-4.684780126133216e-29,-0.0005308607910075172,0.0002819198970286734,-0.0002489408939788419,1.8431436932253575e-18,1,absorption
23,3,-2.0631844330197213e-29,-0.00053642875603251,0.00029147430395697706,-0.0002449544520755388,-5.908901840045999e-18,1,absorption
24,3,-9.066845255612719e-30,-0.000541932217057423,0.0003012819632216098,-0.00024065025383580851,4.662069341687669e-18,1,absorption
25,3,-3.976091157285926e-30,-0.0005473647468055673,0.00031133749985745314,-0.0002360272469481145,-3.2526065174565133e-19,1,absorption
26,3,-1.7399472394181514e-30,-0.0005527196820390228,0.00032163647335570623,-0.00023108320868332408,-7.48099499014998e-18,1,absorption
27,3,-7.597662943626286e-31,-0.0005579904758879394,0.00033217511287996426,-0.00022581536300797164,3.469446951953614e-18,1,absorption
28,3,-3.3102517521856983e-31,-0.0005631703603471909,0.0003429477866110212,-0.00022022257373616877,9.215718466126788e-19,1,absorption
29,3,-1.4389213517857938e-31,-0.0005682525380837482,0.00035395156711231764,-0.00021430097097143233,-1.734723475976807e-18,1,absorption
30,3,-6.239601074676962e-32,-0.0005732301974404176,0.00036518133194200303,-0.0002080488654984114,3.198396408832238e-18,1,absorption
31,3,-2.6987136556555264e-32,-0.0005780966981073501,0.00037658808616060086,-0.0002015086119467463,2.927345865710862e-18,1,absorption
32,3,-1.1640277351304355e-32,-0.0005828455140942348,0.0003882138029866392,-0.00019463171110759708,-1.5178830414797062e-18,1,absorption
33,3,-5.006055882944867e-33,-0.0005874759043787664,0.0003993563215907203,-0.00018811958278804747,-1.4094628242311558e-18,1,absorption
34,3,-2.1461763237675898e-33,-0.0005920130401889483,0.0004079231783333543,-0.00018408986185559223,1.734723475976807e-18,1,absorption
35,3,-9.170229548314537e-34,-0.00059647944123652,0.00041637774849713786,-0.0001801016927393817,4.336808689942018e-19,1,absorption
36,3,-3.904297602061984e-34,-0.0006008724448360725,0.00042500290394208384,-0.00017586954089399143,-2.7647155398380363e-18,1,absorption
37,3,-1.6559739324092023e-34,-0.0006051868634692812,0.00043380115141253734,-0.00017138571205674996,-6.1257422745431e-18,1,absorption
38,3,-6.995372553338845e-35,-0.0006094171982230188,0.00044277318632603775,-0.00016664401189697003,1.1058862159352145e-17,1,absorption
39,3,-2.942468674215918e-35,-0.000613557853837905,0.00045192258789718796,-0.00016163526594071415,2.927345865710862e-18,1,absorption
40,3,-1.2321233361696397e-35,-0.0006176031135698456,0.0004612504092316743,-0.00015635270433817655,-5.2583805365546965e-18,1,absorption
41,3,-5.134945839658708e-36,-0.000621546944172445,0.00047075926112431066,-0.00015078768304814527,-1.089623183347932e-17,1,absorption
42,3,-2.1293946030468234e-36,-0.0006253833207449384,0.00048045202171370253,-0.00014493129903122431,1.1546753136970622e-17,1,absorption
43,3,-8.784491663871394e-37,-0.0006291058800760778,0.0004903297753625237,-0.0001387761047135505,3.577867169202165e-18,1,absorption
44,3,-3.6043006344463965e-37,-0.0006327081463626469,0.0005003965797078036,-0.00013231156665484411,-8.673617379884035e-19,1,absorption
45,3,-1.4705372080574822e-37,-0.0006361834903711252,0.0005106537055886652,-0.00012552978478246046,-4.336808689942018e-19,1,absorption
46,3,-5.964740662442916e-38,-0.0006395249509378409,0.0005211043634749435,-0.00011842058746290574,-8.348356728138384e-18,1,absorption
47,3,-2.404810084916973e-38,-0.0006427255463723076,0.0005317517324818583,-0.00011097381389044841,8.673617379884035e-19,1,absorption
48,3,-9.635191845143323e-39,-0.0006457779292371787,0.0005425972849383753,-0.0001031806442987962,7.15573433840433e-18,1,absorption
49,3,-3.8357518654470174e-39,-0.0006486747291653508,0.0005536343292912688,-9.50403998740898e-05,-7.806255641895632e-18,1,absorption
50,3,-1.5169621717146592e-39,-0.0006514093315423575,0.0005647756060115032,-8.66337255308533e-05,9.75781955236954e-19,1,absorption
51,3,-5.958819428253065e-40,-0.0006540032018297089,0.0005731193550102727,-8.08838468194309e-05,5.312590645178972e-18,1,absorption
52,3,-2.324541295831871e-40,-0.000656497164870464,0.0005796185807970689,-7.687858407338932e-05,5.7462715141731735e-18,1,absorption
53,3,-9.004081025470195e-41,-0.0006589055625520364,0.000586185442943295,-7.272011960874486e-05,-3.469446951953614e-18,1,absorption
54,3,-3.462607883970437e-41,-0.0006612253652365438,0.0005927687698283942,-6.84565954081548e-05,-5.204170427930421e-18,1,absorption
55,3,-1.3218081744576878e-41,-0.0006634536982031341,0.0005993981969316673,-6.40555012714622e-05,4.662069341687669e-18,1,absorption
56,3,-5.0081460236368264e-42,-0.0006655868331288406,0.0006061151844357177,-5.9471648693125434e-05,-2.6020852139652106e-18,1,absorption
57,3,-1.8831007638474633e-42,-0.0006676206401928158,0.0006129300961058536,-5.4690544086959114e-05,3.144186300207963e-18,1,absorption
58,3,-7.025947868443358e-43,-0.0006695505524444146,0.0006198516734512801,-4.969887899314296e-05,-8.456776945386935e-18,1,absorption
59,3,-2.6008770838141185e-43,-0.000671372634206026,0.0006268048307847509,-4.456780342127625e-05,-1.1926223897340549e-18,1,absorption
60,3,-9.551435027987199e-44,-0.0006730829814831759,0.0006338532573773078,-3.922972410586034e-05,7.697835424647081e-18,1,absorption
61,3,-3.4793908680038537e-44,-0.0006746766084070881,0.000641027055177128,-3.364955322995855e-05,1.5178830414797062e-18,1,absorption
62,3,-1.2571200999910444e-44,-0.0006761482030383022,0.0006483355422756684,-2.7812660762634167e-05,-3.2526065174565133e-19,1,absorption
63,3,-4.504469221299196e-45,-0.00067749201975078,0.0006557865356455084,-2.1705484105273565e-05,-1.951563910473908e-18,1,absorption
64,3,-1.6005125827085016e-45,-0.000678702110551251,0.000663390703014153,-1.531140753709831e-05,-3.2526065174565133e-19,1,absorption
65,3,-5.63870384690394e-46,-0.0006797722282092197,0.0006711551885705298,-8.617039638690593e-06,-7.589415207398531e-19,1,absorption
66,3,-1.9695221890200347e-46,-0.0006806957401468753,0.0006790897170476384,-1.6060230992390179e-06,-2.168404344971009e-18,1,absorption
67,3,-6.819629677967508e-47,-0.0006814658440672564,0.0006872029441182788,5.737100051028676e-06,6.288372600415926e-18,1,absorption
68,3,-2.340647814796453e-47,-0.0006820716091033206,0.0006958830154499668,1.3811406346639354e-05,-6.830473686658678e-18,1,absorption
69,3,-7.96239260770873e-48,-0.0006824898258618469,0.0007059924810533364,2.3502655191486033e-05,-3.469446951953614e-18,1,absorption
70,3,-2.6843554535840786e-48,-0.00068269989195474,0.0007163420805287716,3.364218857403872e-05,7.15573433840433e-18,1,absorption
71,3,-8.96771683867462e-49,-0.0006826931992703761,0.0007268366200650477,4.414342079466643e-05,-5.204170427930421e-18,1,absorption
72,3,-2.968420395758186e-49,-0.0006824619635559125,0.0007374832813592538,5.502131780334152e-05,2.168404344971009e-19,1,absorption
73,3,-9.73479026932361e-50,-0.0006819979854307375,0.0007482880290448068,6.629004361406038e-05,-8.890457814381136e-18,1,absorption
74,3,-3.162576563904188e-50,-0.0006812928493053246,0.0007592596575873074,7.796680828198871e-05,5.9631119486702744e-18,1,absorption
75,3,-1.0177089886753374e-50,-0.0006803378374420051,0.0007704032579570789,9.006542051507443e-05,6.505213034913027e-19,1,absorption
76,3,-3.243607719626318e-51,-0.0006791238608751129,0.0007817269109019545,0.0001026030500268435,1.8431436932253575e-18,1,absorption
77,3,-1.023783231998795e-51,-0.0006776416381094396,0.0007932372424749398,0.0001155956043654982,-1.951563910473908e-18,1,absorption
78,3,-3.199738235043518e-52,-0.0006758814658298474,0.000804939801375911,0.00012905833554605756,-6.071532165918825e-18,1,absorption
79,3,-9.901446633586434e-53,-0.0006738334024263925,0.0008168429256617365,0.00014300952323535038,6.396792817664476e-18,1,absorption
80,3,-3.0332667635039593e-53,-0.0006714871893270564,0.0008289511311167078,0.00015746394178965673,5.312590645178972e-18,1,absorption
81,3,-9.198143614107435e-54,-0.0006688321885879617,0.0008412721213466714,0.00017243993275871394,4.228388472693467e-18,1,absorption
82,3,-2.760682856700723e-54,-0.0006658575425931327,0.0008538119120812273,0.00018795436948808308,-1.1492543028346347e-17,1,absorption
83,3,-8.199885660122625e-55,-0.0006625519709077622,0.0008665755887286471,0.0002040236178208893,4.445228907190568e-18,1,absorption
84,3,-2.41002583651697e-55,-0.0006589039322714583,0.0008795709864938366,0.00022066705422237043,-7.806255641895632e-18,1,absorption
85,3,-7.008165512957302e-56,-0.0006549006152551728,0.0008928973533094805,0.00023799673805431631,8.565197162635485e-18,1,absorption
86,2,-1.993991179376896e-56,-0.0006504825702816537,0.0009110938151292054,0.0002606112448475459,-5.854691731421724e-18,1,absorption
87,2,-5.828987943434949e-57,-0.0006455656173274844,0.0009321745788037647,0.00028660896147628817,7.914675859144182e-18,1,absorption
88,2,-1.6873301100789365e-57,-0.000640107179236391,0.0009535303853461163,0.00031342320610971974,-5.5294310796760726e-18,1,absorption
89,2,-4.836218181727054e-58,-0.0006340905462051184,0.0009751592839537951,0.0003410687377486746,-2.168404344971009e-18,1,absorption
90,2,-1.3723723620100273e-58,-0.0006274987950748738,0.0009970555083131409,0.0003695567132382671,0.0,1,absorption
91,2,-3.855307018823625e-59,-0.0006203147589598731,0.0010192171733545408,0.00039890241439467095,3.2526065174565133e-18,1,absorption
92,2,-1.072078469686861e-59,-0.0006125211007558158,0.0010416404553613777,0.00042911935460556924,7.37257477290143e-18,1,absorption
93,2,-2.9507571441487984e-60,-0.0006041002225545065,0.001064321200972625,0.0004602209784181077,-1.0842021724855044e-17,1,absorption
94,2,-8.037800794817767e-61,-0.0005950343367034823,0.0010872581636434335,0.0004922238269399609,9.75781955236954e-18,1,absorption
95,2,-2.1666739574425336e-61,-0.000585305414340842,0.0011104461652882134,0.0005251407509473636,-7.806255641895632e-18,1,absorption
96,2,-5.779042078814009e-62,-0.0005748952040792058,0.0011338841394097927,0.0005589889353305837,-3.2526065174565133e-18,1,absorption
97,2,-1.5250203621517215e-62,-0.0005637852394219798,0.0011575688107407797,0.0005937835713188053,5.312590645178972e-18,1,absorption
98,2,-3.981096596671649e-63,-0.000551956783561442,0.00118149677796516,0.000629539994403714,-3.903127820947816e-18,1,absorption
99,2,-7.952040818586197e-64,-0.0003310804238375527,0.0007321917169856669,0.00040111129314812297,8.782037597132586e-18,1,absorption
100,1,-2.4473901143485276e-64,-0.00020837253276271786,0.00047057116358301305,0.00026219863082029005,-5.149960319306146e-18,1,absorption
101,2,-2.5364294806000256e-64,-0.0005261276690104279,0.0012300732927720893,0.0007039456237616683,6.938893903907228e-18,1,absorption
102,2,-6.400174688901144e-65,-0.0005120304066618748,0.0012547199333803442,0.0007426895267184583,-1.1167282376600696e-17,1,absorption
103,2,-1.5967677967272011e-65,-0.0004971375321706556,0.0012796016452619311,0.0007824641130912795,3.903127820947816e-18,1,absorption
104,2,-3.9383453235220896e-66,-0.0004814234563346129,0.0013052775621125484,0.0008238541057779339,-1.6263032587282567e-18,1,absorption
105,2,-9.601683894440298e-67,-0.0004648432774786483,0.001333088924322573,0.0008682456468439258,1.0842021724855044e-18,1,absorption
106,2,-2.3135578600289343e-67,-0.0004473547374464755,0.0013613430872686343,0.0009139883498221583,-4.336808689942018e-19,1,absorption
107,2,-5.508694545750857e-68,-0.00042893324238671025,0.0013898951998826369,0.0009609619574959261,-5.421010862427522e-19,1,absorption
108,2,-1.2959450318342259e-68,-0.0004095554139295773,0.001418738264629025,0.0010091828506994457,-1.951563910473908e-18,1,absorption
109,2,-3.011801659690648e-69,-0.0003891977341067424,0.0014478657312854072,0.0010586679971786653,4.336808689942018e-19,1,absorption
110,2,-6.913507915668475e-70,-0.00036783646599833244,0.0014772737119749728,0.0011094372459766431,2.8189256484623115e-18,1,absorption
111,2,-1.5672246946983522e-70,-0.0003547304890953784,0.0005731420908082213,0.00021841160171284096,-1.951563910473908e-18,1,absorption
112,2,-3.507931507734589e-71,-0.0003503146176574676,0.0005809308824872182,0.00023061626482975134,7.589415207398531e-19,1,absorption
113,2,-7.751435565389835e-72,-0.0003456432107341119,0.0005884033441012624,0.00024276013336715224,1.734723475976807e-18,1,absorption
114,2,-1.6906210941691568e-72,-0.00034071762184763777,0.0005955551982293371,0.00025483757638169666,-2.710505431213761e-18,1,absorption
115,2,-3.63884120829629e-73,-0.00033553937286162513,0.0006023847649658249,0.00026684539210420147,1.6805133673525319e-18,1,absorption
116,2,-7.727690528773993e-74,-0.00033011011127742786,0.0006088865663457248,0.0002787764550682935,-3.415236843329339e-18,1,absorption
117,2,-1.618902589322591e-74,-0.00032443160648172923,0.0006150599934857148,0.0002906283870039855,0.0,1,absorption
118,2,-3.344937572524686e-75,-0.00031850578060986875,0.0006209015428425336,0.00030239576223266805,3.198396408832238e-18,1,absorption
119,2,-6.814920228787e-76,-0.00031233464847054034,0.0006264086864663078,0.000314074037995769,1.5178830414797062e-18,1,absorption
120,2,-1.3688166449235163e-76,-0.0003059203733827415,0.0006315812596751403,0.0003256608862923973,-1.5178830414797062e-18,1,absorption
121,2,-2.709847129000586e-77,-0.0002992665408031996,0.0006362847563583506,0.00033701821555515155,5.421010862427522e-19,1,absorption
122,2,-5.286393212557873e-78,-0.00029242241320233685,0.0006361296902883469,0.00034370727708600904,-1.0299920638612292e-18,1,absorption
123,2,-1.0159823839454699e-78,-0.00028545787352566334,0.0006335891309315764,0.0003481312574059141,1.0299920638612292e-18,1,absorption
124,2,-1.923173288359356e-79,-0.00027839557781108627,0.0006310020654231689,0.000352606487612081,-1.6263032587282567e-18,1,absorption
125,2,-3.5846448193311535e-80,-0.0002712349480498222,0.0006283726171950779,0.000357137669145257,1.3010426069826053e-18,1,absorption
126,2,-6.5774199646327505e-81,-0.00026397535362248167,0.0006257009316806643,0.0003617255780581814,-1.2468324983583301e-18,1,absorption
127,2,-1.1877612526800602e-81,-0.00025661611659095074,0.0006229917387770596,0.00036637562218610857,-3.2526065174565133e-19,1,absorption
128,2,-2.110305268629711e-82,-0.0002491565289722119,0.0006202461541631637,0.0003710896251909526,8.673617379884035e-19,1,absorption
129,2,-3.6878919763248e-83,-0.00024159582623784672,0.0006174664314985071,0.00037587060526065967,-6.505213034913027e-19,1,absorption
130,2,-6.337204973948537e-84,-0.00023393321650946218,0.000614656321898384,0.00038072310538892276,9.215718466126788e-19,1,absorption
131,2,-1.0704572170915063e-84,-0.0002261678612992196,0.0006118157681887432,0.0003856479068895229,-7.047314121155779e-19,1,absorption
132,2,-1.7768610692465213e-85,-0.00021829888469058272,0.0006089492581336114,0.0003906503734430293,6.505213034913027e-19,1,absorption
133,2,-2.897382904118327e-86,-0.00021032537441069857,0.0006060575350252558,0.00039573216061455745,2.168404344971009e-19,1,absorption
134,2,-4.6395630683776875e-87,-0.00020224637622591395,0.00060314273448313,0.00040089635825721684,7.589415207398531e-19,1,absorption
135,2,-7.293099783753905e-88,-0.00019406090956760583,0.000600208234863955,0.0004061473252963497,5.421010862427522e-19,1,absorption
136,2,-1.1249950309691539e-88,-0.00018576794180632318,0.0005972538434813898,0.0004114859016750641,-2.5478751053409354e-18,1,absorption
137,2,-1.702260517397977e-89,-0.00017750595974936625,0.0005803399057585977,0.00040283394600923277,1.3010426069826053e-18,1,absorption
138,2,-2.5256075663493348e-90,-0.0001692699553426419,0.0005780819879563205,0.00040881203261367884,2.168404344971009e-19,1,absorption
139,2,-3.6727480537536216e-91,-0.0001609334915734324,0.0005738544469142538,0.0004129209553408201,-1.3010426069826053e-18,1,absorption
140,2,-5.232582430657072e-92,-0.00015257131837955503,0.0005640893315381587,0.0004115180131586049,1.1926223897340549e-18,1,absorption
141,2,-7.300420560015256e-93,-0.00014424105395704752,0.0005542116684196611,0.0004099706144626144,8.673617379884035e-19,1,absorption
142,2,-9.96979664950709e-94,-0.0001359427222430612,0.0005445777075890768,0.0004086349853460137,-1.8973538018496328e-18,1,absorption
143,2,-1.332058584893068e-94,-0.00012767272850539008,0.000535188668603254,0.0004075159400978639,5.421010862427522e-20,1,absorption
144,2,-1.7403747178005767e-95,-0.00011942734690896125,0.0005260497932141727,0.00040662244630521125,-2.168404344971009e-19,1,absorption
145,2,-2.222387770070321e-96,-0.00011120265102124667,0.0005171714730233469,0.0004059688220021014,1.1926223897340549e-18,1,absorption
146,2,-2.7721755923700045e-97,-0.00010299437276861225,0.000508567590062054,0.00040557321729344127,-5.421010862427522e-19,1,absorption
147,2,-3.375997628934326e-98,-9.479807197884101e-05,0.0005002352323033412,0.0004054371603245,-1.6263032587282567e-19,1,absorption
148,2,-4.011536030831847e-99,-8.689522004551837e-05,0.0004635872673735379,0.0003766920473280205,9.75781955236954e-19,1,absorption
149,2,-4.648175667463276e-100,-8.044498842246344e-05,0.0003400989582915118,0.0002596539698690478,-5.421010862427522e-19,1,absorption
150,2,-5.248589408669542e-101,-7.517629131637785e-05,0.0003337152035886579,0.0002585389122722794,-6.505213034913027e-19,1,absorption
151,2,-5.7717045796433425e-102,-6.992926593955301e-05,0.00032784801724407227,0.00025791875130451924,0.0,1,absorption
152,2,-6.176860101862379e-103,-6.469402188441674e-05,0.0003225381826298645,0.00025784416074544833,5.421010862427522e-19,1,absorption
153,2,-6.428671048590677e-104,-5.9913677748965654e-05,0.0002723930111222108,0.0002124793333732446,-5.421010862427522e-19,1,absorption
154,2,-6.501866603677859e-105,-5.558307933767342e-05,0.0002686858120736974,0.00021310273273602437,3.7947076036992655e-19,1,absorption
155,2,-6.385239344920833e-106,-5.123903164444629e-05,0.0002655287893155139,0.00021428975767106813,5.421010862427522e-19,1,absorption
156,2,-6.083895674393262e-107,-4.687043902137788e-05,0.00026294301868996756,0.00021607257966858992,2.439454888092385e-19,1,absorption
157,2,-5.619249170061188e-108,-4.245912984257642e-05,0.00026159072833360645,0.00021913159849102975,-2.710505431213761e-19,1,absorption
158,2,-5.0266142002387e-109,-3.7984257800263e-05,0.00026104151819577025,0.00022305726039550705,-2.168404344971009e-19,1,absorption
159,2,-4.350743154907499e-110,-3.343238240542895e-05,0.0002609543506666,0.00022752196826117095,-1.0842021724855044e-19,1,absorption
160,2,-3.640086748713904e-111,-2.8793473521155172e-05,0.0002613127613552517,0.00023251928783409666,1.0842021724855044e-19,1,absorption
161,2,-2.9408217679280457e-112,-2.4057590133447202e-05,0.00026211203203318123,0.00023805444189973417,1.3552527156068805e-19,1,absorption
162,2,-2.2917101040532195e-113,-1.9214885588692523e-05,0.00026333096018039135,0.00024411607459169876,-5.421010862427522e-20,1,absorption
163,2,-1.7206217486792137e-114,-1.4255624763620475e-05,0.0002649636092104054,0.0002507079844467849,0.0,1,absorption
164,2,-1.243140742879148e-115,-9.170172024102679e-06,0.0002669947941353561,0.0002578246221112534,-5.421010862427522e-20,1,absorption
165,2,-8.63198156062203e-117,-3.94906499658147e-06,0.00026940879153090447,0.00026545972653432305,5.421010862427522e-20,1,absorption
166,2,-5.752700922562113e-118,-1.3109119076101535e-06,0.0,-1.3109119076101463e-06,7.199780051661553e-21,1,absorption
167,2,-3.674406995626791e-119,-1.3380390434050037e-06,0.0,-1.3380390434050173e-06,-1.3552527156068805e-20,1,absorption
168,2,-2.2459740431671835e-120,-1.3656711867036665e-06,0.0,-1.3656711867036665e-06,0.0,1,absorption
169,2,-1.3116984141503172e-121,-1.3938149158444792e-06,0.0,-1.393814915844486e-06,-6.776263578034403e-21,1,absorption
170,2,-7.307076163178034e-123,-1.4224773199653496e-06,0.0,-1.4224773199653464e-06,3.1763735522036263e-21,1,absorption
171,2,-3.8757664892766956e-124,-1.4516653340205082e-06,0.0,-1.4516653340205268e-06,-1.8634724839594607e-20,1,absorption
172,2,-1.9536706909921014e-125,-1.481385515637226e-06,0.0,-1.4813855156372034e-06,2.2658131339052534e-20,1,absorption
173,2,-9.340015494051287e-127,-1.5116452751361153e-06,0.0,-1.5116452751361056e-06,9.740878893424454e-21,1,absorption
174,2,-4.225824358038309e-128,-1.5424505933898087e-06,0.0,-1.5424505933898366e-06,-2.795208725939191e-20,1,absorption
175,2,-1.8052822441842386e-129,-1.573809075159143e-06,0.0,-1.573809075159144e-06,-1.0587911840678754e-21,1,absorption
176,2,-7.264100911202012e-131,-1.6057270133051133e-06,0.0,-1.6057270133051032e-06,1.0164395367051604e-20,1,absorption
177,2,-2.745865351325017e-132,-1.6382109268201209e-06,0.0,-1.6382109268201183e-06,2.541098841762901e-21,1,absorption
178,2,-9.723246559500351e-134,-1.6712682835017504e-06,0.0,-1.6712682835017423e-06,8.046812998915853e-21,1,absorption
179,2,-3.215584751279921e-135,-1.7049041688001366e-06,0.0,-1.7049041688001432e-06,-6.564505341220828e-21,1,absorption
180,2,-9.899311481536807e-137,-1.7391270010586066e-06,0.0,-1.7391270010586138e-06,-7.199780051661553e-21,1,absorption
181,2,-2.826914044374518e-138,-1.7739409480067851e-06,0.0,-1.7739409480067788e-06,6.3527471044072525e-21,1,absorption
182,2,-7.459716932389837e-140,-1.8093544812589438e-06,0.0,-1.8093544812589307e-06,1.3129010682441655e-20,1,absorption
183,2,-1.8114732771186943e-141,-1.8453723219114748e-06,0.0,-1.8453723219114812e-06,-6.3527471044072525e-21,1,absorption
184,2,-4.0297639750418963e-143,-1.882001184985658e-06,0.0,-1.8820011849856694e-06,-1.1434944787933055e-20,1,absorption
185,2,-8.17191066431773e-145,-1.919247490890905e-06,0.0,-1.9192474908908926e-06,1.2281977735187355e-20,1,absorption
186,2,-1.5025120266483412e-146,-1.9571157243677166e-06,0.0,-1.9571157243677056e-06,1.1011428314305904e-20,1,absorption
187,2,-2.489911356264882e-148,-1.9956137011191102e-06,0.0,-1.995613701119122e-06,-1.1858461261560205e-20,1,absorption
188,2,-3.6946712927362746e-150,-2.034744564314232e-06,0.0,-2.0347445643142167e-06,1.5246593050577406e-20,1,absorption
189,2,-4.873494264021672e-152,-2.0745162262318587e-06,0.0,-2.0745162262318808e-06,-2.202285662861181e-20,1,absorption
190,2,-5.668491670405127e-154,-2.114932033757246e-06,0.0,-2.1149320337572342e-06,1.1858461261560205e-20,1,absorption
191,2,-5.761416105032009e-156,-2.1559982419076365e-06,0.0,-2.155998241907628e-06,8.470329472543003e-21,1,absorption
192,2,-5.065311401509808e-158,-2.1977196185962552e-06,0.0,-2.1977196185962586e-06,-3.3881317890172014e-21,1,absorption
193,2,-3.807976239851727e-160,-2.240100088414456e-06,0.0,-2.240100088414477e-06,-2.1175823681357508e-20,1,absorption
194,2,-2.4159694396652245e-162,-2.283145340326565e-06,0.0,-2.2831453403265303e-06,3.4728350837426314e-20,1,absorption
195,2,-1.277077785508298e-164,-2.3268588756936096e-06,0.0,-2.3268588756936333e-06,-2.371692252312041e-20,1,absorption
196,2,-8.05091329636536e-167,-2.3712444860545007e-06,0.0,-2.3712444860544838e-06,1.6940658945086007e-20,1,absorption
197,2,-1.9246193269663324e-168,-2.4163075285168123e-06,0.0,-2.4163075285168106e-06,1.6940658945086007e-21,1,absorption
198,2,-3.333833594955976e-170,-2.462048755330356e-06,0.0,-2.462048755330371e-06,-1.5246593050577406e-20,1,absorption
199,2,-4.749547770028661e-172,-2.508474635847362e-06,0.0,-2.5084746358473457e-06,1.6093625997831706e-20,1,absorption
200,2,-5.088645521968819e-174,-2.555585881354486e-06,0.0,-2.555585881354477e-06,8.893845946170154e-21,1,absorption
201,2,-4.1564300034464564e-176,-2.6033847907296e-06,0.0,-2.6033847907296092e-06,-9.317362419797304e-21,1,absorption
202,2,-2.313772135909569e-178,-2.6518766979465865e-06,0.0,-2.6518766979466055e-06,-1.9058241313221758e-20,1,absorption
203,2,-9.534968369132108e-181,-2.701058789409846e-06,0.0,-2.7010587894098095e-06,3.6422416731934915e-20,1,absorption
204,2,-2.2443061842097203e-183,-2.750935093867662e-06,0.0,-2.750935093867666e-06,-4.235164736271502e-21,1,absorption
205,2,-3.1225370924485135e-186,-2.801505905260099e-06,0.0,-2.8015059052600966e-06,2.541098841762901e-21,1,absorption
206,2,-1.5447860194089806e-189,-2.839663129708313e-06,1.3010892527588802e-06,-1.5385738769494177e-06,1.5246593050577406e-20,1,absorption
207,2,-2.1758093374568224e-193,-2.835321061708117e-06,4.270792614791693e-06,1.4354715530835434e-06,-3.3034284942917713e-20,1,absorption
208,2,-5.179735338329938e-198,-2.7640634007158573e-06,7.941155308965081e-06,5.177091908249249e-06,2.541098841762901e-20,1,absorption
209,2,0.0,-2.6231370475001778e-06,1.1088931541429274e-05,8.465794493929069e-06,-2.710505431213761e-20,1,absorption
210,2,0.0,-2.4401259337617186e-06,1.1895238745548234e-05,9.45511281178652e-06,5.082197683525802e-21,1,absorption
211,2,0.0,-2.241021543607327e-06,1.2382063241544547e-05,1.0141041697937214e-05,-6.776263578034403e-21,1,absorption
212,2,0.0,-2.0304313125290934e-06,1.2705409244461632e-05,1.0674977931932536e-05,-3.3881317890172014e-21,1,absorption
213,2,0.0,-1.8121306120119005e-06,1.2798730165493824e-05,1.0986599553481927e-05,3.3881317890172014e-21,1,absorption
214,2,0.0,-1.5904924292972432e-06,1.2673398621139378e-05,1.1082906191842146e-05,1.0164395367051604e-20,1,absorption
215,2,0.0,-1.369761438764897e-06,1.233741541719305e-05,1.0967653978428152e-05,0.0,1,absorption
216,2,0.0,-1.154096518299485e-06,1.1797450754330812e-05,1.0643354236031316e-05,-1.1858461261560205e-20,1,absorption
217,2,0.0,-9.475342276747219e-07,1.1064461887825104e-05,1.011692766015038e-05,-3.3881317890172014e-21,1,absorption
218,2,0.0,-7.540267306143006e-07,1.0141888143749747e-05,9.387861413135447e-06,0.0,1,absorption
219,2,0.0,-5.774447669451172e-07,9.039997391342039e-06,8.462552624396928e-06,6.776263578034403e-21,1,absorption
220,2,0.0,-4.215473737309006e-07,7.764442318458582e-06,7.342894944727675e-06,-6.776263578034403e-21,1,absorption
221,2,0.0,-2.9003774035275177e-07,6.319718426073111e-06,6.02968068572036e-06,8.470329472543003e-22,1,absorption
222,2,0.0,-1.8525088585507714e-07,4.843994479165961e-06,4.658743593310884e-06,0.0,1,absorption
223,2,0.0,-1.0776236203390795e-07,3.378568008410733e-06,3.270805646376825e-06,0.0,1,absorption
224,2,0.0,-5.643056405284328e-08,2.056134525353697e-06,1.999703961300854e-06,4.235164736271502e-22,1,absorption
225,2,0.0,-2.7912294870394903e-08,9.659406978895219e-07,9.38028403019127e-07,0.0,1,absorption
226,2,0.0,-1.7726027559982013e-08,1.3063434827833968e-07,1.1290832071835786e-07,1.852884572118782e-22,1,absorption
227,2,0.0,-1.6778604919350424e-08,0.0,-1.677860491935049e-08,-6.617444900424221e-23,1,absorption
228,2,0.0,-1.708282743182266e-08,0.0,-1.7082827431822772e-08,-1.1249656330721176e-22,1,absorption
229,2,0.0,-1.7391130467577687e-08,0.0,-1.7391130467577376e-08,3.110199103199384e-22,1,absorption
230,2,0.0,-1.770354205104094e-08,0.0,-1.7703542051041137e-08,-1.9852334701272664e-22,1,absorption
231,2,0.0,-1.802001097156015e-08,0.0,-1.802001097156006e-08,8.933550615572699e-23,1,absorption
232,2,0.0,-1.8340601151021713e-08,0.0,-1.834060115102174e-08,-2.6469779601696886e-23,1,absorption
233,2,0.0,-1.866521943259031e-08,0.0,-1.8665219432590277e-08,3.3087224502121107e-23,1,absorption
234,2,0.0,-1.8993946513432628e-08,0.0,-1.8993946513432628e-08,0.0,1,absorption
235,2,0.0,-1.932669209673152e-08,0.0,-1.9326692096731394e-08,1.257314531080602e-22,1,absorption
236,2,0.0,-1.966349246221183e-08,0.0,-1.966349246221203e-08,-1.9852334701272664e-22,1,absorption
237,2,0.0,-2.0004306355251173e-08,0.0,-2.0004306355251094e-08,7.940933880509066e-23,1,absorption
238,2,0.0,-2.034910560671909e-08,0.0,-2.034910560671909e-08,0.0,1,absorption
239,2,0.0,-2.069789160409739e-08,0.0,-2.0697891604097273e-08,1.1580528575742387e-22,1,absorption
240,2,0.0,-2.105059306258307e-08,0.0,-2.1050593062583162e-08,-9.26442286059391e-23,1,absorption
241,2,0.0,-2.14072142092612e-08,0.0,-2.1407214209261008e-08,1.9190590211230242e-22,1,absorption
242,2,0.0,-2.176771077476558e-08,0.0,-2.1767710774765493e-08,8.602678370551488e-23,1,absorption
243,2,0.0,-2.2131991680729248e-08,0.0,-2.2131991680729327e-08,-7.940933880509066e-23,1,absorption
244,2,0.0,-2.2500129416862283e-08,0.0,-2.250012941686254e-08,-2.5808035111654463e-22,1,absorption
245,2,0.0,-2.2871897892037606e-08,0.0,-2.2871897892037123e-08,4.830734777309682e-22,1,absorption
246,2,0.0,-2.3247458090143883e-08,0.0,-2.324745809014383e-08,5.293955920339377e-23,1,absorption
247,2,0.0,-2.3626531934179664e-08,0.0,-2.3626531934179796e-08,-1.3234889800848443e-22,1,absorption
248,2,0.0,-2.4009232882920914e-08,0.0,-2.4009232882921238e-08,-3.2425480012078685e-22,1,absorption
249,2,0.0,-2.4395405386410688e-08,0.0,-2.4395405386410595e-08,9.26442286059391e-23,1,absorption
250,2,0.0,-2.4784914690984318e-08,0.0,-2.4784914690983934e-08,3.8381180422460484e-22,1,absorption
251,2,0.0,-2.5177855713897717e-08,0.0,-2.517785571389802e-08,-3.044024654195142e-22,1,absorption
252,2,0.0,-2.5573859235689213e-08,0.0,-2.55738592356892e-08,1.3234889800848443e-23,1,absorption
253,2,0.0,-2.5972910739345925e-08,0.0,-2.597291073934587e-08,5.293955920339377e-23,1,absorption
254,2,0.0,-2.6374716454169393e-08,0.0,-2.637471645416959e-08,-1.9521462456251453e-22,1,absorption
255,2,0.0,-2.677923151303429e-08,0.0,-2.677923151303414e-08,1.4889251025954498e-22,1,absorption
256,2,0.0,-1.3501519797603163e-08,1.4641069198557757e-06,1.4506054000581726e-06,0.0,1,absorption
0,4,0.0,0.0,0.0,0.0,0.0,1,recovery
1,4,0.0,0.0,0.0,0.0,0.0,1,recovery
2,4,0.0,0.0,0.0,0.0,0.0,1,recovery
3,4,0.0,0.0,0.0,0.0,0.0,1,recovery
4,4,0.0,0.0,0.0,0.0,0.0,1,recovery
5,4,0.0,0.0,0.0,0.0,0.0,1,recovery
6,4,0.0,0.0,0.0,0.0,0.0,1,recovery
7,4,0.0,0.0,0.0,0.0,0.0,1,recovery
8,4,0.0,0.0,0.0,0.0,0.0,1,recovery
9,4,0.0,0.0,0.0,0.0,0.0,1,recovery
10,4,0.0,0.0,0.0,0.0,0.0,1,recovery
11,4,0.0,0.0,0.0,0.0,0.0,1,recovery
12,3,0.0,0.0,0.0,0.0,0.0,1,recovery
13,3,0.0,0.0,0.0,0.0,0.0,1,recovery
14,3,0.0,0.0,0.0,0.0,0.0,1,recovery
15,3,0.0,0.0,0.0,0.0,0.0,1,recovery
16,3,0.0,0.0,0.0,0.0,0.0,1,recovery
17,3,0.0,0.0,0.0,0.0,0.0,1,recovery
18,3,0.0,0.0,0.0,0.0,0.0,1,recovery
19,3,0.0,0.0,0.0,0.0,0.0,1,recovery
20,3,0.0,0.0,0.0,0.0,0.0,1,recovery
21,3,0.0,0.0,0.0,0.0,0.0,1,recovery
22,3,0.0,0.0,0.0,0.0,0.0,1,recovery
23,3,0.0,0.0,0.0,0.0,0.0,1,recovery
24,3,0.0,0.0,0.0,0.0,0.0,1,recovery
25,3,0.0,0.0,0.0,0.0,0.0,1,recovery
26,3,0.0,0.0,0.0,0.0,0.0,1,recovery
27,3,0.0,0.0,0.0,0.0,0.0,1,recovery
28,3,0.0,0.0,0.0,0.0,0.0,1,recovery
29,3,0.0,0.0,0.0,0.0,0.0,1,recovery
30,3,0.0,0.0,0.0,0.0,0.0,1,recovery
31,3,0.0,0.0,0.0,0.0,0.0,1,recovery
32,3,0.0,0.0,0.0,0.0,0.0,1,recovery
33,3,0.0,0.0,0.0,0.0,0.0,1,recovery
34,3,0.0,0.0,0.0,0.0,0.0,1,recovery
35,3,0.0,0.0,0.0,0.0,0.0,1,recovery
36,3,0.0,0.0,0.0,0.0,0.0,1,recovery
37,3,0.0,0.0,0.0,0.0,0.0,1,recovery
38,3,0.0,0.0,0.0,0.0,0.0,1,recovery
39,3,0.0,0.0,0.0,0.0,0.0,1,recovery
40,3,0.0,0.0,0.0,0.0,0.0,1,recovery
41,3,0.0,0.0,0.0,0.0,0.0,1,recovery
42,3,0.0,0.0,0.0,0.0,0.0,1,recovery
43,3,0.0,0.0,0.0,0.0,0.0,1,recovery
44,3,0.0,0.0,0.0,0.0,0.0,1,recovery
45,3,0.0,0.0,0.0,0.0,0.0,1,recovery
46,3,0.0,0.0,0.0,0.0,0.0,1,recovery
47,3,0.0,0.0,0.0,0.0,0.0,1,recovery
48,3,0.0,0.0,0.0,0.0,0.0,1,recovery
49,3,0.0,0.0,0.0,0.0,0.0,1,recovery
50,3,0.0,0.0,0.0,0.0,0.0,1,recovery
51,3,0.0,0.0,0.0,0.0,0.0,1,recovery
52,3,0.0,0.0,0.0,0.0,0.0,1,recovery
53,3,0.0,0.0,0.0,0.0,0.0,1,recovery
54,3,0.0,0.0,0.0,0.0,0.0,1,recovery
55,3,0.0,0.0,0.0,0.0,0.0,1,recovery
56,3,0.0,0.0,0.0,0.0,0.0,1,recovery
57,3,0.0,0.0,0.0,0.0,0.0,1,recovery
58,3,0.0,0.0,0.0,0.0,0.0,1,recovery
59,3,0.0,0.0,0.0,0.0,0.0,1,recovery
60,3,0.0,0.0,0.0,0.0,0.0,1,recovery
61,3,0.0,0.0,0.0,0.0,0.0,1,recovery
62,3,0.0,0.0,0.0,0.0,0.0,1,recovery
63,3,0.0,0.0,0.0,0.0,0.0,1,recovery
64,3,0.0,0.0,0.0,0.0,0.0,1,recovery
65,3,0.0,0.0,0.0,0.0,0.0,1,recovery
66,3,0.0,0.0,0.0,0.0,0.0,1,recovery
67,3,0.0,0.0,0.0,0.0,0.0,1,recovery
68,3,0.0,0.0,0.0,0.0,0.0,1,recovery
69,3,0.0,0.0,0.0,0.0,0.0,1,recovery
70,3,0.0,0.0,0.0,0.0,0.0,1,recovery
71,3,0.0,0.0,0.0,0.0,0.0,1,recovery
72,3,0.0,0.0,0.0,0.0,0.0,1,recovery
73,3,0.0,0.0,0.0,0.0,0.0,1,recovery
74,3,0.0,0.0,0.0,0.0,0.0,1,recovery
75,3,0.0,0.0,0.0,0.0,0.0,1,recovery
76,3,0.0,0.0,0.0,0.0,0.0,1,recovery
77,3,0.0,0.0,0.0,0.0,0.0,1,recovery
78,2,0.0,0.0,0.0,0.0,0.0,1,recovery
79,2,0.0,0.0,0.0,0.0,0.0,1,recovery
80,2,0.0,0.0,0.0,0.0,0.0,1,recovery
81,2,0.0,0.0,0.0,0.0,0.0,1,recovery
82,2,0.0,0.0,0.0,0.0,0.0,1,recovery
83,2,0.0,0.0,0.0,0.0,0.0,1,recovery
84,2,0.0,0.0,0.0,0.0,0.0,1,recovery
85,2,0.0,0.0,0.0,0.0,0.0,1,recovery
86,2,0.0,0.0,0.0,0.0,0.0,1,recovery
87,2,0.0,0.0,0.0,0.0,0.0,1,recovery
88,2,0.0,0.0,0.0,0.0,0.0,1,recovery
89,2,0.0,0.0,0.0,0.0,0.0,1,recovery
90,2,0.0,0.0,0.0,0.0,0.0,1,recovery
91,2,0.0,0.0,0.0,0.0,0.0,1,recovery
92,2,0.0,0.0,0.0,0.0,0.0,1,recovery
93,2,0.0,0.0,0.0,0.0,0.0,1,recovery
94,2,0.0,0.0,0.0,0.0,0.0,1,recovery
95,2,0.0,0.0,0.0,0.0,0.0,1,recovery
96,2,0.0,0.0,0.0,0.0,0.0,1,recovery
97,2,0.0,0.0,0.0,0.0,0.0,1,recovery
98,2,0.0,0.0,0.0,0.0,0.0,1,recovery
99,2,0.0,0.0,0.0,0.0,0.0,1,recovery
100,1,0.0,0.0,0.0,0.0,0.0,1,recovery
101,2,0.0,0.0,0.0,0.0,0.0,1,recovery
102,2,0.0,0.0,0.0,0.0,0.0,1,recovery
103,2,0.0,0.0,0.0,0.0,0.0,1,recovery
104,2,0.0,0.0,0.0,0.0,0.0,1,recovery
105,2,0.0,0.0,0.0,0.0,0.0,1,recovery
106,2,0.0,0.0,0.0,0.0,0.0,1,recovery
107,2,0.0,0.0,0.0,0.0,0.0,1,recovery
108,2,0.0,0.0,0.0,0.0,0.0,1,recovery
109,2,0.0,0.0,0.0,0.0,0.0,1,recovery
110,2,0.0,0.0,0.0,0.0,0.0,1,recovery
111,2,0.0,0.0,0.0,0.0,0.0,1,recovery
112,2,0.0,0.0,0.0,0.0,0.0,1,recovery
113,2,0.0,0.0,0.0,0.0,0.0,1,recovery
114,2,0.0,0.0,0.0,0.0,0.0,1,recovery
115,2,0.0,0.0,0.0,0.0,0.0,1,recovery
116,2,0.0,0.0,0.0,0.0,0.0,1,recovery
117,2,0.0,0.0,0.0,0.0,0.0,1,recovery
118,2,0.0,0.0,0.0,0.0,0.0,1,recovery
119,2,0.0,0.0,0.0,0.0,0.0,1,recovery
120,2,0.0,0.0,0.0,0.0,0.0,1,recovery
121,2,0.0,0.0,0.0,0.0,0.0,1,recovery
122,2,0.0,0.0,0.0,0.0,0.0,1,recovery
123,2,0.0,0.0,0.0,0.0,0.0,1,recovery
124,2,0.0,0.0,0.0,0.0,0.0,1,recovery
125,2,0.0,0.0,0.0,0.0,0.0,1,recovery
126,2,0.0,0.0,0.0,0.0,0.0,1,recovery
127,2,0.0,0.0,0.0,0.0,0.0,1,recovery
128,2,0.0,0.0,0.0,0.0,0.0,1,recovery
129,2,0.0,0.0,0.0,0.0,0.0,1,recovery
130,2,0.0,0.0,0.0,0.0,0.0,1,recovery
131,2,0.0,0.0,0.0,0.0,0.0,1,recovery
132,2,0.0,0.0,0.0,0.0,0.0,1,recovery
133,2,0.0,0.0,0.0,0.0,0.0,1,recovery
134,2,0.0,0.0,0.0,0.0,0.0,1,recovery
135,2,0.0,0.0,0.0,0.0,0.0,1,recovery
136,2,0.0,0.0,0.0,0.0,0.0,1,recovery
137,2,0.0,0.0,0.0,0.0,0.0,1,recovery
138,2,0.0,0.0,0.0,0.0,0.0,1,recovery
139,2,0.0,0.0,0.0,0.0,0.0,1,recovery
140,2,0.0,0.0,0.0,0.0,0.0,1,recovery
141,2,0.0,0.0,0.0,0.0,0.0,1,recovery
142,2,0.0,0.0,0.0,0.0,0.0,1,recovery
143,2,0.0,0.0,0.0,0.0,0.0,1,recovery
144,2,0.0,0.0,0.0,0.0,0.0,1,recovery
145,2,0.0,0.0,0.0,0.0,0.0,1,recovery
146,2,0.0,0.0,0.0,0.0,0.0,1,recovery
147,2,0.0,0.0,0.0,0.0,0.0,1,recovery
148,2,0.0,0.0,0.0,0.0,0.0,1,recovery
149,2,0.0,0.0,0.0,0.0,0.0,1,recovery
150,2,0.0,0.0,0.0,0.0,0.0,1,recovery
151,2,0.0,0.0,0.0,0.0,0.0,1,recovery
152,2,0.0,0.0,0.0,0.0,0.0,1,recovery
153,2,0.0,0.0,0.0,0.0,0.0,1,recovery
154,2,0.0,0.0,0.0,0.0,0.0,1,recovery
155,2,0.0,0.0,0.0,0.0,0.0,1,recovery
156,2,0.0,0.0,0.0,0.0,0.0,1,recovery
157,2,0.0,0.0,0.0,0.0,0.0,1,recovery
158,2,0.0,0.0,0.0,0.0,0.0,1,recovery
159,2,0.0,0.0,0.0,0.0,0.0,1,recovery
160,2,0.0,0.0,0.0,0.0,0.0,1,recovery
161,2,0.0,0.0,0.0,0.0,0.0,1,recovery
162,2,0.0,0.0,0.0,0.0,0.0,1,recovery
163,2,0.0,0.0,0.0,0.0,0.0,1,recovery
164,2,0.0,0.0,0.0,0.0,0.0,1,recovery
165,2,0.0,0.0,0.0,0.0,0.0,1,recovery
166,2,0.0,-1.8971358654722792e-07,0.00022519692641736604,0.00022500721283081877,-2.710505431213761e-20,1,recovery
167,2,0.0,-5.317093618977867e-07,0.00021400875505141686,0.00021347704568951907,0.0,1,recovery
168,2,0.0,-8.160032021807532e-07,0.00020225627694633844,0.0002014402737441577,2.710505431213761e-20,1,recovery
169,2,0.0,-1.0451955998188352e-06,0.00018997181211271268,0.00018892661651289365,-1.8973538018496328e-19,1,recovery
170,2,0.0,-1.2221108102712754e-06,0.0001771896472405396,0.00017596753643026855,2.168404344971009e-19,1,recovery
171,2,0.0,-1.3497542912518941e-06,0.00016395806025106956,0.00016260830595981788,2.168404344971009e-19,1,recovery
172,2,0.0,-1.4381392364455775e-06,0.00016464009895804594,0.00016320195972160012,-2.439454888092385e-19,1,recovery
173,2,0.0,-1.4879246541859289e-06,0.00014877160595229687,0.00014728368129811082,-1.3552527156068805e-19,1,recovery
174,2,0.0,-1.4954947951258259e-06,0.00013452807803731513,0.0001330325832421895,2.168404344971009e-19,1,recovery
175,2,0.0,-1.4688162953063046e-06,0.00012591495833958057,0.00012444614204427397,-2.981555974335137e-19,1,recovery
176,2,0.0,-1.414361432488023e-06,0.00011928051990940533,0.00011786615847691746,1.4907779871675686e-19,1,recovery
177,2,0.0,-1.3351756040340526e-06,0.00011433653727344401,0.00011300136166940986,-9.486769009248164e-20,1,recovery
178,2,0.0,-1.2363891848456598e-06,0.00012185241051502577,0.00012061602133018028,1.7618285302889447e-19,1,recovery
179,2,0.0,-1.1184407564004954e-06,0.00012055776028037878,0.00011943931952397829,0.0,1,recovery
180,2,0.0,-9.789509338926644e-07,0.00012099136279708893,0.0001200124118631964,1.3552527156068805e-19,1,recovery
181,2,0.0,-8.184446711809851e-07,0.00012307965705863312,0.00012226121238745205,-8.131516293641283e-20,1,recovery
182,2,0.0,-6.368819761292538e-07,0.0001267298450498811,0.00012609296307375222,3.5236570605778894e-19,1,recovery
183,2,0.0,-4.40628067932667e-07,0.00020709664433286613,0.00020665601626493335,-1.0842021724855044e-19,1,recovery
184,2,0.0,-2.1794954875168728e-07,0.00019334658502476756,0.00019312863547601544,-4.336808689942018e-19,1,recovery
185,2,0.0,4.2499471543764226e-08,0.00017957081984609237,0.00017961331931763648,3.5236570605778894e-19,1,recovery
186,2,0.0,3.374309373281122e-07,0.00017901085606723694,0.00017934828700456483,-2.168404344971009e-19,1,recovery
187,2,0.0,6.652828941576121e-07,0.00016844557801323675,0.0001691108609073945,1.3552527156068805e-19,1,recovery
188,2,0.0,1.0259202890513467e-06,0.00018205934783523776,0.00018308526812428963,5.149960319306146e-19,1,recovery
189,2,0.0,1.4199116948092807e-06,0.00017261237570992573,0.00017403228740473474,-2.710505431213761e-19,1,recovery
190,2,0.0,1.8459641870183344e-06,0.0001713971310770098,0.000173243095264028,-1.0842021724855044e-19,1,recovery
191,2,0.0,2.31252911043176e-06,0.00021665069344714122,0.00021896322255757304,5.421010862427522e-20,1,recovery
192,2,0.0,2.8541529231073777e-06,0.00035222717830611075,0.0003550813312292187,5.421010862427522e-19,1,recovery
193,2,0.0,3.477349607800762e-06,0.0003300948459603448,0.0003335721955681449,-7.047314121155779e-19,1,recovery
194,2,0.0,4.153737197373171e-06,0.0003088343395610904,0.00031298807675846346,-1.0842021724855044e-19,1,recovery
195,2,0.0,4.8783540823122916e-06,0.0002884111174455353,0.00029328947152784755,-5.421010862427522e-20,1,recovery
196,2,0.0,5.646496591925201e-06,0.00026879145995099894,0.0002744379565429245,3.7947076036992655e-19,1,recovery
197,2,0.0,6.453713368030758e-06,0.00024994360935431525,0.00025639732272234646,4.336808689942018e-19,1,recovery
198,2,0.0,7.295777134753154e-06,0.00023183739265883092,0.00023913316979358532,1.2468324983583301e-18,1,recovery
199,2,0.0,8.168580108680128e-06,0.00021394733294047681,0.0002221159130491564,-5.421010862427522e-19,1,recovery
200,2,0.0,9.068092006127492e-06,0.00019680117639475452,0.0002058692684008814,-6.2341624917916505e-19,1,recovery
201,2,0.0,9.990730373165858e-06,0.00018036930960399134,0.00019036003997715753,3.2526065174565133e-19,1,recovery
202,2,0.0,1.0933177363662592e-05,0.00016462173716053655,0.0001755549145241982,-9.486769009248164e-19,1,recovery
203,2,0.0,1.1892227733252226e-05,0.0001495329042603888,0.00016142513199364147,4.336808689942018e-19,1,recovery
204,2,0.0,1.2864970051947734e-05,0.00013507523165039788,0.00014794020170234498,-6.2341624917916505e-19,1,recovery
205,2,0.0,1.3848596403514843e-05,0.00012122427895185653,0.00013507287535537062,-7.589415207398531e-19,1,recovery
206,2,0.0,1.4842420338441496e-05,0.00010920743046825254,0.0001240498508066944,3.5236570605778894e-19,1,recovery
207,2,0.0,1.584841354001402e-05,9.935255003135078e-05,0.00011520096357136526,4.607859233063394e-19,1,recovery
208,2,0.0,1.6868037203380766e-05,9.071220296458468e-05,0.00010758024016796573,2.710505431213761e-19,1,recovery
209,2,0.0,1.790217546707514e-05,8.450551181415813e-05,0.00010240768728123247,-8.131516293641283e-19,1,recovery
210,2,0.0,1.89532275996354e-05,8.185796965596923e-05,0.00010081119725560521,5.692061405548898e-19,1,recovery
211,2,0.0,2.002267897892468e-05,7.924951419530428e-05,9.927219317422929e-05,3.2526065174565133e-19,1,recovery
212,2,0.0,2.1110278472429384e-05,7.659857855667803e-05,9.770885702910757e-05,1.6263032587282567e-19,1,recovery
213,2,0.0,2.2215653799246116e-05,7.383623606728611e-05,9.605188986653093e-05,-1.3010426069826053e-18,1,recovery
214,2,-2.450833818461993e-196,2.333830046273857e-05,7.096010763628965e-05,9.429840809902987e-05,1.6534083130403943e-18,1,recovery
215,2,-1.0143112427556765e-191,2.4477749806688235e-05,6.797067587871575e-05,9.244842568540378e-05,-2.0328790734103208e-19,1,recovery
216,2,-6.31726491269273e-188,2.5633425600073145e-05,6.4869735588082e-05,9.05031611881553e-05,1.4907779871675686e-19,1,recovery
217,2,-1.1088662768935455e-184,2.6804786038685163e-05,6.165559871955706e-05,8.84603847582429e-05,6.776263578034403e-19,1,recovery
218,2,-6.876298869818042e-182,2.799124842335796e-05,5.8332777784788245e-05,8.63240262081455e-05,-7.047314121155779e-19,1,recovery
219,2,-2.5304503673366167e-179,2.9192177672455664e-05,5.490046007338192e-05,8.409263774583793e-05,3.5236570605778894e-19,1,recovery
220,2,-5.238128877210738e-177,3.0406951426192577e-05,5.1361473132746386e-05,8.176842455893778e-05,-1.1926223897340549e-18,1,recovery
221,2,-8.109857829655572e-175,3.163492908681402e-05,4.771976331311724e-05,7.935469239993276e-05,1.4907779871675686e-18,1,recovery
222,2,-8.90064282612302e-173,3.287566205772738e-05,4.409793603027905e-05,7.697359808800548e-05,-9.486769009248164e-19,1,recovery
223,2,-7.364657456088681e-171,3.4129104269994235e-05,4.054210754373156e-05,7.467121181372639e-05,5.963111948670274e-19,1,recovery
224,2,-4.585088552344142e-169,3.539551426177129e-05,3.71704479175286e-05,7.25659621792999e-05,1.3552527156068805e-20,1,recovery
225,2,-2.5915533089909586e-167,3.667561719701994e-05,3.406984705186585e-05,7.074546424888466e-05,-1.1384122811097797e-18,1,recovery
226,2,-2.1357302772919467e-165,3.797087843016771e-05,3.1540161613716604e-05,6.95110400438844e-05,9.486769009248164e-20,1,recovery
227,2,-4.21859927204756e-163,3.9299903551850775e-05,4.0874616272656864e-05,8.017451982450866e-05,1.0164395367051604e-18,1,recovery
228,2,-6.892195463107772e-161,4.0688454022674065e-05,5.494566201663255e-05,9.563411603930906e-05,2.439454888092385e-18,1,recovery
229,2,-9.358057209965623e-159,4.214630508873588e-05,6.939925775111694e-05,0.00011154556283984873,-4.0793106739767104e-18,1,recovery
230,2,-1.0720397238661147e-156,4.367716641993101e-05,8.421964417371642e-05,0.00012789681059364837,9.215718466126788e-19,1,recovery
231,2,-1.0499364933828225e-154,4.528483328657678e-05,9.939217868699409e-05,0.00014467701197357075,-1.0842021724855044e-19,1,recovery
232,2,-8.893427785655396e-153,4.6973141154065425e-05,0.00011488969337010408,0.00016186283452417072,1.2197274440461925e-18,1,recovery
233,2,-6.582193702818033e-151,4.874602232633354e-05,0.00013070869720617582,0.000179454719532509,-3.7947076036992655e-19,1,recovery
234,2,-4.295522384897759e-149,5.060742978502025e-05,0.00014682216631313548,0.0001974295960981559,1.8973538018496328e-19,1,recovery
235,2,-2.4919275626467872e-147,5.256141757403804e-05,0.00016322029000227046,0.00021578170757630827,-2.168404344971009e-19,1,recovery
236,2,-1.2944978577881233e-145,5.4612048129439614e-05,0.00017989277224173247,0.000234504820371172,-8.131516293641283e-20,1,recovery
237,2,-6.061467757831516e-144,5.676347908429402e-05,0.00019681542801680316,0.0002535789071010982,1.0299920638612292e-18,1,recovery
238,2,-2.573720726805216e-142,5.901989024415478e-05,0.00021399098607744485,0.00027301087632160097,1.3552527156068805e-18,1,recovery
239,2,-9.963581793934918e-141,6.138555313912227e-05,0.00023139390596322993,0.0002927794591023481,-4.119968255444917e-18,1,recovery
240,2,-3.534261045794632e-139,6.386472617815253e-05,0.00024901960529165714,0.00031288433146981105,1.4094628242311558e-18,1,recovery
241,2,-1.153955281991683e-137,6.646175943450266e-05,0.00026686094105492913,0.00033332270048943083,-9.75781955236954e-19,1,recovery
242,2,-3.482610283380407e-136,6.918103765428637e-05,0.00028489583120412453,0.0003540768688584141,3.144186300207963e-18,1,recovery
243,2,-9.75264595021824e-135,7.202700788477907e-05,0.0003031325099972216,0.0003751595178819976,-3.0357660829594124e-18,1,recovery
244,2,-2.543260650807584e-133,7.497894629598413e-05,0.00030838987774223366,0.0003833688240382181,3.2526065174565133e-19,1,recovery
245,2,-6.19648547098986e-132,7.796207872273446e-05,0.00028652371687807297,0.0003644857956008052,-2.2768245622195593e-18,1,recovery
246,2,-1.4148782327767953e-130,8.092098421084133e-05,0.0002636968317186566,0.00034461781592949776,-2.168404344971009e-19,1,recovery
247,2,-3.0363529957718715e-129,8.385136469584603e-05,0.00024127352299621748,0.00032512488769206524,1.734723475976807e-18,1,recovery
248,2,-6.140473482924675e-128,8.675156894195362e-05,0.00021927896759724495,0.000306030536539199,4.336808689942018e-19,1,recovery
249,2,-1.173137069462555e-126,8.961997366705913e-05,0.00019769640469846127,0.00028731637836552047,1.0842021724855044e-19,1,recovery
250,2,-2.1222899063733698e-125,9.24551407892151e-05,0.00017653684001723077,0.0002689919808064444,-1.463672932855431e-18,1,recovery
251,2,-3.6434966242062635e-124,9.525566258533483e-05,0.00015580266022081538,0.0002510583228061535,3.3068166260807885e-18,1,recovery
252,2,-5.9481331964356095e-123,9.802030295283243e-05,0.00013548234314611133,0.00023350264609894172,-2.032879073410321e-18,1,recovery
253,2,-9.251873009096922e-122,0.00010074788411354662,0.00011560554696928764,0.00021635343108283162,-2.656295322589486e-18,1,recovery
254,2,-1.3735822974463104e-120,0.0001034373604105387,9.613937422967378e-05,0.00019957673464021317,7.047314121155779e-19,1,recovery
255,2,-1.949846174320405e-119,0.00010608763441545611,7.706727089038032e-05,0.00018315490530583858,2.168404344971009e-18,1,recovery
256,2,-2.6507571716256742e-118,0.0001087016566561713,5.9790416336976235e-05,0.0001684920729931455,-2.032879073410321e-18,1,recovery
0,3,-7.492951190086765e-09,-0.0008754983968374348,0.00043614554795650876,-0.00043936034183212486,-8.72782748850831e-18,2,absorption
1,3,-4.737594396569009e-09,-0.0008865246546070765,0.0004479101143182699,-0.0004386192778831968,6.342582709040201e-18,2,absorption
2,3,-2.9713578109649454e-09,-0.0008975388367078125,0.0004599064293415163,-0.00043763537872410635,8.673617379884035e-19,2,absorption
3,3,-1.8535428819786257e-09,-0.0009085387237399117,0.00047212749184566774,-0.00043641308543713314,-7.15573433840433e-18,2,absorption
4,3,-1.1515107001006473e-09,-0.0009195215502705047,0.00048456832486449154,-0.0004349543769167144,-1.1926223897340549e-18,2,absorption
5,3,-7.109004124622588e-10,-0.0009304846039398667,0.0004972229808622337,-0.00043326233397803643,8.998878031629687e-18,2,absorption
6,3,-4.3615733380692746e-10,-0.00094142442711081,0.0005100846641340033,-0.0004313401991341559,-1.5395670849294163e-17,2,absorption
7,3,-2.6593666217227475e-10,-0.0009523379779981254,0.000523149125083958,-0.0004291891188508215,8.023096076392733e-18,2,absorption
8,3,-1.6114686592132064e-10,-0.0009632216821715408,0.0005364084001377887,-0.0004268134431806084,9.64939933512099e-18,2,absorption
9,3,-9.704965095482927e-11,-0.0009740718414355272,0.0005498577402304771,-0.0004242141982547104,-9.324138683375338e-18,2,absorption
10,3,-5.809273024296879e-11,-0.0009848848918849904,0.0005634907799189498,-0.00042139417005877117,-2.168404344971009e-19,2,absorption
11,3,-3.4566157299902785e-11,-0.000995656540498474,0.0005773006552222442,-0.0004183559198423781,8.998878031629687e-18,2,absorption
12,3,-2.0447631240011974e-11,-0.0010063828696927869,0.0005912828772447493,-0.0004151000128956653,3.469446951953614e-18,2,absorption
13,3,-1.202730814270527e-11,-0.0010170594196534505,0.0006054292106849109,-0.0004116302209958636,-1.5829351718288365e-17,2,absorption
14,3,-7.036198317330702e-12,-0.0010276816783324864,0.0006197350028549703,-0.00040794668251371846,-4.119968255444917e-18,2,absorption
15,3,-4.09516638936884e-12,-0.0010382450069518648,0.0006342314082662504,-0.0004040136027807645,1.6371452804531117e-17,2,absorption
16,3,-2.371863152520397e-12,-0.0010487032696482395,0.0006534528419923032,-0.0003952504300278048,-5.421010862427522e-18,2,absorption
17,3,-1.3674569419697318e-12,-0.0010589786432145553,0.0006763000545267446,-0.00038267859005526594,1.734723475976807e-18,2,absorption
18,3,-7.849822176979536e-13,-0.0010690306082528776,0.0006994489741685091,-0.00036958163486935924,-8.348356728138384e-18,2,absorption
19,3,-4.487799627294821e-13,-0.001078847928231361,0.0007228825995390635,-0.0003559653291410683,9.215718466126788e-18,2,absorption
20,3,-2.5558183264923685e-13,-0.001088419741344153,0.0007465804298074418,-0.0003418393117922969,-3.903127820947816e-18,2,absorption
21,3,-1.4502237145918516e-13,-0.0010977348746465973,0.0007705234977619125,-0.0003272113770297,7.26415455565288e-18,2,absorption
22,3,-8.200190419490893e-14,-0.001106782755560639,0.000794694536010912,-0.00031208821963172456,4.336808689942018e-18,2,absorption
23,3,-4.621263456187211e-14,-0.0011155529285561115,0.0008190291791428175,-0.0002965237494595152,-8.673617379884035e-18,2,absorption
24,3,-2.595954040415424e-14,-0.0011240351416362587,0.0008435532022044979,-0.00028048193945771904,1.3010426069826053e-18,2,absorption
25,3,-1.4536966181049448e-14,-0.00113221903028985,0.0008682473302063639,-0.00026397170009803683,-1.3877787807814457e-17,2,absorption
26,3,-8.115558248231113e-15,-0.0011400938587362594,0.0008930936537289256,-0.0002470002050154324,1.691355389077387e-17,2,absorption
27,3,-4.516959911011265e-15,-0.0011476493852314985,0.0009180764129953415,-0.0002295729722406742,-1.0842021724855044e-19,2,absorption
28,3,-2.5064657092167572e-15,-0.0011548750213123847,0.0009431753713223854,-0.00021169964999252777,-2.200930410145574e-17,2,absorption
29,3,-1.3866128385931182e-15,-0.0011617603538158511,0.0009683765510345409,-0.00019338380278269285,4.119968255444917e-18,2,absorption
30,3,-7.647299145305325e-16,-0.001168295206857813,0.0009936612405588197,-0.00017463396629975592,2.168404344971009e-18,2,absorption
31,3,-4.204264121329884e-16,-0.0011744695064806478,0.0010189692068795846,-0.0001555002996014715,1.214306433183765e-17,2,absorption
32,3,-2.303884791925393e-16,-0.001180273744161673,0.0010443303355655968,-0.00013594340859630905,-2.6020852139652106e-18,2,absorption
33,3,-1.2582688423385559e-16,-0.0011857136744994213,0.001068009266125134,-0.00011770440837441387,-8.673617379884035e-19,2,absorption
34,3,-6.848151088705723e-17,-0.0011908591167281567,0.0010849076100056438,-0.00010595150672258746,-6.071532165918825e-18,2,absorption
35,3,-3.7136562678786635e-17,-0.0011957725588222722,0.0011011604324272866,-9.461212639502725e-05,-4.553649124439119e-18,2,absorption
36,3,-2.0062937029077342e-17,-0.001200453763442594,0.001117459102608615,-8.299466083398765e-05,1.1492543028346347e-17,2,absorption
37,3,-1.0796531355635706e-17,-0.0012048964830706126,0.0011338011461273776,-7.10953369432582e-05,-1.235990476633475e-17,2,absorption
38,3,-5.7863089401911885e-18,-0.001209094009229977,0.0011501795799992163,-5.8914429230741416e-05,2.5153490401663703e-17,2,absorption
39,3,-3.0879798920204283e-18,-0.0012130396824464218,0.0011665942848594086,-4.644539758702493e-05,-8.673617379884035e-18,2,absorption
40,3,-1.6407048361594093e-18,-0.001216726832013774,0.0011830395020675341,-3.368732994624146e-05,2.168404344971009e-19,2,absorption
41,3,-8.677539831557678e-19,-0.0012201483199371715,0.001199512492928419,-2.0635827008744223e-05,9.107298248878237e-18,2,absorption
42,3,-4.567726444317704e-19,-0.0012232973113321536,0.0012160118432233142,-7.285468108852999e-06,-1.3227266504323154e-17,2,absorption
43,3,-2.392595345218205e-19,-0.0012261664724245024,0.0012325313146017347,6.364842177239427e-06,7.37257477290143e-18,2,absorption
44,3,-1.2469052235338765e-19,-0.0012287485278558272,0.0012490721338793698,2.0323606023539553e-05,-2.8189256484623115e-18,2,absorption
45,3,-6.46433512429962e-20,-0.0012310361723055182,0.001265628785327294,3.459261302177219e-05,-3.686287386450715e-18,2,absorption
46,3,-3.333294794801932e-20,-0.0012330216593779229,0.0012822002067991202,4.9178547421202534e-05,5.204170427930421e-18,2,absorption
47,3,-1.7093001655224127e-20,-0.0012346975431783678,0.0012987856022285166,6.408805905014359e-05,-5.204170427930421e-18,2,absorption
48,3,-8.715563484528202e-21,-0.0012360558759502895,0.0013153797619791603,7.932388602886753e-05,-3.2526065174565133e-18,2,absorption
49,3,-4.418200257145123e-21,-0.0012370888705510253,0.0013319739786231046,9.488510807206807e-05,-1.1275702593849246e-17,2,absorption
50,3,-2.226438882452757e-21,-0.0012377903649920274,0.001348397730394704,0.00011060736540267901,2.3852447794681098e-18,2,absorption
51,3,-1.115159441172107e-21,-0.0012382362034944164,0.001356257139193774,0.0001180209356993478,-9.75781955236954e-18,2,absorption
52,3,-5.55100623854059e-22,-0.0012385565087453699,0.0013586165846595868,0.0001200600759142384,2.1467203015212988e-17,2,absorption
53,3,-2.7457764873745245e-22,-0.0012388013719158671,0.001361003043697128,0.00012220167178125796,-2.8189256484623115e-18,2,absorption
54,3,-1.3494909169505464e-22,-0.001238969102186296,0.0013633745223132292,0.00012440542012692735,-5.854691731421724e-18,2,absorption
55,3,-6.589321274427982e-23,-0.001239058104780921,0.0013657639657224413,0.00012670586094153113,1.0842021724855044e-17,2,absorption
56,3,-3.196201164802554e-23,-0.001239065684341529,0.0013682188256214747,0.00012915314127993904,-6.5052130349130266e-18,2,absorption
57,3,-1.5399577614158844e-23,-0.0012389888652361257,0.0013707551281361408,0.0001317662629000127,-2.3852447794681098e-18,2,absorption
58,3,-7.36927960798886e-24,-0.001238823947956096,0.0013733846026774627,0.00013456065472136625,-4.336808689942018e-19,2,absorption
59,3,-3.5022297317984704e-24,-0.0012385678952245532,0.001376040567821628,0.00013747267259707485,0.0,2,absorption
60,3,-1.6528397694063503e-24,-0.001238217634487508,0.001378788471858473,0.00014057083737097076,5.637851296924623e-18,2,absorption
61,3,-7.745471652636351e-25,-0.001237768774801915,0.0013816636509932916,0.00014389487619137498,-1.5178830414797062e-18,2,absorption
62,3,-3.6038069543057205e-25,-0.0012372167137740023,0.0013846798841477869,0.00014746317037378498,4.336808689942018e-19,2,absorption
63,3,-1.6647086158362308e-25,-0.0012365561336346613,0.0013878469427743988,0.0001512908091397397,2.168404344971009e-18,2,absorption
64,3,-7.633879280232714e-26,-0.0012357815466923026,0.0013911815763626915,0.00015540002967037725,-1.1709383462843448e-17,2,absorption
65,3,-3.474966443875939e-26,-0.001234887086251807,0.0013946919710566105,0.00015980488480481225,8.673617379884035e-18,2,absorption
66,3,-1.5700827365920297e-26,-0.0012338662934767931,0.0013983922823425819,0.00016452598886576575,-2.2985086056692694e-17,2,absorption
67,3,-7.040923149466678e-27,-0.0012327126478396439,0.001402294309980826,0.00016958166214119108,8.890457814381136e-18,2,absorption
68,3,-3.133578168281252e-27,-0.0012314126602037674,0.0014070377401922845,0.0001756250799885284,1.1275702593849246e-17,2,absorption
69,3,-1.3839615769710243e-27,-0.0012299332921935204,0.0014139389857985656,0.00018400569360504243,-2.8189256484623115e-18,2,absorption
70,3,-6.06525208085014e-28,-0.00122824703781598,0.0014210326094889645,0.0001927855716729876,3.0357660829594124e-18,2,absorption
71,3,-2.637447203083172e-28,-0.0012263466180540182,0.001428171000090875,0.00020182438203685676,0.0,2,absorption
72,3,-1.137882664790798e-28,-0.0012242262757838679,0.0014353657468347736,0.00021113947105089181,-1.3877787807814457e-17,2,absorption
73,3,-4.8703322572241517e-29,-0.0012218795892218874,0.001442625164682564,0.00022074557546069434,1.7780915628762273e-17,2,absorption
74,3,-2.0679280862715662e-29,-0.0012192999833126857,0.0014499644028291574,0.00023066441951646172,-9.974659986866641e-18,2,absorption
75,3,-8.70955217005912e-30,-0.0012164804930237896,0.0014573896757807902,0.0002409091827570084,7.806255641895632e-18,2,absorption
76,3,-3.6383719058710654e-30,-0.001213413628859749,0.0014649140962911269,0.0002515004674313731,-4.7704895589362195e-18,2,absorption
77,3,-1.507425169323248e-30,-0.0012100918086692528,0.0014725474764369605,0.00026245566776770396,-3.686287386450715e-18,2,absorption
78,3,-6.193666750537753e-31,-0.0012065067872999615,0.001480296734154157,0.00027378994685420266,7.15573433840433e-18,2,absorption
79,3,-2.523533324721384e-31,-0.0012026501526970685,0.0014881755161629821,0.00028552536346590496,-8.673617379884035e-18,2,absorption
80,3,-1.0194938308939065e-31,-0.0011985130779782692,0.0014961882918913512,0.00029767521391309976,1.7780915628762273e-17,2,absorption
81,3,-4.0835702699039686e-32,-0.0011940862264077337,0.0015043469163029712,0.00031026068989521705,-2.0383000842727483e-17,2,absorption
82,3,-1.6215882190428587e-32,-0.0011893601276712074,0.0015126594083747897,0.00032329928070359837,1.6046192152785466e-17,2,absorption
83,3,-6.383386091779257e-33,-0.0011843246642286222,0.0015211312809449264,0.00033680661671629114,-1.3010426069826053e-17,2,absorption
84,3,-2.490786785175493e-33,-0.0011789695308519524,0.0015297746911343705,0.0003508051602824219,3.903127820947816e-18,2,absorption
85,3,-9.632986094466935e-34,-0.0011732815997551871,0.0015388279574845717,0.00036554635772938215,-2.3852447794681098e-18,2,absorption
86,2,-3.6607741073202103e-34,-0.0011671280887978663,0.0015594761818839777,0.00039234809308612284,1.1492543028346347e-17,2,absorption
87,2,-1.40956900917375e-34,-0.0011603195360032916,0.001586685052455771,0.00042636551645246906,-1.0408340855860843e-17,2,absorption
88,2,-5.381896681664174e-35,-0.001152769518302294,0.001613960525387194,0.00046119100708490873,8.673617379884035e-18,2,absorption
89,2,-2.0374831384943085e-35,-0.001144459642884844,0.0016412937796441034,0.0004968341367592582,-1.3010426069826053e-18,2,absorption
90,2,-7.647790683185695e-36,-0.0011353713798037848,0.001668667025007994,0.0005332956452042126,3.469446951953614e-18,2,absorption
91,2,-2.8459976170507382e-36,-0.0011254859912791508,0.0016960716823977617,0.0005705856911186052,-5.637851296924623e-18,2,absorption
92,2,-1.0499344918073131e-36,-0.001114784800622702,0.0017234948893166153,0.0006087100886939117,-1.5178830414797062e-18,2,absorption
93,2,-3.839643817853252e-37,-0.0011032488082091901,0.0017509228977738264,0.0006476740895646413,4.9873299934333204e-18,2,absorption
94,2,-1.3918485788534242e-37,-0.0010908590219876823,0.001778349135764363,0.0006874901137766815,8.673617379884035e-19,2,absorption
95,2,-5.000750087604493e-38,-0.001077596272401613,0.0018057577811591522,0.000728161508757541,1.951563910473908e-18,2,absorption
96,2,-1.7806903643337408e-38,-0.0010634411618141693,0.0018331428125766091,0.0007697016507624416,1.734723475976807e-18,2,absorption
97,2,-6.283741266861517e-39,-0.0010483742745820176,0.0018604932764774557,0.0008121190018954422,4.119968255444917e-18,2,absorption
98,2,-2.197303485458232e-39,-0.0010323758721582806,0.0018877978437882108,0.0008554219716299175,-1.2793585635328952e-17,2,absorption
99,2,-5.635088454704726e-40,-0.0006224446486928465,0.0011632654552888523,0.0005408208065960096,3.7947076036992655e-18,2,absorption
100,1,-2.049595743941356e-40,-0.00039309701501222884,0.0007450227583371351,0.00035192574332490456,-1.6805133673525319e-18,2,absorption
101,2,-2.5667927623365393e-40,-0.0009976474392610238,0.0019422445769854738,0.0009445971377244552,5.204170427930421e-18,2,absorption
102,2,-8.724870857426564e-41,-0.0009787377565401174,0.001969367416587312,0.0009906296600471903,-4.336808689942018e-18,2,absorption
103,2,-2.937732834539559e-41,-0.000958816152610555,0.0019964136860373674,0.0010375975334268109,-1.5178830414797062e-18,2,absorption
104,2,-9.797372291906662e-42,-0.0009378439665744549,0.0020251046674331545,0.001087260700858704,4.336808689942018e-18,2,absorption
105,2,-3.236001164576989e-42,-0.0009157268227025087,0.002059022730937502,0.0011432959082349897,-3.686287386450715e-18,2,absorption
106,2,-1.0584393238213202e-42,-0.000892387933131647,0.0020926654354646067,0.0012002775023329734,1.3660947373317356e-17,2,absorption
107,2,-3.427968015389861e-43,-0.0008678105686833447,0.002125612413736766,0.001257801845053405,-1.6263032587282567e-17,2,absorption
108,2,-1.0991957184156582e-43,-0.0008419822988117193,0.0021578633494480286,0.0013158810506363125,3.2526065174565133e-18,2,absorption
109,2,-3.4892608302834995e-44,-0.0008148904098732189,0.002189418980056566,0.0013745285701833518,4.553649124439119e-18,2,absorption
110,2,-1.0963855529100449e-44,-0.0007865221128887798,0.002220286689762657,0.001433764576873879,2.168404344971009e-18,2,absorption
111,2,-3.409687232559892e-45,-0.0007667015004886026,0.0013052470103604827,0.0005385455098718753,-4.87890977618477e-18,2,absorption
112,2,-1.0493868616083462e-45,-0.00075587859856785,0.0013169622181995117,0.0005610836196316624,6.505213034913027e-19,2,absorption
113,2,-3.1957551142660754e-46,-0.0007445616159378477,0.0013275233376118809,0.0005829617216740329,-2.168404344971009e-19,2,absorption
114,2,-9.62883036061101e-47,-0.0007327639689573219,0.0013369371001098692,0.0006041731311525397,-7.589415207398531e-18,2,absorption
115,2,-2.8699842098399234e-47,-0.0007204993673905434,0.001345216458916384,0.0006247170915258532,1.2576745200831851e-17,2,absorption
116,2,-8.461229061553991e-48,-0.0007077816713311014,0.001352365050754706,0.0006445833794236008,-3.686287386450715e-18,2,absorption
117,2,-2.4670369534291948e-48,-0.0006946249163143625,0.0013583981446394305,0.0006637732283250736,5.637851296924623e-18,2,absorption
118,2,-7.112864744337841e-49,-0.0006810433626268186,0.0013633239282808992,0.0006822805656540726,-8.023096076392733e-18,2,absorption
119,2,-2.027573727749056e-49,-0.0006670513530169302,0.0013671527571115407,0.0007001014040946135,3.0357660829594124e-18,2,absorption
120,2,-5.713556059782069e-50,-0.0006526634480325871,0.0013699005913987148,0.000717237143366134,6.288372600415926e-18,2,absorption
121,2,-1.5913529134545746e-50,-0.0006378975100728901,0.0013712693044614854,0.0007333717943885862,-9.107298248878237e-18,2,absorption
122,2,-4.3801296746248737e-51,-0.0006228784116030109,0.001361413004534651,0.0007385345929316438,3.686287386450715e-18,2,absorption
123,2,-1.1912308132982029e-51,-0.0006077709159565022,0.001346712375674981,0.0007389414597184785,-4.336808689942018e-19,2,absorption
124,2,-3.2005089608223295e-52,-0.0005926193957576045,0.001332550633811743,0.0007399312380541347,-3.7947076036992655e-18,2,absorption
125,2,-8.493361648048215e-53,-0.0005774125023940864,0.001318917975820171,0.0007415054734260899,5.421010862427522e-18,2,absorption
126,2,-2.225862655316681e-53,-0.000562138880487462,0.0013057954655486417,0.0007436565850611719,-7.806255641895632e-18,2,absorption
127,2,-5.759614187247039e-54,-0.0005467871919172335,0.001293175240211696,0.0007463880482944697,7.26415455565288e-18,2,absorption
128,2,-1.4712283560349197e-54,-0.0005313461520947267,0.0012810411417166368,0.0007496949896219074,-2.710505431213761e-18,2,absorption
129,2,-3.7091208684875846e-55,-0.0005158044531503649,0.0012693799566780139,0.000753575503527653,4.0115480381963664e-18,2,absorption
130,2,-9.227322096526541e-56,-0.0005001508513379379,0.0012581823625163213,0.0007580315111783836,2.168404344971009e-19,2,absorption
131,2,-2.2646479713588516e-56,-0.00048437410315946706,0.0012474301685647836,0.0007630560654053146,-1.8431436932253575e-18,2,absorption
132,2,-5.482130739612003e-57,-0.00046846298904031997,0.0012371163222569602,0.0007686533332166359,-4.336808689942018e-18,2,absorption
133,2,-1.3086447541077222e-57,-0.0004524063317605055,0.001227225098035489,0.0007748187662749879,4.445228907190568e-18,2,absorption
134,2,-3.0797426157873505e-58,-0.00043619294576504073,0.0012177443764498784,0.0007815514306848369,-8.673617379884035e-19,2,absorption
135,2,-7.143652841767499e-59,-0.00041981170061016057,0.0012086653328453071,0.0007888536322351453,-1.3010426069826053e-18,2,absorption
136,2,-1.632784194228588e-59,-0.00040325146495803104,0.0011999709355820806,0.000796719470624048,-1.6263032587282567e-18,2,absorption
137,2,-3.676420069687364e-60,-0.00038665283099430486,0.0011773065461757174,0.0007906537151814164,3.7947076036992655e-18,2,absorption
138,2,-8.152497716631017e-61,-0.00037000010116236955,0.001170174884943097,0.0008001747837807285,1.0842021724855044e-18,2,absorption
139,2,-1.7799285038727824e-61,-0.00035317368617833434,0.0011587168416433919,0.0008055431554650563,-1.1926223897340549e-18,2,absorption
140,2,-3.825017591806117e-62,-0.00033635908621133933,0.001133845957095265,0.0007974868708839275,1.734723475976807e-18,2,absorption
141,2,-8.08819155876307e-63,-0.00031970924477985236,0.001108162042346223,0.0007884527975663691,-1.6263032587282567e-18,2,absorption
142,2,-1.6823634868981315e-63,-0.00030323713217147107,0.0010825265968590434,0.0007792894646875739,1.5178830414797062e-18,2,absorption
143,2,-3.4410973069209755e-64,-0.00028694670509611295,0.001056950874621444,0.0007700041695253325,1.5178830414797062e-18,2,absorption
144,2,-6.918880809686216e-65,-0.0002708415645578063,0.0010314614273700111,0.0007606198628122025,-2.3852447794681098e-18,2,absorption
145,2,-1.367049074989958e-65,-0.0002549246569205761,0.0010061025222808909,0.0007511778653603134,-1.4094628242311558e-18,2,absorption
146,2,-2.6532830586276474e-66,-0.00023919787068995532,0.00098093140261223,0.000741733531922275,2.168404344971009e-19,2,absorption
147,2,-5.0567343594526356e-67,-0.0002236626959591823,0.0009559313257746026,0.0007322686298154215,1.1926223897340549e-18,2,absorption
148,2,-9.45961250570129e-68,-0.0002086362900828527,0.0009013597637190552,0.0006927234736362024,-1.0842021724855044e-19,2,absorption
149,2,-1.736265691204793e-68,-0.00019540185385419153,0.0007566740928651737,0.000561272239010981,-1.1926223897340549e-18,2,absorption
150,2,-3.1254655039570246e-69,-0.00018366527400429374,0.0007339557068975983,0.0005502904328933064,1.8431436932253575e-18,2,absorption
151,2,-5.515409017585797e-70,-0.0001721560069439432,0.0007115153242550837,0.0005393593173111406,0.0,2,absorption
152,2,-9.536881513708216e-71,-0.00016087133147789053,0.0006895980538592509,0.0005287267223813598,-5.421010862427522e-19,2,absorption
153,2,-1.6150792207123866e-71,-0.00015030583770751793,0.000621096807346807,0.0004707909696392877,-1.4094628242311558e-18,2,absorption
154,2,-2.6774707302803463e-72,-0.00014045682872167815,0.0006011666149530314,0.00046070978623135445,1.1926223897340549e-18,2,absorption
155,2,-4.342850388893355e-73,-0.0001308161349598129,0.0005818066378228317,0.00045099050286301866,-1.0842021724855044e-19,2,absorption
156,2,-6.888277409876812e-74,-0.00012137651136092569,0.0005630492533738464,0.0004416727420129213,6.505213034913027e-19,2,absorption
157,2,-1.0677965062215208e-74,-0.00011212323769433745,0.0005455539865120177,0.00043343074881767914,-1.1384122811097797e-18,2,absorption
158,2,-1.6167932627922022e-75,-0.00010302825264936657,0.0005298705734152996,0.000426842320765934,9.215718466126788e-19,2,absorption
159,2,-2.389701070551554e-76,-9.405900995815996e-05,0.0005157903583925924,0.0004217313484344313,-1.1384122811097797e-18,2,absorption
160,2,-3.4457123557136005e-77,-8.518512873534939e-05,0.0005032516691654477,0.00041806654043009903,7.589415207398531e-19,2,absorption
161,2,-4.843638153300356e-78,-7.637636465717719e-05,0.0004922413408702842,0.0004158649762131053,-1.6805133673525319e-18,2,absorption
162,2,-6.633142525853974e-79,-6.760287578806487e-05,0.0004826752906737541,0.00041507241488569074,1.5178830414797062e-18,2,absorption
163,2,-8.843124373197816e-80,-5.883524917972002e-05,0.0004745395423016256,0.0004157042931219046,-9.75781955236954e-19,2,absorption
164,2,-1.1468322434635399e-80,-5.0044250637684636e-05,0.0004677755821078989,0.00041773133147021474,4.336808689942018e-19,2,absorption
165,2,-1.4456230378865905e-81,-4.1201256419868195e-05,0.0004623283414158437,0.0004211270849959756,1.0842021724855044e-19,2,absorption
166,2,-1.7697328920603403e-82,-3.7048152500332866e-05,9.474452100864156e-06,-2.7573700399468595e-05,1.1519648082658485e-19,2,absorption
167,2,-2.1022120144096745e-83,-3.76195559710918e-05,1.1778314324362707e-05,-2.5841241646729508e-05,-4.1335207826009857e-19,2,absorption
168,2,-2.4208117504206086e-84,-3.8141639402304106e-05,1.5073000554076312e-05,-2.306863884822736e-05,4.336808689942018e-19,2,absorption
169,2,-2.699855210673364e-85,-3.859086775625354e-05,1.946072701992978e-05,-1.9130140736324085e-05,-3.2526065174565133e-19,2,absorption
170,2,-2.9132137376209353e-86,-3.894120150909514e-05,2.5028547339501262e-05,-1.391265416959375e-05,1.2874900798265365e-19,2,absorption
171,2,-3.0380211700310222e-87,-3.9164422781365736e-05,3.184493021460611e-05,-7.319492566759721e-06,-9.486769009248164e-20,2,absorption
172,2,-3.05847514551807e-88,-3.9294914080810765e-05,3.396090345865895e-05,-5.334010622151664e-06,1.4907779871675686e-19,2,absorption
173,2,-2.968910508731117e-89,-3.930110786905668e-05,4.355725243938868e-05,4.256144570331842e-06,-1.5585406229479126e-19,2,absorption
174,2,-2.775368349372133e-90,-3.908433368444909e-05,5.459501777306148e-05,1.551068408861241e-05,2.0328790734103208e-20,2,absorption
175,2,-2.495156419311571e-91,-3.862436051364658e-05,6.565175186984352e-05,2.7027391356196796e-05,-1.4907779871675686e-19,2,absorption
176,2,-2.154354625841137e-92,-3.7933969238144406e-05,7.504496885522819e-05,3.711099961708434e-05,5.55653613398821e-19,2,absorption
177,2,-1.7837386251724525e-93,-3.70457430699292e-05,8.264333244264446e-05,4.559758937271478e-05,-4.811147140404426e-19,2,absorption
178,2,-1.4140112106083496e-94,-3.606043137426737e-05,8.227136627760188e-05,4.621093490333496e-05,4.54009659728305e-19,2,absorption
179,2,-1.0714019743260952e-95,-3.502052799423272e-05,8.57603723038578e-05,5.073984430962477e-05,-3.1848438816761693e-19,2,absorption
180,2,-7.745580052740545e-97,-3.390353684381844e-05,8.738785873355464e-05,5.348432188973613e-05,-6.776263578034403e-20,2,absorption
181,2,-5.3324993069399457e-98,-3.274868402289107e-05,8.708619111616934e-05,5.43375070932784e-05,1.2197274440461925e-19,2,absorption
182,2,-3.489002787273251e-99,-3.159581254300419e-05,8.493833559797784e-05,5.334252305497374e-05,9.486769009248164e-20,2,absorption
183,2,-2.1648281346203832e-100,-3.08723026599542e-05,4.4721621873827194e-05,1.3849319213873022e-05,2.710505431213761e-20,2,absorption
184,2,-1.2708342111532122e-101,-3.0525855296827716e-05,4.841427132378012e-05,1.7888416026952013e-05,-3.9302328752599536e-19,2,absorption
185,2,-7.040714502308483e-103,-3.0096369335683084e-05,5.175118938582812e-05,2.1654820050145485e-05,4.506215279392878e-19,2,absorption
186,2,-3.671518243779948e-104,-2.96575706563159e-05,4.841070444303428e-05,1.875313378671829e-05,-8.809142651444724e-20,2,absorption
187,2,-1.7969078219970396e-105,-2.9235650835707858e-05,4.9319215101668865e-05,2.0083564265960946e-05,-6.098637220230962e-20,2,absorption
188,2,-8.228272846084601e-107,-2.892189029373136e-05,3.7457313190607336e-05,8.535422896875991e-06,1.3552527156068805e-20,2,absorption
189,2,-3.513471727119158e-108,-2.8739631619716623e-05,3.643583093213234e-05,7.696199312415492e-06,-2.236166980751353e-19,2,absorption
190,2,-1.39389150363249e-109,-2.8625286836781016e-05,3.07381675922047e-05,2.1128807554239657e-06,2.846030702774449e-19,2,absorption
191,2,-5.117631189728914e-111,-2.884257713407697e-05,5.1683411995988305e-06,-2.367423593447812e-05,2.0328790734103208e-20,2,absorption
192,2,-1.731350688160869e-112,-2.939323230131338e-05,0.0,-2.939323230131399e-05,-6.098637220230962e-19,2,absorption
193,2,-5.37194268319622e-114,-3.0009820017655683e-05,0.0,-3.0009820017655453e-05,2.303929616531697e-19,2,absorption
194,2,-1.520772500032004e-115,-3.063794739053536e-05,0.0,-3.0637947390535405e-05,-4.743384504624082e-20,2,absorption
195,2,-3.905836755701055e-117,-3.127778110096692e-05,0.0,-3.127778110096659e-05,3.3203691532368573e-19,2,absorption
196,2,-9.043823746845286e-119,-3.1929494879627876e-05,0.0,-3.192949487962793e-05,-5.421010862427522e-20,2,absorption
197,2,-1.8747797922200698e-120,-3.259325927421402e-05,0.0,-3.259325927421411e-05,-8.809142651444724e-20,2,absorption
198,2,-3.452494341887723e-122,-3.3269242534027946e-05,0.0,-3.326924253402807e-05,-1.2197274440461925e-19,2,absorption
199,2,-5.599093928247609e-124,-3.3957623451027e-05,0.0,-3.3957623451026956e-05,4.0657581468206416e-20,2,absorption
200,2,-7.918487174625279e-126,-3.465856405017626e-05,0.0,-3.465856405017605e-05,2.1006417091906648e-19,2,absorption
201,2,-9.657681539422018e-128,-3.5372247590096984e-05,0.0,-3.537224759009674e-05,2.439454888092385e-19,2,absorption
202,2,-1.0029744784088803e-129,-3.609883943853357e-05,0.0,-3.6098839438533474e-05,9.486769009248164e-20,2,absorption
203,2,-8.740560469872475e-132,-3.6828529081723576e-05,9.339601171575586e-07,-3.589456896456607e-05,-5.421010862427522e-20,2,absorption
204,2,-6.284066216574397e-134,-3.748893895593541e-05,7.727086294497385e-06,-2.9761852661438094e-05,-7.115076756936123e-20,2,absorption
205,2,-3.653698288145396e-136,-3.797146896937326e-05,1.8741957570615028e-05,-1.9229511398758574e-05,-3.3881317890172014e-19,2,absorption
206,2,-1.677749944023871e-138,-3.821334633272904e-05,3.114071702008815e-05,-7.0726293126405215e-06,3.6591823321385775e-19,2,absorption
207,2,-5.913331119456377e-141,-3.818129983016288e-05,4.490069723820903e-05,6.719397408046007e-06,-1.4230153513872246e-19,2,absorption
208,2,-1.5447887440472874e-143,-3.784590346223424e-05,5.963517666237357e-05,2.1789273200139084e-05,-2.439454888092385e-19,2,absorption
209,2,-2.8633012495320307e-146,-3.7213821762001366e-05,7.223066192171886e-05,3.501684015971775e-05,2.574980159653073e-19,2,absorption
210,2,-3.5605347611270263e-149,-3.637073283974464e-05,7.828835919231633e-05,4.191762635257141e-05,-2.846030702774449e-19,2,absorption
211,2,-2.7583898050927383e-152,-3.539286270018157e-05,8.328139330072008e-05,4.788853060053904e-05,5.285485590866834e-19,2,absorption
212,2,-1.202094233467573e-155,-3.42982564478446e-05,8.740778932014693e-05,5.3109532872302025e-05,-3.1170812458958252e-19,2,absorption
213,2,-2.538522588619117e-159,-3.310428866350887e-05,9.056374378458453e-05,5.745945512107575e-05,8.131516293641283e-20,2,absorption
214,2,-2.04917713798722e-163,-3.1828096274903246e-05,9.291001618773995e-05,6.108191991283682e-05,1.0842021724855044e-19,2,absorption
215,2,-9.001473008265425e-168,-3.048520743274354e-05,9.44661082917825e-05,6.398090085903856e-05,-3.9302328752599536e-19,2,absorption
216,2,-4.8068472470609294e-172,-2.9092404884612855e-05,9.511691544959879e-05,6.602451056498594e-05,0.0,2,absorption
217,2,0.0,-2.7666905106119816e-05,9.496401116954048e-05,6.729710606342087e-05,2.0328790734103208e-19,2,absorption
218,2,0.0,-2.6224007134173902e-05,9.412380988701289e-05,6.789980275283898e-05,0.0,2,absorption
219,2,0.0,-2.4779007201355202e-05,9.25028261280528e-05,6.772381892669772e-05,1.3552527156068805e-19,2,absorption
220,2,0.0,-2.3347032153502952e-05,9.023634108858478e-05,6.688930893508182e-05,0.0,2,absorption
221,2,0.0,-2.1941448626080243e-05,8.738582826769532e-05,6.544437964161503e-05,-5.421010862427522e-20,2,absorption
222,2,0.0,-2.0576080614286918e-05,8.386370591031986e-05,6.32876252960327e-05,-2.303929616531697e-19,2,absorption
223,2,0.0,-1.9265716217109477e-05,7.968158053020709e-05,6.041586431309773e-05,1.2197274440461925e-19,2,absorption
224,2,0.0,-1.802485168227245e-05,7.487865713639625e-05,5.68538054541238e-05,0.0,2,absorption
225,2,0.0,-1.6867547972551747e-05,6.947749846451597e-05,5.2609950491964226e-05,0.0,2,absorption
226,2,0.0,-1.5813181527059605e-05,6.29671525092609e-05,4.71539709822013e-05,6.776263578034403e-21,2,absorption
227,2,0.0,-1.5005668483307291e-05,4.3924002154552356e-05,2.8918333671245104e-05,4.0657581468206416e-20,2,absorption
228,2,0.0,-1.4592304613944185e-05,2.3717915676856628e-05,9.12561106291242e-06,-2.371692252312041e-20,2,absorption
229,2,0.0,-1.4538278505357425e-05,8.702294316480655e-06,-5.835984188876813e-06,-4.404571325722362e-20,2,absorption
230,2,0.0,-1.4721728801574048e-05,8.172494184171261e-07,-1.3904479383156998e-05,-7.623296525288703e-20,2,absorption
231,2,0.0,-1.49988430811153e-05,0.0,-1.4998843081115128e-05,1.7110065534536867e-19,2,absorption
232,2,0.0,-1.5288888461850985e-05,0.0,-1.5288888461850985e-05,0.0,2,absorption
233,2,0.0,-1.5583509167217604e-05,0.0,-1.5583509167217723e-05,-1.1858461261560205e-19,2,absorption
234,2,0.0,-1.5882734252228843e-05,0.0,-1.5882734252228837e-05,6.776263578034403e-21,2,absorption
235,2,0.0,-1.618660680415717e-05,0.0,-1.6186606804157225e-05,-5.421010862427522e-20,2,absorption
236,2,0.0,-1.6495156957095145e-05,0.0,-1.649515695709516e-05,-1.3552527156068805e-20,2,absorption
237,2,0.0,-1.680841428084021e-05,0.0,-1.6808414280839986e-05,2.236166980751353e-19,2,absorption
238,2,0.0,-1.7126419684479442e-05,0.0,-1.7126419684479564e-05,-1.2197274440461925e-19,2,absorption
239,2,0.0,-1.74491896413457e-05,0.0,-1.7449189641345706e-05,-6.776263578034403e-21,2,absorption
240,2,0.0,-1.7776762712797194e-05,0.0,-1.777676271279727e-05,-7.792703114739563e-20,2,absorption
241,2,0.0,-1.8109164390339387e-05,0.0,-1.8109164390339217e-05,1.6940658945086007e-19,2,absorption
242,2,0.0,-1.8446406146613675e-05,0.0,-1.8446406146613715e-05,-4.0657581468206416e-20,2,absorption
243,2,0.0,-1.878853335971819e-05,0.0,-1.8788533359718313e-05,-1.2197274440461925e-19,2,absorption
244,2,0.0,-1.9135545853178642e-05,0.0,-1.9135545853178506e-05,1.3552527156068805e-19,2,absorption
245,2,0.0,-1.9487470320194467e-05,0.0,-1.9487470320194572e-05,-1.0503208545953324e-19,2,absorption
246,2,0.0,-1.9844336124456226e-05,0.0,-1.9844336124456266e-05,-4.0657581468206416e-20,2,absorption
247,2,0.0,-2.0194047904583485e-05,1.184572506270231e-06,-1.9009475398313117e-05,1.3552527156068805e-19,2,absorption
248,2,0.0,-2.045292371321072e-05,9.364181087975118e-06,-1.1088742625235638e-05,-3.7269449679189215e-20,2,absorption
249,2,0.0,-2.0487317462751585e-05,2.35265209101703e-05,3.0392034474186706e-06,-4.404571325722362e-20,2,absorption
250,2,0.0,-2.018197979152985e-05,4.27284181457711e-05,2.254643835424095e-05,-3.015437292225309e-19,2,absorption
251,2,0.0,-1.943162497802986e-05,6.682095560632918e-05,4.738933062829959e-05,2.710505431213761e-19,2,absorption
252,2,0.0,-1.8126393642264742e-05,9.630475961488222e-05,7.817836597261748e-05,0.0,2,absorption
253,2,0.0,-1.6132452174410274e-05,0.00013298577435272454,0.00011685332217831418,-8.131516293641283e-20,2,absorption
254,2,0.0,-1.3262525643594152e-05,0.000180323097892028,0.00016706057224843388,2.710505431213761e-20,2,absorption
255,2,0.0,-9.207954475774845e-06,0.0002470257598111522,0.0002378178053353773,-5.421010862427522e-20,2,absorption
256,2,0.0,-3.419138850150257e-06,0.00034898949523617506,0.0003455703563860248,0.0,2,absorption
0,4,0.0,0.0,0.0,0.0,0.0,2,recovery
1,4,0.0,0.0,0.0,0.0,0.0,2,recovery
2,4,0.0,0.0,0.0,0.0,0.0,2,recovery
3,4,0.0,0.0,0.0,0.0,0.0,2,recovery
4,4,0.0,0.0,0.0,0.0,0.0,2,recovery
5,4,0.0,0.0,0.0,0.0,0.0,2,recovery
6,4,0.0,0.0,0.0,0.0,0.0,2,recovery
7,4,0.0,0.0,0.0,0.0,0.0,2,recovery
8,4,0.0,0.0,0.0,0.0,0.0,2,recovery
9,4,0.0,0.0,0.0,0.0,0.0,2,recovery
10,4,0.0,0.0,0.0,0.0,0.0,2,recovery
11,4,0.0,0.0,0.0,0.0,0.0,2,recovery
12,3,0.0,0.0,0.0,0.0,0.0,2,recovery
13,3,0.0,0.0,0.0,0.0,0.0,2,recovery
14,3,0.0,0.0,0.0,0.0,0.0,2,recovery
15,3,0.0,0.0,0.0,0.0,0.0,2,recovery
16,3,0.0,0.0,0.0,0.0,0.0,2,recovery
17,3,0.0,0.0,0.0,0.0,0.0,2,recovery
18,3,0.0,0.0,0.0,0.0,0.0,2,recovery
19,3,0.0,0.0,0.0,0.0,0.0,2,recovery
20,3,0.0,0.0,0.0,0.0,0.0,2,recovery
21,3,0.0,0.0,0.0,0.0,0.0,2,recovery
22,3,0.0,0.0,0.0,0.0,0.0,2,recovery
23,3,0.0,0.0,0.0,0.0,0.0,2,recovery
24,3,0.0,0.0,0.0,0.0,0.0,2,recovery
25,3,0.0,0.0,0.0,0.0,0.0,2,recovery
26,3,0.0,0.0,0.0,0.0,0.0,2,recovery
27,3,0.0,0.0,0.0,0.0,0.0,2,recovery
28,3,0.0,0.0,0.0,0.0,0.0,2,recovery
29,3,0.0,0.0,0.0,0.0,0.0,2,recovery
30,3,0.0,0.0,0.0,0.0,0.0,2,recovery
31,3,0.0,0.0,0.0,0.0,0.0,2,recovery
32,3,0.0,0.0,0.0,0.0,0.0,2,recovery
33,3,0.0,0.0,0.0,0.0,0.0,2,recovery
34,3,0.0,0.0,0.0,0.0,0.0,2,recovery
35,3,0.0,0.0,0.0,0.0,0.0,2,recovery
36,3,0.0,0.0,0.0,0.0,0.0,2,recovery
37,3,0.0,0.0,0.0,0.0,0.0,2,recovery
38,3,0.0,0.0,0.0,0.0,0.0,2,recovery
39,3,0.0,0.0,0.0,0.0,0.0,2,recovery
40,3,0.0,0.0,0.0,0.0,0.0,2,recovery
41,3,0.0,0.0,0.0,0.0,0.0,2,recovery
42,3,0.0,0.0,0.0,0.0,0.0,2,recovery
43,3,0.0,0.0,0.0,0.0,0.0,2,recovery
44,3,0.0,0.0,0.0,0.0,0.0,2,recovery
45,3,0.0,0.0,0.0,0.0,0.0,2,recovery
46,3,0.0,0.0,0.0,0.0,0.0,2,recovery
47,3,0.0,0.0,0.0,0.0,0.0,2,recovery
48,3,0.0,0.0,0.0,0.0,0.0,2,recovery
49,3,0.0,0.0,0.0,0.0,0.0,2,recovery
50,3,0.0,0.0,0.0,0.0,0.0,2,recovery
51,3,0.0,0.0,0.0,0.0,0.0,2,recovery
52,3,0.0,0.0,0.0,0.0,0.0,2,recovery
53,3,0.0,0.0,0.0,0.0,0.0,2,recovery
54,3,0.0,0.0,0.0,0.0,0.0,2,recovery
55,3,0.0,0.0,0.0,0.0,0.0,2,recovery
56,3,0.0,0.0,0.0,0.0,0.0,2,recovery
57,3,0.0,0.0,0.0,0.0,0.0,2,recovery
58,3,0.0,0.0,0.0,0.0,0.0,2,recovery
59,3,0.0,0.0,0.0,0.0,0.0,2,recovery
60,3,0.0,0.0,0.0,0.0,0.0,2,recovery
61,3,0.0,0.0,0.0,0.0,0.0,2,recovery
62,3,0.0,0.0,0.0,0.0,0.0,2,recovery
63,3,0.0,0.0,0.0,0.0,0.0,2,recovery
64,3,0.0,0.0,0.0,0.0,0.0,2,recovery
65,3,0.0,0.0,0.0,0.0,0.0,2,recovery
66,3,0.0,0.0,0.0,0.0,0.0,2,recovery
67,3,0.0,0.0,0.0,0.0,0.0,2,recovery
68,3,0.0,0.0,0.0,0.0,0.0,2,recovery
69,3,0.0,0.0,0.0,0.0,0.0,2,recovery
70,3,0.0,0.0,0.0,0.0,0.0,2,recovery
71,3,0.0,0.0,0.0,0.0,0.0,2,recovery
72,3,0.0,0.0,0.0,0.0,0.0,2,recovery
73,3,0.0,0.0,0.0,0.0,0.0,2,recovery
74,3,0.0,0.0,0.0,0.0,0.0,2,recovery
75,3,0.0,0.0,0.0,0.0,0.0,2,recovery
76,3,0.0,0.0,0.0,0.0,0.0,2,recovery
77,3,0.0,0.0,0.0,0.0,0.0,2,recovery
78,2,0.0,0.0,0.0,0.0,0.0,2,recovery
79,2,0.0,0.0,0.0,0.0,0.0,2,recovery
80,2,0.0,0.0,0.0,0.0,0.0,2,recovery
81,2,0.0,0.0,0.0,0.0,0.0,2,recovery
82,2,0.0,0.0,0.0,0.0,0.0,2,recovery
83,2,0.0,0.0,0.0,0.0,0.0,2,recovery
84,2,0.0,0.0,0.0,0.0,0.0,2,recovery
85,2,0.0,0.0,0.0,0.0,0.0,2,recovery
86,2,0.0,0.0,0.0,0.0,0.0,2,recovery
87,2,0.0,0.0,0.0,0.0,0.0,2,recovery
88,2,0.0,0.0,0.0,0.0,0.0,2,recovery
89,2,0.0,0.0,0.0,0.0,0.0,2,recovery
90,2,0.0,0.0,0.0,0.0,0.0,2,recovery
91,2,0.0,0.0,0.0,0.0,0.0,2,recovery
92,2,0.0,0.0,0.0,0.0,0.0,2,recovery
93,2,0.0,0.0,0.0,0.0,0.0,2,recovery
94,2,0.0,0.0,0.0,0.0,0.0,2,recovery
95,2,0.0,0.0,0.0,0.0,0.0,2,recovery
96,2,0.0,0.0,0.0,0.0,0.0,2,recovery
97,2,0.0,0.0,0.0,0.0,0.0,2,recovery
98,2,0.0,0.0,0.0,0.0,0.0,2,recovery
99,2,0.0,0.0,0.0,0.0,0.0,2,recovery
100,1,0.0,0.0,0.0,0.0,0.0,2,recovery
101,2,0.0,0.0,0.0,0.0,0.0,2,recovery
102,2,0.0,0.0,0.0,0.0,0.0,2,recovery
103,2,0.0,0.0,0.0,0.0,0.0,2,recovery
104,2,0.0,0.0,0.0,0.0,0.0,2,recovery
105,2,0.0,0.0,0.0,0.0,0.0,2,recovery
106,2,0.0,0.0,0.0,0.0,0.0,2,recovery
107,2,0.0,0.0,0.0,0.0,0.0,2,recovery
108,2,0.0,0.0,0.0,0.0,0.0,2,recovery
109,2,0.0,0.0,0.0,0.0,0.0,2,recovery
110,2,0.0,0.0,0.0,0.0,0.0,2,recovery
111,2,0.0,0.0,0.0,0.0,0.0,2,recovery
112,2,0.0,0.0,0.0,0.0,0.0,2,recovery
113,2,0.0,0.0,0.0,0.0,0.0,2,recovery
114,2,0.0,0.0,0.0,0.0,0.0,2,recovery
115,2,0.0,0.0,0.0,0.0,0.0,2,recovery
116,2,0.0,0.0,0.0,0.0,0.0,2,recovery
117,2,0.0,0.0,0.0,0.0,0.0,2,recovery
118,2,0.0,0.0,0.0,0.0,0.0,2,recovery
119,2,0.0,0.0,0.0,0.0,0.0,2,recovery
120,2,0.0,0.0,0.0,0.0,0.0,2,recovery
121,2,0.0,0.0,0.0,0.0,0.0,2,recovery
122,2,0.0,0.0,0.0,0.0,0.0,2,recovery
123,2,0.0,0.0,0.0,0.0,0.0,2,recovery
124,2,0.0,0.0,0.0,0.0,0.0,2,recovery
125,2,0.0,0.0,0.0,0.0,0.0,2,recovery
126,2,0.0,0.0,0.0,0.0,0.0,2,recovery
127,2,0.0,0.0,0.0,0.0,0.0,2,recovery
128,2,0.0,0.0,0.0,0.0,0.0,2,recovery
129,2,0.0,0.0,0.0,0.0,0.0,2,recovery
130,2,0.0,0.0,0.0,0.0,0.0,2,recovery
131,2,0.0,0.0,0.0,0.0,0.0,2,recovery
132,2,0.0,0.0,0.0,0.0,0.0,2,recovery
133,2,0.0,0.0,0.0,0.0,0.0,2,recovery
134,2,0.0,0.0,0.0,0.0,0.0,2,recovery
135,2,0.0,0.0,0.0,0.0,0.0,2,recovery
136,2,0.0,0.0,0.0,0.0,0.0,2,recovery
137,2,0.0,0.0,0.0,0.0,0.0,2,recovery
138,2,0.0,0.0,0.0,0.0,0.0,2,recovery
139,2,0.0,0.0,0.0,0.0,0.0,2,recovery
140,2,0.0,0.0,0.0,0.0,0.0,2,recovery
141,2,0.0,0.0,0.0,0.0,0.0,2,recovery
142,2,0.0,0.0,0.0,0.0,0.0,2,recovery
143,2,0.0,0.0,0.0,0.0,0.0,2,recovery
144,2,0.0,0.0,0.0,0.0,0.0,2,recovery
145,2,0.0,0.0,0.0,0.0,0.0,2,recovery
146,2,0.0,0.0,0.0,0.0,0.0,2,recovery
147,2,0.0,0.0,0.0,0.0,0.0,2,recovery
148,2,0.0,0.0,0.0,0.0,0.0,2,recovery
149,2,0.0,0.0,0.0,0.0,0.0,2,recovery
150,2,0.0,0.0,0.0,0.0,0.0,2,recovery
151,2,0.0,0.0,0.0,0.0,0.0,2,recovery
152,2,0.0,0.0,0.0,0.0,0.0,2,recovery
153,2,0.0,0.0,0.0,0.0,0.0,2,recovery
154,2,0.0,0.0,0.0,0.0,0.0,2,recovery
155,2,0.0,0.0,0.0,0.0,0.0,2,recovery
156,2,0.0,0.0,0.0,0.0,0.0,2,recovery
157,2,0.0,0.0,0.0,0.0,0.0,2,recovery
158,2,0.0,0.0,0.0,0.0,0.0,2,recovery
159,2,0.0,0.0,0.0,0.0,0.0,2,recovery
160,2,0.0,0.0,0.0,0.0,0.0,2,recovery
161,2,0.0,0.0,0.0,0.0,0.0,2,recovery
162,2,0.0,0.0,0.0,0.0,0.0,2,recovery
163,2,0.0,0.0,0.0,0.0,0.0,2,recovery
164,2,0.0,0.0,0.0,0.0,0.0,2,recovery
165,2,0.0,0.0,0.0,0.0,0.0,2,recovery
166,2,0.0,6.440301539900216e-08,7.961014922381757e-05,7.967455223921655e-05,-1.3552527156068805e-20,2,recovery
167,2,0.0,1.979870432551979e-07,7.352210893624817e-05,7.372009597950336e-05,0.0,2,recovery
168,2,0.0,3.3507399607127664e-07,6.703753634686807e-05,6.737261034293936e-05,1.3552527156068805e-20,2,recovery
169,2,0.0,4.7339296682868303e-07,6.032819580553011e-05,6.080158877235878e-05,-1.3552527156068805e-20,2,recovery
170,2,0.0,6.110272891375619e-07,5.354773764939924e-05,5.4158764938536834e-05,3.3881317890172014e-20,2,recovery
171,2,0.0,7.464604272552886e-07,4.682358607597186e-05,4.757004650322714e-05,-1.3552527156068805e-20,2,recovery
172,2,0.0,8.886309906745019e-07,4.9620531543350014e-05,5.050916253402445e-05,-6.776263578034403e-20,2,recovery
173,2,0.0,1.0354977326356969e-06,4.14825091815368e-05,4.251800691417254e-05,4.0657581468206416e-20,2,recovery
174,2,0.0,1.174623859358986e-06,3.3926695508858324e-05,3.510131936821731e-05,0.0,2,recovery
175,2,0.0,1.306420072654515e-06,2.775555846401248e-05,2.906197853666699e-05,-3.3881317890172014e-21,2,recovery
176,2,0.0,1.4323284018546506e-06,2.286178860696766e-05,2.4294117008822344e-05,3.3881317890172014e-20,2,recovery
177,2,0.0,1.5538073263258446e-06,1.90450094950605e-05,2.059881682138639e-05,4.404571325722362e-20,2,recovery
178,2,0.0,1.6787524377780172e-06,2.1706426960304543e-05,2.338517939808255e-05,-1.0164395367051604e-20,2,recovery
179,2,0.0,1.8090864854973263e-06,1.9635807846055002e-05,2.1444894331552303e-05,-2.710505431213761e-20,2,recovery
180,2,0.0,1.9401308663838324e-06,1.849950934946674e-05,2.043964021585052e-05,-5.082197683525802e-20,2,recovery
181,2,0.0,2.073635073467311e-06,1.8106685419584675e-05,2.0180320493052087e-05,1.0164395367051604e-19,2,recovery
182,2,0.0,2.2112697096006125e-06,1.841844269228006e-05,2.0629712401880524e-05,-1.4907779871675686e-19,2,recovery
183,2,0.0,2.4201543039201616e-06,6.430401542054609e-05,6.672416972446646e-05,2.0328790734103208e-19,2,recovery
184,2,0.0,2.6883492899704166e-06,5.289733250558703e-05,5.558568179555722e-05,-2.303929616531697e-19,2,recovery
185,2,0.0,2.93436005079637e-06,4.192891911030732e-05,4.486327916110376e-05,6.776263578034403e-20,2,recovery
186,2,0.0,3.169446677628934e-06,3.935972760770447e-05,4.252917428533326e-05,-1.4230153513872246e-19,2,recovery
187,2,0.0,3.3960811691975613e-06,3.093194463450654e-05,3.4328025803704145e-05,4.0657581468206416e-20,2,recovery
188,2,0.0,3.6263039995259635e-06,3.666429011891342e-05,4.029059411843946e-05,8.131516293641283e-20,2,recovery
189,2,0.0,3.8606364992508525e-06,2.8842099695029317e-05,3.270273619428003e-05,-1.4230153513872246e-19,2,recovery
190,2,0.0,4.084400521220238e-06,2.5951776054745907e-05,3.00361765759663e-05,1.5585406229479126e-19,2,recovery
191,2,0.0,4.361518385895477e-06,5.42651045556805e-05,5.862662294157592e-05,-6.098637220230962e-20,2,recovery
192,2,0.0,5.027346728656797e-06,0.0002020299376852102,0.0002070572844138671,8.131516293641283e-20,2,recovery
193,2,0.0,6.022785997868975e-06,0.00018639165063394304,0.000192414436631812,-2.710505431213761e-20,2,recovery
194,2,0.0,7.001391123539112e-06,0.00017079354421776122,0.0001777949353413005,1.6263032587282567e-19,2,recovery
195,2,0.0,7.95705306747971e-06,0.00015522720509848412,0.0001631842581659639,5.421010862427522e-20,2,recovery
196,2,0.0,8.88377522578722e-06,0.00013968097513416807,0.00014856475035995506,-2.168404344971009e-19,2,recovery
197,2,0.0,9.775586558849948e-06,0.00012415234785686702,0.00013392793441571694,-2.710505431213761e-20,2,recovery
198,2,0.0,1.0626491163204917e-05,0.00010863289723092568,0.00011925938839413069,9.486769009248164e-20,2,recovery
199,2,0.0,1.1429268567411893e-05,9.258799567647702e-05,0.00010401726424388857,-3.3881317890172014e-19,2,recovery
200,2,0.0,1.2176794747291118e-05,7.661119184462924e-05,8.878798659192047e-05,1.0842021724855044e-19,2,recovery
201,2,0.0,1.2863389038391141e-05,6.06956361387706e-05,7.355902517716152e-05,-2.168404344971009e-19,2,recovery
202,2,0.0,1.3483393834240732e-05,4.483469338212534e-05,5.831808721636642e-05,3.4558944247975454e-19,2,recovery
203,2,0.0,1.403430073879103e-05,2.992433479772598e-05,4.39586355365164e-05,-6.098637220230962e-19,2,recovery
204,2,0.0,1.4532555651222647e-05,2.068843132928049e-05,3.522098698050327e-05,1.3552527156068805e-19,2,recovery
205,2,0.0,1.5005454665895375e-05,1.555367680651983e-05,3.05591314724153e-05,9.486769009248164e-20,2,recovery
206,2,0.0,1.546703339723088e-05,1.1797024777398292e-05,2.7264058174629978e-05,8.063753657860939e-19,2,recovery
207,2,0.0,1.592270297987286e-05,9.390093953124452e-06,2.5312796932997015e-05,-2.981555974335137e-19,2,recovery
208,2,-5.695647829503806e-176,1.637689541764819e-05,7.972584346100681e-06,2.4349479763748592e-05,-2.778268066994105e-19,2,recovery
209,2,-5.310866181959409e-172,1.6837722606335257e-05,9.162010133704226e-06,2.599973274004016e-05,6.776263578034403e-19,2,recovery
210,2,-1.0989030905780453e-168,1.7323419032007145e-05,1.5117940032327283e-05,3.244135906433363e-05,-7.995991022080595e-19,2,recovery
211,2,-2.1431906573283477e-165,1.7846954398527085e-05,2.1040810309171614e-05,3.888776470769911e-05,4.0657581468206416e-19,2,recovery
212,2,-8.54499380201994e-162,1.8409247099342235e-05,2.6659771561506878e-05,4.5069018660848486e-05,-6.2341624917916505e-19,2,recovery
213,2,-1.7190003818961444e-158,1.901001171053971e-05,3.186452243830152e-05,5.0874534148841275e-05,4.0657581468206416e-20,2,recovery
214,2,-1.990928623368913e-155,1.9648786205081553e-05,3.6770198038520264e-05,5.641898424360234e-05,5.21772295508649e-19,2,recovery
215,2,-1.4588303875637282e-152,2.03253234964559e-05,4.137595561308264e-05,6.170127910953838e-05,-1.6263032587282567e-19,2,recovery
216,2,-7.247574280749005e-150,2.103905541689259e-05,4.5557998925234256e-05,6.659705434212742e-05,5.692061405548898e-19,2,recovery
217,2,-2.573769406009788e-147,2.1788985559456845e-05,4.937442022375689e-05,7.116340578321428e-05,5.421010862427522e-19,2,recovery
218,2,-6.810546091958312e-145,2.25744156060815e-05,5.294231090001091e-05,7.551672650609126e-05,-1.1519648082658485e-18,2,recovery
219,2,-1.3885419605805237e-142,2.339449944151147e-05,5.6134051834133436e-05,7.952855127564594e-05,1.0299920638612292e-18,2,recovery
220,2,-2.2419499766757273e-140,2.424834382129835e-05,5.907018493914499e-05,8.331852876044188e-05,-1.463672932855431e-18,2,recovery
221,2,-2.9331056880437494e-138,2.5135329382172134e-05,6.180579509870418e-05,8.69411244808771e-05,7.860465750519907e-19,2,recovery
222,2,-3.170083400933885e-136,2.605463441104491e-05,6.421801671505051e-05,9.027265112609463e-05,-7.860465750519907e-19,2,recovery
223,2,-2.8776825744251893e-134,2.7005199695570027e-05,6.633788413918417e-05,9.334308383475518e-05,9.75781955236954e-19,2,recovery
224,2,-2.2256266241393994e-132,2.7985946203232462e-05,6.816388720242916e-05,9.614983340566112e-05,-5.014435047745458e-19,2,recovery
225,2,-1.4849353309787565e-130,2.8995821797873075e-05,6.971756870750384e-05,9.8713390505377e-05,8.131516293641283e-20,2,recovery
226,2,-8.64086322967084e-129,3.0035934555843018e-05,7.174157379710716e-05,0.00010177750835295126,1.0842021724855044e-18,2,recovery
227,2,-4.427909814921278e-127,3.115951384495644e-05,9.058558912991278e-05,0.00012174510297486858,-6.505213034913027e-19,2,recovery
228,2,-2.015421936982686e-125,3.245355499748361e-05,0.0001194374671689494,0.00015189102216643224,-7.589415207398531e-19,2,recovery
229,2,-8.211033864520905e-124,3.397701433907991e-05,0.00015353357672545293,0.00018751059106453336,5.421010862427522e-19,2,recovery
230,2,-3.015057387668938e-122,3.5786014087682083e-05,0.0001947091613416136,0.00023049517542929592,2.439454888092385e-19,2,recovery
231,2,-1.0040817067334605e-120,3.794745862271253e-05,0.00024287675704417057,0.0002808242156668826,-4.87890977618477e-19,2,recovery
232,2,-3.049826997444098e-119,4.05055388479785e-05,0.0002919580339202085,0.00033246357276818777,8.131516293641283e-19,2,recovery
233,2,-8.492785837534069e-118,4.347673627147683e-05,0.00034118293891817995,0.00038465967518965666,-1.0842021724855044e-19,2,recovery
234,2,-2.1783932802817407e-116,4.6874093694140735e-05,0.00039047236853289365,0.00043734646222703434,-5.421010862427522e-20,2,recovery
235,2,-5.168980878291465e-115,5.071043989405816e-05,0.00043981542563856983,0.0004905258655326285,5.421010862427522e-19,2,recovery
236,2,-1.1391370293114798e-113,5.4998612428732474e-05,0.0004891961024114809,0.0005441947148402135,1.0842021724855044e-19,2,recovery
237,2,-2.3401004689486245e-112,5.9751185358957246e-05,0.0005385438236677921,0.0005982950090267477,-1.734723475976807e-18,2,recovery
238,2,-4.49619547436208e-111,6.498074471769709e-05,0.0005878941140109977,0.0006528748587286944,-4.336808689942018e-19,2,recovery
239,2,-8.105217734484615e-110,7.069979178991954e-05,0.0006371672271178296,0.0007078670189077513,2.0599841277224584e-18,2,recovery
240,2,-1.374841183269938e-108,7.692053485870368e-05,0.0006863690368276973,0.0007632895716864017,6.505213034913027e-19,2,recovery
241,2,-2.2002932132178112e-107,8.365531117499132e-05,0.0007354922033955828,0.0008191475145705729,-1.3010426069826053e-18,2,recovery
242,2,-3.330743673633652e-106,9.091620845454212e-05,0.0007844693389494303,0.0008753855474039722,-2.168404344971009e-19,2,recovery
243,2,-4.780296812918702e-105,9.871529192820994e-05,0.0008333564463684617,0.0009320717382966699,-1.734723475976807e-18,2,recovery
244,2,-6.518929369111553e-104,0.00010692363469867267,0.0008454961431172173,0.0009524197778158945,4.553649124439119e-18,2,recovery
245,2,-8.464481004534714e-103,0.0001150939639870394,0.0007765273139434714,0.0008916212779305106,-2.168404344971009e-19,2,recovery
246,2,-1.048496903839743e-101,0.00012287290618297065,0.0006987721903930183,0.0008216450965759861,-2.8189256484623115e-18,2,recovery
247,2,-1.2412710334125745e-100,0.00013019571510916743,0.0006165985932764145,0.0007467943083855812,-7.589415207398531e-19,2,recovery
248,2,-1.4068328167489818e-99,0.00013704130569041012,0.0005359881613566541,0.0006730294670470663,2.0599841277224584e-18,2,recovery
249,2,-1.528959667501046e-98,0.00014341158017890733,0.0004561857011959534,0.0005995972813748612,4.336808689942018e-19,2,recovery
250,2,-1.5958398924830305e-97,0.00014930131032401373,0.0003766152968771254,0.0005259166072011379,-1.3010426069826053e-18,2,recovery
251,2,-1.6019472740890225e-96,0.00015470196402730957,0.0002974197440832435,0.0004521217081105561,2.9815559743351372e-18,2,recovery
252,2,-1.548692035605767e-95,0.00015960781631056757,0.00021930194605890006,0.0003789097623694629,-4.7704895589362195e-18,2,recovery
253,2,-1.4437802629907928e-94,0.0001640244892984337,0.00014439006656310143,0.0003084145558615338,-1.3010426069826053e-18,2,recovery
254,2,-1.2995371088694563e-93,0.00016798061100568244,7.611715233942279e-05,0.00024409776334510802,2.791820594150174e-18,2,recovery
255,2,-1.130663349499331e-92,0.00017155317564472355,2.301740466560181e-05,0.00019457058031032565,2.710505431213761e-19,2,recovery
256,2,-9.519528829523461e-92,0.00017490868983592123,5.780311885821567e-07,0.000175486721024503,-3.7947076036992655e-19,2,recovery
0,3,-1.8563616933620985e-05,-0.0013169725649023298,0.0009557984373107082,-0.000379737744525252,-9.324138683375338e-18,3,absorption
1,3,-1.7806212267425342e-05,-0.0013488193481519923,0.000977870383420384,-0.00038875517699904494,-1.1275702593849246e-17,3,absorption
2,3,-1.7152401396756244e-05,-0.0013794758807937925,0.0010002093919770367,-0.00039641889021349574,1.6263032587282567e-17,3,absorption
3,3,-1.6590341866603652e-05,-0.001409039265234399,0.0010227990775013775,-0.0004028305295996487,-2.3418766925686896e-17,3,absorption
4,3,-1.6109334235081667e-05,-0.0014375954964551466,0.0010456323844050127,-0.0004080724462851987,1.691355389077387e-17,3,absorption
5,3,-1.5699618385604404e-05,-0.0014652172472026906,0.0010686986451680434,-0.00041221822042027123,-1.973247953923618e-17,3,absorption
6,3,-1.535034864102063e-05,-0.0014919785375234152,0.0010919855760759742,-0.0004153433100884396,2.211772431870429e-17,3,absorption
7,3,-1.5046560062857146e-05,-0.0015179409385559241,0.001115486201895281,-0.00041750129672350755,-7.37257477290143e-18,3,absorption
8,3,-1.4766371172443747e-05,-0.0015431671959409779,0.0011391863729429215,-0.00041874719417048234,1.7780915628762273e-17,3,absorption
9,3,-1.4478539614081655e-05,-0.0015677158787613832,0.0011630775053700045,-0.00041911691300546006,2.168404344971009e-19,3,absorption
10,3,-1.4140829778866625e-05,-0.0015916380251984712,0.0011871487269350647,-0.0004186301280422605,1.2576745200831851e-17,3,absorption
11,3,-1.3749458060572776e-05,-0.0016149875331471016,0.0012113874308405132,-0.00041734956036718063,-1.951563910473908e-17,3,absorption
12,3,-1.3334124235014564e-05,-0.0016378076966139083,0.0012357854025876218,-0.0004153564182613201,-1.9081958235744878e-17,3,absorption
13,3,-1.2907883114211032e-05,-0.001660139904608586,0.0012603287391443974,-0.00041271904857838326,1.6479873021779667e-17,3,absorption
14,3,-1.2473662462963552e-05,-0.0016820202138142434,0.0012850079071023183,-0.0004094859691748942,-5.421010862427522e-18,3,absorption
15,3,-1.2017608688891686e-05,-0.001703478581862642,0.0013099064498188235,-0.00040558974073270915,1.0842021724855044e-18,3,absorption
16,3,-1.1521220882490836e-05,-0.0017244460575143738,0.0013460656919205346,-0.0003899015864763239,6.288372600415926e-18,3,absorption
17,3,-1.097170723912039e-05,-0.0017447728459813617,0.0013905320524163856,-0.00036521250080411016,-1.3660947373317356e-17,3,absorption
18,3,-1.036303306371109e-05,-0.0017643988485867722,0.0014352545992721922,-0.0003395072823782902,8.673617379884035e-19,3,absorption
19,3,-9.691378807904606e-06,-0.001783331926093821,0.0014801943546080638,-0.00031282895029365043,1.1275702593849246e-17,3,absorption
20,3,-8.95446541162406e-06,-0.0018015786421190984,0.0015253095448414518,-0.0002852235626892574,1.3227266504323154e-17,3,absorption
21,3,-8.153101337958188e-06,-0.0018191440356676515,0.001570559246431339,-0.00025673789057428786,-1.713039432527097e-17,3,absorption
22,3,-7.292834909237393e-06,-0.001836029735742782,0.0016159054509036082,-0.0002274171197483993,1.1709383462843448e-17,3,absorption
23,3,-6.385280540322771e-06,-0.0018522352446763847,0.0016612676206210525,-0.00019735290459564625,8.673617379884035e-18,3,absorption
24,3,-5.449501666189509e-06,-0.0018677582158035584,0.0017066460154425893,-0.000166561702027182,-2.3418766925686896e-17,3,absorption
25,3,-4.513924709657077e-06,-0.001882594496425393,0.0017520017118672253,-0.00013510670926782098,3.686287386450715e-18,3,absorption
26,3,-3.618438822970442e-06,-0.001896738154676112,0.001797295998972182,-0.00010306059452687422,2.6237692574149207e-17,3,absorption
27,3,-2.814125960513267e-06,-0.0019101813942769177,0.001842494154736845,-7.050136550061648e-05,-3.0357660829594124e-17,3,absorption
28,3,-2.149529468260261e-06,-0.0019229145803524874,0.0018875564301522791,-3.750767966843871e-05,2.992397996059992e-17,3,absorption
29,3,-1.6293585558489946e-06,-0.001934927605197742,0.0019324497049968388,-4.107258756769205e-06,-1.691355389077387e-17,3,absorption
30,3,-1.2314726786579248e-06,-0.0019462108127646458,0.0019771374146721845,2.969512922888773e-05,6.938893903907228e-18,3,absorption
31,3,-9.2635094398789e-07,-0.001956754682757973,0.002021545261662712,6.386422796073044e-05,-2.0383000842727483e-17,3,absorption
32,3,-6.914782501319236e-07,-0.001966549940705319,0.0020656814008586503,9.843998190323111e-05,3.165870343657673e-17,3,absorption
33,3,-5.125929107070485e-07,-0.0019756087140357075,0.0021070628368712015,0.00013094152992476626,-2.0816681711721685e-17,3,absorption
34,3,-3.7717901350968944e-07,-0.0019840343054075477,0.0021383721239461007,0.0001539606395250387,-4.7704895589362195e-18,3,absorption
35,3,-2.7542345145457313e-07,-0.001991918973694758,0.0021684333759226966,0.00017623897877649952,1.5612511283791264e-17,3,absorption
36,3,-1.9989975338151628e-07,-0.001999264341600551,0.002198235808193331,0.00019877156683939523,-3.469446951953614e-18,3,absorption
37,3,-1.4467436394115965e-07,-0.002006063174479216,0.002227766264715663,0.00022155841587252756,2.168404344971009e-17,3,absorption
38,3,-1.0413740202129883e-07,-0.002012307097068122,0.0022570062675212298,0.00024459503305104824,-3.859759734048396e-17,3,absorption
39,3,-7.451117434024643e-08,-0.0020179879291351453,0.0022859450741348876,0.0002678826338254059,3.903127820947816e-18,3,absorption
40,3,-5.299635871040572e-08,-0.0020230977110336215,0.0023145667697595973,0.00029141606236729456,2.905661822261152e-17,3,absorption
41,3,-3.747009656991272e-08,-0.002027627717082062,0.0023428580563586345,0.0003151928691799838,-1.9081958235744878e-17,3,absorption
42,3,-2.6335183397510848e-08,-0.0020315701457821354,0.0023708084814206254,0.00033921200045511357,2.1250362580715887e-17,3,absorption
43,3,-1.839902709987342e-08,-0.002034916339967818,0.0023984019277273998,0.00036346718873243866,-4.2934406030425976e-17,3,absorption
44,3,-1.2777626026650434e-08,-0.002037658142705884,0.0024256308446208076,0.00038795992428891646,1.951563910473908e-17,3,absorption
45,3,-8.820413145996599e-09,-0.002039787800942965,0.0024524812367600975,0.00041268461540398815,1.734723475976807e-18,3,absorption
46,3,-6.051947032183917e-09,-0.0020412970270820394,0.0024789432784566323,0.00043764019942756083,0.0,3,absorption
47,3,-4.127152669467965e-09,-0.0020421786148020664,0.0025050089274588215,0.00046282618550406995,-1.5612511283791264e-17,3,absorption
48,3,-2.7972772294592294e-09,-0.0020424247566374586,0.0025306648206082057,0.0004882372666935447,2.688821387764051e-17,3,absorption
49,3,-1.8842100603086036e-09,-0.002042028403656472,0.002555896543648024,0.0005138662557814672,-2.47198095326695e-17,3,absorption
50,3,-1.2612767930926364e-09,-0.002040985623684416,0.002580430227205421,0.0005394433422442196,7.806255641895632e-18,3,absorption
51,3,-8.389904026330703e-10,-0.0020394449889577842,0.002588734965230291,0.0005492891372821246,2.0383000842727483e-17,3,absorption
52,3,-5.545581674096312e-10,-0.0020376546192859843,0.0025866761754977236,0.0005490210016535491,-2.2551405187698492e-17,3,absorption
53,3,-3.642158322745757e-10,-0.0020357125445063552,0.0025844851990653424,0.0005487722903431413,-1.3444106938820255e-17,3,absorption
54,3,-2.376679335416461e-10,-0.0020336203736964313,0.0025821336384366637,0.0005485130270723171,1.8214596497756474e-17,3,absorption
55,3,-1.5408524807881256e-10,-0.0020313799316855384,0.002579659164830978,0.0005482790790601738,-1.7780915628762273e-17,3,absorption
56,3,-9.924518243227593e-11,-0.002028991882400367,0.002577112456316365,0.0005481204746708157,4.336808689942018e-19,3,absorption
57,3,-6.350316137716808e-11,-0.0020264567353315208,0.0025745163872785267,0.0005480595884438805,3.599551212651875e-17,3,absorption
58,3,-4.0364436795349157e-11,-0.002023773862986839,0.0025718882269666985,0.0005481143236153868,-3.599551212651875e-17,3,absorption
59,3,-2.5485945901860384e-11,-0.0020209431649710918,0.0025691760815466447,0.0005482328910896145,7.37257477290143e-18,3,absorption
60,3,-1.598387221631215e-11,-0.002017964250223581,0.002566445786609092,0.0005484815204016419,3.0357660829594124e-18,3,absorption
61,3,-9.956900351752353e-12,-0.002014834991960126,0.0025637359991573143,0.0005489009972402814,-6.5052130349130266e-18,3,absorption
62,3,-6.1604031300334575e-12,-0.0020115530639759284,0.00256106626453108,0.0005495131943947518,3.0357660829594124e-18,3,absorption
63,3,-3.785463788885123e-12,-0.0020081148707743086,0.002558450926359976,0.0005503360518002015,-2.168404344971009e-18,3,absorption
64,3,-2.3101299839376235e-12,-0.0020045167267269187,0.00255591184959261,0.0005513951205555756,1.431146867680866e-17,3,absorption
65,3,-1.4000501829577065e-12,-0.0020007544738956814,0.0025534618041076563,0.0005527073288119355,1.0842021724855044e-17,3,absorption
66,3,-8.426033532869436e-13,-0.0019968230757789716,0.0025511190355561432,0.0005542959589345531,-1.5178830414797062e-17,3,absorption
67,3,-5.035674679916478e-13,-0.0019927177528073535,0.002548899901533141,0.0005561821482222284,8.673617379884035e-18,3,absorption
68,3,-2.9883368422281584e-13,-0.001988431279190751,0.0025469506146937188,0.0005585193352041218,-1.214306433183765e-17,3,absorption
69,3,-1.7608453617897387e-13,-0.001983956022883556,0.002545194983816948,0.0005612389607573126,5.204170427930421e-18,3,absorption
70,3,-1.0301845185678971e-13,-0.0019792873781538725,0.002543388052000945,0.0005641006737440724,1.8214596497756474e-17,3,absorption
71,3,-5.984022475223798e-14,-0.001974422359363716,0.002541563564080364,0.0005671412046567986,-9.540979117872439e-18,3,absorption
72,3,-3.4509439839504024e-14,-0.001969358056525026,0.002539740583161785,0.0005703825266022283,-2.1250362580715887e-17,3,absorption
73,3,-1.9757456770416403e-14,-0.0019640904987260816,0.002537933791807824,0.0005738432930619958,1.0842021724855044e-17,3,absorption
74,3,-1.1229340456088227e-14,-0.0019586157124215327,0.0025361648629881983,0.0005775491505554398,3.469446951953614e-18,3,absorption
75,3,-6.335614582934345e-15,-0.0019529292499995778,0.002534446053844835,0.0005815168038389162,-5.204170427930421e-18,3,absorption
76,3,-3.5482599951905247e-15,-0.0019470259148172669,0.0025327958396712176,0.0005857699248504045,1.951563910473908e-18,3,absorption
77,3,-1.9724894052137237e-15,-0.0019409006528377916,0.0025312296502197395,0.0005903289973799714,-3.903127820947816e-18,3,absorption
78,3,-1.0883450194621059e-15,-0.0019345473998098246,0.0025297590055877624,0.0005952116057768436,-5.854691731421724e-18,3,absorption
79,3,-5.960069471896271e-16,-0.0019279600859315317,0.0025284022295979478,0.0006004421436658219,1.951563910473908e-18,3,absorption
80,3,-3.239281833598049e-16,-0.001921132153583535,0.002527168076309018,0.0006060359227251649,6.071532165918825e-18,3,absorption
81,3,-1.7471865027058957e-16,-0.001914056356042403,0.0025260719933908036,0.0006120156373482233,-2.6020852139652106e-18,3,absorption
82,3,-9.35197548856098e-17,-0.0019067255462839902,0.0025251258548909866,0.0006184003086068951,-7.806255641895632e-18,3,absorption
83,3,-4.967312739707502e-17,-0.0018991316130555949,0.002524338062031675,0.0006252064489760539,2.3418766925686896e-17,3,absorption
84,3,-2.6180301707274566e-17,-0.0018912664402817702,0.0025237237508866695,0.0006324573106048642,-8.890457814381136e-18,3,absorption
85,3,-1.3691257286163726e-17,-0.0018831178175673343,0.002523636957561404,0.0006405191399940502,-5.854691731421724e-18,3,absorption
86,2,-7.066266044941041e-18,-0.001874491055892463,0.0025407221568357155,0.000666231100943257,1.1709383462843448e-17,3,absorption
87,2,-3.655341570842405e-18,-0.0018651137474842948,0.002567322189623451,0.0007022084421391406,-1.1926223897340549e-17,3,absorption
88,2,-1.876599093589155e-18,-0.0018548662621046634,0.0025936096557287493,0.0007387433936240917,7.806255641895632e-18,3,absorption
89,2,-9.561087066766922e-19,-0.0018437355076634005,0.0026195744836911596,0.0007758389760277457,-1.2576745200831851e-17,3,absorption
90,2,-4.834166956545077e-19,-0.0018317083405299593,0.002645197692224238,0.0008134893516942854,6.938893903907228e-18,3,absorption
91,2,-2.42549694481946e-19,-0.0018187715238193987,0.0026704696628699217,0.0008516981390505329,1.0191500421363742e-17,3,absorption
92,2,-1.207619484949134e-19,-0.001804912207217465,0.0026953770569945763,0.0008904648497771034,-7.589415207398531e-18,3,absorption
93,2,-5.966160921540025e-20,-0.00179011717226124,0.0027199053785964414,0.0009297882063352136,1.214306433183765e-17,3,absorption
94,2,-2.9246915607785766e-20,-0.0017743735310971711,0.0027440480761089622,0.0009696745450117894,-1.734723475976807e-18,3,absorption
95,2,-1.4225551129956473e-20,-0.001757668296593887,0.002767789187204101,0.0010101208906102,-1.3877787807814457e-17,3,absorption
96,2,-6.86505813847879e-21,-0.001739988342641397,0.0027911228889360307,0.0010511345462946436,9.974659986866641e-18,3,absorption
97,2,-3.286899572160828e-21,-0.0017213208426015917,0.0028140388932718806,0.0010927180506702938,4.9873299934333204e-18,3,absorption
98,2,-1.5612618179685332e-21,-0.0017016525834573498,0.0028365262535170405,0.0011348736700596829,-7.806255641895632e-18,3,absorption
99,2,-5.175086016885179e-22,-0.0010294935572158239,0.0017377711503511676,0.0007082775931353535,9.75781955236954e-18,3,absorption
100,1,-2.2280156251941847e-22,-0.0006516531870928472,0.0011090080688289962,0.0004573548817361356,-1.3444106938820255e-17,3,absorption
101,2,-3.4145597864381124e-22,-0.0016595138459351393,0.0028802035468324053,0.0012206897008972817,1.5612511283791264e-17,3,absorption
102,2,-1.5828270617151524e-22,-0.0016367701313152556,0.0029013677942795733,0.0012645976629643146,-3.0357660829594124e-18,3,absorption
103,2,-7.277575279002548e-23,-0.001612973164794462,0.002922077970819997,0.0013091048060255295,-5.421010862427522e-18,3,absorption
104,2,-3.3187122637645073e-23,-0.0015880711725016618,0.002945951228777434,0.0013578800562757815,9.107298248878237e-18,3,absorption
105,2,-1.5009160333272036e-23,-0.001561895530377686,0.002980336189506229,0.0014184406591285365,-6.5052130349130266e-18,3,absorption
106,2,-6.73163307637927e-24,-0.0015343125434143228,0.003014125140108819,0.0014798125966944964,2.168404344971009e-19,3,absorption
107,2,-2.993878325139494e-24,-0.0015053120712972675,0.003046481023941434,0.0015411689526441674,8.673617379884035e-19,3,absorption
108,2,-1.3202890371462947e-24,-0.001474893064221605,0.00307740606518729,0.0016025130009656857,6.505213034913027e-19,3,absorption
109,2,-5.772920640120742e-25,-0.0014430541778900075,0.003106903792320069,0.0016638496144300713,9.540979117872439e-18,3,absorption
110,2,-2.502553799957202e-25,-0.0014097943283991176,0.003134985769014581,0.0017251914406154617,-1.734723475976807e-18,3,absorption
111,2,-1.0754768522175457e-25,-0.0013844171286126344,0.0022853323182581695,0.0009009151896455375,2.3852447794681098e-18,3,absorption
112,2,-4.5815880486979505e-26,-0.0013673166835397729,0.002298779788537913,0.0009314631049981287,-1.1275702593849246e-17,3,absorption
113,2,-1.934615929123316e-26,-0.0013494879940339547,0.0023104845090964696,0.0009609965150625122,-2.8189256484623115e-18,3,absorption
114,2,-8.096597355088105e-27,-0.0013309522741468335,0.0023204595108017746,0.0009895072366549462,5.204170427930421e-18,3,absorption
115,2,-3.358176682389687e-27,-0.0013117312295179116,0.00232872530727534,0.0010169940777574327,4.336808689942018e-18,3,absorption
116,2,-1.3802593449400751e-27,-0.001291846731399468,0.0023352924835038117,0.001043445752104341,-2.6020852139652106e-18,3,absorption
117,2,-5.621286269616358e-28,-0.0012713208596735622,0.002340184738143851,0.0010688638784702859,-3.0357660829594124e-18,3,absorption
118,2,-2.2682397312056876e-28,-0.0012501760590679332,0.0023434185513896504,0.0010932424923217124,-4.7704895589362195e-18,3,absorption
119,2,-9.067331402480304e-29,-0.0012284347708494715,0.002345012869612171,0.0011165780987627064,6.938893903907228e-18,3,absorption
120,2,-3.5905828601099043e-29,-0.001206119790719207,0.002344993417000516,0.0011388736262813032,-5.637851296924623e-18,3,absorption
121,2,-1.4083205927799824e-29,-0.0011832583462345362,0.0023429682440645754,0.0011597098978300413,2.168404344971009e-18,3,absorption
122,2,-5.470712519787247e-30,-0.001160020076605979,0.00232612757358286,0.0011661074969768759,-4.9873299934333204e-18,3,absorption
123,2,-2.104481704972625e-30,-0.0011366267495802696,0.002302902120625198,0.0011662753710449322,3.686287386450715e-18,3,absorption
124,2,-8.01598314086791e-31,-0.0011131412720636082,0.0022800995904937297,0.0011669583184301183,-3.2526065174565133e-18,3,absorption
125,2,-3.0229336454256744e-31,-0.0010895548113819327,0.0022577124856569984,0.0011681576742750763,1.0625181290357943e-17,3,absorption
126,2,-1.1285184577452195e-31,-0.0010658584768738753,0.0022357231111459035,0.0011698646342720234,-4.7704895589362195e-18,3,absorption
127,2,-4.1700685396548515e-32,-0.0010420433947648767,0.0022141263013043264,0.0011720829065394456,-4.119968255444917e-18,3,absorption
128,2,-1.5250235995143904e-32,-0.0010181007973744734,0.002192907883685529,0.0011748070863110555,0.0,3,absorption
129,2,-5.518883233667793e-33,-0.0009940217968617095,0.0021720569274881136,0.0011780351306264064,2.3852447794681098e-18,3,absorption
130,2,-1.9760936749303722e-33,-0.0009697976439652441,0.002151567186710123,0.001181769542744883,3.903127820947816e-18,3,absorption
131,2,-6.9997715208497694e-34,-0.0009454195211569906,0.0021314224601872685,0.0011860029390302756,-2.168404344971009e-18,3,absorption
132,2,-2.45254158337374e-34,-0.0009208786151722732,0.0021116191793917605,0.0011907405642194863,-8.673617379884035e-19,3,absorption
133,2,-8.498435992288217e-35,-0.0008961661775149226,0.0020921442426258654,0.0011959780651109447,1.951563910473908e-18,3,absorption
134,2,-2.911946288846312e-35,-0.0008712733484432173,0.0020729885417524792,0.0012017151933092565,-5.421010862427522e-18,3,absorption
135,2,-9.86458094897997e-36,-0.0008461913611093924,0.0020541469354964145,0.0012079555743870207,-1.3010426069826053e-18,3,absorption
136,2,-3.303327008229966e-36,-0.0008209113689675233,0.002035604992996278,0.001214693624028755,4.336808689942018e-19,3,absorption
137,2,-1.0932670607451111e-36,-0.0007955715860933993,0.0020038018978829793,0.001208230311789578,-2.168404344971009e-18,3,absorption
138,2,-3.575396179804278e-37,-0.0007701580094597942,0.0019866937209388094,0.0012165357114790193,4.119968255444917e-18,3,absorption
139,2,-1.1552180044628638e-37,-0.0007445774948895889,0.0019634509668398385,0.001218873471950245,-4.553649124439119e-18,3,absorption
140,2,-3.686899962288273e-38,-0.0007191009154874066,0.0019213034457750372,0.0012022025302876396,9.107298248878237e-18,3,absorption
141,2,-1.162061589392396e-38,-0.0006939489568354726,0.001878262465301345,0.001184313508465866,-6.5052130349130266e-18,3,absorption
142,2,-3.6164040828790236e-39,-0.000669137037972717,0.0018355729469870874,0.001166435909014371,6.505213034913027e-19,3,absorption
143,2,-1.1109925557252326e-39,-0.0006446672050054215,0.0017932451421795656,0.0011485779371741452,1.0842021724855044e-18,3,absorption
144,2,-3.3684859146834356e-40,-0.0006205409583103825,0.0017513082886122656,0.0011307673303018843,1.3010426069826053e-18,3,absorption
145,2,-1.0077369481380815e-40,-0.0005967590277613079,0.0017098101646393186,0.0011130511368780127,1.951563910473908e-18,3,absorption
146,2,-2.9740228105713873e-41,-0.0005733208902953333,0.0016688075742027587,0.00109548668390742,-5.421010862427522e-18,3,absorption
147,2,-8.656015980809763e-42,-0.0005502256687978008,0.0016282707947755661,0.0010780451259777696,4.336808689942018e-18,3,absorption
148,2,-2.484027705830051e-42,-0.0005277822692127201,0.001559824412141442,0.0010320421429287178,-4.119968255444917e-18,3,absorption
149,2,-7.026568365408964e-43,-0.0005072460726829949,0.0014058674191887218,0.0008986213465057291,2.168404344971009e-18,3,absorption
150,2,-1.958655442770544e-43,-0.0004883189132915194,0.001369220622579197,0.0008809017092876771,-4.336808689942018e-19,3,absorption
151,2,-5.378679537012135e-44,-0.0004697460991868075,0.0013331507509079874,0.0008634046517211821,2.168404344971009e-18,3,absorption
152,2,-1.4546761752671148e-44,-0.00045152096112806284,0.0012979677258287705,0.0008464467647007097,2.0599841277224584e-18,3,absorption
153,2,-3.873425567613523e-45,-0.0004341256969476676,0.0012186061383103962,0.0007844804413627282,-4.336808689942018e-19,3,absorption
154,2,-1.0151315534808665e-45,-0.00041755033207565326,0.001186343352822716,0.0007687930207470606,-2.168404344971009e-18,3,absorption
155,2,-2.6175934411022865e-46,-0.00040128770778429543,0.0011549704967513629,0.0007536827889670673,-1.0842021724855044e-19,3,absorption
156,2,-6.638708872179561e-47,-0.00038532828719682567,0.0011243181956979206,0.0007389899085010962,1.3010426069826053e-18,3,absorption
157,2,-1.6554246393400657e-47,-0.0003697045905236249,0.001090700503117411,0.0007209959125937873,1.1926223897340549e-18,3,absorption
158,2,-4.057103227496095e-48,-0.0003544500273648319,0.0010578171644470852,0.0007033671370822517,-1.734723475976807e-18,3,absorption
159,2,-9.768624376583847e-49,-0.0003395399117098344,0.0010273236698146331,0.000687783758104802,3.2526065174565133e-18,3,absorption
160,2,-2.309853065215292e-49,-0.0003249317151217491,0.000999135183209532,0.0006742034680877786,-4.228388472693467e-18,3,absorption
161,2,-5.361476804316484e-50,-0.0003105831719825429,0.0009732194860522426,0.000662636314069702,2.2768245622195593e-18,3,absorption
162,2,-1.2210724863600659e-50,-0.0002964526181602297,0.000949463708161993,0.0006530110900017632,-1.0842021724855044e-19,3,absorption
163,2,-2.7274390028144755e-51,-0.0002824990137786402,0.0009278378741725752,0.000645338860393932,-3.0357660829594124e-18,3,absorption
164,2,-5.971951521440816e-52,-0.00026868161600917704,0.0009082568609512997,0.0006395752449421272,4.553649124439119e-18,3,absorption
165,2,-1.2811709265676093e-52,-0.0002549605742664863,0.0008906444370747634,0.0006356838628082742,-2.927345865710862e-18,3,absorption
166,2,-2.6915335234244043e-53,-0.0002469308366530741,0.0003607793882342411,0.00011384855158116935,2.3310346708438345e-18,3,absorption
167,2,-5.534222397473294e-54,-0.00024454621312060943,0.00036088458573463073,0.00011633837261402179,4.87890977618477e-19,3,absorption
168,2,-1.1130865565547009e-54,-0.0002420788583541985,0.0003629133277183822,0.00012083446936418316,-5.421010862427522e-19,3,absorption
169,2,-2.1885516501087514e-55,-0.00023948614269725876,0.000366764536897196,0.00012727839419993461,-2.6020852139652106e-18,3,absorption
170,2,-4.204052330026251e-56,-0.0002367266871290307,0.0003723460286004862,0.00013561934147145877,3.279711571768651e-18,3,absorption
171,2,-7.884568641356697e-57,-0.00023376007955093145,0.0003795773050833624,0.00014581722553243075,-2.168404344971009e-19,3,absorption
172,2,-1.4427386597635758e-57,-0.00023071466454673635,0.00037306896216394373,0.0001423542976172077,3.2526065174565133e-19,3,absorption
173,2,-2.5738554381273506e-58,-0.00022753340300775272,0.0003854360238639307,0.00015790262085617693,-1.0570971181733668e-18,3,absorption
174,2,-4.473410203666801e-59,-0.0002239892769925538,0.00039933601355735947,0.0001753467365648055,-1.6263032587282567e-19,3,absorption
175,2,-7.568436817618223e-60,-0.00022006968628406772,0.0004121719826267715,0.0001921022963427034,-3.5236570605778894e-19,3,absorption
176,2,-1.245442502906815e-60,-0.0002158121925835419,0.00042193014994084755,0.00020611795735730673,1.0842021724855044e-18,3,absorption
177,2,-1.9916335991844587e-61,-0.00021127620386773898,0.0004287070729898368,0.00021743086912209657,-1.2468324983583301e-18,3,absorption
178,2,-3.0921566382139466e-62,-0.0002066474679067226,0.0004209925030137056,0.0002143450351069845,1.5178830414797062e-18,3,absorption
179,2,-4.6564626802244117e-63,-0.00020198987171774684,0.0004218225686102627,0.00021983269689251558,-2.710505431213761e-19,3,absorption
180,2,-6.794326243355863e-64,-0.00019724025213489044,0.00041979542432386537,0.00022255517218897417,-7.589415207398531e-19,3,absorption
181,2,-9.595338115283813e-65,-0.00019245790593158172,0.0004150547667967514,0.00022259686086517107,1.3823577699190182e-18,3,absorption
182,2,-1.3100829801784382e-65,-0.00018770038391453494,0.00040773057074090606,0.00022003018682636988,-1.2468324983583301e-18,3,absorption
183,2,-1.7271652665463425e-66,-0.00018391620106864432,0.00031645026868935643,0.00013253406762071124,-8.673617379884035e-19,3,absorption
184,2,-2.1958671793691206e-67,-0.00018093125318627957,0.0003272042312673168,0.0001462729780810374,1.6263032587282567e-19,3,absorption
185,2,-2.6885729647079777e-68,-0.00017765123410023033,0.00033704760680027955,0.00015939637270005053,1.3010426069826053e-18,3,absorption
186,2,-3.165561951975106e-69,-0.00017424713589528422,0.00033161438243671667,0.00015736724654143164,-8.131516293641283e-19,3,absorption
187,2,-3.57867813223342e-70,-0.000170772995652601,0.00033633260685072614,0.00016555961119812598,8.402566836762659e-19,3,absorption
188,2,-3.878138535845903e-71,-0.00016741335891895005,0.00031385983115912063,0.00014644647224016944,-1.1384122811097797e-18,3,absorption
189,2,-4.0215304160799136e-72,-0.00016419936898541445,0.0003160385515730152,0.00015183918258760126,4.87890977618477e-19,3,absorption
190,2,-3.983027614427284e-73,-0.00016097009997065816,0.0003084694638688174,0.00014749936389815872,-5.149960319306146e-19,3,absorption
191,2,-3.760268534107231e-74,-0.0001584031813121195,0.0002486558971382853,9.025271582616557e-05,-2.168404344971009e-19,3,absorption
192,2,-3.3765654046054854e-75,-0.00015813924035451183,9.258124084824594e-05,-6.555799950626415e-05,1.734723475976807e-18,3,absorption
193,2,-2.8772700367361477e-76,-0.00015953733205449204,9.618060266778367e-05,-6.335672938670954e-05,-1.1655173354219173e-18,3,absorption
194,2,-2.320906656199049e-77,-0.00016087939724465671,9.9877271954878e-05,-6.1002125289779524e-05,-8.131516293641283e-19,3,absorption
195,2,-1.7674400036104958e-78,-0.00016216197912945413,0.00010368211923502497,-5.847985989442927e-05,-1.0842021724855044e-19,3,absorption
196,2,-1.2670291974801284e-79,-0.00016338126352075864,0.00010760832364272978,-5.5772939878028643e-05,2.168404344971009e-19,3,absorption
197,2,-8.523626968974174e-81,-0.00016453320103458375,0.0001116600888760753,-5.287311215850833e-05,1.2197274440461925e-19,3,absorption
198,2,-5.36269023106325e-82,-0.0001656105643094387,0.00011611832168917392,-4.949224262026583e-05,-1.043544591017298e-18,3,absorption
199,2,-3.14380409839172e-83,-0.00016659642270539638,0.00012158186163576862,-4.501456106962686e-05,8.944667923005412e-19,3,absorption
200,2,-1.7103682136746042e-84,-0.0001674673189291578,0.0001280252863047256,-3.944203262443158e-05,6.2341624917916505e-19,3,absorption
201,2,-8.59736770708917e-86,-0.0001681920835884859,0.00013615515210584384,-3.2036931482643666e-05,-1.599198204416119e-18,3,absorption
202,2,-3.973508575917544e-87,-0.0001687212728914471,0.00014691283243256745,-2.1808440458879336e-05,3.2526065174565133e-19,3,absorption
203,2,-1.679539466835084e-88,-0.00016899178083485918,0.000160545991462963,-8.44578937189526e-06,9.215718466126788e-19,3,absorption
204,2,-6.454159032700669e-90,-0.00016895654085995995,0.00017520840468072417,6.251863820763703e-06,-5.149960319306146e-19,3,absorption
205,2,-2.2400671269377195e-91,-0.00016858827104607838,0.0001908225548249102,2.223428377883148e-05,-3.2526065174565133e-19,3,absorption
206,2,-6.970410674895279e-93,-0.00016786055127917957,0.00020734651315619827,3.9485961877020435e-05,1.734723475976807e-18,3,absorption
207,2,-1.9286066441535246e-94,-0.00016674724793480083,0.00022475008264194468,5.8002834707141654e-05,-2.1955093992831465e-18,3,absorption
208,2,-4.700734566394499e-96,-0.000165222723303595,0.00024298148650257452,7.77587631989804e-05,8.673617379884035e-19,3,absorption
209,2,-9.986684110820484e-98,-0.00016330531441312204,0.00025798940435044974,9.468408993732868e-05,9.75781955236954e-19,3,absorption
210,2,-1.8270168629726811e-99,-0.00016113716566917824,0.0002624256906849218,0.00010128852501574241,-1.1384122811097797e-18,3,absorption
211,2,-2.838262934772488e-101,-0.00015884587063579551,0.00026522336781496716,0.00010637749717917061,-1.0299920638612292e-18,3,absorption
212,2,-3.6836424310000677e-103,-0.00015645910786835703,0.0002668748381358792,0.00011041573026752353,1.3823577699190182e-18,3,absorption
213,2,-3.918283939319612e-105,-0.00015399943466224764,0.000267405911814002,0.00011340647715175466,3.2526065174565133e-19,3,absorption
214,2,-3.338881113254054e-107,-0.00015148887367696565,0.0002668805825878285,0.00011539170891086345,5.963111948670274e-19,3,absorption
215,2,-2.217326219758468e-109,-0.00014894875602499606,0.00026533583317556083,0.00011638707715056363,-1.1384122811097797e-18,3,absorption
216,2,-1.1094072450614158e-111,-0.00014640009463683074,0.00026280037639982325,0.00011640028176299316,6.505213034913027e-19,3,absorption
217,2,-4.008424467413447e-114,-0.00014386328335001895,0.0002593382413643607,0.0001154749580143423,5.421010862427522e-19,3,absorption
218,2,-9.904116563147559e-117,-0.00014135836305406962,0.00025495175996981994,0.00011359339691574977,-5.421010862427522e-19,3,absorption
219,2,-1.5567589841498078e-119,-0.00013890502446373755,0.0002497033234297081,0.00011079829896596966,-8.673617379884035e-19,3,absorption
220,2,-1.4084781258235364e-122,-0.00013652239452401473,0.00024361491347183888,0.00010709251894782355,-5.963111948670274e-19,3,absorption
221,2,-6.334661477591946e-126,-0.00013422953287847104,0.00023670135437124532,0.00010247182149277553,1.2468324983583301e-18,3,absorption
222,2,-1.1207139584180605e-129,-0.00013204498139574201,0.00022902643331568462,9.698145191994276e-05,1.6263032587282567e-19,3,absorption
223,2,-5.073337497836984e-134,-0.00012998712081833215,0.00022056990241091354,9.05827815925811e-05,-2.981555974335137e-19,3,absorption
224,2,-2.03588244669602e-139,-0.0001280741362843024,0.00021139707106555415,8.33229347812518e-05,5.421010862427522e-20,3,absorption
225,2,0.0,-0.00012632373726364333,0.000201515804720888,7.519206745724462e-05,-5.421010862427522e-20,3,absorption
226,2,0.0,-0.00012478287025531604,0.00018821363614015548,6.343076588483879e-05,-6.505213034913027e-19,3,absorption
227,2,0.0,-0.00012405173755799587,0.00012259021785116008,-1.4615197068352029e-06,5.963111948670274e-19,3,absorption
228,2,0.0,-0.0001246684126654536,6.04076336035285e-05,-6.42607790619261e-05,-1.0028870095490916e-18,3,absorption
229,2,0.0,-0.00012629653447196714,2.8349049935467032e-05,-9.79474845364996e-05,5.149960319306146e-19,3,absorption
230,2,0.0,-0.00012850765997485296,7.826211002357016e-06,-0.00012068144897249555,3.9302328752599536e-19,3,absorption
231,2,0.0,-0.0001310551605580192,0.0,-0.00013105516055802059,-1.3823577699190182e-18,3,absorption
232,2,0.0,-0.00013372853653029356,0.0,-0.0001337285365302929,6.505213034913027e-19,3,absorption
233,2,0.0,-0.00013644748352861492,0.0,-0.0001364474835286152,-2.710505431213761e-19,3,absorption
234,2,0.0,-0.00013921247361958395,0.0,-0.00013921247361958333,6.2341624917916505e-19,3,absorption
235,2,0.0,-0.00014202403067905493,0.0,-0.0001420240306790558,-8.673617379884035e-19,3,absorption
236,2,0.0,-0.00014488261104630425,0.0,-0.00014488261104630366,5.963111948670274e-19,3,absorption
237,2,0.0,-0.00014778873062422517,0.0,-0.00014778873062422457,5.963111948670274e-19,3,absorption
238,2,0.0,-0.00015074283352815116,0.0,-0.00015074283352815073,4.336808689942018e-19,3,absorption
239,2,0.0,-0.0001537454209744,0.0,-0.00015374542097440144,-1.4365678785432934e-18,3,absorption
240,2,0.0,-0.00015679692608491455,0.0,-0.00015679692608491433,2.168404344971009e-19,3,absorption
241,2,0.0,-0.00015989783129997926,0.0,-0.00015989783129997763,1.6263032587282567e-18,3,absorption
242,2,0.0,-0.00016304855656713513,0.0,-0.00016304855656713597,-8.402566836762659e-19,3,absorption
243,2,0.0,-0.0001662495623120945,0.0,-0.00016624956231209471,-2.168404344971009e-19,3,absorption
244,2,0.0,-0.000169501250812347,0.0,-0.0001695012508123473,-2.981555974335137e-19,3,absorption
245,2,0.0,-0.00017280405793917758,0.0,-0.00017280405793917812,-5.421010862427522e-19,3,absorption
246,2,0.0,-0.0001756483924737261,4.8560522726544344e-05,-0.0001270878697471802,1.5449880957918438e-18,3,absorption
247,2,0.0,-0.00017598512241323306,0.00024346283181342734,6.747770940019465e-05,3.7947076036992655e-19,3,absorption
248,2,0.0,-0.0001722664701307976,0.00043584522866043306,0.00026357875852963536,-1.0842021724855044e-19,3,absorption
249,2,0.0,-0.00016458428527982364,0.0006156189845580445,0.000451034699278219,-1.8973538018496328e-18,3,absorption
250,2,0.0,-0.0001531344043051765,0.000783097851439392,0.0006299634471342167,1.0842021724855044e-18,3,absorption
251,2,0.0,-0.00013810903399583672,0.0009386530339746179,0.0008005439999787811,-1.0842021724855044e-19,3,absorption
252,2,0.0,-0.00011969527563030299,0.001082745430799087,0.0009630501551687841,2.168404344971009e-19,3,absorption
253,2,0.0,-9.807734165471203e-05,0.0012155115825769438,0.0011174342409222314,-4.336808689942018e-19,3,absorption
254,2,0.0,-7.343485482032056e-05,0.001337570939285636,0.0012641360844653162,6.505213034913027e-19,3,absorption
255,2,0.0,-4.593914387496791e-05,0.0014494181382055321,0.001403478994330564,-2.168404344971009e-19,3,absorption
256,2,0.0,-1.5755450120353988e-05,0.0015514314800045034,0.001535676029884149,-4.336808689942018e-19,3,absorption
0,4,0.0,0.0,0.0,0.0,0.0,3,recovery
1,4,0.0,0.0,0.0,0.0,0.0,3,recovery
2,4,0.0,0.0,0.0,0.0,0.0,3,recovery
3,4,0.0,0.0,0.0,0.0,0.0,3,recovery
4,4,0.0,0.0,0.0,0.0,0.0,3,recovery
5,4,0.0,0.0,0.0,0.0,0.0,3,recovery
6,4,0.0,0.0,0.0,0.0,0.0,3,recovery
7,4,0.0,0.0,0.0,0.0,0.0,3,recovery
8,4,0.0,0.0,0.0,0.0,0.0,3,recovery
9,4,0.0,0.0,0.0,0.0,0.0,3,recovery
10,4,0.0,0.0,0.0,0.0,0.0,3,recovery
11,4,0.0,0.0,0.0,0.0,0.0,3,recovery
12,3,0.0,0.0,0.0,0.0,0.0,3,recovery
13,3,0.0,0.0,0.0,0.0,0.0,3,recovery
14,3,0.0,0.0,0.0,0.0,0.0,3,recovery
15,3,0.0,0.0,0.0,0.0,0.0,3,recovery
16,3,0.0,0.0,0.0,0.0,0.0,3,recovery
17,3,0.0,0.0,0.0,0.0,0.0,3,recovery
18,3,0.0,0.0,0.0,0.0,0.0,3,recovery
19,3,0.0,0.0,0.0,0.0,0.0,3,recovery
20,3,0.0,0.0,0.0,0.0,0.0,3,recovery
21,3,0.0,0.0,0.0,0.0,0.0,3,recovery
22,3,0.0,0.0,0.0,0.0,0.0,3,recovery
23,3,0.0,0.0,0.0,0.0,0.0,3,recovery
24,3,0.0,0.0,0.0,0.0,0.0,3,recovery
25,3,0.0,0.0,0.0,0.0,0.0,3,recovery
26,3,0.0,0.0,0.0,0.0,0.0,3,recovery
27,3,0.0,0.0,0.0,0.0,0.0,3,recovery
28,3,0.0,0.0,0.0,0.0,0.0,3,recovery
29,3,0.0,0.0,0.0,0.0,0.0,3,recovery
30,3,0.0,0.0,0.0,0.0,0.0,3,recovery
31,3,0.0,0.0,0.0,0.0,0.0,3,recovery
32,3,0.0,0.0,0.0,0.0,0.0,3,recovery
33,3,0.0,0.0,0.0,0.0,0.0,3,recovery
34,3,0.0,0.0,0.0,0.0,0.0,3,recovery
35,3,0.0,0.0,0.0,0.0,0.0,3,recovery
36,3,0.0,0.0,0.0,0.0,0.0,3,recovery
37,3,0.0,0.0,0.0,0.0,0.0,3,recovery
38,3,0.0,0.0,0.0,0.0,0.0,3,recovery
39,3,0.0,0.0,0.0,0.0,0.0,3,recovery
40,3,0.0,0.0,0.0,0.0,0.0,3,recovery
41,3,0.0,0.0,0.0,0.0,0.0,3,recovery
42,3,0.0,0.0,0.0,0.0,0.0,3,recovery
43,3,0.0,0.0,0.0,0.0,0.0,3,recovery
44,3,0.0,0.0,0.0,0.0,0.0,3,recovery
45,3,0.0,0.0,0.0,0.0,0.0,3,recovery
46,3,0.0,0.0,0.0,0.0,0.0,3,recovery
47,3,0.0,0.0,0.0,0.0,0.0,3,recovery
48,3,0.0,0.0,0.0,0.0,0.0,3,recovery
49,3,0.0,0.0,0.0,0.0,0.0,3,recovery
50,3,0.0,0.0,0.0,0.0,0.0,3,recovery
51,3,0.0,0.0,0.0,0.0,0.0,3,recovery
52,3,0.0,0.0,0.0,0.0,0.0,3,recovery
53,3,0.0,0.0,0.0,0.0,0.0,3,recovery
54,3,0.0,0.0,0.0,0.0,0.0,3,recovery
55,3,0.0,0.0,0.0,0.0,0.0,3,recovery
56,3,0.0,0.0,0.0,0.0,0.0,3,recovery
57,3,0.0,0.0,0.0,0.0,0.0,3,recovery
58,3,0.0,0.0,0.0,0.0,0.0,3,recovery
59,3,0.0,0.0,0.0,0.0,0.0,3,recovery
60,3,0.0,0.0,0.0,0.0,0.0,3,recovery
61,3,0.0,0.0,0.0,0.0,0.0,3,recovery
62,3,0.0,0.0,0.0,0.0,0.0,3,recovery
63,3,0.0,0.0,0.0,0.0,0.0,3,recovery
64,3,0.0,0.0,0.0,0.0,0.0,3,recovery
65,3,0.0,0.0,0.0,0.0,0.0,3,recovery
66,3,0.0,0.0,0.0,0.0,0.0,3,recovery
67,3,0.0,0.0,0.0,0.0,0.0,3,recovery
68,3,0.0,0.0,0.0,0.0,0.0,3,recovery
69,3,0.0,0.0,0.0,0.0,0.0,3,recovery
70,3,0.0,0.0,0.0,0.0,0.0,3,recovery
71,3,0.0,0.0,0.0,0.0,0.0,3,recovery
72,3,0.0,0.0,0.0,0.0,0.0,3,recovery
73,3,0.0,0.0,0.0,0.0,0.0,3,recovery
74,3,0.0,0.0,0.0,0.0,0.0,3,recovery
75,3,0.0,0.0,0.0,0.0,0.0,3,recovery
76,3,0.0,0.0,0.0,0.0,0.0,3,recovery
77,3,0.0,0.0,0.0,0.0,0.0,3,recovery
78,2,0.0,0.0,0.0,0.0,0.0,3,recovery
79,2,0.0,0.0,0.0,0.0,0.0,3,recovery
80,2,0.0,0.0,0.0,0.0,0.0,3,recovery
81,2,0.0,0.0,0.0,0.0,0.0,3,recovery
82,2,0.0,0.0,0.0,0.0,0.0,3,recovery
83,2,0.0,0.0,0.0,0.0,0.0,3,recovery
84,2,0.0,0.0,0.0,0.0,0.0,3,recovery
85,2,0.0,0.0,0.0,0.0,0.0,3,recovery
86,2,0.0,0.0,0.0,0.0,0.0,3,recovery
87,2,0.0,0.0,0.0,0.0,0.0,3,recovery
88,2,0.0,0.0,0.0,0.0,0.0,3,recovery
89,2,0.0,0.0,0.0,0.0,0.0,3,recovery
90,2,0.0,0.0,0.0,0.0,0.0,3,recovery
91,2,0.0,0.0,0.0,0.0,0.0,3,recovery
92,2,0.0,0.0,0.0,0.0,0.0,3,recovery
93,2,0.0,0.0,0.0,0.0,0.0,3,recovery
94,2,0.0,0.0,0.0,0.0,0.0,3,recovery
95,2,0.0,0.0,0.0,0.0,0.0,3,recovery
96,2,0.0,0.0,0.0,0.0,0.0,3,recovery
97,2,0.0,0.0,0.0,0.0,0.0,3,recovery
98,2,0.0,0.0,0.0,0.0,0.0,3,recovery
99,2,0.0,0.0,0.0,0.0,0.0,3,recovery
100,1,0.0,0.0,0.0,0.0,0.0,3,recovery
101,2,0.0,0.0,0.0,0.0,0.0,3,recovery
102,2,0.0,0.0,0.0,0.0,0.0,3,recovery
103,2,0.0,0.0,0.0,0.0,0.0,3,recovery
104,2,0.0,0.0,0.0,0.0,0.0,3,recovery
105,2,0.0,0.0,0.0,0.0,0.0,3,recovery
106,2,0.0,0.0,0.0,0.0,0.0,3,recovery
107,2,0.0,0.0,0.0,0.0,0.0,3,recovery
108,2,0.0,0.0,0.0,0.0,0.0,3,recovery
109,2,0.0,0.0,0.0,0.0,0.0,3,recovery
110,2,0.0,0.0,0.0,0.0,0.0,3,recovery
111,2,0.0,0.0,0.0,0.0,0.0,3,recovery
112,2,0.0,0.0,0.0,0.0,0.0,3,recovery
113,2,0.0,0.0,0.0,0.0,0.0,3,recovery
114,2,0.0,0.0,0.0,0.0,0.0,3,recovery
115,2,0.0,0.0,0.0,0.0,0.0,3,recovery
116,2,0.0,0.0,0.0,0.0,0.0,3,recovery
117,2,0.0,0.0,0.0,0.0,0.0,3,recovery
118,2,0.0,0.0,0.0,0.0,0.0,3,recovery
119,2,0.0,0.0,0.0,0.0,0.0,3,recovery
120,2,0.0,0.0,0.0,0.0,0.0,3,recovery
121,2,0.0,0.0,0.0,0.0,0.0,3,recovery
122,2,0.0,0.0,0.0,0.0,0.0,3,recovery
123,2,0.0,0.0,0.0,0.0,0.0,3,recovery
124,2,0.0,0.0,0.0,0.0,0.0,3,recovery
125,2,0.0,0.0,0.0,0.0,0.0,3,recovery
126,2,0.0,0.0,0.0,0.0,0.0,3,recovery
127,2,0.0,0.0,0.0,0.0,0.0,3,recovery
128,2,0.0,0.0,0.0,0.0,0.0,3,recovery
129,2,0.0,0.0,0.0,0.0,0.0,3,recovery
130,2,0.0,0.0,0.0,0.0,0.0,3,recovery
131,2,0.0,0.0,0.0,0.0,0.0,3,recovery
132,2,0.0,0.0,0.0,0.0,0.0,3,recovery
133,2,0.0,0.0,0.0,0.0,0.0,3,recovery
134,2,0.0,0.0,0.0,0.0,0.0,3,recovery
135,2,0.0,0.0,0.0,0.0,0.0,3,recovery
136,2,0.0,0.0,0.0,0.0,0.0,3,recovery
137,2,0.0,0.0,0.0,0.0,0.0,3,recovery
138,2,0.0,0.0,0.0,0.0,0.0,3,recovery
139,2,0.0,0.0,0.0,0.0,0.0,3,recovery
140,2,0.0,0.0,0.0,0.0,0.0,3,recovery
141,2,0.0,0.0,0.0,0.0,0.0,3,recovery
142,2,0.0,0.0,0.0,0.0,0.0,3,recovery
143,2,0.0,0.0,0.0,0.0,0.0,3,recovery
144,2,0.0,0.0,0.0,0.0,0.0,3,recovery
145,2,0.0,0.0,0.0,0.0,0.0,3,recovery
146,2,0.0,0.0,0.0,0.0,0.0,3,recovery
147,2,0.0,0.0,0.0,0.0,0.0,3,recovery
148,2,0.0,0.0,0.0,0.0,0.0,3,recovery
149,2,0.0,0.0,0.0,0.0,0.0,3,recovery
150,2,0.0,0.0,0.0,0.0,0.0,3,recovery
151,2,0.0,0.0,0.0,0.0,0.0,3,recovery
152,2,0.0,0.0,0.0,0.0,0.0,3,recovery
153,2,0.0,0.0,0.0,0.0,0.0,3,recovery
154,2,0.0,0.0,0.0,0.0,0.0,3,recovery
155,2,0.0,0.0,0.0,0.0,0.0,3,recovery
156,2,0.0,0.0,0.0,0.0,0.0,3,recovery
157,2,0.0,0.0,0.0,0.0,0.0,3,recovery
158,2,0.0,0.0,0.0,0.0,0.0,3,recovery
159,2,0.0,0.0,0.0,0.0,0.0,3,recovery
160,2,0.0,0.0,0.0,0.0,0.0,3,recovery
161,2,0.0,0.0,0.0,0.0,0.0,3,recovery
162,2,0.0,0.0,0.0,0.0,0.0,3,recovery
163,2,0.0,0.0,0.0,0.0,0.0,3,recovery
164,2,0.0,0.0,0.0,0.0,0.0,3,recovery
165,2,0.0,0.0,0.0,0.0,0.0,3,recovery
166,2,0.0,0.0,0.0,0.0,0.0,3,recovery
167,2,0.0,0.0,0.0,0.0,0.0,3,recovery
168,2,0.0,0.0,0.0,0.0,0.0,3,recovery
169,2,0.0,0.0,0.0,0.0,0.0,3,recovery
170,2,0.0,0.0,0.0,0.0,0.0,3,recovery
171,2,0.0,0.0,0.0,0.0,0.0,3,recovery
172,2,0.0,0.0,0.0,0.0,0.0,3,recovery
173,2,0.0,0.0,0.0,0.0,0.0,3,recovery
174,2,0.0,0.0,0.0,0.0,0.0,3,recovery
175,2,0.0,0.0,0.0,0.0,0.0,3,recovery
176,2,0.0,0.0,0.0,0.0,0.0,3,recovery
177,2,0.0,0.0,0.0,0.0,0.0,3,recovery
178,2,0.0,0.0,0.0,0.0,0.0,3,recovery
179,2,0.0,0.0,0.0,0.0,0.0,3,recovery
180,2,0.0,0.0,0.0,0.0,0.0,3,recovery
181,2,0.0,0.0,0.0,0.0,0.0,3,recovery
182,2,0.0,0.0,0.0,0.0,0.0,3,recovery
183,2,0.0,0.0,0.0,0.0,0.0,3,recovery
184,2,0.0,0.0,0.0,0.0,0.0,3,recovery
185,2,0.0,0.0,0.0,0.0,0.0,3,recovery
186,2,0.0,0.0,0.0,0.0,0.0,3,recovery
187,2,0.0,0.0,0.0,0.0,0.0,3,recovery
188,2,0.0,0.0,0.0,0.0,0.0,3,recovery
189,2,0.0,0.0,0.0,0.0,0.0,3,recovery
190,2,0.0,0.0,0.0,0.0,0.0,3,recovery
191,2,0.0,0.0,0.0,0.0,0.0,3,recovery
192,2,0.0,4.747916342845767e-08,1.4709824390148756e-05,1.4757303553577214e-05,0.0,3,recovery
193,2,0.0,1.5322692079453453e-07,1.737896486457149e-05,1.7532191785366025e-05,3.3881317890172014e-21,3,recovery
194,2,0.0,2.762986112421983e-07,1.8777253643327207e-05,1.905355225456941e-05,3.3881317890172014e-21,3,recovery
195,2,0.0,4.089206969148565e-07,1.8949349203703894e-05,1.9358269900618748e-05,-3.3881317890172014e-21,3,recovery
196,2,0.0,5.431420955467527e-07,1.7937838554252777e-05,1.8480980649799523e-05,-6.776263578034403e-21,3,recovery
197,2,0.0,6.708266348319816e-07,1.5787244447118454e-05,1.6458071081950436e-05,0.0,3,recovery
198,2,0.0,7.846852040795332e-07,1.2799102279613341e-05,1.35837874836929e-05,2.710505431213761e-20,3,recovery
199,2,0.0,8.784893933192055e-07,9.058031173986361e-06,9.936520567305551e-06,-1.5246593050577406e-20,3,recovery
200,2,0.0,9.482202205516187e-07,5.172394716509327e-06,6.120614937060964e-06,1.7787691892340307e-20,3,recovery
201,2,0.0,9.944410750828993e-07,1.8532281940004827e-06,2.847669269083372e-06,-1.0164395367051604e-20,3,recovery
202,2,0.0,1.0236665997853771e-06,3.719342308593395e-08,1.0608600228713253e-06,1.418780186650953e-20,3,recovery
203,2,0.0,1.046888082098442e-06,0.0,1.046888082098437e-06,-5.082197683525802e-21,3,recovery
204,2,0.0,1.070284907369573e-06,0.0,1.0702849073695759e-06,2.964615315390051e-21,3,recovery
205,2,0.0,1.0940150790412482e-06,0.0,1.0940150790412465e-06,-1.6940658945086007e-21,3,recovery
206,2,0.0,1.1180628529822976e-06,0.0,1.118062852982298e-06,4.235164736271502e-22,3,recovery
207,2,0.0,1.1424547736868688e-06,0.0,1.1424547736868453e-06,-2.3505164286306834e-20,3,recovery
208,2,0.0,1.1671849207826806e-06,0.0,1.1671849207827041e-06,2.3505164286306834e-20,3,recovery
209,2,0.0,1.1922676447560245e-06,0.0,1.1922676447560332e-06,8.682087709356578e-21,3,recovery
210,2,0.0,1.2177094039807745e-06,0.0,1.2177094039807885e-06,1.3976043629695956e-20,3,recovery
211,2,0.0,1.2435143332781074e-06,0.0,1.2435143332780905e-06,-1.6940658945086007e-20,3,recovery
212,2,0.0,1.2696989716354535e-06,0.0,1.2696989716354582e-06,4.658681209898652e-21,3,recovery
213,2,0.0,1.29625944230671e-06,0.0,1.296259442306718e-06,8.046812998915853e-21,3,recovery
214,2,0.0,1.3232168901607804e-06,0.0,1.3232168901607664e-06,-1.3976043629695956e-20,3,recovery
215,2,0.0,1.3505677352153583e-06,0.0,1.3505677352153452e-06,-1.3129010682441655e-20,3,recovery
216,2,0.0,1.3783308327575613e-06,0.0,1.3783308327575507e-06,-1.0587911840678754e-20,3,recovery
217,2,0.0,1.406507415781337e-06,0.0,1.4065074157813416e-06,4.658681209898652e-21,3,recovery
218,2,0.0,1.4351106947945473e-06,0.0,1.4351106947945737e-06,2.6469779601696886e-20,3,recovery
219,2,0.0,1.4641482457935666e-06,0.0,1.464148245793501e-06,-6.564505341220828e-20,3,recovery
220,2,0.0,1.4936273518466948e-06,0.0,1.4936273518467214e-06,2.668153783851046e-20,3,recovery
221,2,0.0,1.5235623260975693e-06,0.0,1.5235623260975706e-06,1.2705494208814505e-21,3,recovery
222,2,0.0,1.553955386671467e-06,0.0,1.5539553866714714e-06,4.446922973085077e-21,3,recovery
223,2,0.0,1.584825287955934e-06,0.0,1.5848252879559254e-06,-8.682087709356578e-21,3,recovery
224,2,0.0,1.6161716121400067e-06,0.0,1.6161716121400186e-06,1.1858461261560205e-20,3,recovery
225,2,0.0,1.6480128738757253e-06,0.0,1.6480128738757208e-06,-4.446922973085077e-21,3,recovery
226,2,0.0,1.680353255403812e-06,0.0,1.6803532554037946e-06,-1.7364175418713157e-20,3,recovery
227,2,0.0,1.7132066934527389e-06,0.0,1.7132066934527472e-06,8.258571235729428e-21,3,recovery
228,2,0.0,1.8313282742401175e-06,1.631904491547839e-05,1.815037318971853e-05,2.0328790734103208e-20,3,recovery
229,2,0.0,2.242356053114138e-06,5.527772457135199e-05,5.752008062446615e-05,2.0328790734103208e-20,3,recovery
230,2,-9.453192751975798e-167,3.099525056758486e-06,9.926450784408965e-05,0.00010236403290084809,-4.0657581468206416e-20,3,recovery
231,2,-4.22201639227858e-161,4.466810922658966e-06,0.00014962986147421128,0.00015409667239687022,-2.710505431213761e-20,3,recovery
232,2,-1.6597721567150402e-156,6.390878277793754e-06,0.00020185567472335843,0.0002082465530011523,1.0842021724855044e-19,3,recovery
233,2,-1.6230992330514587e-152,8.865308367339966e-06,0.0002487131232403153,0.0002575784316076553,0.0,3,recovery
234,2,-6.092221978574125e-149,1.1851148243650247e-05,0.0002903432698815355,0.00030219441812518594,1.6263032587282567e-19,3,recovery
235,2,-1.1123342284158296e-145,1.5309700708015356e-05,0.00032698472148762116,0.00034229442219563646,-5.421010862427522e-20,3,recovery
236,2,-1.1465813570852517e-142,1.920298630337723e-05,0.0003588620939495639,0.00037806508025294114,0.0,3,recovery
237,2,-7.388348299590367e-140,2.349329449531591e-05,0.00038611137597017694,0.00040960467046549306,2.168404344971009e-19,3,recovery
238,2,-3.2043883542623123e-137,2.814362996860755e-05,0.00040902608981832134,0.0004371697197869287,-2.168404344971009e-19,3,recovery
239,2,-9.891044317322998e-135,3.31177091973694e-05,0.00042771507879076304,0.00046083278798813264,2.168404344971009e-19,3,recovery
240,2,-2.2696004908462568e-132,3.837969305955348e-05,0.0004424155040837303,0.00048079519714328434,5.421010862427522e-19,3,recovery
241,2,-4.008588196611434e-130,4.389479045941877e-05,0.00045333743856138084,0.0004972322290207995,-1.0842021724855044e-19,3,recovery
242,2,-5.606752861125697e-128,4.962863118518969e-05,0.00046059045694613797,0.000510219088131327,-6.505213034913027e-19,3,recovery
243,2,-6.358467293819368e-126,5.554783735513689e-05,0.00046447491012554956,0.0005200227474806869,4.336808689942018e-19,3,recovery
244,2,-5.963966601304222e-124,6.12225713634832e-05,0.00039199358703862917,0.00045321615840211195,-4.336808689942018e-19,3,recovery
245,2,-4.7054639734345017e-122,6.543350179090979e-05,0.00017378514840423915,0.00023921865019514883,-1.0842021724855044e-19,3,recovery
246,2,-3.168645046623753e-120,6.764923903090082e-05,1.0198608809148497e-05,7.784784784004972e-05,4.0657581468206416e-19,3,recovery
247,2,-1.8443217405257872e-118,6.896109855833333e-05,0.0,6.896109855833357e-05,2.303929616531697e-19,3,recovery
248,2,-9.382010914036171e-117,7.023997508173976e-05,0.0,7.023997508173903e-05,-7.318364664277155e-19,3,recovery
249,2,-4.211984100247695e-115,7.15396541231533e-05,0.0,7.153965412315388e-05,5.827586677109586e-19,3,recovery
250,2,-1.6833198629725684e-113,7.28605387477928e-05,0.0,7.286053874779128e-05,-1.5178830414797062e-18,3,recovery
251,2,-6.035154850208205e-112,7.420298287513117e-05,0.0,7.420298287513175e-05,5.827586677109586e-19,3,recovery
252,2,-1.9546045555773957e-110,7.556737850553208e-05,0.0,7.556737850553281e-05,7.318364664277155e-19,3,recovery
253,2,-5.754233321469225e-109,7.695408045958264e-05,0.0,7.695408045958231e-05,-3.2526065174565133e-19,3,recovery
254,2,-1.5485520803479863e-107,7.836348717798335e-05,0.0,7.836348717798342e-05,6.776263578034403e-20,3,recovery
255,2,-3.829139907628007e-106,7.979596729116857e-05,0.0,7.979596729116873e-05,1.6263032587282567e-19,3,recovery
256,2,-8.740663981197029e-105,8.125191179235509e-05,0.0,8.125191179235523e-05,1.3552527156068805e-19,3,recovery
0,3,-0.0002806464480173523,0.00017784897248679905,0.0013743439181324265,0.0012715464426019119,3.859759734048396e-17,4,absorption
1,3,-0.0002485639079605864,1.5051117721898773e-05,0.001407012675457499,0.0011734998852187817,-2.970713952610282e-17,4,absorption
2,3,-0.00022091350237721252,-0.00013556215233396802,0.0014401192796470543,0.0010836436249358483,-2.5587171270657905e-17,4,absorption
3,3,-0.00019695587130757978,-0.000275625594403333,0.001473506230745464,0.0010009247650345776,2.6454533008646308e-17,4,absorption
4,3,-0.00017607060296127104,-0.00040646136037832245,0.0015072302526408026,0.0009246982893011679,-4.119968255444917e-17,4,absorption
5,3,-0.00015775018926056196,-0.000529052235514317,0.001541241882016817,0.0008544394572420067,6.862999751833243e-17,4,absorption
6,3,-0.00014158858408732728,-0.0006442403860806153,0.0015755241867183654,0.0007896952165504234,6.505213034913027e-19,4,absorption
7,3,-0.00012726830124483468,-0.0007527169401485341,0.0016100983216264173,0.0007301130802329914,-5.713745448998608e-17,4,absorption
8,3,-0.00011454555819989277,-0.0008551133574314267,0.0016448980395049008,0.0006752391238736277,4.640385298237959e-17,4,absorption
9,3,-0.00010323427435353583,-0.0009519548527835409,0.0016799545055097799,0.0006247653783726936,-9.540979117872439e-18,4,absorption
10,3,-9.31892366967096e-05,-0.001043650612502912,0.0017152274703712386,0.0005783876211715999,-1.713039432527097e-17,4,absorption
11,3,-8.429712544264092e-05,-0.0011305689949408612,0.001750700311455276,0.0005358341910717823,8.456776945386935e-18,4,absorption
12,3,-7.646568961151311e-05,-0.0012130163586413186,0.001786379357019171,0.0004968973087663697,3.0357660829594124e-17,4,absorption
13,3,-6.960620405931595e-05,-0.0012912649030518615,0.0018222145845238266,0.00046134347741258463,-6.461844948013606e-17,4,absorption
14,3,-6.362845764324925e-05,-0.0013655454678116394,0.001858219745071487,0.0004290458196166136,1.5178830414797062e-17,4,absorption
15,3,-5.8441784853126885e-05,-0.001436058200499827,0.0018945308774013696,0.0004000308920484863,7.068998164605489e-17,4,absorption
16,3,-5.3954345987663506e-05,-0.0015028438219321428,0.0019505001659064197,0.0003937019979865508,-6.245004513516506e-17,4,absorption
17,3,-5.007421242844532e-05,-0.0015658038995097867,0.002020335778222805,0.00040445766628458,6.938893903907228e-18,4,absorption
18,3,-4.671203577322196e-05,-0.001624975710304148,0.0020898979261573273,0.00041821018007995314,-4.119968255444917e-18,4,absorption
19,3,-4.3783540994126745e-05,-0.0016804992491429476,0.002159157792746841,0.0004348750026098025,3.599551212651875e-17,4,absorption
20,3,-4.121230721033738e-05,-0.0017325142312993873,0.0022280500668520114,0.0004543235283422653,-2.1467203015212988e-17,4,absorption
21,3,-3.893145420463232e-05,-0.0017811712116558407,0.002296522586722454,0.00047641992086194795,-3.3176586478056436e-17,4,absorption
22,3,-3.6884459512597265e-05,-0.001826598086287046,0.002364532411575619,0.0005010498657760099,3.426078865054194e-17,4,absorption
23,3,-3.502510500091216e-05,-0.001868923664210942,0.0024319808290628507,0.0005280320598509969,4.336808689942018e-19,4,absorption
24,3,-3.3316795848783675e-05,-0.0019082719895844378,0.0024988624566951775,0.000557273671261932,-2.4069288229178198e-17,4,absorption
25,3,-3.173157866548689e-05,-0.0019447654250435912,0.0025651202850643737,0.0005886232813552827,-1.3010426069826053e-17,4,absorption
26,3,-3.024845148014554e-05,-0.0019785418142811975,0.002630705746424661,0.0006219154806633709,5.2909066017292616e-17,4,absorption
27,3,-2.885192116716603e-05,-0.0020097141161652594,0.002695578027050583,0.0006570119897181814,2.3852447794681098e-17,4,absorption
28,3,-2.7530454055504623e-05,-0.0020383987315492256,0.0027596800434080172,0.0006937508578032381,-4.90059381963448e-17,4,absorption
29,3,-2.6274728190448905e-05,-0.0020647063260102096,0.002822976020037308,0.0007319949658366742,2.5153490401663703e-17,4,absorption
30,3,-2.507651331507583e-05,-0.002088744844107551,0.002885416180743816,0.0007715948233211756,-1.3877787807814457e-17,4,absorption
31,3,-2.3926866184191377e-05,-0.002110635521262682,0.0029469239841402655,0.0008123615966933728,-1.951563910473908e-17,4,absorption
32,3,-2.2815471349886928e-05,-0.00213047477669189,0.0030074962494849424,0.0008542060014432307,6.505213034913027e-17,4,absorption
33,3,-2.1733024234826084e-05,-0.002148386857609269,0.0030641277054535686,0.0008940078236094329,-4.0332320816460765e-17,4,absorption
34,3,-2.067222520022569e-05,-0.002164588797413867,0.003108002001719829,0.0009227409791057462,9.974659986866641e-18,4,absorption
35,3,-1.962856078273919e-05,-0.00217928065376743,0.0031499254756809573,0.0009510162611308104,2.211772431870429e-17,4,absorption
36,3,-1.8601339369192826e-05,-0.002192570710991556,0.0031911062209415233,0.0009799341705807596,-1.474514954580286e-17,4,absorption
37,3,-1.7595544776853728e-05,-0.002204534298183246,0.00323152708858779,0.0010093972456277078,1.7780915628762273e-17,4,absorption
38,3,-1.662430051220345e-05,-0.00221524553307718,0.00327116177307877,0.001039291939489373,-1.3877787807814457e-17,4,absorption
39,3,-1.5711243964717757e-05,-0.00222476928337567,0.003309996902826241,0.0010695163754858572,3.903127820947816e-18,4,absorption
40,3,-1.4890901906988409e-05,-0.0022331636441970002,0.003348010904165341,0.0010999563580613714,1.9081958235744878e-17,4,absorption
41,3,-1.419952161860556e-05,-0.002240486420618221,0.003385186283254905,0.0011305003410180536,-2.47198095326695e-17,4,absorption
42,3,-1.3656994755394816e-05,-0.002246778659424065,0.0034215099347043405,0.001161074280524893,1.214306433183765e-17,4,absorption
43,3,-1.3240307382122402e-05,-0.002252077692654335,0.003456960938910485,0.0011916429388740268,-1.3010426069826053e-18,4,absorption
44,3,-1.2915417520931227e-05,-0.0022564142760945205,0.0034915299010252676,0.001222200207409846,2.992397996059992e-17,4,absorption
45,3,-1.2666069353018078e-05,-0.002259814435710412,0.0035251998791583456,0.0012527193740948794,-3.599551212651875e-17,4,absorption
46,3,-1.2476677250386699e-05,-0.002262301686435317,0.0035579585367279585,0.0012831801730422698,1.5178830414797062e-17,4,absorption
47,3,-1.2333006406192392e-05,-0.00226389141354744,0.003589796821143662,0.0013135724011900385,8.673617379884035e-18,4,absorption
48,3,-1.2222761138352889e-05,-0.002264595257167294,0.0036206991859521987,0.0013438811676465545,2.6020852139652106e-18,4,absorption
49,3,-1.213608085028826e-05,-0.002264421872466253,0.003650652051993346,0.001374094098676809,3.903127820947816e-18,4,absorption
50,3,-1.2069119600744787e-05,-0.0022633810588975,0.0036792792825799158,0.0014038291040816553,-1.6046192152785466e-17,4,absorption
51,3,-1.2021434991697309e-05,-0.0022616882416133673,0.0036834747861290516,0.0014097651095239805,-6.5052130349130266e-18,4,absorption
52,3,-1.199183186176383e-05,-0.0022596917743936424,0.003672090887561306,0.0014004072813059432,4.336808689942018e-17,4,absorption
53,3,-1.197699424004859e-05,-0.002257534606625108,0.003660360170707988,0.001390848569842812,-1.951563910473908e-17,4,absorption
54,3,-1.1972597794939735e-05,-0.002255227279929095,0.0036482706931797873,0.0013810708154557705,1.7780915628762273e-17,4,absorption
55,3,-1.1971448817958914e-05,-0.002252779490416175,0.003635866574557828,0.0013711156353236609,-3.3393426912553537e-17,4,absorption
56,3,-1.1965550891518754e-05,-0.002250198632130745,0.003623202496643928,0.0013610383136216653,8.673617379884035e-19,4,absorption
57,3,-1.1957217350807427e-05,-0.00224749177026156,0.003610310055019315,0.0013508610674069499,2.6020852139652106e-18,4,absorption
58,3,-1.1945369552493953e-05,-0.0022446636194374614,0.003597214478589782,0.0013406054895998276,8.673617379884035e-19,4,absorption
59,3,-1.1923583577544766e-05,-0.0022417195907033713,0.0035838821585187797,0.0013302389842378692,5.637851296924623e-18,4,absorption
60,3,-1.1884644492392546e-05,-0.002238665020671913,0.0035703805583529743,0.0013198308931886837,1.474514954580286e-17,4,absorption
61,3,-1.181778565996855e-05,-0.00223550328463824,0.0035567527626594285,0.0013094316923612237,3.469446951953614e-18,4,absorption
62,3,-1.171275238717014e-05,-0.0022322380031705056,0.0035430261164957934,0.0012990753609381234,5.637851296924623e-18,4,absorption
63,3,-1.1559461474589542e-05,-0.002228870695165083,0.0035292222839726764,0.001288792127333016,1.214306433183765e-17,4,absorption
64,3,-1.1347992026398087e-05,-0.0022254028721413735,0.00351536951006688,0.0012786186458990934,-1.5178830414797062e-17,4,absorption
65,3,-1.1068381237606806e-05,-0.002221835366234803,0.0035014882583622982,0.0012685845108898752,-1.3010426069826053e-17,4,absorption
66,3,-1.0710831015559833e-05,-0.00221816749269511,0.0034876024916359496,0.0012587241679252736,-6.071532165918825e-18,4,absorption
67,3,-1.0266295532475753e-05,-0.002214398647647911,0.0034737353441962595,0.0012490704010158782,5.204170427930421e-18,4,absorption
68,3,-9.727359602576934e-06,-0.002210532785355224,0.0034591957875075383,0.00123893564254976,2.2551405187698492e-17,4,absorption
69,3,-9.089391163834397e-06,-0.00220659865461039,0.0034420682741789486,0.001226380228404711,-1.3444106938820255e-17,4,absorption
70,3,-8.352061650858691e-06,-0.0022026183295009594,0.0034251077537738946,0.0012141373626220753,-1.3010426069826053e-18,4,absorption
71,3,-7.521389432557745e-06,-0.0021985858079851487,0.003408605631561051,0.0012024984341433564,1.1709383462843448e-17,4,absorption
72,3,-6.612526998918392e-06,-0.0021944930878655122,0.0033925757921825896,0.0011914701773181602,1.3010426069826053e-18,4,absorption
73,3,-5.653355124087585e-06,-0.002190331090345976,0.003377027297984628,0.0011810428525145522,-1.214306433183765e-17,4,absorption
74,3,-4.688198003847515e-06,-0.0021860914127042196,0.003361974610485475,0.001171194999777414,6.071532165918825e-18,4,absorption
75,3,-3.7785081792571732e-06,-0.0021817660532843872,0.0033474245560795035,0.0011618799946158664,7.37257477290143e-18,4,absorption
76,3,-2.9894560072542913e-06,-0.00217734719389796,0.0033333875837483927,0.0011530509338431305,-4.8138576458356397e-17,4,absorption
77,3,-2.3416640787333432e-06,-0.0021728279515783712,0.003319872272729821,0.0011447026570727548,3.8163916471489756e-17,4,absorption
78,3,-1.8226278325144453e-06,-0.002168200323212916,0.0033068829023032934,0.001136859951257868,5.204170427930421e-18,4,absorption
79,3,-1.4091265271019463e-06,-0.0021634562714024337,0.0032944288956161354,0.0011295634976865865,-1.3010426069826053e-17,4,absorption
80,3,-1.077149126694537e-06,-0.002158586879372663,0.0032825120837977487,0.0011228480552983866,-4.7704895589362195e-18,4,absorption
81,3,-8.154592786432609e-07,-0.0021535819923252683,0.0032711382935907436,0.0011167408419868463,1.431146867680866e-17,4,absorption
82,3,-6.138844309971457e-07,-0.0021484314216185007,0.003260311101947044,0.0011112657958975147,-3.122502256758253e-17,4,absorption
83,3,-4.589371419417072e-07,-0.0021431233327930386,0.003250030231162264,0.0011064479612273026,1.9081958235744878e-17,4,absorption
84,3,-3.401813636026314e-07,-0.0021376459035956728,0.003240300513355958,0.0011023144283966724,-1.0408340855860843e-17,4,absorption
85,3,-2.50029746964761e-07,-0.0021319821945818204,0.0032315801429571253,0.0010993479186283128,-2.7321894746634712e-17,4,absorption
86,2,-1.819273254398796e-07,-0.0021258863846138334,0.0032458140007084737,0.0011197456887692414,4.0766001685454967e-17,4,absorption
87,2,-1.315595884978975e-07,-0.002119029218352911,0.00327269473551144,0.0011535339575700077,-2.3418766925686896e-17,4,absorption
88,2,-9.436178957525811e-08,-0.0021112590586803296,0.003299179916840673,0.0011878264963707807,1.2576745200831851e-17,4,absorption
89,2,-6.713416981404897e-08,-0.0021025600288466033,0.003325248141521288,0.001222620978504868,-2.6020852139652106e-18,4,absorption
90,2,-4.737914445020799e-08,-0.002092916365525527,0.0033508717134495838,0.0012579079687796146,8.239936510889834e-18,4,absorption
91,2,-3.317013341138324e-08,-0.002082312291413589,0.003376030162762338,0.001293684701215339,1.3010426069826053e-18,4,absorption
92,2,-2.3037842775707473e-08,-0.0020707328345200768,0.0034007013432209524,0.0013299454708581154,1.5612511283791264e-17,4,absorption
93,2,-1.587403909638189e-08,-0.0020581626142114986,0.003424862006089586,0.0013666835178389736,-1.7780915628762273e-17,4,absorption
94,2,-1.0851733070749225e-08,-0.0020445870003961766,0.003448496031567292,0.0014038981794380484,3.903127820947816e-18,4,absorption
95,2,-7.360201955099518e-09,-0.002029991152312653,0.0034715803233705948,0.001441581810855977,-9.540979117872439e-18,4,absorption
96,2,-4.953018822480609e-09,-0.0020143602475495314,0.003494099963991925,0.0014797347634235847,1.3444106938820255e-17,4,absorption
97,2,-3.3071096503157064e-09,-0.0019976803036639073,0.003516037543419708,0.001518353932646141,-9.540979117872439e-18,4,absorption
98,2,-2.19095093583432e-09,-0.0019799368213999973,0.003537374991994681,0.0015574359796437648,1.691355389077387e-17,4,absorption
99,2,-9.541667467183456e-10,-0.0012004343037766282,0.0021629885221163994,0.0009625532641730217,-2.8189256484623115e-18,4,absorption
100,1,-4.898471321550652e-10,-0.0007609028441660909,0.001378771697015014,0.0006178683630017889,-2.0599841277224584e-18,4,absorption
101,2,-9.381360291707886e-10,-0.001941533724991598,0.0035782329425494337,0.0016366982794217833,-2.3201926491189795e-17,4,absorption
102,2,-6.07097487050085e-10,-0.0019205246394434512,0.003597691155741505,0.0016771659092005703,3.686287386450715e-18,4,absorption
103,2,-3.89823919274054e-10,-0.001898397596911274,0.0036164977367523716,0.0017180997500172018,2.3418766925686896e-17,4,absorption
104,2,-2.4836815284668973e-10,-0.0018750830917468831,0.0036402796213281675,0.0017651962812131328,1.3010426069826053e-18,4,absorption
105,2,-1.5701438385085758e-10,-0.0018503420608696123,0.0036802769592142025,0.0018299347413302247,1.8431436932253575e-17,4,absorption
106,2,-9.849102205586469e-11,-0.0018239901267736057,0.00371901253204638,0.0018950223067817074,-4.4885969940899884e-17,4,absorption
107,2,-6.130049241090049e-11,-0.001796025696552155,0.003755189651305892,0.0019591638934532557,1.1275702593849246e-17,4,absorption
108,2,-3.785617420573644e-11,-0.0017664605332240017,0.0037888296215070737,0.002022369050426895,-3.0357660829594124e-18,4,absorption
109,2,-2.319578944001767e-11,-0.0017353064017655469,0.0038199550451531268,0.002084648620191795,4.7704895589362195e-18,4,absorption
110,2,-1.4101796322624777e-11,-0.0017025758708717627,0.0038485964171276433,0.002146020532154097,1.3010426069826053e-17,4,absorption
111,2,-8.505985508920362e-12,-0.0016761185448842507,0.0030980998586785857,0.001421981305288339,-1.0625181290357943e-17,4,absorption
112,2,-5.090386709201262e-12,-0.0016562713491905779,0.0031150603557675086,0.0014587890014865351,-8.890457814381136e-18,4,absorption
113,2,-3.0223362254562265e-12,-0.0016354431387314316,0.0031293653891982394,0.0014939222474444624,-9.107298248878237e-18,4,absorption
114,2,-1.7802847658763765e-12,-0.0016136641743520292,0.003141048756539623,0.0015273845804073122,3.0357660829594124e-18,4,absorption
115,2,-1.0403479480896128e-12,-0.0015909654297182052,0.003150151628668959,0.0015591861979104282,2.2551405187698492e-17,4,absorption
116,2,-6.031103854240377e-13,-0.0015673780743928117,0.0031567066048655544,0.0015893285298696075,-2.47198095326695e-17,4,absorption
117,2,-3.4684028859141047e-13,-0.0015429335424477484,0.0031607582926808336,0.0016178247498862541,9.324138683375338e-18,4,absorption
118,2,-1.9786142692877028e-13,-0.0015176637915649501,0.0031623453744237546,0.0016446815826609423,-6.505213034913027e-19,4,absorption
119,2,-1.1196305697438071e-13,-0.0014916007148713848,0.0031615087675400384,0.0016699080525567067,1.6046192152785466e-17,4,absorption
120,2,-6.284233610687035e-14,-0.0014647767066592922,0.0031582960525129997,0.0016935193457908587,-6.5052130349130266e-18,4,absorption
121,2,-3.4984411594792616e-14,-0.001437228641698796,0.0031523128819757823,0.0017150842402420124,1.0408340855860843e-17,4,absorption
122,2,-1.9316167835192456e-14,-0.0014091386070331077,0.0031298530720527545,0.001720714465000328,-2.6020852139652106e-18,4,absorption
123,2,-1.0577175045327603e-14,-0.0013807442858562121,0.003099788709460952,0.001719044423594135,-2.7538735181131813e-17,4,absorption
124,2,-5.743777456282674e-15,-0.0013521236483818348,0.003069435220254369,0.001717311571866817,2.6237692574149207e-17,4,absorption
125,2,-3.0930022312067367e-15,-0.0013232816638438266,0.003038806211112313,0.0017155245472653818,-1.1709383462843448e-17,4,absorption
126,2,-1.6515500020393358e-15,-0.001294223107013571,0.0030079057724088135,0.0017136826653935955,4.336808689942018e-18,4,absorption
127,2,-8.743892746947255e-16,-0.0012649526762564894,0.002976749530814961,0.0017117968545576068,9.540979117872439e-18,4,absorption
128,2,-4.589768870074268e-16,-0.0012354751292316425,0.002945344944995927,0.0017098698157638204,-4.9873299934333204e-18,4,absorption
129,2,-2.3884685358279156e-16,-0.0012057949277812499,0.002913702241001478,0.0017079073132200001,1.0625181290357943e-17,4,absorption
130,2,-1.2321376967535413e-16,-0.0011759166367229913,0.0028818361343009385,0.0017059194975778125,-1.1492543028346347e-17,4,absorption
131,2,-6.300524798824222e-17,-0.0011458446003097989,0.0028497519548500994,0.001703907354540228,-9.324138683375338e-18,4,absorption
132,2,-3.1932808123721166e-17,-0.0011155830492024822,0.002817466693769794,0.0017018836445672827,2.8189256484623115e-18,4,absorption
133,2,-1.6039983584621675e-17,-0.001085136196879803,0.002784988512305799,0.0016998523154259856,5.854691731421724e-18,4,absorption
134,2,-7.98433925860975e-18,-0.0010545079451920393,0.00275232903924915,0.0016978210940570976,-4.9873299934333204e-18,4,absorption
135,2,-3.93824203744495e-18,-0.0010237022177714216,0.0027195036450207923,0.0016958014272493716,4.7704895589362195e-18,4,absorption
136,2,-1.9246533593423757e-18,-0.0009927226933042002,0.0026865188387751046,0.0016937961454708897,-1.2793585635328952e-17,4,absorption
137,2,-9.318496408477859e-19,-0.0009617006078387425,0.0026411432969011333,0.0016794426890624006,1.0842021724855044e-17,4,absorption
138,2,-4.469274201094008e-19,-0.0009306346489601198,0.0026087131306871264,0.001678078481727005,-1.3010426069826053e-18,4,absorption
139,2,-2.1231403251795428e-19,-0.0008994813170778008,0.0025677680133682017,0.0016682866962904053,4.553649124439119e-18,4,absorption
140,2,-9.988991604565413e-20,-0.0008685839455997617,0.0025026958524051587,0.0016341119068053883,-8.673617379884035e-18,4,absorption
141,2,-4.653872867828762e-20,-0.000838208201845011,0.0024375132820949846,0.0015993050802499825,8.890457814381136e-18,4,absorption
142,2,-2.146860594350815e-20,-0.0008083585795913132,0.0023737965825930693,0.001565438003001754,-2.168404344971009e-18,4,absorption
143,2,-9.804693135423252e-21,-0.0007790231530076755,0.0023115325457549827,0.0015325093927473013,-5.854691731421724e-18,4,absorption
144,2,-4.432483340377481e-21,-0.0007501894613342048,0.002250725596796753,0.0015005361354625477,-4.336808689942018e-19,4,absorption
145,2,-1.9832750370304347e-21,-0.0007218443884147203,0.0021913960667526437,0.00146955167833792,-3.469446951953614e-18,4,absorption
146,2,-8.781705863965164e-22,-0.0006939737241933929,0.0021335695311562545,0.0014395958069628664,4.7704895589362195e-18,4,absorption
147,2,-3.84742192081104e-22,-0.0006665630126846857,0.002077194273679123,0.0014106312609944438,6.5052130349130266e-18,4,absorption
148,2,-1.6675852116917894e-22,-0.0006398703488411589,0.001996395336741624,0.0013565249879004607,-4.336808689942018e-18,4,absorption
149,2,-7.149294254473661e-23,-0.0006149871421386915,0.0018387101174455178,0.0012237229753068284,2.168404344971009e-18,4,absorption
150,2,-3.031252227973652e-23,-0.000591633792948321,0.001789506403226856,0.0011978726102785282,-6.7220534694101275e-18,4,absorption
151,2,-1.2708336763419174e-23,-0.0005686874496924699,0.0017417909686929978,0.0011731035190005283,4.336808689942018e-19,4,absorption
152,2,-5.2672515936884014e-24,-0.0005461277313116961,0.0016958248335540733,0.001149697102242376,-1.3010426069826053e-18,4,absorption
153,2,-2.157873512980847e-24,-0.0005243671396047245,0.001610339016230151,0.00108597187662543,3.469446951953614e-18,4,absorption
154,2,-8.736331424357478e-25,-0.0005033816803285242,0.0015690248940240614,0.001065643213695535,-2.168404344971009e-18,4,absorption
155,2,-3.494657866407223e-25,-0.0004827070815213335,0.0015293695235999976,0.0010466624420786656,1.5178830414797062e-18,4,absorption
156,2,-1.3808942176336909e-25,-0.0004623230608243169,0.0014909905822895254,0.0010286675214652083,-2.168404344971009e-19,4,absorption
157,2,-5.388903562745397e-26,-0.00044230533449955613,0.0014451217420029595,0.0010028164075034061,2.8189256484623115e-18,4,absorption
158,2,-2.0764664225466438e-26,-0.0004227619673377517,0.0013976775604390475,0.0009749155931012936,-2.2768245622195593e-18,4,absorption
159,2,-7.898237025814151e-27,-0.00040369947962503336,0.0013525706785832204,0.0009488711989581872,1.0842021724855044e-19,4,absorption
160,2,-2.964887588510163e-27,-0.0003850836734514801,0.0013097288097340815,0.000924645136282605,3.686287386450715e-18,4,absorption
161,2,-1.0981124682170523e-27,-0.00036688038786378003,0.0012691227505611214,0.0009022423626973385,-2.927345865710862e-18,4,absorption
162,2,-4.0117056281916565e-28,-0.00034905592979415017,0.0012306542284809747,0.0008815982986868226,-1.951563910473908e-18,4,absorption
163,2,-1.4452176823879053e-28,-0.00033157690315502173,0.0011942961884295375,0.0008627192852745137,-1.951563910473908e-18,4,absorption
164,2,-5.132544749921579e-29,-0.00031440998483562926,0.0011599723719730097,0.000845562387137384,3.577867169202165e-18,4,absorption
165,2,-1.796368814511269e-29,-0.0002975225263447412,0.001127615882536343,0.0008300933561916028,8.673617379884035e-19,4,absorption
166,2,-6.1941829140686376e-30,-0.00028595049414342235,0.0006215489211002134,0.00033559842695678535,-5.7462715141731735e-18,4,absorption
167,2,-2.1035601891271115e-30,-0.0002796433181167958,0.0006081519672421604,0.00032850864912536797,3.3610267347050637e-18,4,absorption
168,2,-7.033293991828649e-31,-0.00027343681066049994,0.0005966195429604572,0.0003231827322999585,1.1926223897340549e-18,4,absorption
169,2,-2.314406131252187e-31,-0.00026729546772514493,0.0005868589302821334,0.0003195634625569894,8.673617379884035e-19,4,absorption
170,2,-7.492635400635852e-32,-0.0002611847929818809,0.0005787863096376601,0.00031760151665577614,-3.0357660829594124e-18,4,absorption
171,2,-2.385469874640221e-32,-0.0002550711089822909,0.0005723241689242963,0.0003172530599420062,7.589415207398531e-19,4,absorption
172,2,-7.465864059676992e-33,-0.00024907358049857704,0.0005531663037221101,0.00030409272322353374,7.047314121155779e-19,4,absorption
173,2,-2.2959768757874594e-33,-0.00024314289683686547,0.0005517058784991584,0.00030856298166229146,-1.463672932855431e-18,4,absorption
174,2,-6.934932524713399e-34,-0.00023708543707876614,0.0005508209396653603,0.0003137355025865946,4.336808689942018e-19,4,absorption
175,2,-2.056370192184353e-34,-0.00023091658029579808,0.0005477171732405754,0.0003168005929447774,5.421010862427522e-20,4,absorption
176,2,-5.983181908760853e-35,-0.00022467282999670633,0.000543256407713258,0.00031858357771655244,7.589415207398531e-19,4,absorption
177,2,-1.7073099915172985e-35,-0.0002183806312099722,0.0005375901827794146,0.00031920955156944375,1.4094628242311558e-18,4,absorption
178,2,-4.7753864528110045e-36,-0.00021218122655638632,0.0005199065748533345,0.0003077253482969486,3.7947076036992655e-19,4,absorption
179,2,-1.3085066311549094e-36,-0.0002061047881757268,0.000511740475030311,0.00030563568685458564,1.463672932855431e-18,4,absorption
180,2,-3.510409318999575e-37,-0.00020006594903463888,0.0005023366246075186,0.00030227067557287574,-4.0115480381963664e-18,4,absorption
181,2,-9.214764651785348e-38,-0.00019409194411783135,0.0004917802827964369,0.0002976883386786068,1.2468324983583301e-18,4,absorption
182,2,-2.365221570641197e-38,-0.0001882089403734174,0.0004801492958106986,0.000291940355437283,1.7889335846010823e-18,4,absorption
183,2,-5.932287794262129e-39,-0.00018326232905186066,0.00039099258105268833,0.00020773025200082444,-3.2255014631443757e-18,4,absorption
184,2,-1.4528518673708979e-39,-0.00017906413965742242,0.0003992656257327201,0.00022020148607529953,1.870248747537495e-18,4,absorption
185,2,-3.471668725398194e-40,-0.00017458119805314324,0.00040781974796929167,0.00023323854991614754,-8.944667923005412e-19,4,absorption
186,2,-8.087681115929466e-41,-0.00016994685759944776,0.0004030821942599768,0.00023313533666052995,9.215718466126788e-19,4,absorption
187,2,-1.8353129278158362e-41,-0.00016518675955117445,0.00040900742369368227,0.00024382066414250884,1.0299920638612292e-18,4,absorption
188,2,-4.0532861812976865e-42,-0.0001604479414054921,0.00039030124760555077,0.00022985330620005524,-3.415236843329339e-18,4,absorption
189,2,-8.703694580224168e-43,-0.00015573551251156617,0.00039592727320396414,0.0002401917606924004,2.439454888092385e-18,4,absorption
190,2,-1.8153617772926902e-43,-0.0001508775102698052,0.00039327544324130076,0.00024239793297149616,5.963111948670274e-19,4,absorption
191,2,-3.673868803198069e-44,-0.0001464849349891703,0.00034171730419214116,0.00019523236920297032,-5.421010862427522e-19,4,absorption
192,2,-7.20600250252198e-45,-0.00014431718425001852,0.000176250528640992,3.193334439097195e-05,-1.5449880957918438e-18,4,absorption
193,2,-1.3682144007585742e-45,-0.00014393923790178228,0.00017031932141795537,2.638008351617347e-05,3.7947076036992655e-19,4,absorption
194,2,-2.5115868462345737e-46,-0.00014366732256366346,0.00016505531538017786,2.1387992816515947e-05,1.5449880957918438e-18,4,absorption
195,2,-4.451286517342984e-47,-0.0001434895949293436,0.00016045683067661165,1.6967235747268605e-05,5.421010862427522e-19,4,absorption
196,2,-7.605637939599523e-48,-0.00014339388050179242,0.00015652470484413505,1.313082434234187e-05,-7.589415207398531e-19,4,absorption
197,2,-1.2509060776143335e-48,-0.00014336786807750754,0.0001532491067400558,9.88123866254697e-06,-1.3010426069826053e-18,4,absorption
198,2,-1.9771134479283687e-49,-0.00014339903095652253,0.00015062703336015458,7.228002403630862e-06,-1.1926223897340549e-18,4,absorption
199,2,-2.9976659536649505e-50,-0.0001434691237397468,0.00014917285555359017,5.703731813844898e-06,1.5178830414797062e-18,4,absorption
200,2,-4.3516044298293114e-51,-0.0001435603884194427,0.00014828392525671958,4.723536837276769e-06,-1.0842021724855044e-19,4,absorption
201,2,-6.0358278163445205e-52,-0.00014366124396972765,0.00014795396203449762,4.292718064770329e-06,3.5236570605778894e-19,4,absorption
202,2,-7.981463380437021e-53,-0.00014375997324129154,0.0001481757976883907,4.415824447098933e-06,-2.168404344971009e-19,4,absorption
203,2,-1.0037974676752753e-53,-0.00014384485896646817,0.00014893612871158565,5.091269745118206e-06,7.318364664277155e-19,4,absorption
204,2,-1.1975705425411401e-54,-0.0001439041195149637,0.00015022701880681495,6.322899291850634e-06,-6.2341624917916505e-19,4,absorption
205,2,-1.3515278315989324e-55,-0.0001439259740785877,0.000152034087341085,8.108113262498065e-06,7.589415207398531e-19,4,absorption
206,2,-1.4384259755778175e-56,-0.00014389874346367587,0.00015433909793564107,1.0440354471963516e-05,-1.6805133673525319e-18,4,absorption
207,2,-1.4389222289811256e-57,-0.00014381076217371115,0.00015713428080725296,1.332351863354321e-05,1.4094628242311558e-18,4,absorption
208,2,-1.3479888324251934e-58,-0.00014365057048658443,0.0001603904379616299,1.6739867475044044e-05,-1.4365678785432934e-18,4,absorption
209,2,-1.177853334161378e-59,-0.00014343052406233387,0.0001618949739206212,1.8464449858287928e-05,5.963111948670274e-19,4,absorption
210,2,-9.557231963199734e-61,-0.00014322473724423277,0.00015815586804539272,1.493113080115998e-05,2.710505431213761e-20,4,absorption
211,2,-7.166162469103082e-62,-0.00014308324332519128,0.00015505903692133018,1.197579359613933e-05,4.336808689942018e-19,4,absorption
212,2,-4.938548194080867e-63,-0.00014299109543907887,0.00015285092375612373,9.859828317044378e-06,-4.87890977618477e-19,4,absorption
213,2,-3.109170222904107e-64,-0.00014293099396086253,0.00015146753664244876,8.53654268158626e-06,2.710505431213761e-20,4,absorption
214,2,-1.7761585171604958e-65,-0.00014288625094513148,0.00015088491179252554,7.998660847394548e-06,4.87890977618477e-19,4,absorption
215,2,-9.136932754468895e-67,-0.00014284059504304057,0.00015105417704362327,8.213582000582247e-06,-4.607859233063394e-19,4,absorption
216,2,-4.1961591278635355e-68,-0.0001427785415805704,0.00015191977276020636,9.141231179635168e-06,-7.860465750519907e-19,4,absorption
217,2,-1.7035864383462725e-69,-0.00014268502899728887,0.0001534643056426454,1.0779276645358354e-05,1.81603863891322e-18,4,absorption
218,2,-6.045516143618593e-71,-0.00014254572471781196,0.0001556088570972332,1.3063132379418849e-05,-2.3852447794681098e-18,4,absorption
219,2,-1.8509094461302989e-72,-0.00014234698599896478,0.00015833838045749976,1.5991394458536937e-05,1.951563910473908e-18,4,absorption
220,2,-4.814960476326385e-74,-0.00014207568587704567,0.00016159799427715316,1.9522308400106783e-05,-7.047314121155779e-19,4,absorption
221,2,-1.0452859706736897e-75,-0.00014171964788928492,0.00016532665865972174,2.3607010770438502e-05,1.6805133673525319e-18,4,absorption
222,2,-1.853399200936598e-77,-0.00014126716453725826,0.0001695172980609557,2.8250133523695202e-05,-2.222614453595284e-18,4,absorption
223,2,-2.6149988561347706e-79,-0.00014070742414662974,0.00017407503937436893,3.3367615227739705e-05,5.149960319306146e-19,4,absorption
224,2,-2.8430613570314223e-81,-0.00014003039460586992,0.00017899829045803483,3.896789585216588e-05,9.75781955236954e-19,4,absorption
225,2,-2.287459202881443e-83,-0.0001392265989550638,0.00018422582873350222,4.499922977843716e-05,-1.2739375526704677e-18,4,absorption
226,2,-1.2927414257876547e-85,-0.00013833143685028332,0.00018556625621918727,4.7234819368905355e-05,1.4094628242311558e-18,4,absorption
227,2,-4.78696032786441e-88,-0.00013820448125817817,0.00010960487012020396,-2.8599611137975108e-05,-8.944667923005412e-19,4,absorption
228,2,-1.0544107737491696e-90,-0.00013979720976242817,2.2979862536053423e-05,-0.00011681734722637522,-4.607859233063394e-19,4,absorption
229,2,-1.1980930363609928e-93,-0.00014258585174732998,0.0,-0.00014258585174732955,4.336808689942018e-19,4,absorption
230,2,-5.586883688417222e-97,-0.00014567436043422483,0.0,-0.00014567436043422515,-3.2526065174565133e-19,4,absorption
231,2,-7.004063848274995e-101,-0.0001488224117602278,0.0,-0.00014882241176022732,4.87890977618477e-19,4,absorption
232,2,-8.259402063155521e-106,-0.00015203082966751648,0.0,-0.00015203082966751616,3.2526065174565133e-19,4,absorption
233,2,0.0,-0.00015530042501256858,0.0,-0.00015530042501256912,-5.421010862427522e-19,4,absorption
234,2,0.0,-0.0001586320353482648,0.0,-0.00015863203534826568,-8.673617379884035e-19,4,absorption
235,2,0.0,-0.00016202647210881521,0.0,-0.00016202647210881386,1.3552527156068805e-18,4,absorption
236,2,0.0,-0.0001654845710748626,0.0,-0.0001654845710748632,-5.963111948670274e-19,4,absorption
237,2,0.0,-0.00016900713555510007,0.0,-0.00016900713555509893,1.1384122811097797e-18,4,absorption
238,2,0.0,-0.00017259501540918285,0.0,-0.0001725950154091837,-8.402566836762659e-19,4,absorption
239,2,0.0,-0.00017624897355232572,0.0,-0.0001762489735523242,1.5178830414797062e-18,4,absorption
240,2,0.0,-0.00017996991106464347,0.0,-0.0001799699110646459,-2.439454888092385e-18,4,absorption
241,2,0.0,-0.0001837585316752384,0.0,-0.0001837585316752377,7.047314121155779e-19,4,absorption
242,2,0.0,-0.00018761574795233865,0.0,-0.0001876157479523393,-6.505213034913027e-19,4,absorption
243,2,0.0,-0.00019154226307775555,0.0,-0.00019154226307775343,2.1141942363467336e-18,4,absorption
244,2,0.0,-0.0001955389610388691,0.0,-0.00019553896103887032,-1.2197274440461925e-18,4,absorption
245,2,0.0,-0.0001996065188752581,0.0,-0.00019960651887525847,-3.7947076036992655e-19,4,absorption
246,2,0.0,-0.00020368885124503599,5.378755683528207e-06,-0.0001983100955615085,-7.318364664277155e-19,4,absorption
247,2,0.0,-0.0002071133024890034,6.951187942480576e-05,-0.0001376014230641976,2.710505431213761e-20,4,absorption
248,2,0.0,-0.0002081919443710037,0.00023581540057823937,2.7623456207236108e-05,4.336808689942018e-19,4,absorption
249,2,0.0,-0.0002049007934345783,0.0004900974473524253,0.00028519665391784667,-3.2526065174565133e-19,4,absorption
250,2,0.0,-0.00019601060449021655,0.0007661633131579031,0.0005701527086676862,-4.336808689942018e-19,4,absorption
251,2,0.0,-0.00018128231653321197,0.0010334142035722208,0.000852131887039009,2.168404344971009e-19,4,absorption
252,2,0.0,-0.00016079199290531103,0.0012920439442619188,0.001131251951356607,-6.505213034913027e-19,4,absorption
253,2,0.0,-0.00013461814663237313,0.0015418494346432282,0.0014072312880108566,1.5178830414797062e-18,4,absorption
254,2,0.0,-0.00010283925776783057,0.0017832522195132686,0.0016804129617454368,-1.3010426069826053e-18,4,absorption
255,2,0.0,-6.552920627100386e-05,0.002016538810137746,0.0019510096038667431,1.0842021724855044e-18,4,absorption
256,2,0.0,-2.2759347980045322e-05,0.0022418641256042966,0.002219104777624251,-4.336808689942018e-19,4,absorption
0,4,0.0,0.0,0.0,0.0,0.0,4,recovery
1,4,0.0,0.0,0.0,0.0,0.0,4,recovery
2,4,0.0,0.0,0.0,0.0,0.0,4,recovery
3,4,0.0,0.0,0.0,0.0,0.0,4,recovery
4,4,0.0,0.0,0.0,0.0,0.0,4,recovery
5,4,0.0,0.0,0.0,0.0,0.0,4,recovery
6,4,0.0,0.0,0.0,0.0,0.0,4,recovery
7,4,0.0,0.0,0.0,0.0,0.0,4,recovery
8,4,0.0,0.0,0.0,0.0,0.0,4,recovery
9,4,0.0,0.0,0.0,0.0,0.0,4,recovery
10,4,0.0,0.0,0.0,0.0,0.0,4,recovery
11,4,0.0,0.0,0.0,0.0,0.0,4,recovery
12,3,0.0,0.0,0.0,0.0,0.0,4,recovery
13,3,0.0,0.0,0.0,0.0,0.0,4,recovery
14,3,0.0,0.0,0.0,0.0,0.0,4,recovery
15,3,0.0,0.0,0.0,0.0,0.0,4,recovery
16,3,0.0,0.0,0.0,0.0,0.0,4,recovery
17,3,0.0,0.0,0.0,0.0,0.0,4,recovery
18,3,0.0,0.0,0.0,0.0,0.0,4,recovery
19,3,0.0,0.0,0.0,0.0,0.0,4,recovery
20,3,0.0,0.0,0.0,0.0,0.0,4,recovery
21,3,0.0,0.0,0.0,0.0,0.0,4,recovery
22,3,0.0,0.0,0.0,0.0,0.0,4,recovery
23,3,0.0,0.0,0.0,0.0,0.0,4,recovery
24,3,0.0,0.0,0.0,0.0,0.0,4,recovery
25,3,0.0,0.0,0.0,0.0,0.0,4,recovery
26,3,0.0,0.0,0.0,0.0,0.0,4,recovery
27,3,0.0,0.0,0.0,0.0,0.0,4,recovery
28,3,0.0,0.0,0.0,0.0,0.0,4,recovery
29,3,0.0,0.0,0.0,0.0,0.0,4,recovery
30,3,0.0,0.0,0.0,0.0,0.0,4,recovery
31,3,0.0,0.0,0.0,0.0,0.0,4,recovery
32,3,0.0,0.0,0.0,0.0,0.0,4,recovery
33,3,0.0,0.0,0.0,0.0,0.0,4,recovery
34,3,0.0,0.0,0.0,0.0,0.0,4,recovery
35,3,0.0,0.0,0.0,0.0,0.0,4,recovery
36,3,0.0,0.0,0.0,0.0,0.0,4,recovery
37,3,0.0,0.0,0.0,0.0,0.0,4,recovery
38,3,0.0,0.0,0.0,0.0,0.0,4,recovery
39,3,0.0,0.0,0.0,0.0,0.0,4,recovery
40,3,0.0,0.0,0.0,0.0,0.0,4,recovery
41,3,0.0,0.0,0.0,0.0,0.0,4,recovery
42,3,0.0,0.0,0.0,0.0,0.0,4,recovery
43,3,0.0,0.0,0.0,0.0,0.0,4,recovery
44,3,0.0,0.0,0.0,0.0,0.0,4,recovery
45,3,0.0,0.0,0.0,0.0,0.0,4,recovery
46,3,0.0,0.0,0.0,0.0,0.0,4,recovery
47,3,0.0,0.0,0.0,0.0,0.0,4,recovery
48,3,0.0,0.0,0.0,0.0,0.0,4,recovery
49,3,0.0,0.0,0.0,0.0,0.0,4,recovery
50,3,0.0,0.0,0.0,0.0,0.0,4,recovery
51,3,0.0,0.0,0.0,0.0,0.0,4,recovery
52,3,0.0,0.0,0.0,0.0,0.0,4,recovery
53,3,0.0,0.0,0.0,0.0,0.0,4,recovery
54,3,0.0,0.0,0.0,0.0,0.0,4,recovery
55,3,0.0,0.0,0.0,0.0,0.0,4,recovery
56,3,0.0,0.0,0.0,0.0,0.0,4,recovery
57,3,0.0,0.0,0.0,0.0,0.0,4,recovery
58,3,0.0,0.0,0.0,0.0,0.0,4,recovery
59,3,0.0,0.0,0.0,0.0,0.0,4,recovery
60,3,0.0,0.0,0.0,0.0,0.0,4,recovery
61,3,0.0,0.0,0.0,0.0,0.0,4,recovery
62,3,0.0,0.0,0.0,0.0,0.0,4,recovery
63,3,0.0,0.0,0.0,0.0,0.0,4,recovery
64,3,0.0,0.0,0.0,0.0,0.0,4,recovery
65,3,0.0,0.0,0.0,0.0,0.0,4,recovery
66,3,0.0,0.0,0.0,0.0,0.0,4,recovery
67,3,0.0,0.0,0.0,0.0,0.0,4,recovery
68,3,0.0,0.0,0.0,0.0,0.0,4,recovery
69,3,0.0,0.0,0.0,0.0,0.0,4,recovery
70,3,0.0,0.0,0.0,0.0,0.0,4,recovery
71,3,0.0,0.0,0.0,0.0,0.0,4,recovery
72,3,0.0,0.0,0.0,0.0,0.0,4,recovery
73,3,0.0,0.0,0.0,0.0,0.0,4,recovery
74,3,0.0,0.0,0.0,0.0,0.0,4,recovery
75,3,0.0,0.0,0.0,0.0,0.0,4,recovery
76,3,0.0,0.0,0.0,0.0,0.0,4,recovery
77,3,0.0,0.0,0.0,0.0,0.0,4,recovery
78,2,0.0,0.0,0.0,0.0,0.0,4,recovery
79,2,0.0,0.0,0.0,0.0,0.0,4,recovery
80,2,0.0,0.0,0.0,0.0,0.0,4,recovery
81,2,0.0,0.0,0.0,0.0,0.0,4,recovery
82,2,0.0,0.0,0.0,0.0,0.0,4,recovery
83,2,0.0,0.0,0.0,0.0,0.0,4,recovery
84,2,0.0,0.0,0.0,0.0,0.0,4,recovery
85,2,0.0,0.0,0.0,0.0,0.0,4,recovery
86,2,0.0,0.0,0.0,0.0,0.0,4,recovery
87,2,0.0,0.0,0.0,0.0,0.0,4,recovery
88,2,0.0,0.0,0.0,0.0,0.0,4,recovery
89,2,0.0,0.0,0.0,0.0,0.0,4,recovery
90,2,0.0,0.0,0.0,0.0,0.0,4,recovery
91,2,0.0,0.0,0.0,0.0,0.0,4,recovery
92,2,0.0,0.0,0.0,0.0,0.0,4,recovery
93,2,0.0,0.0,0.0,0.0,0.0,4,recovery
94,2,0.0,0.0,0.0,0.0,0.0,4,recovery
95,2,0.0,0.0,0.0,0.0,0.0,4,recovery
96,2,0.0,0.0,0.0,0.0,0.0,4,recovery
97,2,0.0,0.0,0.0,0.0,0.0,4,recovery
98,2,0.0,0.0,0.0,0.0,0.0,4,recovery
99,2,0.0,0.0,0.0,0.0,0.0,4,recovery
100,1,0.0,0.0,0.0,0.0,0.0,4,recovery
101,2,0.0,0.0,0.0,0.0,0.0,4,recovery
102,2,0.0,0.0,0.0,0.0,0.0,4,recovery
103,2,0.0,0.0,0.0,0.0,0.0,4,recovery
104,2,0.0,0.0,0.0,0.0,0.0,4,recovery
105,2,0.0,0.0,0.0,0.0,0.0,4,recovery
106,2,0.0,0.0,0.0,0.0,0.0,4,recovery
107,2,0.0,0.0,0.0,0.0,0.0,4,recovery
108,2,0.0,0.0,0.0,0.0,0.0,4,recovery
109,2,0.0,0.0,0.0,0.0,0.0,4,recovery
110,2,0.0,0.0,0.0,0.0,0.0,4,recovery
111,2,0.0,0.0,0.0,0.0,0.0,4,recovery
112,2,0.0,0.0,0.0,0.0,0.0,4,recovery
113,2,0.0,0.0,0.0,0.0,0.0,4,recovery
114,2,0.0,0.0,0.0,0.0,0.0,4,recovery
115,2,0.0,0.0,0.0,0.0,0.0,4,recovery
116,2,0.0,0.0,0.0,0.0,0.0,4,recovery
117,2,0.0,0.0,0.0,0.0,0.0,4,recovery
118,2,0.0,0.0,0.0,0.0,0.0,4,recovery
119,2,0.0,0.0,0.0,0.0,0.0,4,recovery
120,2,0.0,0.0,0.0,0.0,0.0,4,recovery
121,2,0.0,0.0,0.0,0.0,0.0,4,recovery
122,2,0.0,0.0,0.0,0.0,0.0,4,recovery
123,2,0.0,0.0,0.0,0.0,0.0,4,recovery
124,2,0.0,0.0,0.0,0.0,0.0,4,recovery
125,2,0.0,0.0,0.0,0.0,0.0,4,recovery
126,2,0.0,0.0,0.0,0.0,0.0,4,recovery
127,2,0.0,0.0,0.0,0.0,0.0,4,recovery
128,2,0.0,0.0,0.0,0.0,0.0,4,recovery
129,2,0.0,0.0,0.0,0.0,0.0,4,recovery
130,2,0.0,0.0,0.0,0.0,0.0,4,recovery
131,2,0.0,0.0,0.0,0.0,0.0,4,recovery
132,2,0.0,0.0,0.0,0.0,0.0,4,recovery
133,2,0.0,0.0,0.0,0.0,0.0,4,recovery
134,2,0.0,0.0,0.0,0.0,0.0,4,recovery
135,2,0.0,0.0,0.0,0.0,0.0,4,recovery
136,2,0.0,0.0,0.0,0.0,0.0,4,recovery
137,2,0.0,0.0,0.0,0.0,0.0,4,recovery
138,2,0.0,0.0,0.0,0.0,0.0,4,recovery
139,2,0.0,0.0,0.0,0.0,0.0,4,recovery
140,2,0.0,0.0,0.0,0.0,0.0,4,recovery
141,2,0.0,0.0,0.0,0.0,0.0,4,recovery
142,2,0.0,0.0,0.0,0.0,0.0,4,recovery
143,2,0.0,0.0,0.0,0.0,0.0,4,recovery
144,2,0.0,0.0,0.0,0.0,0.0,4,recovery
145,2,0.0,0.0,0.0,0.0,0.0,4,recovery
146,2,0.0,0.0,0.0,0.0,0.0,4,recovery
147,2,0.0,0.0,0.0,0.0,0.0,4,recovery
148,2,0.0,0.0,0.0,0.0,0.0,4,recovery
149,2,0.0,0.0,0.0,0.0,0.0,4,recovery
150,2,0.0,0.0,0.0,0.0,0.0,4,recovery
151,2,0.0,0.0,0.0,0.0,0.0,4,recovery
152,2,0.0,0.0,0.0,0.0,0.0,4,recovery
153,2,0.0,0.0,0.0,0.0,0.0,4,recovery
154,2,0.0,0.0,0.0,0.0,0.0,4,recovery
155,2,0.0,0.0,0.0,0.0,0.0,4,recovery
156,2,0.0,0.0,0.0,0.0,0.0,4,recovery
157,2,0.0,0.0,0.0,0.0,0.0,4,recovery
158,2,0.0,0.0,0.0,0.0,0.0,4,recovery
159,2,0.0,0.0,0.0,0.0,0.0,4,recovery
160,2,0.0,0.0,0.0,0.0,0.0,4,recovery
161,2,0.0,0.0,0.0,0.0,0.0,4,recovery
162,2,0.0,0.0,0.0,0.0,0.0,4,recovery
163,2,0.0,0.0,0.0,0.0,0.0,4,recovery
164,2,0.0,0.0,0.0,0.0,0.0,4,recovery
165,2,0.0,0.0,0.0,0.0,0.0,4,recovery
166,2,0.0,0.0,0.0,0.0,0.0,4,recovery
167,2,0.0,0.0,0.0,0.0,0.0,4,recovery
168,2,0.0,0.0,0.0,0.0,0.0,4,recovery
169,2,0.0,0.0,0.0,0.0,0.0,4,recovery
170,2,0.0,0.0,0.0,0.0,0.0,4,recovery
171,2,0.0,0.0,0.0,0.0,0.0,4,recovery
172,2,0.0,0.0,0.0,0.0,0.0,4,recovery
173,2,0.0,0.0,0.0,0.0,0.0,4,recovery
174,2,0.0,0.0,0.0,0.0,0.0,4,recovery
175,2,0.0,0.0,0.0,0.0,0.0,4,recovery
176,2,0.0,0.0,0.0,0.0,0.0,4,recovery
177,2,0.0,0.0,0.0,0.0,0.0,4,recovery
178,2,0.0,0.0,0.0,0.0,0.0,4,recovery
179,2,0.0,0.0,0.0,0.0,0.0,4,recovery
180,2,0.0,0.0,0.0,0.0,0.0,4,recovery
181,2,0.0,0.0,0.0,0.0,0.0,4,recovery
182,2,0.0,0.0,0.0,0.0,0.0,4,recovery
183,2,0.0,0.0,0.0,0.0,0.0,4,recovery
184,2,0.0,0.0,0.0,0.0,0.0,4,recovery
185,2,0.0,0.0,0.0,0.0,0.0,4,recovery
186,2,0.0,0.0,0.0,0.0,0.0,4,recovery
187,2,0.0,0.0,0.0,0.0,0.0,4,recovery
188,2,0.0,0.0,0.0,0.0,0.0,4,recovery
189,2,0.0,0.0,0.0,0.0,0.0,4,recovery
190,2,0.0,0.0,0.0,0.0,0.0,4,recovery
191,2,0.0,0.0,0.0,0.0,0.0,4,recovery
192,2,0.0,0.0,0.0,0.0,0.0,4,recovery
193,2,0.0,0.0,0.0,0.0,0.0,4,recovery
194,2,0.0,0.0,0.0,0.0,0.0,4,recovery
195,2,0.0,0.0,0.0,0.0,0.0,4,recovery
196,2,0.0,0.0,0.0,0.0,0.0,4,recovery
197,2,0.0,0.0,0.0,0.0,0.0,4,recovery
198,2,0.0,0.0,0.0,0.0,0.0,4,recovery
199,2,0.0,0.0,0.0,0.0,0.0,4,recovery
200,2,0.0,0.0,0.0,0.0,0.0,4,recovery
201,2,0.0,0.0,0.0,0.0,0.0,4,recovery
202,2,0.0,0.0,0.0,0.0,0.0,4,recovery
203,2,0.0,0.0,0.0,0.0,0.0,4,recovery
204,2,0.0,0.0,0.0,0.0,0.0,4,recovery
205,2,0.0,0.0,0.0,0.0,0.0,4,recovery
206,2,0.0,0.0,0.0,0.0,0.0,4,recovery
207,2,0.0,0.0,0.0,0.0,0.0,4,recovery
208,2,0.0,0.0,0.0,0.0,0.0,4,recovery
209,2,0.0,0.0,0.0,0.0,0.0,4,recovery
210,2,0.0,0.0,0.0,0.0,0.0,4,recovery
211,2,0.0,0.0,0.0,0.0,0.0,4,recovery
212,2,0.0,0.0,0.0,0.0,0.0,4,recovery
213,2,0.0,0.0,0.0,0.0,0.0,4,recovery
214,2,0.0,0.0,0.0,0.0,0.0,4,recovery
215,2,0.0,0.0,0.0,0.0,0.0,4,recovery
216,2,0.0,0.0,0.0,0.0,0.0,4,recovery
217,2,0.0,0.0,0.0,0.0,0.0,4,recovery
218,2,0.0,0.0,0.0,0.0,0.0,4,recovery
219,2,0.0,0.0,0.0,0.0,0.0,4,recovery
220,2,0.0,0.0,0.0,0.0,0.0,4,recovery
221,2,0.0,0.0,0.0,0.0,0.0,4,recovery
222,2,0.0,0.0,0.0,0.0,0.0,4,recovery
223,2,0.0,0.0,0.0,0.0,0.0,4,recovery
224,2,0.0,0.0,0.0,0.0,0.0,4,recovery
225,2,0.0,0.0,0.0,0.0,0.0,4,recovery
226,2,0.0,0.0,0.0,0.0,0.0,4,recovery
227,2,0.0,0.0,0.0,0.0,0.0,4,recovery
228,2,0.0,9.381173744715554e-08,1.3968057862684983e-05,1.4061869600132137e-05,-1.6940658945086007e-21,4,recovery
229,2,0.0,7.553368112490033e-07,8.522633367414777e-05,8.598167048539677e-05,-1.3552527156068805e-20,4,recovery
230,2,0.0,2.491501880750826e-06,0.00017482669049384602,0.00017731819237459681,-2.710505431213761e-20,4,recovery
231,2,0.0,5.4214008215082644e-06,0.00026080655229355934,0.0002662279531150676,0.0,4,recovery
232,2,0.0,9.529761799568228e-06,0.00034319154461726195,0.00035272130641683034,1.6263032587282567e-19,4,recovery
233,2,0.0,1.4801544909042197e-05,0.00042215816592644864,0.00043695971083549073,-1.0842021724855044e-19,4,recovery
234,2,0.0,2.1221901209534765e-05,0.0004977208632951178,0.0005189427645046524,-2.168404344971009e-19,4,recovery
235,2,0.0,2.8775799699438226e-05,0.0005700101342405701,0.0005987859339400086,2.168404344971009e-19,4,recovery
236,2,0.0,3.744887639121058e-05,0.0006391464824779772,0.0006765953588691877,-1.0842021724855044e-19,4,recovery
237,2,0.0,4.722674394296731e-05,0.0007051509877434493,0.0007523777316864174,8.673617379884035e-19,4,recovery
238,2,0.0,5.8095647487519335e-05,0.0007682343583471509,0.0008263300058346688,-1.4094628242311558e-18,4,recovery
239,2,0.0,7.004229000549805e-05,0.0008283951486881959,0.0008984374386936944,4.336808689942018e-19,4,recovery
240,2,0.0,8.305349113816493e-05,0.0008857871029325535,0.0009688405940707174,-9.75781955236954e-19,4,recovery
241,2,0.0,9.711715365924448e-05,0.000940538215393055,0.001037655369052302,2.3852447794681098e-18,4,recovery
242,2,0.0,0.00011222133817322317,0.0009926593872431916,0.0011048807254164144,-4.336808689942018e-19,4,recovery
243,2,0.0,0.00012835506166957274,0.001042396356987104,0.0011707514186566764,-4.336808689942018e-19,4,recovery
244,2,0.0,0.00014473082274317272,0.0009758114533649771,0.001120542276108149,-8.673617379884035e-19,4,recovery
245,2,0.0,0.0001589575767939567,0.0006755207023556744,0.0008344782791496318,7.589415207398531e-19,4,recovery
246,2,0.0,0.00016941483748380968,0.0003812053860190555,0.0005506202235028654,2.168404344971009e-19,4,recovery
247,2,0.0,0.00017647699183426994,0.00015189983517721947,0.00032837682701149055,1.1384122811097797e-18,4,recovery
248,2,0.0,0.00018124670559274832,2.944862696312347e-05,0.00021069533255586859,-3.198396408832238e-18,4,recovery
249,2,0.0,0.0001850641594356754,0.0,0.0001850641594356734,-2.0057740190981832e-18,4,recovery
250,2,0.0,0.00018875087885768344,0.0,0.00018875087885768596,2.520770051028798e-18,4,recovery
251,2,0.0,0.00019250602809953773,0.0,0.00019250602809953686,-8.673617379884035e-19,4,recovery
252,2,-2.946286477873029e-107,0.00019633065992265058,0.0,0.00019633065992265275,2.168404344971009e-18,4,recovery
253,2,-2.600114504101098e-102,0.0002002258739481178,0.0,0.00020022587394811532,-2.4665599424045226e-18,4,recovery
254,2,-2.1505148310540938e-98,0.00020419274301007392,0.0,0.00020419274301007595,2.032879073410321e-18,4,recovery
255,2,-4.770094598542227e-95,0.00020823238279719187,0.0,0.00020823238279719068,-1.1926223897340549e-18,4,recovery
256,2,-4.335184710435193e-92,0.0002123458284778728,0.0,0.00021234582847787405,1.2468324983583301e-18,4,recovery
0,3,-0.004153278722697384,0.00613073585305704,0.0018162961937924903,0.003793753324152216,7.025630077706069e-17,5,absorption
1,3,-0.0038739837077197553,0.005583524074126105,0.0018869181001106062,0.0035964584665169608,5.204170427930421e-18,5,absorption
2,3,-0.0036161460142220183,0.005085974288314747,0.0019557293610645418,0.0034255576351572836,1.3010426069826053e-17,5,absorption
3,3,-0.0033775940088435806,0.0046305273836444085,0.0020238653117954394,0.0032767986865962495,-1.7780915628762273e-17,5,absorption
4,3,-0.0031565821408064522,0.004210766934231289,0.002092186559365127,0.003146371352789945,-1.8648277366750676e-17,5,absorption
5,3,-0.002951618519367179,0.003822316869953218,0.002160074901888505,0.003030773252474528,-1.6046192152785466e-17,5,absorption
6,3,-0.0027613455217389356,0.00346099387162805,0.0022274220314494934,0.0029270703813386034,-4.336808689942018e-18,5,absorption
7,3,-0.0025844285962943136,0.003123426828279725,0.0022946715883263146,0.002833669820311746,1.9949319973733282e-17,5,absorption
8,3,-0.0024194462858405414,0.002805801249562483,0.0023610642792729433,0.0027474192429949307,4.597017211338539e-17,5,absorption
9,3,-0.0022648887296024232,0.0025050199206339326,0.002427358819011999,0.0026674900100434606,-4.7704895589362195e-17,5,absorption
10,3,-0.00211940166779921,0.00221935598179977,0.002493112365179678,0.002593066679180245,6.5052130349130266e-18,5,absorption
11,3,-0.0019820434387461732,0.0019473325193123182,0.0025584241907981317,0.002523713271364303,2.6020852139652106e-17,5,absorption
12,3,-0.0018520772976657303,0.001687919777485681,0.0026236198103296014,0.002459462290149539,-1.3010426069826053e-17,5,absorption
13,3,-0.0017289349530127632,0.001440187824844774,0.002688161249346264,0.0023994141211782227,-5.204170427930421e-17,5,absorption
14,3,-0.0016122978469490846,0.0012035812690027858,0.002752595112401779,0.002343878534455557,7.676151381197371e-17,5,absorption
15,3,-0.0015019120008047159,0.0009778608551196154,0.002816776688083761,0.0022927255423986215,-3.903127820947816e-17,5,absorption
16,3,-0.0013975564873716319,0.0007629881340794017,0.0029030042655749135,0.002268435912282707,2.3418766925686896e-17,5,absorption
17,3,-0.0012990415737328337,0.0005588244120879717,0.003003327982245868,0.0022631108206009887,-1.734723475976807e-17,5,absorption
18,3,-0.001206192701247009,0.00036524876763868215,0.0031010851790298248,0.0022601412454215097,1.214306433183765e-17,5,absorption
19,3,-0.0011188517723073202,0.00018195855639771644,0.0031967919089899034,0.0022598986930802978,-1.734723475976807e-18,5,absorption
20,3,-0.0010368992543779406,8.505341348583401e-06,0.0032901672549792062,0.0022617733419498243,-2.47198095326695e-17,5,absorption
21,3,-0.0009602468882039361,-0.00015549987076846587,0.003381247636162733,0.0022655008771904073,7.632783294297951e-17,5,absorption
22,3,-0.0008888209466473534,-0.0003104977029739559,0.003470138347626144,0.0022708196980047446,-8.977193988179977e-17,5,absorption
23,3,-0.0008225294870846393,-0.00045688780673730966,0.0035565229331237036,0.0022771056393017797,2.5153490401663703e-17,5,absorption
24,3,-0.0007612241815430522,-0.0005950484849741456,0.0036406747003715745,0.0022844020338543825,5.637851296924623e-18,5,absorption
25,3,-0.0007046697283733484,-0.0007253473078480691,0.0037223860449791864,0.002292369008757733,-3.599551212651875e-17,5,absorption
26,3,-0.0006525267170714969,-0.0008481360961117056,0.003801683388497473,0.002301020575314283,1.2576745200831851e-17,5,absorption
27,3,-0.0006044032253562962,-0.0009637307350238286,0.003878625486933231,0.0023104915265531045,-1.734723475976807e-18,5,absorption
28,3,-0.0005599463929915928,-0.0010724380018155145,0.003953014806781249,0.0023206304119741117,-2.992397996059992e-17,5,absorption
29,3,-0.000518825246366345,-0.0011745314156190651,0.004025013059568397,0.002331656397582982,-5.204170427930421e-18,5,absorption
30,3,-0.0004807412159085596,-0.0012702666577597734,0.004094470430820049,0.002343462557151732,1.6046192152785466e-17,5,absorption
31,3,-0.00044542931921643216,-0.0013599208742963536,0.004161375710747115,0.0023560255172343503,2.0816681711721685e-17,5,absorption
32,3,-0.0004126596119665856,-0.0014436954679119636,0.004225793656905119,0.002369438577026539,-3.0791341698588326e-17,5,absorption
33,3,-0.0003822378196125857,-0.0015218144123201548,0.004284363932380799,0.0023803117004481122,5.421010862427522e-17,5,absorption
34,3,-0.00035400079535380526,-0.0015945379724056617,0.004327904703377544,0.0023793659356180497,-2.7755575615628914e-17,5,absorption
35,3,-0.00032781853701893183,-0.0016621088608687875,0.004368324600178398,0.0023783972022906608,-1.8214596497756474e-17,5,absorption
36,3,-0.00030359470313101947,-0.0017247428430773707,0.0044069611260603835,0.002378623579852024,3.0357660829594124e-17,5,absorption
37,3,-0.00028125887370904017,-0.001782581584053432,0.0044438379653965986,0.002379997507634124,-2.6020852139652106e-18,5,absorption
38,3,-0.00026075346975177,-0.0018357865954082616,0.004478875490391275,0.0023823354252312523,9.107298248878237e-18,5,absorption
39,3,-0.00024201781276445965,-0.0018845113345934451,0.0045121533521455745,0.002385624204787662,-7.806255641895632e-18,5,absorption
40,3,-0.00022497014782044554,-0.0019289204911246442,0.0045436088123231265,0.0023897181733780193,-1.734723475976807e-17,5,absorption
41,3,-0.0002094917593510895,-0.0019692283646842207,0.004573263694840509,0.0023945435708052076,8.673617379884035e-18,5,absorption
42,3,-0.00019543651189690692,-0.002005597605735062,0.004601136872742114,0.002400102755110156,1.0842021724855044e-17,5,absorption
43,3,-0.00018266777592301122,-0.0020382184609951523,0.00462718024298118,0.002406294006062959,-5.767955557622884e-17,5,absorption
44,3,-0.00017104614477101137,-0.002067275500155254,0.004651451004354078,0.00241312935942789,7.762887554996212e-17,5,absorption
45,3,-0.00016043102079018812,-0.002092963255897824,0.004673911265066341,0.0024205169883783073,-2.1250362580715887e-17,5,absorption
46,3,-0.00015068868636384093,-0.0021155166464773586,0.004694582209497445,0.002428376876656202,-4.336808689942018e-17,5,absorption
47,3,-0.00014169734038040375,-0.0021351168079929836,0.00471348082939691,0.002436666681023547,2.47198095326695e-17,5,absorption
48,3,-0.00013335094604430083,-0.0021519638467743843,0.004730581923972755,0.002445267131154061,-9.107298248878237e-18,5,absorption
49,3,-0.00012556133655369732,-0.0021662435066731687,0.004745921711516131,0.00245411686828928,1.5178830414797062e-17,5,absorption
50,3,-0.00011825862588085174,-0.0021781446106291028,0.004759073810148889,0.0024626705736389143,-1.9949319973733282e-17,5,absorption
51,3,-0.00011139029372393556,-0.002188031653642823,0.004744480044169384,0.002445058096802677,5.160802341031001e-17,5,absorption
52,3,-0.00010491907137791693,-0.0021963112147597055,0.004713472451001033,0.0024122421648634096,-1.3010426069826053e-18,5,absorption
53,3,-9.882041313179709e-05,-0.0022032425747008024,0.00468318604103232,0.0023811230531997074,-1.3010426069826053e-17,5,absorption
54,3,-9.30801396719227e-05,-0.0022089689023037148,0.004653606608342508,0.0023515575663668464,-2.3852447794681098e-17,5,absorption
55,3,-8.769278345492625e-05,-0.00221362859136264,0.004624742770888224,0.0023234213960706684,1.0408340855860843e-17,5,absorption
56,3,-8.266166664865495e-05,-0.0022173691149642532,0.00459663642437011,0.002296605642757188,-1.3444106938820255e-17,5,absorption
57,3,-7.799823868600477e-05,-0.0022202971187357183,0.004569301966592468,0.0022710066091707337,-1.1275702593849246e-17,5,absorption
58,3,-7.371581636990638e-05,-0.002222520861453087,0.004542734548374609,0.0022464978705516447,2.905661822261152e-17,5,absorption
59,3,-6.982552783527678e-05,-0.0022241319390846094,0.0045168951048995595,0.0022229376379796773,3.903127820947816e-18,5,absorption
60,3,-6.633189179214722e-05,-0.0022252151180780434,0.004491819480671037,0.0022002724708008736,2.7321894746634712e-17,5,absorption
61,3,-6.322888966176529e-05,-0.0022258551452079673,0.004467534672852026,0.002178450637982221,-7.28583859910259e-17,5,absorption
62,3,-6.0498883225018014e-05,-0.002226109917144642,0.004444048768858462,0.002157439968488828,2.5587171270657905e-17,5,absorption
63,3,-5.8121676386527375e-05,-0.002226034773858951,0.004421356513554633,0.0021372000633091692,1.431146867680866e-17,5,absorption
64,3,-5.6074865810629496e-05,-0.0022256738042826236,0.004399472820648166,0.0021177241505548894,-2.3852447794681098e-17,5,absorption
65,3,-5.4330647607380255e-05,-0.002225065590036418,0.00437839094863118,0.002098994710987373,-8.673617379884035e-18,5,absorption
66,3,-5.285813136363538e-05,-0.002224245897382013,0.00435811684822418,0.0020810128194785615,3.0357660829594124e-17,5,absorption
67,3,-5.162468280664566e-05,-0.0022232367396903398,0.004338653175166919,0.002063791752669908,-2.5587171270657905e-17,5,absorption
68,3,-5.059718900249772e-05,-0.0022220622276064262,0.004319109445994786,0.002046450029385888,2.5587171270657905e-17,5,absorption
69,3,-4.974320641152656e-05,-0.0022207615952342277,0.0042972111075046445,0.002026706305858883,-7.37257477290143e-18,5,absorption
70,3,-4.9031952611663555e-05,-0.0022193653937331494,0.004276276975674641,0.002007879629329856,2.862293735361732e-17,5,absorption
71,3,-4.843507356246078e-05,-0.002217878524979284,0.004256624266425233,0.0019903106678834104,-7.806255641895632e-17,5,absorption
72,3,-4.7927197605745694e-05,-0.0022162980750871503,0.004238242845735662,0.0019740175730428022,3.642919299551295e-17,5,absorption
73,3,-4.7486262405472296e-05,-0.002214617639086581,0.004221114957277865,0.0019590110557857754,-3.686287386450715e-17,5,absorption
74,3,-4.709362452495108e-05,-0.002212828392146215,0.004205233388157442,0.001945311371486319,4.2934406030425976e-17,5,absorption
75,3,-4.6733969028858404e-05,-0.002210919539793893,0.004190578007921809,0.0019329244990990702,1.214306433183765e-17,5,absorption
76,3,-4.639506463317538e-05,-0.002208878097140119,0.004177135883169871,0.0019218627213965778,1.3010426069826053e-18,5,absorption
77,3,-4.606733101943855e-05,-0.0022066893605248872,0.0041648913198030005,0.001912134628258677,2.6020852139652106e-18,5,absorption
78,3,-4.57433005753676e-05,-0.002204336224867811,0.004153822569469576,0.001903743044026407,9.107298248878237e-18,5,absorption
79,3,-4.541693957328729e-05,-0.002201801488227388,0.004143916360503175,0.0018966979327025013,1.3010426069826053e-18,5,absorption
80,3,-4.508272059003607e-05,-0.002199067362663786,0.004135148542133124,0.0018909984588793283,2.6454533008646308e-17,5,absorption
81,3,-4.473453728997165e-05,-0.002196115070024799,0.004127501285673223,0.0018866516783584142,-3.859759734048396e-17,5,absorption
82,3,-4.436420768341121e-05,-0.0021929256334111964,0.004120954074236668,0.0018836642331420683,8.239936510889834e-18,5,absorption
83,3,-4.396203940428048e-05,-0.0021894776691656886,0.004115481418179936,0.001882041709609955,-1.1709383462843448e-17,5,absorption
84,3,-4.351809805422788e-05,-0.002185750449980524,0.004111065250079354,0.001881796702044608,6.071532165918825e-18,5,absorption
85,3,-4.3022729049930895e-05,-0.002181718796931798,0.004108195996058068,0.0018834544700763456,6.5052130349130266e-18,5,absorption
86,2,-4.246911184630654e-05,-0.002177165699684714,0.004131020015822601,0.0019113852042915436,-3.729655473350135e-17,5,absorption
87,2,-4.184792941978104e-05,-0.0021718335386719453,0.004167066853835345,0.001953385385743661,4.2500725161431774e-17,5,absorption
88,2,-4.115818849192057e-05,-0.002165593945969724,0.004201759676870089,0.001995007542408417,-2.7321894746634712e-17,5,absorption
89,2,-4.04035554418904e-05,-0.002158436956408982,0.004235093483282602,0.0020362529714317568,2.7321894746634712e-17,5,absorption
90,2,-3.959665544671777e-05,-0.002150353473398164,0.004267055492695864,0.002077105363850945,-3.729655473350135e-17,5,absorption
91,2,-3.876282708990358e-05,-0.0021413345517586726,0.004297641434664703,0.0021175440558161285,1.3010426069826053e-18,5,absorption
92,2,-3.7943742701163346e-05,-0.002131372958377639,0.00432684529249055,0.002157528591411745,-3.0357660829594124e-18,5,absorption
93,2,-3.71970753070587e-05,-0.002120462222090649,0.004354659454609551,0.0021970001572118314,-1.1709383462843448e-17,5,absorption
94,2,-3.6570694919663226e-05,-0.002108596916015608,0.00438108478502113,0.0022359171740858608,1.734723475976807e-18,5,absorption
95,2,-3.607334985536888e-05,-0.0020957696535471525,0.004406113906035932,0.0022742709026334074,-3.0357660829594124e-18,5,absorption
96,2,-3.5700786439794946e-05,-0.0020819725189332567,0.004429748690797819,0.002312075385424772,4.7704895589362195e-18,5,absorption
97,2,-3.542829892538821e-05,-0.0020672007805016537,0.004451988477608035,0.0023493593981810112,1.7780915628762273e-17,5,absorption
98,2,-3.523413479621322e-05,-0.0020514481617069777,0.0044728314952468436,0.0023861491987436645,1.1709383462843448e-17,5,absorption
99,2,-2.145750269636166e-05,-0.001245131261553499,0.0027328475566498157,0.0014662587923999493,-5.854691731421724e-18,5,absorption
100,1,-1.364720410051411e-05,-0.0007897758267661239,0.0017410314177684952,0.0009376083869018503,-6.830473686658678e-18,5,absorption
101,2,-3.5022002377465674e-05,-0.0020172593537882335,0.004510415292854859,0.002458133936689172,1.2576745200831851e-17,5,absorption
102,2,-3.497508110879417e-05,-0.0019985410274896698,0.0045270917375445485,0.0024935756289460875,3.0357660829594124e-18,5,absorption
103,2,-3.495081136502011e-05,-0.0019788230465659627,0.004542388275201131,0.0025286144172701197,-2.8189256484623115e-17,5,absorption
104,2,-3.4939177429065755e-05,-0.0019580521012392874,0.004562678424371344,0.0025696871457029924,1.3010426069826053e-18,5,absorption
105,2,-3.493195769249019e-05,-0.0019360283572672074,0.00460078809720163,0.002629827782241939,6.5052130349130266e-18,5,absorption
106,2,-3.49221911951554e-05,-0.0019125948631308317,0.0046371983863571975,0.002689681332031235,2.47198095326695e-17,5,absorption
107,2,-3.4903258979954006e-05,-0.0018877499242797354,0.004670466319738556,0.002747813136478844,-2.2551405187698492e-17,5,absorption
108,2,-3.486747546563754e-05,-0.0018615039474565043,0.00470062589431044,0.0028042544713882955,-2.6020852139652106e-18,5,absorption
109,2,-3.480371140192294e-05,-0.0018338668631499226,0.004727712289346609,0.0028590417147947855,2.168404344971009e-17,5,absorption
110,2,-3.469694746431771e-05,-0.0018048492743321862,0.00475176961894452,0.0029122233971480005,-1.5612511283791264e-17,5,absorption
111,2,-3.452929306063329e-05,-0.0017803556547653161,0.004013880323203579,0.002198995375377627,-3.0357660829594124e-18,5,absorption
112,2,-3.428003487311848e-05,-0.0017606452624089825,0.0040277916123456275,0.002232866315063531,4.336808689942018e-18,5,absorption
113,2,-3.3925845839636665e-05,-0.0017400103949837891,0.004038577988159048,0.0022646417473356217,-8.673617379884035e-19,5,absorption
114,2,-3.344124186181445e-05,-0.0017184750701658268,0.0040462869339547534,0.0022943706219271387,2.6454533008646308e-17,5,absorption
115,2,-3.279920483187074e-05,-0.0016960638814958805,0.004050973887680363,0.00232211080135257,-4.163336342344337e-17,5,absorption
116,2,-3.1972042843990764e-05,-0.0016728011976594685,0.004052684651075282,0.0023479114105718624,3.946495907847236e-17,5,absorption
117,2,-3.0932635068095965e-05,-0.0016487112746356425,0.004051478180209777,0.0023718342705060375,-8.673617379884035e-19,5,absorption
118,2,-2.9656073734789252e-05,-0.0016238186563536225,0.004047406943576309,0.0023939322134878815,-1.5612511283791264e-17,5,absorption
119,2,-2.812186353292126e-05,-0.0015981473031756526,0.00404052558372198,0.0024142564170133857,-2.0816681711721685e-17,5,absorption
120,2,-2.6316901365149312e-05,-0.0015717215927141762,0.00403089616829333,0.0024328576742140146,1.0408340855860843e-17,5,absorption
121,2,-2.4239510127307603e-05,-0.001544569428721831,0.004018106286676534,0.002449297347827381,-1.3877787807814457e-17,5,absorption
122,2,-2.1904928389112622e-05,-0.0015168434726748623,0.003987270610432792,0.0024485222093688364,1.9081958235744878e-17,5,absorption
123,2,-1.9352650203457163e-05,-0.0014887494355636669,0.003947548743663128,0.0024394466578959995,-4.336808689942018e-18,5,absorption
124,2,-1.665560198086174e-05,-0.001460362108507098,0.003906809806627789,0.0024297920961398184,-1.0408340855860843e-17,5,absorption
125,2,-1.3929512556221782e-05,-0.0014316959697726513,0.0038650979337407024,0.0024194724514118443,1.474514954580286e-17,5,absorption
126,2,-1.1335798771987882e-05,-0.0014027670617266512,0.003822446270909099,0.002408343410410463,2.6020852139652106e-18,5,absorption
127,2,-9.052824225990777e-06,-0.001373593820557834,0.003778900260562674,0.0023962536157788594,1.0408340855860843e-17,5,absorption
128,2,-7.147160895784978e-06,-0.001344196787099581,0.003734496000378008,0.0023831520523826255,-1.6479873021779667e-17,5,absorption
129,2,-5.598218055772816e-06,-0.0013145961940425306,0.0036892720659132084,0.002369077653814902,-2.6020852139652106e-18,5,absorption
130,2,-4.355068068791752e-06,-0.0012848121377013865,0.003643271651490059,0.0023541044457198873,6.5052130349130266e-18,5,absorption
131,2,-3.3489639041329833e-06,-0.0012548634337810382,0.0035965271143271076,0.0023383147166419482,1.1709383462843448e-17,5,absorption
132,2,-2.557005960880447e-06,-0.0012247681820566907,0.0035490831599610463,0.002321757971943464,-1.1275702593849246e-17,5,absorption
133,2,-1.9404871295897303e-06,-0.0011945441660805639,0.003500974411115173,0.0023044897579050233,3.469446951953614e-18,5,absorption
134,2,-1.459098161017782e-06,-0.0011642080696803617,0.0034522387258055956,0.0022865715579642176,1.734723475976807e-18,5,absorption
135,2,-1.0871248201731123e-06,-0.0011337762546934267,0.003402917683961476,0.002268054304447875,-8.673617379884035e-19,5,absorption
136,2,-8.026363592528993e-07,-0.00110326436175334,0.003353042610759703,0.0022489756126471,-9.974659986866641e-18,5,absorption
137,2,-5.872487500752552e-07,-0.0010727896502802743,0.0032905809845587136,0.0022172040855283626,-1.734723475976807e-18,5,absorption
138,2,-4.2579911818758137e-07,-0.0010423630095358978,0.003240575064373386,0.0021977862557193,-4.336808689942018e-19,5,absorption
139,2,-3.059700092684209e-07,-0.0010119705073745734,0.0031808138417400195,0.0021685373643561823,4.336808689942018e-18,5,absorption
140,2,-2.1789796061105494e-07,-0.000981929105301627,0.0030947043553554146,0.002112557352093182,5.637851296924623e-18,5,absorption
141,2,-1.537918412980124e-07,-0.0009524773245244923,0.003009214530363358,0.0020565834139975522,-1.5612511283791264e-17,5,absorption
142,2,-1.0757759783612865e-07,-0.0009236145660472077,0.0029260602592800144,0.00200233811563498,9.540979117872439e-18,5,absorption
143,2,-7.457932804026807e-08,-0.0008953254306434597,0.0028452045199421887,0.0019498045099706832,-5.637851296924623e-18,5,absorption
144,2,-5.1241278937150614e-08,-0.0008675938888747978,0.002766629806969793,0.0018989846768160679,9.75781955236954e-18,5,absorption
145,2,-3.489155331384573e-08,-0.0008404033950166116,0.002690335259121588,0.001849896972551661,-1.734723475976807e-18,5,absorption
146,2,-2.354565121160136e-08,-0.0008137363572890603,0.0026163237230193565,0.001802563820079088,3.469446951953614e-18,5,absorption
147,2,-1.5746340348408735e-08,-0.0007875749799836275,0.0025445168661141,0.001756926139790116,-8.023096076392733e-18,5,absorption
148,2,-1.043549016373943e-08,-0.0007621246534764926,0.0024492726731313976,0.0016871375841647496,8.239936510889834e-18,5,absorption
149,2,-6.853200584846984e-09,-0.0007382742840351378,0.002278704165231486,0.0015404230279957576,-5.637851296924623e-18,5,absorption
150,2,-4.459660721009456e-09,-0.0007157872229514915,0.002216613055553806,0.0015008213729416006,7.15573433840433e-18,5,absorption
151,2,-2.8755157407652637e-09,-0.0006937351663764352,0.0021566775753524142,0.0014629395334602377,-4.336808689942018e-19,5,absorption
152,2,-1.8370050001452849e-09,-0.0006720949445389803,0.002099161405974795,0.0014270646244308113,-3.2526065174565133e-18,5,absorption
153,2,-1.1626742073114552e-09,-0.0006512011085021061,0.0020031229685130067,0.0013519206973366948,1.5178830414797062e-18,5,absorption
154,2,-7.290018280792454e-10,-0.0006310265713446448,0.0019516610754692011,0.0013206337751227246,-3.686287386450715e-18,5,absorption
155,2,-4.5278198225138844e-10,-0.000611180486264769,0.001902449166664339,0.0012912682276175827,-5.204170427930421e-18,5,absorption
156,2,-2.7855048320851986e-10,-0.0005916402389262179,0.0018550175617672378,0.0012633770442905465,9.974659986866641e-18,5,absorption
157,2,-1.6972057187400478e-10,-0.000572479342606469,0.0017989324995193912,0.0012264529871923446,-5.637851296924623e-18,5,absorption
158,2,-1.0240933443163639e-10,-0.0005538046921809834,0.0017411435557252981,0.0011873387611349914,1.1275702593849246e-17,5,absorption
159,2,-6.118921584697282e-11,-0.0005356222131008058,0.0016863286330732032,0.0011507063587831712,-1.0408340855860843e-17,5,absorption
160,2,-3.6198732115837785e-11,-0.0005178968023745543,0.0016343910434917911,0.0011164942049185118,7.15573433840433e-18,5,absorption
161,2,-2.1200435021124465e-11,-0.0005005933788240367,0.0015852787350358827,0.0010846853350114094,-1.5178830414797062e-18,5,absorption
162,2,-1.2290677722483112e-11,-0.0004836771514143672,0.001538868085963595,0.0010551909222585448,-5.204170427930421e-18,5,absorption
163,2,-7.052288129154908e-12,-0.0004671137255511901,0.001495111176938992,0.001027997444335519,5.204170427930421e-18,5,absorption
164,2,-4.004493964194464e-12,-0.00045086879149098494,0.0014539078575409906,0.0010030390620455118,0.0,5,absorption
165,2,-2.2499115706221468e-12,-0.00043490865437260907,0.0014151697148299999,0.0009802610582074801,8.673617379884035e-19,5,absorption
166,2,-1.2505953157468651e-12,-0.0004234990934182881,0.0009047583064026473,0.00048125921173376024,-3.577867169202165e-18,5,absorption
167,2,-6.875929267257009e-13,-0.00041658225094073887,0.0008874295069030399,0.00047084725527470755,-4.87890977618477e-19,5,absorption
168,2,-3.7388257479916933e-13,-0.00040976519992762077,0.0008723525711439604,0.0004625873708424613,4.228388472693467e-18,5,absorption
169,2,-2.010251319052149e-13,-0.0004030118222111815,0.0008594137372150147,0.00045640191480280853,4.87890977618477e-19,5,absorption
170,2,-1.0685499893883681e-13,-0.0003962869237728732,0.0008485103309424132,0.00045222340706268377,-1.2468324983583301e-18,5,absorption
171,2,-5.6141310332425094e-14,-0.0003895560287934366,0.0008395468429113133,0.0004499908140617355,1.0842021724855044e-19,5,absorption
172,2,-2.914895155381787e-14,-0.0003829158293852447,0.000818209042797752,0.0004352932133833559,-2.439454888092385e-18,5,absorption
173,2,-1.495274565918264e-14,-0.00037631825013324414,0.0008148972282254268,0.0004385789780772288,-1.1384122811097797e-18,5,absorption
174,2,-7.576641271242763e-15,-0.0003695868198975897,0.0008129498349254045,0.0004433630150202407,2.4936649967166602e-18,5,absorption
175,2,-3.791276431159913e-15,-0.00036271507841586484,0.0008100992480560463,0.00044738416963639033,1.6263032587282567e-19,5,absorption
176,2,-1.8729969965397524e-15,-0.00035572240615594736,0.0008057890371103141,0.0004500666309524941,3.7947076036992655e-19,5,absorption
177,2,-9.133055581865352e-16,-0.00034863288459528264,0.0008001132406033856,0.00045148035600718964,0.0,5,absorption
178,2,-4.3944168443032507e-16,-0.0003415707364116299,0.0007822494533666155,0.0004406787169545408,-5.366800753803247e-18,5,absorption
179,2,-2.0857643027045813e-16,-0.0003345636248252479,0.0007738136290604599,0.00043925000423500685,3.469446951953614e-18,5,absorption
180,2,-9.762799695426337e-17,-0.0003275390807723021,0.0007640043481033445,0.00043646526733094604,1.2468324983583301e-18,5,absorption
181,2,-4.504932949419952e-17,-0.0003205224591182453,0.0007529151689143923,0.0004323927097960971,-4.824699667560495e-18,5,absorption
182,2,-2.0486116837723633e-17,-0.00031353813919355884,0.0007406309950405089,0.00042709285584693196,2.3852447794681098e-18,5,absorption
183,2,-9.177690299932646e-18,-0.00030732746489177913,0.0006503987027580069,0.0003430712378662201,1.5178830414797062e-18,5,absorption
184,2,-4.048990445941017e-18,-0.00030172549944216,0.0006581435068166736,0.00035641800737450796,-1.5720931501039814e-18,5,absorption
185,2,-1.758443741975015e-18,-0.000295828173696188,0.0006660153447784999,0.00037018717108230903,-1.0842021724855044e-18,5,absorption
186,2,-7.514471620698208e-19,-0.0002897543161231355,0.0006603721519508384,0.00037061783582770236,2.168404344971009e-19,5,absorption
187,2,-3.158399591078504e-19,-0.00028352773579094586,0.000665343584580163,0.0003818158487892201,3.2526065174565133e-18,5,absorption
188,2,-1.3050727036563687e-19,-0.00027727985691689374,0.0006453922124956788,0.00036811235557878026,-4.662069341687669e-18,5,absorption
189,2,-5.2989640197437195e-20,-0.0002710160642974032,0.0006498743227603484,0.00037885825846295,4.7704895589362195e-18,5,absorption
190,2,-2.113070839309878e-20,-0.0002645858250452139,0.0006458922158701069,0.00038130639082488947,-3.469446951953614e-18,5,absorption
191,2,-8.271226849916418e-21,-0.000258534794114701,0.000592274078073837,0.0003337392839591353,-6.505213034913027e-19,5,absorption
192,2,-3.1762266680615354e-21,-0.0002544794647374403,0.0004185589740464544,0.00016407950930901784,3.74049749507499e-18,5,absorption
193,2,-1.1958524665075683e-21,-0.00025210192599034014,0.00040404706510450354,0.00015194513911416171,-1.6805133673525319e-18,5,absorption
194,2,-4.411559310758996e-22,-0.00024992628076010053,0.00039021015918764776,0.00014028387842754744,2.168404344971009e-19,5,absorption
195,2,-1.5935391061574501e-22,-0.00024794522661842434,0.00037705481588628294,0.0001291095892678555,-3.0899761915836876e-18,5,absorption
196,2,-5.632221118800828e-23,-0.00024615106615887754,0.0003645895948553233,0.00011843852869644796,2.168404344971009e-18,5,absorption
197,2,-1.9463213992548646e-23,-0.0002445357616240778,0.00035281160230030964,0.00010827584067623318,1.3552527156068805e-18,5,absorption
198,2,-6.570804821271078e-24,-0.00024309096112463288,0.00034172476930314203,9.863380817850577e-05,-3.3881317890172014e-18,5,absorption
199,2,-2.1653148663245075e-24,-0.00024180303241289254,0.000331855677360808,9.005264494791991e-05,4.445228907190568e-18,5,absorption
200,2,-6.958691672044647e-25,-0.00024065872725330444,0.0003225994063664816,8.194067911317625e-05,-9.215718466126788e-19,5,absorption
201,2,-2.178802822700612e-25,-0.00023965014305896048,0.00031395543246074764,7.430528940178573e-05,-1.4365678785432934e-18,5,absorption
202,2,-6.639627695529545e-26,-0.00023876918299578427,0.0003059220264800625,6.71528434842781e-05,-1.0842021724855044e-19,5,absorption
203,2,-1.9670981422813502e-26,-0.00023800763107166534,0.00029849082543998557,6.0483194368320115e-05,-1.0842021724855044e-19,5,absorption
204,2,-5.6591656047968345e-27,-0.00023735711573115838,0.00029165877866680983,5.430166293565221e-05,7.589415207398531e-19,5,absorption
205,2,-1.5789696220910183e-27,-0.00023680917619682348,0.0002854158836090401,4.8606707412216996e-05,3.5236570605778894e-19,5,absorption
206,2,-4.266785750233257e-28,-0.0002363553031682351,0.0002797478909498973,4.339258778166162e-05,-5.963111948670274e-19,5,absorption
207,2,-1.1150645534903197e-28,-0.0002359869708961242,0.00027465130569564924,3.866433479952566e-05,6.2341624917916505e-19,5,absorption
208,2,-2.813771866428106e-29,-0.00023569565383015174,0.00027009994248782036,3.4404288657670715e-05,2.087089182034596e-18,5,absorption
209,2,-6.844331138841158e-30,-0.0002354544421930391,0.00026806256306234356,3.260812086930062e-05,-3.848917712323541e-18,5,absorption
210,2,-1.6018801680380856e-30,-0.00023520451502059662,0.0002699219498918115,3.471743487121551e-05,6.505213034913027e-19,5,absorption
211,2,-3.6001686697773727e-31,-0.00023490588525425807,0.0002721333817594986,3.7227496505243957e-05,3.415236843329339e-18,5,absorption
212,2,-7.753038899690937e-32,-0.00023455159530023445,0.0002745951826847986,4.004358738456115e-05,-2.9815559743351372e-18,5,absorption
213,2,-1.596086607276905e-32,-0.00023413591470694507,0.00027726370999361114,4.3127795286666826e-05,7.589415207398531e-19,5,absorption
214,2,-3.1330090568093864e-33,-0.00023365339378529876,0.0002801375358145524,4.6484142029252357e-05,-1.3010426069826053e-18,5,absorption
215,2,-5.847457552457507e-34,-0.00023309879607426326,0.00028318841915189426,5.008962307763258e-05,1.5720931501039814e-18,5,absorption
216,2,-1.034504431613495e-34,-0.00023246734309933208,0.0002863809276342133,5.391358453487802e-05,-3.198396408832238e-18,5,absorption
217,2,-1.7289427589147478e-35,-0.00023175450713173301,0.0002897197941954569,5.796528706372532e-05,1.4094628242311558e-18,5,absorption
218,2,-2.7194362520495295e-36,-0.00023095618062540031,0.00029314402664151176,6.218784601611134e-05,-1.0842021724855044e-19,5,absorption
219,2,-4.008802992445892e-37,-0.00023006871417874215,0.00029666049839834887,6.659178421960718e-05,4.607859233063394e-19,5,absorption
220,2,-5.512748474300894e-38,-0.0002290887005778411,0.00030023310258184076,7.114440200399995e-05,2.710505431213761e-19,5,absorption
221,2,-7.035225186656704e-39,-0.0002280133724530369,0.00030381909800573145,7.580572555269428e-05,-2.710505431213761e-19,5,absorption
222,2,-8.283241649396023e-40,-0.0002268402960554152,0.00030743293005970943,8.059263400429437e-05,1.3552527156068805e-19,5,absorption
223,2,-8.938363230509597e-41,-0.00022556752196787965,0.00031099485485903337,8.542733289115291e-05,-8.131516293641283e-19,5,absorption
224,2,-8.773594201563635e-42,-0.00022419375218470585,0.00031452481479416936,9.033106260946527e-05,1.7618285302889447e-18,5,absorption
225,2,-7.766226919791387e-43,-0.00022271784638960997,0.0003179782714173119,9.526042502770032e-05,-1.6263032587282567e-18,5,absorption
226,2,-6.138053156950211e-44,-0.00022120033238917397,0.00031504722058794694,9.384688819877307e-05,1.0842021724855044e-19,5,absorption
227,2,-4.2816229621880153e-45,-0.00022079178597377887,0.00019981846319917128,-2.0973322774607908e-05,-3.2526065174565133e-19,5,absorption
228,2,-2.60037842236859e-46,-0.00022288680630395502,5.569335579003855e-05,-0.0001671934505139156,8.673617379884035e-19,5,absorption
229,2,-1.3530227109304418e-47,-0.00022695447401526353,0.0,-0.00022695447401526424,-7.047314121155779e-19,5,absorption
230,2,-5.915499712455967e-49,-0.00023163860650574043,0.0,-0.00023163860650573902,1.4094628242311558e-18,5,absorption
231,2,-2.1224042651079208e-50,-0.0002364188024874739,0.0,-0.00023641880248747443,-5.421010862427522e-19,5,absorption
232,2,-6.068499144283121e-52,-0.00024129676927512705,0.0,-0.00024129676927512993,-2.8731357570865868e-18,5,absorption
233,2,-1.3323745740664675e-53,-0.0002462741806440335,0.0,-0.00024627418064403217,1.3552527156068805e-18,5,absorption
234,2,-2.1404893547723612e-55,-0.00025135274524153476,0.0,-0.000251352745241535,-2.168404344971009e-19,5,absorption
235,2,-2.358410862083726e-57,-0.00025653418163101523,0.0,-0.00025653418163101675,-1.5178830414797062e-18,5,absorption
236,2,-1.6275899261114248e-59,-0.00026182020951264395,0.0,-0.0002618202095126393,4.662069341687669e-18,5,absorption
237,2,-6.148044336108424e-62,-0.00026721258203819213,0.0,-0.00026721258203819473,-2.6020852139652106e-18,5,absorption
238,2,-1.0216208258364188e-64,-0.0002727130311477318,0.0,-0.0002727130311477345,-2.710505431213761e-18,5,absorption
239,2,-4.962857869859976e-68,-0.0002783233469038331,0.0,-0.00027832334690383424,-1.1384122811097797e-18,5,absorption
240,2,-2.5200919626364587e-72,-0.00028404525124334066,0.0,-0.0002840452512433405,1.6263032587282567e-19,5,absorption
241,2,0.0,-0.00028988058391136464,0.0,-0.000289880583911363,1.6263032587282567e-18,5,absorption
242,2,0.0,-0.00029583105568497826,0.0,-0.0002958310556849808,-2.5478751053409354e-18,5,absorption
243,2,0.0,-0.0003018985346521461,0.0,-0.00030189853465214384,2.2768245622195593e-18,5,absorption
244,2,0.0,-0.00030808472170835944,0.0,-0.0003080847217083599,-4.336808689942018e-19,5,absorption
245,2,0.0,-0.0003143915278168511,0.0,-0.0003143915278168499,1.1926223897340549e-18,5,absorption
246,2,0.0,-0.0003207428549273352,7.818995592240555e-06,-0.0003129238593350958,-1.1926223897340549e-18,5,absorption
247,2,0.0,-0.0003234035077290992,0.00039169651490095333,6.829300717185391e-05,-2.168404344971009e-19,5,absorption
248,2,0.0,-0.0003184465608633057,0.0007955182142793456,0.00047707165341604255,2.6020852139652106e-18,5,absorption
249,2,0.0,-0.000305785402471365,0.0011730365026264545,0.0008672511001550868,-2.710505431213761e-18,5,absorption
250,2,0.0,-0.00028577139963186914,0.0015250174426534374,0.0012392460430215683,0.0,5,absorption
251,2,0.0,-0.0002587486843447466,0.0018522981247409245,0.0015935494403961775,-4.336808689942018e-19,5,absorption
252,2,0.0,-0.0002250521000537745,0.0021558361676570423,0.001930784067603268,4.336808689942018e-19,5,absorption
253,2,0.0,-0.00018500997401443012,0.0024361324762760908,0.0022511225022616623,1.734723475976807e-18,5,absorption
254,2,0.0,-0.00013894215118915362,0.0026943534108409386,0.002555411259651784,-8.673617379884035e-19,5,absorption
255,2,0.0,-8.715472710711479e-05,0.0029314958769299554,0.0028443411498228406,0.0,5,absorption
256,2,0.0,-2.9942978711693987e-05,0.0031483907598226822,0.0031184477811109887,4.336808689942018e-19,5,absorption
0,4,0.0,0.0,0.0,0.0,0.0,5,recovery
1,4,0.0,0.0,0.0,0.0,0.0,5,recovery
2,4,0.0,0.0,0.0,0.0,0.0,5,recovery
3,4,0.0,0.0,0.0,0.0,0.0,5,recovery
4,4,0.0,0.0,0.0,0.0,0.0,5,recovery
5,4,0.0,0.0,0.0,0.0,0.0,5,recovery
6,4,0.0,0.0,0.0,0.0,0.0,5,recovery
7,4,0.0,0.0,0.0,0.0,0.0,5,recovery
8,4,0.0,0.0,0.0,0.0,0.0,5,recovery
9,4,0.0,0.0,0.0,0.0,0.0,5,recovery
10,4,0.0,0.0,0.0,0.0,0.0,5,recovery
11,4,0.0,0.0,0.0,0.0,0.0,5,recovery
12,3,0.0,0.0,0.0,0.0,0.0,5,recovery
13,3,0.0,0.0,0.0,0.0,0.0,5,recovery
14,3,0.0,0.0,0.0,0.0,0.0,5,recovery
15,3,0.0,0.0,0.0,0.0,0.0,5,recovery
16,3,0.0,0.0,0.0,0.0,0.0,5,recovery
17,3,0.0,0.0,0.0,0.0,0.0,5,recovery
18,3,0.0,0.0,0.0,0.0,0.0,5,recovery
19,3,0.0,0.0,0.0,0.0,0.0,5,recovery
20,3,0.0,0.0,0.0,0.0,0.0,5,recovery
21,3,0.0,0.0,0.0,0.0,0.0,5,recovery
22,3,0.0,0.0,0.0,0.0,0.0,5,recovery
23,3,0.0,0.0,0.0,0.0,0.0,5,recovery
24,3,0.0,0.0,0.0,0.0,0.0,5,recovery
25,3,0.0,0.0,0.0,0.0,0.0,5,recovery
26,3,0.0,0.0,0.0,0.0,0.0,5,recovery
27,3,0.0,0.0,0.0,0.0,0.0,5,recovery
28,3,0.0,0.0,0.0,0.0,0.0,5,recovery
29,3,0.0,0.0,0.0,0.0,0.0,5,recovery
30,3,0.0,0.0,0.0,0.0,0.0,5,recovery
31,3,0.0,0.0,0.0,0.0,0.0,5,recovery
32,3,0.0,0.0,0.0,0.0,0.0,5,recovery
33,3,0.0,0.0,0.0,0.0,0.0,5,recovery
34,3,0.0,0.0,0.0,0.0,0.0,5,recovery
35,3,0.0,0.0,0.0,0.0,0.0,5,recovery
36,3,0.0,0.0,0.0,0.0,0.0,5,recovery
37,3,0.0,0.0,0.0,0.0,0.0,5,recovery
38,3,0.0,0.0,0.0,0.0,0.0,5,recovery
39,3,0.0,0.0,0.0,0.0,0.0,5,recovery
40,3,0.0,0.0,0.0,0.0,0.0,5,recovery
41,3,0.0,0.0,0.0,0.0,0.0,5,recovery
42,3,0.0,0.0,0.0,0.0,0.0,5,recovery
43,3,0.0,0.0,0.0,0.0,0.0,5,recovery
44,3,0.0,0.0,0.0,0.0,0.0,5,recovery
45,3,0.0,0.0,0.0,0.0,0.0,5,recovery
46,3,0.0,0.0,0.0,0.0,0.0,5,recovery
47,3,0.0,0.0,0.0,0.0,0.0,5,recovery
48,3,0.0,0.0,0.0,0.0,0.0,5,recovery
49,3,0.0,0.0,0.0,0.0,0.0,5,recovery
50,3,0.0,0.0,0.0,0.0,0.0,5,recovery
51,3,0.0,0.0,0.0,0.0,0.0,5,recovery
52,3,0.0,0.0,0.0,0.0,0.0,5,recovery
53,3,0.0,0.0,0.0,0.0,0.0,5,recovery
54,3,0.0,0.0,0.0,0.0,0.0,5,recovery
55,3,0.0,0.0,0.0,0.0,0.0,5,recovery
56,3,0.0,0.0,0.0,0.0,0.0,5,recovery
57,3,0.0,0.0,0.0,0.0,0.0,5,recovery
58,3,0.0,0.0,0.0,0.0,0.0,5,recovery
59,3,0.0,0.0,0.0,0.0,0.0,5,recovery
60,3,0.0,0.0,0.0,0.0,0.0,5,recovery
61,3,0.0,0.0,0.0,0.0,0.0,5,recovery
62,3,0.0,0.0,0.0,0.0,0.0,5,recovery
63,3,0.0,0.0,0.0,0.0,0.0,5,recovery
64,3,0.0,0.0,0.0,0.0,0.0,5,recovery
65,3,0.0,0.0,0.0,0.0,0.0,5,recovery
66,3,0.0,0.0,0.0,0.0,0.0,5,recovery
67,3,0.0,0.0,0.0,0.0,0.0,5,recovery
68,3,0.0,0.0,0.0,0.0,0.0,5,recovery
69,3,0.0,0.0,0.0,0.0,0.0,5,recovery
70,3,0.0,0.0,0.0,0.0,0.0,5,recovery
71,3,0.0,0.0,0.0,0.0,0.0,5,recovery
72,3,0.0,0.0,0.0,0.0,0.0,5,recovery
73,3,0.0,0.0,0.0,0.0,0.0,5,recovery
74,3,0.0,0.0,0.0,0.0,0.0,5,recovery
75,3,0.0,0.0,0.0,0.0,0.0,5,recovery
76,3,0.0,0.0,0.0,0.0,0.0,5,recovery
77,3,0.0,0.0,0.0,0.0,0.0,5,recovery
78,2,0.0,0.0,0.0,0.0,0.0,5,recovery
79,2,0.0,0.0,0.0,0.0,0.0,5,recovery
80,2,0.0,0.0,0.0,0.0,0.0,5,recovery
81,2,0.0,0.0,0.0,0.0,0.0,5,recovery
82,2,0.0,0.0,0.0,0.0,0.0,5,recovery
83,2,0.0,0.0,0.0,0.0,0.0,5,recovery
84,2,0.0,0.0,0.0,0.0,0.0,5,recovery
85,2,0.0,0.0,0.0,0.0,0.0,5,recovery
86,2,0.0,0.0,0.0,0.0,0.0,5,recovery
87,2,0.0,0.0,0.0,0.0,0.0,5,recovery
88,2,0.0,0.0,0.0,0.0,0.0,5,recovery
89,2,0.0,0.0,0.0,0.0,0.0,5,recovery
90,2,0.0,0.0,0.0,0.0,0.0,5,recovery
91,2,0.0,0.0,0.0,0.0,0.0,5,recovery
92,2,0.0,0.0,0.0,0.0,0.0,5,recovery
93,2,0.0,0.0,0.0,0.0,0.0,5,recovery
94,2,0.0,0.0,0.0,0.0,0.0,5,recovery
95,2,0.0,0.0,0.0,0.0,0.0,5,recovery
96,2,0.0,0.0,0.0,0.0,0.0,5,recovery
97,2,0.0,0.0,0.0,0.0,0.0,5,recovery
98,2,0.0,0.0,0.0,0.0,0.0,5,recovery
99,2,0.0,0.0,0.0,0.0,0.0,5,recovery
100,1,0.0,0.0,0.0,0.0,0.0,5,recovery
101,2,0.0,0.0,0.0,0.0,0.0,5,recovery
102,2,0.0,0.0,0.0,0.0,0.0,5,recovery
103,2,0.0,0.0,0.0,0.0,0.0,5,recovery
104,2,0.0,0.0,0.0,0.0,0.0,5,recovery
105,2,0.0,0.0,0.0,0.0,0.0,5,recovery
106,2,0.0,0.0,0.0,0.0,0.0,5,recovery
107,2,0.0,0.0,0.0,0.0,0.0,5,recovery
108,2,0.0,0.0,0.0,0.0,0.0,5,recovery
109,2,0.0,0.0,0.0,0.0,0.0,5,recovery
110,2,0.0,0.0,0.0,0.0,0.0,5,recovery
111,2,0.0,0.0,0.0,0.0,0.0,5,recovery
112,2,0.0,0.0,0.0,0.0,0.0,5,recovery
113,2,0.0,0.0,0.0,0.0,0.0,5,recovery
114,2,0.0,0.0,0.0,0.0,0.0,5,recovery
115,2,0.0,0.0,0.0,0.0,0.0,5,recovery
116,2,0.0,0.0,0.0,0.0,0.0,5,recovery
117,2,0.0,0.0,0.0,0.0,0.0,5,recovery
118,2,0.0,0.0,0.0,0.0,0.0,5,recovery
119,2,0.0,0.0,0.0,0.0,0.0,5,recovery
120,2,0.0,0.0,0.0,0.0,0.0,5,recovery
121,2,0.0,0.0,0.0,0.0,0.0,5,recovery
122,2,0.0,0.0,0.0,0.0,0.0,5,recovery
123,2,0.0,0.0,0.0,0.0,0.0,5,recovery
124,2,0.0,0.0,0.0,0.0,0.0,5,recovery
125,2,0.0,0.0,0.0,0.0,0.0,5,recovery
126,2,0.0,0.0,0.0,0.0,0.0,5,recovery
127,2,0.0,0.0,0.0,0.0,0.0,5,recovery
128,2,0.0,0.0,0.0,0.0,0.0,5,recovery
129,2,0.0,0.0,0.0,0.0,0.0,5,recovery
130,2,0.0,0.0,0.0,0.0,0.0,5,recovery
131,2,0.0,0.0,0.0,0.0,0.0,5,recovery
132,2,0.0,0.0,0.0,0.0,0.0,5,recovery
133,2,0.0,0.0,0.0,0.0,0.0,5,recovery
134,2,0.0,0.0,0.0,0.0,0.0,5,recovery
135,2,0.0,0.0,0.0,0.0,0.0,5,recovery
136,2,0.0,0.0,0.0,0.0,0.0,5,recovery
137,2,0.0,0.0,0.0,0.0,0.0,5,recovery
138,2,0.0,0.0,0.0,0.0,0.0,5,recovery
139,2,0.0,0.0,0.0,0.0,0.0,5,recovery
140,2,0.0,0.0,0.0,0.0,0.0,5,recovery
141,2,0.0,0.0,0.0,0.0,0.0,5,recovery
142,2,0.0,0.0,0.0,0.0,0.0,5,recovery
143,2,0.0,0.0,0.0,0.0,0.0,5,recovery
144,2,0.0,0.0,0.0,0.0,0.0,5,recovery
145,2,0.0,0.0,0.0,0.0,0.0,5,recovery
146,2,0.0,0.0,0.0,0.0,0.0,5,recovery
147,2,0.0,0.0,0.0,0.0,0.0,5,recovery
148,2,0.0,0.0,0.0,0.0,0.0,5,recovery
149,2,0.0,0.0,0.0,0.0,0.0,5,recovery
150,2,0.0,0.0,0.0,0.0,0.0,5,recovery
151,2,0.0,0.0,0.0,0.0,0.0,5,recovery
152,2,0.0,0.0,0.0,0.0,0.0,5,recovery
153,2,0.0,0.0,0.0,0.0,0.0,5,recovery
154,2,0.0,0.0,0.0,0.0,0.0,5,recovery
155,2,0.0,0.0,0.0,0.0,0.0,5,recovery
156,2,0.0,0.0,0.0,0.0,0.0,5,recovery
157,2,0.0,0.0,0.0,0.0,0.0,5,recovery
158,2,0.0,0.0,0.0,0.0,0.0,5,recovery
159,2,0.0,0.0,0.0,0.0,0.0,5,recovery
160,2,0.0,0.0,0.0,0.0,0.0,5,recovery
161,2,0.0,0.0,0.0,0.0,0.0,5,recovery
162,2,0.0,0.0,0.0,0.0,0.0,5,recovery
163,2,0.0,0.0,0.0,0.0,0.0,5,recovery
164,2,0.0,0.0,0.0,0.0,0.0,5,recovery
165,2,0.0,0.0,0.0,0.0,0.0,5,recovery
166,2,0.0,0.0,0.0,0.0,0.0,5,recovery
167,2,0.0,0.0,0.0,0.0,0.0,5,recovery
168,2,0.0,0.0,0.0,0.0,0.0,5,recovery
169,2,0.0,0.0,0.0,0.0,0.0,5,recovery
170,2,0.0,0.0,0.0,0.0,0.0,5,recovery
171,2,0.0,0.0,0.0,0.0,0.0,5,recovery
172,2,0.0,0.0,0.0,0.0,0.0,5,recovery
173,2,0.0,0.0,0.0,0.0,0.0,5,recovery
174,2,0.0,0.0,0.0,0.0,0.0,5,recovery
175,2,0.0,0.0,0.0,0.0,0.0,5,recovery
176,2,0.0,0.0,0.0,0.0,0.0,5,recovery
177,2,0.0,0.0,0.0,0.0,0.0,5,recovery
178,2,0.0,0.0,0.0,0.0,0.0,5,recovery
179,2,0.0,0.0,0.0,0.0,0.0,5,recovery
180,2,0.0,0.0,0.0,0.0,0.0,5,recovery
181,2,0.0,0.0,0.0,0.0,0.0,5,recovery
182,2,0.0,0.0,0.0,0.0,0.0,5,recovery
183,2,0.0,0.0,0.0,0.0,0.0,5,recovery
184,2,0.0,0.0,0.0,0.0,0.0,5,recovery
185,2,0.0,0.0,0.0,0.0,0.0,5,recovery
186,2,0.0,0.0,0.0,0.0,0.0,5,recovery
187,2,0.0,0.0,0.0,0.0,0.0,5,recovery
188,2,0.0,0.0,0.0,0.0,0.0,5,recovery
189,2,0.0,0.0,0.0,0.0,0.0,5,recovery
190,2,0.0,0.0,0.0,0.0,0.0,5,recovery
191,2,0.0,0.0,0.0,0.0,0.0,5,recovery
192,2,0.0,0.0,0.0,0.0,0.0,5,recovery
193,2,0.0,0.0,0.0,0.0,0.0,5,recovery
194,2,0.0,0.0,0.0,0.0,0.0,5,recovery
195,2,0.0,0.0,0.0,0.0,0.0,5,recovery
196,2,0.0,0.0,0.0,0.0,0.0,5,recovery
197,2,0.0,0.0,0.0,0.0,0.0,5,recovery
198,2,0.0,0.0,0.0,0.0,0.0,5,recovery
199,2,0.0,0.0,0.0,0.0,0.0,5,recovery
200,2,0.0,0.0,0.0,0.0,0.0,5,recovery
201,2,0.0,0.0,0.0,0.0,0.0,5,recovery
202,2,0.0,0.0,0.0,0.0,0.0,5,recovery
203,2,0.0,0.0,0.0,0.0,0.0,5,recovery
204,2,0.0,0.0,0.0,0.0,0.0,5,recovery
205,2,0.0,0.0,0.0,0.0,0.0,5,recovery
206,2,0.0,0.0,0.0,0.0,0.0,5,recovery
207,2,0.0,0.0,0.0,0.0,0.0,5,recovery
208,2,0.0,0.0,0.0,0.0,0.0,5,recovery
209,2,0.0,0.0,0.0,0.0,0.0,5,recovery
210,2,0.0,0.0,0.0,0.0,0.0,5,recovery
211,2,0.0,0.0,0.0,0.0,0.0,5,recovery
212,2,0.0,0.0,0.0,0.0,0.0,5,recovery
213,2,0.0,0.0,0.0,0.0,0.0,5,recovery
214,2,0.0,0.0,0.0,0.0,0.0,5,recovery
215,2,0.0,0.0,0.0,0.0,0.0,5,recovery
216,2,0.0,0.0,0.0,0.0,0.0,5,recovery
217,2,0.0,0.0,0.0,0.0,0.0,5,recovery
218,2,0.0,0.0,0.0,0.0,0.0,5,recovery
219,2,0.0,0.0,0.0,0.0,0.0,5,recovery
220,2,0.0,0.0,0.0,0.0,0.0,5,recovery
221,2,0.0,0.0,0.0,0.0,0.0,5,recovery
222,2,0.0,0.0,0.0,0.0,0.0,5,recovery
223,2,0.0,0.0,0.0,0.0,0.0,5,recovery
224,2,0.0,0.0,0.0,0.0,0.0,5,recovery
225,2,0.0,0.0,0.0,0.0,0.0,5,recovery
226,2,0.0,0.0,0.0,0.0,0.0,5,recovery
227,2,0.0,0.0,0.0,0.0,0.0,5,recovery
228,2,0.0,2.463635990705972e-08,3.337653437451148e-06,3.362289797358208e-06,0.0,5,recovery
229,2,0.0,7.067881269878086e-07,8.170264150431257e-05,8.24094296313004e-05,1.3552527156068805e-20,5,recovery
230,2,0.0,3.0472706385919456e-06,0.0002040198330942944,0.00020706710373288636,2.710505431213761e-20,5,recovery
231,2,0.0,7.387707051399533e-06,0.0003171621567988253,0.00032454986385022495,1.0842021724855044e-19,5,recovery
232,2,0.0,1.3627385319847901e-05,0.0004213966433150194,0.00043502402863486726,-5.421010862427522e-20,5,recovery
233,2,0.0,2.166791060008008e-05,0.000517146822044044,0.0005388147326441238,-2.168404344971009e-19,5,recovery
234,2,0.0,3.1413104700034144e-05,0.0006046553913010191,0.0006360684960010536,4.336808689942018e-19,5,recovery
235,2,0.0,4.276879582057947e-05,0.0006842846927520639,0.0007270534885726429,-4.336808689942018e-19,5,recovery
236,2,0.0,5.564365094818447e-05,0.0007563801636611711,0.0008120238146093559,4.336808689942018e-19,5,recovery
237,2,0.0,6.994826003068526e-05,0.0008211743091618701,0.0008911225691925558,4.336808689942018e-19,5,recovery
238,2,0.0,8.559597009253928e-05,0.0008790990176560341,0.0009646949877485725,-8.673617379884035e-19,5,recovery
239,2,0.0,0.00010250270357620758,0.0009303508308026113,0.00103285353437882,1.3010426069826053e-18,5,recovery
240,2,0.0,0.00012058658587507843,0.0009752891446956568,0.0010958757305707346,-6.505213034913027e-19,5,recovery
241,2,0.0,0.00013976900865375987,0.001014239717659966,0.001154008726313726,0.0,5,recovery
242,2,0.0,0.0001599734379259396,0.0010473960268816884,0.001207369464807628,0.0,5,recovery
243,2,0.0,0.00018112646682664666,0.0010752013367297595,0.001256327803556407,8.673617379884035e-19,5,recovery
244,2,0.0,0.00020180553136802372,0.0009369665317202757,0.0011387720630882982,-1.3010426069826053e-18,5,recovery
245,2,-4.9246762131992035e-74,0.00021790707664095548,0.000478961846369368,0.000696868923010326,2.4936649967166602e-18,5,recovery
246,2,-1.0246411294243921e-69,0.00022683117097456186,4.5437259918511585e-05,0.0002722684308930738,3.7947076036992655e-19,5,recovery
247,2,-2.220320270422435e-66,0.00023188322727798937,0.0,0.0002318832272779868,-2.574980159653073e-18,5,recovery
248,2,-1.4048543789208485e-63,0.00023663687731552814,0.0,0.00023663687731552592,-2.222614453595284e-18,5,recovery
249,2,-3.911202701947257e-61,0.00024147554857477214,0.0,0.00024147554857477382,1.6805133673525319e-18,5,recovery
250,2,-5.965950157196706e-59,0.0002464004353102674,0.0,0.00024640043531026605,-1.3552527156068805e-18,5,recovery
251,2,-5.707286915995787e-57,0.00025141269617191874,0.0,0.0002514126961719182,-5.421010862427522e-19,5,recovery
252,2,-3.749647973754979e-55,0.000256513556876544,0.0,0.000256513556876543,-9.75781955236954e-19,5,recovery
253,2,-1.8048955915804536e-53,0.0002617041659490532,0.0,0.0002617041659490546,1.4094628242311558e-18,5,recovery
254,2,-6.6788336795193194e-52,0.0002669857345059462,0.0,0.0002669857345059465,2.710505431213761e-19,5,recovery
255,2,-1.971436277964612e-50,0.0002723594510994831,0.0,0.00027235945109948395,8.673617379884035e-19,5,recovery
256,2,-4.77915396525769e-49,0.00027782651462153056,0.0,0.00027782651462153127,7.047314121155779e-19,5,recovery
0,3,-0.010515506471718533,0.012376680130080774,0.0022080453695246193,0.004069219027886872,1.214306433183765e-17,6,absorption
1,3,-0.010033117974824462,0.011549537427246681,0.0023604846670901044,0.003876904119512359,3.5128150388530344e-17,6,absorption
2,3,-0.009593108436270365,0.010807894297523,0.0024663107580907505,0.003681096619343349,-3.599551212651875e-17,6,absorption
3,3,-0.009190002165926796,0.010137834575989971,0.002578253584148983,0.003526085994212169,1.0842021724855044e-17,6,absorption
4,3,-0.008819031882754878,0.009527182296213108,0.002687754690701334,0.0033959051041596577,9.324138683375338e-17,6,absorption
5,3,-0.00847600254545714,0.008968085463062759,0.002788061264639965,0.003280144182245537,-4.7704895589362195e-17,6,absorption
6,3,-0.00815697905145353,0.008452653562591752,0.0028852885919992168,0.0031809631031373686,-6.938893903907228e-17,6,absorption
7,3,-0.007858218186595923,0.007974441987435119,0.002981112064817339,0.0030973358656565253,-9.540979117872439e-18,6,absorption
8,3,-0.007575988888461038,0.007525079857177529,0.00306720775889275,0.0030162987276092235,-1.7780915628762273e-17,6,absorption
9,3,-0.0073064674189342324,0.0070973224062565385,0.003155510681706189,0.002946365669028561,6.591949208711867e-17,6,absorption
10,3,-0.007047726997865393,0.006687257302682483,0.003236658912467478,0.0028761892172845527,-1.474514954580286e-17,6,absorption
11,3,-0.006798326091426174,0.0062913760195303856,0.0033153092633142036,0.0028083591914184747,5.984795992119984e-17,6,absorption
12,3,-0.0065570845961433625,0.005907361705375272,0.0033934080330162565,0.0027436851422481534,-1.2576745200831851e-17,6,absorption
13,3,-0.006323262701520716,0.005532952896598954,0.003465035352327616,0.0026747255474057763,-7.719519468096792e-17,6,absorption
14,3,-0.0060968864498189,0.005167110722710296,0.003538473791299946,0.002608698064191395,5.2909066017292616e-17,6,absorption
15,3,-0.005878084434077025,0.00481009335097397,0.0036081206252594885,0.002540129542156433,-8.673617379884035e-19,6,absorption
16,3,-0.005666966482840105,0.004462743118263897,0.003708399514725915,0.0025041761501497506,4.423544863740858e-17,6,absorption
17,3,-0.005463661832797629,0.0041253773899982945,0.0038215855789437004,0.002483301136144367,1.3010426069826053e-18,6,absorption
18,3,-0.005268241332111586,0.003798918657782681,0.003925330450276993,0.002456007775948066,-2.168404344971009e-17,6,absorption
19,3,-0.00508066875356613,0.003483895165932221,0.004029914383771589,0.002433140796137656,-2.42861286636753e-17,6,absorption
20,3,-0.00490084418309775,0.0031802311319691495,0.00413051438339689,0.002409901332268316,2.688821387764051e-17,6,absorption
21,3,-0.004728602863989495,0.002888201328823698,0.004228971569180795,0.002388570034014992,-6.5052130349130266e-18,6,absorption
22,3,-0.004563691374337504,0.0026075252967276935,0.004326664262996816,0.0023704981853870377,3.165870343657673e-17,6,absorption
23,3,-0.004405810521065973,0.0023380611183746957,0.004420357344147455,0.002352607941456142,-3.599551212651875e-17,6,absorption
24,3,-0.0042546868938679,0.0020795739963942583,0.004514178163612195,0.002339065266138529,-2.3418766925686896e-17,6,absorption
25,3,-0.004110055868198213,0.0018317283905516372,0.0046052252725847734,0.0023268977949381653,-3.2959746043559335e-17,6,absorption
26,3,-0.003971622022912203,0.0015943872468785806,0.004694550208699573,0.0023173154326660006,4.9873299934333204e-17,6,absorption
27,3,-0.003839073836445994,0.0013671631028114228,0.004783119605587463,0.0023112088719528523,-3.903127820947816e-17,6,absorption
28,3,-0.0037120896449868786,0.0011496956710767598,0.004868522591629465,0.0023061286177193385,-7.806255641895632e-18,6,absorption
29,3,-0.0035903120169948643,0.0009416096031962687,0.0049535714260348605,0.0023048690122362547,-1.0408340855860843e-17,6,absorption
30,3,-0.0034734007231109624,0.0007424979065695598,0.005036116091572064,0.002305213275030693,3.122502256758253e-17,6,absorption
31,3,-0.0033610052197469075,0.0005519698242808119,0.00511667875105503,0.002307643355588973,3.859759734048396e-17,6,absorption
32,3,-0.003252782617983721,0.0003696535846727277,0.005195916778873859,0.0023127877455628165,-4.85722573273506e-17,6,absorption
33,3,-0.0031484197582321762,0.00019512723482560787,0.005268063650304101,0.0023147711268975413,8.239936510889834e-18,6,absorption
34,3,-0.003047618964262223,2.8007004063468845e-05,0.005324011259533672,0.0023043992993349582,3.9898639947466563e-17,6,absorption
35,3,-0.0029501198330801927,-0.00013204134355228347,0.005377241614949413,0.0022950804383168877,-4.9439619065339e-17,6,absorption
36,3,-0.0028556864765912995,-0.00028534723698872403,0.00542880895803385,0.002287775244453838,1.1275702593849246e-17,6,absorption
37,3,-0.0027641131215147257,-0.00043209274293171904,0.005479041983351767,0.0022828361189053403,1.8214596497756474e-17,6,absorption
38,3,-0.0026752287573279508,-0.0005724716978651589,0.005526576760848575,0.0022788763056554306,-3.469446951953614e-17,6,absorption
39,3,-0.0025888821818617017,-0.0007066254443420917,0.005572700930665533,0.0022771933044617443,4.336808689942018e-18,6,absorption
40,3,-0.0025049492317517786,-0.0008346889909737093,0.005616226056898174,0.002276587834172783,9.71445146547012e-17,6,absorption
41,3,-0.0024233217450668047,-0.0009568538739552729,0.005657290702933013,0.0022771150839108745,-6.071532165918825e-17,6,absorption
42,3,-0.002343903481918476,-0.0010731978355059406,0.005696121096872076,0.0022790197794476663,7.37257477290143e-18,6,absorption
43,3,-0.002266610782143062,-0.001183821614873059,0.005731841150476793,0.002281408753460612,-5.984795992119984e-17,6,absorption
44,3,-0.002191369017446862,-0.0012887943283017651,0.005765403420413014,0.0022852400746644075,2.0816681711721685e-17,6,absorption
45,3,-0.002118121217693162,-0.001388194794240651,0.005796020330833469,0.002289704318899688,3.209238430557093e-17,6,absorption
46,3,-0.00204684108196396,-0.0014821660575907243,0.005823982072686561,0.0022949749331318547,-2.168404344971009e-17,6,absorption
47,3,-0.001977553937256291,-0.0015707507220425727,0.005849457866102727,0.0023011532068039076,4.5102810375396984e-17,6,absorption
48,3,-0.0019103648392764998,-0.0016540128241725308,0.0058719565711551165,0.002307578907706054,-3.209238430557093e-17,6,absorption
49,3,-0.0018454743676011407,-0.0017320010287061147,0.0058921961741090455,0.0023147207778018153,2.5153490401663703e-17,6,absorption
50,3,-0.0017831295365498916,-0.0018047881877011908,0.0059092090599763515,0.0023212913357252285,-4.0766001685454967e-17,6,absorption
51,3,-0.0017233713590365123,-0.0018726286075318697,0.005893669916999579,0.0022976699504311804,-1.691355389077387e-17,6,absorption
52,3,-0.0016659990368889151,-0.0019357642659837589,0.005859173377606763,0.002257410074734123,3.382710778154774e-17,6,absorption
53,3,-0.001610797719625438,-0.001994352560017184,0.005825134168331826,0.0022199838886892143,1.0408340855860843e-17,6,absorption
54,3,-0.0015575286433308377,-0.002048470894801898,0.00579179440458498,0.0021857948664522064,-3.8163916471489756e-17,6,absorption
55,3,-0.001506035368270729,-0.0020982304580820016,0.005758830175399633,0.002154564349046928,2.6020852139652106e-17,6,absorption
56,3,-0.0014561747807469072,-0.0021438135994378085,0.005726511691949784,0.002126523311765105,3.642919299551295e-17,6,absorption
57,3,-0.001407817436248546,-0.002185321766828902,0.005694906556093644,0.002101767353016204,8.239936510889834e-18,6,absorption
58,3,-0.0013608544745201414,-0.002222907261845847,0.00566381485578874,0.00208005311942272,-3.122502256758253e-17,6,absorption
59,3,-0.0013151947761371365,-0.002256709417079019,0.005633494241520717,0.0020615900483045846,2.3418766925686896e-17,6,absorption
60,3,-0.0012707638886219012,-0.002286899984602793,0.005603755647886326,0.0020460917746615848,-4.7271214720367993e-17,6,absorption
61,3,-0.001227503904743698,-0.0023137205194669547,0.0055747844790497705,0.0020335600548391786,6.071532165918825e-17,6,absorption
62,3,-0.0011853747365648973,-0.002337322585125317,0.005546613148126797,0.002023915826436573,-9.540979117872439e-18,6,absorption
63,3,-0.001144346523344806,-0.0023579161700279707,0.005519110294900058,0.0020168476015273162,3.469446951953614e-17,6,absorption
64,3,-0.0011043855664143486,-0.002375681407859458,0.005492488059523504,0.002012421085249627,-7.025630077706069e-17,6,absorption
65,3,-0.0010654445930630176,-0.002390821391969807,0.005466582305834482,0.0020103163208017305,7.28583859910259e-17,6,absorption
66,3,-0.0010274568048665954,-0.002403594447284021,0.005441503397477825,0.0020104521453271906,-1.8214596497756474e-17,6,absorption
67,3,-0.0009903486053311004,-0.0024141600693246192,0.005417262146103656,0.0020127534714479145,-2.168404344971009e-17,6,absorption
68,3,-0.0009540550648655707,-0.002422730417153734,0.005392759714779559,0.002015974232760287,3.2959746043559335e-17,6,absorption
69,3,-0.000918513508731085,-0.002429490854779047,0.005365521363234149,0.0020175169997240228,5.204170427930421e-18,6,absorption
70,3,-0.0008836704652077877,-0.002434631448423033,0.005339256779074813,0.002020954865443958,-3.426078865054194e-17,6,absorption
71,3,-0.0008494864436304724,-0.002438356389918182,0.005314389823100122,0.0020265469895515142,4.683753385137379e-17,6,absorption
72,3,-0.0008159396904212318,-0.0024407788771574858,0.005290907603326863,0.0020341890357480907,-5.5077470362263625e-17,6,absorption
73,3,-0.0007830314149951964,-0.002442046136316385,0.005268740048064923,0.0020436624967533623,2.0816681711721685e-17,6,absorption
74,3,-0.0007507945150864264,-0.0024422648194484496,0.0052479544721805976,0.0020548951376456737,-4.7704895589362195e-17,6,absorption
75,3,-0.0007193008080405962,-0.002441545354320243,0.005228459478370898,0.002067613316010075,1.6479873021779667e-17,6,absorption
76,3,-0.000688651973499987,-0.0024400159088340976,0.005210283931213372,0.002081616048879298,1.0842021724855044e-17,6,absorption
77,3,-0.0006589655730779629,-0.0024377412388723154,0.005193406186081047,0.0020966993741307893,2.0816681711721685e-17,6,absorption
78,3,-0.000630351632992656,-0.0024348056665730406,0.005177770929510125,0.0021126136299444154,-1.3010426069826053e-17,6,absorption
79,3,-0.000602879916741826,-0.00243126489818086,0.005163408628712657,0.002129263813789972,8.673617379884035e-19,6,absorption
80,3,-0.0005765498131119469,-0.002427173402022797,0.005150247747385697,0.0021465245322509763,2.3418766925686896e-17,6,absorption
81,3,-0.0005512977849257427,-0.0024225884562800123,0.005138295429532072,0.0021644091883262773,-3.9898639947466563e-17,6,absorption
82,3,-0.0005270611480818715,-0.0024175283279703756,0.005127523794533071,0.002182934318480878,5.377642775528102e-17,6,absorption
83,3,-0.0005037723640857331,-0.0024120103917049445,0.005117885329058323,0.002202102573267639,-6.071532165918825e-18,6,absorption
84,3,-0.00048135264098346595,-0.0024060392095722025,0.0051093863085161905,0.00222199445796048,-4.206704429243757e-17,6,absorption
85,3,-0.00045972622527544845,-0.0023996111030643807,0.0051025578967182576,0.0022432205683784456,1.734723475976807e-17,6,absorption
86,2,-0.0004388153320851212,-0.002392560745796111,0.005124950073609906,0.002293573995728687,1.3010426069826053e-17,6,absorption
87,2,-0.0004186053971936555,-0.002384667235793385,0.005162324072650618,0.002359051439663584,6.071532165918825e-18,6,absorption
88,2,-0.00039905658523086665,-0.0023758268508511523,0.00519804284320287,0.002423159407120845,-6.071532165918825e-18,6,absorption
89,2,-0.00038016769786303087,-0.00236603348119433,0.0052321236014463285,0.0024859224223889587,-8.673617379884035e-18,6,absorption
90,2,-0.0003619583098611111,-0.0023552861892357597,0.005264537099885714,0.0025472926007888697,2.6454533008646308e-17,6,absorption
91,2,-0.0003444674270137491,-0.002343585640554058,0.00529529119935275,0.002607238131784928,-1.474514954580286e-17,6,absorption
92,2,-0.00032775579596969396,-0.0023309325478415464,0.005324378097920258,0.002665689754109052,3.426078865054194e-17,6,absorption
93,2,-0.0003118973044898612,-0.0023173370511091608,0.005351785980722962,0.002722551625123887,-5.2909066017292616e-17,6,absorption
94,2,-0.0002969463153040819,-0.0023028023872822692,0.005377526642780284,0.0027777779401939318,-1.3010426069826053e-18,6,absorption
95,2,-0.00028291613884209746,-0.0022873125600011293,0.005401581403947172,0.0028313527051039566,1.1709383462843448e-17,6,absorption
96,2,-0.00026977791226382624,-0.00227084707181425,0.005423958848973669,0.0028833338648956153,2.2985086056692694e-17,6,absorption
97,2,-0.00025749730809012544,-0.002253404344131008,0.00544465771474043,0.002933756062519277,-1.9949319973733282e-17,6,absorption
98,2,-0.00024602409249759114,-0.0022349770958164455,0.005463673965387312,0.0029826727770732586,-1.691355389077387e-17,6,absorption
99,2,-0.00014497906512263013,-0.001355925662747913,0.0033352417955388254,0.0018343370676683068,2.45029690981724e-17,6,absorption
100,1,-9.032446683136626e-05,-0.000859821242300423,0.0021236122019541656,0.0011734664928223504,-2.6020852139652106e-17,6,absorption
101,2,-0.00022522055039727505,-0.0021954230895890525,0.005496786433401615,0.0030761427934153096,2.211772431870429e-17,6,absorption
102,2,-0.00021574092826635887,-0.0021740379199752923,0.0055107996341219375,0.003121020785880252,-3.426078865054194e-17,6,absorption
103,2,-0.0002067802189956243,-0.002151664464800885,0.005523159011603322,0.00316471432780685,3.729655473350135e-17,6,absorption
104,2,-0.00019827908757129005,-0.002128258562821837,0.0055411138389768215,0.003214576188583701,6.5052130349130266e-18,6,absorption
105,2,-0.000190192029106689,-0.002103647126461149,0.00557922613513207,0.0032853869795642365,4.336808689942018e-18,6,absorption
106,2,-0.0001824885840939733,-0.0020776962899237477,0.0056152510741977555,0.003355066200180029,-5.204170427930421e-18,6,absorption
107,2,-0.00017515289295483167,-0.002050410016899573,0.005647555217385168,0.0034219923075307357,-2.8189256484623115e-17,6,absorption
108,2,-0.00016818205067078778,-0.002021804167111991,0.005676182897087139,0.0034861966793043597,-8.673617379884035e-19,6,absorption
109,2,-0.00016158392339532405,-0.001991894174755226,0.005701179732546588,0.0035477016343960777,3.946495907847236e-17,6,absorption
110,2,-0.00015537514627666095,-0.001960696878628179,0.005722603882560819,0.00360653185765597,-9.107298248878237e-18,6,absorption
111,2,-0.00014958050839721548,-0.0019335568024887832,0.004877989692286243,0.0027948523814002313,-1.3010426069826053e-17,6,absorption
112,2,-0.00014423194848312443,-0.001910675429542813,0.004888843709514264,0.002833936331488346,1.951563910473908e-17,6,absorption
113,2,-0.00013935493709986223,-0.0018868945311857547,0.004896023949625647,0.002869774481340015,-1.5612511283791264e-17,6,absorption
114,2,-0.00013495870106693358,-0.0018622450780403563,0.004899618029531505,0.002902414250424201,-1.431146867680866e-17,6,absorption
115,2,-0.00013103407597054236,-0.001836759245712691,0.004899696613638867,0.00293190329195564,5.637851296924623e-18,6,absorption
116,2,-0.00012756824619352766,-0.0018104693412496447,0.00489631751914452,0.002958279931701363,1.5612511283791264e-17,6,absorption
117,2,-0.0001245408562534454,-0.001783407991769478,0.004889555220091075,0.002981606372068124,-2.7755575615628914e-17,6,absorption
118,2,-0.0001219212441697174,-0.0017556085941899456,0.0048794757564059495,0.0030019459180463115,2.5153490401663703e-17,6,absorption
119,2,-0.00011967167726994794,-0.0017271038669351407,0.004866147662408526,0.0030193721182034394,2.168404344971009e-18,6,absorption
120,2,-0.00011774960980021885,-0.0016979272127561477,0.004849648536296413,0.0030339717137400635,1.6479873021779667e-17,6,absorption
121,2,-0.000116110078067916,-0.0016681149375220325,0.004829515561581669,0.0030452905459916746,-4.5536491244391186e-17,6,absorption
122,2,-0.00011470801372386892,-0.0016378185894772904,0.004788849412191425,0.0030363228089902716,6.071532165918825e-18,6,absorption
123,2,-0.00011350027868281242,-0.001607237763357883,0.004738114832749669,0.0030173767907089727,-4.336808689942018e-19,6,absorption
124,2,-0.00011244728711628759,-0.0015764488071165436,0.00468627061188321,0.0029973745176504057,2.688821387764051e-17,6,absorption
125,2,-0.00011151413564128074,-0.0015454708430994975,0.004633369439574641,0.002976384460833828,-3.426078865054194e-17,6,absorption
126,2,-0.00011067121730386262,-0.0015143221096358334,0.004579450994050136,0.0029544576671104716,3.122502256758253e-17,6,absorption
127,2,-0.00010989434827699595,-0.001483020409797409,0.004524569378955675,0.002931654620881241,-2.905661822261152e-17,6,absorption
128,2,-0.0001091644852523005,-0.0014515836209449441,0.00446876772393032,0.0029080196177331125,3.642919299551295e-17,6,absorption
129,2,-0.00010846712745591638,-0.0014200286208561708,0.004412091922059266,0.0028835961737471716,-6.938893903907228e-18,6,absorption
130,2,-0.00010779152710036035,-0.0013883726597183456,0.0043545932829770935,0.0028584290961583825,-5.204170427930421e-18,6,absorption
131,2,-0.00010712982416329319,-0.0013566323397526448,0.004296310426604831,0.0028325482626888887,-3.903127820947816e-18,6,absorption
132,2,-0.00010647620237325424,-0.0013248240352798063,0.0042372961788783095,0.002805995941225242,-6.938893903907228e-18,6,absorption
133,2,-0.00010582615955014878,-0.0012929642381589038,0.004177591730149148,0.0027788013324401006,5.204170427930421e-18,6,absorption
134,2,-0.00010517592898308219,-0.0012610686432800446,0.004117241848724713,0.0027509972764615948,8.673617379884035e-18,6,absorption
135,2,-0.00010452208125676152,-0.0012291532512570661,0.004056295583028428,0.002722620250514604,3.469446951953614e-18,6,absorption
136,2,-0.00010386129622318166,-0.0011972334507747886,0.003994790103714841,0.002693695356716874,3.469446951953614e-18,6,absorption
137,2,-0.00010319026402441696,-0.001165421600162316,0.003919124828744077,0.0026505129645573444,0.0,6,absorption
138,2,-0.00010250568173272948,-0.0011337284280427333,0.0038576312056899393,0.0026213970959144683,-8.239936510889834e-18,6,absorption
139,2,-0.0001018042724804155,-0.0011021411205400459,0.0037852598130556836,0.00258131442003523,7.806255641895632e-18,6,absorption
140,2,-0.00010108277764779678,-0.0010709616175675401,0.0036833955361355464,0.002511351140920201,-8.673617379884035e-18,6,absorption
141,2,-0.00010033786006110041,-0.001040416492266154,0.003582343377440779,0.0024415890251135164,-8.239936510889834e-18,6,absorption
142,2,-9.956584624933596e-05,-0.0010105051683226523,0.0034840296649261563,0.0023739586503541826,1.474514954580286e-17,6,absorption
143,2,-9.876224529741147e-05,-0.0009812130331889823,0.0033884100838601546,0.002308434805373752,-9.107298248878237e-18,6,absorption
144,2,-9.792078720692612e-05,-0.0009525246525373528,0.0032954624715703087,0.00224501703182603,0.0,6,absorption
145,2,-9.703347703114145e-05,-0.0009244241285529091,0.0032051831730852904,0.002183725567501238,-1.734723475976807e-18,6,absorption
146,2,-9.60913627412835e-05,-0.0008968943206949258,0.003117571795486989,0.00212458611205079,1.0408340855860843e-17,6,absorption
147,2,-9.508528495244261e-05,-0.000869917742685364,0.0030325367337482815,0.002067533706110479,4.336808689942018e-18,6,absorption
148,2,-9.400750191498166e-05,-0.0008436929797824004,0.002921158369413919,0.0019834578877165263,-1.0408340855860843e-17,6,absorption
149,2,-9.28545997960778e-05,-0.0008190803276081844,0.0027249900048269904,0.0018130550774227358,7.589415207398531e-18,6,absorption
150,2,-9.163184856134054e-05,-0.0007958439241383184,0.002651398395838436,0.0017639226231387709,-6.071532165918825e-18,6,absorption
151,2,-9.035961070887222e-05,-0.0007730810001562334,0.002580320675756597,0.001716880064891492,4.336808689942018e-19,6,absorption
152,2,-8.908110842178435e-05,-0.0007507687835171977,0.002512052883342468,0.0016722029914034847,-1.3010426069826053e-18,6,absorption
153,2,-8.78685305960679e-05,-0.0007292344123189924,0.0024004684457114176,0.0015833655027963564,-8.673617379884035e-19,6,absorption
154,2,-8.681433397623186e-05,-0.0007084513549550501,0.002339245158277368,0.0015439794693460906,4.553649124439119e-18,6,absorption
155,2,-8.597830244959419e-05,-0.000688041174797915,0.002280623938410116,0.0015066044611626098,3.0357660829594124e-18,6,absorption
156,2,-8.539854827237543e-05,-0.0006679862271247925,0.0022240540109170594,0.001470669235519896,4.553649124439119e-18,6,absorption
157,2,-8.508993193653014e-05,-0.0006483674232150413,0.002157343867441871,0.0014238865122902997,2.168404344971009e-19,6,absorption
158,2,-8.502346400151537e-05,-0.0006292994668850984,0.002088613141236424,0.0013742902103498073,-3.0357660829594124e-18,6,absorption
159,2,-8.515283688439987e-05,-0.0006107934608850173,0.002023340042084744,0.0013273937443153208,-5.854691731421724e-18,6,absorption
160,2,-8.545019620030152e-05,-0.0005928181851891662,0.0019614100350450556,0.0012831416536555895,1.734723475976807e-18,6,absorption
161,2,-8.588357626763851e-05,-0.0005753420157492727,0.0019027585209357083,0.0012415329289187926,-4.336808689942018e-18,6,absorption
162,2,-8.642087696839808e-05,-0.0005583331808318886,0.0018472407973593344,0.0012024867395590486,8.673617379884035e-19,6,absorption
163,2,-8.703270747889799e-05,-0.000541759877931545,0.0017947974785265132,0.0011660048931160724,2.168404344971009e-18,6,absorption
164,2,-8.76930298004415e-05,-0.0005255900008924682,0.001745310341057612,0.0011320273103647069,4.7704895589362195e-18,6,absorption
165,2,-8.837924176676882e-05,-0.0005097917262017861,0.0016986749187215488,0.001100503950752986,-7.806255641895632e-18,6,absorption
166,2,-8.907127534887475e-05,-0.000498597571755401,0.001122289778947521,0.0005346209318432549,9.75781955236954e-18,6,absorption
167,2,-8.974972268396573e-05,-0.0004919265425234454,0.001100683980831105,0.0005190077156236872,-6.7220534694101275e-18,6,absorption
168,2,-9.039274819169587e-05,-0.00048541418929120856,0.0010816445600146359,0.0005058376225317365,5.095750210681871e-18,6,absorption
169,2,-9.097110585453642e-05,-0.00047902480952935857,0.0010650388447893647,0.0004950429294054669,-2.8189256484623115e-18,6,absorption
170,2,-9.144239125878792e-05,-0.0004727230735970961,0.001050747066481403,0.000486581601625527,8.131516293641283e-18,6,absorption
171,2,-9.175537132077725e-05,-0.00046647355950150054,0.0010386574448742886,0.0004804285140520073,-3.469446951953614e-18,6,absorption
172,2,-9.184937637076232e-05,-0.00046037092243506506,0.0010127069684744629,0.0004604866696686291,-6.396792817664476e-18,6,absorption
173,2,-9.165484773662616e-05,-0.00045436333258476225,0.0010070216220048412,0.00046100344168345866,5.854691731421724e-18,6,absorption
174,2,-9.109420243565025e-05,-0.0004482652366334477,0.001003444602510421,0.0004640851634413225,-5.421010862427522e-19,6,absorption
175,2,-9.008314779118531e-05,-0.0004420479865249218,0.0010002500837409294,0.00046811894942482,-2.2768245622195593e-18,6,absorption
176,2,-8.853298205752639e-05,-0.00043571154179639733,0.0009954138658565433,0.0004711693420026211,1.5178830414797062e-18,6,absorption
177,2,-8.635383951407732e-05,-0.00042927077439685647,0.000988975224664445,0.0004733506107535111,-1.0842021724855044e-19,6,absorption
178,2,-8.34594874427518e-05,-0.0004228399479933994,0.000968811527076645,0.00046251209164049206,-1.734723475976807e-18,6,absorption
179,2,-7.977373646271533e-05,-0.00041643396382065893,0.0009591672246920407,0.0004629595244086647,-1.734723475976807e-18,6,absorption
180,2,-7.523925348899477e-05,-0.00040996584852023816,0.0009479243048401695,0.0004627192028309364,-2.168404344971009e-19,6,absorption
181,2,-6.98293908800606e-05,-0.00040344590938782264,0.0009351917673420722,0.00046191646707419154,2.6020852139652106e-18,6,absorption
182,2,-6.356370031255208e-05,-0.0003968829047175103,0.0009210688633305157,0.0004606222583004513,-2.0599841277224584e-18,6,absorption
183,2,-5.6527883072935423e-05,-0.0003910102727539025,0.0008196391597659588,0.000372101003939123,2.168404344971009e-18,6,absorption
184,2,-4.889797904897433e-05,-0.00038564376129402356,0.0008279759736986049,0.00039343423335560374,-3.3068166260807885e-18,6,absorption
185,2,-4.0966063472019294e-05,-0.00037985927445276756,0.0008363697163017986,0.0004155443783770106,-1.1384122811097797e-18,6,absorption
186,2,-3.315768258023328e-05,-0.00037377406250473024,0.0008295586185732623,0.0004226268734882979,-8.131516293641283e-19,6,absorption
187,2,-2.6013727098612882e-05,-0.0003674171142300453,0.0008345652608032252,0.00044113441947456894,2.0057740190981832e-18,6,absorption
188,2,-2.0042017558096872e-05,-0.0003609372901930861,0.0008116230651192585,0.0004306437573680759,3.2526065174565133e-19,6,absorption
189,2,-1.5347976430191483e-05,-0.00035436036227012434,0.000815977737211518,0.00044626939851120234,1.6263032587282567e-19,6,absorption
190,2,-1.1721177242762847e-05,-0.0003475544112088946,0.000810798342892653,0.00045152275444099166,-3.903127820947816e-18,6,absorption
191,2,-8.840806450574783e-06,-0.00034109154229357183,0.0007498871135366879,0.00039995476479254277,1.463672932855431e-18,6,absorption
192,2,-6.583259208856749e-06,-0.00033666532649395415,0.0005507515568122929,0.0002075029711094828,7.589415207398531e-19,6,absorption
193,2,-4.8387861830519465e-06,-0.00033400222488105845,0.0005284326335434931,0.00018959162247938338,7.047314121155779e-19,6,absorption
194,2,-3.5101284630564955e-06,-0.0003316152615957411,0.000507159128940791,0.00017203373888199577,2.439454888092385e-18,6,absorption
195,2,-2.512681576138948e-06,-0.00032950021073945127,0.0004869307297445867,0.00015491783742899515,-1.3552527156068805e-18,6,absorption
196,2,-1.7746187347339074e-06,-0.00032765122300817723,0.00046774926509709884,0.00013832342335418774,5.421010862427522e-20,6,absorption
197,2,-1.2363519834986463e-06,-0.00032606111823077055,0.0004496037707957709,0.0001223063005815067,5.041540102057596e-18,6,absorption
198,2,-8.49481926991897e-07,-0.0003247216254301775,0.000432490891094807,0.00010691978373763428,-3.3068166260807885e-18,6,absorption
199,2,-5.754865952102032e-07,-0.0003236183166994891,0.0004169906170104375,9.279681371573631e-05,-1.8973538018496328e-18,6,absorption
200,2,-3.8429819551574077e-07,-0.00032273664997810206,0.00040241899406795857,7.929804589433889e-05,-1.8973538018496328e-18,6,absorption
201,2,-2.52885874248e-07,-0.0003220672221897592,0.0003887678738896204,6.644776582561546e-05,2.2768245622195593e-18,6,absorption
202,2,-1.63931440277716e-07,-0.00032160012168840535,0.00037602780001725234,5.4263746888567194e-05,-2.0599841277224584e-18,6,absorption
203,2,-1.0464691523799692e-07,-0.0003213251066933364,0.00036418196205689133,4.275220844832117e-05,4.2825985813177425e-18,6,absorption
204,2,-6.57579195369012e-08,-0.00032123162079768686,0.00035321951732478674,3.192213860755966e-05,-3.3068166260807885e-18,6,absorption
205,2,-4.0657732595956175e-08,-0.0003213089698233973,0.0003431219395052205,2.177231194922663e-05,-6.505213034913027e-19,6,absorption
206,2,-2.4723602938699914e-08,-0.00032154634950690684,0.00033386604392705334,1.2294970817210843e-05,3.0357660829594124e-18,6,absorption
207,2,-1.4778723980659397e-08,-0.00032193293316398546,0.0003254407103432665,3.4929984552983795e-06,-2.0057740190981832e-18,6,absorption
208,2,-8.67927735215366e-09,-0.0003224579157829386,0.00031780962545517415,-4.656969605117134e-06,-5.421010862427522e-19,6,absorption
209,2,-5.004918371272674e-09,-0.00032304632845637767,0.00031817229306236894,-4.879040312381205e-06,-1.1926223897340549e-18,6,absorption
210,2,-2.8320540721455838e-09,-0.00032349109554583033,0.0003339124225918783,1.0418494991976113e-05,3.2526065174565133e-19,6,absorption
211,2,-1.5714434192435312e-09,-0.0003236511961919548,0.00034969270641392234,2.603993877854996e-05,1.6805133673525319e-18,6,absorption
212,2,-8.544083706078478e-10,-0.000323524285677416,0.000364971720631436,4.1446580545646816e-05,-2.5478751053409354e-18,6,absorption
213,2,-4.5483280988325853e-10,-0.00032311315149177435,0.00037972131896680877,5.6607712642226665e-05,2.1141942363467336e-18,6,absorption
214,2,-2.368526675831257e-10,-0.00032242076191450335,0.00039396031966657343,7.153932089939974e-05,-2.7647155398380363e-18,6,absorption
215,2,-1.205406328626411e-10,-0.00032145017462128903,0.00040767755821557864,8.622726305365994e-05,3.198396408832238e-18,6,absorption
216,2,-5.989222406331749e-11,-0.00032020484150428415,0.0004208538019431185,0.0001006489005466113,9.75781955236954e-19,6,absorption
217,2,-2.9020387689812018e-11,-0.0003186882890002028,0.00043351438218838654,0.00011482606416779104,-4.9873299934333204e-18,6,absorption
218,2,-1.3696274685247746e-11,-0.00031690442944947654,0.0004456113559513968,0.0001287069128056463,7.589415207398531e-19,6,absorption
219,2,-6.28768306091807e-12,-0.0003148574506799505,0.00045717218406451086,0.00014231472709688026,2.927345865710862e-18,6,absorption
220,2,-2.803730925628239e-12,-0.0003125516972398209,0.00046817630157776574,0.00015562460153421484,9.215718466126788e-19,6,absorption
221,2,-1.2124046787222274e-12,-0.0003099920512207692,0.0004785956682485997,0.00016860361581542277,-3.0357660829594124e-18,6,absorption
222,2,-5.075330573628008e-13,-0.00030718355603322087,0.0004884656248729482,0.00018128206833219196,-2.3310346708438345e-18,6,absorption
223,2,-2.0528118574310063e-13,-0.00030413165991647636,0.0004977166257871674,0.0001935849656654158,5.9631119486702744e-18,6,absorption
224,2,-8.005283581211256e-14,-0.0003008423366677656,0.0005063897904431136,0.0002055474536952935,-1.6805133673525319e-18,6,absorption
225,2,-3.002763305779628e-14,-0.0002973216023767812,0.0005144543126034693,0.00021713271019666025,-2.168404344971009e-19,6,absorption
226,2,-1.0805392363366887e-14,-0.0002936573940632056,0.0005129915560440281,0.00021933416197001537,-1.734723475976807e-18,6,absorption
227,2,-3.719283629653371e-15,-0.00029137518150095757,0.0003539358948325743,6.256071332789992e-05,2.4936649967166602e-18,6,absorption
228,2,-1.2205218894579147e-15,-0.00029236577231245156,0.00014916729440261884,-0.00014319847791105164,1.6263032587282567e-18,6,absorption
229,2,-3.8043863861075385e-16,-0.0002966090662155493,0.0,-0.0002966090662159318,-2.0599841277224584e-18,6,absorption
230,2,-1.121619794008924e-16,-0.0003022969233588261,0.0,-0.00030229692335893843,-1.6263032587282567e-19,6,absorption
231,2,-3.112725616273427e-17,-0.0003080911702710972,0.0,-0.00030809117027113045,-2.1141942363467336e-18,6,absorption
232,2,-8.086743338521021e-18,-0.0003139936047251307,0.0,-0.00031399360472513654,2.222614453595284e-18,6,absorption
233,2,-1.9542210440557843e-18,-0.0003200061196850555,0.0,-0.0003200061196850616,-4.174178364069192e-18,6,absorption
234,2,-4.36026205833074e-19,-0.00032613053952359225,0.0,-0.00032613053952359333,-6.505213034913027e-19,6,absorption
235,2,-8.904198381878602e-20,-0.0003323688142927785,0.0,-0.0003323688142927751,3.469446951953614e-18,6,absorption
236,2,-1.6470732617358698e-20,-0.00033872281718642645,0.0,-0.00033872281718642927,-2.8189256484623115e-18,6,absorption
237,2,-2.725539572452628e-21,-0.0003451945300536175,0.0,-0.0003451945300536191,-1.6263032587282567e-18,6,absorption
238,2,-3.9739659023085e-22,-0.00035178589683667856,0.0,-0.00035178589683667813,4.336808689942018e-19,6,absorption
239,2,-5.010553029328646e-23,-0.00035849891687281385,0.0,-0.00035849891687281255,1.3010426069826053e-18,6,absorption
240,2,-5.335741868948769e-24,-0.00036533560057420695,0.0,-0.0003653356005742063,6.505213034913027e-19,6,absorption
241,2,-4.655740335228646e-25,-0.0003722979708948744,0.0,-0.00037229797089487204,2.3310346708438345e-18,6,absorption
242,2,-3.19816762215421e-26,-0.00037938810303274285,0.0,-0.0003793881030327434,-5.421010862427522e-19,6,absorption
243,2,-1.6377496909064983e-27,-0.0003866080494272331,0.0,-0.0003866080494272367,-3.577867169202165e-18,6,absorption
244,2,-5.784812454145092e-29,-0.000393959933753508,0.0,-0.00039395993375350435,3.63207727782644e-18,6,absorption
245,2,-1.2531353225788028e-30,-0.00040144584730347565,0.0,-0.00040144584730347765,-2.0057740190981832e-18,6,absorption
246,2,-1.3710450912595364e-32,-0.0004090679628130763,0.0,-0.00040906796281307833,-2.0599841277224584e-18,6,absorption
247,2,-5.226184862122283e-35,-0.0004122071019815796,0.0004981224882081584,8.591538622658434e-05,5.5294310796760726e-18,6,absorption
248,2,-2.6497920094594433e-38,-0.00040577229621359737,0.0010370771793996416,0.0006313048831860443,1.0842021724855044e-19,6,absorption
249,2,0.0,-0.00038952512581327424,0.0015405722065850486,0.0011510470807717735,-8.673617379884035e-19,6,absorption
250,2,0.0,-0.000363922415263865,0.0020097039025985886,0.0016457814873347236,0.0,6,absorption
251,2,0.0,-0.00032941109742484287,0.002445642566815549,0.002116231469390703,-3.0357660829594124e-18,6,absorption
252,2,0.0,-0.0002864255342721233,0.0028496868580701537,0.0025632613237980325,2.168404344971009e-18,6,absorption
253,2,0.0,-0.00023539114206373585,0.0032226264307793698,0.002987235288715631,-3.0357660829594124e-18,6,absorption
254,2,0.0,-0.00017672187272303494,0.0035659813445005906,0.0033892594717775566,8.673617379884035e-19,6,absorption
255,2,0.0,-0.00011081441055883865,0.0038810792008807295,0.0037702647903218927,1.734723475976807e-18,6,absorption
256,2,0.0,-3.80519768219859e-05,0.004169059410235469,0.004131007433413482,-8.673617379884035e-19,6,absorption
0,4,0.0,0.0,0.0,0.0,0.0,6,recovery
1,4,0.0,0.0,0.0,0.0,0.0,6,recovery
2,4,0.0,0.0,0.0,0.0,0.0,6,recovery
3,4,0.0,0.0,0.0,0.0,0.0,6,recovery
4,4,0.0,0.0,0.0,0.0,0.0,6,recovery
5,4,0.0,0.0,0.0,0.0,0.0,6,recovery
6,4,0.0,0.0,0.0,0.0,0.0,6,recovery
7,4,0.0,0.0,0.0,0.0,0.0,6,recovery
8,4,0.0,0.0,0.0,0.0,0.0,6,recovery
9,4,0.0,0.0,0.0,0.0,0.0,6,recovery
10,4,0.0,0.0,0.0,0.0,0.0,6,recovery
11,4,0.0,0.0,0.0,0.0,0.0,6,recovery
12,3,0.0,0.0,0.0,0.0,0.0,6,recovery
13,3,0.0,0.0,0.0,0.0,0.0,6,recovery
14,3,0.0,0.0,0.0,0.0,0.0,6,recovery
15,3,0.0,0.0,0.0,0.0,0.0,6,recovery
16,3,0.0,0.0,0.0,0.0,0.0,6,recovery
17,3,0.0,0.0,0.0,0.0,0.0,6,recovery
18,3,0.0,0.0,0.0,0.0,0.0,6,recovery
19,3,0.0,0.0,0.0,0.0,0.0,6,recovery
20,3,0.0,0.0,0.0,0.0,0.0,6,recovery
21,3,0.0,0.0,0.0,0.0,0.0,6,recovery
22,3,0.0,0.0,0.0,0.0,0.0,6,recovery
23,3,0.0,0.0,0.0,0.0,0.0,6,recovery
24,3,0.0,0.0,0.0,0.0,0.0,6,recovery
25,3,0.0,0.0,0.0,0.0,0.0,6,recovery
26,3,0.0,0.0,0.0,0.0,0.0,6,recovery
27,3,0.0,0.0,0.0,0.0,0.0,6,recovery
28,3,0.0,0.0,0.0,0.0,0.0,6,recovery
29,3,0.0,0.0,0.0,0.0,0.0,6,recovery
30,3,0.0,0.0,0.0,0.0,0.0,6,recovery
31,3,0.0,0.0,0.0,0.0,0.0,6,recovery
32,3,0.0,0.0,0.0,0.0,0.0,6,recovery
33,3,0.0,0.0,0.0,0.0,0.0,6,recovery
34,3,0.0,0.0,0.0,0.0,0.0,6,recovery
35,3,0.0,0.0,0.0,0.0,0.0,6,recovery
36,3,0.0,0.0,0.0,0.0,0.0,6,recovery
37,3,0.0,0.0,0.0,0.0,0.0,6,recovery
38,3,0.0,0.0,0.0,0.0,0.0,6,recovery
39,3,0.0,0.0,0.0,0.0,0.0,6,recovery
40,3,0.0,0.0,0.0,0.0,0.0,6,recovery
41,3,0.0,0.0,0.0,0.0,0.0,6,recovery
42,3,0.0,0.0,0.0,0.0,0.0,6,recovery
43,3,0.0,0.0,0.0,0.0,0.0,6,recovery
44,3,0.0,0.0,0.0,0.0,0.0,6,recovery
45,3,0.0,0.0,0.0,0.0,0.0,6,recovery
46,3,0.0,0.0,0.0,0.0,0.0,6,recovery
47,3,0.0,0.0,0.0,0.0,0.0,6,recovery
48,3,0.0,0.0,0.0,0.0,0.0,6,recovery
49,3,0.0,0.0,0.0,0.0,0.0,6,recovery
50,3,0.0,0.0,0.0,0.0,0.0,6,recovery
51,3,0.0,0.0,0.0,0.0,0.0,6,recovery
52,3,0.0,0.0,0.0,0.0,0.0,6,recovery
53,3,0.0,0.0,0.0,0.0,0.0,6,recovery
54,3,0.0,0.0,0.0,0.0,0.0,6,recovery
55,3,0.0,0.0,0.0,0.0,0.0,6,recovery
56,3,0.0,0.0,0.0,0.0,0.0,6,recovery
57,3,0.0,0.0,0.0,0.0,0.0,6,recovery
58,3,0.0,0.0,0.0,0.0,0.0,6,recovery
59,3,0.0,0.0,0.0,0.0,0.0,6,recovery
60,3,0.0,0.0,0.0,0.0,0.0,6,recovery
61,3,0.0,0.0,0.0,0.0,0.0,6,recovery
62,3,0.0,0.0,0.0,0.0,0.0,6,recovery
63,3,0.0,0.0,0.0,0.0,0.0,6,recovery
64,3,0.0,0.0,0.0,0.0,0.0,6,recovery
65,3,0.0,0.0,0.0,0.0,0.0,6,recovery
66,3,0.0,0.0,0.0,0.0,0.0,6,recovery
67,3,0.0,0.0,0.0,0.0,0.0,6,recovery
68,3,0.0,0.0,0.0,0.0,0.0,6,recovery
69,3,0.0,0.0,0.0,0.0,0.0,6,recovery
70,3,0.0,0.0,0.0,0.0,0.0,6,recovery
71,3,0.0,0.0,0.0,0.0,0.0,6,recovery
72,3,0.0,0.0,0.0,0.0,0.0,6,recovery
73,3,0.0,0.0,0.0,0.0,0.0,6,recovery
74,3,0.0,0.0,0.0,0.0,0.0,6,recovery
75,3,0.0,0.0,0.0,0.0,0.0,6,recovery
76,3,0.0,0.0,0.0,0.0,0.0,6,recovery
77,3,0.0,0.0,0.0,0.0,0.0,6,recovery
78,2,0.0,0.0,0.0,0.0,0.0,6,recovery
79,2,0.0,0.0,0.0,0.0,0.0,6,recovery
80,2,0.0,0.0,0.0,0.0,0.0,6,recovery
81,2,0.0,0.0,0.0,0.0,0.0,6,recovery
82,2,0.0,0.0,0.0,0.0,0.0,6,recovery
83,2,0.0,0.0,0.0,0.0,0.0,6,recovery
84,2,0.0,0.0,0.0,0.0,0.0,6,recovery
85,2,0.0,0.0,0.0,0.0,0.0,6,recovery
86,2,0.0,0.0,0.0,0.0,0.0,6,recovery
87,2,0.0,0.0,0.0,0.0,0.0,6,recovery
88,2,0.0,0.0,0.0,0.0,0.0,6,recovery
89,2,0.0,0.0,0.0,0.0,0.0,6,recovery
90,2,0.0,0.0,0.0,0.0,0.0,6,recovery
91,2,0.0,0.0,0.0,0.0,0.0,6,recovery
92,2,0.0,0.0,0.0,0.0,0.0,6,recovery
93,2,0.0,0.0,0.0,0.0,0.0,6,recovery
94,2,0.0,0.0,0.0,0.0,0.0,6,recovery
95,2,0.0,0.0,0.0,0.0,0.0,6,recovery
96,2,0.0,0.0,0.0,0.0,0.0,6,recovery
97,2,0.0,0.0,0.0,0.0,0.0,6,recovery
98,2,0.0,0.0,0.0,0.0,0.0,6,recovery
99,2,0.0,0.0,0.0,0.0,0.0,6,recovery
100,1,0.0,0.0,0.0,0.0,0.0,6,recovery
101,2,0.0,0.0,0.0,0.0,0.0,6,recovery
102,2,0.0,0.0,0.0,0.0,0.0,6,recovery
103,2,0.0,0.0,0.0,0.0,0.0,6,recovery
104,2,0.0,0.0,0.0,0.0,0.0,6,recovery
105,2,0.0,0.0,0.0,0.0,0.0,6,recovery
106,2,0.0,0.0,0.0,0.0,0.0,6,recovery
107,2,0.0,0.0,0.0,0.0,0.0,6,recovery
108,2,0.0,0.0,0.0,0.0,0.0,6,recovery
109,2,0.0,0.0,0.0,0.0,0.0,6,recovery
110,2,0.0,0.0,0.0,0.0,0.0,6,recovery
111,2,0.0,0.0,0.0,0.0,0.0,6,recovery
112,2,0.0,0.0,0.0,0.0,0.0,6,recovery
113,2,0.0,0.0,0.0,0.0,0.0,6,recovery
114,2,0.0,0.0,0.0,0.0,0.0,6,recovery
115,2,0.0,0.0,0.0,0.0,0.0,6,recovery
116,2,0.0,0.0,0.0,0.0,0.0,6,recovery
117,2,0.0,0.0,0.0,0.0,0.0,6,recovery
118,2,0.0,0.0,0.0,0.0,0.0,6,recovery
119,2,0.0,0.0,0.0,0.0,0.0,6,recovery
120,2,0.0,0.0,0.0,0.0,0.0,6,recovery
121,2,0.0,0.0,0.0,0.0,0.0,6,recovery
122,2,0.0,0.0,0.0,0.0,0.0,6,recovery
123,2,0.0,0.0,0.0,0.0,0.0,6,recovery
124,2,0.0,0.0,0.0,0.0,0.0,6,recovery
125,2,0.0,0.0,0.0,0.0,0.0,6,recovery
126,2,0.0,0.0,0.0,0.0,0.0,6,recovery
127,2,0.0,0.0,0.0,0.0,0.0,6,recovery
128,2,0.0,0.0,0.0,0.0,0.0,6,recovery
129,2,0.0,0.0,0.0,0.0,0.0,6,recovery
130,2,0.0,0.0,0.0,0.0,0.0,6,recovery
131,2,0.0,0.0,0.0,0.0,0.0,6,recovery
132,2,0.0,0.0,0.0,0.0,0.0,6,recovery
133,2,0.0,0.0,0.0,0.0,0.0,6,recovery
134,2,0.0,0.0,0.0,0.0,0.0,6,recovery
135,2,0.0,0.0,0.0,0.0,0.0,6,recovery
136,2,0.0,0.0,0.0,0.0,0.0,6,recovery
137,2,0.0,0.0,0.0,0.0,0.0,6,recovery
138,2,0.0,0.0,0.0,0.0,0.0,6,recovery
139,2,0.0,0.0,0.0,0.0,0.0,6,recovery
140,2,0.0,0.0,0.0,0.0,0.0,6,recovery
141,2,0.0,0.0,0.0,0.0,0.0,6,recovery
142,2,0.0,0.0,0.0,0.0,0.0,6,recovery
143,2,0.0,0.0,0.0,0.0,0.0,6,recovery
144,2,0.0,0.0,0.0,0.0,0.0,6,recovery
145,2,0.0,0.0,0.0,0.0,0.0,6,recovery
146,2,0.0,0.0,0.0,0.0,0.0,6,recovery
147,2,0.0,0.0,0.0,0.0,0.0,6,recovery
148,2,0.0,0.0,0.0,0.0,0.0,6,recovery
149,2,0.0,0.0,0.0,0.0,0.0,6,recovery
150,2,0.0,0.0,0.0,0.0,0.0,6,recovery
151,2,0.0,0.0,0.0,0.0,0.0,6,recovery
152,2,0.0,0.0,0.0,0.0,0.0,6,recovery
153,2,0.0,0.0,0.0,0.0,0.0,6,recovery
154,2,0.0,0.0,0.0,0.0,0.0,6,recovery
155,2,0.0,0.0,0.0,0.0,0.0,6,recovery
156,2,0.0,0.0,0.0,0.0,0.0,6,recovery
157,2,0.0,0.0,0.0,0.0,0.0,6,recovery
158,2,0.0,0.0,0.0,0.0,0.0,6,recovery
159,2,0.0,0.0,0.0,0.0,0.0,6,recovery
160,2,0.0,0.0,0.0,0.0,0.0,6,recovery
161,2,0.0,0.0,0.0,0.0,0.0,6,recovery
162,2,0.0,0.0,0.0,0.0,0.0,6,recovery
163,2,0.0,0.0,0.0,0.0,0.0,6,recovery
164,2,0.0,0.0,0.0,0.0,0.0,6,recovery
165,2,0.0,0.0,0.0,0.0,0.0,6,recovery
166,2,0.0,0.0,0.0,0.0,0.0,6,recovery
167,2,0.0,0.0,0.0,0.0,0.0,6,recovery
168,2,0.0,0.0,0.0,0.0,0.0,6,recovery
169,2,0.0,0.0,0.0,0.0,0.0,6,recovery
170,2,0.0,0.0,0.0,0.0,0.0,6,recovery
171,2,0.0,0.0,0.0,0.0,0.0,6,recovery
172,2,0.0,0.0,0.0,0.0,0.0,6,recovery
173,2,0.0,0.0,0.0,0.0,0.0,6,recovery
174,2,0.0,0.0,0.0,0.0,0.0,6,recovery
175,2,0.0,0.0,0.0,0.0,0.0,6,recovery
176,2,0.0,0.0,0.0,0.0,0.0,6,recovery
177,2,0.0,0.0,0.0,0.0,0.0,6,recovery
178,2,0.0,0.0,0.0,0.0,0.0,6,recovery
179,2,0.0,0.0,0.0,0.0,0.0,6,recovery
180,2,0.0,0.0,0.0,0.0,0.0,6,recovery
181,2,0.0,0.0,0.0,0.0,0.0,6,recovery
182,2,0.0,0.0,0.0,0.0,0.0,6,recovery
183,2,0.0,0.0,0.0,0.0,0.0,6,recovery
184,2,0.0,0.0,0.0,0.0,0.0,6,recovery
185,2,0.0,0.0,0.0,0.0,0.0,6,recovery
186,2,0.0,0.0,0.0,0.0,0.0,6,recovery
187,2,0.0,0.0,0.0,0.0,0.0,6,recovery
188,2,0.0,0.0,0.0,0.0,0.0,6,recovery
189,2,0.0,0.0,0.0,0.0,0.0,6,recovery
190,2,0.0,0.0,0.0,0.0,0.0,6,recovery
191,2,0.0,0.0,0.0,0.0,0.0,6,recovery
192,2,0.0,0.0,0.0,0.0,0.0,6,recovery
193,2,0.0,0.0,0.0,0.0,0.0,6,recovery
194,2,0.0,0.0,0.0,0.0,0.0,6,recovery
195,2,0.0,0.0,0.0,0.0,0.0,6,recovery
196,2,0.0,0.0,0.0,0.0,0.0,6,recovery
197,2,0.0,0.0,0.0,0.0,0.0,6,recovery
198,2,0.0,0.0,0.0,0.0,0.0,6,recovery
199,2,0.0,0.0,0.0,0.0,0.0,6,recovery
200,2,0.0,0.0,0.0,0.0,0.0,6,recovery
201,2,0.0,0.0,0.0,0.0,0.0,6,recovery
202,2,0.0,0.0,0.0,0.0,0.0,6,recovery
203,2,0.0,0.0,0.0,0.0,0.0,6,recovery
204,2,0.0,0.0,0.0,0.0,0.0,6,recovery
205,2,0.0,0.0,0.0,0.0,0.0,6,recovery
206,2,0.0,0.0,0.0,0.0,0.0,6,recovery
207,2,0.0,0.0,0.0,0.0,0.0,6,recovery
208,2,0.0,0.0,0.0,0.0,0.0,6,recovery
209,2,0.0,0.0,0.0,0.0,0.0,6,recovery
210,2,0.0,0.0,0.0,0.0,0.0,6,recovery
211,2,0.0,0.0,0.0,0.0,0.0,6,recovery
212,2,0.0,0.0,0.0,0.0,0.0,6,recovery
213,2,0.0,0.0,0.0,0.0,0.0,6,recovery
214,2,0.0,0.0,0.0,0.0,0.0,6,recovery
215,2,0.0,0.0,0.0,0.0,0.0,6,recovery
216,2,0.0,0.0,0.0,0.0,0.0,6,recovery
217,2,0.0,0.0,0.0,0.0,0.0,6,recovery
218,2,0.0,0.0,0.0,0.0,0.0,6,recovery
219,2,0.0,0.0,0.0,0.0,0.0,6,recovery
220,2,0.0,0.0,0.0,0.0,0.0,6,recovery
221,2,0.0,0.0,0.0,0.0,0.0,6,recovery
222,2,0.0,0.0,0.0,0.0,0.0,6,recovery
223,2,0.0,0.0,0.0,0.0,0.0,6,recovery
224,2,0.0,0.0,0.0,0.0,0.0,6,recovery
225,2,0.0,0.0,0.0,0.0,0.0,6,recovery
226,2,0.0,0.0,0.0,0.0,0.0,6,recovery
227,2,0.0,0.0,0.0,0.0,0.0,6,recovery
228,2,0.0,0.0,0.0,0.0,0.0,6,recovery
229,2,0.0,3.706305828799599e-07,4.0073556519720655e-05,4.044418710260062e-05,6.776263578034403e-21,6,recovery
230,2,0.0,2.7015405972315687e-06,0.00021056905283272376,0.00021327059342995535,2.710505431213761e-20,6,recovery
231,2,0.0,8.13253505208169e-06,0.0003687057155520525,0.00037683825060413423,5.421010862427522e-20,6,recovery
232,2,0.0,1.650476098600954e-05,0.0005148577721132836,0.0005313625330992932,0.0,6,recovery
233,2,0.0,2.76636392113103e-05,0.0006495715395596106,0.0006772351787709208,-1.0842021724855044e-19,6,recovery
234,2,0.0,4.1458731617573804e-05,0.0007731914504247083,0.0008146501820422824,3.2526065174565133e-19,6,recovery
235,2,0.0,5.77432121971854e-05,0.0008861932354008568,0.0009439364475980422,1.0842021724855044e-19,6,recovery
236,2,0.0,7.637512646114664e-05,0.0009890322841005464,0.0010654074105616936,4.336808689942018e-19,6,recovery
237,2,-2.521298169546678e-40,9.72161552998708e-05,0.0010820376199025565,0.0011792537752024265,-8.673617379884035e-19,6,recovery
238,2,-5.278967865697437e-37,0.00012013260760221025,0.0011657575076286408,0.0012858901152308522,1.0842021724855044e-18,6,recovery
239,2,-1.4810707161270081e-34,0.0001449951703129728,0.0012404781804700676,0.0013854733507830397,-8.673617379884035e-19,6,recovery
240,2,-1.4683387874591232e-32,0.00017167826804735767,0.001306664813786865,0.0014783430818342217,-1.0842021724855044e-18,6,recovery
241,2,-7.449710047278921e-31,0.00020006157773237588,0.001364743695055307,0.0015648052727876838,8.673617379884035e-19,6,recovery
242,2,-2.3405960692155746e-29,0.00023002840102138126,0.0014149934913934767,0.0016450218924148573,-6.505213034913027e-19,6,recovery
243,2,-5.103095277696161e-28,0.0002614669620419957,0.0014579676378370932,0.001719434599879088,-8.673617379884035e-19,6,recovery
244,2,-8.319475359764516e-27,0.0002922370786816282,0.0012766409295328763,0.0015688780082145047,2.168404344971009e-19,6,recovery
245,2,-1.0686570936641283e-25,0.00031618371600193834,0.0006640664375763051,0.0009802501535782458,2.3852447794681098e-18,6,recovery
246,2,-1.1240112900126208e-24,0.0003293400997420099,7.464368018478997e-05,0.0004039837799267969,-3.0357660829594124e-18,6,recovery
247,2,-9.968608656257062e-24,0.0003365210392852748,0.0,0.00033652103928527577,9.75781955236954e-19,6,recovery
248,2,-7.628204670480836e-23,0.00034312853689839776,0.0,0.00034312853689839884,1.0842021724855044e-18,6,recovery
249,2,-5.130332820247069e-22,0.000349851287708443,0.0,0.0003498512877084421,-8.673617379884035e-19,6,recovery
250,2,-3.078527266898446e-21,0.0003566909493914138,0.0,0.0003566909493914125,-1.3010426069826053e-18,6,recovery
251,2,-1.6689004198424825e-20,0.00036364915881939553,0.0,0.0003636491588193992,3.686287386450715e-18,6,recovery
252,2,-8.259403264858523e-20,0.00037072759139095764,0.0,0.0003707275913909548,-2.710505431213761e-18,6,recovery
253,2,-3.764828256633453e-19,0.0003779278980150962,0.0,0.00037792789801509297,-2.8731357570865868e-18,6,recovery
254,2,-1.5926101225092381e-18,0.00038525176199733814,0.0,0.0003852517619973399,3.3068166260807885e-18,6,recovery
255,2,-6.293273950117927e-18,0.0003927008475223798,0.0,0.000392700847522371,-2.4936649967166602e-18,6,recovery
256,2,-2.3361858966707952e-17,0.0004002768490611728,0.0,0.00040027684906114927,-1.6263032587282567e-19,6,recovery
0,3,-0.03389493909315834,0.010459381992010748,0.005076029729205058,-0.01835952737194252,1.734723475976807e-17,7,absorption
1,3,-0.03835086150674284,0.010748394586571728,0.006459101209088398,-0.02114336571108269,2.42861286636753e-17,7,absorption
2,3,-0.044137314846004895,0.011309345474521415,4.175436235541491e-05,-0.032786215009128095,-2.7755575615628914e-17,7,absorption
3,3,-0.04589469247349204,0.010892793340261421,0.05732491523084496,0.022323016097614334,-6.938893903907228e-18,7,absorption
4,3,-0.0479917736053707,0.010520454787529946,0.00013133018915152236,-0.0373399886286892,3.469446951953614e-17,7,absorption
5,3,-0.04268834223302796,0.00921776700412923,0.11176027616900794,0.07828970094010923,2.7755575615628914e-17,7,absorption
6,3,-0.03588041693351418,0.007677320221821288,0.00025637768207982634,-0.02794671902961307,-3.469446951953614e-18,7,absorption
7,3,-0.029293173844067592,0.006664466162853329,0.09127308705667181,0.06864437937545756,1.3877787807814457e-17,7,absorption
8,3,-0.02050259554452992,0.005334235958737684,0.0004165678065684721,-0.014751791779223783,-1.9081958235744878e-17,7,absorption
9,3,-0.016971055035862586,0.004885094919191581,0.04287785644747289,0.0307918963308019,1.3877787807814457e-17,7,absorption
10,3,-0.012085415726912466,0.004252274127911063,0.000618502755904588,-0.007214638843096838,-2.3418766925686896e-17,7,absorption
11,3,-0.010813599778813044,0.004070524110268036,0.015291161523029454,0.008548085854484466,2.0816681711721685e-17,7,absorption
12,3,-0.009029925541197116,0.0038179284498475047,0.0008640662315074043,-0.004347930859842197,9.540979117872439e-18,7,absorption
13,3,-0.008595797382396068,0.003711300554385653,0.005505520142408905,0.0006210233143984778,-1.1275702593849246e-17,7,absorption
14,3,-0.008005140595772382,0.0035763497643872583,0.0011414759582354449,-0.003287314873149677,2.168404344971009e-18,7,absorption
15,3,-0.00785126497130491,0.0034839202464288016,0.002322631236353204,-0.0020447134885228924,1.214306433183765e-17,7,absorption
16,3,-0.0076422138525859065,0.0033722747365510677,0.0020486069844197568,-0.0022213321316151002,-1.8648277366750676e-17,7,absorption
17,3,-0.007588028918329281,0.0032693611607376724,0.001659915134825631,-0.002658752622765964,1.3010426069826053e-17,7,absorption
18,3,-0.007475014063296016,0.003159186486776677,0.002624600102240581,-0.0016912274742787725,-1.474514954580286e-17,7,absorption
19,3,-0.007353318317561796,0.0030439641158657204,0.00209824304118924,-0.0022111111605068456,-1.0408340855860843e-17,7,absorption
20,3,-0.007268811727097571,0.0029323409382566697,0.0025422482151020507,-0.0017942225737388462,4.7704895589362195e-18,7,absorption
21,3,-0.007165335480532883,0.0028163413772820164,0.002703078191051895,-0.001645915912198953,1.8214596497756474e-17,7,absorption
22,3,-0.007083409125107747,0.0027007474707576116,0.0028340313364151326,-0.001548630317935007,-4.336808689942018e-18,7,absorption
23,3,-0.00700202567895111,0.002584907519058892,0.0030894093167736277,-0.0013277088431186135,-2.2551405187698492e-17,7,absorption
24,3,-0.006920542186245545,0.0024682720084847317,0.0033177248900359644,-0.001134545287724803,4.597017211338539e-17,7,absorption
25,3,-0.00684622440615689,0.0023520050109513296,0.00348792667940367,-0.0010062927158019097,-1.9949319973733282e-17,7,absorption
26,3,-0.006774116202269727,0.0022362013077677515,0.003760403489506371,-0.0007775114049956289,-2.42861286636753e-17,7,absorption
27,3,-0.006704299076033723,0.00212070951132619,0.0039604804477562615,-0.0006231091169512648,6.938893903907228e-18,7,absorption
28,3,-0.006639367024772142,0.002006056545574935,0.0041818807166296885,-0.00045142976256751233,6.071532165918825e-18,7,absorption
29,3,-0.0065757057083767,0.0018918809244665006,0.004426119412834172,-0.000257705371076028,-1.734723475976807e-18,7,absorption
30,3,-0.006514999837950472,0.0017782899990067492,0.004623270602818583,-0.00011343923612516793,-2.862293735361732e-17,7,absorption
31,3,-0.006456479440987856,0.0016653165597062545,0.004854690854209811,6.352797292824564e-05,3.642919299551295e-17,7,absorption
32,3,-0.006398866971262233,0.0015527467377724272,0.005063922333374523,0.00021780209988470078,-1.5612511283791264e-17,7,absorption
33,3,-0.006343221171267788,0.0014405836280039933,0.00525011851510002,0.0003474809718362337,8.673617379884035e-18,7,absorption
34,3,-0.006288887184812171,0.001328780798135285,0.005421734059614683,0.0004616276729378088,1.1275702593849246e-17,7,absorption
35,3,-0.006235187541544313,0.001217260087330471,0.005593852454780005,0.0005759250005661354,-2.7755575615628914e-17,7,absorption
36,3,-0.006181987611762599,0.001105977915941933,0.00575179981321951,0.0006757901173988501,6.071532165918825e-18,7,absorption
37,3,-0.006129090693888067,0.0009950311822331834,0.00590716899535809,0.0007731094837032104,3.469446951953614e-18,7,absorption
38,3,-0.0060763784521707075,0.000884525446009597,0.00604231737120642,0.0008504643650453225,1.3010426069826053e-17,7,absorption
39,3,-0.006023635112622576,0.0007746110270452429,0.006180481365720207,0.00093145728014285,-2.42861286636753e-17,7,absorption
40,3,-0.005970725415781853,0.0006654701240191863,0.006297658528155427,0.000992403236392797,3.729655473350135e-17,7,absorption
41,3,-0.005917714840963224,0.0005573271830943099,0.006410904016090223,0.0010505163582212873,-2.2551405187698492e-17,7,absorption
42,3,-0.005864335231425384,0.0004503939309091713,0.006514980223761249,0.0011010389232450346,-1.734723475976807e-18,7,absorption
43,3,-0.005810704003511515,0.0003449297167476714,0.006603781084428131,0.0011380067976642927,5.204170427930421e-18,7,absorption
44,3,-0.005756662891559598,0.00024117711135891392,0.0066905654443987755,0.001175079664198081,-1.0408340855860843e-17,7,absorption
45,3,-0.005702096509175466,0.00013937555864220952,0.006762078046205766,0.0011993570956725097,0.0,7,absorption
46,3,-0.005646954869796659,3.97937749783901e-05,0.006827751756905715,0.001220590662087434,-1.214306433183765e-17,7,absorption
47,3,-0.005591015873167105,-5.736749518580193e-05,0.006886116990730827,0.0012377336223779178,-1.734723475976807e-18,7,absorption
48,3,-0.005534293062233803,-0.00015186195147706265,0.0069325613582285365,0.0012464063445176976,2.688821387764051e-17,7,absorption
49,3,-0.005476784514160028,-0.00024349221799887887,0.006976268980743387,0.00125599224858447,-1.0408340855860843e-17,7,absorption
50,3,-0.005418658904595141,-0.0003320908077926141,0.007008357049066594,0.0012576073366788176,-2.168404344971009e-17,7,absorption
51,3,-0.005360804937210964,-0.0004175555552900371,0.006991825431699036,0.0012134649391980223,-1.3010426069826053e-17,7,absorption
52,3,-0.005303951944311832,-0.0004999442518481402,0.006957081124009935,0.0011531849278499928,3.0357660829594124e-17,7,absorption
53,3,-0.005248227588787806,-0.000579197645751399,0.00692150206835513,0.0010940768338159323,6.938893903907228e-18,7,absorption
54,3,-0.005193742835279569,-0.0006552513170669013,0.00688605746736245,0.0010370633150159903,1.0408340855860843e-17,7,absorption
55,3,-0.005140673892422549,-0.0007280708555331152,0.006846495382519122,0.0009777506345634568,0.0,7,absorption
56,3,-0.005089176474896896,-0.0007976042172397728,0.006806720554606136,0.0009199398624694655,-1.734723475976807e-18,7,absorption
57,3,-0.005039317221896286,-0.0008638428108045328,0.006766816521108502,0.0008636564884076936,1.0408340855860843e-17,7,absorption
58,3,-0.004991202646661555,-0.0009267413793524861,0.006724605980055504,0.0008066619540414433,-1.9081958235744878e-17,7,absorption
59,3,-0.004944875414402878,-0.0009862843933977142,0.006684474514250855,0.0007533147064502643,1.734723475976807e-18,7,absorption
60,3,-0.0049003522167015675,-0.0010424830802187315,0.006642907204770917,0.0007000719078506246,6.071532165918825e-18,7,absorption
61,3,-0.004857643756859355,-0.0010953578906246766,0.0066025739156914485,0.0006495722682074156,-1.734723475976807e-18,7,absorption
62,3,-0.004816683778691758,-0.0011449269957004916,0.006563543501897197,0.0006019327275049446,-2.6020852139652106e-18,7,absorption
63,3,-0.004777435459003804,-0.0011912138156763832,0.006524246702925882,0.0005555974282456799,-1.474514954580286e-17,7,absorption
64,3,-0.004739832180354385,-0.0012342447490029005,0.006487711854723318,0.0005136349253660466,1.3877787807814457e-17,7,absorption
65,3,-0.004703818426494935,-0.0012740811261405997,0.006451404405593379,0.00047350485295782896,-1.5612511283791264e-17,7,absorption
66,3,-0.004669371094757253,-0.001310832206628997,0.006417022976609328,0.0004368196752231046,2.6020852139652106e-17,7,absorption
67,3,-0.004636434129784939,-0.0013445492495905396,0.006384561141616273,0.0004035777622408143,1.9949319973733282e-17,7,absorption
68,3,-0.004604970971341592,-0.001375354622843942,0.006351591288815197,0.0003712656946296411,-2.168404344971009e-17,7,absorption
69,3,-0.00457495262689331,-0.0014033621692229826,0.006316980635324326,0.0003386658392080244,-8.673617379884035e-18,7,absorption
70,3,-0.0045463115259887,-0.0014287265484785655,0.00628375504563811,0.0003087169711708526,7.806255641895632e-18,7,absorption
71,3,-0.0045189219837929165,-0.0014516615487269518,0.006253104228166179,0.0002825206956462989,-1.214306433183765e-17,7,absorption
72,3,-0.004492612244700081,-0.0014722612434590137,0.0062249290502036855,0.0002600555620445588,-3.122502256758253e-17,7,absorption
73,3,-0.004467199609620349,-0.0014907289689758555,0.006198308995791116,0.00024038041719492975,1.8214596497756474e-17,7,absorption
74,3,-0.004442450626282438,-0.0015071998179908678,0.006174499291842304,0.00022484884756898693,-1.1275702593849246e-17,7,absorption
75,3,-0.004418101443982934,-0.001521856677003244,0.006152148927301402,0.00021219080631526555,4.163336342344337e-17,7,absorption
76,3,-0.0043938814671962605,-0.001534972096753585,0.006131811228611806,0.00020295766466196796,7.806255641895632e-18,7,absorption
77,3,-0.004369506696872067,-0.0015466584541149043,0.0061133596374694016,0.00019719448648242155,-7.806255641895632e-18,7,absorption
78,3,-0.004344740558797966,-0.001557148530029041,0.00609609903215773,0.00019420994333071984,-3.469446951953614e-18,7,absorption
79,3,-0.004319400001872592,-0.0015665833530460892,0.006080810551978635,0.00019482719705993246,-2.2551405187698492e-17,7,absorption
80,3,-0.0042933598411583705,-0.001575143998508422,0.006066525755421191,0.00019802191575440942,1.1275702593849246e-17,7,absorption
81,3,-0.004266525248642048,-0.0015830825773943064,0.006053556084889744,0.00020394825885339252,2.6020852139652106e-18,7,absorption
82,3,-0.004238807181089963,-0.0015904824070750953,0.006041779038194764,0.00021248945002969033,-1.5612511283791264e-17,7,absorption
83,3,-0.004210156705493374,-0.001597477475594095,0.006030780656893641,0.0002231464758062074,3.5561831257524545e-17,7,absorption
84,3,-0.004180545291633399,-0.0016041333004834114,0.006021079891569631,0.00023640129945282085,0.0,7,absorption
85,3,-0.004149947419355754,-0.0016105117638976613,0.006012762976715769,0.00025230379346236065,7.806255641895632e-18,7,absorption
86,2,-0.00411806497669991,-0.0016164861648809727,0.006038510643217076,0.0003039595016361696,-2.42861286636753e-17,7,absorption
87,2,-0.004084496841548707,-0.0016217815252432322,0.006081077181107506,0.00037479881431556894,1.734723475976807e-18,7,absorption
88,2,-0.004049131225273278,-0.0016262804140671008,0.006120996536011268,0.00044558489667090306,1.3877787807814457e-17,7,absorption
89,2,-0.004012007356091368,-0.0016299696813409541,0.006158867160445809,0.0005168901230135081,2.168404344971009e-17,7,absorption
90,2,-0.0039731450831452025,-0.0016328396711798444,0.006194361092632243,0.0005883763383071616,-3.469446951953614e-17,7,absorption
91,2,-0.003932554631894678,-0.0016348859309690267,0.006227792559704511,0.0006603519968408078,8.673617379884035e-19,7,absorption
92,2,-0.003890230023213894,-0.0016360987176552225,0.006259119099805455,0.000732790358936336,-2.6020852139652106e-18,7,absorption
93,2,-0.003846158356538361,-0.0016365023521167994,0.006288271401520793,0.0008056106928656381,6.071532165918825e-18,7,absorption
94,2,-0.00380032480939993,-0.001636091469904304,0.0063154921238955785,0.0008790758445913482,3.469446951953614e-18,7,absorption
95,2,-0.0037527277724553774,-0.001634810230022061,0.006340530146708398,0.0009529921442309464,-1.3010426069826053e-17,7,absorption
96,2,-0.003703388832694515,-0.0016325906433361246,0.006363554718054495,0.0010275752420238482,-6.938893903907228e-18,7,absorption
97,2,-0.0036523502025957028,-0.0016294000466036801,0.006384525450227104,0.0011027752010277225,1.734723475976807e-18,7,absorption
98,2,-0.0035996612176748756,-0.00162519572456012,0.006403383954628484,0.0011785270123934877,-8.673617379884035e-19,7,absorption
99,2,-0.002172527973192241,-0.0009903956310152074,0.003907211029396686,0.0007442874251892551,1.691355389077387e-17,7,absorption
100,1,-0.001373153302250323,-0.0006297606276971473,0.0024871302796405687,0.0004842163496930896,-8.673617379884035e-18,7,absorption
101,2,-0.003490046395628917,-0.0016139374093952588,0.006435212362430394,0.0013312285574062221,3.469446951953614e-18,7,absorption
102,2,-0.003432842526228244,-0.0016065090375875857,0.006448034544013296,0.0014086829801974732,6.938893903907228e-18,7,absorption
103,2,-0.003374318201579322,-0.0015979460594478078,0.0064588910118647935,0.0014866267508376607,-2.6020852139652106e-18,7,absorption
104,2,-0.0033145068272782932,-0.0015881714681236006,0.006476137494077153,0.00157345919867527,1.0408340855860843e-17,7,absorption
105,2,-0.0032532283197036467,-0.001576953601761014,0.006516672011021383,0.001686490089556708,-1.3877787807814457e-17,7,absorption
106,2,-0.0031903760436776366,-0.0015641073371397618,0.0065546056787732475,0.0018001222979558695,2.0816681711721685e-17,7,absorption
107,2,-0.0031260706369918754,-0.0015496132474754724,0.006588191742443178,0.001912507857975837,6.938893903907228e-18,7,absorption
108,2,-0.0030604369470995005,-0.0015334650476608509,0.006617472775805763,0.0020235707810453835,-2.7755575615628914e-17,7,absorption
109,2,-0.00299358979867914,-0.0015156582420121191,0.006642496955600529,0.00213324891490925,-1.9949319973733282e-17,7,absorption
110,2,-0.002925631641518124,-0.0014961887328794835,0.006663383446560347,0.0022415630721627777,3.8163916471489756e-17,7,absorption
111,2,-0.0028650135875195855,-0.0014814011457844134,0.005685605094646369,0.0013391903613423628,-6.938893903907228e-18,7,absorption
112,2,-0.0028118817306325597,-0.0014716301916331428,0.005696373992294227,0.0014128620700285255,8.673617379884035e-19,7,absorption
113,2,-0.0027580618416443914,-0.0014607464275142804,0.005701466792937697,0.001482658523779018,-6.938893903907228e-18,7,absorption
114,2,-0.0027036582297643363,-0.0014487777976870742,0.005702414702954375,0.0015499786755029527,-1.1275702593849246e-17,7,absorption
115,2,-0.002648726784695659,-0.001435742920531443,0.005699327888065259,0.001614858182838158,8.673617379884035e-19,7,absorption
116,2,-0.0025933168775605963,-0.0014216609226577902,0.00569225049716794,0.001677272696949575,2.168404344971009e-17,7,absorption
117,2,-0.002537471732345451,-0.0014065514171618483,0.0056812982651227644,0.0017372751156154581,-6.938893903907228e-18,7,absorption
118,2,-0.0024812266166819898,-0.0013904338457439856,0.005666541884915579,0.0017948814224895832,-2.0383000842727483e-17,7,absorption
119,2,-0.0024246114423265275,-0.00137332777904521,0.005648061910740169,0.0018501226893684608,2.905661822261152e-17,7,absorption
120,2,-0.0023676541828588048,-0.0013552529548045578,0.0056259651708419865,0.0019030580331786118,-1.214306433183765e-17,7,absorption
121,2,-0.002310388195965068,-0.0013362328834860167,0.0055997061781278045,0.0019530850986767129,-6.938893903907228e-18,7,absorption
122,2,-0.0022530156247637097,-0.0013164278642414976,0.005549862232610407,0.001980418743605203,3.469446951953614e-18,7,absorption
123,2,-0.0021958048760073847,-0.0012960576628033038,0.005488504704510807,0.001996642165700113,-5.637851296924623e-18,7,absorption
124,2,-0.0021388480591085085,-0.0012751989305440658,0.005425937877307929,0.002011890887655368,1.3444106938820255e-17,7,absorption
125,2,-0.0020821611223435024,-0.0012538615095909152,0.005362223839298859,0.0020262012073644364,-4.7704895589362195e-18,7,absorption
126,2,-0.002025764686984198,-0.0012320545930323778,0.005297398580350009,0.0020395793003334384,4.7704895589362195e-18,7,absorption
127,2,-0.0019696794173197224,-0.0012097873657694166,0.005231532393085973,0.0020520656099968226,-1.1275702593849246e-17,7,absorption
128,2,-0.0019139306505244922,-0.0011870695924564793,0.005164669659199309,0.0020636694162183417,4.336808689942018e-18,7,absorption
129,2,-0.001858547467836195,-0.001163910074923087,0.0050968623835291015,0.0020744048407698307,1.1275702593849246e-17,7,absorption
130,2,-0.0018035616855875253,-0.0011403188430505191,0.00502817418951881,0.002084293660880754,-1.214306433183765e-17,7,absorption
131,2,-0.0017490074139718866,-0.0011163053955129164,0.0049586440433809584,0.0020933312338961424,-1.3010426069826053e-17,7,absorption
132,2,-0.0016949202664453353,-0.001091879524058658,0.004888336539195448,0.002101536748691457,2.6020852139652106e-18,7,absorption
133,2,-0.0016413365332830715,-0.0010670519233055226,0.0048172963887635496,0.0021089079321749554,0.0,7,absorption
134,2,-0.0015882925046286308,-0.0010418325300139127,0.0047455744385094326,0.0021154494038668897,8.673617379884035e-19,7,absorption
135,2,-0.0015358234970058783,-0.0010162326504801174,0.004673228568820551,0.002121172421334555,-4.336808689942018e-19,7,absorption
136,2,-0.0014839632827951077,-0.0009902632108498499,0.004600298107876924,0.002126071614231978,1.214306433183765e-17,7,absorption
137,2,-0.0014328686402867636,-0.000964049209679298,0.0045112544322436065,0.00211433658227754,-4.7704895589362195e-18,7,absorption
138,2,-0.001382560320489145,-0.0009375999587748762,0.004438462587965927,0.0021183023087019,-5.637851296924623e-18,7,absorption
139,2,-0.001333025786859795,-0.0009108952307524487,0.004353365043048786,0.002109444025436537,-6.071532165918825e-18,7,absorption
140,2,-0.00128464664261236,-0.0008842834855267499,0.004234842217797327,0.0020659120896582214,4.336808689942018e-18,7,absorption
141,2,-0.0012376986436940392,-0.0008580314369754052,0.00411734700126392,0.0020216169205944795,3.903127820947816e-18,7,absorption
142,2,-0.0011921656176797123,-0.000832143825154347,0.004003062209014391,0.0019787527661803347,3.469446951953614e-18,7,absorption
143,2,-0.0011480124267080364,-0.0008066095165114126,0.0038919322708574214,0.00193731032763797,-2.6020852139652106e-18,7,absorption
144,2,-0.0011052029075356185,-0.0007814163136567599,0.0037839283492296623,0.001897309128037275,-8.890457814381136e-18,7,absorption
145,2,-0.0010637002970648908,-0.000756551892987724,0.0036790434396902225,0.0018587912496376147,6.938893903907228e-18,7,absorption
146,2,-0.0010234682568190973,-0.0007320025010819645,0.0035772724080960017,0.0018218016501949374,-2.6020852139652106e-18,7,absorption
147,2,-0.000984473415094036,-0.000707754221759894,0.003478508603858335,0.0017862809670044083,3.469446951953614e-18,7,absorption
148,2,-0.0009469429924454315,-0.0006840451083908454,0.0033498390388524693,0.0017188509380161934,1.0842021724855044e-18,7,absorption
149,2,-0.0009118852845402391,-0.0006618887804509784,0.0031248199225256926,0.001551045857534468,-7.15573433840433e-18,7,absorption
150,2,-0.0008789764065638289,-0.0006410408391180702,0.0030394115503821944,0.0015193943047003,4.7704895589362195e-18,7,absorption
151,2,-0.0008470943254342885,-0.000620463810169129,0.002956914747261006,0.0014893566116575899,1.5178830414797062e-18,7,absorption
152,2,-0.0008161548488774142,-0.0006001367265421479,0.002877671027482937,0.0014613794520633647,-1.0191500421363742e-17,7,absorption
153,2,-0.0007864520814761455,-0.0005804431530717354,0.0027492707601530606,0.0013823755256051826,3.0357660829594124e-18,7,absorption
154,2,-0.0007578418341630059,-0.0005613608597698884,0.0026781812878442345,0.0013589785939113475,7.37257477290143e-18,7,absorption
155,2,-0.000729803341517259,-0.0005424495536312422,0.002610094366123681,0.0013378414709751749,-5.204170427930421e-18,7,absorption
156,2,-0.000702255271174422,-0.0005236835652598425,0.0025443664003942084,0.0013184275639599452,1.3010426069826053e-18,7,absorption
157,2,-0.0006752577297557778,-0.0005051534414409707,0.0024667445953336776,0.0012863334241369345,5.421010862427522e-18,7,absorption
158,2,-0.0006489530892414134,-0.00048699233880304606,0.002386722502954621,0.0012507770749101595,-2.168404344971009e-18,7,absorption
159,2,-0.0006233813194158866,-0.0004692121303261677,0.0023107146839605602,0.0012181212342184979,-8.023096076392733e-18,7,absorption
160,2,-0.0005985163177176432,-0.00045177490771472115,0.0022385862263096068,0.0011882950008772451,2.6020852139652106e-18,7,absorption
161,2,-0.0005743362926329443,-0.0004346426489712713,0.002170258752973015,0.0011612798113688032,3.686287386450715e-18,7,absorption
162,2,-0.0005508221016129512,-0.0004177777594128227,0.0021055637219150646,0.0011369638608892882,-2.6020852139652106e-18,7,absorption
163,2,-0.0005279537945295045,-0.0004011430127879147,0.002044428966765675,0.0011153321594482568,1.0842021724855044e-18,7,absorption
164,2,-0.0005057095995627838,-0.0003847011961488565,0.001986715997190052,0.0010963052014784126,8.673617379884035e-19,7,absorption
165,2,-0.00048406621780340087,-0.00036841579361096007,0.0019323020938851036,0.0010798200824707442,1.5178830414797062e-18,7,absorption
166,2,-0.0004676186375796493,-0.0003571842133348659,0.0012786480597535609,0.0004538452088390446,-1.0842021724855044e-18,7,absorption
167,2,-0.00045622797154202936,-0.0003510174213019467,0.001253167345714017,0.0004459219528700417,7.589415207398531e-19,7,absorption
168,2,-0.0004451448843334594,-0.00034490018758932,0.0012306223091690066,0.00044057723724622716,0.0,7,absorption
169,2,-0.0004343559578342686,-0.00033879286331844427,0.0012108656263739347,0.0004377168052212242,2.3852447794681098e-18,7,absorption
170,2,-0.00042386247409175446,-0.00033265692249411557,0.001193757765205741,0.00043723836861987025,-6.505213034913027e-19,7,absorption
171,2,-0.00041367724512438183,-0.00032645502727760993,0.0011791682868545939,0.0004390360144525991,-3.0357660829594124e-18,7,absorption
172,2,-0.0004039611284739131,-0.0003203016221655018,0.0011489576068133825,0.0004246948561739683,6.505213034913027e-19,7,absorption
173,2,-0.00039473038466608787,-0.0003141472787822527,0.0011416654212813284,0.0004327877578329878,-1.0842021724855044e-19,7,absorption
174,2,-0.00038586676180490096,-0.00030778382351673934,0.0011372876292416653,0.00044363704392002407,-9.75781955236954e-19,7,absorption
175,2,-0.0003774133934716813,-0.00030117498724495525,0.0011346067134549915,0.0004560183327383567,1.734723475976807e-18,7,absorption
176,2,-0.00036945529981876045,-0.00029432475421430586,0.0011300559621253434,0.0004662759080922771,0.0,7,absorption
177,2,-0.00036210989483855677,-0.0002872694006627412,0.0011236198439062265,0.0004742405484049264,-2.168404344971009e-18,7,absorption
178,2,-0.0003555943653761616,-0.00028016447720984354,0.001101643456796672,0.0004658846142106682,1.4094628242311558e-18,7,absorption
179,2,-0.00035001421719795434,-0.0002730576605726022,0.0010914598855686127,0.0004683880077980575,1.3010426069826053e-18,7,absorption
180,2,-0.00034535289100835997,-0.000265881428087006,0.0010794080721384398,0.0004681737530430694,-4.336808689942018e-18,7,absorption
181,2,-0.000341662900555457,-0.0002586824999776373,0.001065615097162815,0.00046526969662972345,2.8189256484623115e-18,7,absorption
182,2,-0.0003389473025675822,-0.0002515073447401529,0.0010501969192669258,0.00045974227195918864,-2.0599841277224584e-18,7,absorption
183,2,-0.0003378627518722354,-0.00024523491073437907,0.0009365181118317908,0.000353420449225178,1.6263032587282567e-18,7,absorption
184,2,-0.0003380460286534366,-0.00023970288276534574,0.0009463262190657039,0.00036857730764692197,4.336808689942018e-19,7,absorption
185,2,-0.00033827655436888845,-0.00023387443912094562,0.0009561145333086061,0.0003839635398187706,-1.5178830414797062e-18,7,absorption
186,2,-0.0003382362795873991,-0.00022788962578806283,0.0009487359249217618,0.0003826100195463006,6.505213034913027e-19,7,absorption
187,2,-0.00033740678151374955,-0.0002217712647524219,0.0009545718580571557,0.0003953938117909842,0.0,7,absorption
188,2,-0.0003354934123553356,-0.0002156569817745182,0.0009289507955356909,0.00037780040140583844,1.3010426069826053e-18,7,absorption
189,2,-0.00033251151410156087,-0.00020953715578361063,0.0009339354251231852,0.00039188675523801203,-1.734723475976807e-18,7,absorption
190,2,-0.00032840564933770387,-0.00020321869047671738,0.0009281520506990152,0.00039652771088459493,9.75781955236954e-19,7,absorption
191,2,-0.0003239328126408153,-0.00019732611534315793,0.0008596233230696679,0.0003383643950856958,1.0842021724855044e-18,7,absorption
192,2,-0.0003209456684245761,-0.0001938198946629485,0.0006324965767656135,0.00011773101367808757,-1.3010426069826053e-18,7,absorption
193,2,-0.000319298924789762,-0.00019245357118104916,0.0006025763364502612,9.082384047945195e-05,1.951563910473908e-18,7,absorption
194,2,-0.0003176546829250016,-0.00019153509187177088,0.0005741039609071009,6.491418611032605e-05,-2.3852447794681098e-18,7,absorption
195,2,-0.0003160864875519236,-0.00019105060013087068,0.00054707183007045,3.993474238765497e-05,-6.505213034913027e-19,7,absorption
196,2,-0.00031465295745496694,-0.00019098702620029074,0.0005214745014211652,1.5834517765907566e-05,1.0842021724855044e-19,7,absorption
197,2,-0.0003134000446008134,-0.00019133205686127096,0.0004972921667884008,-7.439934673681911e-06,1.6263032587282567e-18,7,absorption
198,2,-0.0003123618708236916,-0.000192073928750427,0.00047451349782773864,-2.992230174638129e-05,-1.3010426069826053e-18,7,absorption
199,2,-0.00031155732808354255,-0.00019319537519919637,0.00045377963710274287,-5.097306617999654e-05,-4.87890977618477e-19,7,absorption
200,2,-0.00031099711947948786,-0.00019467999616449455,0.0004343171508161965,-7.135996482778538e-05,5.421010862427522e-19,7,absorption
201,2,-0.0003106901267925302,-0.00019651813921529014,0.0004161094586830908,-9.10988073247309e-05,-1.3552527156068805e-18,7,absorption
202,2,-0.0003106393689253679,-0.00019870024500298665,0.0003991385261037789,-0.00011020108782457474,8.131516293641283e-19,7,absorption
203,2,-0.0003108433364747574,-0.00020121683592716271,0.0003833781137337599,-0.00012868205866816036,-1.0842021724855044e-19,7,absorption
204,2,-0.00031129707945376153,-0.00020405846512204262,0.0003688086845395758,-0.00014654686003622887,-4.87890977618477e-19,7,absorption
205,2,-0.0003119931029661818,-0.00020721568919238238,0.0003554021536095141,-0.00016380663854904942,6.505213034913027e-19,7,absorption
206,2,-0.00031292216082794654,-0.0002106791532444927,0.0003431252909068266,-0.00018047602316561412,-1.463672932855431e-18,7,absorption
207,2,-0.0003140737143936597,-0.00021443948953769288,0.00033195839340812675,-0.00019655481052322475,1.0842021724855044e-18,7,absorption
208,2,-0.00031543639742504155,-0.0002184874579161984,0.00032185371475688387,-0.00021207014058435662,-5.421010862427522e-19,7,absorption
209,2,-0.00031689432083600443,-0.00022270025424134872,0.00032524366252878467,-0.00021435091254856653,1.951563910473908e-18,7,absorption
210,2,-0.000318112819548201,-0.00022671354537724458,0.0003554593979103052,-0.0001893669670151414,-1.0842021724855044e-18,7,absorption
211,2,-0.00031886641750298445,-0.00023027354945530452,0.00038533813294921586,-0.00016380183400907349,-3.7947076036992655e-19,7,absorption
212,2,-0.0003191615756323289,-0.00023337616161466342,0.00041390189850118084,-0.00013863583874581045,9.75781955236954e-19,7,absorption
213,2,-0.00031901291783558274,-0.00023602650279133384,0.000441140773954568,-0.00011389864667234878,-2.168404344971009e-19,7,absorption
214,2,-0.00031843482304727067,-0.00023822991732367778,0.00046709709266490535,-8.956764770604031e-05,2.8189256484623115e-18,7,absorption
215,2,-0.00031744132395926313,-0.0002399917644825834,0.000491779718802752,-6.565336963909423e-05,2.168404344971009e-19,7,absorption
216,2,-0.00031604643597241404,-0.0002413177991696275,0.0005151884687754559,-4.2175766366588444e-05,-2.8189256484623115e-18,7,absorption
217,2,-0.00031426388525568273,-0.00024221384601902919,0.0005373726181456245,-1.9105113129086124e-05,1.3010426069826053e-18,7,absorption
218,2,-0.0003121073541673148,-0.00024268601541484539,0.0005582998348638462,3.50646528168852e-06,2.4936649967166602e-18,7,absorption
219,2,-0.00030959048314195407,-0.00024274078207986584,0.0005780214937020105,2.5690228480187982e-05,-2.710505431213761e-18,7,absorption
220,2,-0.00030672667438366014,-0.00024238461410702267,0.0005965354177410742,4.7424129250394145e-05,2.8189256484623115e-18,7,absorption
221,2,-0.00030352956370469596,-0.00024162462483512338,0.0006138309980618633,6.867680952203983e-05,-4.119968255444917e-18,7,absorption
222,2,-0.00030001262182714034,-0.00024046794567327475,0.0006299678110465341,8.948724354611998e-05,9.75781955236954e-19,7,absorption
223,2,-0.0002961895494910291,-0.0002389222303615649,0.000644888819373804,0.00010977703952121283,2.8189256484623115e-18,7,absorption
224,2,-0.00029207433542740614,-0.00023699550704270986,0.000658659608670574,0.00012958976620045665,-1.4094628242311558e-18,7,absorption
225,2,-0.0002876811064728221,-0.00023469590782154183,0.0006712657257292022,0.00014888871143483792,-3.2526065174565133e-19,7,absorption
226,2,-0.00028311276586514774,-0.00023213995970883586,0.0006711614594428366,0.00015590873386885258,-4.336808689942018e-19,7,absorption
227,2,-0.00028000839666789145,-0.00023133658418630738,0.00046791235921027797,-4.34326216439216e-05,-7.589415207398531e-19,7,absorption
228,2,-0.0002803869155090695,-0.00023481456840085087,0.0002058369075188746,-0.00030936457639104895,-3.0899761915836876e-18,7,absorption
229,2,-0.00028439911497347563,-0.00024276011162238819,0.0,-0.0005271592265958629,9.75781955236954e-19,7,absorption
230,2,-0.0002901304047950244,-0.0002528780679183166,0.0,-0.00054300847271334,9.75781955236954e-19,7,absorption
231,2,-0.00029599049781224134,-0.0002633009338541929,0.0,-0.0005592914316664335,8.673617379884035e-19,7,absorption
232,2,-0.0003019823723581048,-0.00027403657689931816,0.0,-0.000576018949257422,9.75781955236954e-19,7,absorption
233,2,-0.0003081090767202019,-0.00028509294698786353,0.0,-0.000593202023708066,-6.505213034913027e-19,7,absorption
234,2,-0.00031437373035474994,-0.00029647825438178525,0.0,-0.0006108519847365344,7.589415207398531e-19,7,absorption
235,2,-0.00032077952137282803,-0.00030820079782537706,0.0,-0.0006289803191982073,-2.168404344971009e-18,7,absorption
236,2,-0.0003273296917865574,-0.00032026912003590556,0.0,-0.0006475988118224592,3.7947076036992655e-18,7,absorption
237,2,-0.000334027523939346,-0.00033269188335272384,0.0,-0.0006667194072920712,-1.4094628242311558e-18,7,absorption
238,2,-0.00034087632821437033,-0.00034547797478755006,0.0,-0.0006863543030019223,-1.951563910473908e-18,7,absorption
239,2,-0.00034787941282172054,-0.00035863642410144956,0.0,-0.0007065158369231675,2.6020852139652106e-18,7,absorption
240,2,-0.0003550400461328043,-0.00037217646498416467,0.0,-0.0007272165111169709,-1.951563910473908e-18,7,absorption
241,2,-0.00036236141064948074,-0.0003861075065268937,0.0,-0.0007484689171763752,-7.589415207398531e-19,7,absorption
242,2,-0.0003698465261108507,-0.00040043911464635593,0.0,-0.0007702856407572067,-1.0842021724855044e-19,7,absorption
243,2,-0.0003774981233384846,-0.0004151810747059241,0.0,-0.0007926791980444117,-3.0357660829594124e-18,7,absorption
244,2,-0.00038531841676428107,-0.00043034326319110804,0.0,-0.0008156616799553859,3.2526065174565133e-18,7,absorption
245,2,-0.000393308691905952,-0.0004459358126587164,0.0,-0.0008392445045646707,-2.2768245622195593e-18,7,absorption
246,2,-0.00040146872188553365,-0.0004619688549591304,0.0,-0.0008634375768446674,-3.3610267347050637e-18,7,absorption
247,2,-0.0004053541818117112,-0.0004728071938083652,0.0005959944234039568,-0.00028216695221611535,4.228388472693467e-18,7,absorption
248,2,-0.0003998298133006733,-0.00047185268330832445,0.0012683354089487364,0.0003966529123397358,-2.8189256484623115e-18,7,absorption
249,2,-0.00038444215373529433,-0.0004583924360485743,0.0018953972772734352,0.0010525626874895687,2.168404344971009e-18,7,absorption
250,2,-0.0003596559565273651,-0.00043284149280625083,0.0024786553387666677,0.0016861578894330521,4.336808689942018e-19,7,absorption
251,2,-0.00032592163918215107,-0.00039560564332223396,0.003019660121742968,0.0022981328392385793,-3.903127820947816e-18,7,absorption
252,2,-0.00028367401274240135,-0.00034707902285298115,0.0035200968138479546,0.002889343778252569,-3.0357660829594124e-18,7,absorption
253,2,-0.00023333574869311644,-0.00028764725828947665,0.003981085576231804,0.003460102569249217,6.071532165918825e-18,7,absorption
254,2,-0.0001753164904469242,-0.00021768495088913588,0.004404542122876366,0.004011540681540306,0.0,7,absorption
255,2,-0.00011000994542446636,-0.00013754968334757513,0.0047921639301377215,0.004544604301365679,-8.673617379884035e-19,7,absorption
256,2,-3.779895410334534e-05,-4.7585099955842823e-05,0.005145435442067507,0.0050600513880083185,0.0,7,absorption
0,4,0.0,-1.5569432973406113e-06,0.00025324394033836257,0.000251686997041022,5.421010862427522e-20,7,recovery
1,4,0.0,-3.4548282357178485e-06,6.689195876076565e-05,6.343713052504776e-05,-4.0657581468206416e-20,7,recovery
2,4,-0.0013073003260639302,-3.9484663911310724e-05,0.01280906324960784,0.0114622782596326,0.0,7,recovery
3,4,-0.002281072442078184,-7.578670479938835e-05,4.3606449269086874e-05,-0.002313252697608485,4.336808689942018e-19,7,recovery
4,4,-0.010012258326690796,-0.0002620918526309003,0.06003719219952537,0.04976284202020366,-1.3877787807814457e-17,7,recovery
5,4,-0.015099227787160132,-0.0004150310231545105,6.909089530905282e-05,-0.015445167915005581,8.673617379884035e-18,7,recovery
6,4,-0.02285484798615283,-0.0006306130578150628,0.07408016399501774,0.050594702951049834,-6.938893903907228e-18,7,recovery
7,4,-0.027016307032133723,-0.0007654428594517372,7.672794963671793e-05,-0.027705021941948738,3.469446951953614e-18,7,recovery
8,4,-0.026778454007872595,-0.0007835046489972109,0.04463555204597178,0.017073593389101957,-1.3877787807814457e-17,7,recovery
9,4,-0.025426177427867718,-0.0007593557683707468,5.510026576768419e-05,-0.02613043293047078,0.0,7,recovery
10,4,-0.020397930569104043,-0.0006360926051094858,0.01700694435847838,-0.0040270788157351495,0.0,7,recovery
11,4,-0.016452231933286824,-0.0005320005534863272,3.900366818276523e-05,-0.016945228818590383,3.469446951953614e-18,7,recovery
12,3,-0.011886240559918507,-0.0004084895855029444,0.005125400972537379,-0.007169329172884067,5.204170427930421e-18,7,recovery
13,3,-0.008702805275107679,-0.0003176374447358866,4.408917568152751e-05,-0.008976353544162041,-3.469446951953614e-18,7,recovery
14,3,-0.005985027921496025,-0.00023467903978453895,0.001074704831433042,-0.005145002129847524,-2.6020852139652106e-18,7,recovery
15,3,-0.00415850513118693,-0.00017543010166392144,5.566593113896632e-05,-0.004278269301711886,-8.673617379884035e-19,7,recovery
16,3,-0.002768466453592936,-0.00012870146408286908,0.0,-0.0028971679176758042,8.673617379884035e-19,7,recovery
17,3,-0.001868076044795346,-9.729586172484782e-05,0.0001969636099435351,-0.0017684082965766608,-1.734723475976807e-18,7,recovery
18,3,-0.0012829020429690765,-7.557176832787009e-05,0.0,-0.001358473811296946,4.336808689942018e-19,7,recovery
19,3,-0.0009032458906283618,-5.9533161719003586e-05,5.661565275323676e-05,-0.0009061633995941284,2.168404344971009e-19,7,recovery
20,3,-0.0006497816182402639,-4.7885431256463056e-05,0.0,-0.0006976670494967274,-4.336808689942018e-19,7,recovery
21,3,-0.00047017692808243403,-3.903627853828309e-05,0.0,-0.0005092132066207167,4.336808689942018e-19,7,recovery
22,3,-0.0003506053282491699,-3.2422207039738695e-05,0.0,-0.0003830275352889089,-2.710505431213761e-19,7,recovery
23,3,-0.00027148193220762935,-2.7332834795324893e-05,0.0,-0.0002988147670029543,-5.421010862427522e-20,7,recovery
24,3,-0.0002192233653551882,-2.328439677073944e-05,0.0,-0.00024250776212592778,-1.3552527156068805e-19,7,recovery
25,3,-0.00018449301110690832,-1.9952075425006977e-05,0.0,-0.00020444508653191524,5.421010862427522e-20,7,recovery
26,3,-0.00016098789445776946,-1.7132285542138008e-05,0.0,-0.00017812017999990748,-2.710505431213761e-20,7,recovery
27,3,-0.00014454317059306763,-1.4689809284503836e-05,0.0,-0.00015923297987757148,-2.710505431213761e-20,7,recovery
28,3,-0.0001324681482597485,-1.2541475282349837e-05,0.0,-0.00014500962354209858,-2.439454888092385e-19,7,recovery
29,3,-0.00012306513229171927,-1.0636247710887932e-05,0.0,-0.00013370138000260681,3.7947076036992655e-19,7,recovery
30,3,-0.00011532137424821224,-8.94135695569476e-06,0.0,-0.0001242627312039073,-2.981555974335137e-19,7,recovery
31,3,-0.00010866385048182643,-7.436568407177999e-06,0.0,-0.00011610041888900416,2.710505431213761e-19,7,recovery
32,3,-0.00010270089925531269,-6.106272708885732e-06,0.0,-0.00010880717196419857,-1.4907779871675686e-19,7,recovery
33,3,-9.710402829358668e-05,-4.937065233597248e-06,0.0,-0.00010204109352718392,1.3552527156068805e-20,7,recovery
34,3,-9.156830770560515e-05,-3.918304203197619e-06,0.0,-9.54866119088028e-05,-2.710505431213761e-20,7,recovery
35,3,-8.581884981516125e-05,-3.0416744986961544e-06,0.0,-8.886052431385737e-05,2.710505431213761e-20,7,recovery
36,3,-7.952747758213448e-05,-2.299413968632838e-06,0.0,-8.182689155076736e-05,-4.0657581468206416e-20,7,recovery
37,3,-7.248512644679193e-05,-1.685292684777971e-06,0.0,-7.417041913156987e-05,2.710505431213761e-20,7,recovery
38,3,-6.473154937328002e-05,-1.190342374005289e-06,0.0,-6.592189174728532e-05,0.0,7,recovery
39,3,-5.6624060620695006e-05,-8.034274120526687e-07,0.0,-5.7427488032747655e-05,2.0328790734103208e-20,7,recovery
40,3,-4.87309231137124e-05,-5.104573611106458e-07,0.0,-4.924138047482306e-05,-1.3552527156068805e-20,7,recovery
41,3,-4.142117932700272e-05,-2.9524034680493565e-07,0.0,-4.171641967380766e-05,-6.776263578034403e-21,7,recovery
42,3,-3.4863577760267886e-05,-1.4231595387982168e-07,0.0,-3.5005893714147725e-05,-2.0328790734103208e-20,7,recovery
43,3,-2.910152510077242e-05,-3.774187421087899e-08,0.0,-2.913926697498328e-05,2.0328790734103208e-20,7,recovery
44,3,-2.4111395351579443e-05,3.024806775626725e-08,0.0,-2.4081147283823188e-05,-1.0164395367051604e-20,7,recovery
45,3,-1.983745051671342e-05,7.121626431564145e-08,0.0,-1.9766234252397767e-05,1.0164395367051604e-20,7,recovery
46,3,-1.6210712608973338e-05,9.284885620421846e-08,0.0,-1.6117863752769133e-05,-1.3552527156068805e-20,7,recovery
47,3,-1.3158735307092079e-05,1.0107576785018023e-07,0.0,-1.3057659539241906e-05,-8.470329472543003e-21,7,recovery
48,3,-1.0610564337879924e-05,1.004262266548276e-07,0.0,-1.0510138111225086e-05,1.0164395367051604e-20,7,recovery
49,3,-8.49923435186143e-06,9.427116121174736e-08,0.0,-8.404963190649688e-06,-6.776263578034403e-21,7,recovery
50,3,-6.762990889228175e-06,8.50391157977774e-08,0.0,-6.677951773430394e-06,3.3881317890172014e-21,7,recovery
51,3,-5.345849098255233e-06,7.443540032575456e-08,0.0,-5.2714136979294874e-06,-9.317362419797304e-21,7,recovery
52,3,-4.197756544754856e-06,6.360712966643017e-08,0.0,-4.1341494150884185e-06,7.623296525288703e-21,7,recovery
53,3,-3.2745208687721388e-06,5.327577984780954e-08,0.0,-3.221245088924333e-06,-3.8116482626443515e-21,7,recovery
54,3,-2.537580226936339e-06,4.3863249711894575e-08,0.0,-2.493716977224442e-06,2.541098841762901e-21,7,recovery
55,3,-1.9536591526719577e-06,3.55736235603398e-08,0.0,-1.9180855291116176e-06,4.235164736271502e-22,7,recovery
56,3,-1.494357518480035e-06,2.8462346946350252e-08,0.0,-1.4658951715336851e-06,-4.235164736271502e-22,7,recovery
57,3,-1.1356918624115592e-06,2.249560101020686e-08,0.0,-1.1131962614013535e-06,-1.0587911840678754e-21,7,recovery
58,3,-8.576182510462129e-07,1.7579426809872108e-08,0.0,-8.400388242363411e-07,-2.117582368135751e-22,7,recovery
59,3,-6.435552205076686e-07,1.3594132563265357e-08,0.0,-6.299610879444029e-07,4.235164736271502e-22,7,recovery
60,3,-4.799210823150359e-07,1.0409786944588718e-08,0.0,-4.6951129537044744e-07,-2.6469779601696886e-22,7,recovery
61,3,-3.556992926279461e-07,7.897474329319625e-09,0.0,-3.4780181829862634e-07,1.0587911840678754e-22,7,recovery
62,3,-2.6203843169340855e-07,5.939383737739394e-09,0.0,-2.5609904795566927e-07,-1.0587911840678754e-22,7,recovery
63,3,-1.9189246120829036e-07,4.429525914362184e-09,0.0,-1.8746293529392807e-07,1.0587911840678754e-22,7,recovery
64,3,-1.3970313180753558e-07,3.2772444602882445e-09,0.0,-1.3642588734724742e-07,-7.940933880509066e-23,7,recovery
65,3,-1.0112441384671135e-07,2.4063526968696166e-09,0.0,-9.87180611498417e-08,3.970466940254533e-23,7,recovery
66,3,-7.278730851678491e-08,1.7539308858599517e-09,0.0,-7.103337763092495e-08,1.3234889800848443e-23,7,recovery
67,3,-5.210203674585361e-08,1.2694772039067008e-09,0.0,-5.083255954194696e-08,-5.293955920339377e-23,7,recovery
68,3,-3.7094037313137224e-08,9.126224213361665e-10,0.0,-3.618141489180104e-08,1.9852334701272664e-23,7,recovery
69,3,-2.6269748873497547e-08,6.518124114405462e-10,0.0,-2.5617936462057e-08,0.0,7,recovery
70,3,-1.8508152795070426e-08,4.6262994661807865e-10,0.0,-1.8045522848452358e-08,-9.926167350636332e-24,7,recovery
71,3,-1.2974159374378768e-08,3.2636331266989253e-10,0.0,-1.2647796061708871e-08,3.308722450212111e-24,7,recovery
72,3,-9.050206243524108e-09,2.288928095915671e-10,0.0,-8.821313433932544e-09,-3.308722450212111e-24,7,recovery
73,3,-6.282829395826197e-09,1.5962749316881034e-10,0.0,-6.123201902657388e-09,-1.6543612251060553e-24,7,recovery
74,3,-4.341344310352278e-09,1.1071587534499916e-10,0.0,-4.230628435007277e-09,2.481541837659083e-24,7,recovery
75,3,-2.9862070911583968e-09,7.638915355662462e-11,0.0,-2.9098179376017727e-09,-4.1359030627651384e-25,7,recovery
76,3,-2.0450170895399723e-09,5.243927882417634e-11,0.0,-1.992577810715795e-09,8.271806125530277e-25,7,recovery
77,3,-1.3944711923257459e-09,3.582301179128481e-11,0.0,-1.3586481805344619e-09,-8.271806125530277e-25,7,recovery
78,2,-9.437324419274434e-10,2.4269248653221515e-11,0.0,-9.19463193274222e-10,0.0,7,recovery
79,2,-6.391793389616299e-10,1.6455571055410848e-11,0.0,-6.227237679062189e-10,1.0339757656912846e-25,7,recovery
80,2,-4.3126608432331335e-10,1.1111083977609395e-11,0.0,-4.201550003457041e-10,-1.550963648536927e-25,7,recovery
81,2,-2.8991371826196213e-10,7.472869716289228e-12,0.0,-2.8244084854567304e-10,-1.550963648536927e-25,7,recovery
82,2,-1.941976668929394e-10,5.006242143079265e-12,0.0,-1.891914247498602e-10,-7.754818242684634e-26,7,recovery
83,2,-1.2963459837676676e-10,3.3414322763632643e-12,0.0,-1.2629316610040346e-10,2.5849394142282115e-26,7,recovery
84,2,-8.624799782469704e-11,2.222310587055614e-12,0.0,-8.402568723764146e-11,-2.5849394142282115e-26,7,recovery
85,2,-5.7197439006308346e-11,1.4730433635728018e-12,0.0,-5.572439564273557e-11,-2.5849394142282115e-26,7,recovery
86,2,-3.781397917705475e-11,9.735233208447632e-13,0.0,-3.684045585620998e-11,6.462348535570529e-27,7,recovery
87,2,-2.4924408387359942e-11,6.415705480094106e-13,0.0,-2.4282837839350535e-11,-3.2311742677852644e-27,7,recovery
88,2,-1.638104663633044e-11,4.21653661328809e-13,0.0,-1.5959392975001627e-11,3.2311742677852644e-27,7,recovery
89,2,-1.0736180228062986e-11,2.763914638203549e-13,0.0,-1.045978876424263e-11,1.6155871338926322e-27,7,recovery
90,2,-7.0177129645170004e-12,1.8071193643316547e-13,0.0,-6.8370010280838366e-12,-1.6155871338926322e-27,7,recovery
91,2,-4.575355554513504e-12,1.1786542624621428e-13,0.0,-4.45749012826729e-12,-8.077935669463161e-28,7,recovery
92,2,-2.975655830542802e-12,7.669682652150549e-14,0.0,-2.898959004021296e-12,4.0389678347315804e-28,7,recovery
93,2,-1.9306961040510884e-12,4.9800793336290157e-14,0.0,-1.8808953107147987e-12,-4.0389678347315804e-28,7,recovery
94,2,-1.2498645070217719e-12,3.2271814570772356e-14,0.0,-1.2175926924509993e-12,2.0194839173657902e-28,7,recovery
95,2,-8.073709075503814e-13,2.0872441404046376e-14,0.0,-7.864984661463352e-13,-2.0194839173657902e-28,7,recovery
96,2,-5.204587650713996e-13,1.3474404148789263e-14,0.0,-5.069843609226103e-13,0.0,7,recovery
97,2,-3.348446750184289e-13,8.682951926463474e-15,0.0,-3.261617230919655e-13,-1.0097419586828951e-28,7,recovery
98,2,-2.15022580277399e-13,5.585695415987854e-15,0.0,-2.0943688486141116e-13,-2.524354896707238e-29,7,recovery
99,2,-9.186328357391185e-14,2.3906646950950996e-15,0.0,-8.947261887881669e-14,6.310887241768094e-29,7,recovery
100,1,-4.657403622684576e-14,1.2131079971958705e-15,0.0,-4.536092822964991e-14,-1.8932661725304283e-29,7,recovery
101,2,-8.798685201396703e-14,2.294528701974216e-15,0.0,-8.569232331199285e-14,-3.7865323450608567e-29,7,recovery
102,2,-5.621078786026551e-14,1.4690552209663518e-15,0.0,-5.474173263929918e-14,-1.8932661725304283e-29,7,recovery
103,2,-3.5855462030702184e-14,9.392192809565669e-16,0.0,-3.4916242749745584e-14,3.155443620884047e-29,7,recovery
104,2,-2.283810734517307e-14,5.996724044067966e-16,0.0,-2.2238434940766277e-14,-3.1554436208840472e-30,7,recovery
105,2,-1.45267563091331e-14,3.823955705207903e-16,0.0,-1.4144360738612316e-14,-6.310887241768095e-30,7,recovery
106,2,-9.228153712227921e-15,2.435549760040161e-16,0.0,-8.984598736223908e-15,-3.1554436208840472e-30,7,recovery
107,2,-5.855065797251782e-15,1.5495281194594696e-16,0.0,-5.70011298530583e-15,4.733165431326071e-30,7,recovery
108,2,-3.71066684477655e-15,9.848086784058093e-17,0.0,-3.612185976935971e-15,-1.5777218104420236e-30,7,recovery
109,2,-2.3491302544527513e-15,6.252968597689365e-17,0.0,-2.2866005684758557e-15,1.9721522630525295e-30,7,recovery
110,2,-1.4856900394711438e-15,3.966733991777787e-17,0.0,-1.4460226995533656e-15,3.944304526105059e-31,7,recovery
111,2,-9.387406198594138e-16,2.5143311255898093e-17,0.0,-9.135973086035162e-16,-5.9164567891575885e-31,7,recovery
112,2,-5.926372107382971e-16,1.5925177264722044e-17,0.0,-5.767120334735747e-16,2.9582283945787943e-31,7,recovery
113,2,-3.738410901598598e-16,1.0079677150181964e-17,0.0,-3.6376141300967786e-16,-4.930380657631324e-32,7,recovery
114,2,-2.356503909550679e-16,6.37584870063106e-18,0.0,-2.292745422544369e-16,-4.930380657631324e-32,7,recovery
115,2,-1.4844302926499598e-16,4.0307445600273054e-18,0.0,-1.4441228470496873e-16,-4.930380657631324e-32,7,recovery
116,2,-9.345203031179515e-17,2.5469162501855087e-18,0.0,-9.090511406160962e-17,2.465190328815662e-32,7,recovery
117,2,-5.88005027075792e-17,1.6086142336442287e-18,0.0,-5.7191888473935e-17,-2.465190328815662e-32,7,recovery
118,2,-3.69795867423869e-17,1.0155965626307534e-18,0.0,-3.596399017975615e-17,-6.162975822039155e-33,7,recovery
119,2,-2.3246438097350246e-17,6.409830768371255e-19,0.0,-2.2605455020513118e-17,3.0814879110195774e-33,7,recovery
120,2,-1.4607908917159964e-17,4.0443685783069445e-19,0.0,-1.4203472059329256e-17,1.232595164407831e-32,7,recovery
121,2,-9.176565053761867e-18,2.5512655409223874e-19,0.0,-8.92143849966963e-18,-1.5407439555097887e-33,7,recovery
122,2,-5.763087068230244e-18,1.60909855205607e-19,0.0,-5.602177213024638e-18,-1.5407439555097887e-33,7,recovery
123,2,-3.618552745421519e-18,1.0147335086852305e-19,0.0,-3.517079394552995e-18,7.703719777548943e-34,7,recovery
124,2,-2.2716444809091202e-18,6.398574016166612e-20,0.0,-2.2076587407474542e-18,0.0,7,recovery
125,2,-1.4259092085599364e-18,4.034549858228866e-20,0.0,-1.3855637099776479e-18,-1.925929944387236e-34,7,recovery
126,2,-8.9497117644411e-19,2.543932294200702e-20,0.0,-8.695318535021035e-19,-5.7777898331617076e-34,7,recovery
127,2,-5.617082346936834e-19,1.6041009192692814e-20,0.0,-5.456672255009902e-19,3.851859888774472e-34,7,recovery
128,2,-3.5254560457565774e-19,1.0115564932376791e-20,0.0,-3.42430039643281e-19,-4.81482486096809e-35,7,recovery
129,2,-2.2127894694712193e-19,6.379641787261229e-21,0.0,-2.1489930515986075e-19,-4.81482486096809e-35,7,recovery
130,2,-1.3889991583399747e-19,4.0240683677125645e-21,0.0,-1.3487584746628496e-19,-7.222237291452134e-35,7,recovery
131,2,-8.720012453724655e-20,2.538700672928767e-21,0.0,-8.46614238643177e-20,8.425943506694157e-35,7,recovery
132,2,-5.475211810508206e-20,1.6019470710259923e-21,0.0,-5.3150171034056094e-20,-2.407412430484045e-35,7,recovery
133,2,-3.438493804007663e-20,1.0110871699156382e-21,0.0,-3.3373850870161006e-20,-1.2037062152420224e-35,7,recovery
134,2,-2.159897878468949e-20,6.383291527022996e-22,0.0,-2.0960649631987197e-20,-6.018531076210112e-36,7,recovery
135,2,-1.3570921685915127e-20,4.0311443860585986e-22,0.0,-1.3167807247309268e-20,0.0,7,recovery
136,2,-8.529223712517431e-21,2.546540456265678e-22,0.0,-8.274569666890862e-21,0.0,7,recovery
137,2,-5.362236363867666e-21,1.6092430447132686e-22,0.0,-5.20131205939634e-21,0.0,7,recovery
138,2,-3.3723321345911624e-21,1.0173063962944453e-22,0.0,-3.2706014949617165e-21,1.504632769052528e-36,7,recovery
139,2,-2.1216499080446762e-21,6.4335384355666e-23,0.0,-2.0573145236890096e-21,7.52316384526264e-37,7,recovery
140,2,-1.3353237438243613e-21,4.070287734862388e-23,0.0,-1.2946208664757388e-21,-1.316553672920962e-36,7,recovery
141,2,-8.407730800771835e-22,2.576235695996682e-23,0.0,-8.150107231172165e-22,1.88079096131566e-37,7,recovery
142,2,-5.296143586332543e-22,1.6313192789935466e-23,0.0,-5.133011658433187e-22,9.4039548065783e-38,7,recovery
143,2,-3.3376304343853913e-22,1.0334580184102904e-23,0.0,-3.2342846325443626e-22,-4.70197740328915e-38,7,recovery
144,2,-2.104372283226635e-22,6.5501863490105316e-24,0.0,-2.0388704197365297e-22,0.0,7,recovery
145,2,-1.327457128569744e-22,4.153632284411744e-24,0.0,-1.2859208057256275e-22,-9.4039548065783e-38,7,recovery
146,2,-8.377980088832916e-23,2.6352501502426988e-24,0.0,-8.114455073808647e-23,-1.1754943508222875e-38,7,recovery
147,2,-5.2903673183941646e-23,1.6727862125799937e-24,0.0,-5.1230886971361653e-23,0.0,7,recovery
148,2,-3.3424609851435285e-23,1.0624027024751947e-24,0.0,-3.236220714896009e-23,0.0,7,recovery
149,2,-2.1129380378737263e-23,6.751067130909607e-25,0.0,-2.045427366564629e-23,1.1754943508222875e-38,7,recovery
150,2,-1.336449370423398e-23,4.292346256463702e-25,0.0,-1.2935259078587606e-23,2.938735877055719e-39,7,recovery
151,2,-8.458018198330691e-24,2.730612043969614e-25,0.0,-8.184956993933733e-24,-2.938735877055719e-39,7,recovery
152,2,-5.355989061881153e-24,1.7380877483475642e-25,0.0,-5.182180287046393e-24,3.6734198463196485e-39,7,recovery
153,2,-3.3936724817768635e-24,1.106963433509985e-25,0.0,-3.2829761384258647e-24,3.6734198463196485e-40,7,recovery
154,2,-2.1516081819457187e-24,7.054194597318435e-26,0.0,-2.0810662359725344e-24,0.0,7,recovery
155,2,-1.3649694502954254e-24,4.4979741413050204e-26,0.0,-1.3199897088823751e-24,0.0,7,recovery
156,2,-8.664675067959898e-25,2.8697500695707875e-26,0.0,-8.377700061002823e-25,-3.6734198463196485e-40,7,recovery
157,2,-5.5036906451302055e-25,1.8320223401909896e-26,0.0,-5.320488411111103e-25,2.7550648847397363e-40,7,recovery
158,2,-3.4980868790261097e-25,1.1702506400525092e-26,0.0,-3.3810618150208583e-25,4.591774807899561e-41,7,recovery
159,2,-2.224765065111467e-25,7.479795902565923e-27,0.0,-2.1499671060858077e-25,0.0,7,recovery
160,2,-1.4158477535400412e-25,4.783708167268161e-27,0.0,-1.3680106718673592e-25,4.591774807899561e-41,7,recovery
161,2,-9.016320779742129e-26,3.0612910202547706e-27,0.0,-8.710191677716653e-26,-2.2958874039497803e-41,7,recovery
162,2,-5.745447226536823e-26,1.9602447058788727e-27,0.0,-5.549422755948936e-26,-1.1479437019748901e-41,7,recovery
163,2,-3.663540873574235e-26,1.2559786058947683e-27,0.0,-3.537943012984757e-26,1.7219155529623352e-41,7,recovery
164,2,-2.3375544362555465e-26,8.05231089845172e-28,0.0,-2.2570313272710282e-26,1.1479437019748901e-41,7,recovery
165,2,-1.4924728885173916e-26,5.165653823714698e-28,0.0,-1.4408163502802435e-26,1.1479437019748901e-41,7,recovery
166,2,-9.535325026512639e-27,3.3158609944817194e-28,0.0,-9.203738927064469e-27,-1.4349296274686127e-42,7,recovery
167,2,-6.096056353241867e-27,2.129772498887758e-28,0.0,-5.883079103353092e-27,-7.174648137343064e-43,7,recovery
168,2,-3.899839650469577e-27,1.368786199868931e-28,0.0,-3.762961030482687e-27,-2.8698592549372254e-42,7,recovery
169,2,-2.4964824934055137e-27,8.802437322767301e-29,0.0,-2.4084581201778375e-27,3.2285916618043785e-42,7,recovery
170,2,-1.5991669390641103e-27,5.664146326875091e-29,0.0,-1.5425254757953595e-27,0.0,7,recovery
171,2,-1.025042595634228e-27,3.646945175124505e-29,0.0,-9.885731438829828e-28,0.0,7,recovery
172,2,-6.574640555098501e-28,2.3495579426587592e-29,0.0,-6.339684760832625e-28,0.0,7,recovery
173,2,-4.219714850723117e-28,1.514621193171345e-29,0.0,-4.0682527314059835e-28,-8.96831017167883e-44,7,recovery
174,2,-2.7100295429078565e-28,9.769704741333183e-30,0.0,-2.6123324954945237e-28,8.96831017167883e-44,7,recovery
175,2,-1.7415801747253416e-28,6.3054618992576944e-30,0.0,-1.6785255557327639e-28,6.726232628759122e-44,7,recovery
176,2,-1.1199277334894865e-28,4.072009377319302e-30,0.0,-1.079207639716294e-28,-4.484155085839415e-44,7,recovery
177,2,-7.206294827124062e-29,2.6312084808389744e-30,0.0,-6.943173979040169e-29,-3.363116314379561e-44,7,recovery
178,2,-4.6398916976331625e-29,1.7011966142373775e-30,0.0,-4.469772036209425e-29,0.0,7,recovery
179,2,-2.989342108326936e-29,1.1005365939384937e-30,0.0,-2.879288448933085e-29,1.6815581571897805e-44,7,recovery
180,2,-1.9271406204650151e-29,7.123658836254028e-31,0.0,-1.8559040321024748e-29,0.0,7,recovery
181,2,-1.243137422482327e-29,4.6136872460917e-31,0.0,-1.1970005500214098e-29,1.401298464324817e-45,7,recovery
182,2,-8.023995111313863e-30,2.989766630305817e-31,0.0,-7.725018448283276e-30,5.605193857299268e-45,7,recovery
183,2,-5.1823373482810885e-30,1.9385103993338377e-31,0.0,-4.988486308347707e-30,-2.1019476964872256e-45,7,recovery
184,2,-3.349051654642246e-30,1.2575873426504077e-31,0.0,-3.223292920377203e-30,2.802596928649634e-45,7,recovery
185,2,-2.1655922550969476e-30,8.162905950627487e-32,0.0,-2.083963195590675e-30,-2.45227231256843e-45,7,recovery
186,2,-1.4011597659885947e-30,5.301336223191047e-32,0.0,-1.3481464037566835e-30,7.006492321624085e-46,7,recovery
187,2,-9.070936192272002e-31,3.444744944410817e-32,0.0,-8.726461697830924e-31,-3.503246160812043e-46,7,recovery
188,2,-5.875804381615179e-31,2.239531308261306e-32,0.0,-5.6518512507890465e-31,1.7516230804060213e-46,7,recovery
189,2,-3.8082943276399647e-31,1.4567419125602514e-32,0.0,-3.6626201363839372e-31,2.1895288505075267e-46,7,recovery
190,2,-2.4696690780099158e-31,9.480484745442515e-33,0.0,-2.3748642305554906e-31,0.0,7,recovery
191,2,-1.6024672048674573e-31,6.173022398272697e-33,0.0,-1.5407369808847309e-31,-4.3790577010150533e-47,7,recovery
192,2,-1.040348006858771e-31,4.0214384222003456e-33,0.0,-1.000133622636768e-31,-4.3790577010150533e-47,7,recovery
193,2,-6.757781385225505e-32,2.6210667284451364e-33,0.0,-6.495674712380997e-32,-6.56858655152258e-47,7,recovery
194,2,-4.392001562813964e-32,1.709167176843629e-33,0.0,-4.221084845129601e-32,0.0,7,recovery
195,2,-2.8559490661648066e-32,1.1150581831617223e-33,0.0,-2.7444432478486343e-32,0.0,7,recovery
196,2,-1.8580815301819657e-32,7.278026690717014e-34,0.0,-1.7853012632747956e-32,0.0,7,recovery
197,2,-1.2094893900830925e-32,4.752580237554961e-34,0.0,-1.1619635877075422e-32,6.842277657836021e-48,7,recovery
198,2,-7.876965449283319e-33,3.104856188918454e-34,0.0,-7.566479830391471e-33,2.7369110631344083e-48,7,recovery
199,2,-5.132535169243924e-33,2.0292996187051197e-34,0.0,-4.929605207373413e-33,-6.842277657836021e-49,7,recovery
200,2,-3.3459351723718324e-33,1.3269053013435493e-34,0.0,-3.213244642237476e-33,1.3684555315672042e-48,7,recovery
201,2,-2.1822883281108986e-33,8.67998724014517e-35,0.0,-2.0954884557094483e-33,-1.3684555315672042e-48,7,recovery
202,2,-1.4240070108372475e-33,5.680413393193719e-35,0.0,-1.367202876905309e-33,1.3684555315672042e-48,7,recovery
203,2,-9.296379274621063e-34,3.718936355184481e-35,0.0,-8.924485639102621e-34,-6.842277657836021e-49,7,recovery
204,2,-6.071744889555007e-34,2.435744169441635e-35,0.0,-5.828170472610845e-34,-1.7105694144590052e-49,7,recovery
205,2,-3.9674128071099496e-34,1.5959338199564494e-35,0.0,-3.8078194251143047e-34,0.0,7,recovery
206,2,-2.5935320926868363e-34,1.046078905594551e-35,0.0,-2.488924202127382e-34,-8.552847072295026e-50,7,recovery
207,2,-1.6961425185838033e-34,6.859246637224629e-36,0.0,-1.6275500522115573e-34,-2.1382117680737565e-50,7,recovery
208,2,-1.109725604229932e-34,4.499319192913725e-36,0.0,-1.064732412300794e-34,8.552847072295026e-50,7,recovery
209,2,-7.26352517759805e-35,2.952375113442304e-36,0.0,-6.968287666253828e-35,-8.552847072295026e-50,7,recovery
210,2,-4.756131328978528e-35,1.9379676935633065e-36,0.0,-4.562334559622195e-35,2.6727647100921956e-50,7,recovery
211,2,-3.115521219821844e-35,1.2725288601683301e-36,0.0,-2.988268333805011e-35,0.0,7,recovery
212,2,-2.041615520990495e-35,8.358544811505729e-37,0.0,-1.958030072875437e-35,8.018294130276587e-51,7,recovery
213,2,-1.3383799281985178e-35,5.492011123573336e-37,0.0,-1.2834598169627845e-35,0.0,7,recovery
214,2,-8.776934929984023e-36,3.6096537935476477e-37,0.0,-8.415969550629258e-36,0.0,7,recovery
215,2,-5.757846764277491e-36,2.3731696917851076e-37,0.0,-5.5205297950989774e-36,2.6727647100921956e-51,7,recovery
216,2,-3.7785641163126975e-36,1.560690404030179e-37,0.0,-3.622495075909679e-36,6.681911775230489e-52,7,recovery
217,2,-2.480496529042591e-36,1.0266562269811348e-37,0.0,-2.3778309063444753e-36,2.0045735325691467e-51,7,recovery
218,2,-1.6288879420785115e-36,6.75537092827426e-38,0.0,-1.5613342327957684e-36,6.681911775230489e-52,7,recovery
219,2,-1.0699910117036591e-36,4.4461562223167243e-38,0.0,-1.0255294494804925e-36,-6.681911775230489e-52,7,recovery
220,2,-7.030738151993229e-37,2.927029315661755e-38,0.0,-6.738035220427051e-37,1.6704779438076223e-52,7,recovery
221,2,-4.6211395694321056e-37,1.9273991791336075e-38,0.0,-4.428399651518744e-37,8.352389719038111e-53,7,recovery
222,2,-3.0382259356786605e-37,1.269445004095556e-38,0.0,-2.911281435269105e-37,0.0,7,recovery
223,2,-1.9980634609540134e-37,8.362749173028654e-39,0.0,-1.914435969223726e-37,8.352389719038111e-53,7,recovery
224,2,-1.3143531993220159e-37,5.510265081614214e-39,0.0,-1.2592505485058736e-37,2.088097429759528e-53,7,recovery
225,2,-8.648162061091298e-38,3.631444515367933e-39,0.0,-8.285017609554499e-38,6.264292289278584e-53,7,recovery
226,2,-5.691670641077842e-38,2.393674153753715e-39,0.0,-5.452303225702474e-38,-4.176194859519056e-53,7,recovery
227,2,-3.7467537770589853e-38,1.578063637650623e-39,0.0,-3.5889474132939224e-38,5.22024357439882e-54,7,recovery
228,2,-2.4669775635047914e-38,1.0405261135145041e-39,0.0,-2.3629249521533407e-38,5.22024357439882e-54,7,recovery
229,2,-2.184016526548944e-07,3.4598450410783816e-07,3.6920388831634065e-05,3.7047971683087005e-05,0.0,7,recovery
230,2,-2.3116411842387213e-06,3.0830478652243378e-06,0.00025506401675924226,0.0002558354234402279,5.421010862427522e-20,7,recovery
231,2,-7.623741784003501e-06,9.763451974919249e-06,0.0004573630781760296,0.0004595027883669454,5.421010862427522e-20,7,recovery
232,2,-1.5972999204023574e-05,2.0118299510966538e-05,0.0006443175014729048,0.0006484628017798477,0.0,7,recovery
233,2,-2.718280756722855e-05,3.388655091559734e-05,0.0008166158663461236,0.000823319609694492,-3.2526065174565133e-19,7,recovery
234,2,-4.108282890766158e-05,5.0814841546671424e-05,0.0009747218444223923,0.0009844538570614025,4.336808689942018e-19,7,recovery
235,2,-5.7508474481070406e-05,7.065687068991141e-05,0.0011192425647000314,0.0011323909609088725,0.0,7,recovery
236,2,-7.630175925895475e-05,9.317465228647227e-05,0.0012507608535231674,0.0012676337465506848,0.0,7,recovery
237,2,-9.731023928788508e-05,0.00011813710686324778,0.00136971827874875,0.0013905451463241134,6.505213034913027e-19,7,recovery
238,2,-0.00012038779284146014,0.0001453211275960777,0.0014767966192688043,0.0015017299540234204,-1.3010426069826053e-18,7,recovery
239,2,-0.00014539432848348143,0.0001745112179551481,0.0015723866413183286,0.001601503530789996,6.505213034913027e-19,7,recovery
240,2,-0.0001721951595452307,0.00020549874329623443,0.0016570747701464964,0.001690378353897501,8.673617379884035e-19,7,recovery
241,2,-0.00020066212152799643,0.00023808344940864522,0.0017314025969237348,0.0017688239248043816,-1.951563910473908e-18,7,recovery
242,2,-0.00023067213470184252,0.0002720716298247442,0.0017957472024869743,0.0018371466976098774,1.3010426069826053e-18,7,recovery
243,2,-0.0002621082099219824,0.000307277522516751,0.0018507865585703006,0.0018959558711650684,-8.673617379884035e-19,7,recovery
244,2,-0.0002928098193460334,0.00034094186875967443,0.0016238616489056116,0.0016719936983192497,-3.0357660829594124e-18,7,recovery
245,2,-0.0003165911380481497,0.0003652818805303718,0.0008561416931661865,0.000904832435648411,2.3852447794681098e-18,7,recovery
246,2,-0.000329501318130858,0.00037544598261587145,0.00011858408882478264,0.00016452875330979708,9.75781955236954e-19,7,recovery
247,2,-0.0003361908265382928,0.0003774988796096413,0.0,4.1308053071346246e-05,-2.222614453595284e-18,7,recovery
248,2,-0.0003420802236238717,0.00037833738146866966,0.0,3.6257157844801075e-05,3.0899761915836876e-18,7,recovery
249,2,-0.0003480732033678968,0.0003790669083745358,0.0,3.0993705006639866e-05,8.673617379884035e-19,7,recovery
250,2,-0.0003541741590493509,0.00037968324585002156,0.0,2.5509086800670766e-05,1.0842021724855044e-19,7,recovery
251,2,-0.0003603866679970909,0.00038018202568658736,0.0,1.9795357689492143e-05,-4.336808689942018e-18,7,recovery
252,2,-0.00036671378766331284,0.0003805587635933957,0.0,1.3844975930089182e-05,6.342582709040201e-18,7,recovery
253,2,-0.0003731582501986016,0.0003808088450022517,0.0,7.650594803648714e-06,-1.4094628242311558e-18,7,recovery
254,2,-0.00037972258779753556,0.0003809275365803222,0.0,1.2049487827826832e-06,-3.957337929572091e-18,7,recovery
255,2,-0.0003864092152205372,0.00038090999709799436,0.0,-5.4992181225399506e-06,2.8731357570865868e-18,7,recovery
256,2,-0.0003932204812363266,0.0003807512566946248,0.0,-1.2469224541702267e-05,-4.336808689942018e-19,7,recovery
