s,drift_comparison,x,required_negative_null,worst_direction
0.0,0.2,-2.096875,0.10471161819854684,-0.0018716876546846404
0.0,0.2,-2.090625,0.10229500956264871,-0.0016950660082243499
0.0,0.2,-2.084375,0.10017259067980634,-0.0015091307586811214
0.0,0.2,-2.078125,0.09832534671777496,-0.0013305250881787683
0.0,0.2,-2.0718750000000004,0.09672690615194261,-0.001163289707638999
0.0,0.2,-2.065625,0.09536137153985522,-0.0010080343278302574
0.0,0.2,-2.059375,0.09452703495926519,-0.0008619426901019121
0.0,0.2,-2.053125,0.0941892523303107,-0.0007234342260545253
0.0,0.2,-2.046875,0.09412745540124656,-0.0005926184696041639
0.0,0.2,-2.0406250000000004,0.09431735227699937,-0.0004687812708819536
0.0,0.2,-2.034375,0.09453424600403383,-0.0003514225288262344
0.0,0.2,-2.028125,0.0947749394620862,-0.0002401774039206316
0.0,0.2,-2.021875,0.09529077980316475,-0.0001332326974865968
0.0,0.2,-2.015625,0.09606876517434985,-2.915481469370753e-05
0.0,0.2,-2.0093750000000004,0.09685492846079592,7.245821676120114e-05
0.0,0.2,-2.003125,0.09764960913353508,0.00017186879502192727
0.0,0.2,-1.9968750000000002,0.09839732445056316,0.0002690601464580049
0.0,0.2,-1.990625,0.09910137366946599,0.0003638504563428365
0.0,0.2,-1.984375,0.09976268164552281,0.0004560830672342893
0.0,0.2,-1.9781250000000001,0.10038439744092684,0.0005455389612598464
0.0,0.2,-1.971875,0.1009712117772001,0.0006320828113280818
0.0,0.2,-1.9656250000000002,0.10152582617856129,0.0007155302127864852
0.0,0.2,-1.959375,0.10205950703237494,0.0007958012592440868
0.0,0.2,-1.953125,0.10257406452424081,0.0008727789178205037
0.0,0.2,-1.9468750000000001,0.10308645540171335,0.0009464585188312752
0.0,0.2,-1.940625,0.10359722532025155,0.001016815393377316
0.0,0.2,-1.9343750000000002,0.10419908066560574,0.0010839477295469916
0.0,0.2,-1.928125,0.10488605773883042,0.001148168915760727
0.0,0.2,-1.921875,0.10571669931434333,0.0012099075854929435
0.0,0.2,-1.9156250000000001,0.10667982594879333,0.0012695513867990841
0.0,0.2,-1.909375,0.10775578451518686,0.0013275559274166368
0.0,0.2,-1.9031250000000002,0.10894041675687802,0.0014075588231511995
0.0,0.2,-1.896875,0.17893943542869145,0.0008689997081012807
0.0,0.2,-1.890625,0.18020943874198483,0.0009012968127762985
0.0,0.2,-1.8843750000000001,0.18144500299524133,0.0009349098396482135
0.0,0.2,-1.878125,0.182648043652803,0.000968254152981029
0.0,0.2,-1.8718750000000002,0.18385327076018593,0.0010007734721038605
0.0,0.2,-1.865625,0.1850605753021965,0.0010322580781826312
0.0,0.2,-1.859375,0.18627167124192312,0.0010626277364499095
0.0,0.2,-1.8531250000000001,0.18748641279027795,0.001091812275600139
0.0,0.2,-1.846875,0.18870651427037752,0.0011198442871161705
0.0,0.2,-1.8406250000000002,0.1899318195760046,0.0011468988793691046
0.0,0.2,-1.834375,0.19116411334136357,0.0011735017437469908
0.0,0.2,-1.828125,0.19240335308685566,0.0012006844680629435
0.0,0.2,-1.8218750000000001,0.19365163370827965,0.0012295530746086745
0.0,0.2,-1.815625,0.19490728721175013,0.001252809388274001
0.0,0.2,-1.8093750000000002,0.19617090852479416,0.0012659291949454897
0.0,0.2,-1.803125,0.19744251375170543,0.001270867069116324
0.0,0.2,-1.796875,0.19872308692439575,0.0012714167700523364
0.0,0.2,-1.7906250000000001,0.2000130056241161,0.0012710261191749592
0.0,0.2,-1.784375,0.2013106711499319,0.001269729835556155
0.0,0.2,-1.7781250000000002,0.20261575680584276,0.0012665710535497334
0.0,0.2,-1.771875,0.20392508598427517,0.0012610906648317718
0.0,0.2,-1.765625,0.20523871724884699,0.001253264329461916
0.0,0.2,-1.7593750000000001,0.2065534459602785,0.0012434685495936989
0.0,0.2,-1.753125,0.20786965043756273,0.0012323151621309745
0.0,0.2,-1.7468750000000002,0.2091840869454019,0.0012205202965203596
0.0,0.2,-1.740625,0.2104973106711103,0.0012087006276614355
0.0,0.2,-1.734375,0.2118067636622408,0.0011972918405426536
0.0,0.2,-1.7281250000000001,0.213112996080035,0.0011864762715046034
0.0,0.2,-1.721875,0.21441215777031375,0.0011762488551569953
0.0,0.2,-1.7156250000000002,0.2157049031636642,0.001166464239998563
0.0,0.2,-1.709375,0.21698722556773753,0.0011569499763721114
0.0,0.2,-1.703125,0.21826366806352082,0.0011649603667640354
0.0,0.2,-1.6968750000000001,0.2934098592720524,0.000852032850702392
0.0,0.2,-1.690625,0.2950622257908662,0.0008424239159939355
0.0,0.2,-1.6843750000000002,0.29671117074790254,0.0008341573855210655
0.0,0.2,-1.678125,0.2983570159336333,0.0008265652924078155
0.0,0.2,-1.671875,0.3000679465407419,0.0008196752229923479
0.0,0.2,-1.6656250000000001,0.3018409655936728,0.0008131440279931912
0.0,0.2,-1.659375,0.30362622471228207,0.0008062475587277465
0.0,0.2,-1.6531250000000002,0.3054235221935525,0.0007986555572308691
0.0,0.2,-1.646875,0.3072313332213812,0.0007906846938449077
0.0,0.2,-1.640625,0.30904986987900546,0.0007830281908525356
0.0,0.2,-1.6343750000000001,0.31088078110896084,0.0007759240088559598
0.0,0.2,-1.628125,0.31272388457629746,0.000768996520429061
0.0,0.2,-1.6218750000000002,0.3145778795950005,0.0007621086845732
0.0,0.2,-1.615625,0.3164430431465526,0.0007561017695108276
0.0,0.2,-1.609375,0.3183179646413331,0.0007509643609171523
0.0,0.2,-1.6031250000000001,0.3202026442174714,0.0007464044449892972
0.0,0.2,-1.596875,0.32210390037216174,0.0007421388140508527
0.0,0.2,-1.590625,0.32402142077838936,0.0007379477840716115
0.0,0.2,-1.584375,0.32595459830530904,0.0007337019169064899
0.0,0.2,-1.578125,0.32790323835588375,0.0007293581096167605
0.0,0.2,-1.5718750000000001,0.32986461697569613,0.0007249458218484968
0.0,0.2,-1.565625,0.3318387272213178,0.0007205223199589018
0.0,0.2,-1.559375,0.33382481872222924,0.0007161303722974172
0.0,0.2,-1.553125,0.335822909959602,0.0007117693043579891
0.0,0.2,-1.546875,0.337832070739374,0.0007075135394895581
0.0,0.2,-1.5406250000000001,0.33985244617691385,0.0007036027071302579
0.0,0.2,-1.534375,0.34188309878924805,0.0006999737293981856
0.0,0.2,-1.528125,0.3439240994647408,0.0006965396448647608
0.0,0.2,-1.521875,0.3459760977497589,0.0006932299513766142
0.0,0.2,-1.515625,0.3480391362526673,0.0006899990551172507
0.0,0.2,-1.5093750000000001,0.3501227768467265,0.0006868376714452996
0.0,0.2,-1.503125,0.3522303469481681,0.0006941809752597743
0.0,0.2,-1.496875,0.37841818940567595,0.000640138699713471
0.0,0.2,-1.490625,0.380664686993426,0.000635284915632653
0.0,0.2,-1.484375,0.3829175407305435,0.0006319733937330163
0.0,0.2,-1.4781250000000001,0.38517666309675413,0.000629193057243217
0.0,0.2,-1.471875,0.3874430298914416,0.0006266007320673275
0.0,0.2,-1.465625,0.389716806400733,0.0006240719122941002
0.0,0.2,-1.459375,0.3919992054269971,0.0006215555690012893
0.0,0.2,-1.453125,0.3942903581588515,0.0006190255022851236
0.0,0.2,-1.4468750000000001,0.39659161655505426,0.0006164655551524674
0.0,0.2,-1.440625,0.3989030521603673,0.000613864545849148
0.0,0.2,-1.434375,0.40122613025127934,0.0006112162191324592
0.0,0.2,-1.428125,0.4035608664400096,0.0006085185155005535
0.0,0.2,-1.421875,0.40590884260054694,0.0006057659220534944
0.0,0.2,-1.4156250000000001,0.40827001530192025,0.0006029441236568075
0.0,0.2,-1.409375,0.4106460615531415,0.0006000281390267444
0.0,0.2,-1.403125,0.41303687952088064,0.000596980781766161
0.0,0.2,-1.396875,0.4154426885996608,0.0005938791722653969
0.0,0.2,-1.390625,0.41786349748105583,0.0005909483633404234
0.0,0.2,-1.3843750000000001,0.42029801910794584,0.0005881852884227407
0.0,0.2,-1.378125,0.4227462087682426,0.0005855852967913439
0.0,0.2,-1.371875,0.4252069791005438,0.0005829281798726821
0.0,0.2,-1.365625,0.4276803591374261,0.0005803291628271203
0.0,0.2,-1.359375,0.43016519052408847,0.0005775838708512346
0.0,0.2,-1.3531250000000001,0.43266157790762105,0.0005749357013717456
0.0,0.2,-1.346875,0.4351682588172788,0.0005720925839035292
0.0,0.2,-1.340625,0.437685376261621,0.0005693451981116222
0.0,0.2,-1.334375,0.44021156242175885,0.0005663022819792214
0.0,0.2,-1.328125,0.4427471037365391,0.0005635487143211188
0.0,0.2,-1.3218750000000001,0.44529053688142417,0.0005605861188243529
0.0,0.2,-1.315625,0.44784213161879527,0.0005579318675955311
0.0,0.2,-1.309375,0.4504003396787569,0.0005549952552493708
0.0,0.2,-1.303125,0.45296816661867756,0.0005583463435002402
0.0,0.2,-1.296875,0.49848381127995395,0.0005035488719185945
0.0,0.2,-1.2906250000000001,0.5013195591756641,0.0004997330814225254
0.0,0.2,-1.284375,0.5041769122052658,0.0004967840685428536
0.0,0.2,-1.278125,0.5070553445780464,0.0004941218066064521
0.0,0.2,-1.271875,0.5099514766418037,0.0004915579681030209
0.0,0.2,-1.265625,0.5128651450890394,0.0004890523894211301
0.0,0.2,-1.2593750000000001,0.5157970587693997,0.00048657324708840715
0.0,0.2,-1.253125,0.5187470583083993,0.00048408975153135374
0.0,0.2,-1.246875,0.5217159853620996,0.00048164193928554446
0.0,0.2,-1.240625,0.5247037078207215,0.0004792541195017161
0.0,0.2,-1.234375,0.5277111401590527,0.0004769216287709328
0.0,0.2,-1.2281250000000001,0.5307381352275506,0.0004746444077713736
0.0,0.2,-1.221875,0.5337856269561987,0.00047243106584569895
0.0,0.2,-1.215625,0.5368534753171046,0.00047029844225439653
0.0,0.2,-1.209375,0.5399466349444486,0.0004682719060814495
0.0,0.2,-1.203125,0.543064911067631,0.00046638070856429135
0.0,0.2,-1.1968750000000001,0.5462176853985757,0.00046466215971184647
0.0,0.2,-1.190625,0.5494046761610268,0.000463154120313763
0.0,0.2,-1.184375,0.5526107585398805,0.0004618807640536966
0.0,0.2,-1.178125,0.5558358572097675,0.0004608552098672827
0.0,0.2,-1.171875,0.5590635855030145,0.00046007589619585646
0.0,0.2,-1.1656250000000001,0.562294037116214,0.0004595351645157894
0.0,0.2,-1.159375,0.5655271366655875,0.00045924468672601745
0.0,0.2,-1.153125,0.5687629856155546,0.00045929862595555455
0.0,0.2,-1.146875,0.5720002202461003,0.00045970409371306684
0.0,0.2,-1.140625,0.5752388558699263,0.00046042928304940373
0.0,0.2,-1.1343750000000001,0.578478146733611,0.0004614481583262709
0.0,0.2,-1.128125,0.5817181127956403,0.0004627840971346231
0.0,0.2,-1.121875,0.5849584237588382,0.0004644294932440465
0.0,0.2,-1.115625,0.5881990524157811,0.00046637828533951237
0.0,0.2,-1.109375,0.5914584083246286,0.0004686466029314144
0.0,0.2,-1.1031250000000001,0.594738916808702,0.0004757007175413227
0.0,0.2,-1.096875,0.6380898352601162,0.0004457664512324369
0.0,0.2,-1.0906250000000002,0.6416132140544243,0.0004479769671714871
0.0,0.2,-1.084375,0.645149673859164,0.0004511495610076319
0.0,0.2,-1.078125,0.6486987466122982,0.0004548333051402484
0.0,0.2,-1.071875,0.652260802254092,0.0004588652266725626
0.0,0.2,-1.065625,0.6558356515044135,0.0004632553161716421
0.0,0.2,-1.0593750000000002,0.6594237585164903,0.00046802721305509417
0.0,0.2,-1.053125,0.6630248984410433,0.0004731544077854493
0.0,0.2,-1.046875,0.6666394419224173,0.00047856470090544356
0.0,0.2,-1.040625,0.6702671272621529,0.000484195126063996
0.0,0.2,-1.034375,0.6739083158868554,0.0004900257035214368
0.0,0.2,-1.0281250000000002,0.6775627830856884,0.0004960664814702377
0.0,0.2,-1.021875,0.6812308782840498,0.0005023474096466769
0.0,0.2,-1.015625,0.6849123656485901,0.0005088768705576788
0.0,0.2,-1.009375,0.6886075165632379,0.0005156517552160166
0.0,0.2,-1.003125,0.6923160654202729,0.000522652309651763
0.0,0.2,-0.9968750000000001,0.6960365028116912,0.0005298856864327695
0.0,0.2,-0.9906250000000001,0.6997685952045051,0.0005373773284970357
0.0,0.2,-0.984375,0.7035105584175477,0.000545144223325551
0.0,0.2,-0.978125,0.7072621264598346,0.0005531639025867716
0.0,0.2,-0.971875,0.7110229523509692,0.0005614170110016754
0.0,0.2,-0.9656250000000001,0.7147927929844622,0.0005699266686509494
0.0,0.2,-0.9593750000000001,0.7185712509798722,0.000578603848269986
0.0,0.2,-0.953125,0.7223579921292052,0.0005873583818772646
0.0,0.2,-0.946875,0.7261527056555798,0.0005962175815799025
0.0,0.2,-0.940625,0.7299551518143119,0.000605235088705176
0.0,0.2,-0.9343750000000001,0.7337650216332321,0.0006144335129436217
0.0,0.2,-0.9281250000000001,0.7375820255986446,0.0006238087891756321
0.0,0.2,-0.921875,0.7414058422917528,0.0006333587152017191
0.0,0.2,-0.915625,0.7452362209545007,0.0006431050486254597
0.0,0.2,-0.909375,0.7490729454176572,0.0006530967804369547
0.0,0.2,-0.903125,0.7529187596637861,0.0006673223078990555
0.0,0.2,-0.896875,0.8201225424429991,0.0006231457288029444
0.0,0.2,-0.890625,0.8242978475690069,0.0006326762283699157
0.0,0.2,-0.884375,0.8284805731035255,0.0006431791527324989
0.0,0.2,-0.878125,0.8326702183935012,0.0006543674711721784
0.0,0.2,-0.871875,0.836866694913845,0.0006662991226112284
0.0,0.2,-0.865625,0.8410698104331472,0.0006790803458389218
0.0,0.2,-0.859375,0.8452794315833051,0.000692737478798614
0.0,0.2,-0.853125,0.8494953486413065,0.0007073693655456426
0.0,0.2,-0.846875,0.8537175026924411,0.000723098002821774
0.0,0.2,-0.840625,0.8579456626558938,0.0007400149483959979
0.0,0.2,-0.834375,0.862179744769627,0.0007582492369356442
0.0,0.2,-0.828125,0.8664194890436979,0.0007778736411461754
0.0,0.2,-0.821875,0.870664720487561,0.0007989141653305974
0.0,0.2,-0.815625,0.8749150636150002,0.0008213272351993564
0.0,0.2,-0.809375,0.8791703082689725,0.0008451401269118238
0.0,0.2,-0.803125,0.883430228514551,0.0008704962105769298
0.0,0.2,-0.796875,0.8876946825483887,0.0008976191043435756
0.0,0.2,-0.790625,0.8919634943510177,0.0009267137210376312
0.0,0.2,-0.784375,0.8962363814969942,0.0009578795429340083
0.0,0.2,-0.778125,0.9005130199959204,0.0009911626579165353
0.0,0.2,-0.771875,0.9047931149943497,0.0010265387770343676
0.0,0.2,-0.765625,0.9090762266521301,0.0010639288165430855
0.0,0.2,-0.759375,0.9133620270843672,0.0011032781176219773
0.0,0.2,-0.753125,0.9176501337769811,0.0011445760056960747
0.0,0.2,-0.746875,0.9219403549493164,0.00118790755140992
0.0,0.2,-0.740625,0.9262323692155788,0.0012333201431644397
0.0,0.2,-0.734375,0.9305259208496514,0.001280804643511926
0.0,0.2,-0.728125,0.9348206148119685,0.001330319256408251
0.0,0.2,-0.721875,0.9391161302989524,0.0013817736497452706
0.0,0.2,-0.715625,0.9434120758136183,0.0014351113972868282
0.0,0.2,-0.709375,0.9477083391370756,0.0014904229308088301
0.0,0.2,-0.703125,0.952006128721728,0.0015493151974417694
0.0,0.2,-0.696875,1.2819118718779745,0.0011986851414147591
0.0,0.2,-0.690625,1.287629488531684,0.0012452764516699387
0.0,0.2,-0.684375,1.2933451215940637,0.001293769583508213
0.0,0.2,-0.678125,1.2990583160231681,0.0013441234862061563
0.0,0.2,-0.671875,1.304768919218822,0.0013964955654034883
0.0,0.2,-0.665625,1.3104770071612903,0.0014512130972800157
0.0,0.2,-0.659375,1.3161820120906844,0.0015083630962771377
0.0,0.2,-0.653125,1.3218845078203165,0.001568604765248711
0.0,0.2,-0.646875,1.327583825849338,0.0016320611756784013
0.0,0.2,-0.640625,1.3332798623327193,0.0016989052115705964
0.0,0.2,-0.634375,1.3389722256783527,0.001769755914536307
0.0,0.2,-0.628125,1.3446610900368916,0.001845043158523922
0.0,0.2,-0.621875,1.350345646887352,0.0019250967650403386
0.0,0.2,-0.615625,1.356027056281287,0.0020111239364099267
0.0,0.2,-0.609375,1.3617057952063492,0.002104593944560733
0.0,0.2,-0.603125,1.3673820168607116,0.00220602161315125
0.0,0.2,-0.596875,1.3730594376349876,0.0023161842611388603
0.0,0.2,-0.590625,1.3787379890423996,0.0024353728421543535
0.0,0.2,-0.584375,1.3844169570334732,0.0025643868488189046
0.0,0.2,-0.578125,1.3900971833972087,0.0027044473001622445
0.0,0.2,-0.571875,1.3957803877477155,0.0028576128047609855
0.0,0.2,-0.565625,1.4014696653061824,0.0030263084915070704
0.0,0.2,-0.559375,1.4071848215658644,0.003216806220742449
0.0,0.2,-0.553125,1.41293562281103,0.003434947505602661
0.0,0.2,-0.546875,1.4187402181341122,0.0036908005827244825
0.0,0.2,-0.540625,1.4246208746917641,0.003997311542701557
0.0,0.2,-0.534375,1.4306288723692884,0.004378188984523335
0.0,0.2,-0.528125,1.4368133859616325,0.004861438359475774
0.0,0.2,-0.521875,1.443283479642692,0.0054965546456384
0.0,0.2,-0.515625,1.450140845605091,0.00634185503696805
0.0,0.2,-0.509375,1.457670509990399,0.0075104481957365766
0.0,0.2,-0.503125,1.4671526067401186,0.009858964187666647
0.5,0.2,-2.096875,0.11711147733927078,-0.007345719616311761
0.5,0.2,-2.090625,0.11369549206460909,-0.005308594759164907
0.5,0.2,-2.084375,0.11070139236076171,-0.002874690592389073
0.5,0.2,-2.078125,0.10808646341993355,-0.0003641489321929665
0.5,0.2,-2.0718750000000004,0.10578745182057696,0.0018640138294121538
0.5,0.2,-2.065625,0.1037433041860611,0.003258419590942842
0.5,0.2,-2.059375,0.1023621646013129,0.004052235768970529
0.5,0.2,-2.053125,0.10162614928096331,0.004540128377174239
0.5,0.2,-2.046875,0.10124653142750001,0.004891704810706634
0.5,0.2,-2.0406250000000004,0.10119893316697723,0.005151133492460704
0.5,0.2,-2.034375,0.1011924139031133,0.005355646790343095
0.5,0.2,-2.028125,0.10122558023725522,0.005535365723909641
0.5,0.2,-2.021875,0.10164453986963577,0.0056732008530676085
0.5,0.2,-2.015625,0.1024329811170459,0.0057742165625723095
0.5,0.2,-2.0093750000000004,0.10323291145504591,0.005850576525345788
0.5,0.2,-2.003125,0.10404515093965544,0.005910684041368226
0.5,0.2,-1.9968750000000002,0.10478926435456976,0.005959162762121115
0.5,0.2,-1.990625,0.1054695041542954,0.005998524283167978
0.5,0.2,-1.984375,0.10608552200970585,0.006032157971149895
0.5,0.2,-1.9781250000000001,0.10664142899719584,0.006061228652357558
0.5,0.2,-1.971875,0.10714130244111332,0.006071824040649629
0.5,0.2,-1.9656250000000002,0.10758753859734606,0.00605200518885055
0.5,0.2,-1.959375,0.10799646034812024,0.00600981576093303
0.5,0.2,-1.953125,0.10837074262502695,0.005947339949126573
0.5,0.2,-1.9468750000000001,0.10873573383761996,0.005870417993443853
0.5,0.2,-1.940625,0.10909304269625114,0.005786046674256598
0.5,0.2,-1.9343750000000002,0.10957810532838215,0.005696229994328897
0.5,0.2,-1.928125,0.11018335571215546,0.005599822907219271
0.5,0.2,-1.921875,0.1109944258659772,0.005501643258519771
0.5,0.2,-1.9156250000000001,0.11199745226700292,0.00540374735959211
0.5,0.2,-1.909375,0.11317334110399681,0.005308725198871309
0.5,0.2,-1.9031250000000002,0.1145177380965811,0.005260649191826176
0.5,0.2,-1.896875,0.18473837309554933,0.003111952323091381
0.5,0.2,-1.890625,0.18603536782745514,0.0030723661267893472
0.5,0.2,-1.8843750000000001,0.18727829345158728,0.0030364132885038436
0.5,0.2,-1.878125,0.18847123848409136,0.0030100455534930936
0.5,0.2,-1.8718750000000002,0.189667803007856,0.0029955555207340227
0.5,0.2,-1.865625,0.19086587714385017,0.0029813389511324524
0.5,0.2,-1.859375,0.19206804335995054,0.0029681845709987925
0.5,0.2,-1.8531250000000001,0.19327439233008203,0.0029573069782758902
0.5,0.2,-1.846875,0.19448738460991738,0.0029487596325641504
0.5,0.2,-1.8406250000000002,0.1957064143873727,0.0029404260965841048
0.5,0.2,-1.834375,0.19693380184287748,0.0029316658707556702
0.5,0.2,-1.828125,0.19816939476314452,0.002923247294340206
0.5,0.2,-1.8218750000000001,0.19941602661193633,0.0029154509247688565
0.5,0.2,-1.815625,0.20067314080316848,0.002907374526136081
0.5,0.2,-1.8093750000000002,0.2019426944455347,0.0028979532416905838
0.5,0.2,-1.803125,0.203224167315254,0.002886782567490586
0.5,0.2,-1.796875,0.20451780919887083,0.0028739100500681514
0.5,0.2,-1.7906250000000001,0.20582333303063574,0.0028598576254192003
0.5,0.2,-1.784375,0.2071387283602131,0.0028486674455185748
0.5,0.2,-1.7781250000000002,0.20846337578205268,0.0028380903586403255
0.5,0.2,-1.771875,0.20979205592030264,0.0028281923341506175
0.5,0.2,-1.765625,0.2111248800466165,0.0028188992534454857
0.5,0.2,-1.7593750000000001,0.21245618847840217,0.0028097190255900162
0.5,0.2,-1.753125,0.2137862923875697,0.002800173337747394
0.5,0.2,-1.7468750000000002,0.21510941755258228,0.002790208697794979
0.5,0.2,-1.740625,0.2164263486079566,0.002780375649839699
0.5,0.2,-1.734375,0.21773227403252737,0.002769665965486031
0.5,0.2,-1.7281250000000001,0.2190281583164573,0.0027588138688627722
0.5,0.2,-1.721875,0.22030713115666037,0.0027461136506134304
0.5,0.2,-1.7156250000000002,0.22157063644188463,0.0027332860468969366
0.5,0.2,-1.709375,0.2228114248417086,0.0027178729957797803
0.5,0.2,-1.703125,0.22403763138094288,0.0027312117648807454
0.5,0.2,-1.6968750000000001,0.2992819731750252,0.0020077311085417043
0.5,0.2,-1.690625,0.3008576701902878,0.0019871481831283473
0.5,0.2,-1.6843750000000002,0.30242096759845627,0.0019681436382051306
0.5,0.2,-1.678125,0.3039724898973847,0.0019498803844955471
0.5,0.2,-1.671875,0.3056321284920228,0.0019301797276739714
0.5,0.2,-1.6656250000000001,0.30739550608391963,0.0019097577079480411
0.5,0.2,-1.659375,0.30917340660469095,0.0018892756849945862
0.5,0.2,-1.6531250000000002,0.3109657233586687,0.0018688770462267632
0.5,0.2,-1.646875,0.3127694729033426,0.00184883824494672
0.5,0.2,-1.640625,0.3145846721482122,0.0018291728237900037
0.5,0.2,-1.6343750000000001,0.31641397770071605,0.001809803423096715
0.5,0.2,-1.628125,0.31825724349492945,0.0017905928327248894
0.5,0.2,-1.6218750000000002,0.32011207893544313,0.0017716141520008187
0.5,0.2,-1.615625,0.3219785790978714,0.0017530874913297312
0.5,0.2,-1.609375,0.323854076553887,0.001735123962419734
0.5,0.2,-1.6031250000000001,0.32573867770211984,0.0017175951691107908
0.5,0.2,-1.596875,0.3276448687010704,0.001700290703184726
0.5,0.2,-1.590625,0.3295723079431855,0.0016833747766834483
0.5,0.2,-1.584375,0.33151977433728425,0.0016668685221724578
0.5,0.2,-1.578125,0.33348705169285353,0.0016510135213243255
0.5,0.2,-1.5718750000000001,0.33546890092413106,0.0016357902879258913
0.5,0.2,-1.565625,0.33746530343080355,0.0016212719982855559
0.5,0.2,-1.559375,0.33947467352922667,0.0016073298747636589
0.5,0.2,-1.553125,0.3414970306377383,0.0015939365622381254
0.5,0.2,-1.546875,0.34353044056344806,0.0015809852110396272
0.5,0.2,-1.5406250000000001,0.3455750008057159,0.001568458452464422
0.5,0.2,-1.534375,0.3476288888947358,0.0015563653053568332
0.5,0.2,-1.528125,0.3496922722582193,0.001544716874810002
0.5,0.2,-1.521875,0.3517664139214633,0.001533731127015186
0.5,0.2,-1.515625,0.3538513353962318,0.0015231836099029354
0.5,0.2,-1.5093750000000001,0.3559654650263172,0.0015132413280915964
0.5,0.2,-1.503125,0.3581125927261247,0.0015161886444362718
0.5,0.2,-1.496875,0.38439256892870877,0.0014026033506325335
0.5,0.2,-1.490625,0.38666441780423083,0.0013917219079997447
0.5,0.2,-1.484375,0.3889361951169855,0.0013825326104226843
0.5,0.2,-1.4781250000000001,0.39120794249203955,0.0013738359601991115
0.5,0.2,-1.471875,0.3934821527103093,0.00136648287262447
0.5,0.2,-1.465625,0.39575844155890855,0.0013585239105618884
0.5,0.2,-1.459375,0.3980392716579628,0.001350099805973666
0.5,0.2,-1.453125,0.40032500459358783,0.0013415034305964471
0.5,0.2,-1.4468750000000001,0.4026184025600428,0.0013330008903105876
0.5,0.2,-1.440625,0.4049195376044059,0.0013244218540464307
0.5,0.2,-1.434375,0.4072312569269327,0.0013156939298424343
0.5,0.2,-1.428125,0.4095535808857339,0.001306775357652619
0.5,0.2,-1.421875,0.41188964913578957,0.0012977530775166988
0.5,0.2,-1.4156250000000001,0.41423941289501826,0.0012886431403415053
0.5,0.2,-1.409375,0.41660618446652253,0.001279444436144186
0.5,0.2,-1.403125,0.4189898400293627,0.001270195414262909
0.5,0.2,-1.396875,0.42139084323503717,0.0012608581284983013
0.5,0.2,-1.390625,0.4238091103845998,0.0012515599561159973
0.5,0.2,-1.3843750000000001,0.4262421894715743,0.0012422977510542499
0.5,0.2,-1.378125,0.42869009198457486,0.0012332505177429858
0.5,0.2,-1.371875,0.43115077478789443,0.0012243078154920196
0.5,0.2,-1.365625,0.4336242775670543,0.0012156057274410803
0.5,0.2,-1.359375,0.43610836241255246,0.0012069005491854295
0.5,0.2,-1.3531250000000001,0.4386031742176596,0.0011984809060146216
0.5,0.2,-1.346875,0.4411063513569558,0.001190098902944605
0.5,0.2,-1.340625,0.4436181015393867,0.00118210620475962
0.5,0.2,-1.334375,0.4461358634176872,0.0011740510118388523
0.5,0.2,-1.328125,0.44865996126927393,0.001166483519011715
0.5,0.2,-1.3218750000000001,0.45118751093545745,0.0011584323800649637
0.5,0.2,-1.315625,0.4537191324942922,0.001151059168333082
0.5,0.2,-1.309375,0.4562515578706709,0.001142717683639898
0.5,0.2,-1.303125,0.45878803437815935,0.0011403131768915745
0.5,0.2,-1.296875,0.5043943989015031,0.0010309995026022629
0.5,0.2,-1.2906250000000001,0.507205831808493,0.0010225228336102842
0.5,0.2,-1.284375,0.5100461226030903,0.0010148423106601996
0.5,0.2,-1.278125,0.5129146040668435,0.0010073962731570504
0.5,0.2,-1.271875,0.5158039822167424,0.0010001264531895402
0.5,0.2,-1.265625,0.5187140842300835,0.00099310494009358
0.5,0.2,-1.2593750000000001,0.5216460441246707,0.0009861894071831114
0.5,0.2,-1.253125,0.5245996616631446,0.0009793900693844833
0.5,0.2,-1.246875,0.5275763902126795,0.0009727671215063281
0.5,0.2,-1.240625,0.5305760949444956,0.0009664487623240682
0.5,0.2,-1.234375,0.5336003899526318,0.0009603631481248156
0.5,0.2,-1.2281250000000001,0.5366491548978453,0.0009546616322001811
0.5,0.2,-1.221875,0.5397239715090272,0.0009491158920100018
0.5,0.2,-1.215625,0.5428247391703752,0.0009439096996907388
0.5,0.2,-1.209375,0.5459617055222237,0.0009387747860798695
0.5,0.2,-1.203125,0.5491347999858105,0.0009341452243028396
0.5,0.2,-1.1968750000000001,0.5523656013779878,0.0009298303975025462
0.5,0.2,-1.190625,0.5556539581809071,0.0009264149159324554
0.5,0.2,-1.184375,0.5589677952918184,0.0009236493291615383
0.5,0.2,-1.178125,0.5623072385198065,0.0009218628100200493
0.5,0.2,-1.171875,0.5656364539746972,0.0009207842500237113
0.5,0.2,-1.1656250000000001,0.5689557519234503,0.000920463953704302
0.5,0.2,-1.159375,0.5722652435523823,0.0009204422545011292
0.5,0.2,-1.153125,0.5755654238772192,0.000921246928887098
0.5,0.2,-1.146875,0.5788537003702006,0.0009222582249417526
0.5,0.2,-1.140625,0.5821305929010723,0.0009240905177698239
0.5,0.2,-1.1343750000000001,0.5853945875098403,0.0009258304778850064
0.5,0.2,-1.128125,0.5886462077275071,0.0009281755740189693
0.5,0.2,-1.121875,0.5918846760356982,0.0009301449410216453
0.5,0.2,-1.115625,0.595110430486176,0.0009323766895939297
0.5,0.2,-1.109375,0.5983645914380717,0.0009341103501031517
0.5,0.2,-1.1031250000000001,0.6016521391549835,0.0009441708822695448
0.5,0.2,-1.096875,0.6451274584497989,0.0008810163756164238
0.5,0.2,-1.0906250000000002,0.6486618615557566,0.0008811453376328925
0.5,0.2,-1.084375,0.6522098863863086,0.0008827210421694997
0.5,0.2,-1.078125,0.6557707855100474,0.0008848773250328613
0.5,0.2,-1.071875,0.6593454813887955,0.0008873686207043352
0.5,0.2,-1.065625,0.66293359149454,0.0008899318651870588
0.5,0.2,-1.0593750000000002,0.6665360978039333,0.0008924702668153733
0.5,0.2,-1.053125,0.6701528391860636,0.0008950802878549064
0.5,0.2,-1.046875,0.6737847655932857,0.0008976838149851575
0.5,0.2,-1.040625,0.6774316710773918,0.0009003244136110118
0.5,0.2,-1.034375,0.6810944679381852,0.0009029622231500467
0.5,0.2,-1.0281250000000002,0.6847729673314363,0.0009056784191955205
0.5,0.2,-1.021875,0.6884679980691337,0.0009084173296741605
0.5,0.2,-1.015625,0.6921793556302045,0.0009112470042874091
0.5,0.2,-1.009375,0.6959077758365338,0.0009141074111165501
0.5,0.2,-1.003125,0.6996531009310172,0.000917142661515525
0.5,0.2,-0.9968750000000001,0.703412319572084,0.0009202586366478507
0.5,0.2,-0.9906250000000001,0.7071852500576397,0.00092354977589705
0.5,0.2,-0.984375,0.7109681639183002,0.0009267587611835726
0.5,0.2,-0.978125,0.7147609948264484,0.0009301360758029168
0.5,0.2,-0.971875,0.7185630110597637,0.0009333593482983644
0.5,0.2,-0.9656250000000001,0.7223743090831275,0.0009369189264066196
0.5,0.2,-0.9593750000000001,0.7261939879476969,0.0009402730560410676
0.5,0.2,-0.953125,0.7300221956814359,0.0009439936065267492
0.5,0.2,-0.946875,0.7338579558823165,0.0009474386091140397
0.5,0.2,-0.940625,0.7377015344488876,0.0009513508725285977
0.5,0.2,-0.9343750000000001,0.7415519279641499,0.0009550635769632266
0.5,0.2,-0.9281250000000001,0.7454092839968784,0.00095916575028063
0.5,0.2,-0.921875,0.7492726093472543,0.0009629456516472222
0.5,0.2,-0.915625,0.7531421608316067,0.0009671497549275088
0.5,0.2,-0.909375,0.7570170299994398,0.0009710851138671555
0.5,0.2,-0.903125,0.7609041372563006,0.0009843300896607732
0.5,0.2,-0.896875,0.8283384642308673,0.0009059705557499301
0.5,0.2,-0.890625,0.8325500723809198,0.0009078022730879586
0.5,0.2,-0.884375,0.8367695836238176,0.0009110657651137222
0.5,0.2,-0.878125,0.840995934997084,0.0009149017770812397
0.5,0.2,-0.871875,0.8452288949251817,0.00091914816711939
0.5,0.2,-0.865625,0.8494680000883482,0.0009236946212469915
0.5,0.2,-0.859375,0.853712396404104,0.0009277181815142751
0.5,0.2,-0.853125,0.8579621921225147,0.0009318082462902049
0.5,0.2,-0.846875,0.8622170175695915,0.0009357983701853966
0.5,0.2,-0.840625,0.8664767134434568,0.0009399682991415823
0.5,0.2,-0.834375,0.8707406390860244,0.0009439287310078086
0.5,0.2,-0.828125,0.8750085260007804,0.0009478455603666593
0.5,0.2,-0.821875,0.8792795906353873,0.0009512770015220434
0.5,0.2,-0.815625,0.8835538455616769,0.0009547240478100716
0.5,0.2,-0.809375,0.8878307830037057,0.0009581652751496433
0.5,0.2,-0.803125,0.8921101584342659,0.0009618119075050637
0.5,0.2,-0.796875,0.8963907218417192,0.0009651754871850198
0.5,0.2,-0.790625,0.9006723808340147,0.0009686510634347848
0.5,0.2,-0.784375,0.9049538304275522,0.0009718184937664427
0.5,0.2,-0.778125,0.9092348819995525,0.000974974803304856
0.5,0.2,-0.771875,0.9135141951105685,0.0009775308550783075
0.5,0.2,-0.765625,0.9177917348231662,0.0009799652995909293
0.5,0.2,-0.759375,0.9220662881867271,0.0009818967641823599
0.5,0.2,-0.753125,0.926338240843905,0.0009842670602808498
0.5,0.2,-0.746875,0.930605716610567,0.0009859960476418998
0.5,0.2,-0.740625,0.9348692452747311,0.0009881857081990545
0.5,0.2,-0.734375,0.9391265066808029,0.0009892771084054528
0.5,0.2,-0.728125,0.9433786749201981,0.0009910679430972108
0.5,0.2,-0.721875,0.9476234180046806,0.000991918665284818
0.5,0.2,-0.715625,0.9518617567150066,0.000993458288503231
0.5,0.2,-0.709375,0.9560912393794169,0.0009938170131765446
0.5,0.2,-0.703125,0.9603193846815524,0.0010014376143967158
0.5,0.2,-0.696875,1.291184942683949,0.0007430188010247332
0.5,0.2,-0.690625,1.2968135903623887,0.0007421666071290091
0.5,0.2,-0.684375,1.3024325104915686,0.0007423267948299341
0.5,0.2,-0.678125,1.3080402664215762,0.0007429388639385227
0.5,0.2,-0.671875,1.3136364219099046,0.0007439163171874208
0.5,0.2,-0.665625,1.3192187632005852,0.0007441303697258773
0.5,0.2,-0.659375,1.3247873405672188,0.000744157266673829
0.5,0.2,-0.653125,1.3303415098573335,0.0007440802395432233
0.5,0.2,-0.646875,1.3358804664180504,0.0007438697561128769
0.5,0.2,-0.640625,1.3414035039735364,0.0007435702953715776
0.5,0.2,-0.634375,1.3469099036536885,0.0007432577970025208
0.5,0.2,-0.628125,1.352399075546739,0.0007430700894215432
0.5,0.2,-0.621875,1.3578701736202234,0.0007429505480912954
0.5,0.2,-0.615625,1.3633225822801938,0.0007430241204264021
0.5,0.2,-0.609375,1.3687552232057245,0.0007429753820028292
0.5,0.2,-0.603125,1.3741673769390548,0.0007428624047841271
0.5,0.2,-0.596875,1.3795638311353893,0.0007423869612187016
0.5,0.2,-0.590625,1.3849441284217865,0.0007418108390927156
0.5,0.2,-0.584375,1.3903070651749023,0.000741056314858726
0.5,0.2,-0.578125,1.3956520913384716,0.0007403205110000805
0.5,0.2,-0.571875,1.4009793871901028,0.0007395642505988204
0.5,0.2,-0.565625,1.4062878712396203,0.0007386083257697442
0.5,0.2,-0.559375,1.4115907311369098,0.0007378010315421739
0.5,0.2,-0.553125,1.4168867683860458,0.0007368952634345647
0.5,0.2,-0.546875,1.422184018336023,0.0007361952846931905
0.5,0.2,-0.540625,1.4274810691751045,0.0007353180251553672
0.5,0.2,-0.534375,1.4328001976467584,0.0007343580752587272
0.5,0.2,-0.528125,1.4381404510576588,0.0007332863517255647
0.5,0.2,-0.521875,1.4435452804154707,0.0007321328521005254
0.5,0.2,-0.515625,1.4490143942232756,0.0007313799489300788
0.5,0.2,-0.509375,1.4546672226382777,0.0007306811234463745
0.5,0.2,-0.503125,1.4605037001704582,0.0007308134853100838
1.285,0.2,-2.096875,0.1842195276112711,-0.06027150232950815
1.285,0.2,-2.090625,0.1740067723974999,-0.060052251636869204
1.285,0.2,-2.084375,0.16483695210691127,-0.0596533266434551
1.285,0.2,-2.078125,0.15669683368644075,-0.059140381655424894
1.285,0.2,-2.0718750000000004,0.14945902463717858,-0.058567176993926634
1.285,0.2,-2.065625,0.14310447089934408,-0.05791849108349255
1.285,0.2,-2.059375,0.13861856263678574,-0.05704133530047136
1.285,0.2,-2.053125,0.1359507729820291,-0.05591716668227963
1.285,0.2,-2.046875,0.13421974866505942,-0.05479346917436878
1.285,0.2,-2.0406250000000004,0.13339223021340335,-0.0536637838063513
1.285,0.2,-2.034375,0.13270144615914253,-0.05255594194796472
1.285,0.2,-2.028125,0.1321434749746554,-0.05147021309687157
1.285,0.2,-2.021875,0.1327497594239676,-0.0501773248199985
1.285,0.2,-2.015625,0.13449215206658294,-0.04867618287748009
1.285,0.2,-2.0093750000000004,0.1362207964073596,-0.04718786834692185
1.285,0.2,-2.003125,0.13794054889825144,-0.0457638251402125
1.285,0.2,-1.9968750000000002,0.13936176041526696,-0.04445813646410308
1.285,0.2,-1.990625,0.14049133187927398,-0.04326357771137007
1.285,0.2,-1.984375,0.14130334019244084,-0.0421783141261664
1.285,0.2,-1.9781250000000001,0.14180508651036755,-0.04119553223076574
1.285,0.2,-1.971875,0.14200363921114542,-0.04030751715119598
1.285,0.2,-1.9656250000000002,0.1419060624282765,-0.039509569592739886
1.285,0.2,-1.959375,0.14157077047287372,-0.03879341358850572
1.285,0.2,-1.953125,0.14100597251307526,-0.03818174678979986
1.285,0.2,-1.9468750000000001,0.14032549514440706,-0.03771122499199519
1.285,0.2,-1.940625,0.13953519844647447,-0.03740869047307042
1.285,0.2,-1.9343750000000002,0.13915463607503356,-0.03723184242122972
1.285,0.2,-1.928125,0.13916969528872183,-0.037170346899088845
1.285,0.2,-1.921875,0.1399271663383804,-0.037189492721267536
1.285,0.2,-1.9156250000000001,0.1413986665126084,-0.037267336353347884
1.285,0.2,-1.909375,0.14365823819500712,-0.037330085277199596
1.285,0.2,-1.9031250000000002,0.14669325378271658,-0.037459245961785965
1.285,0.2,-1.896875,0.21931653703304724,-0.0228251150545753
1.285,0.2,-1.890625,0.2211552203509615,-0.023000980729935585
1.285,0.2,-1.8843750000000001,0.22272824588341888,-0.023177351724141777
1.285,0.2,-1.878125,0.2240259971887982,-0.023270997302288876
1.285,0.2,-1.8718750000000002,0.22527053088678234,-0.023278222624240133
1.285,0.2,-1.865625,0.22646755587302034,-0.023232865998622915
1.285,0.2,-1.859375,0.22763346922037722,-0.02317563301920864
1.285,0.2,-1.8531250000000001,0.22877209718954516,-0.023128206112314705
1.285,0.2,-1.846875,0.2298939038764338,-0.023090376515874894
1.285,0.2,-1.8406250000000002,0.23099445028622292,-0.02303952559678542
1.285,0.2,-1.834375,0.23209104737734257,-0.0229965659837788
1.285,0.2,-1.828125,0.23318857292052714,-0.022984764435821772
1.285,0.2,-1.8218750000000001,0.23429248101334943,-0.022947068690006008
1.285,0.2,-1.815625,0.23538617981747123,-0.0227998085775895
1.285,0.2,-1.8093750000000002,0.2364885643046518,-0.022561242954429114
1.285,0.2,-1.803125,0.23760702421114155,-0.0222673780361832
1.285,0.2,-1.796875,0.2387311632814856,-0.02195896161486905
1.285,0.2,-1.7906250000000001,0.23986760461248713,-0.02166062296841367
1.285,0.2,-1.784375,0.24102163435578508,-0.02137376045325928
1.285,0.2,-1.7781250000000002,0.24219401941429572,-0.021085569983046615
1.285,0.2,-1.771875,0.24339145454755612,-0.020785373473146816
1.285,0.2,-1.765625,0.24461792842335886,-0.020475446359774163
1.285,0.2,-1.7593750000000001,0.2458433549484217,-0.020151014440422433
1.285,0.2,-1.753125,0.24707392867992078,-0.019824403512283432
1.285,0.2,-1.7468750000000002,0.24827269660933404,-0.01949548356682501
1.285,0.2,-1.740625,0.2494448730566844,-0.019174784066258017
1.285,0.2,-1.734375,0.25055170913332486,-0.018860814656883752
1.285,0.2,-1.7281250000000001,0.25159650854406834,-0.018560078380839798
1.285,0.2,-1.721875,0.2525292757487566,-0.018272134728798517
1.285,0.2,-1.7156250000000002,0.25335201953480263,-0.017995770265184886
1.285,0.2,-1.709375,0.25400960256318306,-0.01771872958701143
1.285,0.2,-1.703125,0.25451689109916037,-0.01749674804116219
1.285,0.2,-1.6968750000000001,0.32774364247461457,-0.01300516125059774
1.285,0.2,-1.690625,0.3282641612397678,-0.012888613703753283
1.285,0.2,-1.6843750000000002,0.32863521528695416,-0.01271462388387137
1.285,0.2,-1.678125,0.32887370175522035,-0.012527834267847157
1.285,0.2,-1.671875,0.32983931324404464,-0.012386052810896542
1.285,0.2,-1.6656250000000001,0.3315126929892003,-0.012278291442578275
1.285,0.2,-1.659375,0.33324759973680307,-0.012183780479141745
1.285,0.2,-1.6531250000000002,0.33504816575311225,-0.012120191526624373
1.285,0.2,-1.646875,0.3368938189994728,-0.012089755313092932
1.285,0.2,-1.640625,0.3387810645058868,-0.012082216969957243
1.285,0.2,-1.6343750000000001,0.3407248644268805,-0.012083116368189338
1.285,0.2,-1.628125,0.3427227649345044,-0.012086614788249513
1.285,0.2,-1.6218750000000002,0.34475075383034404,-0.012070597742819048
1.285,0.2,-1.615625,0.3468046200875197,-0.012021890592529071
1.285,0.2,-1.609375,0.34886637809349275,-0.011946939432497116
1.285,0.2,-1.6031250000000001,0.3509354575126826,-0.011842076318889318
1.285,0.2,-1.596875,0.3531064508515816,-0.01170852078220457
1.285,0.2,-1.590625,0.35537789381302476,-0.011545751523997885
1.285,0.2,-1.584375,0.35773278053501467,-0.011339799373919228
1.285,0.2,-1.578125,0.36017913190038303,-0.0111187945114149
1.285,0.2,-1.5718750000000001,0.36266064850883317,-0.010850508037625908
1.285,0.2,-1.565625,0.36518204424180134,-0.010550712316569623
1.285,0.2,-1.559375,0.367733004217644,-0.010240158021715925
1.285,0.2,-1.553125,0.37031154422655427,-0.009913445708259912
1.285,0.2,-1.546875,0.37289818996749846,-0.009570798148129568
1.285,0.2,-1.5406250000000001,0.37549384396698565,-0.009215206833982822
1.285,0.2,-1.534375,0.3780799649584195,-0.008847337765030362
1.285,0.2,-1.528125,0.38065505530243665,-0.008462928098528822
1.285,0.2,-1.521875,0.38322388081666453,-0.008056176735901747
1.285,0.2,-1.515625,0.38579441711910767,-0.007651412802415939
1.285,0.2,-1.5093750000000001,0.38853529371593887,-0.007266249745802377
1.285,0.2,-1.503125,0.391440087601051,-0.0068912197728049455
1.285,0.2,-1.496875,0.4180522119577786,-0.00610995645225178
1.285,0.2,-1.490625,0.4208438057418945,-0.005765108793359732
1.285,0.2,-1.484375,0.42351738373451137,-0.005423584453111491
1.285,0.2,-1.4781250000000001,0.4260765796842184,-0.005091662630684847
1.285,0.2,-1.471875,0.4285486572430466,-0.004778515633021389
1.285,0.2,-1.465625,0.43093749957931177,-0.004491400954473496
1.285,0.2,-1.459375,0.43327076534537234,-0.0042339733390966625
1.285,0.2,-1.453125,0.43555153375598443,-0.0040118553154011955
1.285,0.2,-1.4468750000000001,0.4378223644662907,-0.0038599056060698144
1.285,0.2,-1.440625,0.4400658509926943,-0.003732651190602307
1.285,0.2,-1.434375,0.4423097041785874,-0.003623210373337777
1.285,0.2,-1.428125,0.4445547611605292,-0.003532939292418935
1.285,0.2,-1.421875,0.44683217943505754,-0.0034577180717260897
1.285,0.2,-1.4156250000000001,0.44913984006485363,-0.003392243423060269
1.285,0.2,-1.409375,0.4515108873424874,-0.0033321942635054047
1.285,0.2,-1.403125,0.4539450501635324,-0.0032773520525572236
1.285,0.2,-1.396875,0.45645419032301376,-0.0032288384946687647
1.285,0.2,-1.390625,0.45903879788400526,-0.003187963643058145
1.285,0.2,-1.3843750000000001,0.46168074223318195,-0.003157810640815185
1.285,0.2,-1.378125,0.46437931300881297,-0.00313612451071878
1.285,0.2,-1.371875,0.4671107468619999,-0.00311935846760189
1.285,0.2,-1.365625,0.4698720351584326,-0.003099825353857626
1.285,0.2,-1.359375,0.4726379004877585,-0.0030738742526259413
1.285,0.2,-1.3531250000000001,0.4754095979251872,-0.003043685873149596
1.285,0.2,-1.346875,0.47816234259927604,-0.0030097496241203417
1.285,0.2,-1.340625,0.48089665830507383,-0.002972390447516537
1.285,0.2,-1.334375,0.48358524726284685,-0.002929035953321187
1.285,0.2,-1.328125,0.48621970236466805,-0.0028600571504848044
1.285,0.2,-1.3218750000000001,0.4887721481625735,-0.0027643707111991997
1.285,0.2,-1.315625,0.49125382317695554,-0.0026662304948758546
1.285,0.2,-1.309375,0.49364503180383035,-0.0025841706778999382
1.285,0.2,-1.303125,0.49594404715887475,-0.0025132016645253268
1.285,0.2,-1.296875,0.5413300306171787,-0.0022377541862036152
1.285,0.2,-1.2906250000000001,0.5440321032086496,-0.002177490593045952
1.285,0.2,-1.284375,0.5468767811945461,-0.002117521332744799
1.285,0.2,-1.278125,0.549863544251526,-0.002059914000782451
1.285,0.2,-1.271875,0.5529002566891158,-0.0020081575565924267
1.285,0.2,-1.265625,0.5559879611316672,-0.0019656840365158035
1.285,0.2,-1.2593750000000001,0.5591360977465615,-0.0019345559027437562
1.285,0.2,-1.253125,0.5623441393078795,-0.0019148429362954862
1.285,0.2,-1.246875,0.5656225471045281,-0.0019046544185628064
1.285,0.2,-1.240625,0.5689729848737999,-0.0019079763803625705
1.285,0.2,-1.234375,0.5724151059099706,-0.0019337902926516827
1.285,0.2,-1.2281250000000001,0.5759388652479893,-0.0019638464474064548
1.285,0.2,-1.221875,0.5795621576794147,-0.002001251635511158
1.285,0.2,-1.215625,0.5832853940816543,-0.0020471696484789478
1.285,0.2,-1.209375,0.5872377100782201,-0.00210090439182319
1.285,0.2,-1.203125,0.5914175702909862,-0.0021603360494671857
1.285,0.2,-1.1968750000000001,0.596171112693133,-0.0022225158756308933
1.285,0.2,-1.190625,0.6014976620690611,-0.0022867721852095576
1.285,0.2,-1.184375,0.6070206953075727,-0.0023552419131267414
1.285,0.2,-1.178125,0.6127351430716302,-0.002417014086069933
1.285,0.2,-1.171875,0.6181604818201806,-0.002473667288468881
1.285,0.2,-1.1656250000000001,0.6232995387280694,-0.0025274584921336435
1.285,0.2,-1.159375,0.6281608744789534,-0.00256499358349621
1.285,0.2,-1.153125,0.6327399010759384,-0.002576626076257766
1.285,0.2,-1.146875,0.6370259954579726,-0.0025654023388600625
1.285,0.2,-1.140625,0.6410261083457338,-0.002541884460059577
1.285,0.2,-1.1343750000000001,0.6447449002901744,-0.0025134151441059205
1.285,0.2,-1.128125,0.64818114740711,-0.0024767622702508074
1.285,0.2,-1.121875,0.6513414537503526,-0.002429578385682729
1.285,0.2,-1.115625,0.6542265327894723,-0.0023724206268482596
1.285,0.2,-1.109375,0.6574427970484976,-0.002306497591930312
1.285,0.2,-1.1031250000000001,0.6609912025828144,-0.0022325736977378127
1.285,0.2,-1.096875,0.7053882190609008,-0.0020336404702918525
1.285,0.2,-1.0906250000000002,0.7094341309992104,-0.001991080999369577
1.285,0.2,-1.084375,0.7134896360069606,-0.00195559952159174
1.285,0.2,-1.078125,0.7175534233575398,-0.0019249325696869036
1.285,0.2,-1.071875,0.7216402637802902,-0.0018992915107255452
1.285,0.2,-1.065625,0.725749477063263,-0.0018776626777210574
1.285,0.2,-1.0593750000000002,0.7298943100158559,-0.0018586990969535178
1.285,0.2,-1.053125,0.7340739884530414,-0.0018415551622283032
1.285,0.2,-1.046875,0.7383026160560424,-0.0018262577992901072
1.285,0.2,-1.040625,0.7425815223570846,-0.0018135026077009163
1.285,0.2,-1.034375,0.7469239248743536,-0.001799623219259215
1.285,0.2,-1.0281250000000002,0.7513296158031654,-0.001781529400136241
1.285,0.2,-1.021875,0.7558157297750578,-0.0017618433093259818
1.285,0.2,-1.015625,0.7603825643980465,-0.001743444548670149
1.285,0.2,-1.009375,0.7650390440415106,-0.0017284994359007184
1.285,0.2,-1.003125,0.7697803160174487,-0.0017181267518607463
1.285,0.2,-0.9968750000000001,0.7745687890241038,-0.0017124233656154032
1.285,0.2,-0.9906250000000001,0.7794195957106328,-0.0017104973533839756
1.285,0.2,-0.984375,0.7843292274126481,-0.0017157161766932535
1.285,0.2,-0.978125,0.7893360271346327,-0.0017273413403961677
1.285,0.2,-0.971875,0.7945226783469811,-0.0017426683455949686
1.285,0.2,-0.9656250000000001,0.799900593764729,-0.0017618229583633016
1.285,0.2,-0.9593750000000001,0.8054356702299813,-0.001779859512504599
1.285,0.2,-0.953125,0.8111089397253486,-0.0017963425224776053
1.285,0.2,-0.946875,0.816884395299904,-0.0018082848258709043
1.285,0.2,-0.940625,0.8227240237091971,-0.0018145490594641406
1.285,0.2,-0.9343750000000001,0.8285587587591988,-0.0018142287148093488
1.285,0.2,-0.9281250000000001,0.8343320835717233,-0.0018082971319238136
1.285,0.2,-0.921875,0.83997534285014,-0.0017973970845126424
1.285,0.2,-0.915625,0.8454520438080678,-0.0017828888129985342
1.285,0.2,-0.909375,0.8507391130727187,-0.0017661778571454768
1.285,0.2,-0.903125,0.8558214640386792,-0.0017480751245926554
1.285,0.2,-0.896875,0.9271053699976782,-0.0016002377469104747
1.285,0.2,-0.890625,0.9321461397709199,-0.00159105608779861
1.285,0.2,-0.884375,0.9370370223991541,-0.0015785999357255244
1.285,0.2,-0.878125,0.9418367842300664,-0.0015696484086476685
1.285,0.2,-0.871875,0.9466416666393712,-0.0015657277589971883
1.285,0.2,-0.865625,0.9514788945316813,-0.0015655650556716803
1.285,0.2,-0.859375,0.9563260128249325,-0.0015656929883582618
1.285,0.2,-0.853125,0.961184645481491,-0.0015657402664384279
1.285,0.2,-0.846875,0.9660570874910942,-0.0015656457530879618
1.285,0.2,-0.840625,0.9709444232629977,-0.0015660804740991335
1.285,0.2,-0.834375,0.975846838818658,-0.0015675509907170009
1.285,0.2,-0.828125,0.9807624992825182,-0.0015692374949890448
1.285,0.2,-0.821875,0.9856901384001662,-0.0015712298023046987
1.285,0.2,-0.815625,0.9906291057884397,-0.0015735804131096916
1.285,0.2,-0.809375,0.9955778897715589,-0.0015763229188051342
1.285,0.2,-0.803125,1.0005362200080772,-0.001579465734122895
1.285,0.2,-0.796875,1.0054989694717837,-0.001582963967828052
1.285,0.2,-0.790625,1.0104656585308474,-0.0015867391576776125
1.285,0.2,-0.784375,1.0154294976767924,-0.00159070374616045
1.285,0.2,-0.778125,1.0203898713174184,-0.0015947873138861444
1.285,0.2,-0.771875,1.0253411388190192,-0.0015989385953163629
1.285,0.2,-0.765625,1.0302827245526591,-0.0016031250870481213
1.285,0.2,-0.759375,1.03520850293065,-0.0016073459270548466
1.285,0.2,-0.753125,1.0401179520805306,-0.0016116192345825675
1.285,0.2,-0.746875,1.0450047492949213,-0.0016158952152780705
1.285,0.2,-0.740625,1.0498682694180148,-0.0016201236567560029
1.285,0.2,-0.734375,1.0547023456797235,-0.0016241484428134566
1.285,0.2,-0.728125,1.0595065199645366,-0.0016281290959998212
1.285,0.2,-0.721875,1.0642756874892143,-0.0016318791498624561
1.285,0.2,-0.715625,1.0690094093799942,-0.0016356004306604481
1.285,0.2,-0.709375,1.073704161357543,-0.0016390762984833562
1.285,0.2,-0.703125,1.078359650657506,-0.0016426725033533757
1.285,0.2,-0.696875,1.4250547776007376,-0.001231141850963267
1.285,0.2,-0.690625,1.431156173681798,-0.0012362599426861927
1.285,0.2,-0.684375,1.437221193723581,-0.0012349644089750924
1.285,0.2,-0.678125,1.4432597176819757,-0.0012351621451478184
1.285,0.2,-0.671875,1.4492757238954852,-0.0012367284606871112
1.285,0.2,-0.665625,1.4552672828368354,-0.001238861361040778
1.285,0.2,-0.659375,1.4612332887230286,-0.0012410810516278745
1.285,0.2,-0.653125,1.4671725314060198,-0.0012431336613347322
1.285,0.2,-0.646875,1.4730839748088969,-0.0012450872242736524
1.285,0.2,-0.640625,1.478967130647313,-0.001247215268165655
1.285,0.2,-0.634375,1.484819971435391,-0.0012492772607356616
1.285,0.2,-0.628125,1.4906415052901114,-0.0012511989051617299
1.285,0.2,-0.621875,1.4964308627529261,-0.0012529886266768823
1.285,0.2,-0.615625,1.502187178647807,-0.0012546699124858648
1.285,0.2,-0.609375,1.507911335531712,-0.0012562641304420055
1.285,0.2,-0.603125,1.5136024470964293,-0.0012577834159802933
1.285,0.2,-0.596875,1.519339200549297,-0.0012592347547097488
1.285,0.2,-0.590625,1.525120893519594,-0.0012606198669367324
1.285,0.2,-0.584375,1.5309431105402498,-0.001261938800110092
1.285,0.2,-0.578125,1.536805134740745,-0.001263193634440173
1.285,0.2,-0.571875,1.542720353626114,-0.0012643750385268112
1.285,0.2,-0.565625,1.5486881048829142,-0.0012655006069629447
1.285,0.2,-0.559375,1.5548885126775789,-0.0012665348972592297
1.285,0.2,-0.553125,1.5613214476719917,-0.0012675358359159558
1.285,0.2,-0.546875,1.5680999737195203,-0.00126841672466392
1.285,0.2,-0.540625,1.5752243483519388,-0.0012692952442746172
1.285,0.2,-0.534375,1.5830036158022733,-0.0012700295160011025
1.285,0.2,-0.528125,1.591438913941148,-0.0012707814637972308
1.285,0.2,-0.521875,1.601127782220966,-0.001271384632029991
1.285,0.2,-0.515625,1.6120729387813262,-0.001272009753101469
1.285,0.2,-0.509375,1.6259090804946674,-0.001272492353367254
1.285,0.2,-0.503125,1.6426472055080195,-0.0012756252173908953
0.0,0.5,-2.096875,0.03329124818914326,-1.0
0.0,0.5,-2.090625,0.029849638918091212,-1.0
0.0,0.5,-2.084375,0.026724825013291296,-1.0
0.0,0.5,-2.078125,0.023898938201449615,-1.0
0.0,0.5,-2.0718750000000004,0.021344961735393877,-1.0
0.0,0.5,-2.065625,0.019047021567611466,-1.0
0.0,0.5,-2.059375,0.017223470021390408,-1.0
0.0,0.5,-2.053125,0.015999412752150662,-0.21634762604913232
0.0,0.5,-2.046875,0.01553009654159975,-0.0547699542158659
0.0,0.5,-2.0406250000000004,0.015318196325348936,-0.02650578354099212
0.0,0.5,-2.034375,0.015131870553582314,-0.01464657965787089
0.0,0.5,-2.028125,0.01496722178398349,-0.008068720466320976
0.0,0.5,-2.021875,0.015075393904746808,-0.00365154449279479
0.0,0.5,-2.015625,0.015443302047763284,-0.0006608720877483376
0.0,0.5,-2.0093750000000004,0.015816922339433038,0.0014066301555444559
0.0,0.5,-2.003125,0.016196553099227382,0.0029285890329783784
0.0,0.5,-1.9968750000000002,0.01652667915203701,0.004111907806408538
0.0,0.5,-1.990625,0.01681057133030126,0.005069349517157436
0.0,0.5,-1.984375,0.017049128031543015,0.005867193848478967
0.0,0.5,-1.9781250000000001,0.017245472609413996,0.006546746912366979
0.0,0.5,-1.971875,0.017404270441479654,0.007134805343150933
0.0,0.5,-1.9656250000000002,0.017528198109625918,0.007650090135853176
0.0,0.5,-1.959375,0.017628497298831026,0.008104149057933623
0.0,0.5,-1.953125,0.01770695350845759,0.008507050096672691
0.0,0.5,-1.9468750000000001,0.01778049854506564,0.008863555988312366
0.0,0.5,-1.940625,0.017849653523950054,0.00918016544096556
0.0,0.5,-1.9343750000000002,0.018007099029278776,0.009445554346724021
0.0,0.5,-1.928125,0.018246847191374628,0.009667411342988137
0.0,0.5,-1.921875,0.018627416509058047,0.009851109847479927
0.0,0.5,-1.9156250000000001,0.019137603672488655,0.010003235231577966
0.0,0.5,-1.909375,0.019757730461817703,0.010116592634661897
0.0,0.5,-1.9031250000000002,0.02048365729370295,0.010370467112312622
0.0,0.5,-1.896875,0.02968150920903816,0.00649122631311182
0.0,0.5,-1.890625,0.030171508263187,0.00662475558901401
0.0,0.5,-1.8843750000000001,0.03062206101029064,0.006769798735175798
0.0,0.5,-1.878125,0.031035038927349684,0.006914751292913927
0.0,0.5,-1.8718750000000002,0.031445109179606676,0.0070532258748740645
0.0,0.5,-1.865625,0.031852121166497396,0.007184135939724934
0.0,0.5,-1.859375,0.03225774776370239,0.007307019055752225
0.0,0.5,-1.8531250000000001,0.032661801812539415,0.00742177304485414
0.0,0.5,-1.846875,0.03306595610791583,0.0075286843011747795
0.0,0.5,-1.8406250000000002,0.033470013743016315,0.007629244652960374
0.0,0.5,-1.834375,0.033875719732734365,0.007726915268912518
0.0,0.5,-1.828125,0.03428299305269783,0.00782860116279592
0.0,0.5,-1.8218750000000001,0.03469389005272659,0.007941146065054151
0.0,0.5,-1.815625,0.03510668317295211,0.008017276373579981
0.0,0.5,-1.8093750000000002,0.03552191431147806,0.008028875474843865
0.0,0.5,-1.803125,0.0359395631702634,0.007990012461739231
0.0,0.5,-1.796875,0.036360582259809815,0.007925632286910522
0.0,0.5,-1.7906250000000001,0.03678531728853228,0.007857788340563839
0.0,0.5,-1.784375,0.03721212928410197,0.007786747508548655
0.0,0.5,-1.7781250000000002,0.037640648467513124,0.007706676270332826
0.0,0.5,-1.771875,0.03806765621759221,0.007615075937317702
0.0,0.5,-1.765625,0.03849317067561881,0.00751200052849359
0.0,0.5,-1.7593750000000001,0.03891394833209888,0.007400052136205922
0.0,0.5,-1.753125,0.039330328910802126,0.007282982583464317
0.0,0.5,-1.7468750000000002,0.03973903006455151,0.0071652228616689885
0.0,0.5,-1.740625,0.04014056854358446,0.007050318613821574
0.0,0.5,-1.734375,0.040532348046260616,0.006940845563540625
0.0,0.5,-1.7281250000000001,0.040914879486281905,0.006837672583372401
0.0,0.5,-1.721875,0.041284272823753215,0.006740742578758284
0.0,0.5,-1.7156250000000002,0.04164114282783604,0.006649033533493542
0.0,0.5,-1.709375,0.041981443730403245,0.00656155311217642
0.0,0.5,-1.703125,0.042309719464029345,0.006576074150913478
0.0,0.5,-1.6968750000000001,0.05185036597616345,0.005181995241991164
0.0,0.5,-1.690625,0.0521909613215301,0.005105873037361769
0.0,0.5,-1.6843750000000002,0.05251953468273085,0.005039428903086403
0.0,0.5,-1.678125,0.05283635437663258,0.004978483596782521
0.0,0.5,-1.671875,0.053209553281750636,0.0049212194580060195
0.0,0.5,-1.6656250000000001,0.05363608255909063,0.00486557401585484
0.0,0.5,-1.659375,0.05406604227548202,0.0048083861003584616
0.0,0.5,-1.6531250000000002,0.05449917976217778,0.004747689176831839
0.0,0.5,-1.646875,0.05493392064960875,0.004685413618224871
0.0,0.5,-1.640625,0.05537042934575311,0.004625672981361769
0.0,0.5,-1.6343750000000001,0.05581030705226971,0.004569797034373579
0.0,0.5,-1.628125,0.05625332217297788,0.004515526776440057
0.0,0.5,-1.6218750000000002,0.05669812524777655,0.004462045409338363
0.0,0.5,-1.615625,0.05714494783247107,0.004414266044077142
0.0,0.5,-1.609375,0.05759233306736718,0.004372084460018358
0.0,0.5,-1.6031250000000001,0.05804023415874266,0.00433374389170071
0.0,0.5,-1.596875,0.05849542265754393,0.0042974312252452435
0.0,0.5,-1.590625,0.058957540653960916,0.004261853568774278
0.0,0.5,-1.584375,0.05942593686539162,0.004226250961836308
0.0,0.5,-1.578125,0.059900372785261245,0.004190372082973102
0.0,0.5,-1.5718750000000001,0.06037808076920521,0.004154420224936939
0.0,0.5,-1.565625,0.06085901150978571,0.004118720430387818
0.0,0.5,-1.559375,0.06134237355091717,0.004083519017104298
0.0,0.5,-1.553125,0.061828144309089665,0.004048804367208811
0.0,0.5,-1.546875,0.0623153528202883,0.004015004260913878
0.0,0.5,-1.5406250000000001,0.06280410515322452,0.003983469057171553
0.0,0.5,-1.534375,0.06329342551169621,0.003953833968589908
0.0,0.5,-1.528125,0.06378334661942998,0.003925590172694532
0.0,0.5,-1.521875,0.0642744801037446,0.003898320631615079
0.0,0.5,-1.515625,0.06476683216751196,0.0038717587321772276
0.0,0.5,-1.5093750000000001,0.06526992983072032,0.003845705445819893
0.0,0.5,-1.503125,0.06578708904232562,0.0038786452915125095
0.0,0.5,-1.496875,0.06930259492164295,0.0036399207473703584
0.0,0.5,-1.490625,0.06982096834385385,0.0036052493940587223
0.0,0.5,-1.484375,0.07033498156072732,0.0035796624816471076
0.0,0.5,-1.4781250000000001,0.07084451184008798,0.0035573701795920043
0.0,0.5,-1.471875,0.07135050169894418,0.003536399448802649
0.0,0.5,-1.465625,0.07185308541205565,0.0035160361652753678
0.0,0.5,-1.459375,0.07235344675961139,0.0034959742213787966
0.0,0.5,-1.453125,0.07285168848101994,0.0034760614558122724
0.0,0.5,-1.4468750000000001,0.07334913463185515,0.0034561886948896716
0.0,0.5,-1.440625,0.07384583075877409,0.003436290241356851
0.0,0.5,-1.434375,0.07434321808960391,0.003416311468425033
0.0,0.5,-1.428125,0.07484128882715196,0.0033962388352981334
0.0,0.5,-1.421875,0.0753416020636977,0.003376020572467211
0.0,0.5,-1.4156250000000001,0.07584409357951655,0.003355575425420991
0.0,0.5,-1.409375,0.07635042162810703,0.003334742451427241
0.0,0.5,-1.403125,0.07686046634156,0.003313314713620648
0.0,0.5,-1.396875,0.07737443009174465,0.0032917160948891366
0.0,0.5,-1.390625,0.07789230700814902,0.0032711948716232842
0.0,0.5,-1.3843750000000001,0.07841279714897077,0.003251738149052112
0.0,0.5,-1.378125,0.07893584377899959,0.0032333144839295394
0.0,0.5,-1.371875,0.07946034791804892,0.0032147090738522534
0.0,0.5,-1.365625,0.07998632998144374,0.003196557290972959
0.0,0.5,-1.359375,0.08051262459942088,0.0031777380118108846
0.0,0.5,-1.3531250000000001,0.08103933139407041,0.003159592827387342
0.0,0.5,-1.346875,0.08156518269246923,0.0031405207007910688
0.0,0.5,-1.340625,0.08209031998118975,0.0031221207555386073
0.0,0.5,-1.334375,0.08261337484789026,0.003102251310456013
0.0,0.5,-1.328125,0.08313463643440822,0.0030841235426981566
0.0,0.5,-1.3218750000000001,0.08365264286186003,0.003065010172534023
0.0,0.5,-1.315625,0.08416767011048101,0.0030477448002796943
0.0,0.5,-1.309375,0.08467817624756739,0.0030291002020877804
0.0,0.5,-1.303125,0.08518719039225843,0.0030449958546303886
0.0,0.5,-1.296875,0.09106245908749118,0.0028218294041736348
0.0,0.5,-1.2906250000000001,0.09160576429188864,0.00279839227835423
0.0,0.5,-1.284375,0.09215846416623276,0.002779871639552813
0.0,0.5,-1.278125,0.0927200502896998,0.0027630054848003217
0.0,0.5,-1.271875,0.09328716286299034,0.002746744350691029
0.0,0.5,-1.265625,0.09385966184624606,0.0027308616330342615
0.0,0.5,-1.2593750000000001,0.09443828251578133,0.0027151665685584535
0.0,0.5,-1.253125,0.09502289364593769,0.0026994863855790687
0.0,0.5,-1.246875,0.09561436694223681,0.0026840328148697505
0.0,0.5,-1.240625,0.09621260354078803,0.0026689409726466393
0.0,0.5,-1.234375,0.09681855439017019,0.0026541723073286033
0.0,0.5,-1.2281250000000001,0.09743211071123992,0.0026397259448644635
0.0,0.5,-1.221875,0.09805424672990477,0.0026256380211225304
0.0,0.5,-1.215625,0.09868486612004507,0.0026120018225253006
0.0,0.5,-1.209375,0.09932897068186133,0.0025989236322549753
0.0,0.5,-1.203125,0.09998641487997464,0.002586565656792608
0.0,0.5,-1.1968750000000001,0.10066663174410069,0.0025750648855758264
0.0,0.5,-1.190625,0.10136939437093428,0.0025646311428661832
0.0,0.5,-1.184375,0.10207963641237218,0.002555487181611108
0.0,0.5,-1.178125,0.1027973431912336,0.0025477028309630295
0.0,0.5,-1.171875,0.10350619092694029,0.0025413697582511966
0.0,0.5,-1.1656250000000001,0.10420633985939733,0.0025364414965330733
0.0,0.5,-1.159375,0.10489778495457869,0.0025329894261573583
0.0,0.5,-1.153125,0.10558070061672291,0.0025315299728236144
0.0,0.5,-1.146875,0.10625379829116799,0.002532106478485442
0.0,0.5,-1.140625,0.10691717220472609,0.0025345395039570685
0.0,0.5,-1.1343750000000001,0.10757015944046348,0.0025386885680335636
0.0,0.5,-1.128125,0.1082128654811208,0.00254467998200371
0.0,0.5,-1.121875,0.10884504807890763,0.0025524735650717346
0.0,0.5,-1.115625,0.1094667720650766,0.0025620342445069593
0.0,0.5,-1.109375,0.11009654312027974,0.002573345759931564
0.0,0.5,-1.1031250000000001,0.11073689666441365,0.0026109716256701287
0.0,0.5,-1.096875,0.11638362367706567,0.002495029438854813
0.0,0.5,-1.0906250000000002,0.11705430666887562,0.002506382492775709
0.0,0.5,-1.084375,0.11772706893445395,0.0025231514139866405
0.0,0.5,-1.078125,0.11840156222793985,0.002542804532641386
0.0,0.5,-1.071875,0.11907828018576429,0.002564422127972296
0.0,0.5,-1.065625,0.11975716224314534,0.0025880588493498173
0.0,0.5,-1.0593750000000002,0.12043880593644518,0.002613841155295052
0.0,0.5,-1.053125,0.12112312296119808,0.002641619436483675
0.0,0.5,-1.046875,0.12181062369378279,0.0026709842784554696
0.0,0.5,-1.040625,0.12250119087076253,0.002701582882072433
0.0,0.5,-1.034375,0.12319533522197029,0.0027332988418624967
0.0,0.5,-1.0281250000000002,0.12389298489775451,0.002766187986341504
0.0,0.5,-1.021875,0.12459464574146079,0.0028004131871312604
0.0,0.5,-1.015625,0.12530024307729146,0.0028360207085204167
0.0,0.5,-1.009375,0.12601021427278172,0.0028729887787479376
0.0,0.5,-1.003125,0.12672446328111905,0.0029112064551957903
0.0,0.5,-0.9968750000000001,0.12744165399726945,0.0029507187431496496
0.0,0.5,-0.9906250000000001,0.12816173115118912,0.002991667327724837
0.0,0.5,-0.984375,0.12888309375942977,0.0030341539890144185
0.0,0.5,-0.978125,0.12960566267543785,0.0030780533456513303
0.0,0.5,-0.971875,0.13032928157354312,0.0031232570250673696
0.0,0.5,-0.9656250000000001,0.13105390312830822,0.00316989416643106
0.0,0.5,-0.9593750000000001,0.13177933035096495,0.0032174678397693082
0.0,0.5,-0.953125,0.13250543331823977,0.003265475890902856
0.0,0.5,-0.946875,0.13323210991344145,0.0033140702544100105
0.0,0.5,-0.940625,0.13395933419401124,0.003363550518996675
0.0,0.5,-0.9343750000000001,0.13468701595578242,0.0034140418089547786
0.0,0.5,-0.9281250000000001,0.13541508839871616,0.00346552194633013
0.0,0.5,-0.921875,0.13614345688797233,0.003517978159736008
0.0,0.5,-0.915625,0.1368721026105614,0.0035715321377780933
0.0,0.5,-0.909375,0.13760104657109687,0.0036264570541084677
0.0,0.5,-0.903125,0.13833329201649688,0.003704963674602568
0.0,0.5,-0.896875,0.14698098931519143,0.0035433010722964306
0.0,0.5,-0.890625,0.14775141723503735,0.0035970232708838093
0.0,0.5,-0.884375,0.1485237598311595,0.0036562924936089994
0.0,0.5,-0.878125,0.14929779822276737,0.0037194716446216983
0.0,0.5,-0.871875,0.15007373197863405,0.003786891123033628
0.0,0.5,-0.865625,0.15085166273888026,0.0038591566165871883
0.0,0.5,-0.859375,0.15163175615183067,0.003936418114942924
0.0,0.5,-0.853125,0.15241410665610117,0.0040192394058812895
0.0,0.5,-0.846875,0.15319896441832645,0.0041083154844114384
0.0,0.5,-0.840625,0.15398641277245478,0.004204169000931874
0.0,0.5,-0.834375,0.15477668812781062,0.0043075347919971745
0.0,0.5,-0.828125,0.15556985520137395,0.004418829039456792
0.0,0.5,-0.821875,0.15636606826079874,0.004538198789108799
0.0,0.5,-0.815625,0.15716528598688884,0.004665397443354794
0.0,0.5,-0.809375,0.15796763820769008,0.0048005785804874366
0.0,0.5,-0.803125,0.1587732446633139,0.0049445620239920865
0.0,0.5,-0.796875,0.1595823147877248,0.005098621238045143
0.0,0.5,-0.790625,0.16039502911564346,0.00526392838107819
0.0,0.5,-0.784375,0.16121146640783116,0.005441049072340331
0.0,0.5,-0.778125,0.16203166842413158,0.005630250691980377
0.0,0.5,-0.771875,0.16285571038284882,0.005831390991149744
0.0,0.5,-0.765625,0.16368352706796643,0.006044023039654065
0.0,0.5,-0.759375,0.1645151703890414,0.006267829199454669
0.0,0.5,-0.753125,0.165350642823912,0.006502752258976336
0.0,0.5,-0.746875,0.16619014335252238,0.0067492708148326214
0.0,0.5,-0.740625,0.16703374591572862,0.007007659105885478
0.0,0.5,-0.734375,0.16788159436439282,0.007277856746980789
0.0,0.5,-0.728125,0.16873369762884746,0.007559627587157682
0.0,0.5,-0.721875,0.16959014293958213,0.007852446535018149
0.0,0.5,-0.715625,0.1704509516026992,0.008155992087248409
0.0,0.5,-0.709375,0.17131643048648929,0.008470773783823132
0.0,0.5,-0.703125,0.17218823288048957,0.00880599203262886
0.0,0.5,-0.696875,0.21376298039294733,0.007356863927746382
0.0,0.5,-0.690625,0.21482265042657298,0.007643138988101541
0.0,0.5,-0.684375,0.21588858352163304,0.00794111608470308
0.0,0.5,-0.678125,0.21696092281753518,0.008250543560777255
0.0,0.5,-0.671875,0.2180401235505454,0.008572404695533152
0.0,0.5,-0.665625,0.21912687844630038,0.008908726745007126
0.0,0.5,-0.659375,0.22022123779145877,0.00926007198313053
0.0,0.5,-0.653125,0.2213244118650886,0.009630527597209358
0.0,0.5,-0.646875,0.22243636516794327,0.010020895777064488
0.0,0.5,-0.640625,0.2235576332356752,0.010432264478526207
0.0,0.5,-0.634375,0.2246884802341874,0.010868526226338143
0.0,0.5,-0.628125,0.22582973995805267,0.011332377031342818
0.0,0.5,-0.621875,0.22698126913030614,0.011825942214855152
0.0,0.5,-0.615625,0.22814492384873983,0.012356764970285409
0.0,0.5,-0.609375,0.22932189640082049,0.012934092224879835
0.0,0.5,-0.603125,0.23051304146328136,0.013561227972628735
0.0,0.5,-0.596875,0.23172279669880375,0.014243144736276362
0.0,0.5,-0.590625,0.2329518098010898,0.014981804342824753
0.0,0.5,-0.584375,0.23420011051197198,0.015782395534674438
0.0,0.5,-0.578125,0.23546931642854163,0.01665275591518489
0.0,0.5,-0.571875,0.23676197856201997,0.017606046059184425
0.0,0.5,-0.565625,0.23808206926793415,0.018657796322869697
0.0,0.5,-0.559375,0.23945048920817757,0.019847663164032796
0.0,0.5,-0.553125,0.24087817804887113,0.021213034772443403
0.0,0.5,-0.546875,0.24238480676727253,0.022818616932897808
0.0,0.5,-0.540625,0.2439945583866468,0.024747884253336936
0.0,0.5,-0.534375,0.24576169422711344,0.02715437996217356
0.0,0.5,-0.528125,0.24773949140818197,0.03022174163057999
0.0,0.5,-0.521875,0.2500442247826553,0.034277139799924417
0.0,0.5,-0.515625,0.25278866267040634,0.03971619502434059
0.0,0.5,-0.509375,0.25628043843724296,0.047312288180732964
0.0,0.5,-0.503125,0.2619467399886109,0.06286164445773418
0.5,0.5,-2.096875,0.044237130506028094,-1.0
0.5,0.5,-2.090625,0.03982208166257461,-1.0
0.5,0.5,-2.084375,0.03579704755664084,-1.0
0.5,0.5,-2.078125,0.03214215885206083,-1.0
0.5,0.5,-2.0718750000000004,0.029397452909231188,1.0
0.5,0.5,-2.065625,0.02683887532933762,1.0
0.5,0.5,-2.059375,0.024720339824797998,0.9303800986334718
0.5,0.5,-2.053125,0.023431399519179334,0.38762898646777116
0.5,0.5,-2.046875,0.02261570501165494,0.26256057363259944
0.5,0.5,-2.0406250000000004,0.022148918211620548,0.20529049970335336
0.5,0.5,-2.034375,0.02172795427837447,0.17235344403194958
0.5,0.5,-2.028125,0.021348050418759614,0.15136677364796836
0.5,0.5,-2.021875,0.02135045208074434,0.13060201093920912
0.5,0.5,-2.015625,0.021719909988684855,0.11185436159649702
0.5,0.5,-2.0093750000000004,0.022100176034080446,0.09818513496702551
0.5,0.5,-2.003125,0.02249143889649698,0.08777797823820536
0.5,0.5,-1.9968750000000002,0.022813021653922065,0.07989996519800108
0.5,0.5,-1.990625,0.023068836629987665,0.07373973985238902
0.5,0.5,-1.984375,0.023258333860346158,0.06881788528146417
0.5,0.5,-1.9781250000000001,0.0233854695967689,0.06481086220472107
0.5,0.5,-1.971875,0.023454046295001824,0.061331710001045786
0.5,0.5,-1.9656250000000002,0.023466269509749216,0.058128546611308576
0.5,0.5,-1.959375,0.02343848736652961,0.05517834955474073
0.5,0.5,-1.953125,0.02337335318735657,0.05243838997583541
0.5,0.5,-1.9468750000000001,0.023296214811702607,0.049883250834146874
0.5,0.5,-1.940625,0.023208703413899922,0.047535506947310395
0.5,0.5,-1.9343750000000002,0.02324617994355302,0.04527180584164778
0.5,0.5,-1.928125,0.02340104536108516,0.04307858170801868
0.5,0.5,-1.921875,0.023758937133192583,0.04097662175976011
0.5,0.5,-1.9156250000000001,0.02430597998235914,0.03897810647454813
0.5,0.5,-1.909375,0.025023039750159074,0.03703364550428331
0.5,0.5,-1.9031250000000002,0.025906020857701086,0.035459871880193186
0.5,0.5,-1.896875,0.03520108320708484,0.02194968670588612
0.5,0.5,-1.890625,0.03571458466119383,0.021317878945965065
0.5,0.5,-1.8843750000000001,0.03616902855803483,0.020754038543739122
0.5,0.5,-1.878125,0.03656849564415551,0.02029372840770124
0.5,0.5,-1.8718750000000002,0.03696654922199803,0.019936176479748324
0.5,0.5,-1.865625,0.03736096426348642,0.019599098149707485
0.5,0.5,-1.859375,0.037754286053322116,0.019285365322846602
0.5,0.5,-1.8531250000000001,0.0381465706077319,0.01900154428708865
0.5,0.5,-1.846875,0.038540236079240585,0.018745648485738006
0.5,0.5,-1.8406250000000002,0.03893462241312055,0.018502871570333892
0.5,0.5,-1.834375,0.03933200454278821,0.01826763067012106
0.5,0.5,-1.828125,0.039732193318436845,0.018044222949211767
0.5,0.5,-1.8218750000000001,0.04013798169488263,0.017833024749035028
0.5,0.5,-1.815625,0.04054876658173195,0.01762793229993448
0.5,0.5,-1.8093750000000002,0.040966457918220615,0.017421476476372648
0.5,0.5,-1.803125,0.04139049218315453,0.017211077058346926
0.5,0.5,-1.796875,0.04182107801381346,0.01699665650228663
0.5,0.5,-1.7906250000000001,0.04225789039380115,0.016781272415117784
0.5,0.5,-1.784375,0.042698900671651,0.016588798932321652
0.5,0.5,-1.7781250000000002,0.043143435994165896,0.016405398301239483
0.5,0.5,-1.771875,0.043586236366884544,0.016231582796242
0.5,0.5,-1.765625,0.04402737194164492,0.01606658449402716
0.5,0.5,-1.7593750000000001,0.04446114042718754,0.01590779042468863
0.5,0.5,-1.753125,0.04488781001110075,0.015752214596836445
0.5,0.5,-1.7468750000000002,0.04530156581324678,0.015599913354682277
0.5,0.5,-1.740625,0.04570315527830202,0.015453781297954496
0.5,0.5,-1.734375,0.04608772221515959,0.015308478469352906
0.5,0.5,-1.7281250000000001,0.04645619521938261,0.015167928338196449
0.5,0.5,-1.721875,0.0468016552592151,0.015022984534975326
0.5,0.5,-1.7156250000000002,0.04712551586667368,0.01488303846931592
0.5,0.5,-1.709375,0.047420476298941076,0.014734858786720668
0.5,0.5,-1.703125,0.04769479574762185,0.014749624213110954
0.5,0.5,-1.6968750000000001,0.05718307870624665,0.011780454471390424
0.5,0.5,-1.690625,0.057441692339464376,0.011626751926466828
0.5,0.5,-1.6843750000000002,0.05767927830671759,0.011486003060447478
0.5,0.5,-1.678125,0.057896404262855174,0.011353071582590626
0.5,0.5,-1.671875,0.0582128940541862,0.011208386202610743
0.5,0.5,-1.6656250000000001,0.05862432349647452,0.011056389564491852
0.5,0.5,-1.659375,0.05904143221431393,0.010905430336635501
0.5,0.5,-1.6531250000000002,0.05946406396298178,0.010756308888567701
0.5,0.5,-1.646875,0.05988918634445695,0.010610695838714677
0.5,0.5,-1.640625,0.06031676682455012,0.010468612254858168
0.5,0.5,-1.6343750000000001,0.0607494130793805,0.010329429317975748
0.5,0.5,-1.628125,0.061186929784101916,0.010192316057161038
0.5,0.5,-1.6218750000000002,0.06162687814780635,0.0100577193083989
0.5,0.5,-1.615625,0.06206930687103128,0.009926854647300582
0.5,0.5,-1.609375,0.06251150273357621,0.009800393075681627
0.5,0.5,-1.6031250000000001,0.06295352503787113,0.009677548520499736
0.5,0.5,-1.596875,0.06340781222941434,0.009556631537858512
0.5,0.5,-1.590625,0.06387397830471588,0.009438552573783359
0.5,0.5,-1.584375,0.06435075826835486,0.00932342108278252
0.5,0.5,-1.578125,0.0648378931582104,0.009212570078782888
0.5,0.5,-1.5718750000000001,0.06533009991349917,0.009105999624269912
0.5,0.5,-1.565625,0.06582731762536204,0.009004079491583668
0.5,0.5,-1.559375,0.06632791864084077,0.008906088633176889
0.5,0.5,-1.553125,0.06683188102306648,0.008811837927478472
0.5,0.5,-1.546875,0.0673372289959083,0.008720750539340186
0.5,0.5,-1.5406250000000001,0.06784402025895327,0.008632698608585811
0.5,0.5,-1.534375,0.06835039410041288,0.008547754500247539
0.5,0.5,-1.528125,0.06885647989738626,0.008465948197206037
0.5,0.5,-1.521875,0.06936350381294222,0.008388432317690308
0.5,0.5,-1.515625,0.06987144985493296,0.008313937016389446
0.5,0.5,-1.5093750000000001,0.07039871201630123,0.008242854019234384
0.5,0.5,-1.503125,0.07094910369030212,0.00824239347945002
0.5,0.5,-1.496875,0.07449685032639523,0.0077691589278222496
0.5,0.5,-1.490625,0.07503366480695287,0.007694695757753023
0.5,0.5,-1.484375,0.07555965488075407,0.007630412616229878
0.5,0.5,-1.4781250000000001,0.07607482333783296,0.007569590149667315
0.5,0.5,-1.471875,0.07658163439250648,0.0075168726630752405
0.5,0.5,-1.465625,0.0770796636812556,0.007461436736636459
0.5,0.5,-1.459375,0.07757134550338049,0.007404016675506592
0.5,0.5,-1.453125,0.07805701438158544,0.007346224832021067
0.5,0.5,-1.4468750000000001,0.0785394058155148,0.00728946382089487
0.5,0.5,-1.440625,0.07901856500141098,0.007232784779317777
0.5,0.5,-1.434375,0.07949731467819292,0.007175721856444967
0.5,0.5,-1.428125,0.07997565154712447,0.007118040694463731
0.5,0.5,-1.421875,0.08045669282775329,0.007060146734208238
0.5,0.5,-1.4156250000000001,0.08094036900922094,0.007002123076076553
0.5,0.5,-1.409375,0.08142997362083187,0.006943888534057515
0.5,0.5,-1.403125,0.0819253650314287,0.0068856499470356805
0.5,0.5,-1.396875,0.08242698947886483,0.0068271755739712035
0.5,0.5,-1.390625,0.08293474876307924,0.006769156051641774
0.5,0.5,-1.3843750000000001,0.0834461779713221,0.006711603059857162
0.5,0.5,-1.378125,0.08396127738101565,0.006655482481302247
0.5,0.5,-1.371875,0.08447799220903957,0.006600219954246215
0.5,0.5,-1.365625,0.08499635387524869,0.006546544951574597
0.5,0.5,-1.359375,0.08551411679744805,0.006493166054564411
0.5,0.5,-1.3531250000000001,0.08603142161656295,0.0064416365729261325
0.5,0.5,-1.346875,0.08654590103849545,0.00639064646867495
0.5,0.5,-1.340625,0.08705776220788174,0.006342084701844134
0.5,0.5,-1.334375,0.08756444203077328,0.006293545120102296
0.5,0.5,-1.328125,0.0880662686974406,0.006247983047032468
0.5,0.5,-1.3218750000000001,0.08856035625429923,0.00620020146665415
0.5,0.5,-1.315625,0.08904733512379091,0.00615644195178159
0.5,0.5,-1.309375,0.08952393752528894,0.006107888322231324
0.5,0.5,-1.303125,0.08999345077319681,0.006091611478624283
0.5,0.5,-1.296875,0.09584713391968025,0.005666944447226392
0.5,0.5,-1.2906250000000001,0.09635704103506817,0.005617395266039583
0.5,0.5,-1.284375,0.09688355102410058,0.005572289113617569
0.5,0.5,-1.278125,0.09742601284988446,0.005528522290114822
0.5,0.5,-1.271875,0.09797715265424592,0.005485819035738693
0.5,0.5,-1.265625,0.09853682140480131,0.005444573488298277
0.5,0.5,-1.2593750000000001,0.09910617906388922,0.00540396575918658
0.5,0.5,-1.253125,0.09968505378010352,0.0053640507471953746
0.5,0.5,-1.246875,0.10027492926881532,0.005325123981224889
0.5,0.5,-1.240625,0.10087570461208628,0.005287888855288007
0.5,0.5,-1.234375,0.10148903019425899,0.005251913082725853
0.5,0.5,-1.2281250000000001,0.10211482488996916,0.005218026637639682
0.5,0.5,-1.221875,0.10275470981842008,0.005184939927816756
0.5,0.5,-1.215625,0.10340862903807162,0.0051536610108092185
0.5,0.5,-1.209375,0.10408687622358825,0.0051225966556562716
0.5,0.5,-1.203125,0.10478943213171646,0.005094127411841141
0.5,0.5,-1.1968750000000001,0.1055379260494255,0.005066923013411624
0.5,0.5,-1.190625,0.10633226412030436,0.005044185234558993
0.5,0.5,-1.184375,0.10714042887375701,0.005024863543696503
0.5,0.5,-1.178125,0.107962608490172,0.005010747795296725
0.5,0.5,-1.171875,0.10876303115188188,0.005000736060000004
0.5,0.5,-1.1656250000000001,0.10954207420912769,0.004995090608846947
0.5,0.5,-1.159375,0.11029991737072085,0.004991326129032545
0.5,0.5,-1.153125,0.11103713112094397,0.0049923094055585706
0.5,0.5,-1.146875,0.11175119553989064,0.004994683259726745
0.5,0.5,-1.140625,0.1124427126911333,0.005001784233152855
0.5,0.5,-1.1343750000000001,0.11311024757647224,0.005008660578350786
0.5,0.5,-1.128125,0.11375441283547985,0.00501910059795585
0.5,0.5,-1.121875,0.11437451469290323,0.005027787550378084
0.5,0.5,-1.115625,0.1149710866473525,0.005038187081436276
0.5,0.5,-1.109375,0.11558534164993337,0.005045772883621812
0.5,0.5,-1.1031250000000001,0.11622240268680495,0.005098397032210245
0.5,0.5,-1.096875,0.1218793279973367,0.004854750170800122
0.5,0.5,-1.0906250000000002,0.12254983531404724,0.004853727613978908
0.5,0.5,-1.084375,0.12322292621351072,0.0048607760651989
0.5,0.5,-1.078125,0.12389797032532628,0.004871100757242045
0.5,0.5,-1.071875,0.12457601345461242,0.004883328300115693
0.5,0.5,-1.065625,0.12525680086896696,0.004896004410966841
0.5,0.5,-1.0593750000000002,0.1259414478169899,0.0049085807516832634
0.5,0.5,-1.053125,0.1266299307761828,0.0049215903013375365
0.5,0.5,-1.046875,0.12732333971053236,0.004934588378730789
0.5,0.5,-1.040625,0.1280216140419255,0.004947815657712383
0.5,0.5,-1.034375,0.12872581575086214,0.004961039326198812
0.5,0.5,-1.0281250000000002,0.12943590982475792,0.004974707267035055
0.5,0.5,-1.021875,0.13015288165827282,0.004988500098410054
0.5,0.5,-1.015625,0.13087668882164863,0.005002792952029867
0.5,0.5,-1.009375,0.1316082333864162,0.005017243350863884
0.5,0.5,-1.003125,0.13234752865235125,0.005032645225953153
0.5,0.5,-0.9968750000000001,0.13309173666369467,0.0050484946180018985
0.5,0.5,-0.9906250000000001,0.13384085508932958,0.005065311463316818
0.5,0.5,-0.984375,0.13459133776791607,0.0050816994247345395
0.5,0.5,-0.978125,0.13534330742164966,0.005099038014007792
0.5,0.5,-0.971875,0.13609622182680703,0.005115553930186592
0.5,0.5,-0.9656250000000001,0.13685037676655695,0.005133946232352099
0.5,0.5,-0.9593750000000001,0.13760506948613493,0.005151234722838831
0.5,0.5,-0.953125,0.13836065685773427,0.005170565982945873
0.5,0.5,-0.946875,0.13911636789560702,0.005188409540645493
0.5,0.5,-0.940625,0.1398726874613335,0.005208850948490719
0.5,0.5,-0.9343750000000001,0.14062882748487493,0.005228223880579423
0.5,0.5,-0.9281250000000001,0.14138516277559632,0.005249767038172667
0.5,0.5,-0.921875,0.14214092324721245,0.005269568401368034
0.5,0.5,-0.915625,0.14289660317598996,0.005291731172070297
0.5,0.5,-0.909375,0.14365152746411514,0.005312447433333857
0.5,0.5,-0.903125,0.14441292186296328,0.005384340491181053
0.5,0.5,-0.896875,0.1531065547118142,0.005079130186570207
0.5,0.5,-0.890625,0.1538999481523536,0.0050887040228210535
0.5,0.5,-0.884375,0.1546957229876064,0.005106354797839914
0.5,0.5,-0.878125,0.15549309445165777,0.005127244405165394
0.5,0.5,-0.871875,0.15629211857508726,0.005150457271486794
0.5,0.5,-0.865625,0.1570926254776402,0.005175372342889323
0.5,0.5,-0.859375,0.15789405484897834,0.005197356963831338
0.5,0.5,-0.853125,0.15869682354190695,0.005219727970762188
0.5,0.5,-0.846875,0.15950086978288525,0.005241546934244694
0.5,0.5,-0.840625,0.1603063508766201,0.00526438774678869
0.5,0.5,-0.834375,0.1611129432640617,0.005286058618329191
0.5,0.5,-0.828125,0.1619207044218864,0.005307493018428273
0.5,0.5,-0.821875,0.16272917692672959,0.005326204712357999
0.5,0.5,-0.815625,0.1635387119521392,0.00534501162160405
0.5,0.5,-0.809375,0.16434914171365597,0.005363791413957148
0.5,0.5,-0.803125,0.16516056828103828,0.005383731796076165
0.5,0.5,-0.796875,0.16597208753482393,0.005402086112012211
0.5,0.5,-0.790625,0.16678396504773882,0.005421075587832956
0.5,0.5,-0.784375,0.16759525250741575,0.005438338374400325
0.5,0.5,-0.778125,0.1684061284371553,0.005455544446976649
0.5,0.5,-0.771875,0.16921561713862096,0.005469381614363033
0.5,0.5,-0.765625,0.17002406200253636,0.0054825406516319924
0.5,0.5,-0.759375,0.17083062634335697,0.0054928775710598576
0.5,0.5,-0.753125,0.17163608772998518,0.005505685096739231
0.5,0.5,-0.746875,0.17243894986192768,0.005514892888546462
0.5,0.5,-0.740625,0.17324014527911696,0.005526692903489552
0.5,0.5,-0.734375,0.17403773889885635,0.005532326049554482
0.5,0.5,-0.728125,0.17483332286676423,0.005541891929477572
0.5,0.5,-0.721875,0.17562495870537947,0.005546179785640274
0.5,0.5,-0.715625,0.17641409298988917,0.005554340076705327
0.5,0.5,-0.709375,0.17719867413988172,0.005555870500409846
0.5,0.5,-0.703125,0.17798671524493848,0.005598184052167665
0.5,0.5,-0.696875,0.21959101786531046,0.004498026268020743
0.5,0.5,-0.690625,0.2205427672814556,0.004492531959815591
0.5,0.5,-0.684375,0.22149301071259953,0.004493190216959414
0.5,0.5,-0.678125,0.22244090290877785,0.004496594679005741
0.5,0.5,-0.671875,0.22338660947357158,0.004502218999080509
0.5,0.5,-0.665625,0.22432851309390042,0.004503206123350085
0.5,0.5,-0.659375,0.2252672820364371,0.0045030567585307634
0.5,0.5,-0.653125,0.22620289100433463,0.004502276685860736
0.5,0.5,-0.646875,0.22713515867746017,0.004500686439429702
0.5,0.5,-0.640625,0.2280640071165753,0.004498556333694009
0.5,0.5,-0.634375,0.22898935028029765,0.0044963474150915145
0.5,0.5,-0.628125,0.22991123706098215,0.0044948965966002995
0.5,0.5,-0.621875,0.23082946352434727,0.00449385978788999
0.5,0.5,-0.615625,0.23174406155389865,0.004493995479641969
0.5,0.5,-0.609375,0.23265459924479762,0.004493388548738218
0.5,0.5,-0.603125,0.23356101228953963,0.004492391683698108
0.5,0.5,-0.596875,0.2344687446769426,0.004489194823436699
0.5,0.5,-0.590625,0.23537800384940544,0.004485387314038171
0.5,0.5,-0.584375,0.23628825011650229,0.004480497651761542
0.5,0.5,-0.578125,0.23719960470436224,0.0044757222921089105
0.5,0.5,-0.571875,0.23811292112048218,0.004470823514298134
0.5,0.5,-0.565625,0.23902779149099493,0.004464714061034628
0.5,0.5,-0.559375,0.23995808428885715,0.0044595072406999805
0.5,0.5,-0.553125,0.24090327962828492,0.004453703822455306
0.5,0.5,-0.546875,0.24187210111546176,0.004449149561042164
0.5,0.5,-0.540625,0.24286381887819108,0.004443520670283289
0.5,0.5,-0.534375,0.24390139734294522,0.004437390972625443
0.5,0.5,-0.528125,0.24498457364130227,0.004430584129296009
0.5,0.5,-0.521875,0.24615749253427857,0.004423281864125925
0.5,0.5,-0.515625,0.24742056097049897,0.004418408925343627
0.5,0.5,-0.509375,0.24889389845570445,0.004413862615942942
0.5,0.5,-0.503125,0.2505781436640252,0.004414353549123061
1.285,0.5,-2.096875,0.11574673483003013,-1.0
1.285,0.5,-2.090625,0.10597303049272565,-1.0
1.285,0.5,-2.084375,0.0970050867116624,-1.0
1.285,0.5,-2.078125,0.08883942886051543,-1.0
1.285,0.5,-2.0718750000000004,0.0814062217425456,-1.0
1.285,0.5,-2.065625,0.0746794381174075,-1.0
1.285,0.5,-2.059375,0.06946089175440613,-1.0
1.285,0.5,-2.053125,0.06568682858676818,-1.0
1.285,0.5,-2.046875,0.06281545273003922,-1.0
1.285,0.5,-2.0406250000000004,0.060811011655580324,-1.0
1.285,0.5,-2.034375,0.05894715803163374,-1.0
1.285,0.5,-2.028125,0.057220079935446984,-1.0
1.285,0.5,-2.021875,0.05628966018098038,-1.0
1.285,0.5,-2.015625,0.0561157492621097,-1.0
1.285,0.5,-2.0093750000000004,0.056176666317196464,-0.7841839688200067
1.285,0.5,-2.003125,0.056744389242218696,-0.61472038786705
1.285,0.5,-1.9968750000000002,0.057294703099500265,-0.5108651513460497
1.285,0.5,-1.990625,0.05769967548168406,-0.44131870807276086
1.285,0.5,-1.984375,0.05787437554842393,-0.3923812931201364
1.285,0.5,-1.9781250000000001,0.0577944360933964,-0.3566735868455456
1.285,0.5,-1.971875,0.057448808131451125,-0.32994797044541524
1.285,0.5,-1.9656250000000002,0.05683422651814339,-0.3097681980228395
1.285,0.5,-1.959375,0.05600112467985468,-0.2941663264986521
1.285,0.5,-1.953125,0.05495543022598849,-0.282480865363282
1.285,0.5,-1.9468750000000001,0.05380850609631312,-0.273830783266877
1.285,0.5,-1.940625,0.05256632371698944,-0.2681203346325541
1.285,0.5,-1.9343750000000002,0.05173933476163556,-0.26287464467595245
1.285,0.5,-1.928125,0.05131314137892301,-0.2580239945199484
1.285,0.5,-1.921875,0.051631022681664994,-0.25268001039698446
1.285,0.5,-1.9156250000000001,0.052664158318497606,-0.2467953110546846
1.285,0.5,-1.909375,0.05447854529977275,-0.2383861405151816
1.285,0.5,-1.9031250000000002,0.05706754056573394,-0.22866621481964272
1.285,0.5,-1.896875,0.06739543976577939,-0.14997293146456994
1.285,0.5,-1.890625,0.06854104811941303,-0.14843014339898467
1.285,0.5,-1.8843750000000001,0.0694281112442571,-0.14728395507949088
1.285,0.5,-1.878125,0.0700433640813391,-0.145917626440782
1.285,0.5,-1.8718750000000002,0.07060821907912161,-0.14406330467208434
1.285,0.5,-1.865625,0.07113025362599638,-0.14196921581729083
1.285,0.5,-1.859375,0.07162772897016062,-0.1398978720077696
1.285,0.5,-1.8531250000000001,0.0721054405235324,-0.1379896822683623
1.285,0.5,-1.846875,0.07257372412498095,-0.13622164448541813
1.285,0.5,-1.8406250000000002,0.07302671599858877,-0.13444063099124148
1.285,0.5,-1.834375,0.073481900199305,-0.1327714830651844
1.285,0.5,-1.828125,0.07394440068801227,-0.13135627917468082
1.285,0.5,-1.8218750000000001,0.07441632813208553,-0.12982418677969476
1.285,0.5,-1.815625,0.07487649780061932,-0.12766170110706734
1.285,0.5,-1.8093750000000002,0.07534356298715918,-0.1250020790278693
1.285,0.5,-1.803125,0.07582537511723486,-0.1220795792197225
1.285,0.5,-1.796875,0.07631183438452808,-0.11908868399013493
1.285,0.5,-1.7906250000000001,0.07680853927634698,-0.11618073248549324
1.285,0.5,-1.784375,0.07731814689871286,-0.11341473389350239
1.285,0.5,-1.7781250000000002,0.07783796915890843,-0.11071161411734391
1.285,0.5,-1.771875,0.0783716685818108,-0.10810121289330335
1.285,0.5,-1.765625,0.07892091389669663,-0.10558447811392041
1.285,0.5,-1.7593750000000001,0.079453684962164,-0.10314080915577212
1.285,0.5,-1.753125,0.07997479254885681,-0.10082702033217567
1.285,0.5,-1.7468750000000002,0.08044547578952536,-0.0986366533836726
1.285,0.5,-1.740625,0.0808705584379019,-0.09661644200002906
1.285,0.5,-1.734375,0.08121157051278685,-0.09474664822017365
1.285,0.5,-1.7281250000000001,0.08147242742736258,-0.09305414766758938
1.285,0.5,-1.721875,0.08160351802320642,-0.09152423876594155
1.285,0.5,-1.7156250000000002,0.08160754820406513,-0.09014508287150184
1.285,0.5,-1.709375,0.08143003614045966,-0.08884101497713173
1.285,0.5,-1.703125,0.08108871967520125,-0.08790836959224564
1.285,0.5,-1.6968750000000001,0.08962440369688372,-0.07225115171503003
1.285,0.5,-1.690625,0.08895182909059646,-0.07183554647061317
1.285,0.5,-1.6843750000000002,0.0881080495709267,-0.07111690929483346
1.285,0.5,-1.678125,0.08711088229365835,-0.07035666682155549
1.285,0.5,-1.671875,0.0868208376319514,-0.06971664581786204
1.285,0.5,-1.6656250000000001,0.08721812453532495,-0.0691350649134576
1.285,0.5,-1.659375,0.08765674534757938,-0.06861992638814744
1.285,0.5,-1.6531250000000002,0.08814205976701246,-0.06827652378286649
1.285,0.5,-1.646875,0.08865420179136015,-0.0681176407771137
1.285,0.5,-1.640625,0.08918992287264314,-0.06808243048036688
1.285,0.5,-1.6343750000000001,0.08976421979834769,-0.06807589119074309
1.285,0.5,-1.628125,0.09037500710662727,-0.068063351646776
1.285,0.5,-1.6218750000000002,0.09099806538396345,-0.06791219143015052
1.285,0.5,-1.615625,0.09162921799181427,-0.06754495353912618
1.285,0.5,-1.609375,0.09225114122473503,-0.06700091855688492
1.285,0.5,-1.6031250000000001,0.09286358714481703,-0.06626026592887811
1.285,0.5,-1.596875,0.09356160495513022,-0.06531385351494648
1.285,0.5,-1.590625,0.09434412849280831,-0.06416281727191837
1.285,0.5,-1.584375,0.09519405525069308,-0.06273738369706565
1.285,0.5,-1.578125,0.09612073810854144,-0.06120691392625824
1.285,0.5,-1.5718750000000001,0.09706723390697838,-0.0594045466236365
1.285,0.5,-1.565625,0.09803913490191614,-0.05742724032458732
1.285,0.5,-1.559375,0.09902707466500923,-0.05540566746928151
1.285,0.5,-1.553125,0.10002914789685612,-0.0533113821883888
1.285,0.5,-1.546875,0.10102616545064211,-0.05115540362928575
1.285,0.5,-1.5406250000000001,0.10201932551241817,-0.048955633376452305
1.285,0.5,-1.534375,0.10299028127709209,-0.04672292789814523
1.285,0.5,-1.528125,0.10393758738654806,-0.04443390871359614
1.285,0.5,-1.521875,0.10486605717435857,-0.042060652045166
1.285,0.5,-1.515625,0.10578438650730995,-0.039733877267007014
1.285,0.5,-1.5093750000000001,0.10686161126385722,-0.037533426678891646
1.285,0.5,-1.503125,0.10809111802254445,-0.035407243302763285
1.285,0.5,-1.496875,0.11215768795498995,-0.031974268214621876
1.285,0.5,-1.490625,0.1131271280506794,-0.030053385045467854
1.285,0.5,-1.484375,0.11396599433974278,-0.0281803687850578
1.285,0.5,-1.4781250000000001,0.11467803821708956,-0.026384779531870083
1.285,0.5,-1.471875,0.11529065967217547,-0.024708283691345874
1.285,0.5,-1.465625,0.11580780990283415,-0.023185722266454614
1.285,0.5,-1.459375,0.11625712778648907,-0.021830493864139794
1.285,0.5,-1.453125,0.11664170165125151,-0.020669702066524444
1.285,0.5,-1.4468750000000001,0.11700446932226036,-0.019881382176371025
1.285,0.5,-1.440625,0.11732735759716706,-0.019226224887682237
1.285,0.5,-1.434375,0.11763795167896894,-0.01866545557184108
1.285,0.5,-1.428125,0.11793707753904988,-0.018205978566404206
1.285,0.5,-1.421875,0.11825581743722136,-0.017824012971938242
1.285,0.5,-1.4156250000000001,0.11859196579929952,-0.01749189434421455
1.285,0.5,-1.409375,0.11897858769740718,-0.017185037123019848
1.285,0.5,-1.403125,0.11941538537936532,-0.016902450898786472
1.285,0.5,-1.396875,0.11991420891723466,-0.01664897645806015
1.285,0.5,-1.390625,0.12047553620459478,-0.01643160472297764
1.285,0.5,-1.3843750000000001,0.12108124093194564,-0.016267014896742253
1.285,0.5,-1.378125,0.12173055787114026,-0.01614344660437211
1.285,0.5,-1.371875,0.1223996574287025,-0.016043684417224466
1.285,0.5,-1.365625,0.12308541530776138,-0.015927701737851952
1.285,0.5,-1.359375,0.12376248264228032,-0.015777878780541956
1.285,0.5,-1.3531250000000001,0.12443210740632443,-0.015605679712628487
1.285,0.5,-1.346875,0.12506948085643518,-0.015414969549847292
1.285,0.5,-1.340625,0.12567509814152883,-0.015207483093039943
1.285,0.5,-1.334375,0.12622160117209313,-0.014971127285229063
1.285,0.5,-1.328125,0.12670034246709697,-0.014604509720013889
1.285,0.5,-1.3218750000000001,0.12708341851291008,-0.014103494826424296
1.285,0.5,-1.315625,0.1273822970659984,-0.013593304560614888
1.285,0.5,-1.309375,0.127577428033418,-0.013170121553252184
1.285,0.5,-1.303125,0.12766698855347058,-0.012807741002644264
1.285,0.5,-1.296875,0.13319206674310743,-0.011768938706410272
1.285,0.5,-1.2906250000000001,0.1334305332907828,-0.011453087666386006
1.285,0.5,-1.284375,0.13379661999952283,-0.01113933793299117
1.285,0.5,-1.278125,0.1342897821058821,-0.010838614737483458
1.285,0.5,-1.271875,0.13481787179252955,-0.010570393695591863
1.285,0.5,-1.265625,0.13538191287296536,-0.01035280196778356
1.285,0.5,-1.2593750000000001,0.13599131030634679,-0.010196289049741358
1.285,0.5,-1.253125,0.1366454860130582,-0.010101291375698979
1.285,0.5,-1.246875,0.13735483503883125,-0.0100573617424019
1.285,0.5,-1.240625,0.13812100296229732,-0.010085882080278098
1.285,0.5,-1.234375,0.138963667277928,-0.01023447045611274
1.285,0.5,-1.2281250000000001,0.1398725700532714,-0.010406074882844379
1.285,0.5,-1.221875,0.14086557896114132,-0.010616822032613986
1.285,0.5,-1.215625,0.14194305580123665,-0.010873071142701193
1.285,0.5,-1.209375,0.1432340611137082,-0.011168781234332367
1.285,0.5,-1.203125,0.14473697131488317,-0.011492462277454943
1.285,0.5,-1.1968750000000001,0.14679781602095093,-0.011819719801090152
1.285,0.5,-1.190625,0.14941582823457564,-0.012146003302014123
1.285,0.5,-1.184375,0.15221441877890693,-0.01248773598217246
1.285,0.5,-1.178125,0.1551882952972702,-0.012786037586244086
1.285,0.5,-1.171875,0.15785685717101033,-0.013059055199874532
1.285,0.5,-1.1656250000000001,0.16022284067063647,-0.013319148697249069
1.285,0.5,-1.159375,0.16229450484695407,-0.013495516511079947
1.285,0.5,-1.153125,0.16406699505488184,-0.013537417196951312
1.285,0.5,-1.146875,0.16552958388578495,-0.013461734819519528
1.285,0.5,-1.140625,0.16668919623857775,-0.01332482022358662
1.285,0.5,-1.1343750000000001,0.16755040227309895,-0.013165716941930614
1.285,0.5,-1.128125,0.16811174994310787,-0.012967246224992594
1.285,0.5,-1.121875,0.1683796250875816,-0.012716933883923495
1.285,0.5,-1.115625,0.16835454568527622,-0.012417583006990753
1.285,0.5,-1.109375,0.16864271063130265,-0.012065530988216621
1.285,0.5,-1.1031250000000001,0.16924486629599508,-0.011665501722444847
1.285,0.5,-1.096875,0.17504225576935376,-0.010848627999348362
1.285,0.5,-1.0906250000000002,0.1758905541983814,-0.010609078836447659
1.285,0.5,-1.084375,0.17672816169511854,-0.010409621494588961
1.285,0.5,-1.078125,0.17755330835242045,-0.010237888199594484
1.285,0.5,-1.071875,0.17838033359924835,-0.010094587207038954
1.285,0.5,-1.065625,0.17920827482413995,-0.009974169109238068
1.285,0.5,-1.0593750000000002,0.18005025981607678,-0.009869076667182427
1.285,0.5,-1.053125,0.18090540905295538,-0.009774731537632118
1.285,0.5,-1.046875,0.18178769888534685,-0.009690985675641113
1.285,0.5,-1.040625,0.18269760654605513,-0.009621529857748766
1.285,0.5,-1.034375,0.18364669522467836,-0.009546494918951619
1.285,0.5,-1.0281250000000002,0.18463304092963106,-0.009449357010865814
1.285,0.5,-1.021875,0.18567220983101101,-0.009343896056012956
1.285,0.5,-1.015625,0.18676576865093245,-0.009245496891444676
1.285,0.5,-1.009375,0.18792682447522546,-0.009165505614850968
1.285,0.5,-1.003125,0.18915492754844135,-0.00910989402567053
1.285,0.5,-0.9968750000000001,0.19041629636431812,-0.009078512356554259
1.285,0.5,-0.9906250000000001,0.19171395966546959,-0.009066596364372794
1.285,0.5,-0.984375,0.19301596024398604,-0.009091490048607256
1.285,0.5,-0.978125,0.19433074635764513,-0.009149214393804525
1.285,0.5,-0.971875,0.1957112812509328,-0.009228067630741904
1.285,0.5,-0.9656250000000001,0.1971603695598438,-0.009328709978795039
1.285,0.5,-0.9593750000000001,0.19865700286276036,-0.009424320236506118
1.285,0.5,-0.953125,0.2001966630446125,-0.00951258881643264
1.285,0.5,-0.946875,0.20175870964594178,-0.009577064464460145
1.285,0.5,-0.940625,0.20333377839008007,-0.009611677820430365
1.285,0.5,-0.9343750000000001,0.2048951802958794,-0.009611080092071353
1.285,0.5,-0.9281250000000001,0.2064305430112045,-0.00958048367602301
1.285,0.5,-0.921875,0.20791580951449676,-0.009522914419388262
1.285,0.5,-0.915625,0.20934340368303117,-0.009445671195407655
1.285,0.5,-0.909375,0.21070289016979746,-0.009356017468087995
1.285,0.5,-0.903125,0.21199125943556496,-0.009258327168213811
1.285,0.5,-0.896875,0.2215157637075348,-0.008699100438877876
1.285,0.5,-0.890625,0.2227246591098004,-0.008646641356144697
1.285,0.5,-0.884375,0.22388911379125814,-0.008575811174261528
1.285,0.5,-0.878125,0.2250267402970043,-0.00852370278919461
1.285,0.5,-0.871875,0.22619252366563938,-0.008500326175528124
1.285,0.5,-0.865625,0.22739159442196558,-0.008498663946939935
1.285,0.5,-0.859375,0.228599083494575,-0.008498695612899836
1.285,0.5,-0.853125,0.22981507042101243,-0.008498390323459707
1.285,0.5,-0.846875,0.23104032717092704,-0.008497348539056775
1.285,0.5,-0.840625,0.2322755642455253,-0.008499237313486799
1.285,0.5,-0.834375,0.23352176056332039,-0.008506808049454983
1.285,0.5,-0.828125,0.2347779230665686,-0.008515581023354552
1.285,0.5,-0.821875,0.23604364013608722,-0.008526031584746156
1.285,0.5,-0.815625,0.2373188111469599,-0.008538446865730832
1.285,0.5,-0.809375,0.23860216173547144,-0.008552995533044429
1.285,0.5,-0.803125,0.2398936471097223,-0.008569723638260671
1.285,0.5,-0.796875,0.241188371166264,-0.008588375365888079
1.285,0.5,-0.790625,0.24248617494887378,-0.008608522131002234
1.285,0.5,-0.784375,0.2437806817614367,-0.008629682784346187
1.285,0.5,-0.778125,0.24507169856818994,-0.008651472766634482
1.285,0.5,-0.771875,0.24635401225197345,-0.008673613139386563
1.285,0.5,-0.765625,0.24762745701827044,-0.00869592652399224
1.285,0.5,-0.759375,0.24888629905255305,-0.008718409609060037
1.285,0.5,-0.753125,0.2501304122807269,-0.008741161556015892
1.285,0.5,-0.746875,0.25135387390255565,-0.008763912009352316
1.285,0.5,-0.740625,0.2525564699358911,-0.008786386912203412
1.285,0.5,-0.734375,0.2537324546900234,-0.008807735499055738
1.285,0.5,-0.728125,0.2548818007994954,-0.008828829374328008
1.285,0.5,-0.721875,0.2559998341704501,-0.008848652301660015
1.285,0.5,-0.715625,0.2570865550752042,-0.008868306881259282
1.285,0.5,-0.709375,0.25813887521914886,-0.008886612372748286
1.285,0.5,-0.703125,0.25915695094555186,-0.008905566441917857
1.285,0.5,-0.696875,0.30290671621919474,-0.007267305368428528
1.285,0.5,-0.690625,0.3040630937281705,-0.007297228645393632
1.285,0.5,-0.684375,0.30519168488146137,-0.007289061603021231
1.285,0.5,-0.678125,0.3063031305430788,-0.007289759134919054
1.285,0.5,-0.671875,0.3074020443896727,-0.00729857872954249
1.285,0.5,-0.665625,0.30848712591335153,-0.007310757838012921
1.285,0.5,-0.659375,0.3095579084678199,-0.007323447230645997
1.285,0.5,-0.653125,0.3106138306675685,-0.00733513986727864
1.285,0.5,-0.646875,0.3116545165024745,-0.007346239516395952
1.285,0.5,-0.640625,0.31268014590049037,-0.007358369991568234
1.285,0.5,-0.634375,0.3136893552742645,-0.00737010332531748
1.285,0.5,-0.628125,0.3146818250676864,-0.007380998702654006
1.285,0.5,-0.621875,0.31565736509707887,-0.007391106225032477
1.285,0.5,-0.615625,0.31661579348433394,-0.007400565494569037
1.285,0.5,-0.609375,0.3175586796883386,-0.007409503467203976
1.285,0.5,-0.603125,0.31848582935830705,-0.0074179923235116255
1.285,0.5,-0.596875,0.3194766266735397,-0.007426073856105821
1.285,0.5,-0.590625,0.32053106906602047,-0.007433758418646958
1.285,0.5,-0.584375,0.3216454436252543,-0.007441046982519832
1.285,0.5,-0.578125,0.3228197408112949,-0.00744795203057054
1.285,0.5,-0.571875,0.32406805986813364,-0.007454419071039757
1.285,0.5,-0.565625,0.3253904527009391,-0.007460552619154869
1.285,0.5,-0.559375,0.3269677585579177,-0.00746614330713951
1.285,0.5,-0.553125,0.32880056909864236,-0.0074715348657368105
1.285,0.5,-0.546875,0.33100267057892957,-0.007476213941496622
1.285,0.5,-0.540625,0.33357504770000873,-0.007480878611777242
1.285,0.5,-0.534375,0.33682746785553347,-0.007484688322792452
1.285,0.5,-0.528125,0.34076180135234957,-0.0074886034266698305
1.285,0.5,-0.521875,0.34597631739988904,-0.0074916377152903614
1.285,0.5,-0.515625,0.35247447013907135,-0.0074948036388854345
1.285,0.5,-0.509375,0.36189168583683656,-0.007497126836526684
1.285,0.5,-0.503125,0.3742397514419175,-0.007515163120009159
0.0,0.8,-2.096875,0.03329124818914325,-1.0
0.0,0.8,-2.090625,0.029849638918091215,-1.0
0.0,0.8,-2.084375,0.026724825013291292,-1.0
0.0,0.8,-2.078125,0.023898938201449615,-1.0
0.0,0.8,-2.0718750000000004,0.021344961735393877,-1.0
0.0,0.8,-2.065625,0.019047021567611466,-1.0
0.0,0.8,-2.059375,0.01722347002139041,-1.0
0.0,0.8,-2.053125,0.015838286326012408,-1.0
0.0,0.8,-2.046875,0.014761931350698601,-1.0
0.0,0.8,-2.0406250000000004,0.013970246055250749,-1.0
0.0,0.8,-2.034375,0.01323664696241129,-1.0
0.0,0.8,-2.028125,0.01255809250843108,-1.0
0.0,0.8,-2.021875,0.012059910874287103,-1.0
0.0,0.8,-2.015625,0.011727217827529439,-1.0
0.0,0.8,-2.0093750000000004,0.011428160770572281,1.0
0.0,0.8,-2.003125,0.01114802861058249,1.0
0.0,0.8,-1.9968750000000002,0.010841476119245966,1.0
0.0,0.8,-1.990625,0.010511812921722338,1.0
0.0,0.8,-1.984375,0.010159049425392495,1.0
0.0,0.8,-1.9781250000000001,0.009786346945343912,1.0
0.0,0.8,-1.971875,0.009396791677754191,1.0
0.0,0.8,-1.9656250000000002,0.008993107421979988,1.0
0.0,0.8,-1.959375,0.00858321039934235,1.0
0.0,0.8,-1.953125,0.008168926044324155,1.0
0.0,0.8,-1.9468750000000001,0.007905594520511861,0.304946488791591
0.0,0.8,-1.940625,0.007909027612401368,0.13472915980832556
0.0,0.8,-1.9343750000000002,0.008011101770399702,0.09028321548083759
0.0,0.8,-1.928125,0.008197171579434658,0.06966636065376818
0.0,0.8,-1.921875,0.008524454889103614,0.05760418061268478
0.0,0.8,-1.9156250000000001,0.008981369799511623,0.04964275634951143
0.0,0.8,-1.909375,0.009548048063302948,0.04369013570196947
0.0,0.8,-1.9031250000000002,0.010220437492383933,0.03974999358060574
0.0,0.8,-1.896875,0.012359761932461468,0.026064495379628894
0.0,0.8,-1.890625,0.012759194375692617,0.025197081178728674
0.0,0.8,-1.8843750000000001,0.013118627215688745,0.024565305413222924
0.0,0.8,-1.878125,0.013439913318507031,0.024080489715914206
0.0,0.8,-1.8718750000000002,0.013757704230117174,0.02366646560369038
0.0,0.8,-1.865625,0.01407184261691491,0.02330566655821067
0.0,0.8,-1.859375,0.01438399510480413,0.02298371341074996
0.0,0.8,-1.8531250000000001,0.014693969058328971,0.022692608301931066
0.0,0.8,-1.846875,0.015003431902480565,0.02242507203549531
0.0,0.8,-1.8406250000000002,0.01531218275635333,0.022180817981151457
0.0,0.8,-1.834375,0.015621964080902617,0.021963956092077914
0.0,0.8,-1.828125,0.015932695307408967,0.021790158788266418
0.0,0.8,-1.8218750000000001,0.01624643293900478,0.02167244058162642
0.0,0.8,-1.815625,0.016561406419485065,0.021477945403756943
0.0,0.8,-1.8093750000000002,0.016878130493018468,0.02113339657363341
0.0,0.8,-1.803125,0.017196592427146027,0.02068216179253529
0.0,0.8,-1.796875,0.0175177604476463,0.02019182837281927
0.0,0.8,-1.7906250000000001,0.017841992762523677,0.01971890894735863
0.0,0.8,-1.784375,0.01816764567944419,0.0192621328269301
0.0,0.8,-1.7781250000000002,0.018494340254504093,0.018805292028923306
0.0,0.8,-1.771875,0.01881885146506006,0.01834180400744352
0.0,0.8,-1.765625,0.01914119295868925,0.017871019372105067
0.0,0.8,-1.7593750000000001,0.019458118638140676,0.017399015625907857
0.0,0.8,-1.753125,0.019769966144315212,0.016933652583150275
0.0,0.8,-1.7468750000000002,0.0200734513507029,0.016484697759091723
0.0,0.8,-1.740625,0.02036908839370696,0.016058858520356756
0.0,0.8,-1.734375,0.020654277739820717,0.015661059238304475
0.0,0.8,-1.7281250000000001,0.020929525815700532,0.015291647060717256
0.0,0.8,-1.721875,0.02119093759047936,0.014949542689949372
0.0,0.8,-1.7156250000000002,0.021439122299853453,0.014631086594203577
0.0,0.8,-1.709375,0.021670028870902254,0.014333382086975632
0.0,0.8,-1.703125,0.021888253248884153,0.014269109047275436
0.0,0.8,-1.6968750000000001,0.02381392248298602,0.01263487288294917
0.0,0.8,-1.690625,0.024002206772537123,0.01237575784622271
0.0,0.8,-1.6843750000000002,0.024177478634670752,0.01214775710433078
0.0,0.8,-1.678125,0.024339997173615832,0.011939901580364657
0.0,0.8,-1.671875,0.02455788674788875,0.011739711811481689
0.0,0.8,-1.6656250000000001,0.0248280911805122,0.011542379448046938
0.0,0.8,-1.659375,0.025100703269953447,0.011345024951241046
0.0,0.8,-1.6531250000000002,0.025375463250877955,0.01114290034205542
0.0,0.8,-1.646875,0.025650792224070493,0.0109406040089075
0.0,0.8,-1.640625,0.025926851496542468,0.010747649752778103
0.0,0.8,-1.6343750000000001,0.02620523739749714,0.01056674109355903
0.0,0.8,-1.628125,0.026485711211565087,0.010392391628408952
0.0,0.8,-1.6218750000000002,0.026766917308141874,0.010222593525657624
0.0,0.8,-1.615625,0.0270490846984435,0.010068478599509162
0.0,0.8,-1.609375,0.02733075098844736,0.009929599997901358
0.0,0.8,-1.6031250000000001,0.027611862866787962,0.009801699198033805
0.0,0.8,-1.596875,0.027899185315949485,0.00968003571298586
0.0,0.8,-1.590625,0.028192354398787818,0.009561585369892246
0.0,0.8,-1.584375,0.02849071328047123,0.009444563332428563
0.0,0.8,-1.578125,0.02879401821716895,0.009328362254210023
0.0,0.8,-1.5718750000000001,0.029099496614639234,0.0092135117968073
0.0,0.8,-1.565625,0.029407094414199322,0.009100685832845264
0.0,0.8,-1.559375,0.029716015514112796,0.008990399252503974
0.0,0.8,-1.553125,0.030026232546448265,0.008882567407201399
0.0,0.8,-1.546875,0.03033677002998721,0.008778110117229319
0.0,0.8,-1.5406250000000001,0.03064773018009567,0.008679917815097034
0.0,0.8,-1.534375,0.030958132544909544,0.00858714094564788
0.0,0.8,-1.528125,0.03126800513746247,0.008498590531516526
0.0,0.8,-1.521875,0.03157795495393184,0.008413276165032476
0.0,0.8,-1.515625,0.03188798382533469,0.008330566362524326
0.0,0.8,-1.5093750000000001,0.03220761456125003,0.008249570620359293
0.0,0.8,-1.503125,0.03254019118818833,0.008295901635385445
0.0,0.8,-1.496875,0.03342406498540524,0.007981011928418689
0.0,0.8,-1.490625,0.03374183658124555,0.007882657717388577
0.0,0.8,-1.484375,0.03405400903875886,0.007805418147053825
0.0,0.8,-1.4781250000000001,0.034360452454385536,0.0077364459789908135
0.0,0.8,-1.471875,0.034662104432401586,0.007671326392717919
0.0,0.8,-1.465625,0.03495909526853766,0.007608455305220373
0.0,0.8,-1.459375,0.03525260520532812,0.0075470953125203214
0.0,0.8,-1.453125,0.03554273359732851,0.007486887004201023
0.0,0.8,-1.4468750000000001,0.0358308011957277,0.007427524423930033
0.0,0.8,-1.440625,0.03611685049311357,0.0073688438078878355
0.0,0.8,-1.434375,0.03640231988871025,0.0073106569642599996
0.0,0.8,-1.428125,0.03668719885936957,0.007252917791817001
0.0,0.8,-1.421875,0.036973043817390444,0.007195443514821607
0.0,0.8,-1.4156250000000001,0.03725978808779578,0.007138047689514376
0.0,0.8,-1.409375,0.037549087656935626,0.007080315766670656
0.0,0.8,-1.403125,0.037840820459905,0.0070218006005408765
0.0,0.8,-1.396875,0.038135187104232846,0.006963381875905773
0.0,0.8,-1.390625,0.03843218065223085,0.0069076964276695895
0.0,0.8,-1.3843750000000001,0.03873049965840003,0.006854722396571866
0.0,0.8,-1.378125,0.03903008597130637,0.006804370833100911
0.0,0.8,-1.371875,0.03932983865792433,0.006754082229957117
0.0,0.8,-1.365625,0.03962977744738403,0.00670518535308607
0.0,0.8,-1.359375,0.03992873560250804,0.00665533561676093
0.0,0.8,-1.3531250000000001,0.04022681282470142,0.0066073439050464405
0.0,0.8,-1.346875,0.040522740049631086,0.00655786767561993
0.0,0.8,-1.340625,0.04081665937436643,0.0065102499660913676
0.0,0.8,-1.334375,0.04110720126845083,0.0064600300720116036
0.0,0.8,-1.328125,0.04139465676167351,0.00641390904599079
0.0,0.8,-1.3218750000000001,0.041677562809036735,0.0063662100481465655
0.0,0.8,-1.315625,0.0419561974950911,0.006322826605054027
0.0,0.8,-1.309375,0.04222901805033222,0.00627705708414259
0.0,0.8,-1.303125,0.04249907387860013,0.0063034954824206435
0.0,0.8,-1.296875,0.04377322223379771,0.006060361748880331
0.0,0.8,-1.2906250000000001,0.04405043130947383,0.0060038752847732255
0.0,0.8,-1.284375,0.04433562035749888,0.005958145939892765
0.0,0.8,-1.278125,0.044628281250765914,0.005916131979502509
0.0,0.8,-1.271875,0.04492505594615579,0.005875595756012622
0.0,0.8,-1.265625,0.04522580698481049,0.005836044706982126
0.0,0.8,-1.2593750000000001,0.0455312726053414,0.005797031300543562
0.0,0.8,-1.253125,0.04584132475906326,0.005758182899916976
0.0,0.8,-1.246875,0.046156838744356984,0.005719916396944715
0.0,0.8,-1.240625,0.046477719625847756,0.005682518139173998
0.0,0.8,-1.234375,0.04680492256025275,0.00564586872870955
0.0,0.8,-1.2281250000000001,0.047138343221269564,0.00560996449526527
0.0,0.8,-1.221875,0.047478960525702385,0.005574847880005767
0.0,0.8,-1.215625,0.047826683267874696,0.005540716172725914
0.0,0.8,-1.209375,0.048186518763230775,0.005507694835993687
0.0,0.8,-1.203125,0.04855832727490257,0.005476128290969442
0.0,0.8,-1.1968750000000001,0.04895154783166394,0.005446106563154117
0.0,0.8,-1.190625,0.049365960008518846,0.005418076720318971
0.0,0.8,-1.184375,0.04978650439635686,0.005392766759943627
0.0,0.8,-1.178125,0.05021317339506441,0.005370316610409942
0.0,0.8,-1.171875,0.05062965061538747,0.005351204806680478
0.0,0.8,-1.1656250000000001,0.05103610400045697,0.005335318860141214
0.0,0.8,-1.159375,0.051432536728199287,0.005322825901773619
0.0,0.8,-1.153125,0.05181913194582302,0.005314800081871965
0.0,0.8,-1.146875,0.05219460986144526,0.005311341418631464
0.0,0.8,-1.140625,0.052559073782083875,0.00531205898020841
0.0,0.8,-1.1343750000000001,0.05291187035028996,0.005316663858746478
0.0,0.8,-1.128125,0.05325311506115651,0.0053254117963589
0.0,0.8,-1.121875,0.05358257588868965,0.0053382211240755855
0.0,0.8,-1.115625,0.05390032835220212,0.005355011549465658
0.0,0.8,-1.109375,0.0542248892626638,0.0053754556978063035
0.0,0.8,-1.1031250000000001,0.05455882053493687,0.005450972820724313
0.0,0.8,-1.096875,0.055829179302061195,0.005349546072364647
0.0,0.8,-1.0906250000000002,0.05616875617087008,0.005370845852138572
0.0,0.8,-1.084375,0.05650913873582407,0.005403855624387691
0.0,0.8,-1.078125,0.056849991215186586,0.005443123592171733
0.0,0.8,-1.071875,0.05719182109653875,0.005486654933059821
0.0,0.8,-1.065625,0.057534582841386885,0.005534562649123708
0.0,0.8,-1.0593750000000002,0.05787888960363163,0.005587100175739621
0.0,0.8,-1.053125,0.05822466889469831,0.005643942796533222
0.0,0.8,-1.046875,0.05857244710053346,0.005704196798697457
0.0,0.8,-1.040625,0.05892212353946261,0.005767104485734766
0.0,0.8,-1.034375,0.05927422623426979,0.005832402645500366
0.0,0.8,-1.0281250000000002,0.059628701159704756,0.005900209626102216
0.0,0.8,-1.021875,0.05998607247407927,0.005970860532545787
0.0,0.8,-1.015625,0.06034628429470252,0.0060444525509359154
0.0,0.8,-1.009375,0.06070979329481386,0.006120926146477013
0.0,0.8,-1.003125,0.061076523085140465,0.006200042327552408
0.0,0.8,-0.9968750000000001,0.06144515777070802,0.006281912032846157
0.0,0.8,-0.9906250000000001,0.06181566294371742,0.006366836815204564
0.0,0.8,-0.984375,0.0621864590394555,0.00645505425302494
0.0,0.8,-0.978125,0.0625574885752399,0.006546296470950924
0.0,0.8,-0.971875,0.06292861734027172,0.006640330860088379
0.0,0.8,-0.9656250000000001,0.06329982091386949,0.006737433336234165
0.0,0.8,-0.9593750000000001,0.06367092522295707,0.006836542398986321
0.0,0.8,-0.953125,0.06404182367641768,0.006936588731645776
0.0,0.8,-0.946875,0.06441243854469435,0.007037895215180502
0.0,0.8,-0.940625,0.06478276901491412,0.007141102088600241
0.0,0.8,-0.9343750000000001,0.06515275044912906,0.007246473344160982
0.0,0.8,-0.9281250000000001,0.06552234194425054,0.007353962980972914
0.0,0.8,-0.921875,0.06589147524320231,0.00746354222493309
0.0,0.8,-0.915625,0.06626015864319638,0.007575471563484378
0.0,0.8,-0.909375,0.06662844102890116,0.007690333494115077
0.0,0.8,-0.903125,0.06699937860053409,0.007855414870072849
0.0,0.8,-0.896875,0.06885046597400281,0.0077691756367297285
0.0,0.8,-0.890625,0.06922575524618602,0.007885479154821134
0.0,0.8,-0.884375,0.06960232813359163,0.008014002203999114
0.0,0.8,-0.878125,0.06997999693424936,0.008151139257393835
0.0,0.8,-0.871875,0.07035899538430168,0.008297617654176049
0.0,0.8,-0.865625,0.07073946036390118,0.008454770391382909
0.0,0.8,-0.859375,0.07112159287341249,0.008622926950456253
0.0,0.8,-0.853125,0.07150552389458355,0.00880332892460116
0.0,0.8,-0.846875,0.07189154099632386,0.008997504197206511
0.0,0.8,-0.840625,0.07227976544112448,0.009206605092161218
0.0,0.8,-0.834375,0.07267047267145231,0.00943224629859466
0.0,0.8,-0.828125,0.07306376668430749,0.009675347799506405
0.0,0.8,-0.821875,0.07345984129381625,0.009936229354651757
0.0,0.8,-0.815625,0.0738586947930677,0.010214353912803852
0.0,0.8,-0.809375,0.07426049797499133,0.010510053380071402
0.0,0.8,-0.803125,0.07466541344626906,0.01082513981702263
0.0,0.8,-0.796875,0.07507369522047236,0.011162411558386669
0.0,0.8,-0.790625,0.07548556928591123,0.01152446078767578
0.0,0.8,-0.784375,0.07590115970928642,0.011912527552257225
0.0,0.8,-0.778125,0.07632055384967851,0.012327214943292723
0.0,0.8,-0.771875,0.0767438724533398,0.01276819805061594
0.0,0.8,-0.765625,0.0771710958788872,0.013234505677287327
0.0,0.8,-0.759375,0.07760232251613709,0.013725419828060394
0.0,0.8,-0.753125,0.07803760260840739,0.014240826141181042
0.0,0.8,-0.746875,0.07847718499140909,0.014781757872214911
0.0,0.8,-0.740625,0.07892119387957038,0.015348831509718282
0.0,0.8,-0.734375,0.0793698233111736,0.015941888075782937
0.0,0.8,-0.728125,0.07982313263876682,0.0165604146020036
0.0,0.8,-0.721875,0.08028125923879836,0.017203223583035623
0.0,0.8,-0.715625,0.08074427568723581,0.017869608028465392
0.0,0.8,-0.709375,0.08121254342719784,0.018560670411946496
0.0,0.8,-0.703125,0.08168780186371434,0.019296783581235752
0.0,0.8,-0.696875,0.08979694188455521,0.018224068347672824
0.0,0.8,-0.690625,0.09031726398293316,0.018934629262225364
0.0,0.8,-0.684375,0.09084491839819206,0.019674308141172676
0.0,0.8,-0.678125,0.0913801238711355,0.020442482910636675
0.0,0.8,-0.671875,0.09192341875245803,0.02124166465725846
0.0,0.8,-0.665625,0.09247558657545088,0.022076956781793073
0.0,0.8,-0.659375,0.09303676289937944,0.02294987586965335
0.0,0.8,-0.653125,0.0936082666349315,0.02387072795080359
0.0,0.8,-0.646875,0.09419015573851151,0.024841705916932272
0.0,0.8,-0.640625,0.09478306336971387,0.025865623483260845
0.0,0.8,-0.634375,0.09538737410671144,0.02695253283771526
0.0,0.8,-0.628125,0.0960040400979259,0.028109367514907543
0.0,0.8,-0.621875,0.09663303831935251,0.029341838911851405
0.0,0.8,-0.615625,0.0972763943980396,0.030669226254493333
0.0,0.8,-0.609375,0.09793550013259018,0.03211545170487993
0.0,0.8,-0.603125,0.09861137688323313,0.033689346869187696
0.0,0.8,-0.596875,0.09930865745763327,0.035404135511069336
0.0,0.8,-0.590625,0.10002817180826185,0.03726547766512967
0.0,0.8,-0.584375,0.10077017910381462,0.0392875040288775
0.0,0.8,-0.578125,0.10153657824535928,0.041491194655044854
0.0,0.8,-0.571875,0.10233029812061491,0.04391154615885324
0.0,0.8,-0.565625,0.10315577284027719,0.04658999362934971
0.0,0.8,-0.559375,0.10403476439472195,0.04963009629431757
0.0,0.8,-0.553125,0.10497922457515586,0.053131561753253495
0.0,0.8,-0.546875,0.10601049770774255,0.057268141344660295
0.0,0.8,-0.540625,0.10715520385087939,0.062265427936181096
0.0,0.8,-0.534375,0.10847211619399534,0.06854157679621099
0.0,0.8,-0.528125,0.11002129369825746,0.07660793789705743
0.0,0.8,-0.521875,0.11193209023508222,0.08738889287726126
0.0,0.8,-0.515625,0.11433871945963127,0.10205408498744702
0.0,0.8,-0.509375,0.1175951255762089,0.12292863116314777
0.0,0.8,-0.503125,0.12344115423538972,0.16718987746935374
0.5,0.8,-2.096875,0.044237130506028094,-1.0
0.5,0.8,-2.090625,0.03982208166257461,-1.0
0.5,0.8,-2.084375,0.03579704755664084,-1.0
0.5,0.8,-2.078125,0.032142158852060836,-1.0
0.5,0.8,-2.0718750000000004,0.029397452909231188,1.0
0.5,0.8,-2.065625,0.02683887532933762,1.0
0.5,0.8,-2.059375,0.024718687357186804,1.0
0.5,0.8,-2.053125,0.02308327032987676,1.0
0.5,0.8,-2.046875,0.021802870771551033,1.0
0.5,0.8,-2.0406250000000004,0.020862599607583434,1.0
0.5,0.8,-2.034375,0.0199806642030048,1.0
0.5,0.8,-2.028125,0.019162685456749876,1.0
0.5,0.8,-2.021875,0.01859236299990447,1.0
0.5,0.8,-2.015625,0.018252127897063604,1.0
0.5,0.8,-2.0093750000000004,0.017916916271000165,1.0
0.5,0.8,-2.003125,0.017589165495775404,1.0
0.5,0.8,-1.9968750000000002,0.017217172173409154,1.0
0.5,0.8,-1.990625,0.01680586603188091,1.0
0.5,0.8,-1.984375,0.016355391158323577,1.0
0.5,0.8,-1.9781250000000001,0.015870272381895256,1.0
0.5,0.8,-1.971875,0.015349017261051059,1.0
0.5,0.8,-1.9656250000000002,0.014790678860493501,1.0
0.5,0.8,-1.959375,0.014209114791994186,1.0
0.5,0.8,-1.953125,0.01379738787538307,0.5659464078580497
0.5,0.8,-1.9468750000000001,0.013566443249922028,0.3844067535108332
0.5,0.8,-1.940625,0.013375915388836061,0.2925589943965086
0.5,0.8,-1.9343750000000002,0.01332905071470174,0.2338745805393745
0.5,0.8,-1.928125,0.013409456529833264,0.1930461992673112
0.5,0.8,-1.921875,0.013698705299733716,0.1628878819775274
0.5,0.8,-1.9156250000000001,0.014180833619370654,0.13979196264337856
0.5,0.8,-1.909375,0.01483511043381159,0.12088371231847983
0.5,0.8,-1.9031250000000002,0.015657578224769923,0.10626855999187725
0.5,0.8,-1.896875,0.017871012961520567,0.07381045500060496
0.5,0.8,-1.890625,0.018291016068105435,0.06861247527838371
0.5,0.8,-1.8843750000000001,0.01865186630714522,0.06431026810489446
0.5,0.8,-1.878125,0.01895762338150625,0.060847510832230826
0.5,0.8,-1.8718750000000002,0.01926174211414416,0.05802369112524722
0.5,0.8,-1.865625,0.019561776777362826,0.05551734379023508
0.5,0.8,-1.859375,0.019860250406185328,0.05328722164139277
0.5,0.8,-1.8531250000000001,0.02015720937654635,0.05131679368513772
0.5,0.8,-1.846875,0.02045504681969595,0.04956671389124079
0.5,0.8,-1.8406250000000002,0.02075305993628102,0.04797436416256985
0.5,0.8,-1.834375,0.021053500362735168,0.046504565674867625
0.5,0.8,-1.828125,0.02135617585174297,0.04515554184394595
0.5,0.8,-1.8218750000000001,0.02166386886258916,0.043913550516303634
0.5,0.8,-1.815625,0.02197595738912449,0.04275411816293013
0.5,0.8,-1.8093750000000002,0.022294330957730334,0.04164919925813043
0.5,0.8,-1.803125,0.022618415419301107,0.04058734032344952
0.5,0.8,-1.796875,0.022948412735289424,0.03956292044505374
0.5,0.8,-1.7906250000000001,0.023283996510490346,0.038579465677202024
0.5,0.8,-1.784375,0.023623166939241304,0.037689274479085405
0.5,0.8,-1.7781250000000002,0.02396522364315378,0.03685546076361307
0.5,0.8,-1.771875,0.024304901356798806,0.03607712608000291
0.5,0.8,-1.765625,0.024642262848346353,0.035349143730492916
0.5,0.8,-1.7593750000000001,0.024971596715237267,0.03466431904783679
0.5,0.8,-1.753125,0.025293161281558247,0.0340133739757665
0.5,0.8,-1.7468750000000002,0.02560113664437039,0.03339579814655615
0.5,0.8,-1.740625,0.025896268531995045,0.03281562730309311
0.5,0.8,-1.734375,0.026173688805850217,0.03226082430622202
0.5,0.8,-1.7281250000000001,0.026434325840210538,0.03173791130408954
0.5,0.8,-1.721875,0.02667124405632295,0.031227164831046858
0.5,0.8,-1.7156250000000002,0.026885863851155146,0.03074690743823023
0.5,0.8,-1.709375,0.02707086325428455,0.030269186873963006
0.5,0.8,-1.703125,0.02723470839231787,0.030148047229060507
0.5,0.8,-1.6968750000000001,0.029090614432206455,0.027080446738464544
0.5,0.8,-1.690625,0.029196140621937497,0.02660946006919018
0.5,0.8,-1.6843750000000002,0.0292796619809183,0.026182894076698666
0.5,0.8,-1.678125,0.029341731541663682,0.025787671823910858
0.5,0.8,-1.671875,0.029502130402824282,0.025355201170410003
0.5,0.8,-1.6656250000000001,0.029756435911198743,0.02489700229070124
0.5,0.8,-1.659375,0.030015399147973194,0.02444755299114589
0.5,0.8,-1.6531250000000002,0.030278859008948052,0.02400837874108303
0.5,0.8,-1.646875,0.030543779492267376,0.02358330084764216
0.5,0.8,-1.640625,0.030810122078984793,0.023172007709039922
0.5,0.8,-1.6343750000000001,0.03108048758589858,0.022772347890272084
0.5,0.8,-1.628125,0.03135467373773808,0.0223822036834192
0.5,0.8,-1.6218750000000002,0.0316302366012706,0.02200252879094274
0.5,0.8,-1.615625,0.0319072207844299,0.021635751797271233
0.5,0.8,-1.609375,0.032182908416012464,0.021283346350856533
0.5,0.8,-1.6031250000000001,0.03245735215836597,0.020943299412130363
0.5,0.8,-1.596875,0.03274298232564006,0.020610318920354025
0.5,0.8,-1.590625,0.03303940872265713,0.0202862759527914
0.5,0.8,-1.584375,0.033345361274650515,0.019971325428028708
0.5,0.8,-1.578125,0.033660577439175825,0.019668216313991616
0.5,0.8,-1.5718750000000001,0.03397976901418778,0.019377214922252667
0.5,0.8,-1.565625,0.03430287042311507,0.01909893675936753
0.5,0.8,-1.559375,0.03462824821405912,0.01883177648159013
0.5,0.8,-1.553125,0.034955875303109764,0.01857516886939402
0.5,0.8,-1.546875,0.035283770379639944,0.018327882292958182
0.5,0.8,-1.5406250000000001,0.03561198627757058,0.018089502761256468
0.5,0.8,-1.534375,0.035938657865761336,0.017860192897697275
0.5,0.8,-1.528125,0.03626391003666099,0.017639876581428623
0.5,0.8,-1.521875,0.036588965773838536,0.017430790621923632
0.5,0.8,-1.515625,0.036913803298476794,0.017230135371579205
0.5,0.8,-1.5093750000000001,0.03725681255371188,0.017037278694264874
0.5,0.8,-1.503125,0.037621879003800596,0.016991923392652594
0.5,0.8,-1.496875,0.03853100843705615,0.01642041307099913
0.5,0.8,-1.490625,0.03886636597429811,0.016222455766197047
0.5,0.8,-1.484375,0.039189662785074256,0.016048648504769503
0.5,0.8,-1.4781250000000001,0.039500889770369384,0.015884525431706834
0.5,0.8,-1.471875,0.039802512652927675,0.015739662617987524
0.5,0.8,-1.465625,0.040094090828342276,0.015591076903234668
0.5,0.8,-1.459375,0.04037805606428743,0.015440161177269611
0.5,0.8,-1.453125,0.04065474144376809,0.015290264442486256
0.5,0.8,-1.4468750000000001,0.04092688077899222,0.015144127375393408
0.5,0.8,-1.440625,0.04119451513592145,0.014999706082375285
0.5,0.8,-1.434375,0.04146046387128817,0.014855820112953914
0.5,0.8,-1.428125,0.041724720694225205,0.01471194757779145
0.5,0.8,-1.421875,0.0419904005839638,0.014568725695541069
0.5,0.8,-1.4156250000000001,0.042257431704608356,0.014426300573877423
0.5,0.8,-1.409375,0.04252910526538429,0.014284291394509274
0.5,0.8,-1.403125,0.04280527777647737,0.014143108952544956
0.5,0.8,-1.396875,0.04308639320152861,0.014002198988366368
0.5,0.8,-1.390625,0.04337235235034556,0.013862972188588136
0.5,0.8,-1.3843750000000001,0.043660688839937595,0.013725519548111206
0.5,0.8,-1.378125,0.043951402595666565,0.013591804111176883
0.5,0.8,-1.371875,0.044242436916407196,0.013460700312019304
0.5,0.8,-1.365625,0.044533822965492374,0.013333675566666085
0.5,0.8,-1.359375,0.04482331300640871,0.013208144667733335
0.5,0.8,-1.3531250000000001,0.04511104869500877,0.013087258889209924
0.5,0.8,-1.346875,0.045394660806324164,0.012968404573168215
0.5,0.8,-1.340625,0.045674358239588826,0.012855406591748787
0.5,0.8,-1.334375,0.04594757537115904,0.01274342351820297
0.5,0.8,-1.328125,0.0462146436867459,0.012638445041285775
0.5,0.8,-1.3218750000000001,0.046472672027504415,0.012529963949698858
0.5,0.8,-1.315625,0.046722298008884756,0.012430647075798676
0.5,0.8,-1.309375,0.046960245450263095,0.012322655610282377
0.5,0.8,-1.303125,0.047189841724655686,0.012281180013487025
0.5,0.8,-1.296875,0.04842937760745481,0.011853584341946324
0.5,0.8,-1.2906250000000001,0.048672106445982265,0.011741698852079992
0.5,0.8,-1.284375,0.04893002026770943,0.011639313426737937
0.5,0.8,-1.278125,0.0492024667061436,0.011539889333480494
0.5,0.8,-1.271875,0.04948217398494828,0.011442972156179372
0.5,0.8,-1.265625,0.04976899622332214,0.011349378941868523
0.5,0.8,-1.2593750000000001,0.05006409552841998,0.011257289839281702
0.5,0.8,-1.253125,0.050367303394913444,0.011166815484367
0.5,0.8,-1.246875,0.050680107327307516,0.011078476472802206
0.5,0.8,-1.240625,0.05100241104406065,0.01099374045129669
0.5,0.8,-1.234375,0.051335868671921976,0.010911601158813683
0.5,0.8,-1.2281250000000001,0.051680404461473144,0.01083378975810544
0.5,0.8,-1.221875,0.05203764278139183,0.010757515723432302
0.5,0.8,-1.215625,0.05240753387910589,0.010684883100493998
0.5,0.8,-1.209375,0.052800375088878373,0.010612240840628912
0.5,0.8,-1.203125,0.05321615549695632,0.010544557209348038
0.5,0.8,-1.1968750000000001,0.053676508707062656,0.01047829668426126
0.5,0.8,-1.190625,0.054181350741438816,0.010420136362743684
0.5,0.8,-1.184375,0.05469867001840921,0.01036874608633955
0.5,0.8,-1.178125,0.05522866374489367,0.010327820794861674
0.5,0.8,-1.171875,0.055735566524718165,0.010296085422199045
0.5,0.8,-1.1656250000000001,0.05621976378307686,0.01027404298843179
0.5,0.8,-1.159375,0.05668144074865105,0.010256598729340864
0.5,0.8,-1.153125,0.05712117957779286,0.010249649154069116
0.5,0.8,-1.146875,0.05753646545814895,0.010246298374415295
0.5,0.8,-1.140625,0.05792791342008101,0.010253409276008882
0.5,0.8,-1.1343750000000001,0.058294092648530256,0.010260803480283113
0.5,0.8,-1.128125,0.05863563004023587,0.010276276179767771
0.5,0.8,-1.121875,0.058951836093770596,0.01028890347886523
0.5,0.8,-1.115625,0.059243258985957975,0.010305816574187169
0.5,0.8,-1.109375,0.05955111736482734,0.01031666026638576
0.5,0.8,-1.1031250000000001,0.05988060173647804,0.010419752359231397
0.5,0.8,-1.096875,0.06114791444861708,0.010188956924217207
0.5,0.8,-1.0906250000000002,0.06148601760934003,0.010181931981420901
0.5,0.8,-1.084375,0.061825432483880505,0.010192131940105577
0.5,0.8,-1.078125,0.062165536927005854,0.010209431061388656
0.5,0.8,-1.071875,0.06250738953142493,0.010230889254719988
0.5,0.8,-1.065625,0.06285074874426995,0.01025344046006793
0.5,0.8,-1.0593750000000002,0.06319674463657941,0.010275891376390574
0.5,0.8,-1.053125,0.06354537029158355,0.010299364121830048
0.5,0.8,-1.046875,0.06389773139208683,0.010322885283921212
0.5,0.8,-1.040625,0.06425378452517283,0.010346961370313715
0.5,0.8,-1.034375,0.06461460875686421,0.010371066894535229
0.5,0.8,-1.0281250000000002,0.06498018748058904,0.010396143257103465
0.5,0.8,-1.021875,0.0653515238726216,0.010421485052709276
0.5,0.8,-1.015625,0.06572859478923418,0.010447879934790388
0.5,0.8,-1.009375,0.06611232117275993,0.0104745768059947
0.5,0.8,-1.003125,0.06650273718821452,0.010503241415847644
0.5,0.8,-0.9968750000000001,0.06689702440573539,0.010532856661219956
0.5,0.8,-0.9906250000000001,0.06729520199808706,0.010564512326983784
0.5,0.8,-0.984375,0.06769374320498828,0.010595337382783166
0.5,0.8,-0.978125,0.06809279448511293,0.010628224548791072
0.5,0.8,-0.971875,0.06849183330404428,0.010659460634692742
0.5,0.8,-0.9656250000000001,0.06889118214585879,0.010694701442742012
0.5,0.8,-0.9593750000000001,0.06929015732733838,0.010727706521202642
0.5,0.8,-0.953125,0.06968914418379452,0.010765066115435562
0.5,0.8,-0.946875,0.07008739082735119,0.010799390419841244
0.5,0.8,-0.940625,0.0704854131088379,0.010839231924016927
0.5,0.8,-0.9343750000000001,0.07088244295808073,0.010876918771857914
0.5,0.8,-0.9281250000000001,0.07127888606134568,0.010919227754402345
0.5,0.8,-0.921875,0.07167399278285297,0.010957976558957467
0.5,0.8,-0.915625,0.07206829074982686,0.01100174762292541
0.5,0.8,-0.909375,0.07246112656300445,0.011042578634520041
0.5,0.8,-0.903125,0.07285983810656907,0.01119046667098508
0.5,0.8,-0.896875,0.07473540668018286,0.010914837971138206
0.5,0.8,-0.890625,0.07513207744974265,0.010933323008428673
0.5,0.8,-0.884375,0.07553050182476086,0.010969316469414242
0.5,0.8,-0.878125,0.07592991984729018,0.011012358550212173
0.5,0.8,-0.871875,0.07633041957836306,0.011060461889729178
0.5,0.8,-0.865625,0.07673186428492204,0.011112283944556942
0.5,0.8,-0.859375,0.07713372015026905,0.011157812581250346
0.5,0.8,-0.853125,0.07753644526590102,0.011204212937341574
0.5,0.8,-0.846875,0.077940012028427,0.011249452475881279
0.5,0.8,-0.840625,0.07834461714917211,0.011296929987344198
0.5,0.8,-0.834375,0.07874997015291822,0.011341907701921325
0.5,0.8,-0.828125,0.07915616791901497,0.011386401783335592
0.5,0.8,-0.821875,0.0795627865178124,0.011425041162725486
0.5,0.8,-0.815625,0.07997022127413986,0.01146390889940827
0.5,0.8,-0.809375,0.08037834365082257,0.011502735438061776
0.5,0.8,-0.803125,0.08078729807474626,0.011544083573795562
0.5,0.8,-0.796875,0.08119621566253003,0.011582026350879774
0.5,0.8,-0.790625,0.08160540751209326,0.011621356314837019
0.5,0.8,-0.784375,0.08201396240161099,0.011656978875423924
0.5,0.8,-0.778125,0.08242210448393582,0.011692496893938132
0.5,0.8,-0.771875,0.08282889421938433,0.011720764936296195
0.5,0.8,-0.765625,0.0832347238239396,0.01174758710355479
0.5,0.8,-0.759375,0.08363879620758964,0.011768338558132505
0.5,0.8,-0.753125,0.08404194438252408,0.011794430612683399
0.5,0.8,-0.746875,0.08444270461829448,0.011812774659630371
0.5,0.8,-0.740625,0.08484206798774342,0.011836718120969274
0.5,0.8,-0.734375,0.08523812723157805,0.011847381203081236
0.5,0.8,-0.728125,0.08563254247332686,0.011866530092767925
0.5,0.8,-0.721875,0.08602340300289343,0.011874315307881328
0.5,0.8,-0.715625,0.08641222265723345,0.011890453003363522
0.5,0.8,-0.709375,0.08679697563226658,0.01189231637856097
0.5,0.8,-0.703125,0.08718582671514817,0.01198202945059815
0.5,0.8,-0.696875,0.09521525173198633,0.010880363091359523
0.5,0.8,-0.690625,0.09562415692636231,0.010865694251838353
0.5,0.8,-0.684375,0.09603252595139515,0.010866006682173687
0.5,0.8,-0.678125,0.09643957367242076,0.01087300614276508
0.5,0.8,-0.671875,0.09684553429401617,0.010885408239387965
0.5,0.8,-0.665625,0.09724884206905342,0.010886528985202433
0.5,0.8,-0.659375,0.09765024592561153,0.010884886759240502
0.5,0.8,-0.653125,0.098049793678177,0.010881712900145054
0.5,0.8,-0.646875,0.09844737586508757,0.010876570490834056
0.5,0.8,-0.640625,0.09884298816262899,0.010870117719201622
0.5,0.8,-0.634375,0.09923661917934933,0.010863475268238483
0.5,0.8,-0.628125,0.09962839416298089,0.010858677952017778
0.5,0.8,-0.621875,0.1000181828131008,0.010854888105370523
0.5,0.8,-0.615625,0.10040609419732367,0.010853949010080651
0.5,0.8,-0.609375,0.10079176634952872,0.010851205100218407
0.5,0.8,-0.603125,0.10117521192797825,0.010847514159215095
0.5,0.8,-0.596875,0.10156194621243084,0.010838478718561502
0.5,0.8,-0.590625,0.10195225804612118,0.01082796190744707
0.5,0.8,-0.584375,0.10234568350813701,0.010814819182787507
0.5,0.8,-0.578125,0.10274242496401725,0.010801957451725295
0.5,0.8,-0.571875,0.10314341341669543,0.010788799424331915
0.5,0.8,-0.565625,0.10354831620784029,0.010772705418431568
0.5,0.8,-0.559375,0.10397108658863345,0.010758807006716343
0.5,0.8,-0.553125,0.10441127934544193,0.010743464123945416
0.5,0.8,-0.546875,0.10487770302948268,0.010731157058409005
0.5,0.8,-0.540625,0.10536970054320138,0.010716245318255968
0.5,0.8,-0.534375,0.10591031769472395,0.010700121808957292
0.5,0.8,-0.528125,0.10649937118593021,0.010682358869449703
0.5,0.8,-0.521875,0.1071810867926849,0.010663396595146252
0.5,0.8,-0.515625,0.1079559606412427,0.010650328293246632
0.5,0.8,-0.509375,0.10894418643842273,0.010638047573107734
0.5,0.8,-0.503125,0.11014649774043077,0.010637974006410447
1.285,0.8,-2.096875,0.11574673483003013,-1.0
1.285,0.8,-2.090625,0.10597303049272566,-1.0
1.285,0.8,-2.084375,0.09700508671166239,-1.0
1.285,0.8,-2.078125,0.08883942886051543,-1.0
1.285,0.8,-2.0718750000000004,0.08140622174254561,-1.0
1.285,0.8,-2.065625,0.0746794381174075,-1.0
1.285,0.8,-2.059375,0.06946089175440613,-1.0
1.285,0.8,-2.053125,0.06568682858676816,-1.0
1.285,0.8,-2.046875,0.06281545273003922,-1.0
1.285,0.8,-2.0406250000000004,0.060811011655580324,-1.0
1.285,0.8,-2.034375,0.05894715803163374,-1.0
1.285,0.8,-2.028125,0.05722007993544699,-1.0
1.285,0.8,-2.021875,0.05628966018098038,-1.0
1.285,0.8,-2.015625,0.05611574926210971,-1.0
1.285,0.8,-2.0093750000000004,0.055928788556112906,-1.0
1.285,0.8,-2.003125,0.055746865022590214,-1.0
1.285,0.8,-1.9968750000000002,0.05537961068165862,-1.0
1.285,0.8,-1.990625,0.05483637970935102,-1.0
1.285,0.8,-1.984375,0.05410216248943975,-1.0
1.285,0.8,-1.9781250000000001,0.05318649767805257,-1.0
1.285,0.8,-1.971875,0.05209457953042437,-1.0
1.285,0.8,-1.9656250000000002,0.050835673428798286,-1.0
1.285,0.8,-1.959375,0.04945035713760228,-1.0
1.285,0.8,-1.953125,0.047955977977130367,-1.0
1.285,0.8,-1.9468750000000001,0.0464460316577997,-1.0
1.285,0.8,-1.940625,0.044949210046743966,-0.943589002845557
1.285,0.8,-1.9343750000000002,0.04388033787656228,-0.8864383210043584
1.285,0.8,-1.928125,0.04322559027593751,-0.8314161543786966
1.285,0.8,-1.921875,0.04330249602745924,-0.7716914420826693
1.285,0.8,-1.9156250000000001,0.044091475328138924,-0.7103819469265743
1.285,0.8,-1.909375,0.04561773764288506,-0.6359489709107033
1.285,0.8,-1.9031250000000002,0.04792098349184314,-0.5611096349640019
1.285,0.8,-1.896875,0.05082724093292312,-0.4243458084363559
1.285,0.8,-1.890625,0.05183315518382264,-0.40439971148668985
1.285,0.8,-1.8843750000000001,0.05259674303463585,-0.3891478513509791
1.285,0.8,-1.878125,0.05309296308274947,-0.3758232496309682
1.285,0.8,-1.8718750000000002,0.05353584259123416,-0.3622107690494486
1.285,0.8,-1.865625,0.05393665878784786,-0.3489961746914006
1.285,0.8,-1.859375,0.054316905186668187,-0.3367661756080024
1.285,0.8,-1.8531250000000001,0.05468280949739796,-0.32578918425418446
1.285,0.8,-1.846875,0.05504383061577029,-0.31583365661259283
1.285,0.8,-1.8406250000000002,0.055391850464298,-0.30640380424360414
1.285,0.8,-1.834375,0.055745531277959046,-0.2977413394732884
1.285,0.8,-1.828125,0.056111309971106284,-0.2901416540606687
1.285,0.8,-1.8218750000000001,0.05648668852850161,-0.2826003078444581
1.285,0.8,-1.815625,0.05684477426153581,-0.2738586314244042
1.285,0.8,-1.8093750000000002,0.05720601641837115,-0.264291828490695
1.285,0.8,-1.803125,0.05758093817257137,-0.25448265099430584
1.285,0.8,-1.796875,0.05796107027743172,-0.2447421355839934
1.285,0.8,-1.7906250000000001,0.05835326404330169,-0.23542147917191406
1.285,0.8,-1.784375,0.05876052492201688,-0.22675408129243027
1.285,0.8,-1.7781250000000002,0.05917890806162323,-0.2185263015191005
1.285,0.8,-1.771875,0.05961226320226279,-0.2109688972456723
1.285,0.8,-1.765625,0.060061741033059404,-0.20401496201348981
1.285,0.8,-1.7593750000000001,0.06049480357182229,-0.19759826031176259
1.285,0.8,-1.753125,0.06091631251372902,-0.19178423567972439
1.285,0.8,-1.7468750000000002,0.0612870851430942,-0.18652482295867218
1.285,0.8,-1.740625,0.0616120494041344,-0.18187666786607437
1.285,0.8,-1.734375,0.06185247385661974,-0.17776419005577415
1.285,0.8,-1.7281250000000001,0.06201239669585652,-0.17421715815016156
1.285,0.8,-1.721875,0.062042031955500454,-0.17117724681877333
1.285,0.8,-1.7156250000000002,0.06194401379546694,-0.1686082749009521
1.285,0.8,-1.709375,0.06166338576767361,-0.1663397110860973
1.285,0.8,-1.703125,0.061220022479225214,-0.16496304733228437
1.285,0.8,-1.6968750000000001,0.06226603763305174,-0.15332529238370982
1.285,0.8,-1.690625,0.06145458553747418,-0.15312190081896815
1.285,0.8,-1.6843750000000002,0.06046717902537742,-0.15233442934846983
1.285,0.8,-1.678125,0.05932386779881648,-0.15156181071771604
1.285,0.8,-1.671875,0.0588854877193967,-0.15065822877176638
1.285,0.8,-1.6656250000000001,0.05913169471325039,-0.14947767501693904
1.285,0.8,-1.659375,0.059417368695463546,-0.14841592531427605
1.285,0.8,-1.6531250000000002,0.059748862475942764,-0.14771827504795879
1.285,0.8,-1.646875,0.06010649396820172,-0.1474130254220551
1.285,0.8,-1.640625,0.06048655890129487,-0.1473590785261678
1.285,0.8,-1.6343750000000001,0.0609032346575717,-0.1473093738059193
1.285,0.8,-1.628125,0.061354193514340315,-0.1471836023434707
1.285,0.8,-1.6218750000000002,0.06181408291360312,-0.14667079325058996
1.285,0.8,-1.615625,0.06227808551642698,-0.14559471693875992
1.285,0.8,-1.609375,0.06272929169793488,-0.1440512124296983
1.285,0.8,-1.6031250000000001,0.06316736278450116,-0.14200229183338448
1.285,0.8,-1.596875,0.06368727477944028,-0.13938436930016662
1.285,0.8,-1.590625,0.06428811343419569,-0.13621765621153092
1.285,0.8,-1.584375,0.06495238761559227,-0.1323833719328426
1.285,0.8,-1.578125,0.06569105155934489,-0.12828421266614373
1.285,0.8,-1.5718750000000001,0.06644604786832668,-0.12360455697621633
1.285,0.8,-1.565625,0.0672239555467377,-0.1185783634360258
1.285,0.8,-1.559375,0.06801657477013892,-0.11352403396653257
1.285,0.8,-1.553125,0.06882186161949629,-0.10838380182116414
1.285,0.8,-1.546875,0.0696208152237317,-0.10320333905452235
1.285,0.8,-1.5406250000000001,0.07041481090457663,-0.09802028677326337
1.285,0.8,-1.534375,0.0711856321390618,-0.09287072322867732
1.285,0.8,-1.528125,0.0719317255685132,-0.08770174750759284
1.285,0.8,-1.521875,0.07265781292438189,-0.08246025483236302
1.285,0.8,-1.515625,0.0733733318174443,-0.07740700574440021
1.285,0.8,-1.5093750000000001,0.07424762187959719,-0.07266728705028427
1.285,0.8,-1.503125,0.07527372936727826,-0.06813097127708377
1.285,0.8,-1.496875,0.07671651328160359,-0.06286064626425196
1.285,0.8,-1.490625,0.07746696688630059,-0.05881361971065611
1.285,0.8,-1.484375,0.07808606144779838,-0.05493499711523826
1.285,0.8,-1.4781250000000001,0.07857761203086625,-0.05127298126451069
1.285,0.8,-1.471875,0.07896909548700855,-0.04789349863421844
1.285,0.8,-1.465625,0.07926449324884843,-0.0448568950216943
1.285,0.8,-1.459375,0.07949138294416017,-0.042176081580985146
1.285,0.8,-1.453125,0.07965284180722568,-0.03989878739930157
1.285,0.8,-1.4468750000000001,0.07979222530493311,-0.03836495128145308
1.285,0.8,-1.440625,0.07989067442447706,-0.03710136162600076
1.285,0.8,-1.434375,0.079975631376735,-0.03602577983382924
1.285,0.8,-1.428125,0.08004792104893775,-0.035151361364806025
1.285,0.8,-1.421875,0.08013854291349816,-0.03442651841135796
1.285,0.8,-1.4156250000000001,0.08024520816138053,-0.03379708816796003
1.285,0.8,-1.409375,0.0804009079714773,-0.03321041134329375
1.285,0.8,-1.403125,0.08060533770467397,-0.03266486712821568
1.285,0.8,-1.396875,0.08087035400808516,-0.03216770008541507
1.285,0.8,-1.390625,0.08119644784103792,-0.031732963901604
1.285,0.8,-1.3843750000000001,0.0815655302425988,-0.03139466220689674
1.285,0.8,-1.378125,0.08197680170436097,-0.031129819190076798
1.285,0.8,-1.371875,0.08240638771010886,-0.03090759995954798
1.285,0.8,-1.365625,0.08285106073670516,-0.030649852354879454
1.285,0.8,-1.359375,0.08328542669537052,-0.030325233315969292
1.285,0.8,-1.3531250000000001,0.0837107592920943,-0.02995639990523414
1.285,0.8,-1.346875,0.08410225838007349,-0.029553754576495905
1.285,0.8,-1.340625,0.08446042050872989,-0.02912076069571907
1.285,0.8,-1.334375,0.08475785727208165,-0.028636560137459372
1.285,0.8,-1.328125,0.08498568084070407,-0.027904869700009043
1.285,0.8,-1.3218750000000001,0.08511599427294345,-0.026920788312035038
1.285,0.8,-1.315625,0.08516056374769469,-0.025926489369442564
1.285,0.8,-1.309375,0.08510004359287554,-0.025108994536984515
1.285,0.8,-1.303125,0.084932536443235,-0.024416628574659534
1.285,0.8,-1.296875,0.08583064013105697,-0.02327619655907556
1.285,0.8,-1.2906250000000001,0.08578259982201415,-0.022654123202639657
1.285,0.8,-1.284375,0.0858604550158828,-0.022037529436635273
1.285,0.8,-1.278125,0.08606367852388616,-0.021448148173234597
1.285,0.8,-1.271875,0.08630015692065948,-0.02092720083905452
1.285,0.8,-1.265625,0.08657094135852356,-0.020510746435129377
1.285,0.8,-1.2593750000000001,0.08688544696356668,-0.02021852752650239
1.285,0.8,-1.253125,0.08724308777191563,-0.020051608398290195
1.285,0.8,-1.246875,0.08765423086393805,-0.019988144124573087
1.285,0.8,-1.240625,0.08812055959705323,-0.020071468842604575
1.285,0.8,-1.234375,0.08866184651381807,-0.020396725264901557
1.285,0.8,-1.2281250000000001,0.08926763733256492,-0.020769387100311176
1.285,0.8,-1.221875,0.08995583087752028,-0.021220829318039355
1.285,0.8,-1.215625,0.09072680269736454,-0.021764219243414946
1.285,0.8,-1.209375,0.09170959707481037,-0.0223816507513981
1.285,0.8,-1.203125,0.09290256314002567,-0.0230494786230484
1.285,0.8,-1.1968750000000001,0.09465165513790566,-0.02369708483314846
1.285,0.8,-1.190625,0.09695608270773809,-0.02431303565255597
1.285,0.8,-1.184375,0.09943929552644849,-0.02494310972430177
1.285,0.8,-1.178125,0.10209583181690007,-0.025467557169774644
1.285,0.8,-1.171875,0.10444513600158842,-0.02594666426878022
1.285,0.8,-1.1656250000000001,0.10648996202912216,-0.026405893563687204
1.285,0.8,-1.159375,0.10823834608221214,-0.026704201476891586
1.285,0.8,-1.153125,0.10968525736567633,-0.02674110113925401
1.285,0.8,-1.146875,0.11081999389364482,-0.026551939634485863
1.285,0.8,-1.140625,0.11164962662903274,-0.02624995643422506
1.285,0.8,-1.1343750000000001,0.11217881965005866,-0.025913267471649747
1.285,0.8,-1.128125,0.1124060508347642,-0.02550739209655914
1.285,0.8,-1.121875,0.1123376515511939,-0.025007308135572382
1.285,0.8,-1.115625,0.11197412918374386,-0.024418236470344506
1.285,0.8,-1.109375,0.1119216380935597,-0.023709525434044542
1.285,0.8,-1.1031250000000001,0.11218092296394144,-0.022892277459623103
1.285,0.8,-1.096875,0.11349746524806151,-0.02183356188332834
1.285,0.8,-1.0906250000000002,0.11397408872520935,-0.021320156620306056
1.285,0.8,-1.084375,0.1144377728795403,-0.020893402980591533
1.285,0.8,-1.078125,0.11488666108118324,-0.02052761124951985
1.285,0.8,-1.071875,0.11533504137849265,-0.020223117709131523
1.285,0.8,-1.065625,0.11578190362592472,-0.01996836821994988
1.285,0.8,-1.0593750000000002,0.11624034281595916,-0.019747214077002178
1.285,0.8,-1.053125,0.11670945610560558,-0.019550260007429012
1.285,0.8,-1.046875,0.11720320395537467,-0.01937648177555389
1.285,0.8,-1.040625,0.11772197283641446,-0.01923325110852368
1.285,0.8,-1.034375,0.1182770881789273,-0.01907981894277647
1.285,0.8,-1.0281250000000002,0.11886638946538053,-0.018882836478703213
1.285,0.8,-1.021875,0.11950529209306819,-0.018669524427175756
1.285,0.8,-1.015625,0.12019554480134809,-0.018470899396758514
1.285,0.8,-1.009375,0.12095076484701878,-0.018309279766006985
1.285,0.8,-1.003125,0.12177102645610349,-0.01819669142200127
1.285,0.8,-0.9968750000000001,0.12262298884477398,-0.018131206611633983
1.285,0.8,-0.9906250000000001,0.12350826573061126,-0.018103225134285753
1.285,0.8,-0.984375,0.12439163718158418,-0.01814614287098477
1.285,0.8,-0.978125,0.12527807498097998,-0.01825186746361108
1.285,0.8,-0.971875,0.12621707329054396,-0.01840347663608269
1.285,0.8,-0.9656250000000001,0.12721044168880613,-0.018602260236446157
1.285,0.8,-0.9593750000000001,0.1282386289250119,-0.01879317975855908
1.285,0.8,-0.953125,0.12929878784061588,-0.018971620890303055
1.285,0.8,-0.946875,0.13037201884461508,-0.019103228912813006
1.285,0.8,-0.940625,0.13145226489680834,-0.01917578669447718
1.285,0.8,-0.9343750000000001,0.13251773820487792,-0.01917728465961601
1.285,0.8,-0.9281250000000001,0.13356120090202395,-0.019118259216923363
1.285,0.8,-0.921875,0.13456377783081253,-0.019003818031285036
1.285,0.8,-0.915625,0.1355212672359998,-0.01884875173532174
1.285,0.8,-0.909375,0.1364247187565532,-0.018667107283343237
1.285,0.8,-0.903125,0.13727253602244857,-0.01846780594782114
1.285,0.8,-0.896875,0.1396286064093774,-0.017932885924101645
1.285,0.8,-0.890625,0.1403926479995697,-0.01781792004265502
1.285,0.8,-0.884375,0.14112443568134744,-0.017663566748794244
1.285,0.8,-0.878125,0.141836905444046,-0.017546941904190785
1.285,0.8,-0.871875,0.14258028429932834,-0.017493249254787888
1.285,0.8,-0.865625,0.1433571200962965,-0.017487750152210164
1.285,0.8,-0.859375,0.14414220810060532,-0.017486047293239042
1.285,0.8,-0.853125,0.14493544315991164,-0.01748392066006264
1.285,0.8,-0.846875,0.14573741925320802,-0.01748036753342744
1.285,0.8,-0.840625,0.14654881351914997,-0.017482998553334322
1.285,0.8,-0.834375,0.14737070457826656,-0.017497479271203983
1.285,0.8,-0.828125,0.1482021849048969,-0.01751451332132866
1.285,0.8,-0.821875,0.14904294342074348,-0.017535046258986806
1.285,0.8,-0.815625,0.1498929441972825,-0.017559674569232835
1.285,0.8,-0.809375,0.150750940962947,-0.017588708859305403
1.285,0.8,-0.803125,0.15161691535210534,-0.017622244869704085
1.285,0.8,-0.796875,0.15248599743144547,-0.017659723933672336
1.285,0.8,-0.790625,0.15335806433901011,-0.017700257097399558
1.285,0.8,-0.784375,0.15422678597492337,-0.017742838762823215
1.285,0.8,-0.778125,0.15509201728149594,-0.017786671554922345
1.285,0.8,-0.771875,0.15594859397745556,-0.017831179812921736
1.285,0.8,-0.765625,0.15679639732842102,-0.01787599608684815
1.285,0.8,-0.759375,0.15762973899261484,-0.017921117227597122
1.285,0.8,-0.753125,0.15844853914186705,-0.017966749435648858
1.285,0.8,-0.746875,0.15924692058828943,-0.01801233630130071
1.285,0.8,-0.740625,0.16002471623153608,-0.01805730999618741
1.285,0.8,-0.734375,0.16077622661593755,-0.018099911197251337
1.285,0.8,-0.728125,0.16150147699894504,-0.01814194840980109
1.285,0.8,-0.721875,0.16219584008635107,-0.0181813199282464
1.285,0.8,-0.715625,0.16285937050215224,-0.01822031315042299
1.285,0.8,-0.709375,0.16348902680951807,-0.018256485997294694
1.285,0.8,-0.703125,0.1640850237507806,-0.018293981430120735
1.285,0.8,-0.696875,0.17267218609471519,-0.016864879406649352
1.285,0.8,-0.690625,0.17325477504032571,-0.016933257214170622
1.285,0.8,-0.684375,0.17381041788020463,-0.016912387711200957
1.285,0.8,-0.678125,0.17435003702234522,-0.016912274650377437
1.285,0.8,-0.671875,0.17487831724916353,-0.016931170865670395
1.285,0.8,-0.665625,0.1753940115627433,-0.01695791915058547
1.285,0.8,-0.659375,0.1758967156785883,-0.016985844583664207
1.285,0.8,-0.653125,0.17638593712758394,-0.01701141868762996
1.285,0.8,-0.646875,0.1768613781594636,-0.01703558648858452
1.285,0.8,-0.640625,0.17732330320033785,-0.017062150195239427
1.285,0.8,-0.634375,0.17777041960503498,-0.01708776608211916
1.285,0.8,-0.628125,0.1782024838974126,-0.017111402926699947
1.285,0.8,-0.621875,0.17861938488698534,-0.017133178382003726
1.285,0.8,-0.615625,0.1790210205557822,-0.017153419972876203
1.285,0.8,-0.609375,0.17940904059869098,-0.017172425373449467
1.285,0.8,-0.603125,0.17978333125639678,-0.01719036412128052
1.285,0.8,-0.596875,0.18022335775349402,-0.017207335272058
1.285,0.8,-0.590625,0.1807291987579551,-0.017223363604917535
1.285,0.8,-0.584375,0.18129722287595396,-0.017238453932346742
1.285,0.8,-0.578125,0.18192750268867583,-0.017252635988707365
1.285,0.8,-0.571875,0.18263421977230557,-0.0172657855027948
1.285,0.8,-0.565625,0.18341750937198364,-0.017278147438703324
1.285,0.8,-0.559375,0.1844582927463954,-0.017289235379529352
1.285,0.8,-0.553125,0.1857572467839912,-0.01729985359474312
1.285,0.8,-0.546875,0.18742823919300783,-0.017308804994961
1.285,0.8,-0.540625,0.18947234227262977,-0.01731772209259602
1.285,0.8,-0.534375,0.19219940342027456,-0.017324643087829952
1.285,0.8,-0.528125,0.1956113824014445,-0.017331813188870598
1.285,0.8,-0.521875,0.2003066284850666,-0.017336930473937036
1.285,0.8,-0.515625,0.20628868596582434,-0.017342361407657995
1.285,0.8,-0.509375,0.21519306115048598,-0.017345832111038934
1.285,0.8,-0.503125,0.22703171137355285,-0.017386018982708022
