lambda1,lambda2,nodes,energy,pressure,opacity_scaling_derivative,effective_exponent,minimum_dec_holding_energy,zero_wall_mass_held_energy_floor,zero_wall_mass_released_energy,virial_identity_error,measured_mass_025_released_energy,measured_mass_025_held_floor,measured_mass_1_released_energy,measured_mass_1_held_floor,released_zero_energy_mass_per_wall
0.0001,0.0001,128,-3.161193056561868e-11,-3.1656547154040024e-11,6.317924454281603e-11,1.0014113844875348,3.1656547154040024e-11,4.4616588421342195e-14,-3.161193056561868e-11,0.0,0.49999999996838806,0.5000000000000446,1.9999999999683882,2.0000000000000444,1.580596528280934e-11
0.0001,0.0001,256,-3.16119305656189e-11,-3.1656547154040205e-11,6.317924454281647e-11,1.0014113844875336,3.1656547154040205e-11,4.461658842130342e-14,-3.16119305656189e-11,-3.877409121342317e-26,0.49999999996838806,0.5000000000000446,1.9999999999683882,2.0000000000000444,1.580596528280945e-11
0.0001,0.0001,512,-3.161193056561873e-11,-3.165654715404002e-11,6.317924454281613e-11,1.001411384487533,3.165654715404002e-11,4.4616588421284034e-14,-3.161193056561873e-11,-5.169878828456423e-26,0.49999999996838806,0.5000000000000446,1.9999999999683882,2.0000000000000444,1.5805965282809367e-11
0.0001,0.001,128,-3.1444129593301613e-10,-3.1628277763681504e-10,6.270411101622335e-10,1.005856360877584,3.1628277763681504e-10,1.841481703798907e-12,-3.1444129593301613e-10,2.0679515313825692e-25,0.4999999996855587,0.5000000000018415,1.9999999996855586,2.0000000000018416,1.5722064796650806e-10
0.0001,0.001,256,-3.144412959330183e-10,-3.1628277763681654e-10,6.270411101622378e-10,1.0058563608775817,3.1628277763681654e-10,1.841481703798235e-12,-3.144412959330183e-10,-6.203854594147708e-25,0.4999999996855587,0.5000000000018415,1.9999999996855586,2.0000000000018416,1.5722064796650915e-10
0.0001,0.001,512,-3.144412959330167e-10,-3.162827776368149e-10,6.270411101622347e-10,1.0058563608775817,3.162827776368149e-10,1.8414817037981833e-12,-3.144412959330167e-10,-4.1359030627651384e-25,0.4999999996855587,0.5000000000018415,1.9999999996855586,2.0000000000018416,1.5722064796650835e-10
0.0001,0.01,128,-3.0360123989706818e-09,-3.1356197501834003e-09,5.972417446728648e-09,1.0328086114689417,3.1356197501834003e-09,9.960735121271855e-11,-3.0360123989706818e-09,3.308722450212111e-24,0.4999999969639876,0.5000000000996073,1.9999999969639877,2.0000000000996074,1.5180061994853409e-09
0.0001,0.01,256,-3.036012398970704e-09,-3.1356197501834173e-09,5.972417446728692e-09,1.0328086114689397,3.1356197501834173e-09,9.960735121271317e-11,-3.036012398970704e-09,-1.6543612251060553e-24,0.4999999969639876,0.5000000000996073,1.9999999969639877,2.0000000000996074,1.518006199485352e-09
0.0001,0.01,512,-3.036012398970689e-09,-3.1356197501833995e-09,5.9724174467286615e-09,1.0328086114689388,3.1356197501833995e-09,9.960735121271028e-11,-3.036012398970689e-09,-6.617444900424222e-24,0.4999999969639876,0.5000000000996073,1.9999999969639877,2.0000000000996074,1.5180061994853446e-09
0.0001,0.1,128,-2.5278673464689858e-08,-2.9132199251426616e-08,4.670382114264301e-08,1.1524417723944058,2.9132199251426616e-08,3.853525786736758e-09,-2.5278673464689858e-08,5.293955920339377e-23,0.4999999747213265,0.5000000038535258,1.9999999747213266,2.000000003853526,1.2639336732344929e-08
0.0001,0.1,256,-2.5278673464690056e-08,-2.913219925142677e-08,4.6703821142643364e-08,1.152441772394403,2.913219925142677e-08,3.853525786736715e-09,-2.5278673464690056e-08,-2.6469779601696886e-23,0.4999999747213265,0.5000000038535258,1.9999999747213266,2.000000003853526,1.2639336732345028e-08
0.0001,0.1,512,-2.5278673464689914e-08,-2.9132199251426603e-08,4.670382114264309e-08,1.1524417723944027,2.9132199251426603e-08,3.853525786736689e-09,-2.5278673464689914e-08,-3.970466940254533e-23,0.4999999747213265,0.5000000038535258,1.9999999747213266,2.000000003853526,1.2639336732344957e-08
0.0001,1.0,128,-1.2779352807426837e-07,-1.888105685462142e-07,1.9457001567659115e-07,1.4774658106041585,1.888105685462142e-07,6.101704047194583e-08,-1.2779352807426837e-07,2.117582368135751e-22,0.4999998722064719,0.5000000610170404,1.999999872206472,2.0000000610170403,6.389676403713419e-08
0.0001,1.0,256,-1.2779352807426927e-07,-1.8881056854621497e-07,1.9457001567659235e-07,1.477465810604154,1.8881056854621497e-07,6.10170404719457e-08,-1.2779352807426927e-07,-4.764560328305439e-22,0.4999998722064719,0.5000000610170404,1.999999872206472,2.0000000610170403,6.389676403713464e-08
0.0001,1.0,512,-1.277935280742685e-07,-1.888105685462139e-07,1.9457001567659123e-07,1.4774658106041547,1.888105685462139e-07,6.10170404719454e-08,-1.277935280742685e-07,-4.235164736271502e-22,0.4999998722064719,0.5000000610170404,1.999999872206472,2.0000000610170403,6.389676403713425e-08
0.0001,10.0,128,-2.671073023205346e-07,-4.949762951547684e-07,3.063456118068355e-07,1.8530990761188026,4.949762951547684e-07,2.278689928342338e-07,-2.671073023205346e-07,1.0587911840678754e-22,0.49999973289269767,0.5000002278689928,1.9999997328926977,2.000000227868993,1.335536511602673e-07
0.0001,10.0,256,-2.671073023205362e-07,-4.949762951547701e-07,3.0634561180683726e-07,1.853099076118798,4.949762951547701e-07,2.278689928342339e-07,-2.671073023205362e-07,-1.164670302474663e-21,0.49999973289269767,0.5000002278689928,1.9999997328926977,2.000000227868993,1.335536511602681e-07
0.0001,10.0,512,-2.671073023205345e-07,-4.949762951547679e-07,3.063456118068354e-07,1.8530990761188015,4.949762951547679e-07,2.2786899283423336e-07,-2.671073023205345e-07,-2.117582368135751e-22,0.49999973289269767,0.5000002278689928,1.9999997328926977,2.000000227868993,1.3355365116026725e-07
0.0001,100.0,128,-3.104553574927425e-07,-6.149604351639923e-07,3.1640563731423563e-07,1.980833702244511,6.149604351639923e-07,3.0450507767124984e-07,-3.104553574927425e-07,5.293955920339377e-22,0.4999996895446425,0.5000003045050777,1.9999996895446426,2.0000003045050776,1.5522767874637125e-07
0.0001,100.0,256,-3.104553574927443e-07,-6.149604351639938e-07,3.1640563731423743e-07,1.9808337022445044,6.149604351639938e-07,3.045050776712495e-07,-3.104553574927443e-07,-1.6940658945086007e-21,0.4999996895446425,0.5000003045050777,1.9999996895446426,2.0000003045050776,1.5522767874637215e-07
0.0001,100.0,512,-3.1045535749274245e-07,-6.149604351639913e-07,3.164056373142356e-07,1.980833702244508,6.149604351639913e-07,3.0450507767124884e-07,-3.1045535749274245e-07,-5.293955920339377e-22,0.4999996895446425,0.5000003045050777,1.9999996895446426,2.0000003045050776,1.5522767874637122e-07
0.0001,1000.0,128,-3.159736207365173e-07,-6.313414881335484e-07,3.1657937407600384e-07,1.9980828990151955,6.313414881335484e-07,3.153678673970311e-07,-3.159736207365173e-07,3.1763735522036263e-22,0.4999996840263793,0.5000003153678674,1.9999996840263792,2.0000003153678674,1.5798681036825866e-07
0.0001,1000.0,256,-3.159736207365191e-07,-6.313414881335499e-07,3.165793740760056e-07,1.9980828990151889,6.313414881335499e-07,3.153678673970308e-07,-3.159736207365191e-07,-1.9058241313221758e-21,0.4999996840263793,0.5000003153678674,1.9999996840263792,2.0000003153678674,1.5798681036825956e-07
0.0001,1000.0,512,-3.159736207365173e-07,-6.313414881335477e-07,3.165793740760038e-07,1.9980828990151933,6.313414881335477e-07,3.153678673970304e-07,-3.159736207365173e-07,-5.293955920339377e-22,0.4999996840263793,0.5000003153678674,1.9999996840263792,2.0000003153678674,1.5798681036825866e-07
0.0001,10000.0,128,-3.16541657853042e-07,-6.330437551489339e-07,3.1658121841019245e-07,1.999875022588122,6.330437551489339e-07,3.1650209729589195e-07,-3.16541657853042e-07,4.235164736271502e-22,0.49999968345834217,0.5000003165020973,1.9999996834583422,2.0000003165020974,1.58270828926521e-07
0.0001,10000.0,256,-3.165416578530438e-07,-6.330437551489354e-07,3.1658121841019425e-07,1.9998750225881152,6.330437551489354e-07,3.1650209729589163e-07,-3.165416578530438e-07,-1.6940658945086007e-21,0.49999968345834217,0.5000003165020973,1.9999996834583422,2.0000003165020974,1.582708289265219e-07
0.0001,10000.0,512,-3.1654165785304193e-07,-6.330437551489331e-07,3.1658121841019235e-07,1.9998750225881197,6.330437551489331e-07,3.1650209729589115e-07,-3.1654165785304193e-07,-4.235164736271502e-22,0.49999968345834217,0.5000003165020973,1.9999996834583422,2.0000003165020974,1.5827082892652097e-07
0.000125892541179,0.000125892541179,128,-5.008353397304552e-11,-5.016965577876734e-11,1.0008094614036922e-10,1.0017195632753906,5.016965577876734e-11,8.612180572182183e-14,-5.008353397304552e-11,2.5849394142282115e-26,0.49999999994991645,0.5000000000000862,1.9999999999499165,2.000000000000086,2.504176698652276e-11
0.000125892541179,0.000125892541179,256,-5.0083533973045894e-11,-5.0169655778767645e-11,1.0008094614036997e-10,1.001719563275389,5.0169655778767645e-11,8.612180572175074e-14,-5.0083533973045894e-11,-7.754818242684634e-26,0.49999999994991645,0.5000000000000862,1.9999999999499165,2.000000000000086,2.5041766986522947e-11
0.000125892541179,0.000125892541179,512,-5.0083533973045616e-11,-5.016965577876734e-11,1.0008094614036943e-10,1.0017195632753886,5.016965577876734e-11,8.612180572172489e-14,-5.0083533973045616e-11,-5.169878828456423e-26,0.49999999994991645,0.5000000000000862,1.9999999999499165,2.000000000000086,2.5041766986522808e-11
0.000158489319246,0.000158489319246,128,-7.934232780857718e-11,-7.950838123840411e-11,1.5851860218732745e-10,1.0020928731789613,7.950838123840411e-11,1.6605342982693173e-13,-7.934232780857718e-11,0.0,0.4999999999206577,0.5000000000001661,1.9999999999206577,2.000000000000166,3.967116390428859e-11
0.000158489319246,0.000158489319246,256,-7.934232780857775e-11,-7.950838123840452e-11,1.5851860218732861e-10,1.0020928731789593,7.950838123840452e-11,1.6605342982677663e-13,-7.934232780857775e-11,-1.0339757656912846e-25,0.4999999999206577,0.5000000000001661,1.9999999999206577,2.000000000000166,3.9671163904288874e-11
0.000158489319246,0.000158489319246,512,-7.934232780857731e-11,-7.950838123840405e-11,1.5851860218732774e-10,1.002092873178959,7.950838123840405e-11,1.6605342982673786e-13,-7.934232780857731e-11,-1.550963648536927e-25,0.4999999999206577,0.5000000000001661,1.9999999999206577,2.000000000000166,3.9671163904288654e-11
0.000199526231497,0.000199526231497,128,-1.2568220305102726e-10,-1.260019961309106e-10,2.510446130221711e-10,1.0025444579432898,1.260019961309106e-10,3.1979307988334754e-13,-1.2568220305102726e-10,-5.169878828456423e-26,0.4999999998743178,0.5000000000003197,1.9999999998743179,2.0000000000003197,6.284110152551363e-11
0.000199526231497,0.000199526231497,256,-1.2568220305102821e-10,-1.2600199613091143e-10,2.510446130221731e-10,1.0025444579432887,1.2600199613091143e-10,3.197930798832183e-13,-1.2568220305102821e-10,-1.550963648536927e-25,0.4999999998743178,0.5000000000003197,1.9999999998743179,2.0000000000003197,6.284110152551411e-11
0.000199526231497,0.000199526231497,512,-1.2568220305102752e-10,-1.2600199613091063e-10,2.5104461302217163e-10,1.0025444579432878,1.2600199613091063e-10,3.197930798831149e-13,-1.2568220305102752e-10,-2.5849394142282115e-25,0.4999999998743178,0.5000000000003197,1.9999999998743179,2.0000000000003197,6.284110152551376e-11
0.000251188643151,0.000251188643151,128,-1.9906408859330886e-10,-1.9967918394405232e-10,3.9751308183587425e-10,1.003089936286801,1.9967918394405232e-10,6.150953507434619e-13,-1.9906408859330886e-10,0.0,0.4999999998009359,0.5000000000006151,1.999999999800936,2.000000000000615,9.953204429665443e-11
0.000251188643151,0.000251188643151,256,-1.9906408859331028e-10,-1.996791839440534e-10,3.9751308183587725e-10,1.0030899362867993,1.996791839440534e-10,6.150953507431259e-13,-1.9906408859331028e-10,-2.0679515313825692e-25,0.4999999998009359,0.5000000000006151,1.999999999800936,2.000000000000615,9.953204429665514e-11
0.000251188643151,0.000251188643151,512,-1.990640885933092e-10,-1.9967918394405224e-10,3.9751308183587497e-10,1.003089936286799,1.9967918394405224e-10,6.150953507430483e-13,-1.990640885933092e-10,-3.101927297073854e-25,0.4999999998009359,0.5000000000006151,1.999999999800936,2.000000000000615,9.95320442966546e-11
0.000316227766017,0.000316227766017,128,-3.152477927118556e-10,-3.1642928402129234e-10,6.293140941142747e-10,1.0037478178650299,3.1642928402129234e-10,1.1814913094367422e-12,-3.152477927118556e-10,2.0679515313825692e-25,0.4999999996847522,0.5000000000011815,1.9999999996847522,2.0000000000011813,1.576238963559278e-10
0.000316227766017,0.000316227766017,256,-3.1524779271185777e-10,-3.16429284021294e-10,6.293140941142789e-10,1.0037478178650283,3.16429284021294e-10,1.1814913094362252e-12,-3.1524779271185777e-10,-4.1359030627651384e-25,0.4999999996847522,0.5000000000011815,1.9999999996847522,2.0000000000011813,1.5762389635592888e-10
0.000316227766017,0.000316227766017,512,-3.15247792711856e-10,-3.1642928402129203e-10,6.293140941142755e-10,1.0037478178650276,3.1642928402129203e-10,1.1814913094360184e-12,-3.15247792711856e-10,-6.203854594147708e-25,0.4999999996847522,0.5000000000011815,1.9999999996847522,2.0000000000011813,1.57623896355928e-10
0.000398107170553,0.000398107170553,128,-4.991589755497364e-10,-5.014251449553078e-10,9.960517816939012e-10,1.0045399752715567,5.014251449553078e-10,2.2661694055713986e-12,-4.991589755497364e-10,-2.0679515313825692e-25,0.499999999500841,0.5000000000022662,1.999999999500841,2.000000000002266,2.495794877748682e-10
0.000398107170553,0.000398107170553,256,-4.991589755497399e-10,-5.014251449553106e-10,9.960517816939083e-10,1.0045399752715554,5.014251449553106e-10,2.2661694055706748e-12,-4.991589755497399e-10,-8.271806125530277e-25,0.499999999500841,0.5000000000022662,1.999999999500841,2.000000000002266,2.4957948777486997e-10
0.000398107170553,0.000398107170553,512,-4.991589755497369e-10,-5.014251449553074e-10,9.960517816939027e-10,1.004539975271555,5.014251449553074e-10,2.266169405570468e-12,-4.991589755497369e-10,-6.203854594147708e-25,0.499999999500841,0.5000000000022662,1.999999999500841,2.000000000002266,2.4957948777486847e-10
0.000501187233627,0.000501187233627,128,-7.902031008732415e-10,-7.945430352456643e-10,1.5760662673740612e-09,1.0054921758312854,7.945430352456643e-10,4.3399343724227505e-12,-7.902031008732415e-10,8.271806125530277e-25,0.4999999992097969,0.50000000000434,1.999999999209797,2.00000000000434,3.9510155043662076e-10
0.000501187233627,0.000501187233627,256,-7.902031008732474e-10,-7.945430352456683e-10,1.5760662673740726e-09,1.005492175831283,7.945430352456683e-10,4.339934372420889e-12,-7.902031008732474e-10,-1.2407709188295415e-24,0.4999999992097969,0.50000000000434,1.999999999209797,2.00000000000434,3.951015504366237e-10
0.000501187233627,0.000501187233627,512,-7.902031008732431e-10,-7.945430352456635e-10,1.5760662673740641e-09,1.0054921758312825,7.945430352456635e-10,4.339934372420476e-12,-7.902031008732431e-10,-1.2407709188295415e-24,0.4999999992097969,0.50000000000434,1.999999999209797,2.00000000000434,3.9510155043662154e-10
0.00063095734448,0.00063095734448,128,-1.2506451750204081e-09,-1.2589428006702256e-09,2.4929927243909987e-09,1.0066346760980245,1.2589428006702256e-09,8.297625649817507e-12,-1.2506451750204081e-09,0.0,0.4999999987493548,0.5000000000082976,1.9999999987493549,2.000000000008298,6.253225875102041e-10
0.00063095734448,0.00063095734448,256,-1.2506451750204172e-09,-1.2589428006702327e-09,2.4929927243910174e-09,1.0066346760980227,1.2589428006702327e-09,8.29762564981544e-12,-1.2506451750204172e-09,-1.6543612251060553e-24,0.4999999987493548,0.5000000000082976,1.9999999987493549,2.000000000008298,6.253225875102086e-10
0.00063095734448,0.00063095734448,512,-1.2506451750204104e-09,-1.2589428006702256e-09,2.492992724391004e-09,1.0066346760980227,1.2589428006702256e-09,8.297625649815233e-12,-1.2506451750204104e-09,-1.6543612251060553e-24,0.4999999987493548,0.5000000000082976,1.9999999987493549,2.000000000008298,6.253225875102052e-10
0.000794328234724,0.000794328234724,128,-1.9788108246019135e-09,-1.994647011669012e-09,3.941785462136729e-09,1.008002880755559,1.994647011669012e-09,1.583618706709838e-11,-1.9788108246019135e-09,0.0,0.49999999802118916,0.5000000000158362,1.999999998021189,2.000000000015836,9.894054123009568e-10
0.000794328234724,0.000794328234724,256,-1.9788108246019276e-09,-1.9946470116690222e-09,3.941785462136758e-09,1.008002880755557,1.9946470116690222e-09,1.5836187067094658e-11,-1.9788108246019276e-09,-1.6543612251060553e-24,0.49999999802118916,0.5000000000158362,1.999999998021189,2.000000000015836,9.894054123009638e-10
0.000794328234724,0.000794328234724,512,-1.9788108246019172e-09,-1.9946470116690115e-09,3.941785462136736e-09,1.0080028807555568,1.9946470116690115e-09,1.5836187067094244e-11,-1.9788108246019172e-09,-4.1359030627651384e-24,0.49999999802118916,0.5000000000158362,1.999999998021189,2.000000000015836,9.894054123009586e-10
0.001,0.0001,128,-3.1444129593301623e-10,-3.1628277763681504e-10,6.270411101622337e-10,1.0058563608775837,3.1628277763681504e-10,1.8414817037988037e-12,-3.1444129593301623e-10,0.0,0.4999999996855587,0.5000000000018415,1.9999999996855586,2.0000000000018416,1.5722064796650812e-10
0.001,0.0001,256,-3.1444129593301835e-10,-3.1628277763681664e-10,6.270411101622381e-10,1.005856360877582,3.1628277763681664e-10,1.8414817037982867e-12,-3.1444129593301835e-10,-2.0679515313825692e-25,0.4999999996855587,0.5000000000018415,1.9999999996855586,2.0000000000018416,1.5722064796650918e-10
0.001,0.0001,512,-3.1444129593301665e-10,-3.162827776368148e-10,6.270411101622346e-10,1.0058563608775815,3.162827776368148e-10,1.8414817037981316e-12,-3.1444129593301665e-10,-6.203854594147708e-25,0.4999999996855587,0.5000000000018415,1.9999999996855586,2.0000000000018416,1.5722064796650832e-10
0.001,0.001,128,-3.1298580687814758e-09,-3.160023847380175e-09,6.229550358964253e-09,1.0096380659875877,3.160023847380175e-09,3.016577859869931e-11,-3.1298580687814758e-09,1.6543612251060553e-24,0.4999999968701419,0.5000000000301658,1.9999999968701418,2.0000000000301656,1.5649290343907379e-09
0.001,0.001,256,-3.1298580687814993e-09,-3.1600238473801945e-09,6.2295503589643e-09,1.009638065987586,3.1600238473801945e-09,3.016577859869517e-11,-3.1298580687814993e-09,-3.308722450212111e-24,0.4999999968701419,0.5000000000301658,1.9999999968701418,2.0000000000301656,1.5649290343907497e-09
0.001,0.001,512,-3.1298580687814832e-09,-3.160023847380176e-09,6.229550358964268e-09,1.0096380659875854,3.160023847380176e-09,3.016577859869269e-11,-3.1298580687814832e-09,-4.963083675318166e-24,0.4999999968701419,0.5000000000301658,1.9999999968701418,2.0000000000301656,1.5649290343907416e-09
0.001,0.01,128,-3.0261383717603965e-08,-3.132965672249078e-08,5.9454494430321135e-08,1.035301525364994,3.132965672249078e-08,1.0682730048868153e-09,-3.0261383717603965e-08,1.3234889800848443e-23,0.49999996973861627,0.500000001068273,1.9999999697386164,2.000000001068273,1.5130691858801983e-08
0.001,0.01,256,-3.026138371760419e-08,-3.1329656722490966e-08,5.9454494430321566e-08,1.0353015253649924,3.1329656722490966e-08,1.0682730048867756e-09,-3.026138371760419e-08,-3.970466940254533e-23,0.49999996973861627,0.500000001068273,1.9999999697386164,2.000000001068273,1.5130691858802095e-08
0.001,0.01,512,-3.026138371760403e-08,-3.132965672249078e-08,5.9454494430321255e-08,1.0353015253649918,3.132965672249078e-08,1.0682730048867492e-09,-3.026138371760403e-08,-5.293955920339377e-23,0.49999996973861627,0.500000001068273,1.9999999697386164,2.000000001068273,1.5130691858802016e-08
0.001,0.1,128,-2.523187270081277e-07,-2.9111732493145895e-07,4.658388560929242e-07,1.1537682057268839,2.9111732493145895e-07,3.8798597923331236e-08,-2.523187270081277e-07,0.0,0.499999747681273,0.5000000387985979,1.999999747681273,2.000000038798598,1.2615936350406386e-07
0.001,0.1,256,-2.5231872700812957e-07,-2.9111732493146054e-07,4.658388560929278e-07,1.1537682057268817,2.9111732493146054e-07,3.879859792333097e-08,-2.5231872700812957e-07,-4.235164736271502e-22,0.499999747681273,0.5000000387985979,1.999999747681273,2.000000038798598,1.2615936350406479e-07
0.001,0.1,512,-2.5231872700812814e-07,-2.9111732493145874e-07,4.6583885609292505e-07,1.1537682057268812,2.9111732493145874e-07,3.87985979233306e-08,-2.5231872700812814e-07,-6.352747104407253e-22,0.499999747681273,0.5000000387985979,1.999999747681273,2.000000038798598,1.2615936350406407e-07
0.001,1.0,128,-1.2766384730425519e-06,-1.887195436631623e-06,1.9427199824960347e-06,1.478253614066604,1.887195436631623e-06,6.105569635890712e-07,-1.2766384730425519e-06,2.541098841762901e-21,0.49999872336152695,0.5000006105569635,1.999998723361527,2.0000006105569637,6.383192365212759e-07
0.001,1.0,256,-1.2766384730425603e-06,-1.8871954366316306e-06,1.942719982496047e-06,1.4782536140666,1.8871954366316306e-06,6.105569635890703e-07,-1.2766384730425603e-06,-3.3881317890172014e-21,0.49999872336152695,0.5000006105569635,1.999998723361527,2.0000006105569637,6.383192365212802e-07
0.001,1.0,512,-1.2766384730425531e-06,-1.8871954366316203e-06,1.9427199824960355e-06,1.4782536140666003,1.8871954366316203e-06,6.105569635890671e-07,-1.2766384730425531e-06,-3.3881317890172014e-21,0.49999872336152695,0.5000006105569635,1.999998723361527,2.0000006105569637,6.383192365212766e-07
0.001,10.0,128,-2.6691217890805665e-06,-4.947955174805441e-06,3.059410192436261e-06,1.8537764724890524,4.947955174805441e-06,2.2788333857248747e-06,-2.6691217890805665e-06,1.6940658945086007e-21,0.4999973308782109,0.5000022788333858,1.9999973308782109,2.0000022788333855,1.3345608945402833e-06
0.001,10.0,256,-2.669121789080582e-06,-4.9479551748054565e-06,3.0594101924362783e-06,1.8537764724890473,4.9479551748054565e-06,2.2788333857248743e-06,-2.669121789080582e-06,-1.3552527156068805e-20,0.4999973308782109,0.5000022788333858,1.9999973308782109,2.0000022788333855,1.334560894540291e-06
0.001,10.0,512,-2.669121789080567e-06,-4.9479551748054344e-06,3.0594101924362605e-06,1.8537764724890495,4.9479551748054344e-06,2.2788333857248675e-06,-2.669121789080567e-06,-5.082197683525802e-21,0.4999973308782109,0.5000022788333858,1.9999973308782109,2.0000022788333855,1.3345608945402835e-06
0.001,100.0,128,-3.10244520863053e-06,-6.147509554635089e-06,3.1598260712565015e-06,1.981504633033858,6.147509554635089e-06,3.045064346004559e-06,-3.10244520863053e-06,0.0,0.4999968975547914,0.500003045064346,1.9999968975547913,2.000003045064346,1.551222604315265e-06
0.001,100.0,256,-3.102445208630546e-06,-6.147509554635104e-06,3.15982607125652e-06,1.9815046330338526,6.147509554635104e-06,3.0450643460045582e-06,-3.102445208630546e-06,-1.3552527156068805e-20,0.4999968975547914,0.500003045064346,1.9999968975547913,2.000003045064346,1.551222604315273e-06
0.001,100.0,512,-3.102445208630528e-06,-6.147509554635081e-06,3.1598260712565024e-06,1.9815046330338566,6.147509554635081e-06,3.045064346004553e-06,-3.102445208630528e-06,-1.6940658945086007e-21,0.4999968975547914,0.500003045064346,1.9999968975547913,2.000003045064346,1.551222604315264e-06
0.001,1000.0,128,-3.15760905922385e-06,-6.31128294156858e-06,3.161544236102973e-06,1.9987537479132749,6.31128294156858e-06,3.15367388234473e-06,-3.15760905922385e-06,3.3881317890172014e-21,0.4999968423909408,0.5000031536738824,1.9999968423909407,2.0000031536738825,1.578804529611925e-06
0.001,1000.0,256,-3.157609059223868e-06,-6.311282941568598e-06,3.16154423610299e-06,1.998753747913269,6.311282941568598e-06,3.15367388234473e-06,-3.157609059223868e-06,-1.6940658945086007e-20,0.4999968423909408,0.5000031536738824,1.9999968423909407,2.0000031536738825,1.578804529611934e-06
0.001,1000.0,512,-3.157609059223851e-06,-6.311282941568575e-06,3.1615442361029735e-06,1.9987537479132726,6.311282941568575e-06,3.153673882344724e-06,-3.157609059223851e-06,-5.082197683525802e-21,0.4999968423909408,0.5000031536738824,1.9999968423909407,2.0000031536738825,1.5788045296119254e-06
0.001,10000.0,128,-3.1632875123777e-06,-6.328301779314909e-06,3.1615607578181942e-06,2.0005458734157906,6.328301779314909e-06,3.165014266937209e-06,-3.1632875123777e-06,3.3881317890172014e-21,0.4999968367124876,0.5000031650142669,1.9999968367124876,2.000003165014267,1.58164375618885e-06
0.001,10000.0,256,-3.1632875123777164e-06,-6.3283017793149224e-06,3.1615607578182116e-06,2.0005458734157844,6.3283017793149224e-06,3.165014266937206e-06,-3.1632875123777164e-06,-1.5246593050577406e-20,0.4999968367124876,0.5000031650142669,1.9999968367124876,2.000003165014267,1.5816437561888582e-06
0.001,10000.0,512,-3.1632875123776986e-06,-6.328301779314898e-06,3.1615607578181934e-06,2.000545873415788,6.328301779314898e-06,3.1650142669371992e-06,-3.1632875123776986e-06,-5.082197683525802e-21,0.4999968367124876,0.5000031650142669,1.9999968367124876,2.000003165014267,1.5816437561888493e-06
0.00125892541179,0.00125892541179,128,-4.948415691604342e-09,-5.005758750566089e-09,9.83948832424694e-09,1.0115881652907692,5.005758750566089e-09,5.7343058961747e-11,-4.948415691604342e-09,3.308722450212111e-24,0.4999999950515843,0.500000000057343,1.9999999950515843,2.000000000057343,2.474207845802171e-09
0.00125892541179,0.00125892541179,256,-4.948415691604377e-09,-5.005758750566114e-09,9.839488324247011e-09,1.011588165290767,5.005758750566114e-09,5.734305896173625e-11,-4.948415691604377e-09,-8.271806125530277e-24,0.4999999950515843,0.500000000057343,1.9999999950515843,2.000000000057343,2.4742078458021887e-09
0.00125892541179,0.00125892541179,512,-4.948415691604352e-09,-5.005758750566086e-09,9.83948832424696e-09,1.0115881652907666,5.005758750566086e-09,5.7343058961734593e-11,-4.948415691604352e-09,-8.271806125530277e-24,0.4999999950515843,0.500000000057343,1.9999999950515843,2.000000000057343,2.474207845802176e-09
0.00158489319246,0.00158489319246,128,-7.819782525377215e-09,-7.928544855352819e-09,1.5530802720778833e-08,1.0139086131388746,7.928544855352819e-09,1.0876232997560415e-10,-7.819782525377215e-09,9.926167350636332e-24,0.49999999218021746,0.5000000001087623,1.9999999921802174,2.0000000001087623,3.909891262688607e-09
0.00158489319246,0.00158489319246,256,-7.819782525377271e-09,-7.928544855352863e-09,1.5530802720778946e-08,1.013908613138873,7.928544855352863e-09,1.0876232997559257e-10,-7.819782525377271e-09,-3.308722450212111e-24,0.49999999218021746,0.5000000001087623,1.9999999921802174,2.0000000001087623,3.9098912626886355e-09
0.00158489319246,0.00158489319246,512,-7.819782525377231e-09,-7.928544855352817e-09,1.5530802720778863e-08,1.0139086131388724,7.928544855352817e-09,1.0876232997558595e-10,-7.819782525377231e-09,-1.3234889800848443e-23,0.49999999218021746,0.5000000001087623,1.9999999921802174,2.0000000001087623,3.909891262688616e-09
0.00199526231497,0.00199526231497,128,-1.2350086247713403e-08,-1.2555878684987227e-08,2.449438005815299e-08,1.0166632388751071,1.2555878684987227e-08,2.0579243727382413e-10,-1.2350086247713403e-08,6.617444900424222e-24,0.49999998764991377,0.5000000002057924,1.9999999876499137,2.0000000002057923,6.1750431238567015e-09
0.00199526231497,0.00199526231497,256,-1.2350086247713497e-08,-1.2555878684987297e-08,2.449438005815318e-08,1.016663238875105,1.2555878684987297e-08,2.0579243727379931e-10,-1.2350086247713497e-08,-1.3234889800848443e-23,0.49999998764991377,0.5000000002057924,1.9999999876499137,2.0000000002057923,6.175043123856749e-09
0.00199526231497,0.00199526231497,512,-1.235008624771343e-08,-1.2555878684987226e-08,2.4494380058153043e-08,1.016663238875105,1.2555878684987226e-08,2.05792437273796e-10,-1.235008624771343e-08,-1.9852334701272664e-23,0.49999998764991377,0.5000000002057924,1.9999999876499137,2.0000000002057923,6.175043123856715e-09
0.00251188643151,0.00251188643151,128,-1.949149395814591e-08,-1.9879865868985924e-08,3.859461600545181e-08,1.0199251997652907,1.9879865868985924e-08,3.883719108400143e-10,-1.949149395814591e-08,0.0,0.499999980508506,0.5000000003883719,1.999999980508506,2.000000000388372,9.745746979072955e-09
0.00251188643151,0.00251188643151,256,-1.9491493958146045e-08,-1.9879865868986026e-08,3.859461600545208e-08,1.019925199765289,1.9879865868986026e-08,3.8837191083998124e-10,-1.9491493958146045e-08,-3.3087224502121107e-23,0.499999980508506,0.5000000003883719,1.999999980508506,2.000000000388372,9.745746979073022e-09
0.00251188643151,0.00251188643151,512,-1.949149395814595e-08,-1.987986586898592e-08,3.859461600545188e-08,1.0199251997652885,1.987986586898592e-08,3.883719108399713e-10,-1.949149395814595e-08,-4.632211430296955e-23,0.499999980508506,0.5000000003883719,1.999999980508506,2.000000000388372,9.745746979072975e-09
0.00316227766017,0.00316227766017,128,-3.073726847531928e-08,-3.146813735082174e-08,6.074366807513613e-08,1.0237779383711119,3.146813735082174e-08,7.308688755024585e-10,-3.073726847531928e-08,2.6469779601696886e-23,0.49999996926273155,0.5000000007308689,1.9999999692627315,2.0000000007308687,1.536863423765964e-08
0.00316227766017,0.00316227766017,256,-3.07372684753195e-08,-3.14681373508219e-08,6.074366807513655e-08,1.0237779383711096,3.14681373508219e-08,7.308688755023989e-10,-3.07372684753195e-08,-3.970466940254533e-23,0.49999996926273155,0.5000000007308689,1.9999999692627315,2.0000000007308687,1.536863423765975e-08
0.00316227766017,0.00316227766017,512,-3.073726847531933e-08,-3.146813735082172e-08,6.074366807513622e-08,1.0237779383711094,3.146813735082172e-08,7.308688755023857e-10,-3.073726847531933e-08,-6.617444900424221e-23,0.49999996926273155,0.5000000007308689,1.9999999692627315,2.0000000007308687,1.5368634237659667e-08
0.00398107170553,0.00398107170553,128,-4.842467387350492e-08,-4.979587398166296e-08,9.547814763885186e-08,1.0283161454373424,4.979587398166296e-08,1.3712001081580378e-09,-4.842467387350492e-08,5.293955920339377e-23,0.4999999515753261,0.5000000013712002,1.9999999515753262,2.0000000013712,2.421233693675246e-08
0.00398107170553,0.00398107170553,256,-4.842467387350528e-08,-4.979587398166322e-08,9.547814763885256e-08,1.0283161454373402,4.979587398166322e-08,1.3712001081579451e-09,-4.842467387350528e-08,-5.293955920339377e-23,0.4999999515753261,0.5000000013712002,1.9999999515753262,2.0000000013712,2.421233693675264e-08
0.00398107170553,0.00398107170553,512,-4.8424673873505e-08,-4.9795873981662925e-08,9.547814763885199e-08,1.02831614543734,4.9795873981662925e-08,1.3712001081579253e-09,-4.8424673873505e-08,-1.0587911840678754e-22,0.4999999515753261,0.5000000013712002,1.9999999515753262,2.0000000013712,2.42123369367525e-08
0.00501187233627,0.00501187233627,128,-7.620362728319605e-08,-7.876762828801634e-08,1.498432535615718e-07,1.0336467054946306,7.876762828801634e-08,2.5640010048202918e-09,-7.620362728319605e-08,-2.6469779601696886e-23,0.4999999237963727,0.500000002564001,1.9999999237963728,2.000000002564001,3.8101813641598026e-08
0.00501187233627,0.00501187233627,256,-7.620362728319663e-08,-7.876762828801683e-08,1.4984325356157296e-07,1.033646705494629,7.876762828801683e-08,2.564001004820199e-09,-7.620362728319663e-08,-1.0587911840678754e-22,0.4999999237963727,0.500000002564001,1.9999999237963728,2.000000002564001,3.810181364159832e-08
0.00501187233627,0.00501187233627,512,-7.620362728319622e-08,-7.876762828801637e-08,1.4984325356157214e-07,1.0336467054946286,7.876762828801637e-08,2.564001004820146e-09,-7.620362728319622e-08,-1.5881867761018131e-22,0.4999999237963727,0.500000002564001,1.9999999237963728,2.000000002564001,3.810181364159811e-08
0.0063095734448,0.0063095734448,128,-1.1975867099416972e-07,-1.2453579630205195e-07,2.3474021668045723e-07,1.0398895985420111,1.2453579630205195e-07,4.7771253078822295e-09,-1.1975867099416972e-07,5.293955920339377e-23,0.499999880241329,0.5000000047771254,1.999999880241329,2.0000000047771254,5.987933549708486e-08
0.0063095734448,0.0063095734448,256,-1.1975867099417064e-07,-1.245357963020527e-07,2.3474021668045903e-07,1.0398895985420094,1.245357963020527e-07,4.777125307882044e-09,-1.1975867099417064e-07,-2.117582368135751e-22,0.499999880241329,0.5000000047771254,1.999999880241329,2.0000000047771254,5.987933549708532e-08
0.0063095734448,0.0063095734448,512,-1.1975867099416996e-07,-1.2453579630205192e-07,2.3474021668045776e-07,1.039889598542009,1.2453579630205192e-07,4.777125307881965e-09,-1.1975867099416996e-07,-1.5881867761018131e-22,0.499999880241329,0.5000000047771254,1.999999880241329,2.0000000047771254,5.987933549708498e-08
0.00794328234724,0.00794328234724,128,-1.8791561352417067e-07,-1.9678123307796133e-07,3.669656074945507e-07,1.0471787276614475,1.9678123307796133e-07,8.86561955379066e-09,-1.8791561352417067e-07,0.0,0.4999998120843865,0.5000000088656196,1.9999998120843865,2.0000000088656193,9.395780676208533e-08
0.00794328234724,0.00794328234724,256,-1.8791561352417215e-07,-1.9678123307796252e-07,3.6696560749455364e-07,1.0471787276614455,1.9678123307796252e-07,8.865619553790368e-09,-1.8791561352417215e-07,-2.117582368135751e-22,0.4999998120843865,0.5000000088656196,1.9999998120843865,2.0000000088656193,9.395780676208608e-08
0.00794328234724,0.00794328234724,512,-1.8791561352417107e-07,-1.9678123307796135e-07,3.669656074945515e-07,1.0471787276614455,1.9678123307796135e-07,8.865619553790289e-09,-1.8791561352417107e-07,-4.235164736271502e-22,0.4999998120843865,0.5000000088656196,1.9999998120843865,2.0000000088656193,9.395780676208553e-08
0.01,0.0001,128,-3.0360123989706826e-09,-3.1356197501833995e-09,5.972417446728649e-09,1.032808611468941,3.1356197501833995e-09,9.96073512127169e-11,-3.0360123989706826e-09,0.0,0.4999999969639876,0.5000000000996073,1.9999999969639877,2.0000000000996074,1.5180061994853413e-09
0.01,0.0001,256,-3.0360123989707045e-09,-3.1356197501834177e-09,5.972417446728692e-09,1.0328086114689397,3.1356197501834177e-09,9.960735121271317e-11,-3.0360123989707045e-09,-3.308722450212111e-24,0.4999999969639876,0.5000000000996073,1.9999999969639877,2.0000000000996074,1.5180061994853523e-09
0.01,0.0001,512,-3.036012398970689e-09,-3.135619750183399e-09,5.9724174467286615e-09,1.0328086114689388,3.135619750183399e-09,9.960735121270986e-11,-3.036012398970689e-09,-8.271806125530277e-24,0.4999999969639876,0.5000000000996073,1.9999999969639877,2.0000000000996074,1.5180061994853446e-09
0.01,0.001,128,-3.0261383717603965e-08,-3.132965672249078e-08,5.9454494430321135e-08,1.035301525364994,3.132965672249078e-08,1.0682730048868153e-09,-3.0261383717603965e-08,1.3234889800848443e-23,0.49999996973861627,0.500000001068273,1.9999999697386164,2.000000001068273,1.5130691858801983e-08
0.01,0.001,256,-3.026138371760419e-08,-3.1329656722490966e-08,5.9454494430321566e-08,1.0353015253649924,3.1329656722490966e-08,1.0682730048867756e-09,-3.026138371760419e-08,-3.970466940254533e-23,0.49999996973861627,0.500000001068273,1.9999999697386164,2.000000001068273,1.5130691858802095e-08
0.01,0.001,512,-3.0261383717604025e-08,-3.132965672249078e-08,5.945449443032124e-08,1.035301525364992,3.132965672249078e-08,1.0682730048867558e-09,-3.0261383717604025e-08,-5.293955920339377e-23,0.49999996973861627,0.500000001068273,1.9999999697386164,2.000000001068273,1.5130691858802013e-08
0.01,0.01,128,-2.943278873670312e-07,-3.1071095440277134e-07,5.722727076983223e-07,1.0556626393180004,3.1071095440277134e-07,1.6383067035740132e-08,-2.943278873670312e-07,0.0,0.49999970567211266,0.500000016383067,1.9999997056721126,2.000000016383067,1.471639436835156e-07
0.01,0.01,256,-2.9432788736703343e-07,-3.1071095440277314e-07,5.722727076983268e-07,1.0556626393179986,3.1071095440277314e-07,1.6383067035739708e-08,-2.9432788736703343e-07,-3.1763735522036263e-22,0.49999970567211266,0.500000016383067,1.9999997056721126,2.000000016383067,1.4716394368351672e-07
0.01,0.01,512,-2.943278873670319e-07,-3.1071095440277145e-07,5.722727076983237e-07,1.0556626393179984,3.1071095440277145e-07,1.638306703573955e-08,-2.943278873670319e-07,-5.293955920339377e-22,0.49999970567211266,0.500000016383067,1.9999997056721126,2.000000016383067,1.4716394368351595e-07
0.01,0.1,128,-2.479563615534809e-06,-2.8909858061743705e-06,4.547705040430058e-06,1.1659252410633647,2.8909858061743705e-06,4.1142219063956135e-07,-2.479563615534809e-06,8.470329472543003e-22,0.49999752043638446,0.5000004114221906,1.9999975204363845,2.0000004114221905,1.2397818077674046e-06
0.01,0.1,256,-2.4795636155348282e-06,-2.890985806174387e-06,4.547705040430094e-06,1.1659252410633625,2.890985806174387e-06,4.114221906395588e-07,-2.4795636155348282e-06,-4.235164736271502e-21,0.49999752043638446,0.5000004114221906,1.9999975204363845,2.0000004114221905,1.2397818077674141e-06
0.01,0.1,512,-2.479563615534814e-06,-2.8909858061743693e-06,4.547705040430067e-06,1.165925241063362,2.8909858061743693e-06,4.114221906395554e-07,-2.479563615534814e-06,-5.082197683525802e-21,0.49999752043638446,0.5000004114221906,1.9999975204363845,2.0000004114221905,1.239781807767407e-06
0.01,1.0,128,-1.2640977632614807e-05,-1.8781547241042844e-05,1.91413856568016e-05,1.48576698629581,1.8781547241042844e-05,6.140569608428037e-06,-1.2640977632614807e-05,2.710505431213761e-20,0.4999873590223674,0.5000061405696085,1.9999873590223674,2.0000061405696083,6.3204888163074035e-06
0.01,1.0,256,-1.26409776326149e-05,-1.8781547241042925e-05,1.9141385656801733e-05,1.4857669862958054,1.8781547241042925e-05,6.140569608428025e-06,-1.26409776326149e-05,-4.0657581468206416e-20,0.4999873590223674,0.5000061405696085,1.9999873590223674,2.0000061405696083,6.32048881630745e-06
0.01,1.0,512,-1.2640977632614824e-05,-1.878154724104282e-05,1.914138565680162e-05,1.485766986295806,1.878154724104282e-05,6.1405696084279964e-06,-1.2640977632614824e-05,-2.710505431213761e-20,0.4999873590223674,0.5000061405696085,1.9999873590223674,2.0000061405696083,6.320488816307412e-06
0.01,10.0,128,-2.6500778132282418e-05,-4.9299634507005676e-05,3.020269988984162e-05,1.8603089411533318,4.9299634507005676e-05,2.279885637472326e-05,-2.6500778132282418e-05,5.421010862427522e-20,0.49997349922186773,0.5000227988563747,1.9999734992218676,2.000022798856375,1.3250389066141209e-05
0.01,10.0,256,-2.650077813228257e-05,-4.9299634507005805e-05,3.0202699889841784e-05,1.860308941153326,4.9299634507005805e-05,2.2798856374723235e-05,-2.650077813228257e-05,-1.2197274440461925e-19,0.49997349922186773,0.5000227988563747,1.9999734992218676,2.000022798856375,1.3250389066141285e-05
0.01,10.0,512,-2.650077813228241e-05,-4.929963450700558e-05,3.02026998898416e-05,1.8603089411533287,4.929963450700558e-05,2.279885637472317e-05,-2.650077813228241e-05,-5.421010862427522e-20,0.49997349922186773,0.5000227988563747,1.9999734992218676,2.000022798856375,1.3250389066141206e-05
0.01,100.0,128,-3.081837273579892e-05,-6.126654179543689e-05,3.11885764119599e-05,1.9879875657506434,6.126654179543689e-05,3.044816905963797e-05,-3.081837273579892e-05,2.710505431213761e-20,0.4999691816272642,0.5000304481690596,1.9999691816272642,2.00003044816906,1.540918636789946e-05
0.01,100.0,256,-3.081837273579909e-05,-6.126654179543705e-05,3.1188576411960074e-05,1.9879875657506376,6.126654179543705e-05,3.0448169059637963e-05,-3.081837273579909e-05,-1.3552527156068805e-19,0.4999691816272642,0.5000304481690596,1.9999691816272642,2.00003044816906,1.5409186367899545e-05
0.01,100.0,512,-3.081837273579891e-05,-6.126654179543682e-05,3.118857641195989e-05,1.9879875657506416,6.126654179543682e-05,3.044816905963791e-05,-3.081837273579891e-05,-2.710505431213761e-20,0.4999691816272642,0.5000304481690596,1.9999691816272642,2.00003044816906,1.5409186367899457e-05
0.01,1000.0,128,-3.136814134504547e-05,-6.290056959843259e-05,3.1203854436703864e-05,2.005237381027282,6.290056959843259e-05,3.1532428253387114e-05,-3.136814134504547e-05,2.710505431213761e-20,0.499968631858655,0.5000315324282534,1.999968631858655,2.0000315324282534,1.5684070672522736e-05
0.01,1000.0,256,-3.136814134504565e-05,-6.290056959843276e-05,3.120385443670404e-05,2.0052373810272766,6.290056959843276e-05,3.1532428253387114e-05,-3.136814134504565e-05,-1.3552527156068805e-19,0.499968631858655,0.5000315324282534,1.999968631858655,2.0000315324282534,1.5684070672522824e-05
0.01,1000.0,512,-3.136814134504547e-05,-6.290056959843255e-05,3.1203854436703864e-05,2.0052373810272806,6.290056959843255e-05,3.1532428253387073e-05,-3.136814134504547e-05,-1.3552527156068805e-20,0.499968631858655,0.5000315324282534,1.999968631858655,2.0000315324282534,1.5684070672522736e-05
0.01,10000.0,128,-3.142473491572004e-05,-6.307037557884087e-05,3.120382916831928e-05,2.0070296773542644,6.307037557884087e-05,3.1645640663120834e-05,-3.142473491572004e-05,4.0657581468206416e-20,0.49996857526508426,0.5000316456406632,1.9999685752650842,2.000031645640663,1.571236745786002e-05
0.01,10000.0,256,-3.1424734915720215e-05,-6.307037557884104e-05,3.120382916831945e-05,2.007029677354258,6.307037557884104e-05,3.164564066312082e-05,-3.1424734915720215e-05,-1.6263032587282567e-19,0.49996857526508426,0.5000316456406632,1.9999685752650842,2.000031645640663,1.5712367457860107e-05
0.01,10000.0,512,-3.142473491572003e-05,-6.307037557884079e-05,3.1203829168319264e-05,2.007029677354262,6.307037557884079e-05,3.164564066312076e-05,-3.142473491572003e-05,-5.421010862427522e-20,0.49996857526508426,0.5000316456406632,1.9999685752650842,2.000031645640663,1.5712367457860016e-05
0.0125892541179,0.0125892541179,128,-4.60028852256319e-07,-4.901630883957765e-07,8.899234683731806e-07,1.0655051003685032,4.901630883957765e-07,3.0134236139457496e-08,-4.60028852256319e-07,2.117582368135751e-22,0.49999953997114777,0.5000000301342361,1.9999995399711477,2.000000030134236,2.300144261281595e-07
0.0125892541179,0.0125892541179,256,-4.600288522563225e-07,-4.901630883957793e-07,8.899234683731874e-07,1.0655051003685012,4.901630883957793e-07,3.013423613945686e-08,-4.600288522563225e-07,-8.470329472543003e-22,0.49999953997114777,0.5000000301342361,1.9999995399711477,2.000000030134236,2.3001442612816124e-07
0.0125892541179,0.0125892541179,512,-4.6002885225632e-07,-4.901630883957765e-07,8.899234683731824e-07,1.0655051003685008,4.901630883957765e-07,3.013423613945649e-08,-4.6002885225632e-07,-8.470329472543003e-22,0.49999953997114777,0.5000000301342361,1.9999995399711477,2.000000030134236,2.3001442612816e-07
0.0158489319246,0.0158489319246,128,-7.172641857007495e-07,-7.724113963323124e-07,1.3793811607699364e-06,1.0768854931432068,7.724113963323124e-07,5.514721063156286e-08,-7.172641857007495e-07,0.0,0.4999992827358143,0.5000000551472107,1.9999992827358144,2.000000055147211,3.5863209285037475e-07
0.0158489319246,0.0158489319246,256,-7.172641857007548e-07,-7.724113963323166e-07,1.3793811607699467e-06,1.0768854931432048,7.724113963323166e-07,5.51472106315618e-08,-7.172641857007548e-07,-8.470329472543003e-22,0.4999992827358143,0.5000000551472107,1.9999992827358144,2.000000055147211,3.586320928503774e-07
0.0158489319246,0.0158489319246,512,-7.172641857007507e-07,-7.724113963323119e-07,1.379381160769939e-06,1.0768854931432046,7.724113963323119e-07,5.514721063156127e-08,-7.172641857007507e-07,-1.2705494208814505e-21,0.4999992827358143,0.5000000551472107,1.9999992827358144,2.000000055147211,3.5863209285037533e-07
0.0199526231497,0.0199526231497,128,-1.1151934747237208e-06,-1.2155597574473423e-06,2.1300206667238207e-06,1.089998986721552,1.2155597574473423e-06,1.0036628272362152e-07,-1.1151934747237208e-06,8.470329472543003e-22,0.49999888480652527,0.5000001003662827,1.9999988848065253,2.000000100366283,5.575967373618604e-07
0.0199526231497,0.0199526231497,256,-1.1151934747237297e-06,-1.21555975744735e-06,2.1300206667238377e-06,1.08999898672155,1.21555975744735e-06,1.0036628272362025e-07,-1.1151934747237297e-06,-1.2705494208814505e-21,0.49999888480652527,0.5000001003662827,1.9999988848065253,2.000000100366283,5.575967373618648e-07
0.0199526231497,0.0199526231497,512,-1.1151934747237236e-06,-1.2155597574473427e-06,2.1300206667238262e-06,1.0899989867215496,1.2155597574473427e-06,1.0036628272361919e-07,-1.1151934747237236e-06,-1.6940658945086007e-21,0.49999888480652527,0.5000001003662827,1.9999988848065253,2.000000100366283,5.575967373618618e-07
0.0251188643151,0.0251188643151,128,-1.7282818430093654e-06,-1.909848976570115e-06,3.274996552457981e-06,1.1050564375799936,1.909848976570115e-06,1.8156713356074977e-07,-1.7282818430093654e-06,0.0,0.499998271718157,0.5000001815671336,1.999998271718157,2.0000001815671338,8.641409215046827e-07
0.0251188643151,0.0251188643151,256,-1.7282818430093776e-06,-1.9098489765701253e-06,3.274996552458006e-06,1.1050564375799916,1.9098489765701253e-06,1.8156713356074765e-07,-1.7282818430093776e-06,-8.470329472543003e-22,0.499998271718157,0.5000001815671336,1.999998271718157,2.0000001815671338,8.641409215046888e-07
0.0251188643151,0.0251188643151,512,-1.7282818430093681e-06,-1.9098489765701143e-06,3.2749965524579875e-06,1.1050564375799914,1.9098489765701143e-06,1.8156713356074617e-07,-1.7282818430093681e-06,-3.3881317890172014e-21,0.499998271718157,0.5000001815671336,1.999998271718157,2.0000001815671338,8.641409215046841e-07
0.0316227766017,0.0316227766017,128,-2.66849634519276e-06,-2.9948106572440977e-06,5.0106783783341844e-06,1.1222839643903526,2.9948106572440977e-06,3.263143120513378e-07,-2.66849634519276e-06,1.6940658945086007e-21,0.49999733150365483,0.500000326314312,1.9999973315036548,2.000000326314312,1.33424817259638e-06
0.0316227766017,0.0316227766017,256,-2.66849634519278e-06,-2.994810657244114e-06,5.010678378334223e-06,1.1222839643903504,2.994810657244114e-06,3.26314312051334e-07,-2.66849634519278e-06,-3.3881317890172014e-21,0.49999733150365483,0.500000326314312,1.9999973315036548,2.000000326314312,1.33424817259639e-06
0.0316227766017,0.0316227766017,512,-2.6684963451927654e-06,-2.9948106572440955e-06,5.010678378334194e-06,1.1222839643903495,2.9948106572440955e-06,3.263143120513302e-07,-2.6684963451927654e-06,-6.776263578034403e-21,0.49999733150365483,0.500000326314312,1.9999973315036548,2.000000326314312,1.3342481725963827e-06
0.0398107170553,0.0398107170553,128,-4.10277248805331e-06,-4.685046688314726e-06,7.623270775845204e-06,1.1419221275264266,4.685046688314726e-06,5.822742002614163e-07,-4.10277248805331e-06,1.6940658945086007e-21,0.4999958972275119,0.5000005822742003,1.999995897227512,2.0000005822742004,2.051386244026655e-06
0.0398107170553,0.0398107170553,256,-4.102772488053342e-06,-4.685046688314753e-06,7.623270775845265e-06,1.1419221275264242,4.685046688314753e-06,5.822742002614112e-07,-4.102772488053342e-06,-8.470329472543003e-21,0.4999958972275119,0.5000005822742003,1.999995897227512,2.0000005822742004,2.051386244026671e-06
0.0398107170553,0.0398107170553,512,-4.102772488053318e-06,-4.685046688314726e-06,7.623270775845222e-06,1.1419221275264242,4.685046688314726e-06,5.822742002614078e-07,-4.102772488053318e-06,-6.776263578034403e-21,0.4999958972275119,0.5000005822742003,1.999995897227512,2.0000005822742004,2.051386244026659e-06
0.0501187233627,0.0501187233627,128,-6.277596368583454e-06,-7.308532251496725e-06,1.1524256854253638e-05,1.164224620759729,7.308532251496725e-06,1.030935882913271e-06,-6.277596368583454e-06,0.0,0.49999372240363144,0.5000010309358829,1.9999937224036315,2.000001030935883,3.138798184291727e-06
0.0501187233627,0.0501187233627,256,-6.277596368583499e-06,-7.308532251496763e-06,1.1524256854253722e-05,1.1642246207597269,7.308532251496763e-06,1.0309358829132642e-06,-6.277596368583499e-06,-1.3552527156068805e-20,0.49999372240363144,0.5000010309358829,1.9999937224036315,2.000001030935883,3.1387981842917496e-06
0.0501187233627,0.0501187233627,512,-6.277596368583462e-06,-7.308532251496721e-06,1.1524256854253656e-05,1.164224620759727,7.308532251496721e-06,1.0309358829132592e-06,-6.277596368583462e-06,-1.0164395367051604e-20,0.49999372240363144,0.5000010309358829,1.9999937224036315,2.000001030935883,3.138798184291731e-06
0.063095734448,0.063095734448,128,-9.552892243053253e-06,-1.136274831332729e-05,1.7295928415832473e-05,1.189456347274318,1.136274831332729e-05,1.8098560702740367e-06,-9.552892243053253e-06,3.3881317890172014e-21,0.4999904471077569,0.5000018098560702,1.999990447107757,2.0000018098560703,4.776446121526626e-06
0.063095734448,0.063095734448,256,-9.552892243053324e-06,-1.136274831332735e-05,1.7295928415832606e-05,1.1894563472743156,1.136274831332735e-05,1.8098560702740265e-06,-9.552892243053324e-06,-1.3552527156068805e-20,0.4999904471077569,0.5000018098560702,1.999990447107757,2.0000018098560703,4.776446121526662e-06
0.063095734448,0.063095734448,512,-9.55289224305327e-06,-1.1362748313327284e-05,1.7295928415832507e-05,1.1894563472743154,1.1362748313327284e-05,1.8098560702740146e-06,-9.55289224305327e-06,-1.3552527156068805e-20,0.4999904471077569,0.5000018098560702,1.999990447107757,2.0000018098560703,4.776446121526635e-06
0.0794328234724,0.0794328234724,128,-1.4447588721192773e-05,-1.7595583959737906e-05,2.5747182203840417e-05,1.2178907012993403,1.7595583959737906e-05,3.1479952385451327e-06,-1.4447588721192773e-05,0.0,0.4999855524112788,0.5000031479952386,1.9999855524112788,2.0000031479952387,7.223794360596387e-06
0.0794328234724,0.0794328234724,256,-1.444758872119288e-05,-1.7595583959738e-05,2.5747182203840607e-05,1.2178907012993379,1.7595583959738e-05,3.147995238545121e-06,-1.444758872119288e-05,-3.3881317890172014e-20,0.4999855524112788,0.5000031479952386,1.9999855524112788,2.0000031479952387,7.22379436059644e-06
0.0794328234724,0.0794328234724,512,-1.4447588721192799e-05,-1.7595583959737903e-05,2.5747182203840455e-05,1.2178907012993379,1.7595583959737903e-05,3.147995238545104e-06,-1.4447588721192799e-05,-3.3881317890172014e-20,0.4999855524112788,0.5000031479952386,1.9999855524112788,2.0000031479952387,7.223794360596399e-06
0.1,0.0001,128,-2.527867346468987e-08,-2.9132199251426616e-08,4.670382114264301e-08,1.1524417723944052,2.9132199251426616e-08,3.853525786736745e-09,-2.527867346468987e-08,1.3234889800848443e-23,0.4999999747213265,0.5000000038535258,1.9999999747213266,2.000000003853526,1.2639336732344935e-08
0.1,0.0001,256,-2.5278673464690053e-08,-2.9132199251426765e-08,4.670382114264336e-08,1.152441772394403,2.9132199251426765e-08,3.853525786736712e-09,-2.5278673464690053e-08,-2.6469779601696886e-23,0.4999999747213265,0.5000000038535258,1.9999999747213266,2.000000003853526,1.2639336732345026e-08
0.1,0.0001,512,-2.5278673464689914e-08,-2.91321992514266e-08,4.670382114264309e-08,1.1524417723944027,2.91321992514266e-08,3.853525786736685e-09,-2.5278673464689914e-08,-5.293955920339377e-23,0.4999999747213265,0.5000000038535258,1.9999999747213266,2.000000003853526,1.2639336732344957e-08
0.1,0.001,128,-2.523187270081277e-07,-2.91117324931459e-07,4.6583885609292436e-07,1.153768205726884,2.91117324931459e-07,3.879859792333129e-08,-2.523187270081277e-07,2.117582368135751e-22,0.499999747681273,0.5000000387985979,1.999999747681273,2.000000038798598,1.2615936350406386e-07
0.1,0.001,256,-2.5231872700812957e-07,-2.9111732493146054e-07,4.658388560929278e-07,1.1537682057268817,2.9111732493146054e-07,3.879859792333097e-08,-2.5231872700812957e-07,-4.235164736271502e-22,0.499999747681273,0.5000000387985979,1.999999747681273,2.000000038798598,1.2615936350406479e-07
0.1,0.001,512,-2.523187270081281e-07,-2.9111732493145874e-07,4.6583885609292505e-07,1.1537682057268814,2.9111732493145874e-07,3.8798597923330654e-08,-2.523187270081281e-07,-4.235164736271502e-22,0.499999747681273,0.5000000387985979,1.999999747681273,2.000000038798598,1.2615936350406404e-07
0.1,0.01,128,-2.479563615534809e-06,-2.8909858061743705e-06,4.547705040430058e-06,1.1659252410633647,2.8909858061743705e-06,4.1142219063956135e-07,-2.479563615534809e-06,8.470329472543003e-22,0.49999752043638446,0.5000004114221906,1.9999975204363845,2.0000004114221905,1.2397818077674046e-06
0.1,0.01,256,-2.479563615534828e-06,-2.8909858061743866e-06,4.547705040430093e-06,1.1659252410633625,2.8909858061743866e-06,4.114221906395588e-07,-2.479563615534828e-06,-4.235164736271502e-21,0.49999752043638446,0.5000004114221906,1.9999975204363845,2.0000004114221905,1.239781807767414e-06
0.1,0.01,512,-2.4795636155348134e-06,-2.8909858061743684e-06,4.547705040430067e-06,1.1659252410633618,2.8909858061743684e-06,4.11422190639555e-07,-2.4795636155348134e-06,-5.082197683525802e-21,0.49999752043638446,0.5000004114221906,1.9999975204363845,2.0000004114221905,1.2397818077674067e-06
0.1,0.1,128,-2.16990496405219e-05,-2.711959827715341e-05,3.7977550644412316e-05,1.2498058083847554,2.711959827715341e-05,5.4205486366315095e-06,-2.16990496405219e-05,2.710505431213761e-20,0.4999783009503595,0.5000054205486366,1.9999783009503596,2.0000054205486366,1.084952482026095e-05
0.1,0.1,256,-2.169904964052207e-05,-2.7119598277153563e-05,3.79775506444126e-05,1.2498058083847527,2.7119598277153563e-05,5.4205486366314926e-06,-2.169904964052207e-05,-4.0657581468206416e-20,0.4999783009503595,0.5000054205486366,1.9999783009503596,2.0000054205486366,1.0849524820261035e-05
0.1,0.1,512,-2.169904964052194e-05,-2.7119598277153393e-05,3.7977550644412384e-05,1.2498058083847523,2.7119598277153393e-05,5.420548636631452e-06,-2.169904964052194e-05,-5.421010862427522e-20,0.4999783009503595,0.5000054205486366,1.9999783009503596,2.0000054205486366,1.084952482026097e-05
0.1,1.0,128,-0.00011605642868476779,-0.00017934480656468487,0.00016882447948961873,1.5453241892512548,0.00017934480656468487,6.328837787991708e-05,-0.00011605642868476779,2.168404344971009e-19,0.4998839435713152,0.5000632883778799,1.9998839435713152,2.0000632883778797,5.8028214342383897e-05
0.1,1.0,256,-0.00011605642868476863,-0.00017934480656468566,0.00016882447948961984,1.5453241892512504,0.00017934480656468566,6.328837787991702e-05,-0.00011605642868476863,-3.7947076036992655e-19,0.4998839435713152,0.5000632883778799,1.9998839435713152,2.0000632883778797,5.802821434238432e-05
0.1,1.0,512,-0.0001160564286847679,-0.00017934480656468463,0.00016882447948961878,1.5453241892512513,0.00017934480656468463,6.328837787991672e-05,-0.0001160564286847679,-2.710505431213761e-19,0.4998839435713152,0.5000632883778799,1.9998839435713152,2.0000632883778797,5.802821434238395e-05
0.1,10.0,128,-0.00024853279160763484,-0.0004758200387147335,0.0002697783361081714,1.9145161314001693,0.0004758200387147335,0.00022728724710709868,-0.00024853279160763484,3.2526065174565133e-19,0.49975146720839236,0.5002272872471071,1.9997514672083925,2.000227287247107,0.00012426639580381742
0.1,10.0,256,-0.00024853279160763625,-0.00047582003871473477,0.0002697783361081728,1.9145161314001635,0.00047582003871473477,0.00022728724710709852,-0.00024853279160763625,-1.0842021724855044e-18,0.49975146720839236,0.5002272872471071,1.9997514672083925,2.000227287247107,0.00012426639580381813
0.1,10.0,512,-0.00024853279160763473,-0.00047582003871473265,0.0002697783361081711,1.9145161314001666,0.00047582003871473265,0.00022728724710709792,-0.00024853279160763473,-4.336808689942018e-19,0.49975146720839236,0.5002272872471071,1.9997514672083925,2.000227287247107,0.00012426639580381737
0.1,100.0,128,-0.00029021463176235387,-0.0005926909725925876,0.00027795292269447436,2.042250485419772,0.0005926909725925876,0.00030247634083023376,-0.00029021463176235387,3.2526065174565133e-19,0.4997097853682376,0.5003024763408302,1.9997097853682377,2.0003024763408304,0.00014510731588117693
0.1,100.0,256,-0.0002902146317623555,-0.000592690972592589,0.0002779529226944758,2.0422504854197654,0.000592690972592589,0.00030247634083023354,-0.0002902146317623555,-1.5178830414797062e-18,0.4997097853682376,0.5003024763408302,1.9997097853682377,2.0003024763408304,0.00014510731588117775
0.1,100.0,512,-0.00029021463176235376,-0.0005926909725925868,0.0002779529226944742,2.04225048541977,0.0005926909725925868,0.000302476340830233,-0.00029021463176235376,-2.168404344971009e-19,0.4997097853682376,0.5003024763408302,1.9997097853682377,2.0003024763408304,0.00014510731588117688
0.1,1000.0,128,-0.00029553321392194266,-0.0006086688331178162,0.00027793080864801223,2.0595615126988065,0.0006086688331178162,0.00031313561919587353,-0.00029553321392194266,4.336808689942018e-19,0.49970446678607805,0.5003131356191959,1.9997044667860782,2.0003131356191957,0.00014776660696097133
0.1,1000.0,256,-0.0002955332139219443,-0.0006086688331178176,0.00027793080864801375,2.0595615126988,0.0006086688331178176,0.0003131356191958733,-0.0002955332139219443,-1.5178830414797062e-18,0.49970446678607805,0.5003131356191959,1.9997044667860782,2.0003131356191957,0.00014776660696097215
0.1,1000.0,512,-0.0002955332139219426,-0.0006086688331178153,0.00027793080864801207,2.059561512698804,0.0006086688331178153,0.0003131356191958727,-0.0002955332139219426,-4.336808689942018e-19,0.49970446678607805,0.5003131356191959,1.9997044667860782,2.0003131356191957,0.0001477666069609713
0.1,10000.0,128,-0.00029608085331370116,-0.0006103294945417219,0.0002779130653993819,2.0613609009531952,0.0006103294945417219,0.0003142486412280207,-0.00029608085331370116,2.168404344971009e-19,0.4997039191466863,0.500314248641228,1.9997039191466863,2.000314248641228,0.00014804042665685058
0.1,10000.0,256,-0.0002960808533137028,-0.0006103294945417233,0.00027791306539938336,2.0613609009531886,0.0006103294945417233,0.0003142486412280205,-0.0002960808533137028,-1.734723475976807e-18,0.49970391914668627,0.500314248641228,1.9997039191466863,2.000314248641228,0.0001480404266568514
0.1,10000.0,512,-0.00029608085331370095,-0.0006103294945417209,0.0002779130653993817,2.0613609009531935,0.0006103294945417209,0.00031424864122801995,-0.00029608085331370095,-2.168404344971009e-19,0.4997039191466863,0.500314248641228,1.9997039191466863,2.000314248641228,0.00014804042665685047
0.125892541179,0.125892541179,128,-3.2337684383865455e-05,-4.156942688975106e-05,5.544362626184535e-05,1.2854793929058101,4.156942688975106e-05,9.231742505885606e-06,-3.2337684383865455e-05,5.421010862427522e-20,0.4999676623156161,0.5000092317425059,1.9999676623156162,2.000009231742506,1.6168842191932728e-05
0.125892541179,0.125892541179,256,-3.233768438386571e-05,-4.156942688975129e-05,5.544362626184579e-05,1.285479392905807,4.156942688975129e-05,9.23174250588558e-06,-3.233768438386571e-05,-5.421010862427522e-20,0.4999676623156161,0.5000092317425059,1.9999676623156162,2.000009231742506,1.6168842191932856e-05
0.125892541179,0.125892541179,512,-3.2337684383865516e-05,-4.1569426889751035e-05,5.544362626184545e-05,1.2854793929058068,4.1569426889751035e-05,9.231742505885518e-06,-3.2337684383865516e-05,-6.776263578034403e-20,0.4999676623156161,0.5000092317425059,1.9999676623156162,2.000009231742506,1.6168842191932758e-05
0.158489319246,0.158489319246,128,-4.777608085631938e-05,-6.331199512151434e-05,8.001624744744386e-05,1.3251818480447841,6.331199512151434e-05,1.5535914265194963e-05,-4.777608085631938e-05,8.131516293641283e-20,0.4999522239191437,0.5000155359142652,1.9999522239191436,2.0000155359142653,2.388804042815969e-05
0.158489319246,0.158489319246,256,-4.7776080856319745e-05,-6.331199512151468e-05,8.001624744744445e-05,1.325181848044781,6.331199512151468e-05,1.5535914265194936e-05,-4.7776080856319745e-05,-1.0842021724855044e-19,0.4999522239191437,0.5000155359142652,1.9999522239191436,2.0000155359142653,2.3888040428159873e-05
0.158489319246,0.158489319246,512,-4.777608085631947e-05,-6.331199512151432e-05,8.001624744744399e-05,1.325181848044781,6.331199512151432e-05,1.5535914265194848e-05,-4.777608085631947e-05,-8.131516293641283e-20,0.4999522239191437,0.5000155359142652,1.9999522239191436,2.0000155359142653,2.3888040428159734e-05
0.199526231497,0.199526231497,128,-6.99084640631171e-05,-9.571636190378403e-05,0.00011400903028556737,1.3691669983961625,9.571636190378403e-05,2.580789784066693e-05,-6.99084640631171e-05,1.0842021724855044e-19,0.49993009153593687,0.5000258078978407,1.9999300915359368,2.0000258078978406,3.495423203155855e-05
0.199526231497,0.199526231497,256,-6.990846406311763e-05,-9.571636190378449e-05,0.00011400903028556823,1.3691669983961587,9.571636190378449e-05,2.5807897840666864e-05,-6.990846406311763e-05,-1.6263032587282567e-19,0.49993009153593687,0.5000258078978407,1.9999300915359368,2.0000258078978406,3.4954232031558814e-05
0.199526231497,0.199526231497,512,-6.990846406311722e-05,-9.571636190378395e-05,0.00011400903028556752,1.369166998396159,9.571636190378395e-05,2.5807897840666728e-05,-6.990846406311722e-05,-1.6263032587282567e-19,0.49993009153593687,0.5000258078978407,1.9999300915359368,2.0000258078978406,3.495423203155861e-05
0.251188643151,0.251188643151,128,-0.00010121078915114471,-0.00014348248733612177,0.00016014988011731258,1.417659999882522,0.00014348248733612177,4.227169818497705e-05,-0.00010121078915114471,2.168404344971009e-19,0.49989878921084885,0.5000422716981849,1.9998987892108488,2.000042271698185,5.060539457557236e-05
0.251188643151,0.251188643151,256,-0.00010121078915114547,-0.00014348248733612247,0.0001601498801173137,1.4176599998825183,0.00014348248733612247,4.2271698184977e-05,-0.00010121078915114547,-2.710505431213761e-19,0.49989878921084885,0.5000422716981849,1.9998987892108488,2.000042271698185,5.060539457557274e-05
0.251188643151,0.251188643151,512,-0.00010121078915114485,-0.00014348248733612163,0.00016014988011731272,1.4176599998825188,0.00014348248733612163,4.227169818497678e-05,-0.00010121078915114485,-2.168404344971009e-19,0.49989878921084885,0.5000422716981849,1.9998987892108488,2.000042271698185,5.0605394575572425e-05
0.316227766017,0.316227766017,128,-0.00014482428571910869,-0.00021301362244411566,0.00022145923471321064,1.4708418645838335,0.00021301362244411566,6.818933672500697e-05,-0.00014482428571910869,2.710505431213761e-19,0.4998551757142809,0.500068189336725,1.9998551757142808,2.000068189336725,7.241214285955434e-05
0.316227766017,0.316227766017,256,-0.00014482428571910974,-0.00021301362244411658,0.00022145923471321219,1.470841864583829,0.00021301362244411658,6.818933672500684e-05,-0.00014482428571910974,-4.87890977618477e-19,0.4998551757142809,0.500068189336725,1.9998551757142808,2.000068189336725,7.241214285955487e-05
0.316227766017,0.316227766017,512,-0.00014482428571910882,-0.00021301362244411536,0.00022145923471321078,1.47084186458383,0.00021301362244411536,6.818933672500654e-05,-0.00014482428571910882,-3.2526065174565133e-19,0.4998551757142809,0.500068189336725,1.9998551757142808,2.000068189336725,7.241214285955441e-05
0.398107170553,0.398107170553,128,-0.00020459646422973097,-0.00031279327275926625,0.00030099611992992714,1.5288302949754136,0.00031279327275926625,0.00010819680852953528,-0.00020459646422973097,5.421010862427522e-19,0.4997954035357703,0.5001081968085296,1.9997954035357703,2.0001081968085295,0.00010229823211486548
0.398107170553,0.398107170553,256,-0.00020459646422973246,-0.00031279327275926766,0.00030099611992992926,1.5288302949754093,0.00031279327275926766,0.0001081968085295352,-0.00020459646422973246,-4.336808689942018e-19,0.4997954035357703,0.5001081968085296,1.9997954035357703,2.0001081968085295,0.00010229823211486623
0.398107170553,0.398107170553,512,-0.00020459646422973124,-0.00031279327275926576,0.0003009961199299273,1.5288302949754091,0.00031279327275926576,0.00010819680852953452,-0.00020459646422973124,-6.505213034913027e-19,0.4997954035357703,0.5001081968085296,1.9997954035357703,2.0001081968085295,0.00010229823211486562
0.501187233627,0.501187233627,128,-0.0002850453356018773,-0.00045369438529311917,0.0004014416215125132,1.5916569353262247,0.00045369438529311917,0.0001686490496912419,-0.0002850453356018773,5.421010862427522e-19,0.49971495466439814,0.5001686490496913,1.9997149546643982,2.0001686490496913,0.00014252266780093864
0.501187233627,0.501187233627,256,-0.0002850453356018793,-0.00045369438529312123,0.0004014416215125158,1.5916569353262207,0.00045369438529312123,0.00016864904969124194,-0.0002850453356018793,-8.673617379884035e-19,0.49971495466439814,0.5001686490496913,1.9997149546643982,2.0001686490496913,0.00014252266780093964
0.501187233627,0.501187233627,512,-0.00028504533560187755,-0.00045369438529311847,0.0004014416215125132,1.5916569353262207,0.00045369438529311847,0.0001686490496912409,-0.00028504533560187755,-1.0842021724855044e-18,0.49971495466439814,0.5001686490496913,1.9997149546643982,2.0001686490496913,0.00014252266780093878
0.63095734448,0.63095734448,128,-0.0003912082223550425,-0.0006491090557662393,0.0005245156112988889,1.6592418529923891,0.0006491090557662393,0.0002579008334111968,-0.0003912082223550425,6.505213034913027e-19,0.49960879177764494,0.5002579008334112,1.999608791777645,2.0002579008334114,0.00019560411117752126
0.63095734448,0.63095734448,256,-0.00039120822235504517,-0.000649109055766242,0.0005245156112988921,1.6592418529923847,0.000649109055766242,0.00025790083341119686,-0.00039120822235504517,-1.5178830414797062e-18,0.49960879177764494,0.5002579008334112,1.999608791777645,2.0002579008334114,0.00019560411117752258
0.63095734448,0.63095734448,512,-0.00039120822235504273,-0.0006491090557662385,0.0005245156112988888,1.659241852992386,0.0006491090557662385,0.0002579008334111957,-0.00039120822235504273,-8.673617379884035e-19,0.49960879177764494,0.5002579008334112,1.999608791777645,2.0002579008334114,0.00019560411117752136
0.794328234724,0.794328234724,128,-0.0005283406719097513,-0.0009147516289113023,0.0006702703868179531,1.7313670469563165,0.0009147516289113023,0.00038641095700155093,-0.0005283406719097513,1.3010426069826053e-18,0.49947165932809023,0.5003864109570015,1.9994716593280903,2.0003864109570015,0.00026417033595487567
0.794328234724,0.794328234724,256,-0.0005283406719097549,-0.0009147516289113058,0.000670270386817957,1.7313670469563116,0.0009147516289113058,0.00038641095700155093,-0.0005283406719097549,-1.951563910473908e-18,0.49947165932809023,0.5003864109570015,1.9994716593280903,2.0003864109570015,0.00026417033595487746
0.794328234724,0.794328234724,512,-0.0005283406719097516,-0.0009147516289113005,0.0006702703868179526,1.7313670469563125,0.0009147516289113005,0.000386410957001549,-0.0005283406719097516,-1.5178830414797062e-18,0.49947165932809023,0.5003864109570015,1.9994716593280903,2.0003864109570015,0.0002641703359548758
1.0,0.0001,128,-1.2779352807426832e-07,-1.8881056854621418e-07,1.9457001567659105e-07,1.477465810604159,1.8881056854621418e-07,6.101704047194586e-08,-1.2779352807426832e-07,2.6469779601696886e-22,0.4999998722064719,0.5000000610170404,1.999999872206472,2.0000000610170403,6.389676403713416e-08
1.0,0.0001,256,-1.2779352807426922e-07,-1.8881056854621497e-07,1.945700156765923e-07,1.4774658106041547,1.8881056854621497e-07,6.101704047194575e-08,-1.2779352807426922e-07,-4.235164736271502e-22,0.4999998722064719,0.5000000610170404,1.999999872206472,2.0000000610170403,6.389676403713461e-08
1.0,0.0001,512,-1.2779352807426845e-07,-1.8881056854621386e-07,1.9457001567659115e-07,1.477465810604155,1.8881056854621386e-07,6.10170404719454e-08,-1.2779352807426845e-07,-3.1763735522036263e-22,0.4999998722064719,0.5000000610170404,1.999999872206472,2.0000000610170403,6.389676403713423e-08
1.0,0.001,128,-1.2766384730425519e-06,-1.887195436631623e-06,1.9427199824960347e-06,1.478253614066604,1.887195436631623e-06,6.105569635890712e-07,-1.2766384730425519e-06,2.541098841762901e-21,0.49999872336152695,0.5000006105569635,1.999998723361527,2.0000006105569637,6.383192365212759e-07
1.0,0.001,256,-1.2766384730425608e-06,-1.8871954366316313e-06,1.9427199824960474e-06,1.4782536140666,1.8871954366316313e-06,6.105569635890705e-07,-1.2766384730425608e-06,-3.3881317890172014e-21,0.49999872336152695,0.5000006105569635,1.999998723361527,2.0000006105569637,6.383192365212804e-07
1.0,0.001,512,-1.276638473042553e-06,-1.8871954366316203e-06,1.9427199824960355e-06,1.4782536140666005,1.8871954366316203e-06,6.105569635890673e-07,-1.276638473042553e-06,-2.541098841762901e-21,0.49999872336152695,0.5000006105569635,1.999998723361527,2.0000006105569637,6.383192365212765e-07
1.0,0.01,128,-1.2640977632614807e-05,-1.8781547241042844e-05,1.9141385656801604e-05,1.48576698629581,1.8781547241042844e-05,6.140569608428037e-06,-1.2640977632614807e-05,2.710505431213761e-20,0.4999873590223674,0.5000061405696085,1.9999873590223674,2.0000061405696083,6.3204888163074035e-06
1.0,0.01,256,-1.2640977632614897e-05,-1.8781547241042925e-05,1.914138565680173e-05,1.4857669862958058,1.8781547241042925e-05,6.140569608428029e-06,-1.2640977632614897e-05,-3.3881317890172014e-20,0.4999873590223674,0.5000061405696085,1.9999873590223674,2.0000061405696083,6.320488816307448e-06
1.0,0.01,512,-1.264097763261482e-05,-1.8781547241042817e-05,1.9141385656801614e-05,1.4857669862958063,1.8781547241042817e-05,6.1405696084279964e-06,-1.264097763261482e-05,-2.710505431213761e-20,0.4999873590223674,0.5000061405696085,1.9999873590223674,2.0000061405696083,6.32048881630741e-06
1.0,0.1,128,-0.00011605642868476779,-0.00017934480656468487,0.00016882447948961873,1.5453241892512548,0.00017934480656468487,6.328837787991708e-05,-0.00011605642868476779,2.168404344971009e-19,0.4998839435713152,0.5000632883778799,1.9998839435713152,2.0000632883778797,5.8028214342383897e-05
1.0,0.1,256,-0.00011605642868476863,-0.00017934480656468566,0.00016882447948961987,1.5453241892512504,0.00017934480656468566,6.328837787991702e-05,-0.00011605642868476863,-3.7947076036992655e-19,0.4998839435713152,0.5000632883778799,1.9998839435713152,2.0000632883778797,5.802821434238432e-05
1.0,0.1,512,-0.00011605642868476787,-0.0001793448065646846,0.00016882447948961878,1.5453241892512515,0.0001793448065646846,6.328837787991672e-05,-0.00011605642868476787,-2.710505431213761e-19,0.4998839435713152,0.5000632883778799,1.9998839435713152,2.0000632883778797,5.802821434238394e-05
1.0,1.0,128,-0.0007014483623612938,-0.0012679744902811098,0.0008363705968027727,1.807651936077964,0.0012679744902811098,0.000566526127919816,-0.0007014483623612938,8.673617379884035e-19,0.4992985516376387,0.5005665261279199,1.9992985516376387,2.00056652612792,0.0003507241811806469
1.0,1.0,256,-0.0007014483623612984,-0.0012679744902811148,0.0008363705968027778,1.8076519360779588,0.0012679744902811148,0.0005665261279198164,-0.0007014483623612984,-2.6020852139652106e-18,0.4992985516376387,0.5005665261279199,1.9992985516376387,2.00056652612792,0.0003507241811806492
1.0,1.0,512,-0.0007014483623612939,-0.0012679744902811079,0.0008363705968027719,1.8076519360779608,0.0012679744902811079,0.000566526127919814,-0.0007014483623612939,-1.734723475976807e-18,0.4992985516376387,0.5005665261279199,1.9992985516376387,2.00056652612792,0.00035072418118064694
1.0,10.0,128,-0.0016387101472365862,-0.0035738595316074677,0.0013422709101022924,2.1808979078052277,0.0035738595316074677,0.0019351493843708814,-0.0016387101472365862,1.734723475976807e-18,0.4983612898527634,0.5019351493843709,1.9983612898527634,2.0019351493843707,0.0008193550736182931
1.0,10.0,256,-0.001638710147236595,-0.0035738595316074763,0.001342270910102298,2.1808979078052215,0.0035738595316074763,0.0019351493843708814,-0.001638710147236595,-1.0408340855860843e-17,0.4983612898527634,0.5019351493843709,1.9983612898527634,2.0019351493843707,0.0008193550736182975
1.0,10.0,512,-0.0016387101472365847,-0.003573859531607463,0.0013422709101022904,2.180897907805227,0.003573859531607463,0.0019351493843708782,-0.0016387101472365847,-8.673617379884035e-19,0.4983612898527634,0.5019351493843709,1.9983612898527634,2.0019351493843707,0.0008193550736182924
1.0,100.0,128,-0.0019521111676081783,-0.004520197676636154,0.001336135826188381,2.3155431676437366,0.004520197676636154,0.002568086509027976,-0.0019521111676081783,8.673617379884035e-19,0.4980478888323918,0.502568086509028,1.9980478888323918,2.002568086509028,0.0009760555838040891
1.0,100.0,256,-0.0019521111676081874,-0.004520197676636163,0.0013361358261883864,2.3155431676437304,0.004520197676636163,0.002568086509027976,-0.0019521111676081874,-1.3010426069826053e-17,0.4980478888323918,0.502568086509028,1.9980478888323918,2.002568086509028,0.0009760555838040937
1.0,100.0,512,-0.0019521111676081766,-0.004520197676636149,0.001336135826188379,2.315543167643736,0.004520197676636149,0.0025680865090279724,-0.0019521111676081766,-8.673617379884035e-19,0.4980478888323918,0.502568086509028,1.9980478888323918,2.002568086509028,0.0009760555838040883
1.0,1000.0,128,-0.0019926783649626104,-0.004650900465404358,0.0013271346294834736,2.3339945608791837,0.004650900465404358,0.0026582221004417474,-0.0019926783649626104,0.0,0.4980073216350374,0.5026582221004418,1.9980073216350374,2.002658222100442,0.0009963391824813052
1.0,1000.0,256,-0.00199267836496262,-0.004650900465404367,0.001327134629483479,2.3339945608791774,0.004650900465404367,0.0026582221004417474,-0.00199267836496262,-1.3010426069826053e-17,0.49800732163503736,0.5026582221004418,1.9980073216350374,2.002658222100442,0.00099633918248131
1.0,1000.0,512,-0.001992678364962608,-0.004650900465404353,0.0013271346294834716,2.333994560879184,0.004650900465404353,0.002658222100441745,-0.001992678364962608,0.0,0.4980073216350374,0.5026582221004418,1.9980073216350374,2.002658222100442,0.000996339182481304
1.0,10000.0,128,-0.0019968629815370425,-0.0046645032198469405,0.0013260857247641886,2.335915514972659,0.0046645032198469405,0.002667640238309898,-0.0019968629815370425,1.734723475976807e-18,0.49800313701846294,0.5026676402383099,1.998003137018463,2.0026676402383097,0.0009984314907685212
1.0,10000.0,256,-0.0019968629815370524,-0.004664503219846949,0.0013260857247641936,2.335915514972652,0.004664503219846949,0.0026676402383098968,-0.0019968629815370524,-1.474514954580286e-17,0.49800313701846294,0.5026676402383099,1.998003137018463,2.0026676402383097,0.0009984314907685262
1.0,10000.0,512,-0.0019968629815370403,-0.0046645032198469345,0.001326085724764186,2.3359155149726587,0.0046645032198469345,0.002667640238309894,-0.0019968629815370403,-8.673617379884035e-19,0.49800313701846294,0.5026676402383099,1.998003137018463,2.0026676402383097,0.0009984314907685202
1.25892541179,1.25892541179,128,-0.0009146680532618883,-0.0017264678309246923,0.001017536328860974,1.8875348546040986,0.0017264678309246923,0.000811799777662804,-0.0009146680532618883,1.3010426069826053e-18,0.4990853319467381,0.5008117997776628,1.999085331946738,2.000811799777663,0.00045733402663094414
1.25892541179,1.25892541179,256,-0.0009146680532618938,-0.0017264678309246984,0.001017536328860979,1.887534854604094,0.0017264678309246984,0.0008117997776628046,-0.0009146680532618938,-4.336808689942018e-18,0.4990853319467381,0.5008117997776628,1.999085331946738,2.000811799777663,0.0004573340266309469
1.25892541179,1.25892541179,512,-0.000914668053261888,-0.001726467830924689,0.0010175363288609722,1.8875348546040958,0.001726467830924689,0.0008117997776628011,-0.000914668053261888,-2.6020852139652106e-18,0.4990853319467381,0.5008117997776628,1.999085331946738,2.000811799777663,0.000457334026630944
1.58489319246,1.58489319246,128,-0.0011705598290767897,-0.002306313298544791,0.0012053661886855802,1.9702652023893217,0.002306313298544791,0.0011357534694680011,-0.0011705598290767897,1.734723475976807e-18,0.49882944017092323,0.501135753469468,1.9988294401709232,2.001135753469468,0.0005852799145383948
1.58489319246,1.58489319246,256,-0.0011705598290767966,-0.002306313298544798,0.0012053661886855865,1.9702652023893164,0.002306313298544798,0.0011357534694680016,-0.0011705598290767966,-5.204170427930421e-18,0.4988294401709232,0.501135753469468,1.9988294401709232,2.001135753469468,0.0005852799145383983
1.58489319246,1.58489319246,512,-0.0011705598290767893,-0.002306313298544787,0.0012053661886855787,1.970265202389319,0.002306313298544787,0.0011357534694679977,-0.0011705598290767893,-2.168404344971009e-18,0.49882944017092323,0.501135753469468,1.9988294401709232,2.001135753469468,0.0005852799145383946
1.99526231497,1.99526231497,128,-0.0014694217263023575,-0.003019530371885622,0.0013887348070214522,2.054910661681822,0.003019530371885622,0.0015501086455832645,-0.0014694217263023575,1.734723475976807e-18,0.4985305782736976,0.5015501086455832,1.9985305782736977,2.001550108645583,0.0007347108631511788
1.99526231497,1.99526231497,256,-0.001469421726302366,-0.0030195303718856315,0.0013887348070214585,2.0549106616818165,0.0030195303718856315,0.0015501086455832656,-0.001469421726302366,-7.806255641895632e-18,0.4985305782736976,0.5015501086455832,1.9985305782736977,2.001550108645583,0.000734710863151183
1.99526231497,1.99526231497,512,-0.0014694217263023564,-0.003019530371885617,0.0013887348070214499,2.0549106616818196,0.003019530371885617,0.0015501086455832604,-0.0014694217263023564,-2.6020852139652106e-18,0.4985305782736976,0.5015501086455832,1.9985305782736977,2.001550108645583,0.0007347108631511782
2.51188643151,2.51188643151,128,-0.0018087719284910447,-0.003871463864624087,0.0015548519208490512,2.140382545550576,0.003871463864624087,0.0020626919361330424,-0.0018087719284910447,4.336808689942018e-18,0.49819122807150895,0.5020626919361331,1.998191228071509,2.002062691936133,0.0009043859642455224
2.51188643151,2.51188643151,256,-0.0018087719284910545,-0.0038714638646240966,0.0015548519208490573,2.14038254555057,0.0038714638646240966,0.002062691936133042,-0.0018087719284910545,-9.540979117872439e-18,0.49819122807150895,0.5020626919361331,1.9981912280715088,2.002062691936133,0.0009043859642455272
2.51188643151,2.51188643151,512,-0.0018087719284910434,-0.0038714638646240797,0.001554851920849048,2.140382545550574,0.0038714638646240797,0.0020626919361330363,-0.0018087719284910434,-2.6020852139652106e-18,0.49819122807150895,0.5020626919361331,1.998191228071509,2.002062691936133,0.0009043859642455217
3.16227766017,3.16227766017,128,-0.002183143945653045,-0.004858543052935636,0.0016908887840234995,2.2254799380543355,0.004858543052935636,0.002675399107282591,-0.002183143945653045,8.673617379884035e-19,0.49781685605434695,0.5026753991072825,1.997816856054347,2.0026753991072828,0.0010915719728265224
3.16227766017,3.16227766017,256,-0.002183143945653056,-0.004858543052935648,0.0016908887840235058,2.2254799380543298,0.004858543052935648,0.002675399107282592,-0.002183143945653056,-1.474514954580286e-17,0.49781685605434695,0.5026753991072825,1.997816856054347,2.0026753991072828,0.001091571972826528
3.16227766017,3.16227766017,512,-0.0021831439456530422,-0.00485854305293563,0.0016908887840234965,2.2254799380543355,0.00485854305293563,0.0026753991072825875,-0.0021831439456530422,0.0,0.49781685605434695,0.5026753991072825,1.997816856054347,2.0026753991072828,0.0010915719728265211
3.98107170553,3.98107170553,128,-0.0025842949547152418,-0.0059670084486755145,0.0017858764154702125,2.308950237196515,0.0059670084486755145,0.0033827134939602727,-0.0025842949547152418,1.734723475976807e-18,0.49741570504528476,0.5033827134939602,1.9974157050452848,2.00338271349396,0.0012921474773576209
3.98107170553,3.98107170553,256,-0.0025842949547152543,-0.0059670084486755275,0.0017858764154702182,2.308950237196509,0.0059670084486755275,0.003382713493960273,-0.0025842949547152543,-1.734723475976807e-17,0.49741570504528476,0.5033827134939602,1.9974157050452848,2.00338271349396,0.0012921474773576272
3.98107170553,3.98107170553,512,-0.0025842949547152383,-0.005967008448675505,0.001785876415470209,2.3089502371965143,0.005967008448675505,0.0033827134939602667,-0.0025842949547152383,-8.673617379884035e-19,0.49741570504528476,0.5033827134939602,1.9974157050452848,2.00338271349396,0.0012921474773576191
5.01187233627,5.01187233627,128,-0.0030018415106582387,-0.007173082433807433,0.0018324420981672865,2.3895606774504663,0.007173082433807433,0.004171240923149194,-0.0030018415106582387,3.469446951953614e-18,0.49699815848934176,0.5041712409231492,1.9969981584893417,2.0041712409231494,0.0015009207553291193
5.01187233627,5.01187233627,256,-0.0030018415106582534,-0.007173082433807447,0.0018324420981672917,2.3895606774504596,0.007173082433807447,0.004171240923149194,-0.0030018415106582534,-2.0816681711721685e-17,0.49699815848934176,0.5041712409231492,1.9969981584893417,2.0041712409231494,0.0015009207553291267
5.01187233627,5.01187233627,512,-0.003001841510658235,-0.007173082433807421,0.0018324420981672828,2.3895606774504654,0.007173082433807421,0.004171240923149186,-0.003001841510658235,0.0,0.49699815848934176,0.5041712409231491,1.9969981584893417,2.0041712409231494,0.0015009207553291176
6.3095734448,6.3095734448,128,-0.0034242336923736446,-0.008444752927788256,0.0018279481493326817,2.4661730729991262,0.008444752927788256,0.005020519235414611,-0.0034242336923736446,3.469446951953614e-18,0.49657576630762634,0.5050205192354146,1.9965757663076265,2.0050205192354147,0.0017121168461868223
6.3095734448,6.3095734448,256,-0.0034242336923736593,-0.008444752927788268,0.001827948149332686,2.466173072999119,0.008444752927788268,0.005020519235414609,-0.0034242336923736593,-2.42861286636753e-17,0.49657576630762634,0.5050205192354146,1.9965757663076262,2.0050205192354147,0.0017121168461868297
6.3095734448,6.3095734448,512,-0.0034242336923736402,-0.008444752927788242,0.0018279481493326786,2.4661730729991254,0.008444752927788242,0.005020519235414602,-0.0034242336923736402,0.0,0.49657576630762634,0.5050205192354146,1.9965757663076265,2.0050205192354147,0.0017121168461868201
7.94328234724,7.94328234724,128,-0.0038398931711901047,-0.00974493044320722,0.001774749070363096,2.5378129048801004,0.00974493044320722,0.0059050372720171156,-0.0038398931711901047,1.734723475976807e-18,0.4961601068288099,0.5059050372720171,1.99616010682881,2.0059050372720173,0.0019199465855950523
7.94328234724,7.94328234724,256,-0.003839893171190121,-0.009744930443207234,0.0017747490703630998,2.537812904880093,0.009744930443207234,0.005905037272017112,-0.003839893171190121,-2.949029909160572e-17,0.4961601068288099,0.5059050372720171,1.99616010682881,2.0059050372720173,0.0019199465855950606
7.94328234724,7.94328234724,512,-0.0038398931711901,-0.00974493044320721,0.0017747490703630933,2.537812904880101,0.00974493044320721,0.0059050372720171095,-0.0038398931711901,3.469446951953614e-18,0.4961601068288099,0.5059050372720171,1.99616010682881,2.0059050372720173,0.00191994658559505
8.0,8.0,128,-0.0038525120755279227,-0.009785144045701476,0.001772392180882291,2.5399385787416606,0.009785144045701476,0.005932631970173553,-0.0038525120755279227,0.0,0.49614748792447205,0.5059326319701736,1.996147487924472,2.0059326319701736,0.0019262560377639613
8.0,8.0,256,-0.0038525120755279387,-0.00978514404570149,0.0017723921808822948,2.5399385787416535,0.00978514404570149,0.005932631970173552,-0.0038525120755279387,-3.122502256758253e-17,0.49614748792447205,0.5059326319701736,1.996147487924472,2.0059326319701736,0.0019262560377639694
8.0,8.0,512,-0.003852512075527918,-0.00978514404570147,0.0017723921808822886,2.539938578741662,0.00978514404570147,0.005932631970173552,-0.003852512075527918,5.204170427930421e-18,0.4961474879244721,0.5059326319701736,1.996147487924472,2.0059326319701736,0.001926256037763959
10.0,0.0001,128,-2.6710730232053444e-07,-4.949762951547683e-07,3.0634561180683536e-07,1.8530990761188033,4.949762951547683e-07,2.2786899283423384e-07,-2.6710730232053444e-07,2.117582368135751e-22,0.49999973289269767,0.5000002278689928,1.9999997328926977,2.000000227868993,1.3355365116026722e-07
10.0,0.0001,256,-2.6710730232053613e-07,-4.949762951547701e-07,3.063456118068373e-07,1.8530990761187984,4.949762951547701e-07,2.2786899283423395e-07,-2.6710730232053613e-07,-1.0587911840678754e-21,0.49999973289269767,0.5000002278689928,1.9999997328926977,2.000000227868993,1.3355365116026807e-07
10.0,0.0001,512,-2.6710730232053455e-07,-4.949762951547678e-07,3.063456118068354e-07,1.8530990761188006,4.949762951547678e-07,2.278689928342332e-07,-2.6710730232053455e-07,-4.235164736271502e-22,0.49999973289269767,0.5000002278689928,1.9999997328926977,2.000000227868993,1.3355365116026727e-07
10.0,0.001,128,-2.669121789080567e-06,-4.947955174805442e-06,3.0594101924362614e-06,1.8537764724890524,4.947955174805442e-06,2.278833385724875e-06,-2.669121789080567e-06,3.3881317890172014e-21,0.4999973308782109,0.5000022788333858,1.9999973308782109,2.0000022788333855,1.3345608945402835e-06
10.0,0.001,256,-2.669121789080582e-06,-4.9479551748054565e-06,3.0594101924362783e-06,1.8537764724890473,4.9479551748054565e-06,2.2788333857248743e-06,-2.669121789080582e-06,-1.3552527156068805e-20,0.4999973308782109,0.5000022788333858,1.9999973308782109,2.0000022788333855,1.334560894540291e-06
10.0,0.001,512,-2.669121789080566e-06,-4.947955174805435e-06,3.05941019243626e-06,1.8537764724890504,4.947955174805435e-06,2.278833385724869e-06,-2.669121789080566e-06,-3.3881317890172014e-21,0.4999973308782109,0.5000022788333858,1.9999973308782109,2.0000022788333855,1.334560894540283e-06
10.0,0.01,128,-2.6500778132282418e-05,-4.9299634507005676e-05,3.0202699889841625e-05,1.8603089411533318,4.9299634507005676e-05,2.279885637472326e-05,-2.6500778132282418e-05,5.421010862427522e-20,0.49997349922186773,0.5000227988563747,1.9999734992218676,2.000022798856375,1.3250389066141209e-05
10.0,0.01,256,-2.6500778132282577e-05,-4.929963450700582e-05,3.0202699889841788e-05,1.860308941153326,4.929963450700582e-05,2.279885637472324e-05,-2.6500778132282577e-05,-1.3552527156068805e-19,0.49997349922186773,0.5000227988563747,1.9999734992218676,2.000022798856375,1.3250389066141289e-05
10.0,0.01,512,-2.650077813228241e-05,-4.929963450700559e-05,3.02026998898416e-05,1.860308941153329,4.929963450700559e-05,2.2798856374723177e-05,-2.650077813228241e-05,-4.0657581468206416e-20,0.49997349922186773,0.5000227988563747,1.9999734992218676,2.000022798856375,1.3250389066141206e-05
10.0,0.1,128,-0.00024853279160763484,-0.0004758200387147335,0.0002697783361081714,1.9145161314001693,0.0004758200387147335,0.00022728724710709868,-0.00024853279160763484,3.2526065174565133e-19,0.49975146720839236,0.5002272872471071,1.9997514672083925,2.000227287247107,0.00012426639580381742
10.0,0.1,256,-0.0002485327916076363,-0.00047582003871473477,0.0002697783361081728,1.914516131400163,0.00047582003871473477,0.00022728724710709846,-0.0002485327916076363,-1.3010426069826053e-18,0.49975146720839236,0.5002272872471071,1.9997514672083923,2.000227287247107,0.00012426639580381815
10.0,0.1,512,-0.00024853279160763473,-0.00047582003871473276,0.0002697783361081712,1.914516131400167,0.00047582003871473276,0.00022728724710709803,-0.00024853279160763473,-2.168404344971009e-19,0.49975146720839236,0.5002272872471071,1.9997514672083925,2.000227287247107,0.00012426639580381737
10.0,1.0,128,-0.0016387101472365862,-0.0035738595316074677,0.0013422709101022926,2.1808979078052277,0.0035738595316074677,0.0019351493843708814,-0.0016387101472365862,1.734723475976807e-18,0.4983612898527634,0.5019351493843709,1.9983612898527634,2.0019351493843707,0.0008193550736182931
10.0,1.0,256,-0.001638710147236595,-0.0035738595316074768,0.001342270910102298,2.180897907805222,0.0035738595316074768,0.0019351493843708819,-0.001638710147236595,-9.540979117872439e-18,0.4983612898527634,0.5019351493843709,1.9983612898527634,2.0019351493843707,0.0008193550736182975
10.0,1.0,512,-0.0016387101472365847,-0.003573859531607462,0.0013422709101022902,2.1808979078052264,0.003573859531607462,0.0019351493843708773,-0.0016387101472365847,-1.734723475976807e-18,0.4983612898527634,0.5019351493843709,1.9983612898527634,2.0019351493843707,0.0008193550736182924
10.0,10.0,128,-0.004238303461173012,-0.011035373503872148,0.0016795368796468885,2.6037242507448837,0.011035373503872148,0.0067970700426991364,-0.004238303461173012,1.734723475976807e-18,0.495761696538827,0.5067970700426991,1.995761696538827,2.006797070042699,0.002119151730586506
10.0,10.0,256,-0.004238303461173028,-0.011035373503872162,0.0016795368796468915,2.603724250744877,0.011035373503872162,0.006797070042699134,-0.004238303461173028,-3.122502256758253e-17,0.49576169653882696,0.5067970700426991,1.995761696538827,2.006797070042699,0.002119151730586514
10.0,10.0,512,-0.0042383034611730075,-0.011035373503872136,0.0016795368796468863,2.6037242507448837,0.011035373503872136,0.006797070042699129,-0.0042383034611730075,0.0,0.495761696538827,0.5067970700426991,1.995761696538827,2.006797070042699,0.0021191517305865037
10.0,100.0,128,-0.005205424282339567,-0.01439589069849569,0.0012203821485230115,2.7655556814718447,0.01439589069849569,0.009190466416156123,-0.005205424282339567,1.734723475976807e-18,0.49479457571766045,0.5091904664161562,1.9947945757176604,2.009190466416156,0.0026027121411697834
10.0,100.0,256,-0.005205424282339585,-0.014395890698495693,0.0012203821485230126,2.765555681471836,0.014395890698495693,0.009190466416156107,-0.005205424282339585,-4.85722573273506e-17,0.4947945757176604,0.5091904664161561,1.9947945757176604,2.009190466416156,0.0026027121411697925
10.0,100.0,512,-0.005205424282339561,-0.01439589069849568,0.0012203821485230098,2.765555681471846,0.01439589069849568,0.009190466416156118,-0.005205424282339561,6.938893903907228e-18,0.49479457571766045,0.5091904664161562,1.9947945757176604,2.009190466416156,0.0026027121411697804
10.0,1000.0,128,-0.005334615493529112,-0.014873949773323724,0.0011298967072636136,2.788195286308043,0.014873949773323724,0.009539334279794611,-0.005334615493529112,0.0,0.4946653845064709,0.5095393342797946,1.9946653845064708,2.0095393342797947,0.002667307746764556
10.0,1000.0,256,-0.00533461549352913,-0.014873949773323727,0.0011298967072636145,2.788195286308034,0.014873949773323727,0.009539334279794597,-0.00533461549352913,-4.85722573273506e-17,0.49466538450647085,0.5095393342797946,1.9946653845064708,2.0095393342797947,0.002667307746764565
10.0,1000.0,512,-0.005334615493529105,-0.014873949773323706,0.0011298967072636116,2.7881952863080435,0.014873949773323706,0.0095393342797946,-0.005334615493529105,3.469446951953614e-18,0.4946653845064709,0.5095393342797946,1.9946653845064708,2.0095393342797947,0.0026673077467645524
10.0,10000.0,128,-0.005347998157689471,-0.014923908415341079,0.0011200860577273359,2.790559752509105,0.014923908415341079,0.009575910257651608,-0.005347998157689471,0.0,0.4946520018423105,0.5095759102576516,1.9946520018423106,2.009575910257652,0.0026739990788447357
10.0,10000.0,256,-0.00534799815768949,-0.014923908415341084,0.0011200860577273368,2.790559752509096,0.014923908415341084,0.009575910257651594,-0.00534799815768949,-4.85722573273506e-17,0.4946520018423105,0.5095759102576516,1.9946520018423106,2.009575910257652,0.002673999078844745
10.0,10000.0,512,-0.005347998157689464,-0.014923908415341062,0.001120086057727334,2.790559752509105,0.014923908415341062,0.009575910257651598,-0.005347998157689464,3.469446951953614e-18,0.49465200184231056,0.5095759102576516,1.9946520018423106,2.009575910257652,0.002673999078844732
12.5892541179,12.5892541179,128,-0.004610863958183715,-0.0122805932705933,0.001551998603957844,2.6634039481465854,0.0122805932705933,0.007669729312409585,-0.004610863958183715,0.0,0.4953891360418163,0.5076697293124096,1.9953891360418163,2.0076697293124095,0.0023054319790918576
12.5892541179,12.5892541179,256,-0.004610863958183733,-0.012280593270593311,0.001551998603957847,2.663403948146578,0.012280593270593311,0.007669729312409578,-0.004610863958183733,-3.8163916471489756e-17,0.4953891360418163,0.5076697293124096,1.9953891360418163,2.0076697293124095,0.0023054319790918663
12.5892541179,12.5892541179,512,-0.004610863958183708,-0.012280593270593288,0.0015519986039578425,2.663403948146587,0.012280593270593288,0.00766972931240958,-0.004610863958183708,6.938893903907228e-18,0.4953891360418163,0.5076697293124096,1.9953891360418163,2.0076697293124095,0.002305431979091854
15.8489319246,15.8489319246,128,-0.004951391597948808,-0.013451007522956783,0.0014031672708896433,2.7166115337209593,0.013451007522956783,0.008499615925007975,-0.004951391597948808,1.734723475976807e-18,0.49504860840205117,0.5084996159250079,1.9950486084020511,2.008499615925008,0.002475695798974404
15.8489319246,15.8489319246,256,-0.004951391597948825,-0.01345100752295679,0.0014031672708896452,2.7166115337209513,0.01345100752295679,0.008499615925007965,-0.004951391597948825,-4.163336342344337e-17,0.49504860840205117,0.5084996159250079,1.9950486084020511,2.008499615925008,0.0024756957989744127
15.8489319246,15.8489319246,512,-0.004951391597948801,-0.013451007522956767,0.0014031672708896413,2.71661153372096,0.013451007522956767,0.008499615925007966,-0.004951391597948801,5.204170427930421e-18,0.4950486084020512,0.5084996159250079,1.9950486084020511,2.008499615925008,0.0024756957989744005
19.9526231497,19.9526231497,128,-0.005256246237286288,-0.014524876069492267,0.0012438626423665984,2.7633553326434757,0.014524876069492267,0.009268629832205978,-0.005256246237286288,0.0,0.49474375376271373,0.509268629832206,1.9947437537627137,2.009268629832206,0.002628123118643144
19.9526231497,19.9526231497,256,-0.005256246237286305,-0.014524876069492267,0.0012438626423665995,2.7633553326434663,0.014524876069492267,0.00926862983220596,-0.005256246237286305,-4.85722573273506e-17,0.4947437537627137,0.509268629832206,1.9947437537627137,2.009268629832206,0.0026281231186431526
19.9526231497,19.9526231497,512,-0.00525624623728628,-0.01452487606949225,0.001243862642366597,2.7633553326434765,0.01452487606949225,0.00926862983220597,-0.00525624623728628,6.938893903907228e-18,0.49474375376271373,0.509268629832206,1.9947437537627137,2.009268629832206,0.00262812311864314
25.1188643151,25.1188643151,128,-0.005524136603198279,-0.01548889870519503,0.0010835111043998077,2.8038587416950382,0.01548889870519503,0.00996476210199675,-0.005524136603198279,0.0,0.4944758633968017,0.5099647621019967,1.9944758633968018,2.0099647621019967,0.0027620683015991397
25.1188643151,25.1188643151,256,-0.0055241366031983,-0.015488898705195039,0.001083511104399809,2.8038587416950294,0.015488898705195039,0.00996476210199674,-0.0055241366031983,-5.204170427930421e-17,0.4944758633968017,0.5099647621019967,1.9944758633968016,2.0099647621019967,0.00276206830159915
25.1188643151,25.1188643151,512,-0.005524136603198274,-0.015488898705195016,0.0010835111043998068,2.8038587416950382,0.015488898705195016,0.009964762101996743,-0.005524136603198274,0.0,0.4944758633968017,0.5099647621019967,1.9944758633968018,2.0099647621019967,0.002762068301599137
31.6227766017,31.6227766017,128,-0.005755711822543655,-0.016337665015403225,0.0009294704522277396,2.8385133792509833,0.016337665015403225,0.01058195319285957,-0.005755711822543655,0.0,0.49424428817745636,0.5105819531928596,1.9942442881774562,2.0105819531928595,0.0028778559112718274
31.6227766017,31.6227766017,256,-0.005755711822543674,-0.016337665015403225,0.0009294704522277399,2.8385133792509736,0.016337665015403225,0.010581953192859551,-0.005755711822543674,-5.551115123125783e-17,0.4942442881774563,0.5105819531928596,1.9942442881774562,2.0105819531928595,0.002877855911271837
31.6227766017,31.6227766017,512,-0.005755711822543647,-0.016337665015403208,0.0009294704522277385,2.8385133792509842,0.016337665015403208,0.01058195319285956,-0.005755711822543647,6.938893903907228e-18,0.49424428817745636,0.5105819531928596,1.9942442881774562,2.0105819531928595,0.0028778559112718235
39.8107170553,39.8107170553,128,-0.005953054328629831,-0.01707232868775876,0.0007868342981307263,2.867826790300462,0.01707232868775876,0.01111927435912893,-0.005953054328629831,-6.938893903907228e-18,0.4940469456713702,0.511119274359129,1.99404694567137,2.011119274359129,0.0029765271643149155
39.8107170553,39.8107170553,256,-0.005953054328629849,-0.017072328687758764,0.0007868342981307268,2.867826790300454,0.017072328687758764,0.011119274359128916,-0.005953054328629849,-5.551115123125783e-17,0.49404694567137014,0.511119274359129,1.99404694567137,2.011119274359129,0.0029765271643149246
39.8107170553,39.8107170553,512,-0.005953054328629822,-0.017072328687758747,0.0007868342981307258,2.867826790300464,0.017072328687758747,0.011119274359128925,-0.005953054328629822,6.938893903907228e-18,0.4940469456713702,0.511119274359129,1.99404694567137,2.011119274359129,0.002976527164314911
50.1187233627,50.1187233627,128,-0.006119171910093762,-0.017698919946765174,0.0006585957835161114,2.8923717468323225,0.017698919946765174,0.011579748036671412,-0.006119171910093762,0.0,0.49388082808990624,0.5115797480366714,1.9938808280899063,2.0115797480366715,0.003059585955046881
50.1187233627,50.1187233627,256,-0.006119171910093781,-0.01769891994676517,0.0006585957835161114,2.8923717468323127,0.01769891994676517,0.011579748036671389,-0.006119171910093781,-6.245004513516506e-17,0.49388082808990624,0.5115797480366714,1.9938808280899063,2.0115797480366715,0.0030595859550468906
50.1187233627,50.1187233627,512,-0.006119171910093755,-0.01769891994676516,0.0006585957835161108,2.8923717468323233,0.01769891994676516,0.011579748036671405,-0.006119171910093755,6.938893903907228e-18,0.49388082808990624,0.5115797480366714,1.9938808280899063,2.0115797480366715,0.0030595859550468776
63.095734448,63.095734448,128,-0.006257554294681794,-0.018226643295826288,0.0005460195882190881,2.9127423331055797,0.018226643295826288,0.011969089001144493,-0.006257554294681794,-3.469446951953614e-18,0.4937424457053182,0.5119690890011445,1.9937424457053181,2.0119690890011444,0.003128777147340897
63.095734448,63.095734448,256,-0.006257554294681814,-0.018226643295826288,0.0005460195882190883,2.9127423331055704,0.018226643295826288,0.011969089001144474,-0.006257554294681814,-6.591949208711867e-17,0.49374244570531817,0.5119690890011445,1.9937424457053181,2.0119690890011444,0.003128777147340907
63.095734448,63.095734448,512,-0.006257554294681787,-0.01822664329582628,0.0005460195882190878,2.9127423331055815,0.01822664329582628,0.011969089001144493,-0.006257554294681787,6.938893903907228e-18,0.4937424457053182,0.5119690890011445,1.9937424457053181,2.0119690890011444,0.0031287771473408935
79.4328234724,79.4328234724,128,-0.006371826186724917,-0.018666390138622962,0.00044908842155178756,2.9295196685547666,0.018666390138622962,0.012294563951898044,-0.006371826186724917,-3.469446951953614e-18,0.49362817381327506,0.5122945639518981,1.993628173813275,2.012294563951898,0.0031859130933624587
79.4328234724,79.4328234724,256,-0.006371826186724936,-0.018666390138622965,0.0004490884215517877,2.929519668554758,0.018666390138622965,0.012294563951898029,-0.006371826186724936,-5.551115123125783e-17,0.49362817381327506,0.512294563951898,1.993628173813275,2.012294563951898,0.003185913093362468
79.4328234724,79.4328234724,512,-0.006371826186724911,-0.01866639013862295,0.0004490884215517872,2.9295196685547675,0.01866639013862295,0.012294563951898041,-0.006371826186724911,3.469446951953614e-18,0.49362817381327506,0.5122945639518981,1.993628173813275,2.012294563951898,0.0031859130933624556
100.0,0.0001,128,-3.104553574927424e-07,-6.14960435163992e-07,3.164056373142355e-07,1.9808337022445108,6.14960435163992e-07,3.0450507767124963e-07,-3.104553574927424e-07,2.117582368135751e-22,0.4999996895446425,0.5000003045050777,1.9999996895446426,2.0000003045050776,1.552276787463712e-07
100.0,0.0001,256,-3.104553574927443e-07,-6.149604351639937e-07,3.164056373142374e-07,1.980833702244504,6.149604351639937e-07,3.045050776712494e-07,-3.104553574927443e-07,-1.9058241313221758e-21,0.4999996895446425,0.5000003045050777,1.9999996895446426,2.0000003045050776,1.5522767874637215e-07
100.0,0.0001,512,-3.104553574927424e-07,-6.149604351639913e-07,3.1640563731423553e-07,1.9808337022445084,6.149604351639913e-07,3.045050776712489e-07,-3.104553574927424e-07,-4.235164736271502e-22,0.4999996895446425,0.5000003045050777,1.9999996895446426,2.0000003045050776,1.552276787463712e-07
100.0,0.001,128,-3.10244520863053e-06,-6.147509554635091e-06,3.1598260712565024e-06,1.9815046330338586,6.147509554635091e-06,3.0450643460045608e-06,-3.10244520863053e-06,3.3881317890172014e-21,0.4999968975547914,0.500003045064346,1.9999968975547913,2.000003045064346,1.551222604315265e-06
100.0,0.001,256,-3.102445208630546e-06,-6.147509554635103e-06,3.1598260712565193e-06,1.9815046330338524,6.147509554635103e-06,3.0450643460045574e-06,-3.102445208630546e-06,-1.5246593050577406e-20,0.4999968975547914,0.500003045064346,1.9999968975547913,2.000003045064346,1.551222604315273e-06
100.0,0.001,512,-3.102445208630528e-06,-6.14750955463508e-06,3.1598260712565015e-06,1.981504633033856,6.14750955463508e-06,3.0450643460045514e-06,-3.102445208630528e-06,-3.3881317890172014e-21,0.4999968975547914,0.500003045064346,1.9999968975547913,2.000003045064346,1.551222604315264e-06
100.0,0.01,128,-3.081837273579893e-05,-6.126654179543692e-05,3.11885764119599e-05,1.9879875657506438,6.126654179543692e-05,3.044816905963799e-05,-3.081837273579893e-05,4.0657581468206416e-20,0.4999691816272642,0.5000304481690596,1.9999691816272642,2.00003044816906,1.5409186367899463e-05
100.0,0.01,256,-3.081837273579909e-05,-6.126654179543704e-05,3.118857641196007e-05,1.9879875657506372,6.126654179543704e-05,3.044816905963795e-05,-3.081837273579909e-05,-1.6263032587282567e-19,0.4999691816272642,0.5000304481690596,1.9999691816272642,2.00003044816906,1.5409186367899545e-05
100.0,0.01,512,-3.081837273579892e-05,-6.126654179543682e-05,3.11885764119599e-05,1.9879875657506412,6.126654179543682e-05,3.0448169059637902e-05,-3.081837273579892e-05,-4.0657581468206416e-20,0.4999691816272642,0.5000304481690596,1.9999691816272642,2.00003044816906,1.540918636789946e-05
100.0,0.1,128,-0.00029021463176235387,-0.0005926909725925876,0.0002779529226944743,2.042250485419772,0.0005926909725925876,0.00030247634083023376,-0.00029021463176235387,2.168404344971009e-19,0.4997097853682376,0.5003024763408302,1.9997097853682377,2.0003024763408304,0.00014510731588117693
100.0,0.1,256,-0.0002902146317623555,-0.000592690972592589,0.0002779529226944759,2.0422504854197654,0.000592690972592589,0.00030247634083023354,-0.0002902146317623555,-1.5178830414797062e-18,0.4997097853682376,0.5003024763408302,1.9997097853682377,2.0003024763408304,0.00014510731588117775
100.0,0.1,512,-0.00029021463176235376,-0.0005926909725925868,0.0002779529226944742,2.04225048541977,0.0005926909725925868,0.000302476340830233,-0.00029021463176235376,-2.168404344971009e-19,0.4997097853682376,0.5003024763408302,1.9997097853682377,2.0003024763408304,0.00014510731588117688
100.0,1.0,128,-0.0019521111676081779,-0.004520197676636154,0.0013361358261883812,2.315543167643737,0.004520197676636154,0.0025680865090279767,-0.0019521111676081779,1.734723475976807e-18,0.4980478888323918,0.502568086509028,1.9980478888323918,2.002568086509028,0.0009760555838040889
100.0,1.0,256,-0.0019521111676081874,-0.004520197676636163,0.0013361358261883864,2.3155431676437304,0.004520197676636163,0.002568086509027976,-0.0019521111676081874,-1.3010426069826053e-17,0.4980478888323918,0.502568086509028,1.9980478888323918,2.002568086509028,0.0009760555838040937
100.0,1.0,512,-0.0019521111676081757,-0.004520197676636148,0.001336135826188379,2.3155431676437366,0.004520197676636148,0.0025680865090279724,-0.0019521111676081757,0.0,0.4980478888323918,0.502568086509028,1.9980478888323918,2.002568086509028,0.0009760555838040878
100.0,10.0,128,-0.005205424282339567,-0.01439589069849569,0.0012203821485230113,2.7655556814718447,0.01439589069849569,0.009190466416156123,-0.005205424282339567,0.0,0.49479457571766045,0.5091904664161562,1.9947945757176604,2.009190466416156,0.0026027121411697834
100.0,10.0,256,-0.005205424282339585,-0.014395890698495693,0.0012203821485230126,2.765555681471836,0.014395890698495693,0.009190466416156107,-0.005205424282339585,-4.85722573273506e-17,0.4947945757176604,0.5091904664161561,1.9947945757176604,2.009190466416156,0.0026027121411697925
100.0,10.0,512,-0.00520542428233956,-0.01439589069849568,0.0012203821485230098,2.7655556814718465,0.01439589069849568,0.00919046641615612,-0.00520542428233956,8.673617379884035e-18,0.49479457571766045,0.5091904664161562,1.9947945757176604,2.009190466416156,0.00260271214116978
100.0,100.0,128,-0.006465502282694839,-0.019029576423883345,0.0003669304242011683,2.9432479630881465,0.019029576423883345,0.012564074141188507,-0.006465502282694839,-3.469446951953614e-18,0.4935344977173052,0.5125640741411885,1.993534497717305,2.0125640741411885,0.0032327511413474193
100.0,100.0,256,-0.006465502282694856,-0.019029576423883338,0.00036693042420116845,2.9432479630881376,0.019029576423883338,0.012564074141188483,-0.006465502282694856,-6.245004513516506e-17,0.4935344977173051,0.5125640741411884,1.993534497717305,2.0125640741411885,0.003232751141347428
100.0,100.0,512,-0.006465502282694831,-0.01902957642388333,0.000366930424201168,2.943247963088148,0.01902957642388333,0.0125640741411885,-0.006465502282694831,6.938893903907228e-18,0.4935344977173052,0.5125640741411885,1.993534497717305,2.0125640741411885,0.0032327511413474154
100.0,1000.0,128,-0.006636253905148583,-0.0196992720184203,0.0002094896970254388,2.9684325373893667,0.0196992720184203,0.013063018113271718,-0.006636253905148583,-1.0408340855860843e-17,0.4933637460948514,0.5130630181132717,1.9933637460948515,2.0130630181132716,0.0033181269525742914
100.0,1000.0,256,-0.0066362539051486,-0.019699272018420297,0.0002094896970254391,2.9684325373893583,0.019699272018420297,0.013063018113271697,-0.0066362539051486,-6.591949208711867e-17,0.4933637460948514,0.5130630181132717,1.9933637460948515,2.0130630181132716,0.0033181269525743
100.0,1000.0,512,-0.006636253905148573,-0.019699272018420283,0.00020948969702543882,2.968432537389368,0.019699272018420283,0.01306301811327171,-0.006636253905148573,0.0,0.49336374609485145,0.5130630181132717,1.9933637460948515,2.0130630181132716,0.0033181269525742866
100.0,10000.0,128,-0.00665397785290175,-0.01976942252915452,0.00019251102955071994,2.971068279184792,0.01976942252915452,0.01311544467625277,-0.00665397785290175,-1.0408340855860843e-17,0.4933460221470983,0.5131154446762528,1.9933460221470982,2.0131154446762527,0.003326988926450875
100.0,10000.0,256,-0.006653977852901769,-0.01976942252915452,0.00019251102955071978,2.9710682791847836,0.01976942252915452,0.013115444676252752,-0.006653977852901769,-6.938893903907228e-17,0.4933460221470982,0.5131154446762527,1.9933460221470982,2.0131154446762527,0.0033269889264508847
100.0,10000.0,512,-0.0066539778529017424,-0.019769422529154514,0.00019251102955071954,2.9710682791847947,0.019769422529154514,0.013115444676252771,-0.0066539778529017424,3.469446951953614e-18,0.4933460221470983,0.5131154446762528,1.9933460221470982,2.0131154446762527,0.0033269889264508712
125.892541179,125.892541179,128,-0.006541833253174127,-0.019327323184826474,0.00029817657469590055,2.9544200282770534,0.019327323184826474,0.012785489931652346,-0.006541833253174127,-6.938893903907228e-18,0.49345816674682585,0.5127854899316523,1.9934581667468259,2.012785489931652,0.0032709166265870635
125.892541179,125.892541179,256,-0.006541833253174149,-0.019327323184826474,0.00029817657469590093,2.9544200282770436,0.019327323184826474,0.012785489931652325,-0.006541833253174149,-7.28583859910259e-17,0.49345816674682585,0.5127854899316523,1.9934581667468259,2.012785489931652,0.0032709166265870743
125.892541179,125.892541179,512,-0.006541833253174118,-0.019327323184826464,0.0002981765746959003,2.954420028277056,0.019327323184826464,0.012785489931652346,-0.006541833253174118,6.938893903907228e-18,0.49345816674682585,0.5127854899316523,1.9934581667468259,2.012785489931652,0.003270916626587059
158.489319246,158.489319246,128,-0.006603724052953491,-0.01956994139248228,0.00024123076637818473,2.9634704956712565,0.01956994139248228,0.012966217339528789,-0.006603724052953491,-6.938893903907228e-18,0.4933962759470465,0.5129662173395287,1.9933962759470465,2.0129662173395286,0.0033018620264767453
158.489319246,158.489319246,256,-0.0066037240529535106,-0.019569941392482276,0.00024123076637818467,2.963470495671247,0.019569941392482276,0.012966217339528765,-0.0066037240529535106,-6.938893903907228e-17,0.4933962759470465,0.5129662173395287,1.9933962759470465,2.0129662173395286,0.0033018620264767553
158.489319246,158.489319246,512,-0.006603724052953482,-0.019569941392482273,0.00024123076637818416,2.963470495671259,0.019569941392482273,0.01296621733952879,-0.006603724052953482,1.0408340855860843e-17,0.4933962759470465,0.5129662173395287,1.9933962759470465,2.0129662173395286,0.003301862026476741
199.526231497,199.526231497,128,-0.006653704600305392,-0.01976665741408723,0.00019445638682894675,2.970774718970839,0.01976665741408723,0.013112952813781838,-0.006653704600305392,0.0,0.4933462953996946,0.5131129528137819,1.9933462953996945,2.0131129528137817,0.003326852300152696
199.526231497,199.526231497,256,-0.006653704600305412,-0.019766657414087226,0.00019445638682894694,2.9707747189708296,0.019766657414087226,0.013112952813781813,-0.006653704600305412,-6.245004513516506e-17,0.4933462953996946,0.5131129528137818,1.9933462953996945,2.0131129528137817,0.003326852300152706
199.526231497,199.526231497,512,-0.006653704600305387,-0.01976665741408722,0.0001944563868289469,2.97077471897084,0.01976665741408722,0.013112952813781832,-0.006653704600305387,3.469446951953614e-18,0.4933462953996946,0.5131129528137819,1.9933462953996945,2.0131129528137817,0.0033268523001526934
251.188643151,251.188643151,128,-0.006693935117480969,-0.019925511771005232,0.0001562935814376715,2.976651464542953,0.019925511771005232,0.013231576653524263,-0.006693935117480969,-6.938893903907228e-18,0.49330606488251905,0.5132315766535243,1.993306064882519,2.0132315766535243,0.0033469675587404846
251.188643151,251.188643151,256,-0.006693935117480988,-0.019925511771005225,0.00015629358143767102,2.9766514645429436,0.019925511771005225,0.013231576653524237,-0.006693935117480988,-6.938893903907228e-17,0.493306064882519,0.5132315766535243,1.993306064882519,2.0132315766535243,0.003346967558740494
251.188643151,251.188643151,512,-0.0066939351174809605,-0.019925511771005218,0.00015629358143767102,2.9766514645429547,0.019925511771005218,0.013231576653524257,-0.0066939351174809605,6.938893903907228e-18,0.49330606488251905,0.5132315766535243,1.993306064882519,2.0132315766535243,0.0033469675587404803
316.227766017,316.227766017,128,-0.006726232134932845,-0.020053372100099144,0.00012532430469937888,2.98136782939017,0.020053372100099144,0.0133271399651663,-0.006726232134932845,-1.0408340855860843e-17,0.49327376786506716,0.5133271399651663,1.9932737678650672,2.0133271399651664,0.0033631160674664224
316.227766017,316.227766017,256,-0.006726232134932865,-0.020053372100099148,0.0001253243046993786,2.9813678293901615,0.020053372100099148,0.013327139965166282,-0.006726232134932865,-6.591949208711867e-17,0.49327376786506716,0.5133271399651663,1.9932737678650672,2.0133271399651664,0.0033631160674664324
316.227766017,316.227766017,512,-0.006726232134932837,-0.020053372100099137,0.0001253243046993787,2.981367829390172,0.020053372100099137,0.0133271399651663,-0.006726232134932837,6.938893903907228e-18,0.49327376786506716,0.5133271399651663,1.9932737678650672,2.0133271399651664,0.0033631160674664185
398.107170553,398.107170553,128,-0.006752105011523423,-0.020156014002468647,0.00010030103210161755,2.985145220352698,0.020156014002468647,0.013403908990945224,-0.006752105011523423,-6.938893903907228e-18,0.4932478949884766,0.5134039089909452,1.9932478949884767,2.013403908990945,0.0033760525057617116
398.107170553,398.107170553,256,-0.0067521050115234415,-0.020156014002468636,0.00010030103210161729,2.9851452203526887,0.020156014002468636,0.013403908990945195,-0.0067521050115234415,-6.938893903907228e-17,0.49324789498847654,0.5134039089909452,1.9932478949884767,2.013403908990945,0.0033760525057617207
398.107170553,398.107170553,512,-0.006752105011523415,-0.020156014002468633,0.00010030103210161729,2.9851452203527,0.020156014002468633,0.013403908990945217,-0.006752105011523415,6.938893903907228e-18,0.4932478949884766,0.5134039089909452,1.9932478949884767,2.013403908990945,0.0033760525057617073
501.187233627,501.187233627,128,-0.006772796150295883,-0.020238236437676638,8.015201321100408e-05,2.988165594913482,0.020238236437676638,0.013465440287380755,-0.006772796150295883,-3.469446951953614e-18,0.49322720384970414,0.5134654402873807,1.993227203849704,2.013465440287381,0.0033863980751479414
501.187233627,501.187233627,256,-0.006772796150295903,-0.02023823643767663,8.015201321100376e-05,2.9881655949134722,0.02023823643767663,0.013465440287380729,-0.006772796150295903,-7.28583859910259e-17,0.4932272038497041,0.5134654402873807,1.993227203849704,2.013465440287381,0.0033863980751479513
501.187233627,501.187233627,512,-0.006772796150295874,-0.020238236437676627,8.015201321100387e-05,2.988165594913484,0.020238236437676627,0.013465440287380753,-0.006772796150295874,1.0408340855860843e-17,0.49322720384970414,0.5134654402873807,1.993227203849704,2.013465440287381,0.003386398075147937
630.95734448,630.95734448,128,-0.006789320670695189,-0.020303989383150728,6.397262893483096e-05,2.990577462453502,0.020303989383150728,0.01351466871245554,-0.006789320670695189,-1.0408340855860843e-17,0.4932106793293048,0.5135146687124555,1.9932106793293047,2.0135146687124554,0.0033946603353475946
630.95734448,630.95734448,256,-0.006789320670695209,-0.020303989383150724,6.397262893483136e-05,2.990577462453493,0.020303989383150724,0.013514668712455515,-0.006789320670695209,-7.28583859910259e-17,0.4932106793293048,0.5135146687124555,1.9932106793293047,2.0135146687124554,0.0033946603353476046
630.95734448,630.95734448,512,-0.0067893206706951805,-0.020303989383150717,6.397262893483134e-05,2.9905774624535044,0.020303989383150717,0.013514668712455536,-0.0067893206706951805,6.938893903907228e-18,0.49321067932930485,0.5135146687124555,1.9932106793293047,2.0135146687124554,0.0033946603353475903
794.328234724,794.328234724,128,-0.006802503151034724,-0.02035649997504179,5.10094780623761e-05,2.9925013664926237,0.02035649997504179,0.013553996824007066,-0.006802503151034724,-6.938893903907228e-18,0.4931974968489653,0.513553996824007,1.9931974968489652,2.0135539968240073,0.003401251575517362
794.328234724,794.328234724,256,-0.006802503151034746,-0.02035649997504179,5.100947806237654e-05,2.992501366492614,0.02035649997504179,0.013553996824007045,-0.006802503151034746,-7.28583859910259e-17,0.49319749684896524,0.513553996824007,1.9931974968489652,2.0135539968240073,0.003401251575517373
794.328234724,794.328234724,512,-0.006802503151034717,-0.020356499975041784,5.100947806237609e-05,2.9925013664926254,0.020356499975041784,0.013553996824007066,-0.006802503151034717,6.938893903907228e-18,0.4931974968489653,0.513553996824007,1.9931974968489652,2.0135539968240073,0.0034012515755173587
1000.0,0.0001,128,-3.159736207365173e-07,-6.313414881335484e-07,3.1657937407600384e-07,1.9980828990151955,6.313414881335484e-07,3.153678673970311e-07,-3.159736207365173e-07,3.1763735522036263e-22,0.4999996840263793,0.5000003153678674,1.9999996840263792,2.0000003153678674,1.5798681036825866e-07
1000.0,0.0001,256,-3.159736207365192e-07,-6.313414881335502e-07,3.1657937407600575e-07,1.9980828990151895,6.313414881335502e-07,3.1536786739703107e-07,-3.159736207365192e-07,-1.5881867761018131e-21,0.4999996840263793,0.5000003153678674,1.9999996840263792,2.0000003153678674,1.579868103682596e-07
1000.0,0.0001,512,-3.1597362073651727e-07,-6.313414881335476e-07,3.1657937407600374e-07,1.9980828990151933,6.313414881335476e-07,3.153678673970303e-07,-3.1597362073651727e-07,-5.293955920339377e-22,0.4999996840263793,0.5000003153678674,1.9999996840263792,2.0000003153678674,1.5798681036825863e-07
1000.0,0.001,128,-3.157609059223852e-06,-6.311282941568586e-06,3.161544236102975e-06,1.9987537479132753,6.311282941568586e-06,3.153673882344734e-06,-3.157609059223852e-06,5.082197683525802e-21,0.4999968423909408,0.5000031536738824,1.9999968423909407,2.0000031536738825,1.578804529611926e-06
1000.0,0.001,256,-3.1576090592238687e-06,-6.311282941568598e-06,3.1615442361029913e-06,1.9987537479132687,6.311282941568598e-06,3.153673882344729e-06,-3.1576090592238687e-06,-1.6940658945086007e-20,0.4999968423909408,0.5000031536738824,1.9999968423909407,2.0000031536738825,1.5788045296119343e-06
1000.0,0.001,512,-3.1576090592238496e-06,-6.311282941568573e-06,3.161544236102972e-06,1.9987537479132729,6.311282941568573e-06,3.1536738823447237e-06,-3.1576090592238496e-06,-3.3881317890172014e-21,0.4999968423909408,0.5000031536738824,1.9999968423909407,2.0000031536738825,1.5788045296119248e-06
1000.0,0.01,128,-3.1368141345045486e-05,-6.290056959843263e-05,3.120385443670387e-05,2.0052373810272823,6.290056959843263e-05,3.153242825338714e-05,-3.1368141345045486e-05,5.421010862427522e-20,0.499968631858655,0.5000315324282534,1.999968631858655,2.0000315324282534,1.5684070672522743e-05
1000.0,0.01,256,-3.136814134504566e-05,-6.290056959843276e-05,3.120385443670404e-05,2.0052373810272757,6.290056959843276e-05,3.15324282533871e-05,-3.136814134504566e-05,-1.8973538018496328e-19,0.499968631858655,0.5000315324282534,1.999968631858655,2.0000315324282534,1.568407067252283e-05
1000.0,0.01,512,-3.136814134504547e-05,-6.290056959843253e-05,3.1203854436703864e-05,2.00523738102728,6.290056959843253e-05,3.153242825338706e-05,-3.136814134504547e-05,-2.710505431213761e-20,0.499968631858655,0.5000315324282534,1.999968631858655,2.0000315324282534,1.5684070672522736e-05
1000.0,0.1,128,-0.0002955332139219427,-0.0006086688331178163,0.00027793080864801223,2.0595615126988065,0.0006086688331178163,0.0003131356191958736,-0.0002955332139219427,3.2526065174565133e-19,0.49970446678607805,0.5003131356191959,1.9997044667860782,2.0003131356191957,0.00014776660696097136
1000.0,0.1,256,-0.00029553321392194434,-0.0006086688331178176,0.00027793080864801375,2.0595615126987994,0.0006086688331178176,0.00031313561919587326,-0.00029553321392194434,-1.734723475976807e-18,0.49970446678607805,0.5003131356191959,1.9997044667860782,2.0003131356191957,0.00014776660696097217
1000.0,0.1,512,-0.0002955332139219426,-0.0006086688331178153,0.0002779308086480121,2.059561512698804,0.0006086688331178153,0.0003131356191958727,-0.0002955332139219426,-4.336808689942018e-19,0.49970446678607805,0.5003131356191959,1.9997044667860782,2.0003131356191957,0.0001477666069609713
1000.0,1.0,128,-0.00199267836496261,-0.004650900465404357,0.0013271346294834734,2.3339945608791837,0.004650900465404357,0.002658222100441747,-0.00199267836496261,0.0,0.4980073216350374,0.5026582221004418,1.9980073216350374,2.002658222100442,0.000996339182481305
1000.0,1.0,256,-0.00199267836496262,-0.004650900465404367,0.001327134629483479,2.3339945608791774,0.004650900465404367,0.0026582221004417474,-0.00199267836496262,-1.3010426069826053e-17,0.49800732163503736,0.5026582221004418,1.9980073216350374,2.002658222100442,0.00099633918248131
1000.0,1.0,512,-0.001992678364962608,-0.004650900465404353,0.0013271346294834719,2.333994560879184,0.004650900465404353,0.002658222100441745,-0.001992678364962608,8.673617379884035e-19,0.4980073216350374,0.5026582221004418,1.9980073216350374,2.002658222100442,0.000996339182481304
1000.0,10.0,128,-0.005334615493529112,-0.014873949773323724,0.0011298967072636134,2.788195286308043,0.014873949773323724,0.009539334279794611,-0.005334615493529112,0.0,0.4946653845064709,0.5095393342797946,1.9946653845064708,2.0095393342797947,0.002667307746764556
1000.0,10.0,256,-0.00533461549352913,-0.014873949773323727,0.0011298967072636145,2.788195286308034,0.014873949773323727,0.009539334279794597,-0.00533461549352913,-4.85722573273506e-17,0.49466538450647085,0.5095393342797946,1.9946653845064708,2.0095393342797947,0.002667307746764565
1000.0,10.0,512,-0.005334615493529105,-0.014873949773323706,0.001129896707263612,2.7881952863080435,0.014873949773323706,0.0095393342797946,-0.005334615493529105,3.469446951953614e-18,0.4946653845064709,0.5095393342797946,1.9946653845064708,2.0095393342797947,0.0026673077467645524
1000.0,100.0,128,-0.006636253905148583,-0.0196992720184203,0.00020948969702543895,2.9684325373893667,0.0196992720184203,0.013063018113271718,-0.006636253905148583,-1.0408340855860843e-17,0.4933637460948514,0.5130630181132717,1.9933637460948515,2.0130630181132716,0.0033181269525742914
1000.0,100.0,256,-0.0066362539051486,-0.019699272018420297,0.00020948969702543914,2.9684325373893583,0.019699272018420297,0.013063018113271697,-0.0066362539051486,-6.591949208711867e-17,0.4933637460948514,0.5130630181132717,1.9933637460948515,2.0130630181132716,0.0033181269525743
1000.0,100.0,512,-0.006636253905148573,-0.019699272018420283,0.00020948969702543893,2.968432537389368,0.019699272018420283,0.01306301811327171,-0.006636253905148573,0.0,0.49336374609485145,0.5130630181132717,1.9933637460948515,2.0130630181132716,0.0033181269525742866
1000.0,1000.0,128,-0.006813010301696278,-0.0203983893990313,4.064150605752595e-05,2.9940347211793568,0.0203983893990313,0.013585379097335024,-0.006813010301696278,-6.938893903907228e-18,0.4931869896983037,0.513585379097335,1.9931869896983037,2.013585379097335,0.003406505150848139
1000.0,1000.0,256,-0.006813010301696294,-0.020398389399031294,4.0641506057526124e-05,2.9940347211793483,0.020398389399031294,0.013585379097335,-0.006813010301696294,-6.245004513516506e-17,0.4931869896983037,0.513585379097335,1.9931869896983037,2.013585379097335,0.003406505150848147
1000.0,1000.0,512,-0.006813010301696268,-0.020398389399031283,4.0641506057526165e-05,2.9940347211793585,0.020398389399031283,0.013585379097335015,-0.006813010301696268,3.469446951953614e-18,0.4931869896983037,0.513585379097335,1.9931869896983037,2.013585379097335,0.003406505150848134
1000.0,10000.0,128,-0.006831363217068532,-0.020471649604434615,2.2440046770969925e-05,2.9967151436605053,0.020471649604434615,0.013640286387366083,-0.006831363217068532,-1.0408340855860843e-17,0.4931686367829315,0.513640286387366,1.9931686367829315,2.013640286387366,0.003415681608534266
1000.0,10000.0,256,-0.006831363217068551,-0.020471649604434615,2.2440046770969657e-05,2.996715143660497,0.020471649604434615,0.013640286387366064,-0.006831363217068551,-6.591949208711867e-17,0.49316863678293144,0.513640286387366,1.9931686367829315,2.013640286387366,0.0034156816085342753
1000.0,10000.0,512,-0.006831363217068523,-0.020471649604434605,2.2440046770969705e-05,2.9967151436605075,0.020471649604434605,0.013640286387366082,-0.006831363217068523,6.938893903907228e-18,0.4931686367829315,0.513640286387366,1.9931686367829315,2.013640286387366,0.0034156816085342614
1258.92541179,1258.92541179,128,-0.0068213792175443105,-0.02043177684706024,3.236080557268271e-05,2.9952559732364006,0.02043177684706024,0.013610397629515929,-0.0068213792175443105,-6.938893903907228e-18,0.49317862078245567,0.5136103976295159,1.9931786207824558,2.013610397629516,0.0034106896087721553
1258.92541179,1258.92541179,256,-0.006821379217544327,-0.02043177684706023,3.236080557268307e-05,2.9952559732363917,0.02043177684706023,0.013610397629515903,-0.006821379217544327,-6.938893903907228e-17,0.49317862078245567,0.5136103976295159,1.9931786207824558,2.013610397629516,0.0034106896087721635
1258.92541179,1258.92541179,512,-0.0068213792175443,-0.020431776847060223,3.2360805572682774e-05,2.9952559732364024,0.020431776847060223,0.013610397629515922,-0.0068213792175443,6.938893903907228e-18,0.4931786207824557,0.5136103976295159,1.9931786207824558,2.013610397629516,0.00341068960877215
1584.89319246,1584.89319246,128,-0.006828041321581045,-0.020458369401583895,2.5754563159227508e-05,2.996228118438909,0.020458369401583895,0.01363032808000285,-0.006828041321581045,-1.0408340855860843e-17,0.49317195867841895,0.5136303280800029,1.993171958678419,2.0136303280800028,0.0034140206607905224
1584.89319246,1584.89319246,256,-0.006828041321581063,-0.02045836940158389,2.5754563159227572e-05,2.9962281184389004,0.02045836940158389,0.013630328080002828,-0.006828041321581063,-6.938893903907228e-17,0.49317195867841895,0.5136303280800029,1.993171958678419,2.0136303280800028,0.0034140206607905315
1584.89319246,1584.89319246,512,-0.006828041321581036,-0.020458369401583888,2.57545631592275e-05,2.996228118438912,0.020458369401583888,0.013630328080002852,-0.006828041321581036,6.938893903907228e-18,0.49317195867841895,0.5136303280800029,1.993171958678419,2.0136303280800028,0.003414020660790518
1995.26231497,1995.26231497,128,-0.006833342358211597,-0.020479538200324374,2.0488874310408937e-05,2.997001632109681,0.020479538200324374,0.013646195842112777,-0.006833342358211597,-6.938893903907228e-18,0.4931666576417884,0.5136461958421128,1.9931666576417884,2.013646195842113,0.0034166711791057984
1995.26231497,1995.26231497,256,-0.006833342358211615,-0.020479538200324363,2.0488874310409063e-05,2.9970016321096717,0.020479538200324363,0.013646195842112747,-0.006833342358211615,-7.28583859910259e-17,0.4931666576417884,0.5136461958421128,1.9931666576417884,2.013646195842113,0.0034166711791058075
1995.26231497,1995.26231497,512,-0.006833342358211587,-0.02047953820032436,2.0488874310408856e-05,2.9970016321096833,0.02047953820032436,0.013646195842112772,-0.006833342358211587,6.938893903907228e-18,0.4931666576417884,0.5136461958421128,1.9931666576417884,2.013646195842113,0.0034166711791057936
2511.88643151,2511.88643151,128,-0.006837558902685514,-0.020496382024218635,1.629468383789961e-05,2.9976168857819263,0.020496382024218635,0.01365882312153312,-0.006837558902685514,-6.938893903907228e-18,0.4931624410973145,0.5136588231215331,1.9931624410973146,2.013658823121533,0.003418779451342757
2511.88643151,2511.88643151,256,-0.006837558902685532,-0.020496382024218628,1.6294683837899647e-05,2.9976168857819174,0.020496382024218628,0.013658823121533097,-0.006837558902685532,-6.938893903907228e-17,0.49316244109731444,0.5136588231215331,1.9931624410973146,2.013658823121533,0.003418779451342766
2511.88643151,2511.88643151,512,-0.006837558902685506,-0.02049638202421862,1.6294683837899583e-05,2.9976168857819276,0.02049638202421862,0.013658823121533114,-0.006837558902685506,3.469446951953614e-18,0.4931624410973145,0.5136588231215331,1.9931624410973146,2.013658823121533,0.003418779451342753
3162.27766017,3162.27766017,128,-0.006840911878328953,-0.020509779796701603,1.2955838285244223e-05,2.9981061240788236,0.020509779796701603,0.01366886791837265,-0.006840911878328953,-1.0408340855860843e-17,0.49315908812167103,0.5136688679183726,1.993159088121671,2.0136688679183727,0.0034204559391644764
3162.27766017,3162.27766017,256,-0.0068409118783289685,-0.020509779796701592,1.2955838285244592e-05,2.9981061240788156,0.020509779796701592,0.013668867918372624,-0.0068409118783289685,-6.591949208711867e-17,0.49315908812167103,0.5136688679183726,1.993159088121671,2.0136688679183727,0.0034204559391644842
3162.27766017,3162.27766017,512,-0.0068409118783289416,-0.020509779796701585,1.2955838285244758e-05,2.9981061240788263,0.020509779796701585,0.013668867918372643,-0.0068409118783289416,6.938893903907228e-18,0.4931590881216711,0.5136688679183726,1.993159088121671,2.0136688679183727,0.0034204559391644708
3981.07170553,3981.07170553,128,-0.006843577551667423,-0.020520433561674038,1.0299093328222232e-05,2.9984950717295926,0.020520433561674038,0.013676856010006615,-0.006843577551667423,-6.938893903907228e-18,0.4931564224483326,0.5136768560100066,1.9931564224483327,2.0136768560100067,0.0034217887758337113
3981.07170553,3981.07170553,256,-0.0068435775516674435,-0.020520433561674035,1.0299093328222132e-05,2.998495071729583,0.020520433561674035,0.01367685601000659,-0.0068435775516674435,-7.28583859910259e-17,0.4931564224483326,0.5136768560100066,1.9931564224483325,2.0136768560100067,0.0034217887758337217
3981.07170553,3981.07170553,512,-0.006843577551667414,-0.02052043356167403,1.0299093328222257e-05,2.9984950717295953,0.02052043356167403,0.013676856010006618,-0.006843577551667414,1.0408340855860843e-17,0.4931564224483326,0.5136768560100066,1.9931564224483327,2.0136768560100067,0.003421788775833707
5011.87233627,5011.87233627,128,-0.006845696430740588,-0.02052890343806242,8.185854159331146e-06,2.9988042335440723,0.02052890343806242,0.013683207007321833,-0.006845696430740588,-1.3877787807814457e-17,0.49315430356925943,0.5136832070073218,1.9931543035692594,2.013683207007322,0.003422848215370294
5011.87233627,5011.87233627,256,-0.0068456964307406065,-0.02052890343806242,8.185854159330765e-06,2.9988042335440643,0.02052890343806242,0.013683207007321814,-0.0068456964307406065,-6.591949208711867e-17,0.4931543035692594,0.5136832070073218,1.9931543035692594,2.013683207007322,0.0034228482153703032
5011.87233627,5011.87233627,512,-0.0068456964307405796,-0.020528903438062414,8.185854159331005e-06,2.998804233544075,0.020528903438062414,0.013683207007321833,-0.0068456964307405796,6.938893903907228e-18,0.49315430356925943,0.5136832070073218,1.9931543035692594,2.013683207007322,0.0034228482153702898
6309.5734448,6309.5734448,128,-0.006847380438031326,-0.0205356359054354,6.505408658569654e-06,2.9990499419862164,0.0205356359054354,0.013688255467404074,-0.006847380438031326,-6.938893903907228e-18,0.49315261956196865,0.513688255467404,1.9931526195619687,2.0136882554674043,0.003423690219015663
6309.5734448,6309.5734448,256,-0.006847380438031344,-0.02053563590543539,6.505408658569408e-06,2.9990499419862067,0.02053563590543539,0.013688255467404046,-0.006847380438031344,-7.28583859910259e-17,0.49315261956196865,0.513688255467404,1.9931526195619687,2.0136882554674043,0.003423690219015672
6309.5734448,6309.5734448,512,-0.006847380438031317,-0.020535635905435386,6.505408658569566e-06,2.999049941986218,0.020535635905435386,0.01368825546740407,-0.006847380438031317,3.469446951953614e-18,0.4931526195619687,0.513688255467404,1.9931526195619687,2.0136882554674043,0.0034236902190156585
7943.28234724,7943.28234724,128,-0.006848718674673801,-0.020540986603036403,5.169420984993821e-06,2.99924519881301,0.020540986603036403,0.013692267928362601,-0.006848718674673801,-1.0408340855860843e-17,0.4931512813253262,0.5136922679283626,1.9931512813253263,2.0136922679283624,0.0034243593373369007
7943.28234724,7943.28234724,256,-0.006848718674673818,-0.02054098660303639,5.169420984993609e-06,2.9992451988130013,0.02054098660303639,0.013692267928362572,-0.006848718674673818,-7.28583859910259e-17,0.4931512813253262,0.5136922679283625,1.9931512813253263,2.0136922679283624,0.003424359337336909
7943.28234724,7943.28234724,512,-0.006848718674673791,-0.02054098660303639,5.16942098499401e-06,2.999245198813013,0.02054098660303639,0.013692267928362598,-0.006848718674673791,1.0408340855860843e-17,0.4931512813253262,0.5136922679283626,1.9931512813253263,2.0136922679283624,0.0034243593373368955
10000.0,0.0001,128,-3.165416578530421e-07,-6.330437551489339e-07,3.165812184101925e-07,1.9998750225881214,6.330437551489339e-07,3.1650209729589184e-07,-3.165416578530421e-07,2.117582368135751e-22,0.49999968345834217,0.5000003165020973,1.9999996834583422,2.0000003165020974,1.5827082892652105e-07
10000.0,0.0001,256,-3.1654165785304373e-07,-6.330437551489353e-07,3.165812184101942e-07,1.9998750225881152,6.330437551489353e-07,3.165020972958916e-07,-3.1654165785304373e-07,-1.6940658945086007e-21,0.49999968345834217,0.5000003165020973,1.9999996834583422,2.0000003165020974,1.5827082892652187e-07
10000.0,0.0001,512,-3.165416578530419e-07,-6.33043755148933e-07,3.165812184101923e-07,1.9998750225881197,6.33043755148933e-07,3.165020972958911e-07,-3.165416578530419e-07,-4.235164736271502e-22,0.49999968345834217,0.5000003165020973,1.9999996834583422,2.0000003165020974,1.5827082892652094e-07
10000.0,0.001,128,-3.1632875123777e-06,-6.328301779314909e-06,3.161560757818195e-06,2.0005458734157906,6.328301779314909e-06,3.165014266937209e-06,-3.1632875123777e-06,3.3881317890172014e-21,0.4999968367124876,0.5000031650142669,1.9999968367124876,2.000003165014267,1.58164375618885e-06
10000.0,0.001,256,-3.1632875123777164e-06,-6.3283017793149224e-06,3.161560757818212e-06,2.0005458734157844,6.3283017793149224e-06,3.165014266937206e-06,-3.1632875123777164e-06,-1.5246593050577406e-20,0.4999968367124876,0.5000031650142669,1.9999968367124876,2.000003165014267,1.5816437561888582e-06
10000.0,0.001,512,-3.1632875123776986e-06,-6.3283017793149e-06,3.1615607578181934e-06,2.000545873415789,6.3283017793149e-06,3.1650142669372018e-06,-3.1632875123776986e-06,-1.6940658945086007e-21,0.4999968367124876,0.5000031650142669,1.9999968367124876,2.000003165014267,1.5816437561888493e-06
10000.0,0.01,128,-3.142473491572004e-05,-6.307037557884087e-05,3.120382916831928e-05,2.0070296773542644,6.307037557884087e-05,3.1645640663120834e-05,-3.142473491572004e-05,4.0657581468206416e-20,0.49996857526508426,0.5000316456406632,1.9999685752650842,2.000031645640663,1.571236745786002e-05
10000.0,0.01,256,-3.1424734915720215e-05,-6.307037557884102e-05,3.120382916831945e-05,2.0070296773542577,6.307037557884102e-05,3.164564066312081e-05,-3.1424734915720215e-05,-1.7618285302889447e-19,0.49996857526508426,0.5000316456406632,1.9999685752650842,2.000031645640663,1.5712367457860107e-05
10000.0,0.01,512,-3.142473491572003e-05,-6.30703755788408e-05,3.1203829168319264e-05,2.0070296773542626,6.30703755788408e-05,3.164564066312077e-05,-3.142473491572003e-05,-2.710505431213761e-20,0.49996857526508426,0.5000316456406632,1.9999685752650842,2.000031645640663,1.5712367457860016e-05
10000.0,0.1,128,-0.00029608085331370116,-0.0006103294945417218,0.0002779130653993819,2.061360900953195,0.0006103294945417218,0.0003142486412280206,-0.00029608085331370116,2.168404344971009e-19,0.4997039191466863,0.500314248641228,1.9997039191466863,2.000314248641228,0.00014804042665685058
10000.0,0.1,256,-0.0002960808533137028,-0.0006103294945417233,0.00027791306539938336,2.0613609009531886,0.0006103294945417233,0.0003142486412280205,-0.0002960808533137028,-1.734723475976807e-18,0.49970391914668627,0.500314248641228,1.9997039191466863,2.000314248641228,0.0001480404266568514
10000.0,0.1,512,-0.00029608085331370095,-0.0006103294945417209,0.00027791306539938173,2.0613609009531935,0.0006103294945417209,0.00031424864122801995,-0.00029608085331370095,-2.168404344971009e-19,0.4997039191466863,0.500314248641228,1.9997039191466863,2.000314248641228,0.00014804042665685047
10000.0,1.0,128,-0.0019968629815370425,-0.00466450321984694,0.0013260857247641882,2.3359155149726587,0.00466450321984694,0.002667640238309897,-0.0019968629815370425,8.673617379884035e-19,0.49800313701846294,0.5026676402383099,1.998003137018463,2.0026676402383097,0.0009984314907685212
10000.0,1.0,256,-0.001996862981537052,-0.004664503219846948,0.0013260857247641934,2.335915514972652,0.004664503219846948,0.0026676402383098963,-0.001996862981537052,-1.474514954580286e-17,0.49800313701846294,0.5026676402383099,1.998003137018463,2.0026676402383097,0.000998431490768526
10000.0,1.0,512,-0.0019968629815370403,-0.0046645032198469345,0.001326085724764186,2.3359155149726587,0.0046645032198469345,0.002667640238309894,-0.0019968629815370403,-8.673617379884035e-19,0.49800313701846294,0.5026676402383099,1.998003137018463,2.0026676402383097,0.0009984314907685202
10000.0,10.0,128,-0.0053479981576894705,-0.014923908415341075,0.0011200860577273357,2.7905597525091044,0.014923908415341075,0.009575910257651605,-0.0053479981576894705,0.0,0.4946520018423105,0.5095759102576516,1.9946520018423106,2.009575910257652,0.0026739990788447352
10000.0,10.0,256,-0.00534799815768949,-0.014923908415341084,0.0011200860577273368,2.790559752509096,0.014923908415341084,0.009575910257651594,-0.00534799815768949,-4.85722573273506e-17,0.4946520018423105,0.5095759102576516,1.9946520018423106,2.009575910257652,0.002673999078844745
10000.0,10.0,512,-0.005347998157689464,-0.014923908415341062,0.0011200860577273342,2.790559752509105,0.014923908415341062,0.009575910257651598,-0.005347998157689464,3.469446951953614e-18,0.49465200184231056,0.5095759102576516,1.9946520018423106,2.009575910257652,0.002673999078844732
10000.0,100.0,128,-0.00665397785290175,-0.01976942252915452,0.00019251102955072008,2.971068279184792,0.01976942252915452,0.01311544467625277,-0.00665397785290175,-1.0408340855860843e-17,0.4933460221470983,0.5131154446762528,1.9933460221470982,2.0131154446762527,0.003326988926450875
10000.0,100.0,256,-0.006653977852901769,-0.01976942252915452,0.00019251102955071986,2.9710682791847836,0.01976942252915452,0.013115444676252752,-0.006653977852901769,-6.938893903907228e-17,0.4933460221470982,0.5131154446762527,1.9933460221470982,2.0131154446762527,0.0033269889264508847
10000.0,100.0,512,-0.0066539778529017424,-0.019769422529154514,0.00019251102955071965,2.9710682791847947,0.019769422529154514,0.013115444676252771,-0.0066539778529017424,3.469446951953614e-18,0.4933460221470983,0.5131154446762528,1.9933460221470982,2.0131154446762527,0.0033269889264508712
10000.0,1000.0,128,-0.006831363217068532,-0.020471649604434615,2.24400467709699e-05,2.9967151436605053,0.020471649604434615,0.013640286387366083,-0.006831363217068532,-1.0408340855860843e-17,0.4931686367829315,0.513640286387366,1.9931686367829315,2.013640286387366,0.003415681608534266
10000.0,1000.0,256,-0.006831363217068551,-0.020471649604434615,2.244004677096974e-05,2.996715143660497,0.020471649604434615,0.013640286387366064,-0.006831363217068551,-6.591949208711867e-17,0.49316863678293144,0.513640286387366,1.9931686367829315,2.013640286387366,0.0034156816085342753
10000.0,1000.0,512,-0.006831363217068523,-0.020471649604434605,2.244004677096973e-05,2.9967151436605075,0.020471649604434605,0.013640286387366082,-0.006831363217068523,6.938893903907228e-18,0.4931686367829315,0.513640286387366,1.9931686367829315,2.013640286387366,0.0034156816085342614
10000.0,10000.0,128,-0.0068497820413456504,-0.020545238649901935,4.107474135003874e-06,2.9994003496592705,0.020545238649901935,0.013695456608556283,-0.0068497820413456504,-1.0408340855860843e-17,0.4931502179586543,0.5136954566085563,1.9931502179586544,2.013695456608556,0.0034248910206728252
10000.0,10000.0,256,-0.00684978204134567,-0.020545238649901935,4.107474135003256e-06,2.9994003496592616,0.020545238649901935,0.013695456608556264,-0.00684978204134567,-7.632783294297951e-17,0.4931502179586543,0.5136954566085563,1.9931502179586544,2.013695456608556,0.003424891020672835
10000.0,10000.0,512,-0.006849782041345641,-0.02054523864990193,4.107474135003262e-06,2.999400349659274,0.02054523864990193,0.01369545660855629,-0.006849782041345641,1.0408340855860843e-17,0.4931502179586544,0.5136954566085563,1.9931502179586544,2.013695456608556,0.0034248910206728204
