l,weight,drive,minimum_field_coefficient
-2.1,1.0,-0.03551249385641975,7.6187795117096435
-2.09921875,1.0053237327068187,-0.03550912004957989,7.629470122281495
-2.0984375,1.0106842330381063,-0.035498459377255175,7.6401447022366
-2.09765625,1.0160817746462887,-0.035480609088188446,7.650803251574971
-2.0968750000000003,1.0215166333803507,-0.03545566759958972,7.6614457702966
-2.09609375,1.026989087304151,-0.035423734451951364,7.672072258401494
-2.0953125,1.032499416714847,-0.035384910264345745,7.682682715889652
-2.09453125,1.0380479041615105,-0.035339296690201666,7.693277142761062
-2.09375,1.0436348344639046,-0.03528699637355759,7.7038555390157395
-2.0929687500000003,1.0492604947313866,-0.035228112905788776,7.714417904653676
-2.0921875,1.054925174382026,-0.03516275078280575,7.7249642396748746
-2.09140625,1.0606291651618345,-0.035091015362721356,7.735494544079338
-2.090625,1.0663727611641973,-0.03501301282398421,7.746008817867055
-2.08984375,1.0721562588494689,-0.03492885012397511,7.756507061038041
-2.0890625000000003,1.0779799570647057,-0.034838634958065086,7.76698927359228
-2.08828125,1.0838441570636197,-0.03474247571913138,7.777455455529788
-2.0875,1.0897491625266493,-0.03464048145752958,7.787905606850556
-2.08671875,1.0956952795812425,-0.03453276184151908,7.7983397275545805
-2.0859375,1.101682816822309,-0.034419427118139195,7.808757817641871
-2.0851562500000003,1.1077120853328182,-0.034300588074534344,7.819159877112417
-2.084375,1.113783398704624,-0.03417635599972391,7.829545905966228
-2.08359375,1.119897073059418,-0.03404684264681735,7.839915904203304
-2.0828125,1.126053427069897,-0.03391216019566873,7.850269871823635
-2.08203125,1.1322527819811137,-0.03377242121597046,7.860607808827229
-2.0812500000000003,1.1384954616319758,-0.03362773863078384,7.870929715214083
-2.08046875,1.1447817924769823,-0.03347822568050191,7.8812355909842005
-2.0796875,1.1511121036080953,-0.03332399588724552,7.89152543613758
-2.07890625,1.1574867267768352,-0.03316516301968699,7.901799250674217
-2.078125,1.1639059964165657,-0.03300184105830049,7.91205703459412
-2.0773437500000003,1.1703702496649353,-0.032834144161037915,7.9222987878972795
-2.0765625,1.1768798263865672,-0.03266218662942492,7.932524510583703
-2.07578125,1.1834350691958884,-0.03248608287507798,7.94273420265339
-2.075,1.1900363234801934,-0.03230594738663795,7.952927864106331
-2.07421875,1.196683936434011,-0.0321218842639916,7.96310309491834
-2.0734375000000003,1.2033782560604436,-0.031933997720328386,7.97325749506521
-2.07265625,1.2101196321387506,-0.03174240243504793,7.983391064546948
-2.071875,1.21690841722456,-0.03154721303941052,7.9935038033635495
-2.07109375,1.223744966672351,-0.03134854408557771,8.00359571151501
-2.0703125,1.2306296386581224,-0.031146510016050195,8.013666789001341
-2.0695312500000003,1.2375627942022058,-0.030941225133501053,8.023717035822527
-2.06875,1.2445447971923236,-0.030732803571000923,8.033746451978583
-2.06796875,1.2515760144067778,-0.030521359262634124,8.043755037469506
-2.0671875,1.258656815537865,-0.030307005914502656,8.053742792295285
-2.06640625,1.2657875732154846,-0.030089856976116096,8.063709716455932
-2.0656250000000003,1.2729686630308994,-0.029870025612166486,8.073655809951438
-2.06484375,1.2802004635607487,-0.029647624674682887,8.083581072781815
-2.0640625,1.2874833563911983,-0.02942276667556816,8.093485504947058
-2.06328125,1.294817726142328,-0.02919556375951079,8.103369106447154
-2.0625,1.3022039604927158,-0.028966127677272857,8.113231877282125
-2.0617187500000003,1.3096424502041848,-0.028734569759351805,8.123073817451948
-2.0609375,1.31713358914681,-0.028501000890011487,8.132894926956645
-2.06015625,1.3246777743240703,-0.028265531481683884,8.142695205796205
-2.059375,1.332275405898244,-0.0280282714497357,8.152474653970623
-2.05859375,1.3399268872160133,-0.027789330187600197,8.16223327147991
-2.0578125000000003,1.347632624834233,-0.027548816542271808,8.171971058324056
-2.05703125,1.355393028545976,-0.027306838790159438,8.18168801450307
-2.05625,1.3632085114067232,-0.027063504613299448,8.191384140016948
-2.05546875,1.3710794897608107,-0.026818921075923017,8.201059434865687
-2.0546875,1.3790063832680945,-0.026573194601377574,8.210713899049292
-2.0539062500000003,1.3869896149307848,-0.026326430949400348,8.220347532567757
-2.053125,1.3950296111205676,-0.026078735193739797,8.229960335421092
-2.05234375,1.403126801605878,-0.025830211700125744,8.239552307609289
-2.0515625,1.4112816195794426,-0.02558096410458329,8.249123449132348
-2.05078125,1.4194945016860434,-0.025331095292089344,8.258673759990275
-2.0500000000000003,1.4277658880504625,-0.025080707375571075,8.268203240183057
-2.04921875,1.4360962211646418,-0.024829892440339108,8.277709447381959
-2.0484375,1.4444859447350016,-0.02457874188286951,8.287189939258221
-2.04765625,1.4529355047979702,-0.02432735556573628,8.296644715811839
-2.046875,1.4614453508748697,-0.02407583250161605,8.30607377704282
-2.0460937500000003,1.4700159359990699,-0.023824270833906813,8.31547712295116
-2.0453125,1.4786477167434202,-0.02357276781766817,8.32485475353686
-2.04453125,1.4873411532478182,-0.023321419800885,8.334206668799922
-2.04375,1.496096709247037,-0.023070322206048995,8.343532868740336
-2.04296875,1.5049148520987636,-0.02281956951205758,8.35283335335812
-2.0421875000000003,1.5137960528118029,-0.022569255236428793,8.362108122653257
-2.04140625,1.5227407860745668,-0.022319471917827148,8.37135717662576
-2.040625,1.5317495302837099,-0.022070311098902153,8.380580515275623
-2.03984375,1.5408227675730275,-0.02182186330943366,8.389778138602841
-2.0390625,1.5499609838425774,-0.021574218049783503,8.398950046607423
-2.0382812500000003,1.5591646687879686,-0.02132746377465268,8.408096239289359
-2.0375,1.5684343159299492,-0.021081687877137788,8.41721671664866
-2.03671875,1.5777704226441431,-0.020836976673089494,8.426311478685326
-2.0359375,1.587173490191061,-0.020593415385766242,8.435380525399342
-2.03515625,1.5966440237463406,-0.020351088130783578,8.444423856790726
-2.0343750000000003,1.60618253243116,-0.0201100779013572,8.453441472859465
-2.03359375,1.615789529342965,-0.019870466553834263,8.462433373605567
-2.0328125,1.6254655315863429,-0.019632334793514984,8.47139955902903
-2.03203125,1.6352110603041872,-0.0193957621607585,8.480340029129849
-2.03125,1.6450266407090959,-0.01916082701737211,8.489254783908033
-2.0304687500000003,1.6549128021149513,-0.018927606533283056,8.498143823363572
-2.0296875,1.6648700779688212,-0.01869617667348673,8.507007147496473
-2.02890625,1.674899005883017,-0.018466612185273255,8.51584475630674
-2.028125,1.685000127667448,-0.018238986585726775,8.524656649794357
-2.02734375,1.69517398936222,-0.01801337214949574,8.53344282795934
-2.0265625000000003,1.7054211412704212,-0.017789839896834015,8.542203290801679
-2.02578125,1.715742137991242,-0.01756845958190619,8.550938038321384
-2.025,1.7261375384532542,-0.017349299681359006,8.559647070518446
-2.02421875,1.736607904668952,-0.017132419752097762,8.568327939219714
-2.0234375,1.7471538004429408,-0.016917878181329043,8.576978196252036
-2.0226562500000003,1.7577757926218163,-0.016705739742981715,8.585597841615403
-2.021875,1.7684744523899636,-0.01649606789155441,8.594186875309832
-2.02109375,1.7792503553018106,-0.01628892475187882,8.602745297335314
-2.0203125,1.7901040813143647,-0.01608437110912975,8.611273107691842
-2.01953125,1.8010362148199752,-0.015882466399079836,8.619770306379428
-2.0187500000000003,1.812047344679262,-0.01568326869859795,8.62823689339806
-2.01796875,1.8231380642543629,-0.015486834716385834,8.63667286874775
-2.0171875,1.8343089714423193,-0.015293219783953729,8.645078232428492
-2.01640625,1.8455606687087531,-0.015102477846829082,8.653452984440284
-2.015625,1.8568937631217766,-0.014914661455998013,8.66179712478313
-2.0148437500000003,1.8683088663860716,-0.014729821759576489,8.670110653457026
-2.0140625,1.8798065948773006,-0.014548008494707065,8.678393570461981
-2.01328125,1.8913875696766538,-0.014369269979680698,8.686645875797986
-2.0125,1.9030524166057015,-0.014193653106279142,8.694867569465037
-2.01171875,1.9148017662614845,-0.014021203332335409,8.703058651463147
-2.0109375000000003,1.9266362540517763,-0.01385196467451132,8.711219121792304
-2.01015625,1.9385565202306896,-0.013685979701285763,8.719348980452521
-2.009375,1.9505632099344217,-0.013523289526155152,8.727448227443789
-2.00859375,1.9626569732173131,-0.013363933801039493,8.735516862766106
-2.0078125,1.9748384650881519,-0.013207950709892946,8.743554886419478
-2.0070312500000003,1.9871083455466543,-0.013055376962516747,8.751562298403899
-2.00625,1.9994672796202981,-0.012906247788568893,8.759539098719378
-2.00546875,2.0119159374013025,-0.012760596931770778,8.767485287365908
-2.0046875,2.024454994083924,-0.012618456644305286,8.775400864343487
-2.00390625,2.0370851300020116,-0.012479857681404308,8.783285829652122
-2.0031250000000003,2.0498070306667366,-0.0123448292961237,8.791140183291807
-2.00234375,2.0626213868046914,-0.012213399234299652,8.798963925262544
-2.0015625,2.0755288943961316,-0.012085593729687101,8.80675705556434
-2.00078125,2.0885302547135516,-0.011961437499273989,8.81451957419718
-2.0,2.101626174360516,-0.011840953738769516,8.822251481161079
-1.99921875,2.1148173639305043,-0.011724158229021397,8.829950383139103
-1.9984375,2.1281045366140754,-0.011611065332055127,8.837613886814333
-1.9976562500000001,2.1414884095480535,-0.011501693820552938,8.845241992186775
-1.9968750000000002,2.1549697052158763,-0.011396060929122268,8.852834699256425
-1.99609375,2.1685491514851427,-0.011294182350523794,8.860392008023275
-1.9953125,2.1822274816453717,-0.011196072232054429,8.86791391848734
-1.99453125,2.196005434446032,-0.011101743172080812,8.875400430648606
-1.9937500000000001,2.209883754134757,-0.011011206216721761,8.882851544507078
-1.9929687500000002,2.223863190495817,-0.010924470856674324,8.89026726006276
-1.9921875,2.2379444988888215,-0.010841545024181505,8.897647577315649
-1.99140625,2.252128440287632,-0.010762435090137908,8.904992496265741
-1.990625,2.266415781319554,-0.010687145861328885,8.912302016913046
-1.9898437500000001,2.280807294304719,-0.01061568057780115,8.919576139257554
-1.9890625000000002,2.2953037572957258,-0.010548040910360216,8.926814863299267
-1.98828125,2.309905954117516,-0.010484226958191484,8.934018189038193
-1.9875,2.3246146744074694,-0.010424237246601426,8.941186116474324
-1.98671875,2.3394307136557737,-0.010368068724875067,8.948318645607658
-1.9859375000000001,2.3543548732459993,-0.010315716764246155,8.955415776438203
-1.9851562500000002,2.3693879604959283,-0.010267175155976464,8.962477508965955
-1.984375,2.384530788698629,-0.010222436109540108,8.969503843190916
-1.98359375,2.3997841771637485,-0.01018149025090959,8.976494779113073
-1.9828125,2.415148951259089,-0.010144326620939198,8.983450316732444
-1.9820312500000001,2.4306259424523904,-0.01011093267384254,8.990370456049025
-1.9812500000000002,2.4462159883533725,-0.010081294275759718,8.997255197062808
-1.98046875,2.4619199327560244,-0.010055395703410769,9.0041045397738
-1.9796875,2.4777386256811185,-0.010033219642831069,9.010918484182001
-1.97890625,2.493672923419015,-0.010014747188184705,9.017697030287406
-1.9781250000000001,2.5097236885726697,-0.009999957840652073,9.024440178090018
-1.9773437500000002,2.5258917901009084,-0.009988829507387387,9.031147927589839
-1.9765625,2.542178103361957,-0.009981338500542211,9.037820278786869
-1.97578125,2.558583510157193,-0.009977459536350465,9.044457231681097
-1.975,2.5751088987751967,-0.009977165734271473,9.05105878627254
-1.9742187500000001,2.591755162624312,-0.009980424365823345,9.057622735710952
-1.9734375000000002,2.6085231988106825,-0.009987201180984808,9.064146873146093
-1.97265625,2.6254139095203937,-0.009997464618497005,9.070631198577978
-1.971875,2.6424282034554167,-0.010011181516077959,9.077075712006591
-1.97109375,2.6595669958761885,-0.010028317109742363,9.083480413431937
-1.9703125000000001,2.6768312086443613,-0.010048835033154097,9.089845302854021
-1.9695312500000002,2.6942217702657905,-0.010072697317007755,9.096170380272842
-1.96875,2.711739615933732,-0.010099864388434233,9.102455645688394
-1.96796875,2.7293856875722398,-0.010130295070426398,9.108701099100683
-1.9671875,2.7471609338798166,-0.010163946581279708,9.114906740509703
-1.9664062500000001,2.7650663103732387,-0.010200774534044131,9.121072569915457
-1.9656250000000002,2.7831027794316174,-0.010240732935981985,9.127198587317949
-1.96484375,2.8012713103406766,-0.010283774188027436,9.133284792717175
-1.9640625,2.819572879337218,-0.01032984908424326,9.139331186113134
-1.96328125,2.8380084696538597,-0.01037890681126961,9.145337767505826
-1.9625000000000001,2.8565790715639303,-0.010430894947760706,9.151304536895253
-1.9617187500000002,2.8752856824266115,-0.010485759463803899,9.157231494281417
-1.9609375,2.894129306732291,-0.010543444720317423,9.163118639664317
-1.96015625,2.913110956148111,-0.010603893468420875,9.168965973043946
-1.959375,2.9322316495637764,-0.010667046848774158,9.174773494420311
-1.9585937500000001,2.951492413137536,-0.010732844390880025,9.180541203793414
-1.9578125000000002,2.970894280342399,-0.010801224012344804,9.186269101163246
-1.95703125,2.990438292012566,-0.010872122018093098,9.191957186529818
-1.95625,3.0101254963900557,-0.010945473099530322,9.19760545989312
-1.95546875,3.029956949171593,-0.011021210333649185,9.203213921253159
-1.9546875000000001,3.0499337135556637,-0.011099265182074297,9.208782570609932
-1.9539062500000002,3.070056860289808,-0.011179567490039646,9.21431140796344
-1.953125,3.0903274677181307,-0.011262045485294608,9.219800433313683
-1.95234375,3.1107466218289983,-0.011346625776932216,9.225249646660657
-1.9515625,3.131315416303006,-0.011433233354135142,9.23065904800437
-1.9507812500000001,3.152034952561104,-0.011521791584833824,9.236028637344814
-1.9500000000000002,3.172906339812963,-0.01161222221427146,9.241358414681995
-1.94921875,3.193930693777267,-0.011704442578813548,9.246646655914965
-1.9484375,3.215109135349351,-0.011798368431963569,9.251891636942778
-1.94765625,3.236442791906831,-0.011893916704730653,9.257093357765429
-1.9468750000000001,3.257932798667065,-0.01199100269725726,9.262251818382927
-1.9460937500000002,3.279580298733945,-0.012089540076828505,9.267367018795266
-1.9453125,3.3013864431448656,-0.012189440875757906,9.272438959002454
-1.94453125,3.3233523909178357,-0.012290615489142419,9.27746763900448
-1.94375,3.345479309098821,-0.012392972672482891,9.28245305880135
-1.9429687500000001,3.3677683728091976,-0.012496419539162924,9.287395218393058
-1.9421875000000002,3.3902207652934058,-0.012600861557780837,9.292294117779619
-1.94140625,3.4128376779667717,-0.012706202549329373,9.297149756961016
-1.940625,3.4356203104634693,-0.012812344684217068,9.301962135937258
-1.93984375,3.4585698706847063,-0.012919188479125373,9.306731254708343
-1.9390625000000001,3.48168757484702,-0.013026632793696057,9.311457113274269
-1.9382812500000002,3.5049746475307617,-0.013134574827042361,9.31613971163504
-1.9375,3.528432321728751,-0.0132429101140789,9.320779049790655
-1.93671875,3.552061838895059,-0.013351532521663448,9.325375127741113
-1.9359375,3.5758644489940146,-0.013460334244545239,9.32992794548641
-1.9351562500000001,3.599841410549309,-0.013569205801113322,9.334437503026551
-1.9343750000000002,3.623993990693289,-0.013678036028939217,9.338903800361539
-1.93359375,3.648323465216414,-0.013786712080107622,9.343326837491368
-1.9328125,3.6728311186168243,-0.013895119416328813,9.34770661441604
-1.93203125,3.6975182441501433,-0.014003141803826995,9.352043131135554
-1.9312500000000001,3.722386143879359,-0.014110661307998072,9.356336387649911
-1.9304687500000002,3.7474361287248947,-0.014217558287830306,9.360586383959115
-1.9296875,3.7726695185148253,-0.014323711390082351,9.364793120063155
-1.92890625,3.7980876420352145,-0.014428997543211662,9.368956595962048
-1.928125,3.8236918370806654,-0.01453329195104671,9.373076811655777
-1.9273437500000001,3.849483450504947,-0.014636468086197531,9.377153767144346
-1.9265625000000002,3.8754638382718025,-0.014738397683197159,9.381187462427764
-1.92578125,3.9016343655058994,-0.014838950731368254,9.385177897506024
-1.925,3.9279964065438806,-0.014937995467407195,9.389125072379125
-1.92421875,3.9545513439154685,-0.01503539693572935,9.393028292740643
-1.9234375000000001,3.9813005672811936,-0.0151310184315766,9.396886864284163
-1.9226562500000002,4.008245474495148,-0.015224722914357348,9.400700787009669
-1.921875,4.03538747271034,-0.015316371557290613,9.404470060917173
-1.92109375,4.062727978428265,-0.015405823738516667,9.408194686006672
-1.9203125,4.090268417548642,-0.015492937031888355,9.411874662278166
-1.9195312500000001,4.118010225419184,-0.015577567197435296,9.415509989731648
-1.9187500000000002,4.145954846885491,-0.015659568171495157,9.419100668367133
-1.91796875,4.174103736341046,-0.01573879205650434,9.422646698184609
-1.9171875,4.202458357777244,-0.015815089110441716,9.426148079184077
-1.91640625,4.231020184833607,-0.015888307735918393,9.429604811365543
-1.9156250000000001,4.259790700847992,-0.015958294468906155,9.433016894729002
-1.9148437500000002,4.288771398906923,-0.01602489396709846,9.436384329274457
-1.9140625,4.317963781896007,-0.01608794899789613,9.439707115001903
-1.91328125,4.347369362550383,-0.016147300426010862,9.442985251911349
-1.9125,4.376989663505323,-0.016202787200679913,9.446218740002783
-1.9117187500000001,4.406826217346832,-0.016254246342484527,9.449407579276212
-1.9109375000000002,4.4368805666623485,-0.016301512929764613,9.452551769731642
-1.91015625,4.467154264091517,-0.01634442008462319,9.45565131136906
-1.909375,4.4976488723769785,-0.01638279895851292,9.458706204188475
-1.90859375,4.528365964415305,-0.016416478717397272,9.461716448189883
-1.9078125000000001,4.559307123307909,-0.016445286526479756,9.464682043373285
-1.9070312500000002,4.5904739424120455,-0.016469047534492902,9.467602989738685
-1.90625,4.621868025391867,-0.016487584857540885,9.470479287286075
-1.90546875,4.653490986269487,-0.01650071956248704,9.473310936015462
-1.9046875,4.685344449476163,-0.01650827064987967,9.476097935926843
-1.9039062500000001,4.71743004990345,-0.016510055036408778,9.478840287020219
-1.9031250000000002,4.7497494329544185,-0.016505887536885644,9.481537989295585
-1.90234375,4.782304254594921,-0.016495580845738177,9.48419104275295
-1.9015625,4.815096181404839,-0.016478945518014536,9.486799447392311
-1.90078125,4.848126890629444,-0.016455789949886886,9.489363203213662
-1.9000000000000001,4.881398070230699,-0.016425920358648198,9.49188231021701
-1.8992187500000002,4.914911418376663,-0.016392830559811906,9.494357966145447
-1.8984375,4.948668642907747,-0.01636014586157722,9.496791368742077
-1.89765625,4.982671461918617,-0.016327868074780427,9.499182518006899
-1.896875,5.016921604362838,-0.01629599901146319,9.50153141393991
-1.8960937500000001,5.051420810103094,-0.016264540484825382,9.503838056541108
-1.8953125000000002,5.086170829961431,-0.01623349430917778,9.506102445810505
-1.89453125,5.121173425769493,-0.016202862299895118,9.508324581748083
-1.89375,5.15643037041868,-0.016172646273368993,9.510504464353858
-1.89296875,5.191943447910377,-0.016142848046960912,9.512642093627818
-1.8921875000000001,5.227714453406061,-0.016113469438955468,9.514737469569972
-1.8914062500000002,5.263745193277408,-0.016084512268513533,9.516790592180314
-1.890625,5.300037485156379,-0.01605597835562563,9.518801461458851
-1.88984375,5.336593157985192,-0.016027869521065198,9.520770077405572
-1.8890625,5.373414052066364,-0.01600018758634213,9.522696440020491
-1.8882812500000001,5.410502019112587,-0.01597293437365619,9.524580549303593
-1.8875000000000002,5.447858922296597,-0.01594611170585069,9.526422405254891
-1.88671875,5.485486636300992,-0.015919721406366112,9.52822200787438
-1.8859375,5.523387047367915,-0.015893765299193865,9.529979357162055
-1.88515625,5.56156205334878,-0.01586824520882999,9.531694453117922
-1.8843750000000001,5.600013563753812,-0.015843162960229154,9.533367295741977
-1.8835937500000002,5.63874349980156,-0.015818520378758527,9.534997885034224
-1.8828125,5.6777537944683205,-0.015794319290151695,9.53658622099466
-1.88203125,5.717046392537414,-0.015770561520462967,9.538132303623293
-1.88125,5.756623250648477,-0.015747248896021193,9.53963613292011
-1.8804687500000001,5.79648633734654,-0.01572438324338417,9.541097708885122
-1.8796875000000002,5.836637633131049,-0.015701966389292783,9.542517031518319
-1.87890625,5.877079130504784,-0.01568000016062549,9.543894100819712
-1.878125,5.9178128340225875,-0.015658486384352414,9.545228916789291
-1.87734375,5.9588407603400935,-0.015637426887489977,9.546521479427062
-1.8765625000000001,6.000164938262213,-0.01561682349705545,9.547771788733025
-1.8757812500000002,6.041787408791531,-0.01559667804002126,9.548979844707176
-1.875,6.083710225176576,-0.015576992343269803,9.550145647349517
-1.87421875,6.125935453246501,-0.01555776900345212,9.551272779009567
-1.8734375,6.168465171757667,-0.015539010617225409,9.552364822036832
-1.8726562500000001,6.211301472170961,-0.015520719010670632,9.553421776431325
-1.8718750000000002,6.254446458417318,-0.015502896008867867,9.554443642193041
-1.87109375,6.297902246945784,-0.01548554343583911,9.555430419321974
-1.8703125,6.341670966771336,-0.015468663114490744,9.556382107818129
-1.86953125,6.3857547595226505,-0.015452256866556645,9.557298707681504
-1.8687500000000001,6.430155779489581,-0.015436326512540864,9.558180218912103
-1.8679687500000002,6.4748761936704975,-0.015420873871660731,9.559026641509922
-1.8671875,6.519918181819425,-0.015405900761789786,9.559837975474963
-1.86640625,6.565283936492943,-0.015391408999401085,9.560614220807224
-1.865625,6.610975663096979,-0.015377400399510107,9.56135537750671
-1.8648437500000001,6.656995579933276,-0.015363876775618472,9.562061445573416
-1.8640625000000002,6.703345918245702,-0.015350839939656897,9.56273242500734
-1.86328125,6.750028922266327,-0.015338291701928956,9.56336831580849
-1.8625,6.797046849261204,-0.015326233871054367,9.563969117976859
-1.86171875,6.844401969576042,-0.015314668253912676,9.564534831512448
-1.8609375000000001,6.8920965666815,-0.015303596655586971,9.565065456415262
-1.8601562500000002,6.940132937218289,-0.01529302087930754,9.565560992685297
-1.859375,6.988513391042011,-0.015282942726395564,9.566021440322551
-1.85859375,7.03724025126767,-0.015273363996207273,9.566446799327029
-1.8578125,7.086315854314032,-0.015264286486077595,9.566837069698725
-1.8570312500000001,7.135742549947567,-0.015255711991264295,9.567192251437644
-1.8562500000000002,7.185522701326179,-0.015247642304891949,9.567512344543783
-1.85546875,7.235658685042621,-0.015240079217896203,9.567797349017146
-1.8546875,7.286152891167543,-0.015233024518967825,9.56804726485773
-1.85390625,7.337007723292364,-0.015226479994497003,9.568262092065538
-1.8531250000000001,7.388225598571683,-0.01522044742851767,9.568441830640566
-1.8523437500000002,7.439808947765431,-0.015214928602651839,9.568586480582809
-1.8515625,7.491760215280675,-0.015209925296054026,9.56869604189228
-1.85078125,7.5440818592130245,-0.015205439285355747,9.56877051456897
-1.85,7.596776351387808,-0.015201472344610015,9.568809898612884
-1.8492187500000001,7.649846178978182,-0.01519802741254809,9.568820347903758
-1.8484375000000002,7.703293846189066,-0.015195107410495236,9.56880801632134
-1.84765625,7.757121872809378,-0.015192714081259684,9.568772903865627
-1.846875,7.811332792699103,-0.01519084916336615,9.56871501053662
-1.84609375,7.8659291538317975,-0.015189514390983441,9.568634336334314
-1.8453125000000001,7.920913518336565,-0.015188711493851662,9.568530881258718
-1.8445312500000002,7.9762884625397446,-0.01518844219720994,9.56840464530983
-1.84375,8.03205657700621,-0.01518870822172393,9.568255628487641
-1.84296875,8.088220466580225,-0.015189511283413622,9.568083830792162
-1.8421875,8.144782750426028,-0.015190853093581088,9.567889252223384
-1.8414062500000001,8.201746062067892,-0.015192735358738415,9.567671892781318
-1.8406250000000002,8.259113049429814,-0.015195159780535827,9.567431752465952
-1.83984375,8.316886374874812,-0.015198128055689597,9.567168831277291
-1.8390625,8.375068715243684,-0.015201641875910329,9.566883129215341
-1.83828125,8.433662761893514,-0.01520570292783129,9.566574646280094
-1.8375000000000001,8.492671220735541,-0.015210312892936723,9.56624338247155
-1.8367187500000002,8.55209681227268,-0.015215473447490186,9.565889337789715
-1.8359375,8.611942271636543,-0.015221186262463215,9.565512512234582
-1.83515625,8.67221034862393,-0.015227453003463965,9.565112905806155
-1.834375,8.73290380773297,-0.015234275330665722,9.564690518504435
-1.8335937500000001,8.794025428198632,-0.015241654898735808,9.564245350329422
-1.8328125000000002,8.855578004027787,-0.01524959335676435,9.56377740128111
-1.83203125,8.917564344033767,-0.015258092348193237,9.563286671359506
-1.83125,8.979987271870312,-0.015267153510745046,9.562773160564609
-1.83046875,9.042849626065147,-0.015276778476352169,9.562236868896415
-1.8296875000000001,9.10615426005285,-0.01528696887108594,9.561677796354928
-1.8289062500000002,9.169904042207252,-0.01529772631508574,9.561095942940145
-1.828125,9.234101855873263,-0.015309052422488293,9.56049130865207
-1.82734375,9.298750599398039,-0.015320948801357148,9.559863893490697
-1.8265625,9.363853186161736,-0.015333417053611763,9.559213697456029
-1.8257812500000001,9.429412544607498,-0.015346458774957205,9.558540720548073
-1.8250000000000002,9.495431618270922,-0.015360075554813593,9.557844962766817
-1.82421875,9.561913369225408,-0.015374270142864075,9.557130487102956
-1.8234375,9.628860781670316,-0.015389045255431758,9.556401356547187
-1.82265625,9.696276858736669,-0.01540440242169589,9.555657571099493
-1.8218750000000001,9.76416461915159,-0.015420343163513942,9.554899130759893
-1.8210937500000002,9.832527097271383,-0.015436868995344254,9.554126035528373
-1.8203125,9.901367343114053,-0.01545398142416907,9.553338285404942
-1.81953125,9.970688422391126,-0.01547168194941706,9.552535880389593
-1.81875,10.04049341653905,-0.01548997206288664,9.551718820482332
-1.8179687500000001,10.110785422749801,-0.015508853248668596,9.550887105683154
-1.8171875000000002,10.181567554000944,-0.015528326983069458,9.550040735992066
-1.81640625,10.252842939085063,-0.015548394734534432,9.54917971140906
-1.815625,10.324614722638453,-0.015569057963570531,9.548304031934139
-1.81484375,10.396886065169317,-0.01559031812267005,9.547413697567302
-1.8140625000000001,10.469660143085143,-0.015612176656233602,9.546508708308554
-1.8132812500000002,10.542940148719449,-0.0156346350004937,9.54558906415789
-1.8125,10.61672929035788,-0.015657694583437937,9.544654765115311
-1.81171875,10.691030792263447,-0.01568135682473256,9.54370581118082
-1.8109375,10.765847894701318,-0.015705623135646024,9.542742202354408
-1.8101562500000001,10.841183853962617,-0.015730494918972406,9.541763938636084
-1.8093750000000002,10.917041942387614,-0.015755973568955133,9.540771020025849
-1.80859375,10.993425448388182,-0.01578206047121053,9.539763446523697
-1.8078125,11.070337676469338,-0.015808757002651542,9.538741218129628
-1.80703125,11.147781947250268,-0.015836064531411512,9.537704334843648
-1.8062500000000001,11.22576159748433,-0.0158639844167679,9.536652796665752
-1.8054687500000002,11.304279980078368,-0.01589251800906606,9.53558660359594
-1.8046875,11.38334046411121,-0.015921666649643132,9.534505755634216
-1.80390625,11.462946434851254,-0.01595143167075196,9.533410252780575
-1.803125,11.543101293773416,-0.015981814395484926,9.532300095035021
-1.8023437500000001,11.623808458575013,-0.016012816137697977,9.531175282397552
-1.8015625000000002,11.70507136319091,-0.016044438201934456,9.530035814868171
-1.80078125,11.786893457807786,-0.016076681883349344,9.52888169244687
-1.8,11.869278208877398,-0.016109548467633114,9.527712915133655
-1.79921875,11.95222910503083,-0.016141753761375582,9.526542786683498
-1.7984375000000001,12.035749663239049,-0.01617200793363417,9.525384610851361
-1.7976562500000002,12.119843423257201,-0.01620030379940346,9.524238387637244
-1.796875,12.204513941825677,-0.01622663416453222,9.523104117041154
-1.79609375,12.289764792690285,-0.016250991826380783,9.521981799063084
-1.7953125,12.375599566621851,-0.016273369574478364,9.520871433703032
-1.7945312500000001,12.46202187143471,-0.016293760191180447,9.519773020961008
-1.7937500000000002,12.549035332004518,-0.016312156452326254,9.518686560837002
-1.79296875,12.636643590285164,-0.016328551127896683,9.517612053331021
-1.7921875,12.724850305324708,-0.016342936982671766,9.51654949844306
-1.79140625,12.81365915328068,-0.016355306776888696,9.51549889617312
-1.7906250000000001,12.903073827434225,-0.01636565326689967,9.514460246521205
-1.7898437500000002,12.993098038203486,-0.016373969205830095,9.513433549487315
-1.7890625,13.083735513156029,-0.016380247344236598,9.512418805071444
-1.78828125,13.174989997020237,-0.016384480430765267,9.511416013273594
-1.7875,13.266865251696004,-0.01638666121281003,9.510425174093768
-1.7867187500000001,13.35936505626419,-0.016386782437171003,9.509446287531961
-1.7859375000000002,13.45249320699527,-0.01638483685071292,9.508479353588179
-1.78515625,13.546253517356954,-0.016380817201023943,9.507524372262422
-1.784375,13.640649818020698,-0.01637471623707388,9.50658134355468
-1.78359375,13.735685956867465,-0.01636652670987325,9.505650267464967
-1.7828125000000001,13.831365798992184,-0.016356241373131908,9.504731143993272
-1.7820312500000002,13.927693226707296,-0.016343852983917842,9.5038239731396
-1.78125,14.024672139545267,-0.016329354303316234,9.50292875490395
-1.78046875,14.12230645425987,-0.016312738097088338,9.502045489286322
-1.7796875,14.220600104826659,-0.01629399713633043,9.501174176286716
-1.7789062500000001,14.319557042442105,-0.016273124198133124,9.500314815905137
-1.7781250000000002,14.419181235521703,-0.01625011206624026,9.499467408141573
-1.77734375,14.519476669697015,-0.016224953531708226,9.498631952996035
-1.7765625,14.620447347811382,-0.016197641393565287,9.497808450468519
-1.77578125,14.722097289914789,-0.016168168459470715,9.49699690055902
-1.7750000000000001,14.824430533257267,-0.016136527546374242,9.496197303267552
-1.7742187500000002,14.927451141385012,-0.016102717001624297,9.495401444278007
-1.7734375,15.031163213614757,-0.016066735246119082,9.494601109274297
-1.77265625,15.135570876433938,-0.016028575223675432,9.493796298256425
-1.771875,15.240678274528145,-0.015988229890717867,9.492987011224386
-1.7710937500000001,15.346489570785737,-0.015945692216739964,9.492173248178183
-1.7703125000000002,15.453008946301543,-0.0159009551847652,9.491355009117816
-1.76953125,15.560240600379514,-0.015854011791808297,9.490532294043279
-1.76875,15.668188750534133,-0.01580485504933609,9.489705102954579
-1.76796875,15.776857632491012,-0.01575347798372851,9.488873435851714
-1.7671875000000001,15.886251500186138,-0.0156998736367396,9.488037292734688
-1.7664062500000002,15.996374625764087,-0.015644035065958378,9.48719667360349
-1.765625,16.107231299575144,-0.015585955345269614,9.486351578458132
-1.76484375,16.218825830171085,-0.015525627565314754,9.48550200729861
-1.7640625,16.331162544300152,-0.015463044833952572,9.484647960124919
-1.7632812500000001,16.444245786900474,-0.015398200276719856,9.483789436937064
-1.7625000000000002,16.558079921092546,-0.01533108703729208,9.482926437735044
-1.76171875,16.6726693281704,-0.015261698277944092,9.482058962518861
-1.7609375,16.788018407591462,-0.015190027180010494,9.481187011288512
-1.76015625,16.904131576965476,-0.01511606694434612,9.480310584043995
-1.7593750000000001,17.02101327204187,-0.015039810791786627,9.479429680785318
-1.7585937500000002,17.13866794669598,-0.014961251963608752,9.478544301512475
-1.7578125,17.25710007291406,-0.014880383721990563,9.477654446225463
-1.75703125,17.376314140776756,-0.014797199350471937,9.476760114924287
-1.75625,17.496314658441687,-0.014711692154414528,9.475861307608948
-1.7554687500000001,17.617106152124308,-0.014623855461461978,9.474958024279445
-1.7546875000000002,17.7386931660776,-0.0145336826220001,9.474050264935775
-1.75390625,17.86108026257048,-0.014441167009616698,9.473138029577937
-1.753125,17.98427202186458,-0.014346302021561773,9.472221318205937
-1.75234375,18.108273042190046,-0.01424908107920718,9.471300130819774
-1.7515625000000001,18.233087939719564,-0.014149497628506574,9.470374467419443
-1.7507812500000002,18.35872134854117,-0.014047545140455184,9.469444328004949
-1.75,18.48517792062962,-0.013943217111549442,9.468509712576285
-1.74921875,18.612462338857053,-0.013836517904557376,9.467555335356455
-1.7484375,18.74057933054122,-0.01372745199783099,9.466565910568443
-1.7476562500000001,18.86953365510057,-0.01361601309713565,9.465541438212252
-1.7468750000000002,18.999330091180223,-0.013502194930325256,9.464481918287877
-1.74609375,19.12997343663981,-0.013385991247467926,9.46338735079532
-1.7453125,19.261468508539878,-0.01326739582097162,9.462257735734585
-1.74453125,19.393820143127417,-0.013146402445709467,9.461093073105669
-1.7437500000000001,19.527033195819726,-0.013023004939145273,9.459893362908577
-1.7429687500000002,19.661112541187162,-0.01289719714145888,9.458658605143304
-1.7421875,19.79606307293458,-0.01276897291567136,9.45738879980985
-1.74140625,19.931889703881264,-0.012638326147770433,9.456083946908212
-1.740625,20.06859736593991,-0.012505250746835296,9.454744046438396
-1.7398437500000001,20.206191010093825,-0.012369740645161827,9.453369098400401
-1.7390625000000002,20.344675606373002,-0.012231789798387547,9.451959102794225
-1.73828125,20.484056143828802,-0.012091392185616555,9.450514059619868
-1.7375,20.624337630507004,-0.011948541809544392,9.449033968877332
-1.73671875,20.765525093419882,-0.011803232696582679,9.447518830566615
-1.7359375000000001,20.907623578516443,-0.011655458896983892,9.445968644687717
-1.7351562500000002,21.050638150651398,-0.01150521448496599,9.444383411240642
-1.734375,21.19457389355272,-0.01135249355883691,9.442763130225384
-1.73359375,21.339435909787476,-0.011197290241119201,9.441107801641946
-1.7328125,21.48522932072661,-0.011039598678674179,9.439417425490326
-1.7320312500000001,21.631959266507828,-0.010879413042826452,9.43769200177053
-1.7312500000000002,21.77963090599713,-0.010716727529488093,9.43593153048255
-1.73046875,21.92824941674884,-0.010551536359282764,9.434136011626391
-1.7296875,22.077819994963857,-0.010383833777670182,9.432305445202052
-1.72890625,22.228347855446778,-0.010213614055069658,9.430439831209533
-1.7281250000000001,22.37983823156101,-0.010040871486984392,9.428539169648834
-1.7273437500000002,22.5322963751825,-0.009865600394125361,9.426603460519955
-1.7265625,22.68572755665188,-0.009687795122534959,9.424632703822896
-1.72578125,22.840137064724722,-0.009507450043711119,9.422626899557653
-1.725,22.9955302065206,-0.009324559554730617,9.420586047724234
-1.7242187500000001,23.151912325116616,-0.009139123290567238,9.418507475971813
-1.7234375000000002,23.309288817859155,-0.00895114088760393,9.416388511949572
-1.72265625,23.46766511963531,-0.00876060678086717,9.414229155657512
-1.721875,23.62704668543653,-0.008567515427492364,9.412029407095636
-1.72109375,23.787438990330244,-0.008371861306730222,9.409789266263937
-1.7203125000000001,23.948847529429624,-0.008173638919953659,9.407508733162418
-1.7195312500000002,24.111277817862145,-0.007972842790664418,9.405187807791078
-1.71875,24.274735390736726,-0.007769467464499559,9.402826490149916
-1.71796875,24.439225803109164,-0.007563507509238274,9.400424780238941
-1.7171875,24.60475462994664,-0.007354957514808117,9.397982678058144
-1.7164062500000001,24.771327466090213,-0.007143812093291525,9.39550018360753
-1.7156250000000002,24.938949926216093,-0.006930065878932468,9.392977296887091
-1.71484375,25.107627644795404,-0.006713713528142583,9.390414017896834
-1.7140625,25.277366276052234,-0.0064947497195077634,9.387810346636758
-1.71328125,25.448171493920537,-0.006273169153794273,9.385166283106866
-1.7125000000000001,25.62004899199912,-0.006048966553955107,9.382481827307151
-1.7117187500000002,25.79300448350521,-0.005822136665136207,9.379756979237618
-1.7109375,25.96704370122654,-0.0055926742546826,9.376991738898262
-1.71015625,26.142172397471533,-0.00536057411214483,9.374186106289086
-1.709375,26.318396344018396,-0.005125831049284598,9.371340081410096
-1.7085937500000001,26.495721332062114,-0.004888439900081164,9.368453664261283
-1.7078125000000002,26.674153172160036,-0.00464839552073725,9.36552685484265
-1.70703125,26.853697694175835,-0.004405692789685018,9.362559653154197
-1.70625,27.034360747221537,-0.004160326607592229,9.359552059195925
-1.70546875,27.216148199598383,-0.003912291897367779,9.356504072967832
-1.7046875000000001,27.399065938735497,-0.00366158360416779,9.353415694469922
-1.7039062500000002,27.583119871127103,-0.003408196695401376,9.350286923702187
-1.703125,27.768315922268005,-0.0031521261607364032,9.347117760664643
-1.70234375,27.95466003658708,-0.002893367012105439,9.34390820535727
-1.7015625,28.142158177379542,-0.0026319142837110433,9.340658257780076
-1.7007812500000001,28.33081632673691,-0.0023677630320317403,9.337367917933072
-1.7000000000000002,28.52064048547545,-0.0021009083358275414,9.33403718581624
-1.69921875,28.711636695793665,-0.0018355797354530495,9.330679914583593
-1.6984375,28.903811064840518,-0.0015760239494296661,9.327309957389136
-1.69765625,29.097169743142874,-0.0013222618080510166,9.32392731423287
-1.6968750000000001,29.29171890213474,-0.001074314097943594,9.32053198511479
-1.6960937500000002,29.48746473411471,-0.000832201561534008,9.317123970034894
-1.6953125,29.68441345220186,-0.0005959448965159528,9.31370326899319
-1.69453125,29.88257129028987,-0.0003655647553174879,9.310269881989672
-1.69375,30.08194450300024,-0.00014108174456773162,9.306823809024342
-1.6929687500000001,30.282539365633372,7.748357543587228e-05,9.303365050097202
-1.6921875000000002,30.484362174118456,0.00029011069126085726,9.299893605208252
-1.69140625,30.687419244961735,0.0004967791368727138,9.296409474357484
-1.690625,30.891716915192987,0.0006974684941680083,9.292912657544905
-1.68984375,31.09726154231096,0.0008921583935078865,9.289403154770518
-1.6890625000000001,31.30405950422669,0.0010808285142510712,9.285880966034314
-1.6882812500000002,31.512117199205445,0.0012634585852872929,9.282346091336304
-1.6875,31.721441045807097,0.0014400283855707657,9.278798530676475
-1.68671875,31.93203748282457,0.0016105177446533205,9.275238284054836
-1.6859375,32.14391296922121,0.0017749065432182028,9.271665351471393
-1.6851562500000001,32.35707398406591,0.0019331747136134142,9.268079732926129
-1.6843750000000002,32.571527026466924,0.0020853022403852783,9.264481428419053
-1.68359375,32.78727861550385,0.002231269160812139,9.26087043795017
-1.6828125,33.00433529015778,0.002371055565437874,9.25724676151947
-1.68203125,33.22270360924029,0.002504641598605785,9.253610399126961
-1.6812500000000001,33.442390151320005,0.0026320074589922353,9.249961350772638
-1.6804687500000002,33.66340151464786,0.002753133400140516,9.246299616456506
-1.6796875,33.88574431708056,0.0028679997309947053,9.24262519617856
-1.67890625,34.109425196001894,0.002976586816433438,9.238938089938806
-1.678125,34.334450808243055,0.0030788750778040705,9.235238297737233
-1.6773437500000001,34.560827830000335,0.003174844993456525,9.23152581957385
-1.6765625000000002,34.788562956751505,0.0032644770992773797,9.227800655448657
-1.67578125,35.0176629031703,0.0033477519892240078,9.224062805361651
-1.675,35.24813440303869,0.0034246503158585663,9.220312269312833
-1.67421875,35.47998423709929,0.0034951466277625097,9.216544425060576
-1.6734375000000001,35.71321926200724,0.003559215671852023,9.212754650363252
-1.6726562500000002,35.947846383786306,0.0036168384871666827,9.208942945220855
-1.671875,36.18387253020092,0.0036679961724396526,9.20510930963339
-1.67109375,36.42130465070371,0.0037126698862129763,9.201253743600855
-1.6703125,36.660149716382016,0.0037508408469530026,9.197376247123255
-1.6695312500000001,36.90041471990243,0.0037824903331656577,9.19347682020059
-1.6687500000000002,37.14210667545401,0.003807599683511926,9.189555462832853
-1.66796875,37.385232618690075,0.003826150296923247,9.185612175020042
-1.6671875,37.629799606668094,0.003838123632716784,9.18164695676217
-1.66640625,37.87581471778874,0.0038435012107110936,9.177659808059229
-1.6656250000000001,38.12328505173264,0.0038422646113413852,9.173650728911216
-1.6648437500000002,38.37221772939596,0.003834395475775059,9.169619719318137
-1.6640625,38.622619892824446,0.0038198755060271927,9.165566779279988
-1.66328125,38.87449870514541,0.003798686465075987,9.161491908796771
-1.6625,39.12786135049892,0.003770810176978376,9.157395107868483
-1.6617187500000001,39.38271503396663,0.003736228526985401,9.153276376495134
-1.6609375000000002,39.63906698149938,0.003694923461657937,9.149135714676712
-1.66015625,39.89692443984304,0.003646876988982025,9.14497312241322
-1.659375,40.156294676462494,0.0035920711784847015,9.14078859970466
-1.65859375,40.417184979464594,0.0035304881613494148,9.136582146551032
-1.6578125000000001,40.67960265751876,0.0034621101305316246,9.132353762952338
-1.6570312500000002,40.943555039776165,0.0033869193408745564,9.128103448908576
-1.65625,41.209049475787396,0.0033048981092246126,9.123831204419742
-1.65546875,41.47609333541782,0.003216028814547349,9.11953702948584
-1.6546875,41.74469400876216,0.003120293898042848,9.115220924106868
-1.6539062500000001,42.014858906056475,0.003017675863261484,9.11088288828283
-1.6531250000000002,42.28659545758884,0.0029081572762197257,9.106522922013728
-1.65234375,42.55991111360815,0.002791720765515676,9.102141025299554
-1.6515625,42.834813344230945,0.0026683490224450185,9.09773719814031
-1.65078125,43.11130963934707,0.0025380248011165375,9.093311440535993
-1.6500000000000001,43.38940750852282,0.002400730918568017,9.088863752486615
-1.6492187500000002,43.669114513627825,0.0022564491677965065,9.084396566693743
-1.6484375,43.95043830272501,0.0021051614403642255,9.079912315858952
-1.64765625,44.233386578952825,0.0019468507947418279,9.075410999982251
-1.646875,44.51796706816368,0.0017815003511955693,9.07089261906363
-1.6460937500000001,44.804187518867316,0.0016090932918346127,9.066357173103093
-1.6453125000000002,45.09205570217311,0.001429612860658189,9.061804662100638
-1.64453125,45.3815794117311,0.0012430423636025662,9.057235086056268
-1.64375,45.67276646367097,0.001049365168588487,9.05264844496998
-1.64296875,45.96562469654064,0.0008485647055679162,9.048044738841778
-1.6421875000000001,46.26016197124237,0.0006406244665714614,9.043423967671659
-1.6414062500000002,46.55638617096807,0.0004255280057554305,9.038786131459625
-1.640625,46.85430520113285,0.00020325893944894702,9.034131230205674
-1.63984375,47.15392698930697,-2.6199053798631536e-05,9.029459263909807
-1.6390625,47.45525948514688,-0.0002628622331709296,9.024770232572026
-1.6382812500000001,47.758310660324135,-0.0005067467955371056,9.020064136192326
-1.6375000000000002,48.06308850845308,-0.0007578688754048372,9.01534097477071
-1.63671875,48.369601045017056,-0.0010162445448730108,9.010600748307178
-1.6359375,48.67785630729274,-0.0012818898135844269,9.005843456801733
-1.63515625,48.98786235427363,-0.0015548206286788973,9.001069100254366
-1.6343750000000001,49.299627266591294,-0.0018350528747458454,8.996277678665088
-1.6335937500000002,49.61315914643542,-0.00212260237377712,8.991469192033893
-1.6328125,49.92846611747223,-0.0024174848851199054,8.986643640360779
-1.63203125,50.245556324761026,-0.002719716105429036,8.98180102364575
-1.63125,50.56443793466992,-0.0030293116686204574,8.976941341888804
-1.6304687500000001,50.88511913478906,-0.0033462871458235077,8.972064595089945
-1.6296875000000002,51.20760813384281,-0.0036706580453338255,8.967170783249166
-1.62890625,51.53191316160022,-0.004002439812566157,8.962259906366471
-1.628125,51.85804246878344,-0.004341647830006757,8.957331964441863
-1.62734375,52.18600432697535,-0.004688297417166686,8.952386957475339
-1.6265625000000001,52.515807028524726,-0.005042403830534153,8.947424885466898
-1.6257812500000002,52.847458886450184,-0.005403982263527328,8.94244574841654
-1.625,53.18096823434236,-0.005773047846447209,8.937449546324265
-1.62421875,53.51634346256773,-0.006149616163350215,8.932438904477518
-1.6234375,53.85359305584447,-0.006533702720920376,8.927416448163747
-1.6226562500000001,54.19272555868977,-0.006925322439913967,8.922382177382952
-1.6218750000000002,54.53374953951677,-0.007324490179590594,8.917336092135123
-1.62109375,54.87667359058004,-0.007731220737707963,8.912278192420267
-1.6203125,55.22150632791935,-0.008145528850515848,8.907208478238385
-1.61953125,55.568256391303144,-0.008567429192751505,8.902126949589482
-1.6187500000000001,55.91693244416982,-0.008996936377633526,8.897033606473546
-1.6179687500000002,56.26754317356803,-0.009434064956856718,8.891928448890585
-1.6171875,56.6200972900959,-0.009878829420586719,8.886811476840597
-1.61640625,56.97460352783829,-0.010331244197454029,8.881682690323581
-1.615625,57.3310706443038,-0.010791323654549292,8.87654208933954
-1.6148437500000001,57.689507420359405,-0.011259082097417435,8.871389673888473
-1.6140625000000002,58.04992266016439,-0.011734533770052315,8.866225443970377
-1.61328125,58.41232519110272,-0.01221769285489134,8.861049399585253
-1.6125,58.77672386371376,-0.012708573472809646,8.855861540733102
-1.61171875,59.14312755162263,-0.013207189683115282,8.850661867413928
-1.6109375000000001,59.511545151468,-0.013713555483543364,8.845450379627723
-1.6101562500000002,59.88198558282922,-0.014227684810250756,8.840227077374493
-1.609375,60.254457788152095,-0.01474959153781069,8.834991960654236
-1.60859375,60.6289707326724,-0.015279289479206813,8.82974502946695
-1.6078125,61.005533404339666,-0.015816792385828657,8.824486283812641
-1.6070312500000001,61.38415481373777,-0.01636211394746548,8.819215723691306
-1.6062500000000002,61.76484399400532,-0.01691526779230112,8.813933349102939
-1.60546875,62.14761000075411,-0.01747626748690869,8.808639160047544
-1.6046875,62.532461911986,-0.018045126536244398,8.803333156525127
-1.60390625,62.91940882800903,-0.01862185838364317,8.79801533853568
-1.6031250000000001,63.30845987135142,-0.01920647641081257,8.79268570607921
-1.6023437500000002,63.69962418667434,-0.01979899393782745,8.787344259155713
-1.6015625,64.09291094068351,-0.020399424223124782,8.781990997765185
-1.60078125,64.48832932203844,-0.02100778046349744,8.77662592190763
-1.6,64.88588854126155,-0.02162407579408982,8.771249031583052
-1.59921875,65.28559786831208,-0.022240376582700165,8.76586262150868
-1.5984375000000002,65.68746667154944,-0.022848720442595408,8.760468986401754
-1.59765625,66.09150438184982,-0.023449077406051667,8.755068126262275
-1.596875,66.49772045534976,-0.02404141760550628,8.749660041090245
-1.59609375,66.90612437339924,-0.024625711273484438,8.744244730885656
-1.5953125,67.31672564251156,-0.025201928742523194,8.738822195648513
-1.5945312500000002,67.72953379431222,-0.025770040445095774,8.73339243537882
-1.59375,68.14455838548862,-0.026330016913537903,8.72795545007657
-1.59296875,68.56180899773558,-0.026881828779970453,8.722511239741765
-1.5921875,68.98129523770251,-0.027425446776225985,8.71705980437441
-1.59140625,69.40302673693817,-0.02796084173377273,8.711601143974494
-1.5906250000000002,69.82701315183382,-0.02848798458363885,8.70613525854203
-1.58984375,70.25326416356717,-0.0290068463563388,8.700662148077008
-1.5890625,70.68178947804242,-0.029517398181795964,8.695181812579433
-1.58828125,71.11259882583175,-0.030019611289269055,8.689694252049307
-1.5875,71.54570196211448,-0.030513457007276194,8.684199466486621
-1.5867187500000002,71.9811086666141,-0.030998906763519192,8.678697455891388
-1.5859375,72.41882874353702,-0.03147593208480966,8.673188220263595
-1.58515625,72.8588720215064,-0.03194450459699196,8.66767175960325
-1.584375,73.3012483534981,-0.03240459602486925,8.662148073910352
-1.58359375,73.74596761677357,-0.03285617819212781,8.656617163184896
-1.5828125000000002,74.19303971281161,-0.033299223021261114,8.651079027426889
-1.58203125,74.64247456724071,-0.03373370253349599,8.645533666636329
-1.58125,75.09428212976708,-0.03415958884871557,8.639981080813211
-1.58046875,75.54847237410465,-0.034576854185385364,8.634421269957542
-1.5796875,76.00505529790202,-0.03498547086047735,8.628854234069317
-1.5789062500000002,76.46404092266809,-0.03538541128939436,8.62327997314854
-1.578125,76.9254392936983,-0.03577664798589589,8.61769848719521
-1.57734375,77.38926047999678,-0.03615915356202123,8.61210977620932
-1.5765625,77.85551457420006,-0.03653290072801543,8.60651384019088
-1.57578125,78.32421169249777,-0.036897862292253454,8.600910679139885
-1.5750000000000002,78.79536197455224,-0.037254011161164474,8.595300293056338
-1.57421875,79.2689756190232,-0.037601320660830724,8.589684483620255
-1.5734375,79.74506292037115,-0.03793976423059808,8.584065052511662
-1.57265625,80.2236342349024,-0.038269315094213205,8.578441999730554
-1.571875,80.70469994554776,-0.03858994657389938,8.572815325276931
-1.5710937500000002,81.18827046182085,-0.03890163209024442,8.567185029150805
-1.5703125,81.6743562197778,-0.03920434516208969,8.561551111352161
-1.56953125,82.16296768197194,-0.03949805940641681,8.555913571881005
-1.56875,82.65411533741154,-0.03978274853823692,8.550272410737339
-1.56796875,83.14780970151467,-0.04005838637047824,8.544627627921159
-1.5671875000000002,83.64406131606239,-0.04032494681387391,8.53897922343247
-1.56640625,84.14288074915396,-0.040582403876850914,8.533327197271264
-1.565625,84.64427859515692,-0.040830731665417154,8.527671549437548
-1.56484375,85.14826547466035,-0.04106990438305027,8.52201227993132
-1.5640625,85.65485203442456,-0.041299896330585575,8.516349388752577
-1.5632812500000002,86.16404894733004,-0.04152068190610375,8.51068287590133
-1.5625,86.67586691232759,-0.04173223560481982,8.505012741377561
-1.56171875,87.19031665438389,-0.04193453201897025,8.499338985181286
-1.5609375,87.70740892442971,-0.0421275458377018,8.493661607312497
-1.56015625,88.22715449930503,-0.04231125184695936,8.487980607771194
-1.5593750000000002,88.74956418170304,-0.04248562492937388,8.482295986557382
-1.55859375,89.27464880011553,-0.04265064006415112,8.476607743671053
-1.5578125,89.80241920877337,-0.04280627232695901,8.47091587911222
-1.55703125,90.33288628759007,-0.04295249688981629,8.465220392880871
-1.55625,90.86606094210183,-0.04308928902098051,8.459521284977006
-1.5554687500000002,91.40195410340652,-0.04321662408483601,8.45381855540063
-1.5546875,91.94057672810438,-0.043334477541782476,8.448112204151744
-1.55390625,92.48193979823336,-0.043442824948122544,8.442402231230346
-1.553125,93.02605432120754,-0.04354164195595038,8.436688636636434
-1.55234375,93.57293132975244,-0.043630904313039655,8.430971420370012
-1.5515625000000002,94.12258188183878,-0.04371058786273167,8.42525058243108
-1.55078125,94.67501706061817,-0.043780668543823675,8.419526122819631
-1.55,95.23024797435316,-0.043841122390456864,8.41379804153567
-1.54921875,95.78828578513144,-0.04389192577597231,8.408067578410947
-1.5484375,96.34914173858728,-0.0439330551794294,8.402335973277198
-1.5476562500000002,96.91282713641411,-0.04396448693625917,8.396603226134435
-1.546875,97.47935330788296,-0.043986197476814634,8.39086933698265
-1.54609375,98.04873160980189,-0.0439981633262371,8.385134305821847
-1.5453125,98.62097342647914,-0.04400036110432269,8.379398132652023
-1.54453125,99.19609016968249,-0.04399276752538865,8.373660817473176
-1.5437500000000002,99.77409327859819,-0.04397535939813994,8.367922360285316
-1.54296875,100.35499421979154,-0.04394811362553554,8.362182761088434
-1.5421875,100.93880448716236,-0.04391100720465494,8.35644201988253
-1.54140625,101.52553560190407,-0.04386401722656471,8.350700136667607
-1.540625,102.11519911245921,-0.04380712087618491,8.344957111443666
-1.5398437500000002,102.70780659447449,-0.043740295432155615,8.339212944210708
-1.5390625,103.30336965075729,-0.043663518266703324,8.333467634968724
-1.53828125,103.90189991122702,-0.04357676684550771,8.327721183717722
-1.5375,104.50340903287031,-0.043480018727567876,8.3219735904577
-1.53671875,105.1079086996924,-0.043373251565069076,8.316224855188661
-1.5359375000000002,105.71541062266836,-0.04325644310324931,8.310474977910603
-1.53515625,106.32592653969493,-0.04312957118026561,8.304723958623523
-1.534375,106.93946821553864,-0.04299261372706105,8.298971797327425
-1.53359375,107.55604744178625,-0.04284554876723089,8.293218494022305
-1.5328125,108.17567603679245,-0.04268835441688949,8.287464048708163
-1.5320312500000002,108.79836584562635,-0.04252100888453695,8.28170846138501
-1.53125,109.42412874002007,-0.04234349047092531,8.275951732052832
-1.53046875,110.05297661831177,-0.0421557775689258,8.270193860711633
-1.5296875,110.6849214053925,-0.04195784866339497,8.264434847361416
-1.52890625,111.31997505264968,-0.0417496823310416,8.258674692002177
-1.5281250000000002,111.95814953790911,-0.04153125724029359,8.252913394633921
-1.52734375,112.59945686537962,-0.04130255215116389,8.247150955256647
-1.5265625,113.24390906559168,-0.04106354591511821,8.241387373870351
-1.52578125,113.89151819534011,-0.04081421747494096,8.235622650475037
-1.525,114.54229633762313,-0.040554545864602165,8.229856785070698
-1.5242187500000002,115.1962556174542,-0.04028451011223942,8.224090453909929
-1.5234375,115.85340821821944,-0.04000408933473039,8.218324333245308
-1.52265625,116.51376636647115,-0.039713262835543495,8.212558423076837
-1.521875,117.17734231618964,-0.039412010008809235,8.206792723404519
-1.52109375,117.84414834873546,-0.03910031033918564,8.201027234228341
-1.5203125000000002,118.51419677280174,-0.03877814340172369,8.195261955548323
-1.51953125,119.18749992436756,-0.03844548886173148,8.18949688736445
-1.51875,119.8640701666465,-0.038102326474640597,8.183732029676728
-1.51796875,120.54391989003892,-0.0377486360858703,8.177967382485155
-1.5171875,121.22706151208087,-0.0373843976306931,8.172202945789731
-1.5164062500000002,121.91350747739205,-0.037009591134100364,8.166438719590458
-1.515625,122.60327025762597,-0.036624196710666385,8.16067470388733
-1.51484375,123.2963623514142,-0.03622819456441506,8.15491089868036
-1.5140625,123.99279628431562,-0.03582156498868413,8.149147303969535
-1.51328125,124.6925846087609,-0.035404288365990695,8.14338391975486
-1.5125000000000002,125.39573990399677,-0.03497634516789719,8.137620746036337
-1.51171875,126.10227477603267,-0.03453771595487523,8.13185778281396
-1.5109375,126.81220185758104,-0.03408838137617276,8.126095030087733
-1.51015625,127.52553380800254,-0.033628322169678086,8.120332487857658
-1.509375,128.24228331324693,-0.03315751916178563,8.11457015612373
-1.5085937500000002,128.96246308579364,-0.03267595326726199,8.108808034885955
-1.5078125,129.686085864594,-0.032183605489109895,8.103046124144326
-1.50703125,130.41316441500817,-0.031680456918435455,8.097284423898849
-1.50625,131.14371152874648,-0.031166488734312218,8.091522934149523
-1.50546875,131.87774002380598,-0.030641682203647116,8.085761654896341
-1.5046875000000002,132.61526274440743,-0.03010601868104671,8.080000586139317
-1.50390625,133.3562925609337,-0.029559479608680977,8.074239727878437
-1.503125,134.10084236986268,-0.029002046516150917,8.068479080113706
-1.50234375,134.8489250937044,-0.028433701020352628,8.062718642845127
-1.5015625,135.60055368093418,-0.027854424825343362,8.056958416072694
-1.5007812500000002,136.35574110592506,-0.027264199722207845,8.05119839979642
-1.5,137.1145003688829,-0.026663007588922094,8.045438594016286
-1.49921875,137.87684449156168,-0.026059149898862315,8.039679135208118
-1.4984375,138.64278651284394,-0.025460954754956643,8.033920159847733
-1.49765625,139.4123394926933,-0.024868443989009684,8.028161667935123
-1.4968750000000002,140.18551651624492,-0.024281639358768745,8.022403659470294
-1.49609375,140.96233069373187,-0.023700562547998724,8.01664613445324
-1.4953125,141.74279516040502,-0.02312523516656129,8.010889092883966
-1.49453125,142.52692307645825,-0.02255567875049001,8.005132534762474
-1.49375,143.3147276269484,-0.021991914762067848,7.999376460088756
-1.4929687500000002,144.1062220217156,-0.021433964589904986,7.99362086886282
-1.4921875,144.9014194953052,-0.020881849549013932,7.98786576108466
-1.49140625,145.7003333068836,-0.020335590880888973,7.9821111367542805
-1.490625,146.5029767401586,-0.019795209753581514,7.976356995871678
-1.48984375,147.30936310329622,-0.019260727261778045,7.970603338436857
-1.4890625000000002,148.11950572883552,-0.018732164426877813,7.964850164449812
-1.48828125,148.9334179736071,-0.01820954219706866,7.959097473910545
-1.4875,149.75111321864432,-0.01769288144740632,7.953345266819059
-1.48671875,150.57260486909937,-0.017182202979890312,7.94759354317535
-1.4859375,151.39790635415585,-0.01667752752354194,7.9418423029794205
-1.4851562500000002,152.22703112693918,-0.01617887573448238,7.936091546231273
-1.484375,153.05999266443092,-0.01568626819600864,7.930341272930898
-1.48359375,153.8968044673754,-0.015199725418673187,7.924591483078304
-1.4828125,154.73748006019193,-0.014719267840360081,7.91884217667349
-1.48203125,155.58203299088228,-0.014244915826363107,7.9130933537164525
-1.4812500000000002,156.43047683093732,-0.013776689669464222,7.907345014207197
-1.48046875,157.28282517524684,-0.013314609590009751,7.901597158145717
-1.4796875,158.13909164200166,-0.012858695735990163,7.895849785532013
-1.47890625,158.99928987260154,-0.0124089681831165,7.890102896366094
-1.478125,159.86343353155834,-0.011965446934898786,7.88435649064795
-1.4773437500000002,160.73153630639817,-0.011528151922724583,7.878610568377588
-1.4765625,161.6036119075666,-0.011097103005935586,7.872865129555
-1.47578125,162.4796740683267,-0.01067231997190747,7.867120174180193
-1.475,163.35973654466218,-0.010253822536126637,7.861375702253164
-1.47421875,164.24381308310373,-0.009841628889312148,7.855631353195829
-1.4734375000000002,165.13191738751323,-0.009435757151312545,7.849886766430108
-1.47265625,166.02406314965475,-0.009036226824565551,7.844141941955996
-1.471875,166.92026408078493,-0.008643057341047847,7.838396879773498
-1.47109375,167.82053391151956,-0.008256268062316515,7.832651579882608
-1.4703125,168.724886391696,-0.007875878279552462,7.826906042283329
-1.4695312500000002,169.63333529023404,-0.0075019072136038294,7.8211602669756655
-1.46875,170.5458943949994,-0.007134374015027702,7.81541425395961
-1.46796875,171.4625775126602,-0.006773297764134717,7.809668003235167
-1.4671875,172.3833984685481,-0.0064186974710308785,7.803921514802337
-1.46640625,173.30837110651512,-0.006070592075661127,7.798174788661115
-1.4656250000000002,174.23750928878852,-0.005729000447852921,7.792427824811506
-1.46484375,175.17082689582932,-0.00539394138735828,7.786680623253508
-1.4640625,176.10833782618263,-0.0050654336238984314,7.780933183987121
-1.46328125,177.05005599633324,-0.0047434958172059526,7.775185507012346
-1.4625,177.99599534055676,-0.004428146557068573,7.769437592329182
-1.4617187500000002,178.94616981076908,-0.0041194043633727764,7.763689439937631
-1.4609375,179.9005933763787,-0.0038172876861463055,7.757941049837688
-1.46015625,180.85928002413158,-0.0035218149056027923,7.752192422029359
-1.459375,181.82224375796142,-0.0032330043321841754,7.746443556512639
-1.45859375,182.7894985988347,-0.0029508742066047602,7.740694453287533
-1.4578125000000002,183.76105858459445,-0.002675442699894879,7.734945112354039
-1.45703125,184.73693776980676,-0.0024067279134437096,7.729195533712151
-1.45625,185.71715022560045,-0.002144747879044029,7.723445717361879
-1.45546875,186.7017100395108,-0.001889520558934891,7.717695663303218
-1.4546875,187.6906313153193,-0.0016410638458457753,7.711945371536164
-1.4539062500000002,188.68392817289146,-0.0013993955630404852,7.706194842060728
-1.453125,189.68161474801812,-0.0011645334643602245,7.700444074876899
-1.45234375,190.68370519224837,-0.0009364952342683346,7.694693069984681
-1.4515625,191.69021367272828,-0.0007152984878933868,7.688941827384076
-1.45078125,192.70115437203432,-0.0005009607710733284,7.683190347075081
-1.4500000000000002,193.7165414880061,-0.00029349956039968067,7.677438629057703
-1.44921875,194.73638916613157,-9.293020454060642e-05,7.671685875619624
-1.4484375,195.76071142979666,0.00010073200159204168,7.6659312890485545
-1.44765625,196.78952224469987,0.000287469765273397,7.660174869344487
-1.446875,197.82283558536142,0.0004672658622167959,7.654416616507422
-1.4460937500000002,198.86066543488712,0.0006401031365838288,7.648656530537368
-1.4453125,199.90302578473495,0.0008059645009947953,7.642894611434311
-1.44453125,200.94993063447248,0.0009648329365382936,7.637130859198261
-1.44375,202.0013939915402,0.0011166914927815807,7.631365273829218
-1.44296875,203.057429871009,0.001261523287780444,7.625597855327172
-1.4421875000000002,204.11805229533553,0.0013993115080890677,7.619828603692136
-1.44140625,205.1832752941213,0.0015300394087702871,7.614057518924103
-1.440625,206.25311290386216,0.0016536903134050929,7.608284601023071
-1.43984375,207.32757916770368,0.0017702476141027764,7.602509849989048
-1.4390625,208.4066881351907,0.0018796947715106881,7.596733265822023
-1.4382812500000002,209.49045386201536,0.0019820153148239327,7.590954848522009
-1.4375,210.57889040976764,0.0020771928417955086,7.5851745980889955
-1.43671875,211.67201184567708,0.0021652110187455557,7.579392514522986
-1.4359375,212.7698322423607,0.0022460535805715227,7.573608597823983
-1.43515625,213.87236567756415,0.002319704330757691,7.56782284799198
-1.4343750000000002,214.97962623390214,0.0023861471413847424,7.562035265026985
-1.43359375,216.0916279986007,0.002445365953139685,7.556245848928988
-1.4328125,217.2083850632317,0.0024973447753251447,7.550454599698002
-1.43203125,218.32991152345173,0.0025420676858692055,7.544661517334019
-1.43125,219.45622147873647,0.0025795188313348805,7.538866601837038
-1.4304687500000002,220.587329032112,0.0026096824269296066,7.5330698532070635
-1.4296875,221.72324828989034,0.0026325427565149287,7.5272712714440875
-1.42890625,222.86399336139502,0.0026480841726157257,7.521470856548122
-1.428125,224.00957835869272,0.0026562910964299438,7.515668608519159
-1.42734375,225.16001739631906,0.0026571480178378907,7.509864527357197
-1.4265625000000002,226.31532459100265,0.0026506394954116594,7.504058613062245
-1.42578125,227.47551406139203,0.002636750156424547,7.498250865634294
-1.425,228.6405999277735,0.0026154646968604804,7.492441285073347
-1.42421875,229.81059620293735,0.0025867703290219125,7.486628715122731
-1.4234375,230.98551667969923,0.0025506543111059824,7.48081199952578
-1.4226562500000002,232.1653750349767,0.002507101511399981,7.474991138282496
-1.421875,233.35018493716572,0.0024560968674852152,7.469166131392871
-1.42109375,234.539960045756,0.002397625386316996,7.463336978856911
-1.4203125,235.73471401095188,0.0023316721443042976,7.457503680674614
-1.41953125,236.9344604732867,0.0022582222873895105,7.451666236845979
-1.4187500000000002,238.13921306323502,0.002177261031128341,7.445824647371013
-1.41796875,239.34898540082742,0.0020887736607692053,7.439978912249702
-1.4171875,240.56379109525426,0.0019927455313332957,7.43412903148206
-1.41640625,241.78364374447733,0.0018891620676940186,7.428275005068079
-1.415625,243.00855693483285,0.0017780087646566932,7.422416833007761
-1.4148437500000002,244.23854424063288,0.001659271187038373,7.41655451530111
-1.4140625,245.47361922376976,0.0015329349697471174,7.4106880519481155
-1.41328125,246.71379543330968,0.0013989858178620179,7.40481744294879
-1.4125,247.95908640509285,0.001257409506712501,7.398942688303126
-1.41171875,249.20950566132657,0.0011081918819579525,7.393063788011125
-1.4109375000000002,250.46506671017607,0.0009513188596675382,7.387180742072791
-1.41015625,251.7257830453576,0.0007867764263992365,7.381293550488114
-1.409375,252.99166814572254,0.0006145506392799625,7.3754022132571055
-1.40859375,254.2627354748464,0.0004346276260846736,7.369506730379759
-1.4078125,255.53899848061116,0.00024699358531594766,7.363607101856072
-1.4070312500000002,256.82047059478555,5.1634786283807216e-05,7.357703327686053
-1.40625,258.10716523260845,-0.00015146243081552713,7.351795407869696
-1.40546875,259.3990957923611,-0.00036231165481927577,7.345883342407001
-1.4046875,260.6962756549465,-0.000580926403519335,7.339967131297973
-1.40390625,261.99871818346094,-0.000807320123582601,7.3340467745426015
-1.4031250000000002,263.30643672276403,-0.0010415061904713186,7.328122272140902
-1.40234375,264.61944459905123,-0.0012834979083642707,7.32219362409286
-1.4015625,265.93775511941584,-0.0015333085100765614,7.316260830398484
-1.40078125,267.2613815714176,-0.0017909511569809255,7.310323891057768
-1.4,268.5903372226442,-0.0020564389389280324,7.304382806070717
-1.3992187500000002,269.92463516705476,-0.0023235713826805756,7.298436158296553
-1.3984375,271.2642881667646,-0.002586130902126899,7.292482530594488
-1.39765625,272.60930879867067,-0.0028441049054185675,7.28652192296453
-1.396875,273.95970960559157,-0.0030974808558515126,7.2805543354066735
-1.39609375,275.31550309569536,-0.0033462462719581927,7.274579767920921
-1.3953125000000002,276.6767017419255,-0.0035903887275999134,7.268598220507277
-1.39453125,278.04331798142897,-0.0038298958520603605,7.262609693165732
-1.39375,279.41536421497204,-0.004064755330137337,7.256614185896293
-1.39296875,280.7928528063641,-0.00429495490223644,7.2506116986989575
-1.3921875,282.17579608187265,-0.004520482364463844,7.244602231573724
-1.3914062500000002,283.56420632963443,-0.004741325568719031,7.238585784520599
-1.390625,284.95809579907194,-0.0049574724227888275,7.232562357539575
-1.38984375,286.35747670029593,-0.005168910890439711,7.226531950630655
-1.3890625,287.7623612035155,-0.005375628991511979,7.22049456379384
-1.38828125,289.17276143844003,-0.005577614802012999,7.214450197029127
-1.3875000000000002,290.58868949367854,-0.0057748564542106,7.208398850336522
-1.38671875,292.0101574161419,-0.005967342136727467,7.202340523716018
-1.3859375,293.43717721043305,-0.006155060094634168,7.196275217167617
-1.38515625,294.86976083824396,-0.0063379986295437375,7.190202930691323
-1.384375,296.3079202177448,-0.0065161460997055585,7.184123664287129
-1.3835937500000002,297.7516672229707,-0.00668949092009925,7.178037417955043
-1.3828125,299.2010136832107,-0.00685802156252965,7.17194419169506
-1.38203125,300.65597138238536,-0.00702172655572042,7.16584398550718
-1.38125,302.116552058432,-0.007180594485409178,7.159736799391403
-1.38046875,303.58276740268013,-0.007334613994441928,7.153622633347728
-1.3796875000000002,305.05462905922553,-0.007483773782867683,7.147501487376165
-1.37890625,306.5321486243074,-0.00762806260803376,7.141373361476696
-1.378125,308.01533764567307,-0.007767469284680251,7.1352382556493374
-1.37734375,309.5042076219507,-0.007901982685035624,7.129096169894085
-1.3765625,310.99877000201246,-0.008031591738911688,7.122947104210931
-1.3757812500000002,312.4990361843365,-0.008156285433798977,7.116791058599886
-1.375,314.00501751637137,-0.00827605281496255,7.110628033060938
-1.37421875,315.5167250983222,-0.008390880157409459,7.104456464781387
-1.3734375,317.0341695813006,-0.00850075379209654,7.098274790948508
-1.37265625,318.55736135465094,-0.008605662934569097,7.092083011562306
-1.3718750000000002,320.08631073885294,-0.008705596857797121,7.085881126622785
-1.37109375,321.6210279847312,-0.008800544892343446,7.079669136129936
-1.3703125,323.1615232726523,-0.008890496426531422,7.073447040083765
-1.36953125,324.7078067117282,-0.008975440906613598,7.0672148384842695
-1.36875,326.25988833901124,-0.00905536783693972,7.060972531331452
-1.3679687500000002,327.8177781186861,-0.009130266780125412,7.054720118625312
-1.3671875,329.38148594126545,-0.009200127357220955,7.048457600365847
-1.36640625,330.9510216227725,-0.009264939247879833,7.042184976553058
-1.365625,332.52639490392994,-0.009324692190528018,7.035902247186947
-1.36484375,334.1076154493416,-0.009379375982532941,7.02960941226751
-1.3640625000000002,335.69469284667025,-0.009428980480372775,7.023306471794752
-1.36328125,337.2876366058196,-0.009473495599805978,7.0169934257686695
-1.3625,338.88645615810185,-0.00951291131604082,7.010670274189263
-1.36171875,340.49116085541516,-0.009547217663905193,7.0043370170565336
-1.3609375,342.10175996940995,-0.00957640473801655,6.997993654370481
-1.3601562500000002,343.71826269065417,-0.009600462692951929,6.991640186131106
-1.359375,345.3406781278012,-0.009619381743418288,6.9852766123384065
-1.35859375,346.96901530674546,-0.0096331521644228,6.978902932992382
-1.3578125,348.60328316978536,-0.009641764291443582,6.972519148093035
-1.35703125,350.24349057477787,-0.009645208520600234,6.966125257640366
-1.3562500000000002,351.8896462942896,-0.009643475308824952,6.959721261634373
-1.35546875,353.5417590147533,-0.009636555174033425,6.953307160075054
-1.3546875,355.1998373356099,-0.009624438695296143,6.946882952962414
-1.35390625,356.8638897684589,-0.009607116513009821,6.940448640296451
-1.353125,358.53392473620045,-0.009584579329068886,6.934004222077161
-1.3523437500000002,360.20995057217516,-0.00955681790703733,6.9275496983045555
-1.3515625,361.8919755193074,-0.00952382307232042,6.921085068978617
-1.35078125,363.5800077292348,-0.00948558571233707,6.914610334099359
-1.35,365.27405526144855,-0.009442096776691809,6.9081254936667795
-1.34921875,366.97412585343915,-0.009393344424184677,6.901628968115608
-1.3484375000000002,368.6802266844541,-0.009339316872856478,6.895119177880587
-1.34765625,370.39236459502547,-0.00928000525540534,6.888596122961707
-1.346875,372.1105463128018,-0.009215400768045383,6.882059803358977
-1.34609375,373.8347784515255,-0.009145494670751767,6.875510219072391
-1.3453125,375.5650675099992,-0.009070278287506315,6.86894737010195
-1.3445312500000002,377.30141987105134,-0.008989743006543241,6.862371256447662
-1.34375,379.04384180050477,-0.008903880280594795,6.85578187810951
-1.34296875,380.79233944613173,-0.008812681627137614,6.849179235087511
-1.3421875,382.5469188366186,-0.008716138628638797,6.842563327381656
-1.34140625,384.30758588052134,-0.008614242932802397,6.835934154991946
-1.3406250000000002,386.0743463652169,-0.008506986252816229,6.829291717918387
-1.33984375,387.8472059558631,-0.008394360367598403,6.8226360161609705
-1.3390625,389.6261701943396,-0.00827635712204478,6.815967049719698
-1.33828125,391.4112444982035,-0.00815296842727596,6.809284818594576
-1.3375,393.20243415963193,-0.008024186260884789,6.802589322785597
-1.3367187500000002,394.9997443443642,-0.00789000266718423,6.795880562292768
-1.3359375,396.8031800906498,-0.007750409757454765,6.789158537116081
-1.33515625,398.6127463081803,-0.007605399710193045,6.782423247255542
-1.334375,400.4284477770326,-0.007454964771359721,6.775674692711149
-1.33359375,402.250289146604,-0.007299097254628049,6.768912873482899
-1.3328125000000002,404.0782749345432,-0.007137789541632801,6.762137789570801
-1.33203125,405.91240952568825,-0.006971034082218604,6.755349440974845
-1.33125,407.7526971709908,-0.00679882339468974,6.748547827695038
-1.33046875,409.5991419864495,-0.006621150066058837,6.741732949731376
-1.3296875,411.45174795203576,-0.006438006752296714,6.734904807083858
-1.3289062500000002,413.3105189106158,-0.006249386178582141,6.7280633997524895
-1.328125,415.1754585668825,-0.006055281139551311,6.721208727737266
-1.32734375,417.04657048626797,-0.005855684499548659,6.714340791038189
-1.3265625,418.923858093872,-0.005650589192876651,6.707459589655257
-1.32578125,420.80732467337856,-0.005439988224046516,6.70056512358847
-1.3250000000000002,422.6969733659715,-0.00522387466802929,6.693657392837833
-1.32421875,424.5928069244922,-0.005002239057886292,6.68673493769912
-1.3234375,426.49482746100153,-0.0047750720069487836,6.6797962984681245
-1.32265625,428.4030366816271,-0.004542366818392091,6.672841475144839
-1.321875,430.3174361279148,-0.004304116868719683,6.665870467729263
-1.3210937500000002,432.23802717559556,-0.004060315608082072,6.658883276221404
-1.3203125,434.1648110333593,-0.0038109565605950147,6.651879900621256
-1.31953125,436.0977887416141,-0.0035560333246595745,6.644860340928822
-1.31875,438.0369611712575,-0.0032955395732807793,6.637824597144098
-1.31796875,439.9823290224397,-0.0030294690543875014,6.6307726692670865
-1.3171875000000002,441.93389282332487,-0.002757815591152548,6.62370455729779
-1.31640625,443.8916529288601,-0.002480573082311966,6.6166202612362035
-1.315625,445.8556095195302,-0.00219773550248636,6.609519781082328
-1.31484375,447.82576260012587,-0.0019092969025006432,6.602403116836168
-1.3140625,449.8021119985019,-0.001615251409705096,6.595270268497719
-1.3132812500000002,451.78465736433577,-0.0013155932282967004,6.588121236066987
-1.3125,453.7733981678941,-0.0010103166396394558,6.58095601954396
-1.31171875,455.7683336987834,-0.0006994160025871575,6.573774618928649
-1.3109375,457.7694630647174,-0.0003828857538040109,6.56657703422105
-1.31015625,459.7767851902725,-6.072040808706436e-05,6.559363265421161
-1.3093750000000002,461.7902988156442,0.0002670854413112829,6.55213331252899
-1.30859375,463.81000249541387,0.0006005371223618272,6.544887175544526
-1.3078125,465.8358945972986,0.0009396398839346095,6.5376248544677775
-1.30703125,467.86797330091576,0.0012843988954770024,6.530346349298739
-1.30625,469.90623659654085,0.0016348192466902039,6.523051660037414
-1.3054687500000002,471.95068228386396,0.001990905947205434,6.515740786683803
-1.3046875,474.00130797075633,0.0023526639262613867,6.508413729237903
-1.30390625,476.0581110720211,0.0027200980323789587,6.501070487699716
-1.303125,478.1210888081611,0.0030932130330382163,6.493711062069241
-1.30234375,480.1902382041365,0.0034720136143536907,6.486335452346476
-1.3015625000000002,482.2655560881252,0.003856504380749251,6.478943658531429
-1.30078125,484.347039090291,0.004246689854634547,6.471535680624089
-1.3,486.4346836415384,0.00464257447607829,6.464111518624464
-1.29921875,488.52848573923336,0.005038231934798753,6.4566699692646425
-1.2984375,490.6284407069059,0.0054277239007438655,6.449209829276711
-1.2976562500000002,492.7345434179941,0.005811036789432493,6.441731098660677
-1.296875,494.8467885255537,0.0061881571061178165,6.434233777416534
-1.29609375,496.96517046090185,0.006559071446193429,6.426717865544283
-1.2953125,499.0896834322764,0.006923766495602921,6.419183363043928
-1.29453125,501.22032142348723,0.007282229031248504,6.411630269915466
-1.2937500000000002,503.35707819256993,0.007634445921400421,6.404058586158898
-1.29296875,505.49994727045157,0.007980404126108457,6.396468311774219
-1.2921875,507.64892195960016,0.008320090697611717,6.3888594467614395
-1.29140625,509.8039953326944,0.008653492780751736,6.381231991120551
-1.290625,511.9651602312843,0.008980597613384591,6.373585944851553
-1.2898437500000002,514.1324092644555,0.009301392526793847,6.365921307954453
-1.2890625,516.3057348075039,0.009615864946105711,6.358238080429241
-1.28828125,518.4851290005992,0.009924002390702522,6.350536262275927
-1.2875,520.6705837474632,0.010225792474639197,6.342815853494505
-1.28671875,522.862090714045,0.010521222907059157,6.335076854084976
-1.2859375000000002,525.0596413271969,0.010810281492611002,6.327319264047343
-1.28515625,527.2632267733633,0.011092956131867128,6.319543083381597
-1.284375,529.4728379972564,0.011369234821741033,6.31174831208775
-1.28359375,531.688465700551,0.011639105655907409,6.303934950165795
-1.2828125,533.9101003405732,0.011902556825221823,6.29610299761573
-1.2820312500000002,536.137732128993,0.012159576618141113,6.288252454437564
-1.28125,538.3713510305275,0.012410153421145608,6.280383320631287
-1.28046875,540.6109467616359,0.012654275719160432,6.2724955961969036
-1.2796875,542.8565087892298,0.012891932095979235,6.264589281134417
-1.27890625,545.1080263293796,0.013123111234687604,6.256664375443819
-1.2781250000000002,547.3654883460263,0.013347801918087408,6.2487208791251225
-1.27734375,549.6288835497039,0.013565993029122722,6.240758792178312
-1.2765625,551.8982003962523,0.013777673551305042,6.232778114603395
-1.27578125,554.1734270855497,0.01398283256914071,6.224778846400374
-1.275,556.4545515602392,0.01418145926855843,6.216760987569244
-1.2742187500000002,558.7415613205858,0.01437354413230682,6.208723718900154
-1.2734375,561.0344432348192,0.014559077711795893,6.200666221183234
-1.27265625,563.3331837156704,0.014738049448846293,6.1925884944184935
-1.271875,565.6377689014231,0.014910448887768008,6.184490538605933
-1.27109375,567.9481846545875,0.015076265675843541,6.17637235374554
-1.2703125000000002,570.2644165605806,0.015235489563811891,6.168233939837333
-1.26953125,572.5864499264211,0.015388110406354119,6.160075296881297
-1.26875,574.9142697794146,0.01553411816257852,6.15189642487744
-1.26796875,577.2478608658597,0.015673502896507856,6.143697323825761
-1.2671875,579.5872076497524,0.015806254777566583,6.135477993726254
-1.2664062500000002,581.9322943114943,0.01593236408106906,6.12723843457893
-1.265625,584.2831047466198,0.01605182118870907,6.118978646383776
-1.26484375,586.6396225645094,0.01616461658904935,6.110698629140803
-1.2640625,589.0018310871304,0.016270740878012738,6.102398382850005
-1.26328125,591.3697133477717,0.01637018475937365,6.094077907511383
-1.2625000000000002,593.7432520897866,0.016462939045250514,6.08573720312494
-1.26171875,596.122429765352,0.01654899465659939,6.077376269690673
-1.2609375,598.5072285342189,0.016628342623707694,6.068995107208579
-1.26015625,600.8976302624864,0.01670097408668954,6.060593715678665
-1.259375,603.2936165213723,0.016766880295981553,6.052172095100925
-1.2585937500000002,605.6951685859942,0.016826052612839367,6.043730245475367
-1.2578125,608.1022674341654,0.016878482509835473,6.035268166801979
-1.25703125,610.5148937451823,0.01692416157135738,6.02678585908077
-1.25625,612.9330278986391,0.016963081494107028,6.0182833223117385
-1.25546875,615.3566499732382,0.016995234087600838,6.009760556494882
-1.2546875000000002,617.7857397456097,0.017020611274670704,6.001217561630206
-1.25390625,620.2202766891506,0.017039205091965902,5.992654337717702
-1.253125,622.6602399728544,0.017051007690455644,5.984070884757376
-1.25234375,625.1056084601656,0.01705601133593279,5.975467202749229
-1.2515625,627.5563607078366,0.017054208409518212,5.966843291693254
-1.2507812500000002,630.0124749647896,0.017045591408166107,5.958199151589462
-1.25,632.4739291710024,0.01703015294517016,5.949534782437839
-1.24921875,634.9407008676474,0.017007886155641833,5.940849858814387
-1.2484375,637.4127671051904,0.016978784275119566,5.932144055295094
-1.24765625,639.8901045282479,0.016942840243678446,5.9234173718799585
-1.2468750000000002,642.3726894625136,0.016900047119930112,5.914669808568984
-1.24609375,644.8604979136609,0.016850398081557114,5.90590136536216
-1.2453125,647.3535055662401,0.016793886425848337,5.897112042259498
-1.24453125,649.8516877826031,0.01673050557023518,5.888301839260996
-1.24375,652.3550196018273,0.016660249052828754,5.879470756366646
-1.2429687500000002,654.8634757386521,0.016583110532957832,5.870618793576463
-1.2421875,657.3770305824365,0.016499083791707666,5.86174595089043
-1.24140625,659.8956581961094,0.016408162732460006,5.852852228308558
-1.240625,662.4193323151507,0.016310341381433585,5.843937625830843
-1.23984375,664.9480263465724,0.016205613888225744,5.835002143457288
-1.2390625000000002,667.4817133679121,0.01609397452635505,5.826045781187894
-1.23828125,670.0203661262483,0.015975417693804415,5.8170685390226495
-1.2375,672.5639570372119,0.015849937913565728,5.808070416961568
-1.23671875,675.1124581840255,0.015717529834184743,5.799051415004644
-1.2359375,677.6658413165449,0.015578188230307266,5.790011533151877
-1.2351562500000002,680.2240778503162,0.01543190800322632,5.780950771403271
-1.234375,682.7871388656529,0.015278684181429608,5.771869129758819
-1.23359375,685.3549951067082,0.015118511921148887,5.762766608218527
-1.2328125,687.9276169805825,0.01495138650690925,5.753643206782394
-1.23203125,690.5049745564281,0.014777303352079909,5.744498925450416
-1.2312500000000002,693.0870375645706,0.014596257999425911,5.7353337642226005
-1.23046875,695.6737753956554,0.014408246121660064,5.726147723098938
-1.2296875,698.2651570997864,0.014213263521997024,5.716940802079437
-1.22890625,700.8611513857018,0.014011306134706969,5.707713001164094
-1.228125,703.4617266199476,0.01380237002567105,5.6984643203529055
-1.2273437500000002,706.0668508260715,0.013586451392937713,5.68919475964588
-1.2265625,708.6764916838365,0.013363546567279089,5.6799043190430085
-1.22578125,711.2906165284353,0.013133652012749797,5.670592998544296
-1.225,713.9091923497357,0.012896764327245153,5.661260798149742
-1.22421875,716.5321858490961,0.012652880098004807,5.651907968515294
-1.2234375000000002,719.1595634974612,0.012401996050572484,5.642534760296913
-1.22265625,721.7912914787842,0.012144109192580878,5.633141173494584
-1.221875,724.4273356321862,0.011879216667526785,5.623727208108319
-1.22109375,727.0676614512926,0.011607315755324737,5.614292864138111
-1.2203125,729.7122340835738,0.011328403872862571,5.604838141583963
-1.2195312500000002,732.3610183297035,0.011042478574558048,5.595363040445879
-1.21875,735.0139786429417,0.010749537552915085,5.585867560723851
-1.21796875,737.6710791285174,0.01044957863908299,5.576351702417883
-1.2171875,740.3322835430454,0.01014259980341448,5.566815465527974
-1.21640625,742.9975552939479,0.009828599156025986,5.557258850054124
-1.2156250000000002,745.6668574388948,0.00950757494735881,5.547681855996338
-1.21484375,748.3401526852685,0.00917952556873982,5.5380844833546075
-1.2140625,751.0174033896315,0.00884444955294544,5.528466732128939
-1.21328125,753.6985715572265,0.008502345574764168,5.518828602319329
-1.2125,756.3836188414845,0.008153212451561486,5.509170093925777
-1.2117187500000002,759.072506543549,0.0077970491438456215,5.4994912069482895
-1.2109375,761.76519561183,0.007433854755832827,5.489791941386858
-1.21015625,764.461646641557,0.007063628536016035,5.480072297241486
-1.209375,767.1618198743702,0.006686369877731941,5.470332274512176
-1.20859375,769.8656751979158,0.006302078319730512,5.460571873198922
-1.2078125000000002,772.5731721454611,0.005910753546745449,5.450791093301735
-1.20703125,775.2842698955409,0.005512395390063967,5.440989934820601
-1.20625,777.9989272716016,0.005107003828100233,5.431168397755529
-1.20546875,780.7171027416825,0.004694578986966964,5.421326482106516
-1.2046875,783.4387544181095,0.004275121141049566,5.411464187873562
-1.2039062500000002,786.1638400572016,0.003848630713581363,5.4015815150566695
-1.203125,788.8923170590116,0.003415108277217877,5.391678463655833
-1.20234375,791.6241424670694,0.0029745545546149936,5.381755033671062
-1.2015625,794.3592729681582,0.0025269704190051647,5.3718112251023475
-1.20078125,797.0976648921055,0.002072356894776307,5.36184703794969
-1.2000000000000002,799.8392742115893,0.0016107151580515662,5.351862472213099
-1.19921875,802.584056796921,0.0011480861802780039,5.341858405384473
-1.1984375,805.3319686760634,0.0006905189854050833,5.331835714955729
-1.19765625,808.082965786574,0.0002380268665050176,5.3217944009268665
-1.196875,810.8370037223315,-0.00020937698490007105,5.311734463297883
-1.1960937500000002,813.594037733486,-0.00065167947918958,5.3016559020687835
-1.1953125,816.3540227264384,-0.001088867628998535,5.291558717239561
-1.19453125,819.1169132638192,-0.001520928549569501,5.281442908810223
-1.19375,821.8826635645098,-0.0019478494591084429,5.271308476780764
-1.19296875,824.651227503669,-0.00236961767913957,5.261155421151184
-1.1921875000000002,827.4225586127841,-0.002786220634861066,5.250983741921491
-1.19140625,830.1966100797491,-0.0031976458555034682,5.240793439091671
-1.190625,832.9733347489498,-0.003603880974685977,5.230584512661736
-1.18984375,835.7526851213835,-0.004004913730776557,5.220356962631682
-1.1890625,838.5346133547931,-0.004400731967251111,5.210110789001505
-1.1882812500000002,841.319071263818,-0.0047913236330536305,5.199845991771216
-1.1875,844.1060103201816,-0.005176676782958816,5.189562570940803
-1.18671875,846.8953816528785,-0.00555677957793288,5.17926052651027
-1.1859375,849.6871360484026,-0.005931620285497878,5.168939858479622
-1.18515625,852.4812239509869,-0.006301187280095397,5.158600566848849
-1.1843750000000002,855.2775954628626,-0.006665469043451015,5.14824265161796
-1.18359375,858.0762003445543,-0.0070244541649413525,5.137866112786952
-1.1828125,860.8769880151776,-0.007378131341959297,5.127470950355826
-1.18203125,863.6799075527749,-0.007726489380282746,5.117057164324579
-1.18125,866.4849076946672,-0.008069517194442684,5.106624754693211
-1.1804687500000002,869.291936837823,-0.008407203808092203,5.09617372146173
-1.1796875,872.1009430392659,-0.008739538354377852,5.085704064630124
-1.17890625,874.9118740164841,-0.009066510076309398,5.075215784198399
-1.178125,877.7246771478791,-0.009388108327133044,5.064708880166557
-1.17734375,880.5392994732306,-0.009704322570703985,5.054183352534595
-1.1765625000000002,883.3556876941815,-0.01001514238185985,5.0436392013025175
-1.17578125,886.1737881747594,-0.010320557446796559,5.033076426470315
-1.175,888.9935469418984,-0.010620557563442712,5.022495028037996
-1.17421875,891.814910182461,-0.010915133555626264,5.0118965117535295
-1.1734375,894.6378247496938,-0.011204276379482452,5.0012823833648845
-1.1726562500000002,897.4622376799693,-0.011487976201646172,4.990652642872064
-1.171875,900.2880957001444,-0.011766223303961584,4.980007290275065
-1.17109375,903.1153452282346,-0.012039008083793204,4.969346325573888
-1.1703125,905.9439323741256,-0.012306321054339918,4.9586697487685365
-1.16953125,908.7738029402989,-0.012568152844948634,4.9479775598590034
-1.1687500000000002,911.6049024225766,-0.012824494201428845,4.937269758845301
-1.16796875,914.4371760109001,-0.013075335986369212,4.926546345727414
-1.1671875,917.2705685901122,-0.01332066917945314,4.915807320505354
-1.16640625,920.1050247407813,-0.013560484877777074,4.905052683179115
-1.165625,922.9404887400311,-0.01379477429616858,4.894282433748699
-1.1648437500000002,925.7769045624011,-0.014023528767505376,4.883496572214109
-1.1640625,928.6142158807335,-0.014246739743036124,4.872695098575337
-1.16328125,931.452366067065,-0.014464398792700617,4.86187801283239
-1.1625,934.2912981935638,-0.014676497605452397,4.851045314985268
-1.16171875,937.1309550334736,-0.014883027989581212,4.840197005033964
-1.1609375000000002,939.9712790620806,-0.015083981873036525,4.82933308297849
-1.16015625,942.812212457718,-0.015279351303752707,4.818453548818833
-1.159375,945.6536971027708,-0.015469128449973658,4.807558402555
-1.15859375,948.4956745847218,-0.01565330560057983,4.796647644186991
-1.1578125,951.3380861972121,-0.01583187516541515,4.785721273714804
-1.1570312500000002,954.1808729411243,-0.016004829675615007,4.774779291138444
-1.15625,957.0239755256972,-0.016172161783935768,4.763821696457899
-1.15546875,959.8673343696472,-0.016333864265084017,4.752848489673182
-1.1546875,962.7108896023311,-0.016489930016047868,4.741859670784288
-1.15390625,965.5545810649202,-0.016640352056428456,4.730855239791214
-1.1531250000000002,968.3983483115994,-0.016785123528772358,4.7198351966939684
-1.15234375,971.2421306107985,-0.016924237698905536,4.708799541492541
-1.1515625,974.0858669464295,-0.017057687956267106,4.697748274186939
-1.15078125,976.9294960191671,-0.017185467814245094,4.686681394777159
-1.15,979.7729562477385,-0.017307570910512382,4.675598903263198
-1.1492187500000002,982.616186537721,-0.017423992609186006,4.664502927626572
-1.1484375,985.4591270636923,-0.01753472844761353,4.653395595848769
-1.14765625,988.3017185208671,-0.017639772511477612,4.6422769079298
-1.146875,991.1439013634421,-0.01773911901298813,4.6311468638696605
-1.14609375,993.9856158059875,-0.017832762291127284,4.620005463668346
-1.1453125000000002,996.8268018248642,-0.017920696811895623,4.608852707325871
-1.14453125,999.6673991596641,-0.018002917168559188,4.59768859484222
-1.14375,1002.5073473146584,-0.018079418081896927,4.586513126217402
-1.14296875,1005.3465855602811,-0.018150194400449626,4.575326301451414
-1.1421875,1008.1850529346232,-0.018215241100769226,4.564128120544252
-1.1414062500000002,1011.0226882449435,-0.018274553287669054,4.552918583495927
-1.140625,1013.8594300692158,-0.018328126194475138,4.541697690306427
-1.13984375,1016.6952167576737,-0.01837595518327799,4.53046544097576
-1.1390625,1019.5299864343943,-0.018418035745185614,4.519221835503924
-1.13828125,1022.3636769988927,-0.01845436350057706,4.507966873890913
-1.1375000000000002,1025.1962261277354,-0.01848493419935699,4.496700556136741
-1.13671875,1028.0275712761845,-0.018509743721211083,4.485422882241391
-1.1359375,1030.8576496798448,-0.018528788075862158,4.474133852204876
-1.13515625,1033.6863983563464,-0.018542063403327307,4.462833466027188
-1.134375,1036.5137541070408,-0.018549565974175754,4.45152172370833
-1.1335937500000002,1039.3396535187132,-0.01855129218978764,4.44019862524831
-1.1328125,1042.164032965328,-0.018547238582613597,4.4288641706471115
-1.13203125,1044.986828609776,-0.018537401816435206,4.417518359904745
-1.13125,1047.8079764056574,-0.018521778686626262,4.4061611930212115
-1.13046875,1050.627412099077,-0.01850036612041494,4.394792669996505
-1.1296875000000002,1053.4450712304567,-0.018473161177146816,4.383412790830634
-1.12890625,1056.2608891363839,-0.018440161048548585,4.372021555523586
-1.128125,1059.0748009514532,-0.0184013630589929,4.360618964075373
-1.12734375,1061.8867416101552,-0.01835676466576376,4.349205016485992
-1.1265625,1064.696645848768,-0.01830636345932297,4.3377797127554345
-1.1257812500000002,1067.50444820727,-0.01825015716357741,4.326343052883716
-1.125,1070.310083031288,-0.01818814363614694,4.314895036870819
-1.12421875,1073.113485520223,-0.018120323366682907,4.30343822859052
-1.1234375,1075.9145927918044,-0.018046697041852973,4.291975191916573
-1.12265625,1078.713342859702,-0.017967263015354618,4.280505926848977
-1.1218750000000002,1081.5096735947293,-0.01788201977447794,4.269030433387741
-1.12109375,1084.3035227267872,-0.017790965940252042,4.257548711532853
-1.1203125,1087.0948278468038,-0.01769410026759285,4.246060761284321
-1.11953125,1089.8835264087102,-0.01759142164545105,4.234566582642143
-1.11875,1092.6695557314142,-0.017482929096961152,4.223066175606315
-1.1179687500000002,1095.452853000792,-0.017368621779591392,4.211559540176848
-1.1171875,1098.2333552717078,-0.01724849898529389,4.200046676353729
-1.11640625,1101.0109994700224,-0.017122560140656405,4.188527584136965
-1.115625,1103.7857223946428,-0.016990804807054054,4.177002263526555
-1.11484375,1106.5574607195679,-0.016853232680802247,4.165470714522496
-1.1140625000000002,1109.326150995952,-0.016709843593310496,4.153932937124798
-1.11328125,1112.0917296541936,-0.016560637511236296,4.142388931333446
-1.1125,1114.8541330060189,-0.016405614536640908,4.1308386971484525
-1.11171875,1117.6132972465964,-0.016244774907144717,4.119282234569811
-1.1109375,1120.3691584566593,-0.016078118996084193,4.107719543597521
-1.1101562500000002,1123.1216526046342,-0.015905647312669472,4.0961506242315915
-1.109375,1125.870715548802,-0.015727360502142018,4.084575476472009
-1.10859375,1128.6162830394476,-0.015543259345934377,4.072994100318783
-1.1078125,1131.358290721048,-0.015353344761829334,4.0614064957719105
-1.10703125,1134.0966741344585,-0.015157617804120626,4.049812662831389
-1.1062500000000002,1136.8313687191119,-0.014956079663774519,4.038212601497227
-1.10546875,1139.5623098152478,-0.014748731668591203,4.026606311769413
-1.1046875,1142.289432666128,-0.014535575283368421,4.014993793647955
-1.10390625,1145.012672420291,-0.014316612110064488,4.003375047132852
-1.103125,1147.7319641338072,-0.014091843887962799,3.9917500722240997
-1.1023437500000002,1150.4472427725445,-0.013861272493837307,3.9801188689217066
-1.1015625,1153.158443214457,-0.013624899942117675,3.9684814372256607
-1.10078125,1155.8655002518756,-0.013382728385056882,3.9568377771359717
-1.1,1158.5683485938198,-0.013134760112897895,3.945187888652637
-1.0992187500000001,1161.266924173688,-0.012884954121051327,3.93353503709847
-1.0984375,1163.9611654751295,-0.012637272099180509,3.9218824877962817
-1.09765625,1166.6510122531581,-0.012391720434485162,3.910230240746079
-1.096875,1169.3364042370133,-0.012148305450169108,3.898578295947857
-1.09609375,1172.0172811323257,-0.011907033405472826,3.886926653401618
-1.0953125000000001,1174.693582623287,-0.011667910495705137,3.8752753131073603
-1.09453125,1177.3652483748294,-0.011430942852274549,3.863624275065082
-1.09375,1180.0322180348082,-0.011196136542720544,3.851973539274789
-1.09296875,1182.694431236196,-0.010963497570743682,3.840323105736477
-1.0921875,1185.3518275992744,-0.01073303187623614,3.8286729744501486
-1.0914062500000001,1188.0043467338412,-0.01050474533531133,3.817023145415802
-1.090625,1190.651928241417,-0.01027864376033323,3.805373618633433
-1.08984375,1193.2945117174593,-0.010054732899945615,3.7937243941030507
-1.0890625,1195.9320367535843,-0.009833018439100193,3.7820754718246494
-1.08828125,1198.5644429397928,-0.009613505999085042,3.7704268517982302
-1.0875000000000001,1201.1916698667007,-0.009396201137552261,3.7587785340237927
-1.08671875,1203.8136571277762,-0.009181109348545286,3.7471305185013346
-1.0859375,1206.4303443215806,-0.008968236062526055,3.7354828052308617
-1.08515625,1209.0416710540183,-0.00875758664640118,3.72383539421237
-1.084375,1211.647576940586,-0.008549166403548384,3.71218828544586
-1.0835937500000001,1214.2480016086347,-0.008342980573842093,3.700541478931334
-1.0828125,1216.8428846996264,-0.008139034333678807,3.6888949746687865
-1.08203125,1219.4321658714025,-0.00793733279600223,3.6772487726582237
-1.08125,1222.0157848004583,-0.007737881010327475,3.665602872899642
-1.08046875,1224.593681184215,-0.0075406839627654605,3.6539572753930427
-1.0796875000000001,1227.165794743304,-0.007345746576046593,3.6423119801384263
-1.07890625,1229.7320652238468,-0.007153073709544055,3.630666987135788
-1.078125,1232.2924323997463,-0.006962670159297026,3.6190222963851344
-1.07734375,1234.8468360749812,-0.0067745406580328685,3.6073779078864656
-1.0765625,1237.3952160858992,-0.00658868987518957,3.595733821639776
-1.0757812500000001,1239.9375123035197,-0.0064051224169374135,3.5840900376450686
-1.075,1242.4736646358385,-0.006223842826200358,3.572446555902341
-1.07421875,1245.0036145458755,-0.006044859610485502,3.560805683273232
-1.0734375,1247.527306588173,-0.005868181226523998,3.549169726619375
-1.07265625,1250.0446869197947,-0.0056938120437075865,3.5375386859407674
-1.0718750000000001,1252.5557017927554,-0.005521756364917143,3.525912561237411
-1.07109375,1255.060297556028,-0.0053520184266279275,3.5142913525093014
-1.0703125,1257.558420657543,-0.005184602399014691,3.5026750597564464
-1.06953125,1260.0500176461892,-0.005019512386055979,3.491063682978842
-1.06875,1262.5350351738118,-0.004856752425638518,3.4794572221764883
-1.0679687500000001,1265.013419997205,-0.004696326489660951,3.4678556773493847
-1.0671875,1267.4851189801004,-0.00453823848413732,3.4562590484975284
-1.06640625,1269.9500790951583,-0.00438249224930032,3.4446673356209256
-1.065625,1272.4082474259508,-0.004229091559703776,3.4330805387195746
-1.06484375,1274.8595711689431,-0.004078040124325195,3.421498657793474
-1.0640625000000001,1277.3039976354698,-0.0039293415866677485,3.4099216928426235
-1.06328125,1279.741474253711,-0.0037829995248618966,3.3983496438670207
-1.0625,1282.1719485706606,-0.003639017451766836,3.386782510866672
-1.06171875,1284.5953682540942,-0.0034973988150712176,3.375220293841573
-1.0609375,1287.0116810945333,-0.003358146997393883,3.363662992791726
-1.0601562500000001,1289.4208350072024,-0.0032212653163840596,3.3521106077171283
-1.059375,1291.8227780339846,-0.0030867570248211905,3.3405631386177785
-1.05859375,1294.2174583453693,-0.0029546253107146196,3.3290205854936827
-1.0578125,1296.6048242424029,-0.002824873297402519,3.3174829483448365
-1.05703125,1298.9848241586278,-0.002697504043650866,3.305950227171242
-1.0562500000000001,1301.3574066620222,-0.002572520543751868,3.2944224219728984
-1.05546875,1303.7225204569304,-0.0024499257276220125,3.282899532749801
-1.0546875,1306.0801143859917,-0.0023297224609000267,3.271381559501958
-1.05390625,1308.4301374320644,-0.0022119135450440115,3.259868502229365
-1.053125,1310.772538720142,-0.002096501717428698,3.248360360932023
-1.0523437500000001,1313.1072675192684,-0.0019834896514421023,3.236857135609932
-1.0515625,1315.4342732444472,-0.0018728799565818819,3.2253588262630872
-1.05078125,1317.7535054585403,-0.0017646751785514595,3.2138654328914975
-1.05,1320.0649138741692,-0.001658877799355539,3.202376955495158
-1.04921875,1322.3684500056668,-0.0015554936852438636,3.1908999991231553
-1.0484375000000001,1324.664068838207,-0.0014545286406320826,3.179441168824577
-1.04765625,1326.951727202357,-0.0013559849592611275,3.1680004645994195
-1.046875,1329.2313821312496,-0.001259864871227876,3.156577886447689
-1.04609375,1331.5029908620463,-0.0011661705430894124,3.145173434369382
-1.0453125,1333.7665108373942,-0.0010749040779672394,3.1337871083645
-1.0445312500000001,1336.0218997068682,-0.0009860675156510613,3.1224189084330414
-1.04375,1338.2691153284059,-0.0008996628327022362,3.1110688345750046
-1.04296875,1340.508115769722,-0.0008156919425570451,3.0997368867903945
-1.0421875,1342.7388593097323,-0.0007341566956294164,3.088423065079208
-1.04140625,1344.9613044399423,-0.00065505887941357,3.0771273694414463
-1.0406250000000001,1347.1754098658453,-0.0005784002185862667,3.065849799877108
-1.03984375,1349.3811345082966,-0.0005041823751086969,3.0545903563861914
-1.0390625,1351.578437504879,-0.00043240694832824073,3.0433490389687017
-1.03828125,1353.7672782112663,-0.0003630754750796527,3.032125847624636
-1.0375,1355.947616202561,-0.0002961894297861941,3.0209207823539947
-1.0367187500000001,1358.119411274634,-0.0002317502245603327,3.0097338431567766
-1.0359375,1360.2826234454426,-0.00016975920930416055,2.9985650300329802
-1.03515625,1362.4372129563435,-0.00011021767180960541,2.987414342982612
-1.034375,1364.5831402733954,-5.3126837858146645e-05,2.976281782005665
-1.03359375,1366.7203660886423,1.5121286795739576e-06,2.965167347102144
-1.0328125000000001,1368.8488513213947,5.369812574453467e-05,2.9540710382720468
-1.03203125,1370.9685571194923,0.00010343011299038822,2.9429928555153713
-1.03125,1373.0794448605564,0.00015070711168477775,2.931932798832121
-1.03046875,1375.1814761532373,0.00019552820461105685,2.9208908682222963
-1.0296875,1377.2746128384397,0.00023789253597016023,2.909867063685896
-1.0289062500000001,1379.3588169905422,0.00027779931128286284,2.898861385222919
-1.028125,1381.4340509186027,0.0003152477972922968,2.887873832833363
-1.02734375,1383.500277167555,0.00035023732186672326,2.8769044065172356
-1.0265625,1385.55745851939,0.00038276727390269924,2.865953106274531
-1.02578125,1387.6055579943284,0.00041283710322840693,2.8550199321052516
-1.0250000000000001,1389.6445388519764,0.00044044632050735356,2.844104884009395
-1.02421875,1391.6743662798376,0.0004655891378412448,2.833198010958641
-1.0234375,1393.695009096511,0.00048825993037845364,2.8222893619246734
-1.02265625,1395.7064380848353,0.000508458544320023,2.8113789369074906
-1.021875,1397.7086243101228,0.0005261848860736931,2.800466735907092
-1.0210937500000001,1399.7015391208015,0.0005414389218480472,2.789552758923478
-1.0203125,1401.6851541490469,0.0005542206772468713,2.7786370059566456
-1.01953125,1403.6594413113978,0.0005645302368637277,2.7677194770066014
-1.01875,1405.6243728093564,0.0005723677438768429,2.7568001720733393
-1.01796875,1407.5799211299702,0.0005777333996441122,2.7458790911568633
-1.0171875000000001,1409.526059046403,0.0005806274632984407,2.7349562342571714
-1.01640625,1411.462759618489,0.0005810502513432567,2.7240316013742607
-1.015625,1413.389996193267,0.0005790021372482779,2.713105192508137
-1.01484375,1415.3077424055098,0.0005744835510454886,2.7021770076587983
-1.0140625,1417.2159721782264,0.000567494978925384,2.6912470468262444
-1.0132812500000001,1419.114659723158,0.0005580369628333826,2.680315310010474
-1.0125,1421.0037795412516,0.0005461101000665184,2.6693817972114853
-1.01171875,1422.8833064231242,0.0005317150428703347,2.6584465084292845
-1.0109375,1424.753215449508,0.0005148524980360061,2.647509443663868
-1.01015625,1426.6134819916838,0.0004955232264976726,2.636570602915235
-1.0093750000000001,1428.4640817118932,0.0004737280429300072,2.625629986183387
-1.00859375,1430.3049905637454,0.00044946781534602155,2.61468759346832
-1.0078125,1432.1361847925953,0.00042274346469506026,2.60374342477004
-1.00703125,1433.9576409359192,0.00039355596446102035,2.592797480088546
-1.00625,1435.7693358236704,0.0003619063402608133,2.581849759423835
-1.0054687500000001,1437.5712465786175,0.0003277956694430203,2.570900262775909
-1.0046875,1439.3633506166682,0.0002912250806867575,2.5599489901447634
-1.00390625,1441.1456256471827,0.000252195753600832,2.548995941530406
-1.003125,1442.9180496732668,0.00021070891832296857,2.5380411169328325
-1.00234375,1444.6806009920517,0.0001667658551193903,2.527084516352044
-1.0015625000000001,1446.4332581949602,0.00012036789398454378,2.5161261397880397
-1.00078125,1448.1760001679575,7.151641424102138e-05,2.5051659872408165
-1.0,1449.9088060917834,2.0212844139806726e-05,2.4942040587103804
-0.99921875,1451.631657058684,-3.2014344639836196e-05,2.483314218050056
-0.9984375000000001,1453.3445377005664,-8.363716080938099e-05,2.472570329113169
-0.9976562500000001,1455.0474345877337,-0.00013465485973531894,2.4619723918997196
-0.996875,1456.7403346159524,-0.0001850666962896688,2.4515204064097045
-0.99609375,1458.4232250061623,-0.00023487192508562537,2.44121437264313
-0.9953125,1460.0960933041838,-0.0002840698007134395,2.431054290599994
-0.9945312500000001,1461.7589273803922,-0.00033265957797621416,2.4210401602802953
-0.9937500000000001,1463.411715429385,-0.0003806405121258277,2.411171981684035
-0.99296875,1465.0544459696334,-0.00042801185909897263,2.401449754811209
-0.9921875,1466.6871078431154,-0.0004747728757531439,2.391873479661824
-0.99140625,1468.3096902149364,-0.0005209228201028656,2.382443156235876
-0.9906250000000001,1469.9221825729294,-0.0005664609515558099,2.373158784533366
-0.9898437500000001,1471.5245747272434,-0.0006113865311490827,2.3640203645542943
-0.9890625,1473.116856809918,-0.0006556988217855476,2.355027896298657
-0.98828125,1474.6990192744356,-0.0006993970884701378,2.34618137976646
-0.9875,1476.2710528952675,-0.0007424805985463659,2.3374808149577007
-0.9867187500000001,1477.8329487673984,-0.0007849486219327604,2.3289262018723793
-0.9859375000000001,1479.3846983058377,-0.0008268004313593995,2.3205175405104956
-0.98515625,1480.9262932451181,-0.0008680353026045202,2.312254830872048
-0.984375,1482.4577256387745,-0.0009086525147310974,2.304138072957039
-0.98359375,1483.9789878588126,-0.0009486513503235911,2.2961672667654693
-0.9828125000000001,1485.490072595161,-0.000988031095724633,2.2883424122973364
-0.9820312500000001,1486.99097285511,-0.001026791041271799,2.280663509552642
-0.98125,1488.4816819627354,-0.0010649304815344375,2.273130558531382
-0.98046875,1489.9621935583032,-0.0011024487155504694,2.265743559233562
-0.9796875,1491.4325015976708,-0.001139345047063337,2.258502511659181
-0.9789062500000001,1492.892600351665,-0.0011756187847589037,2.251407415808237
-0.9781250000000001,1494.3424844054473,-0.0012112692425024062,2.2444582716807306
-0.97734375,1495.7821486578684,-0.0012462957395754641,2.2376550792766596
-0.9765625,1497.2115883208066,-0.0012806976009130707,2.23099783859603
-0.97578125,1498.630798918493,-0.0013144741573406984,2.2244865496388364
-0.9750000000000001,1500.0397762868251,-0.0013476247458113512,2.2181212124050815
-0.9742187500000001,1501.4385180107772,-0.0013801579059770613,2.2118096665259896
-0.9734375,1502.8270248697804,-0.001412082017742593,2.2054597516327847
-0.97265625,1504.2052994093308,-0.0014433962054745352,2.1990714677254704
-0.971875,1505.5733445044352,-0.001474099623053484,2.192644814804045
-0.9710937500000001,1506.931163358458,-0.0015041914536056183,2.1861797928685087
-0.9703125000000001,1508.2787595019659,-0.0015336709092344095,2.179676401918861
-0.96953125,1509.616136791551,-0.0015625372307524119,2.1731346419551
-0.96875,1510.9432994086487,-0.0015907896874131425,2.1665545129772306
-0.96796875,1512.260251858339,-0.0016184275766431117,2.1599360149852496
-0.9671875000000001,1513.5669989681357,-0.0016454502237738847,2.1532791479791578
-0.9664062500000001,1514.863545886765,-0.001671856981774268,2.1465839119589543
-0.965625,1516.1498980829303,-0.0016976472309825894,2.1398503069246373
-0.96484375,1517.4260613440658,-0.0017228203788390434,2.133078332876212
-0.9640625,1518.6920417750819,-0.0017473758596181798,2.1262679898136754
-0.9632812500000001,1519.9478457970902,-0.0017713131341614212,2.1194192777370273
-0.9625000000000001,1521.193480146129,-0.001794631689609704,2.112532196646268
-0.96171875,1522.4289518718656,-0.0018173310391361975,2.105606746541396
-0.9609375,1523.6542683362961,-0.0018394107216790818,2.0986429274224148
-0.96015625,1524.8694372124319,-0.0018608703016744672,2.0916407392893226
-0.9593750000000001,1526.074466482973,-0.0018817093687893385,2.0846001821421187
-0.9585937500000001,1527.2693644389742,-0.0019019275376546039,2.077521255980804
-0.9578125,1528.454139678496,-0.001921524447598225,2.0704039608053764
-0.95703125,1529.6288011052538,-0.0019404997623784022,2.0632482966158388
-0.95625,1530.7933579272453,-0.0019588531699168852,2.0560542634121908
-0.9554687500000001,1531.9478196553782,-0.001976584382032307,2.0488218611944315
-0.9546875000000001,1533.092196102084,-0.001993693134173617,2.0415510899625606
-0.95390625,1534.2264973799172,-0.002010179185153589,2.034241949716577
-0.953125,1535.3507339001544,-0.002026042316882378,2.026894440456484
-0.95234375,1536.4649163713775,-0.0020412823341011896,2.0195085621822804
-0.9515625000000001,1537.5690557980486,-0.002055899064115983,2.0120843148939653
-0.9507812500000001,1538.663163479079,-0.002069892356531244,2.004621698591539
-0.95,1539.7472510063849,-0.002083262082983847,1.997120713275
-0.94921875,1540.8213314280365,-0.0020960139351323113,1.9895292590883278
-0.9484375,1541.8854204162271,-0.002108153632849945,1.9817952361754971
-0.9476562500000001,1542.9395351074945,-0.0021196811280678454,1.9739186445365087
-0.9468750000000001,1543.9836929379717,-0.0021305964010778604,1.9658994841713613
-0.94609375,1545.0179116416018,-0.0021408994599712615,1.9577377550800528
-0.9453125,1546.0422092483445,-0.0021505903400775026,1.9494334572625882
-0.94453125,1547.0566040823815,-0.002159669103403131,1.9409865907189658
-0.9437500000000001,1548.0611147603033,-0.0021681358380707598,1.9323971554491841
-0.9429687500000001,1549.0557601893036,-0.0021759906577581553,1.9236651514532448
-0.9421875,1550.0405595653563,-0.002183233701137418,1.914790578731144
-0.94140625,1551.0155323713923,-0.0021898651313142486,1.905773437282887
-0.940625,1551.980698375468,-0.0021958851352673102,1.896613727108472
-0.9398437500000001,1552.9360776289268,-0.0022012939232876646,1.8873114482078983
-0.9390625000000001,1553.8816904645598,-0.002206091728418279,1.8778666005811664
-0.93828125,1554.8175574947577,-0.002210278805893627,1.8682791842282735
-0.9375,1555.7436996096515,-0.0022138554325793294,1.8585491991492242
-0.93671875,1556.660137975263,-0.002216821906411897,1.8486766453440169
-0.9359375000000001,1557.5668940316368,-0.0022191785458385033,1.838661522812651
-0.9351562500000001,1558.4639894909699,-0.0022209256892568334,1.8285038315551265
-0.934375,1559.3514463357455,-0.002222063694454983,1.8182035715714406
-0.93359375,1560.2292868168495,-0.0022225929380513994,1.8077607428615998
-0.9328125,1561.0975334516927,-0.0022225138149348897,1.7971753454255999
-0.9320312500000001,1561.9562090223237,-0.0022218267377046522,1.7864473792634417
-0.9312500000000001,1562.8053365735436,-0.0022205321361103603,1.7755768443751248
-0.93046875,1563.644939411008,-0.0022186304564922733,1.764563740760647
-0.9296875,1564.475041099331,-0.002216122161221391,1.7534080684200133
-0.92890625,1565.2956654601885,-0.0022130077281396284,1.742109827353221
-0.9281250000000001,1566.1068365704127,-0.0022092876500000255,1.7306690175602701
-0.9273437500000001,1566.9085787600845,-0.002204962433906969,1.7190856390411615
-0.9265625,1567.7009166106293,-0.0022000326007564452,1.7073596917958909
-0.92578125,1568.4838749528992,-0.0021944986846763057,1.6954911758244648
-0.925,1569.257478865264,-0.002188361232466541,1.6834800911268804
-0.9242187500000001,1570.0217544899917,-0.0021816171920969693,1.671396731334205
-0.9234375000000001,1570.776729852002,-0.002174263465706676,1.6593113900775067
-0.92265625,1571.5224340416908,-0.002166300546736422,1.647224067356781
-0.921875,1572.2588963953167,-0.0021577289367514696,1.6351347631720352
-0.92109375,1572.9861464928827,-0.0021485491452328657,1.6230434775232663
-0.9203125000000001,1573.704214156018,-0.0021387616893687347,1.6109502104104743
-0.9195312500000001,1574.413129445864,-0.00212836709384557,1.5988549618336583
-0.91875,1575.1129226609557,-0.0021173658906395256,1.586757731792816
-0.91796875,1575.803624335104,-0.002105758618807715,1.5746585202879535
-0.9171875,1576.4852652352797,-0.002093545824279481,1.562557327319068
-0.9164062500000001,1577.1578763594978,-0.0020807280596477047,1.5504541528861586
-0.9156250000000001,1577.8214889347037,-0.0020673058839600815,1.5383489969892263
-0.91484375,1578.4761344146523,-0.002053279862510407,1.526241859628267
-0.9140625,1579.1218444778028,-0.002038650566629872,1.5141327408032876
-0.91328125,1579.7586510251988,-0.0020234185734783225,1.5020216405142848
-0.9125000000000001,1580.3865861783613,-0.00200758446583555,1.489908558761259
-0.9117187500000001,1581.0056822771764,-0.00199114883189256,1.4777934955442096
-0.9109375,1581.61597187779,-0.001974112265042837,1.4656764508631333
-0.91015625,1582.2174877504985,-0.0019564753636736273,1.4535574247180374
-0.909375,1582.8102628776458,-0.001938238730957171,1.4414364171089178
-0.9085937500000001,1583.3943304515215,-0.0019194029746419795,1.429313428035775
-0.9078125000000001,1583.9697238722586,-0.001899968706844072,1.417188457498609
-0.90703125,1584.536476745741,-0.0018799365438382169,1.405061505497416
-0.90625,1585.094622881501,-0.0018593071058491963,1.3929325720322028
-0.90546875,1585.644196290635,-0.0018380810168429978,1.3808016571029669
-0.9046875000000001,1586.1852311837079,-0.0018162589043180587,1.368668760709707
-0.9039062500000001,1586.7177619686713,-0.0017938413990964837,1.3565338828524243
-0.903125,1587.2418232487767,-0.0017708291351152435,1.344397023531115
-0.90234375,1587.757449820499,-0.0017472227492174022,1.3322581827457853
-0.9015625,1588.26467667146,-0.0017230228809432696,1.3201173604964325
-0.9007812500000001,1588.7635389783527,-0.0016982301723216168,1.3079745567830559
-0.8999999999999999,1589.2540721048765,-0.0016728452676608332,1.2958297716056528
-0.89921875,1589.736312027834,-0.0016472701248078732,1.2837773276073758
-0.8984375,1590.2102957639997,-0.0016219062570463339,1.2719115474313678
-0.89765625,1590.676060940881,-0.0015967536438551528,1.2602324310776287
-0.8968750000000001,1591.133645366673,-0.0015718122652512475,1.2487399785461588
-0.8960937499999999,1591.5830870281275,-0.0015470821017434795,1.2374341898369539
-0.8953125,1592.0244240884206,-0.0015225631342867198,1.2263150649500214
-0.89453125,1592.45769488503,-0.0014982553442358917,1.2153826038853581
-0.89375,1592.8829379276183,-0.0014741587133001253,1.2046368066429636
-0.8929687500000001,1593.3001918959178,-0.001450273223496938,1.194077673222838
-0.8921874999999999,1593.7094956376282,-0.0014265988571064414,1.1837052036249782
-0.89140625,1594.1108881663135,-0.0014031355966256452,1.1735193978493905
-0.890625,1594.5044086593082,-0.0013798834247227148,1.1635202558960718
-0.88984375,1594.8900964556306,-0.001356842324191345,1.1537077777650222
-0.8890625000000001,1595.2679910539043,-0.0013340122779051387,1.1440819634562414
-0.8882812499999999,1595.6381321102806,-0.001311393268772008,1.1346428129697266
-0.8875,1596.0005594363745,-0.0012889852796886538,1.125390326305484
-0.88671875,1596.3553129972029,-0.0012667882934950016,1.1163245034635103
-0.8859375,1596.702432909129,-0.0012448022929287322,1.1074453444438055
-0.8851562500000001,1597.0419594378227,-0.0012230272605798136,1.0987528492463696
-0.8843749999999999,1597.3739329962145,-0.0012014631788450497,1.0902470178712005
-0.88359375,1597.698394142472,-0.0011801100298826819,1.0819278503183027
-0.8828125,1598.0153835779686,-0.00115896779556696,1.0737953465876742
-0.88203125,1598.3249421452751,-0.0011380364574427875,1.0658495066793146
-0.8812500000000001,1598.627110826145,-0.0011173159966803574,1.0580903305932239
-0.8804687499999999,1598.921930739521,-0.001096806394029796,1.0505178183294002
-0.8796875,1599.2094431395356,-0.0010765076297758673,1.0431319698878476
-0.87890625,1599.4896894135338,-0.0010564196836926143,1.0359327852685642
-0.878125,1599.7627110800954,-0.0010365425349980865,1.02892026447155
-0.8773437500000001,1600.0285497870664,-0.0010168761623090355,1.0220944074968046
-0.8765624999999999,1600.287247309602,-0.000997420543595627,1.0154552143443267
-0.87578125,1600.5388455482152,-0.0009781756561361907,1.0090026850141196
-0.875,1600.7833865268365,-0.0009591414764719121,1.0027368195061817
-0.87421875,1601.0209124165974,-0.0009403243559419638,0.9965853809759179
-0.8734375000000001,1601.251465559642,-0.0009217306478040098,0.9904761325787326
-0.8726562499999999,1601.4750884415264,-0.0009033603284792889,0.9844090743146242
-0.871875,1601.6918236635997,-0.0008852133711875388,0.9783842061835963
-0.87109375,1601.9017139411064,-0.0008672897459745238,0.9724015281856473
-0.8703125,1602.1048021012955,-0.0008495894197396221,0.9664610403207767
-0.8695312500000001,1602.3011310815361,-0.0008321123562633812,0.960562742588985
-0.8687499999999999,1602.490743927448,-0.0008148585162350789,0.9547066349902708
-0.86796875,1602.673683791037,-0.0007978278572803121,0.9488927175246367
-0.8671875,1602.8499939288458,-0.0007810203339885262,0.9431209901920815
-0.86640625,1603.019717700108,-0.0007644358979406106,0.9373914529926044
-0.8656250000000001,1603.1828985649192,-0.0007480744977364572,0.9317041059262068
-0.8648437499999999,1603.3395800824096,-0.0007319360790225279,0.9260589489928861
-0.8640625,1603.489805908937,-0.0007160205845194423,0.9204559821926458
-0.86328125,1603.63361979628,-0.0007003279540495274,0.9148952055254845
-0.8625,1603.7710655898477,-0.0006848581245644057,0.9093766189914018
-0.8617187500000001,1603.9021872269004,-0.0006696110301725707,0.9039002225903979
-0.8609374999999999,1604.027028734778,-0.0006545866021669567,0.8984660163224714
-0.86015625,1604.1456342291347,-0.0006397847690525405,0.893074000187625
-0.859375,1604.258047912195,-0.0006252054565738955,0.8877241741858576
-0.85859375,1604.3643140710144,-0.0006108485877427933,0.8824165383171689
-0.8578125000000001,1604.4644770757461,-0.000596714082865784,0.8771510925815592
-0.8570312499999999,1604.5585813779305,-0.000582801859571784,0.8719278369790269
-0.85625,1604.646671508784,-0.0005691118328396839,0.8667467715095747
-0.85546875,1604.7287920775054,-0.000555643915025914,0.8616078961732014
-0.8546875,1604.8049877695914,-0.0005423980158920608,0.856511210969907
-0.8539062500000001,1604.8753033451637,-0.0005293740426324605,0.8514567158996914
-0.8531249999999999,1604.9397836373082,-0.0005165718999017995,0.8464444109625534
-0.85234375,1604.9984735504215,-0.0005039914898427319,0.8414742961584956
-0.8515625,1605.0514180585762,-0.0004916327121134658,0.8365463714875168
-0.85078125,1605.0986622038895,-0.00047949546391539316,0.8316606369496166
-0.8500000000000001,1605.1402510949074,-0.0004675796400206936,0.8268170925447956
-0.8492187499999999,1605.176229546165,-0.00045588482145522924,0.8220110271597109
-0.8484375,1605.2066417177123,-0.000444410585770427,0.8172377296810247
-0.84765625,1605.2315314723364,-0.0004331568189430223,0.8124972001087354
-0.846875,1605.250942732869,-0.00042212340460320787,0.8077894384428435
-0.8460937500000001,1605.2649194806738,-0.0004113102240655382,0.8031144446833486
-0.8453124999999999,1605.2735057541486,-0.0004007171563598313,0.7984722188302491
-0.84453125,1605.2767456472368,-0.0003903440782620966,0.793862760883548
-0.84375,1605.274683307954,-0.00038019086432542864,0.7892860708432445
-0.84296875,1605.2673629369197,-0.00037025738691094304,0.7847421487093382
-0.8421875000000001,1605.2548287859074,-0.00036054351621869665,0.780230994481829
-0.8414062499999999,1605.2371251563998,-0.00035104912031861703,0.7757526081607156
-0.840625,1605.2142963981587,-0.0003417740651814442,0.7713069897460006
-0.83984375,1605.1863869078063,-0.0003327182147096599,0.7668941392376831
-0.8390625,1605.1534411274167,-0.000323881430768433,0.762514056635763
-0.8382812500000001,1605.1155035431207,-0.0003152635732165751,0.75816674194024
-0.8374999999999999,1605.072618683719,-0.0003068644999374849,0.7538521951511132
-0.83671875,1605.0248311193102,-0.0002986840668701227,0.7495704162683849
-0.8359375,1604.9721854599286,-0.00029072212803995417,0.7453214052920543
-0.83515625,1604.9147263541968,-0.00028297853558993284,0.7411051622221206
-0.8343750000000001,1604.8524984879832,-0.0002754531398114749,0.7369216870585847
-0.8335937499999999,1604.78554658308,-0.0002681457891754286,0.7327709798014451
-0.8328125,1604.7139153958872,-0.0002610563303630773,0.728653040450704
-0.83203125,1604.6376497161084,-0.0002541846082971125,0.7245678690063605
-0.83125,1604.5567943654637,-0.0002475304661726409,0.7205154654684145
-0.8304687500000001,1604.4713941964058,-0.0002410937454881843,0.7164958298368661
-0.8296874999999999,1604.381494090858,-0.00023487428607668644,0.7125089621117141
-0.82890625,1604.2871389589577,-0.00022887192613653244,0.708554862292961
-0.828125,1604.1883737378116,-0.00022308650226256056,0.7046335303806053
-0.82734375,1604.085243390268,-0.0002175178494770948,0.7007449663746474
-0.8265625000000001,1603.9777929036973,-0.00021216580126097174,0.6968891702750872
-0.8257812499999999,1603.8660672887825,-0.00020703018958458547,0.6930661420819237
-0.825,1603.7501115783305,-0.00020211084493892774,0.6892758817951589
-0.82421875,1603.6299701262615,-0.00019740619541734787,0.6855183783906443
-0.8234375,1603.5056859069396,-0.0001929146685095984,0.681793620844232
-0.8226562500000001,1603.377301214311,-0.0001886360916637002,0.6781016091559221
-0.8218749999999999,1603.2448583607545,-0.00018457029095465398,0.6744423433257142
-0.82109375,1603.1083996760153,-0.00018071709111260387,0.6708158233536095
-0.8203125,1602.9679675061554,-0.00017707631555099573,0.6672220492396074
-0.81953125,1602.823604212508,-0.0001736477863947454,0.663661020983708
-0.8187500000000001,1602.6753521706466,-0.00017043132450842037,0.6601327385859114
-0.8179687499999999,1602.5232537693676,-0.0001674267495244183,0.6566372020462165
-0.8171875,1602.3673514096765,-0.0001646338798711628,0.6531744113646255
-0.81640625,1602.2076875037892,-0.0001620525328012937,0.6497443665411372
-0.815625,1602.0443044741444,-0.00015968252441987116,0.6463470675757516
-0.8148437500000001,1601.8772447524284,-0.00015752366971259337,0.6429825144684689
-0.8140624999999999,1601.706550778607,-0.00015557578257400443,0.6396507072192884
-0.81328125,1601.532264999968,-0.00015383867583572728,0.6363516458282118
-0.8125,1601.35442987018,-0.00015231216129468989,0.633085330295238
-0.81171875,1601.1730878483584,-0.0001509960497413682,0.6298517606203673
-0.8109375000000001,1600.9882813981428,-0.00014989015098802925,0.6266509368035998
-0.8101562499999999,1600.8000529867838,-0.00014899427389699022,0.6234828588449344
-0.809375,1600.6084450842436,-0.00014830822640887468,0.6203475267443731
-0.80859375,1600.4135001623083,-0.00014783181557088336,0.6172449405019149
-0.8078125,1600.2152606937068,-0.0001475648475650749,0.6141751001175603
-0.8070312500000001,1600.0137691512462,-0.00014750712773664004,0.6111380055913087
-0.8062499999999999,1599.8090680069533,-0.0001476584606222044,0.6081336569231597
-0.80546875,1599.6011997312296,-0.0001480186499781232,0.605162054113115
-0.8046875,1599.3902067920167,-0.00014858749880878846,0.6022231971611733
-0.80390625,1599.176131653976,-0.00014936480939494714,0.5993170860673351
-0.8031250000000001,1598.9590167776746,-0.00015035038332202294,0.596443720831601
-0.8023437499999999,1598.7389046187816,-0.00015154402150844947,0.593603101453969
-0.8015625,1598.5158376272855,-0.00015294552423400813,0.5907952279344415
-0.80078125,1598.2898582467087,-0.00015455469116817984,0.5880201002730179
-0.8,1598.061008913342,-0.00015637132139849675,0.5852777184696977
-0.7992187500000001,1597.8293310772947,-0.00015828396535746446,0.5825662168611675
-0.7984374999999999,1597.5948642244116,-0.00016018131955172077,0.5798837297841131
-0.79765625,1597.3576468549163,-0.00016206340235780516,0.5772302572385359
-0.796875,1597.1177174612333,-0.0001639302329426412,0.5746057992244352
-0.79609375,1596.8751145273368,-0.000165781831256043,0.5720103557418115
-0.7953125000000001,1596.6298765281144,-0.00016761821802325393,0.5694439267906644
-0.7945312499999999,1596.3820419287385,-0.00016943941473745877,0.5669065123709933
-0.79375,1596.1316491840419,-0.00017124544365231269,0.5643981124828001
-0.79296875,1595.878736737912,-0.0001730363277744597,0.5619187271260839
-0.7921875,1595.6233430226857,-0.00017481209085605417,0.5594683563008449
-0.7914062500000001,1595.365506458558,-0.00017657275738728053,0.557047000007083
-0.7906249999999999,1595.1052654529954,-0.00017831835258887144,0.5546546582447979
-0.78984375,1594.8426584001654,-0.0001800489024046217,0.5522913310139907
-0.7890625,1594.5777236803708,-0.00018176443349391056,0.5499570183146612
-0.78828125,1594.3104996594877,-0.0001834649732242143,0.5476517201468089
-0.7875000000000001,1594.0410246884267,-0.00018515054966361936,0.5453754365104347
-0.7867187499999999,1593.769337102589,-0.00018682119157333398,0.5431281674055374
-0.7859375,1593.49547522134,-0.00018847692840020177,0.5409099128321188
-0.78515625,1593.219477347491,-0.0001901177902692177,0.5387206727901778
-0.784375,1592.941381766784,-0.00019174380797602495,0.536560447279715
-0.7835937500000001,1592.6612267473959,-0.00019335501297943622,0.5344292363007304
-0.7828124999999999,1592.3790505394447,-0.0001949514373939302,0.5323270398532235
-0.78203125,1592.0948913745024,-0.00019653311398216307,0.5302538579371953
-0.78125,1591.8087874651271,-0.00019810007614747254,0.5282096905526453
-0.78046875,1591.5207770043937,-0.00019965235792638043,0.5261945376995742
-0.7796875000000001,1591.23089816544,-0.00020118999398109017,0.5242083993779815
-0.7789062499999999,1590.9391891010214,-0.0002027130195919955,0.5222512755878669
-0.778125,1590.6456879430702,-0.00020422147065016956,0.5203231663292316
-0.77734375,1590.3504328022693,-0.00020571538364987354,0.5184240716020753
-0.7765625,1590.0534617676321,-0.00020719479568104035,0.516553991406398
-0.7757812500000001,1589.7548129060947,-0.0002086597444217803,0.5147129257421995
-0.7749999999999999,1589.454524262109,-0.00021011026813086927,0.5129008746094796
-0.77421875,1589.1526326748196,-0.00021154417009130617,0.51111601196906
-0.7734375,1588.8491725965898,-0.00021295925396219405,0.5093565117817603
-0.77265625,1588.5441772768986,-0.0002143555593816902,0.5076223740475813
-0.7718750000000001,1588.2376799449032,-0.0002157331264950118,0.5059135987665223
-0.7710937499999999,1587.9297138091313,-0.00021709199594789375,0.5042301859385834
-0.7703125,1587.620312057169,-0.00021843220888002703,0.5025721355637661
-0.76953125,1587.309507855367,-0.00021975380691850713,0.5009394476420697
-0.76875,1586.9973343485422,-0.0002210568321712734,0.49933212217349443
-0.7679687500000001,1586.6838246596935,-0.00022234132722055567,0.4977501591580402
-0.7671874999999999,1586.3690118897277,-0.00022360733511631796,0.4961935585957073
-0.76640625,1586.05292911718,-0.00022485489936968663,0.4946623204864965
-0.765625,1585.7356093979538,-0.00022608406394639715,0.4931564448304073
-0.76484375,1585.4170857650597,-0.00022729487326022933,0.4916759316274403
-0.7640625000000001,1585.0973912283685,-0.00022848737216643762,0.4902207808775951
-0.7632812499999999,1584.7765587743604,-0.00022966160595518765,0.4887909925808722
-0.7625,1584.4546213658912,-0.00023081762034498848,0.48738656673727204
-0.76171875,1584.1316119419625,-0.00023195546147611985,0.48600750334679477
-0.7609375,1583.8075634174945,-0.00023307517590406436,0.48465380240944034
-0.7601562500000001,1583.4825086831108,-0.00023417681059292856,0.4833254639252088
-0.7593749999999999,1583.156480604927,-0.00023526041290887446,0.4820224878940999
-0.75859375,1582.8295120243486,-0.00023632603061353672,0.4807448743161151
-0.7578125,1582.5016357578734,-0.0002373737118574529,0.47949262319125385
-0.75703125,1582.1728845969028,-0.00023840350517347671,0.47826573451951626
-0.7562500000000001,1581.8432913075549,-0.0002394154594702011,0.4770642083009029
-0.7554687499999999,1581.5128886304933,-0.000240409624025369,0.4758880445354131
-0.7546875,1581.1817092807546,-0.00024138604847929603,0.4747372432230476
-0.75390625,1580.849785947586,-0.00024234478282828117,0.4736118043638069
-0.753125,1580.5171512942886,-0.0002432858774180166,0.47251172795769064
-0.7523437500000001,1580.18383795807,-0.0002442093829370003,0.4714370140046996
-0.7515624999999999,1579.849878549899,-0.00024511535040994337,0.47038766250483277
-0.75078125,1579.5153056543747,-0.00024600383119117644,0.4693636734580917
-0.75,1579.1801518295913,-0.00024687487695805376,0.468365046864476
-0.74921875,1578.844448298594,-0.00024772605275891196,0.4673896397830899
-0.7484375000000001,1578.5082236425123,-0.0002485549233531345,0.46643530927303856
-0.7476562499999999,1578.1715051111094,-0.00024936154042837813,0.4655020553343217
-0.746875,1577.8343199316766,-0.0002501459559417078,0.46458987796694023
-0.74609375,1577.4966953089513,-0.0002509082221139894,0.4636987771708945
-0.7453125,1577.158658425041,-0.00025164839142428723,0.4628287529461844
-0.7445312500000001,1576.8202364393453,-0.00025236651660424605,0.46197980529281063
-0.7437499999999999,1576.4814564884941,-0.00025306265063249176,0.4611519342107732
-0.74296875,1576.1423456862785,-0.0002537368467290075,0.4603451397000732
-0.7421875,1575.8029311235946,-0.0002543891583495289,0.45955942176071013
-0.74140625,1575.4632398683882,-0.00025501963917992263,0.4587947803926848
-0.7406250000000001,1575.1232989656055,-0.0002556283431305741,0.4580512155959974
-0.7398437499999999,1574.7831354371483,-0.00025621532433076614,0.4573287273706484
-0.7390625,1574.4427762818343,-0.0002567806371230552,0.4566273157166378
-0.73828125,1574.1022484753576,-0.00025732433605765557,0.45594698063396655
-0.7375,1573.7615789702634,-0.0002578464758868123,0.4552877221226345
-0.7367187500000001,1573.4207946959166,-0.0002583471115591761,0.4546495401826422
-0.7359374999999999,1573.0799225584822,-0.0002588262982141776,0.4540324348139902
-0.73515625,1572.7389894409066,-0.00025928409117639253,0.45343640601667823
-0.734375,1572.3980222029068,-0.0002597205459499211,0.4528614537907075
-0.73359375,1572.057047680962,-0.0002601357182127468,0.4523075781360779
-0.7328125000000001,1571.7160926883062,-0.00026052966381110777,0.45177477905278984
-0.7320312499999999,1571.375184014936,-0.0002609024387538605,0.4512630565408435
-0.73125,1571.0343484276104,-0.0002612540992068365,0.45077241060023965
-0.73046875,1570.6936126698638,-0.00026158470148721286,0.4503028412309779
-0.7296875,1570.3530034620194,-0.00026189430205786167,0.4498543484330594
-0.7289062500000001,1570.0125475012094,-0.0002621829575217119,0.44942693220648444
-0.7281249999999999,1569.6722714613998,-0.00026245072461610893,0.449020592551253
-0.72734375,1569.3322019934149,-0.0002626976602071569,0.4486353294673655
-0.7265625,1568.9923657249753,-0.0002629238212840822,0.44827114295482257
-0.72578125,1568.6527892607317,-0.0002631292649535731,0.44792803301362427
-0.7250000000000001,1568.3134991823076,-0.0002633140484341404,0.44760599964377135
-0.7242187499999999,1567.9745206898638,-0.00026347561837462114,0.44730283123552705
-0.7234375,1567.6358762454252,-0.0002636114206910287,0.4470163161791557
-0.72265625,1567.2975869337636,-0.0002637215116463773,0.4467464544746579
-0.721875,1566.9596738215123,-0.0002638059475843572,0.4464932461220347
-0.7210937500000001,1566.6221579572143,-0.00026386478492473767,0.4462566911212861
-0.7203124999999999,1566.2850603713757,-0.0002638980801587604,0.4460367894724135
-0.71953125,1565.948402076523,-0.0002639058898445387,0.445833541175417
-0.71875,1565.6122040672587,-0.0002638882706024439,0.4456469462302978
-0.71796875,1565.2764873203191,-0.0002638452791105052,0.44547700463705603
-0.7171875000000001,1564.941272794646,-0.0002637769720997907,0.44532371639569296
-0.7164062499999999,1564.6065814314445,-0.0002636834063498017,0.44518708150620895
-0.715625,1564.2724341542564,-0.00026356463868386387,0.4450670999686049
-0.71484375,1563.9388518690323,-0.0002634207259645016,0.44496377178288127
-0.7140625,1563.6058554642043,-0.0002632517250888311,0.4448770969490388
-0.7132812500000001,1563.273465810766,-0.0002630576929839388,0.4448070754670783
-0.7124999999999999,1562.9417037623502,-0.0002628386866022691,0.4447537073370006
-0.71171875,1562.6105901553149,-0.00026259476291699233,0.444716992558806
-0.7109375,1562.2801458088254,-0.00026232597891739603,0.44469693113249564
-0.71015625,1561.950391524947,-0.00026203239160424945,0.4446935230580698
-0.7093750000000001,1561.6213480887336,-0.0002617140579851859,0.4447067683355296
-0.7085937499999999,1561.2930362683235,-0.00026137103507007666,0.44473666696487535
-0.7078125,1560.9654768150342,-0.00026100337986639777,0.44478321894610817
-0.70703125,1560.6386904634658,-0.00026061114937460476,0.4448464242792286
-0.70625,1560.3126979315991,-0.0002601944005834995,0.44492628296423714
-0.7054687500000001,1559.9875199209032,-0.00025975319046559435,0.44502279500113495
-0.7046874999999999,1559.6631771164466,-0.0002592875759724892,0.4451359603899223
-0.70390625,1559.3396901869994,-0.0002587976140302205,0.44526577913060017
-0.703125,1559.0170797851556,-0.00025828336153463436,0.44541225122316896
-0.70234375,1558.695366547445,-0.0002577448753467435,0.4455753766676299
-0.7015625000000001,1558.3745710944524,-0.0002571822122880858,0.4457551554639833
-0.7007812499999999,1558.05471403094,-0.0002565954291360851,0.44595158761223
-0.7,1557.7358159459707,-0.0002559845826194061,0.4461646731123708
-0.69921875,1557.417896073017,-0.0002553764305690001,0.4463922091887815
-0.6984375,1557.1009709517066,-0.0002547976844003604,0.4466319930658381
-0.6976562500000001,1556.78505577014,-0.0002542483311457069,0.44688402474354216
-0.6968749999999999,1556.470165705558,-0.000253728357792694,0.4471483042218953
-0.69609375,1556.1563159244406,-0.0002532377512851757,0.44742483150089807
-0.6953125,1555.8435215826134,-0.00025277649852398085,0.4477136065805525
-0.69453125,1555.5317978253483,-0.0002523445863676867,0.44801462946085985
-0.6937500000000001,1555.2211597874696,-0.00025194200163338636,0.44832790014182144
-0.6929687499999999,1554.911622593465,-0.00025156873109747263,0.44865341862343855
-0.6921875,1554.6032013575887,-0.0002512247614964018,0.4489911849057126
-0.69140625,1554.2959111839752,-0.0002509100795274743,0.4493411989886448
-0.690625,1553.989767166749,-0.0002506246718496077,0.44970346087223667
-0.6898437500000001,1553.6847843901407,-0.00025036852508411204,0.4500779705564896
-0.6890624999999999,1553.3809779285966,-0.00025014162581546786,0.45046472804140475
-0.68828125,1553.078362846898,-0.0002499439605920961,0.45086373332698376
-0.6875,1552.7769542002777,-0.0002497755159271457,0.4512749864132278
-0.68671875,1552.476767034541,-0.00024963627829925866,0.4516984873001384
-0.6859375000000001,1552.1778163861813,-0.0002495262341533558,0.4521342359877171
-0.6851562499999999,1551.8801172825072,-0.0002494453699014148,0.45258223247596474
-0.684375,1551.5836847417625,-0.000249393671923239,0.4530424767648829
-0.68359375,1551.288533773251,-0.00024937112656725225,0.45351496885447334
-0.6828125,1550.9946793774645,-0.0002493777201512636,0.4539997087447371
-0.6820312500000001,1550.7021365462106,-0.00024941343896325396,0.45449669643567553
-0.6812499999999999,1550.41092026274,-0.0002494782692621587,0.4550059319272902
-0.68046875,1550.121045501877,-0.00024957219727864117,0.4555274152195825
-0.6796875,1549.8325272301538,-0.0002496952092158771,0.4560611463125537
-0.67890625,1549.545380405943,-0.0002498472912503428,0.4566071252062052
-0.6781250000000001,1549.2596199795921,-0.000250028429532582,0.4571653519005384
-0.6773437499999999,1548.9752608935587,-0.0002502386101880049,0.45773582639555505
-0.6765625,1548.6923180825534,-0.0002504778193176598,0.45831854869125593
-0.67578125,1548.410806473672,-0.0002507460429990204,0.4589135187876429
-0.675,1548.1307409865406,-0.00025104326728677084,0.4595207366847172
-0.6742187500000001,1547.8521352695,-0.00025136700104015126,0.4601381145221796
-0.6734374999999999,1547.5750004371416,-0.0002517147523992925,0.4607635644397319
-0.67265625,1547.299346336207,-0.00025208650631218136,0.461397086437376
-0.671875,1547.0251828100936,-0.0002524822477120811,0.4620386805151155
-0.67109375,1546.752519698959,-0.0002529019615181168,0.46268834667295233
-0.6703125000000001,1546.4813668398178,-0.0002533456326358777,0.46334608491088924
-0.6695312499999999,1546.2117340666412,-0.00025381324595800795,0.46401189522892916
-0.66875,1545.9436312104558,-0.00025430478636480526,0.46468577762707447
-0.66796875,1545.6770680994491,-0.0002548202387248142,0.46536773210532745
-0.6671875,1545.412054559065,-0.0002553595878954248,0.4660577586636915
-0.6664062500000001,1545.1486004121116,-0.00025592281872346826,0.4667558573021688
-0.6656249999999999,1544.8867154788588,-0.0002565099160458124,0.4674620280207623
-0.66484375,1544.6264095771455,-0.0002571208646899628,0.46817627081947427
-0.6640625,1544.3676925224825,-0.0002577556494746547,0.4688985856983074
-0.66328125,1544.1105741281572,-0.0002584142552104564,0.46962897265726444
-0.6625000000000001,1543.855064205339,-0.00025909666670036164,0.47036743169634826
-0.6617187499999999,1543.6011725631856,-0.00025980286874039224,0.4711139628155617
-0.6609375,1543.348909008948,-0.00026053284612019486,0.47186856601490684
-0.66015625,1543.0982833480823,-0.0002612865836236391,0.4726312412943865
-0.659375,1542.8493053843524,-0.0002620640660294202,0.47340198865400346
-0.6585937500000001,1542.6019849199404,-0.00026286527811165283,0.4741808080937607
-0.6578124999999999,1542.3563317555574,-0.00026369020464047434,0.4749676996136606
-0.65703125,1542.1123556905538,-0.00026453883038264647,0.4757626632137058
-0.65625,1541.8700665230258,-0.0002654111401021489,0.47656569889389877
-0.65546875,1541.6294740499302,-0.00026630711856078936,0.4773768066542424
-0.6546875000000001,1541.3905880671957,-0.0002672267505187924,0.47819598649474
-0.6539062499999999,1541.1534183698348,-0.0002681700207354151,0.4790232384153939
-0.653125,1540.9179747520577,-0.0002691369139695344,0.47985856241620617
-0.65234375,1540.6842670073847,-0.0002701274149802552,0.48070195849718017
-0.6515625,1540.4523049287625,-0.00027114150852751716,0.4815534266583183
-0.6507812500000001,1540.2220983086777,-0.0002721791793726844,0.48241296689962343
-0.6499999999999999,1539.9936569392733,-0.0002732404122791612,0.4832805792210986
-0.64921875,1539.7669894692358,-0.0002743229326587202,0.4841543658081436
-0.6484375,1539.542102261684,-0.00027542446532410653,0.48503242884615994
-0.64765625,1539.3190005388283,-0.00027654499414591797,0.4859147683351529
-0.6468750000000001,1539.097689525601,-0.0002776845030002325,0.4868013842751275
-0.6460937499999999,1538.8781744497242,-0.00027884297576903053,0.48769227666608894
-0.6453125,1538.6604605417701,-0.00028002039634062175,0.4885874455080422
-0.64453125,1538.4445530352339,-0.00028121674861005967,0.4894868908009919
-0.64375,1538.2304571665923,-0.00028243201647957876,0.49039061254494337
-0.6429687500000001,1538.0181781753734,-0.0002836661838590091,0.4912986107399018
-0.6421874999999999,1537.8077213042238,-0.0002849192346662034,0.4922108853858725
-0.64140625,1537.5990917989739,-0.00028619115282745944,0.4931274364828599
-0.640625,1537.3922949087037,-0.0002874819222779461,0.49404826403086904
-0.63984375,1537.1873358858095,-0.00028879152696212866,0.4949733680299055
-0.6390625000000001,1536.9842199860736,-0.00029011995083418984,0.49590274847997434
-0.6382812499999999,1536.7829524687284,-0.000291467177858458,0.4968364053810805
-0.6375,1536.5835385965274,-0.00029283319200982974,0.4977743387332289
-0.63671875,1536.3859836358083,-0.0002942179772741942,0.49871654853642483
-0.6359375,1536.1902928565669,-0.00029562151764886077,0.4996630347906732
-0.6351562500000001,1535.99647153252,-0.0002970437971429816,0.5006137974959796
-0.6343749999999999,1535.8045249411766,-0.0002984847997779791,0.5015688366523489
-0.63359375,1535.6144583639052,-0.00029994450958796553,0.502528152259786
-0.6328125,1535.4262770860057,-0.00030142291062017776,0.5034917443182962
-0.63203125,1535.239986396774,-0.0003029199869353939,0.5044596128278848
-0.6312500000000001,1535.0555915895725,-0.0003044357226083633,0.5054317577885564
-0.6304687499999999,1534.8730979619038,-0.0003059701017282318,0.5064081792003171
-0.6296875,1534.6925108154746,-0.00030752310839896453,0.5073888770631713
-0.62890625,1534.5138354562694,-0.0003090947267397783,0.5083738513771241
-0.628125,1534.3370771946184,-0.00031068494088555993,0.509363102142181
-0.6273437500000001,1534.1622413452712,-0.00031229373498729574,0.5103566293583472
-0.6265624999999999,1533.9893332274635,-0.00031392109321249994,0.5113544330256282
-0.62578125,1533.8183581649907,-0.0003155669997456362,0.5123565131440283
-0.625,1533.6493214862764,-0.00031723143878854604,0.513362869713553
-0.62421875,1533.482227533027,-0.0003189124211170793,0.5143718515406857
-0.6234375000000001,1533.3170786695198,-0.00032060795699529425,0.5153818074319115
-0.6226562499999999,1533.1538762749271,-0.00032231802988317307,0.5163927373872409
-0.621875,1532.992621734973,-0.00032404262325762127,0.5174046414066826
-0.62109375,1532.833316441961,-0.00032578172061273445,0.5184175194902465
-0.6203125,1532.6759617947891,-0.00032753530546006236,0.519431371637942
-0.6195312500000001,1532.520559198975,-0.0003293033613288708,0.5204461978497792
-0.6187499999999999,1532.367110066678,-0.00033108587176640847,0.5214619981257674
-0.61796875,1532.215615816718,-0.000332882820338169,0.5224787724659159
-0.6171875,1532.0660778746017,-0.0003346941906281523,0.5234965208702346
-0.61640625,1531.9184976725396,-0.00033651996623913554,0.5245152433387327
-0.6156250000000001,1531.772876649474,-0.0003383601307929286,0.5255349398714206
-0.6148437499999999,1531.6292162510929,-0.0003402146679306427,0.5265556104683078
-0.6140625,1531.487517929859,-0.0003420835613129526,0.5275772551294032
-0.61328125,1531.3477831450296,-0.0003439667946203593,0.5285998738547172
-0.6125,1531.2100133626786,-0.0003458643515534561,0.5296234666442593
-0.6117187500000001,1531.0742100557177,-0.00034777621583318845,0.5306480334980391
-0.6109374999999999,1530.9403747039191,-0.0003497023712011203,0.5316735744160667
-0.61015625,1530.8085087939419,-0.0003516428014196923,0.532700089398351
-0.609375,1530.678613819348,-0.0003535974902724925,0.5337275784449023
-0.60859375,1530.5506912806288,-0.00035556642156451347,0.5347560415557301
-0.6078125000000001,1530.4247426852262,-0.000357549579122417,0.5357854787308441
-0.6070312499999999,1530.300769547557,-0.00035954694679479787,0.5368158899702548
-0.60625,1530.178773389033,-0.0003615585084524429,0.5378472752739708
-0.60546875,1530.058755738086,-0.0003635842479886011,0.5388796346420024
-0.6046875,1529.94071813019,-0.00036562414931923915,0.5399129680743591
-0.6039062500000001,1529.8246621078824,-0.00036767819638330493,0.5409472755710514
-0.6031249999999999,1529.7105892207885,-0.0003697463731429945,0.5419825571320885
-0.60234375,1529.598501025646,-0.0003718286635840069,0.5430188127574802
-0.6015625,1529.4883990863248,-0.0003739250517158175,0.5440560424472362
-0.60078125,1529.3802849738518,-0.0003760355215719271,0.5450942462013664
-0.6000000000000001,1529.2741602664348,-0.0003781600572101339,0.546133424019881
-0.5992187499999999,1529.1700257277764,-0.0003802891152541358,0.5471722049860358
-0.5984375,1529.0678804857178,-0.0003824131621216837,0.5482092181830919
-0.59765625,1528.9677228543908,-0.00038453219656546696,0.5492444636110673
-0.596875,1528.8695511560195,-0.0003866462173187558,0.55027794126998
-0.5960937500000001,1528.7733637208992,-0.0003887552230954274,0.5513096511598483
-0.5953124999999999,1528.6791588873796,-0.00039085921258997207,0.5523395932806898
-0.59453125,1528.5869350018436,-0.00039295818447750955,0.5533677676325226
-0.59375,1528.4966904186915,-0.00039505213741380745,0.5543941742153643
-0.59296875,1528.408423500318,-0.0003971410700352907,0.5554188130292332
-0.5921875000000001,1528.322132617095,-0.0003992249809590612,0.5564416840741474
-0.5914062499999999,1528.237816147354,-0.0004013038687829087,0.5574627873501251
-0.590625,1528.1554724773641,-0.00040337773208532564,0.558482122857184
-0.58984375,1528.0751000013183,-0.0004054465694255257,0.5594996905953423
-0.5890625,1527.9966971213091,-0.000407510379343452,0.5605154905646182
-0.5882812500000001,1527.9202622473133,-0.0004095691603597965,0.5615295227650294
-0.5874999999999999,1527.8457937971737,-0.00041162291097601185,0.5625417871965948
-0.58671875,1527.7732901965787,-0.0004136716296743273,0.5635522838593319
-0.5859375,1527.702749879046,-0.0004157153149177619,0.5645610127532588
-0.58515625,1527.634171285902,-0.00041775396515013915,0.5655679738783941
-0.5843750000000001,1527.5675528662655,-0.0004197875787961009,0.5665731672347553
-0.5835937499999999,1527.5028930770284,-0.0004218161542611244,0.5675765928223617
-0.5828125,1527.4401903828375,-0.00042383968993152957,0.5685782506412305
-0.58203125,1527.3794432560771,-0.0004258581841745023,0.5695781406913801
-0.58125,1527.3206501768507,-0.0004278716353381013,0.570576262972829
-0.5804687500000001,1527.2638096329638,-0.00042988004175127827,0.5715726174855954
-0.5796874999999999,1527.2089201199026,-0.00043188340172388347,0.5725672042296978
-0.57890625,1527.1559801408202,-0.00043388171354668826,0.5735600232051538
-0.578125,1527.104988206519,-0.0004358749754913972,0.5745510744119822
-0.57734375,1527.0559428354293,-0.0004378631858106576,0.5755403578502012
-0.5765625000000001,1527.0088425535937,-0.0004398463427380772,0.576527873519829
-0.5757812499999999,1526.9636858946503,-0.00044182444448824054,0.5775136214208841
-0.575,1526.920471399815,-0.00044379748925671533,0.5784976015533847
-0.57421875,1526.8791969718277,-0.00044576417523355284,0.5794787363678304
-0.5734375,1526.8398592290002,-0.00044772320018639006,0.5804559483147309
-0.5726562500000001,1526.8024541513537,-0.00044967456164715793,0.5814292373941196
-0.5718749999999999,1526.7669777266362,-0.00045161825712681006,0.5823986036060296
-0.57109375,1526.7334259502757,-0.00045355428411538893,0.5833640469504938
-0.5703125,1526.7017948253276,-0.000455482640082095,0.5843255674275464
-0.56953125,1526.6720803624269,-0.00045740332247535035,0.5852831650372201
-0.5687500000000001,1526.6442785797378,-0.0004593163287228629,0.5862368397795488
-0.5679687499999999,1526.6183855029053,-0.00046122165623169745,0.5871865916545657
-0.5671875,1526.5943971650072,-0.0004631193023883329,0.5881324206623043
-0.56640625,1526.5723096065017,-0.000465009264558739,0.5890743268027978
-0.565625,1526.5521188751818,-0.0004668915400884318,0.5900123100760802
-0.5648437500000001,1526.5338210261257,-0.00046876612630254754,0.590946370482185
-0.5640624999999999,1526.5174121216478,-0.0004706330205058997,0.5918765080211458
-0.56328125,1526.5028882312508,-0.00047249221998305134,0.5928027226929955
-0.5625,1526.4902454315777,-0.00047434372199837944,0.5937250144977684
-0.56171875,1526.4794798063626,-0.00047618752379613823,0.5946433834354978
-0.5609375000000001,1526.4705874463843,-0.0004780236226005254,0.5955578295062176
-0.5601562499999999,1526.4635644494176,-0.0004798520156157476,0.5964683527099615
-0.559375,1526.458406920187,-0.0004816727000260868,0.5973749530467628
-0.55859375,1526.4551109703152,-0.0004834856729959639,0.5982776305166555
-0.5578125,1526.4536727182817,-0.0004852909316700058,0.5991763851196733
-0.5570312500000001,1526.4540882893707,-0.000487088473173109,0.60007121685585
-0.5562499999999999,1526.4563538156278,-0.0004888782946105048,0.6009621257252197
-0.55546875,1526.4604654358093,-0.0004906603930678246,0.6018491117278155
-0.5546875,1526.4664192953367,-0.0004924347656111675,0.6027321748636716
-0.55390625,1526.4742115462527,-0.0004942014092871605,0.6036113151328218
-0.5531250000000001,1526.4838383471708,-0.0004959603211230287,0.6044865325353002
-0.5523437499999999,1526.495295863232,-0.0004977114981266563,0.6053578270711404
-0.5515625,1526.5085802660556,-0.0004994549372866535,0.6062251987403764
-0.55078125,1526.523687733696,-0.0005011906355724206,0.6070886475430419
-0.55,1526.5406144505944,-0.0005029185899342134,0.6079481734791712
-0.5492187500000001,1526.559356132977,-0.0005046378387415084,0.6088029872272082
-0.5484374999999999,1526.5799075542045,-0.0005063474200333732,0.6096522994656156
-0.54765625,1526.6022630192308,-0.0005080473302354067,0.6104961101944543
-0.546875,1526.6264168390792,-0.0005097375657536581,0.6113344194137856
-0.54609375,1526.65236333078,-0.0005114181229747235,0.6121672271236706
-0.5453125000000001,1526.6800968172993,-0.0005130889982658522,0.6129945333241705
-0.5445312499999999,1526.709611627472,-0.0005147501879750406,0.6138163380153471
-0.54375,1526.7409020959362,-0.0005164016884311403,0.6146326411972615
-0.54296875,1526.7739625630677,-0.0005180434959439549,0.6154434428699745
-0.5421875,1526.80878737491,-0.0005196756068043439,0.6162487430335485
-0.5414062500000001,1526.8453708831112,-0.0005212980172843187,0.6170485416880439
-0.5406249999999999,1526.8837074448572,-0.0005229107236371484,0.6178428388335236
-0.53984375,1526.9237914228065,-0.0005245137220974568,0.6186316344700478
-0.5390625,1526.9656171850245,-0.0005261070088813256,0.6194149285976784
-0.53828125,1527.0091791049172,-0.0005276905801863947,0.6201927212164776
-0.5375000000000001,1527.05447156117,-0.0005292644321919609,0.6209650123265064
-0.5367187499999999,1527.1014889376784,-0.0005308285610590817,0.6217318019278271
-0.5359375,1527.1502256234862,-0.0005323829629306705,0.6224930900205007
-0.53515625,1527.2006760127224,-0.000533927633931604,0.6232488766045894
-0.534375,1527.252834504533,-0.000535462570168816,0.6239991616801549
-0.5335937500000001,1527.306695503021,-0.000536987767731403,0.6247439452472588
-0.5328124999999999,1527.3622534171839,-0.0005385032226907221,0.6254832273059634
-0.53203125,1527.4195026608459,-0.0005400089311004885,0.6262170078563302
-0.53125,1527.4784376525997,-0.0005415048889968814,0.6269452868984212
-0.53046875,1527.5390528157386,-0.0005429910923986414,0.6276680644322983
-0.5296875000000001,1527.6013425782012,-0.0005444675373071697,0.6283853404580234
-0.5289062499999999,1527.6653013725013,-0.0005459342197066299,0.6290971149756588
-0.528125,1527.7309236356703,-0.0005473911355640459,0.6298033879852661
-0.52734375,1527.7982038091966,-0.0005488382808294054,0.630504159486908
-0.5265625,1527.867136338959,-0.0005502756514357564,0.6311994294806456
-0.5257812500000001,1527.9377156751698,-0.0005517032432993087,0.6318891979665415
-0.5249999999999999,1528.009936272312,-0.0005531210523195342,0.6325734649446582
-0.52421875,1528.0837922737362,-0.0005545284356184622,0.6332517095350703
-0.5234375,1528.1592771961616,-0.0005559247500892681,0.6339234108578856
-0.52265625,1528.236384244831,-0.0005573099912634223,0.6345885689132158
-0.5218750000000001,1528.3151066287464,-0.0005586841546561771,0.6352471837011718
-0.5210937499999999,1528.3954375606,-0.0005600472357666922,0.635899255221865
-0.5203125,1528.477370256695,-0.0005613992300781585,0.6365447834754067
-0.51953125,1528.5608979368787,-0.0005627401330579176,0.6371837684619078
-0.51875,1528.646013824468,-0.0005640699401575864,0.6378162101814808
-0.5179687500000001,1528.732711146178,-0.000565388646813178,0.6384421086342363
-0.5171874999999999,1528.8209831320496,-0.0005666962484452228,0.6390614638202864
-0.51640625,1528.9108230153784,-0.000567992740458893,0.6396742757397426
-0.515625,1529.0022240326443,-0.0005692781182441205,0.6402805443927163
-0.51484375,1529.095179423442,-0.0005705523771757224,0.6408802697793196
-0.5140625000000001,1529.1896824304076,-0.000571815512613522,0.6414734518996642
-0.5132812499999999,1529.285726299153,-0.0005730675199024703,0.6420600907538622
-0.5125,1529.3833042781898,-0.0005743083943727651,0.6426401863420251
-0.51171875,1529.4824096188652,-0.0005755381313399799,0.6432137386642648
-0.5109375,1529.5830355752928,-0.0005767567261051755,0.6437807477206935
-0.5101562500000001,1529.6851754042825,-0.0005779641739550314,0.6443412135114234
-0.5093749999999999,1529.7888223652724,-0.0005791604701619596,0.6448951360365663
-0.50859375,1529.8939697202586,-0.0005803456099842296,0.6454425152962345
-0.5078125,1530.0006107337308,-0.0005815195886660934,0.6459833512905401
-0.50703125,1530.1087386726053,-0.0005826824014378973,0.6465176440195951
-0.5062500000000001,1530.2183468061542,-0.0005838340435162131,0.6470453934835126
-0.5054687499999999,1530.3294284059402,-0.0005849745101039561,0.6475665996824042
-0.5046875,1530.4419767457523,-0.0005861037963905001,0.648081262616382
-0.50390625,1530.5559851015357,-0.000587221897551811,0.6485893822855587
-0.503125,1530.67144675133,-0.0005883288087505565,0.6490909586900468
-0.5023437500000001,1530.7883549752014,-0.0005894245251362333,0.6495859918299591
-0.5015624999999999,1530.9067030551785,-0.0005905090418452876,0.6500744817054076
-0.50078125,1531.0264842751847,-0.0005915823540012336,0.6505564283165051
-0.5,1531.1476919209779,-0.0005926444567147774,0.6510318316633639
