x,time,required_endpoint_completion,closed_cell_force_lower_bound,witness_applies,acceleration,pressure_to_electric,dec_skin_force_per_energy_min,dec_skin_force_per_energy_max
-2.0992187500000004,1.282490234375,-0.014553775926512785,0.08457338104258261,False,0.7592302731694592,2.9039807510348905,0.5751906764269775,0.943269869911941
-2.09765625,1.282490234375,-0.013918917018246697,0.08206885018527073,False,0.7587224264557926,2.952555911861716,0.5753754992081319,0.9420693537034532
-2.09609375,1.282490234375,-0.01329908021617837,0.07957501873648463,False,0.7581945079039858,3.007017019919882,0.575539958025578,0.9408490577823936
-2.09453125,1.282490234375,-0.01269380939425246,0.07709206123009861,False,0.7576467079464976,3.0683355754622688,0.5756842172670711,0.9396091986259241
-2.09296875,1.282490234375,-0.012102646104806146,0.07462014786182092,False,0.7570792167893172,3.1377100056005713,0.5758084413244439,0.9383499922541906
-2.0914062500000004,1.282490234375,-0.011525130326106544,0.07215944452356374,False,0.7564922243952975,3.216636043650639,0.5759127945770983,0.9370716542134967
-2.08984375,1.282490234375,-0.010960801180971444,0.06971011283827842,False,0.7558859204677001,3.307005033348445,0.5759974413756866,0.9357743995597135
-2.08828125,1.282490234375,-0.010409197627061145,0.06727231019526742,False,0.7552604944339695,3.4112439998857846,0.576062546025988,0.9344584428419509
-2.08671875,1.282490234375,-0.00990630718725567,0.06506163267496068,False,0.7546161354297133,3.5077157698671724,0.5761082727729678,0.9331239980864587
-2.08515625,1.282490234375,-0.009739176431363291,0.06336425752275145,False,0.7539530322829071,3.5914046064502525,0.5761347857850336,0.9317712787807806
-2.0835937500000004,1.282490234375,-0.0096053428893595,0.06169882043937703,False,0.7532713734983124,3.6862945561188574,0.5761422491384756,0.9304004978581493
-2.08203125,1.282490234375,-0.00948144618455055,0.0600425373735231,False,0.7525713472421122,3.794559485255431,0.5761308268021024,0.929011867682122
-2.08046875,1.282490234375,-0.009367027834939675,0.05839551986609549,False,0.7518531413267648,3.91897583825314,0.5761006826220634,0.9276056000314663
-2.07890625,1.282490234375,-0.009261632787430297,0.05675787608360453,False,0.7511169431960706,4.0631469871336705,0.5760519803068628,0.9261819060852784
-2.07734375,1.282490234375,-0.009164809926377141,0.05512971085061072,False,0.7503629399104556,4.231835879808015,0.5759848834125629,0.9247409964083482
-2.0757812500000004,1.282490234375,-0.00907611255825528,0.0535111256824421,False,0.7495913181324713,4.431472314530068,0.575899555328178,0.9232830809367645
-2.07421875,1.282490234375,-0.008951238773294963,0.05200468559835389,False,0.7488020422028843,4.620664089211176,0.5757959968150019,0.9218080875907666
-2.07265625,1.282490234375,-0.008789993941279817,0.050609322602718346,False,0.7479939760228412,4.787587541295152,0.5756734032520741,0.9203145487936084
-2.07109375,1.282490234375,-0.008635891782512489,0.04922227379076061,False,0.7471671073787894,4.980938043956164,0.5755317929643932,0.9188024217931857
-2.06953125,1.282490234375,-0.008488512052104503,0.04784362760946225,False,0.7463216464684385,5.207140865991124,0.5753713472170667,0.9172719457198102
-2.0679687500000004,1.282490234375,-0.00834744086480969,0.046473469514395974,False,0.7454578029136399,5.474890100270359,0.5751922469691675,0.9157233588581124
-2.06640625,1.282490234375,-0.008212271049064353,0.045111882002240464,False,0.7445757857447143,5.796247086856015,0.5749946728581542,0.9141568986312744
-2.06484375,1.282490234375,-0.008082602480885541,0.0437589446434869,False,0.7436758033850468,6.188445395114541,0.5747788051845256,0.912572801585568
-2.06328125,1.282490234375,-0.00795804239811294,0.042414734115305386,False,0.7427580636359438,6.676996279072413,0.5745448238967024,0.9109713033751852
-2.06171875,1.282490234375,-0.007874529017893187,0.041357495841065586,False,0.7418227736617549,6.983750687994835,0.5742929085761411,0.9093526387473686
-2.0601562500000004,1.282490234375,-0.007830770524025057,0.040584078183593,False,0.7408701399752572,7.0155573327632785,0.5740232384226762,0.9077170415278382
-2.05859375,1.282490234375,-0.0077897667300902565,0.039815282552975506,False,0.7399003684232974,7.050481883547561,0.57373599224009,0.9060647446065049
-2.05703125,1.282490234375,-0.007751153795922668,0.039051150294818926,False,0.7389136641727003,7.088791364725192,0.5734313484219122,0.9043959799234884
-2.05546875,1.282490234375,-0.00771457688695927,0.03829172124145871,False,0.7379102316964286,7.130784803544532,0.5731094849374445,0.9027109784554126
-2.05390625,1.282490234375,-0.007679690375204457,0.03753703372953607,False,0.7368902747600058,7.176798180692735,0.5727705793180127,0.9010099702019989
-2.0523437500000004,1.282490234375,-0.007646158023814747,0.03678712461763796,False,0.735853996408195,7.227210328945283,0.572414808643444,0.8992931841729461
-2.05078125,1.282490234375,-0.007613653155754038,0.03604202930399063,False,0.7348015989519261,7.28244999871149,0.5720423495287663,0.8975608483750859
-2.04921875,1.282490234375,-0.007685124150637202,0.03545384680652895,False,0.7337330837353425,7.287928681067101,0.571653257953774,0.8958129095169111
-2.04765625,1.282490234375,-0.007858662947727375,0.035020404953091416,False,0.732647458942108,7.239604142329407,0.5712469941005014,0.8940479237837147
-2.04609375,1.282490234375,-0.008030169830381186,0.03458893200589691,False,0.7315447465566773,7.191106296827646,0.5708236269245649,0.8922658661887898
-2.0445312500000004,1.282490234375,-0.008199353866267566,0.03415945473883652,False,0.7304251688509512,7.142422018525124,0.5703833455672187,0.8904669921346837
-2.04296875,1.282490234375,-0.008365934781491065,0.033731999137144614,False,0.7292889471813149,7.093537342693148,0.569926338574056,0.8886515557885738
-2.04140625,1.282490234375,-0.008529643035954125,0.033306590405944206,False,0.7281363019751417,7.044437402225085,0.5694527938815328,0.8868198100687505
-2.03984375,1.282490234375,-0.008690219885858004,0.03288325297882859,False,0.7269674527175866,6.995106357946212,0.5689628988037441,0.884972006631429
-2.03828125,1.282490234375,-0.008847417433749496,0.03246201052647961,False,0.725782617938679,6.945527322250005,0.5684568400194534,0.8831083958579047
-2.0367187500000004,1.282490234375,-0.008996958347854488,0.03206435554592024,False,0.7245820152007074,6.87999118624141,0.5679348035593748,0.8812292268420401
-2.03515625,1.282490234375,-0.009138668153722765,0.03169002601319886,False,0.723365861085889,6.798500327701862,0.5673969747937013,0.8793347473780766
-2.03359375,1.282490234375,-0.009276389283895597,0.031317478245613053,False,0.7221343711843383,6.716739899582246,0.5668435384198881,0.8774252039487885
-2.03203125,1.282490234375,-0.00940991757688801,0.030946732061450037,False,0.7208877600823131,6.6346976842183745,0.5662746784506771,0.8755008417139492
-2.03046875,1.282490234375,-0.009539059781150886,0.03057780664726847,False,0.719626241350747,6.552361001532275,0.5656905782023687,0.8735619044991254
-2.0289062500000004,1.282490234375,-0.009663633538969447,0.030210720565244455,False,0.7183500275340701,6.469716689373827,0.5650914202833405,0.8716086347847997
-2.02734375,1.282490234375,-0.009783467360645295,0.02984549176053259,False,0.7170593301392999,6.386751082793292,0.5644773865828047,0.8696412736957951
-2.02578125,1.282490234375,-0.009898400589333807,0.029482137568645927,False,0.7157543596254232,6.303449992177723,0.5638486582598107,0.8676600609910358
-2.02421875,1.282490234375,-0.009967532191318702,0.02929889927347573,False,0.7144351515326933,5.86807414005042,0.5632053452576765,0.8656649578077101
-2.02265625,1.282490234375,-0.009991064349328022,0.02929358471052383,False,0.7131008786186476,5.214725201682852,0.5625472079046996,0.8636545493325956
-2.0210937500000004,1.282490234375,-0.010009733930537643,0.02928724175869175,False,0.7117515936048702,4.69435011641552,0.5618743635758513,0.861628823633889
-2.01953125,1.282490234375,-0.010023423493725578,0.02927987755725541,False,0.7103875227107269,4.2700442722096605,0.5611869996890615,0.8595880457323923
-2.01796875,1.282490234375,-0.010032026066475625,0.029271499340544606,False,0.7090088909367953,3.9174035568647128,0.560485302828565,0.8575324790450256
-2.01640625,1.282490234375,-0.010035445063377165,0.029262114434369046,False,0.7076159220544651,3.619644781947299,0.5597694587344002,0.85546238537453
-2.01484375,1.282490234375,-0.010033594197348766,0.029251730252491472,False,0.7062088385958575,3.3648462784621147,0.5590396522921703,0.8533780248995446
-2.0132812500000004,1.282490234375,-0.010026397384419766,0.02924035429314687,False,0.7047878618440419,3.144306489917796,0.5582960675230544,0.8512796561650293
-2.01171875,1.282490234375,-0.011953758814305332,0.029237629000646383,False,0.7033532118235526,2.9549728993659605,0.557538887574067,0.8491675360730382
-2.01015625,1.282490234375,-0.02306166701565262,0.02920433613906604,False,0.7019051072912138,2.8419941623020515,0.5567682947085764,0.8470419198738512
-2.00859375,1.282490234375,-0.035880184596601396,0.029091375931298544,False,0.7004437657272485,2.8379342063130153,0.5559844702970598,0.8449030611574373
-2.00703125,1.282490234375,-0.043930733298018936,0.029001864541366055,False,0.6989694033266898,2.925236376442177,0.5551875948081124,0.8427512118452671
-2.0054687500000004,1.282490234375,-0.04395310306162726,0.028943590815582333,False,0.6974822349910806,3.056227418603422,0.5543778477996972,0.840586622182464
-2.00390625,1.282490234375,-0.03595910995638284,0.02890995992642906,False,0.6959824743204568,3.155911347463771,0.553555407910634,0.8384095407302796
-2.00234375,1.282490234375,-0.023267807534292174,0.028942445778654246,False,0.6944703336056232,3.149136324592424,0.5527204528523322,0.8362202143589141
-2.00078125,1.282490234375,-0.012399585111539373,0.029051887375949607,False,0.6929460238207054,3.021774764872984,0.5518731594007591,0.8340188882406516
-1.99921875,1.282490234375,-0.011531817180783794,0.029133350642984324,False,0.6914096105012046,2.8657969384096122,0.5510136834756635,0.8318055375267458
-1.9976562500000001,1.282490234375,-0.017072373752362816,0.029128854632581754,False,0.6898604435391189,2.7611288322512806,0.5501420818791427,0.8295788051990951
-1.99609375,1.282490234375,-0.02345503054912771,0.02908421740437947,False,0.688298601744346,2.7099757650108356,0.5492585121823736,0.8273386913063183
-1.99453125,1.282490234375,-0.027431660190130602,0.02900511662540803,False,0.686724307283651,2.700306464075762,0.5483631510360245,0.8250854635312774
-1.9929687500000002,1.282490234375,-0.027407828796445405,0.028912560255202883,False,0.6851377808608996,2.70614559546029,0.5474561740941382,0.822819387627661
-1.99140625,1.282490234375,-0.02341882156025107,0.028832582495927964,False,0.6835392417103613,2.6964020943141565,0.5465377560070606,0.820540727413662
-1.9898437500000001,1.282490234375,-0.017105754278212183,0.02878600122242801,False,0.6819289075903089,2.6470719259060584,0.545608070414604,0.8182497447660138
-1.98828125,1.282490234375,-0.011691774273223923,0.02877824179984588,False,0.6803069947769118,2.556222307431274,0.5446672899394456,0.815946699614378
-1.98671875,1.282490234375,-0.011561668254556607,0.028718339375208256,False,0.6786737180584199,2.4621976122017935,0.5437155861807567,0.8136318499360832
-1.9851562500000002,1.282490234375,-0.01626666581767853,0.028570257117148373,False,0.6770292907296324,2.4006066589410806,0.5427531297080611,0.8113054517512036
-1.98359375,1.282490234375,-0.02169936033715666,0.028387998203642757,False,0.6753739245866495,2.3738330596128256,0.5417800900553191,0.8089677591179798
-1.9820312500000001,1.282490234375,-0.02505138662208717,0.028176564810694207,False,0.6737078299219094,2.3756029738433613,0.5407966357152401,0.8066190241285787
-1.98046875,1.282490234375,-0.024944561983883923,0.027954404577512467,False,0.6720312155194937,2.3885910569656787,0.5398029341338113,0.8042594969051762
-1.97890625,1.282490234375,-0.021409869801224342,0.027744359895855896,False,0.6703442886507165,2.390698923243449,0.5387991517050538,0.8018894255963792
-1.9773437500000002,1.282490234375,-0.01586652930360491,0.027564681354773544,False,0.6686472550699709,2.363729497601538,0.5377854537659862,0.7995090563739556
-1.97578125,1.282490234375,-0.011101154368199403,0.02742010936101559,False,0.6669403190108563,2.3045214591769287,0.5367620045918142,0.7971186334298983
-1.9742187500000001,1.282490234375,-0.010942266694858118,0.027225273319914887,False,0.6652235707904554,2.2408178556150204,0.5357289854826514,0.7947181560982594
-1.97265625,1.282490234375,-0.015147605697012491,0.026947823983948734,False,0.663496542033944,2.201440341928671,0.5346866668178882,0.7923064172499998
-1.97109375,1.282490234375,-0.02001669615442294,0.02663991657051722,False,0.6617593322080865,2.1903758779158884,0.5336352269709392,0.7898834374452337
-1.9695312500000002,1.282490234375,-0.022989667888376013,0.02630618976522549,False,0.6600121520783957,2.203774902543875,0.5325748251155118,0.7874494790412796
-1.96796875,1.282490234375,-0.022810611689902324,0.025963700255023897,False,0.6582552107790697,2.2276520624112583,0.5315056193472031,0.7850048022109363
-1.9664062500000001,1.282490234375,-0.019508177240684467,0.025633551385142096,False,0.6564887158101815,2.242790469215376,0.530427766679803,0.7825496649405601
-1.96484375,1.282490234375,-0.014376259775133326,0.025332590259671998,False,0.6547128730351399,2.2321399861204463,0.529341423041805,0.7800843230284749
-1.96328125,1.282490234375,-0.00995477752323608,0.025065176976899917,False,0.6529278866784115,2.1912703042882553,0.5282467432731113,0.7776090300837117
-1.9617187500000002,1.282490234375,-0.009732874627218268,0.024761456463409274,False,0.6511339593235057,2.1433287568607438,0.5271438811219391,0.7751240375250723
-1.96015625,1.282490234375,-0.013478064360306385,0.02439157284243282,False,0.6493312919112114,2.1159556613941928,0.5260329892419169,0.772629594580506
-1.9585937500000001,1.282490234375,-0.01782637053320773,0.023994756604609407,False,0.6475200837380916,2.115499164723485,0.5249142191893763,0.7701259482868068
-1.95703125,1.282490234375,-0.02045534941920104,0.02357528141122785,False,0.6457005324552233,2.1394276484200176,0.5237877214208317,0.7676133434896149
-1.95546875,1.282490234375,-0.020225857574389487,0.02314882268813818,False,0.6438728340671849,2.174941652459938,0.5226536452906465,0.7650920228437232
-1.9539062500000002,1.282490234375,-0.017245081650594355,0.022815601896989755,False,0.6420371829312842,2.203072379557507,0.5215121390488853,0.7625622268136831
-1.95234375,1.282490234375,-0.012655274376494547,0.022559219468355905,False,0.6401937717570246,2.205706924907507,0.520363349839346,0.7600241936747033
-1.9507812500000001,1.282490234375,-0.008711156501896711,0.022334137615852984,False,0.6383427916058106,2.1767642764996564,0.5192074236977762,0.7574781595138451
-1.94921875,1.282490234375,-0.008604128258100736,0.022111131818400864,False,0.6364843517689088,2.136725806463009,0.5180445243046373,0.7549241792331803
-1.94765625,1.282490234375,-0.01214264129308382,0.021862338389481206,False,0.6346181625555656,2.115582482945083,0.5168749074112985,0.7523614176998327
-1.9460937500000002,1.282490234375,-0.016233534896334535,0.021588633830720353,False,0.6327443382971365,2.12399712499038,0.5156987329732906,0.7497899436209824
-1.94453125,1.282490234375,-0.018752382062016182,0.02129398205829199,False,0.6308630720964441,2.160347946915944,0.5145161410240406,0.7472100031688476
-1.9429687500000001,1.282490234375,-0.01865740730587112,0.020992890121380375,False,0.6289745553410537,2.2114516193295346,0.5133272704940864,0.744621840188021
-1.94140625,1.282490234375,-0.015973013449142235,0.020703280410005936,False,0.6270789777041595,2.256094347604348,0.5121322592103015,0.7420256961980176
-1.93984375,1.282490234375,-0.011773396702713735,0.020439436400326506,False,0.6251765271456924,2.272411649395468,0.5109312438952801,0.7394218103961047
-1.9382812500000002,1.282490234375,-0.0081662512582829,0.02020502479597713,False,0.6232673899136454,2.251585065784449,0.5097243601668826,0.7368104196604082
-1.93671875,1.282490234375,-0.008094182901026793,0.020038420879465314,False,0.6213517505456176,2.2028739897125993,0.5085117425379378,0.7341917585532974
-1.9351562500000001,1.282490234375,-0.0114293670771304,0.019912351965101254,False,0.6194297918705716,2.163505069516326,0.5072935244161031,0.73156605932504
-1.93359375,1.282490234375,-0.015282100002521282,0.019761543061975983,False,0.6175016950107935,2.159446451208186,0.5060698381038722,0.7289335519177149
-1.93203125,1.282490234375,-0.017666018176026883,0.01958975424884125,False,0.615567639384067,2.187083637657471,0.5048408147987402,0.7262944639693938
-1.9304687500000002,1.282490234375,-0.01760726509823323,0.01941069926027049,False,0.6136278027060403,2.229808559245269,0.5036065845935103,0.7236490208185704
-1.92890625,1.282490234375,-0.015128929118814326,0.019241306929403998,False,0.6116823609927959,2.262664704657086,0.5023672764767498,0.720997445508842
-1.9273437500000001,1.282490234375,-0.01123556975531921,0.01909505923182089,False,0.6097314885636168,2.2614856980690026,0.5011230183333919,0.7183399587938417
-1.92578125,1.282490234375,-0.007897833527785017,0.018975408435895576,False,0.6077753580439363,2.2185743264070372,0.4998739369454719,0.7156767791424008
-1.92421875,1.282490234375,-0.007985951314405375,0.018965573540552793,False,0.6058140917107553,2.14110710509816,0.4986201095507202,0.7130080738707903
-1.9226562500000002,1.282490234375,-0.011722937641882735,0.01903675312356354,False,0.60384756864609,2.0740549610049115,0.4973613718675769,0.7103337654246031
-1.92109375,1.282490234375,-0.016025303961180782,0.019077975017624087,False,0.6018759122875601,2.050062891934182,0.49609780349510757,0.7076540210800126
-1.9195312500000001,1.282490234375,-0.018724826573877244,0.019093407587126434,False,0.5998992932112932,2.0613558838266597,0.4948295315371687,0.7049690548854177
-1.91796875,1.282490234375,-0.018758691594773367,0.019098177064330646,False,0.5979178802793913,2.087091068681443,0.49355668196149444,0.7022790785972881
-1.91640625,1.282490234375,-0.016152343073563412,0.019110939156543515,False,0.595931840643981,2.0995283706489842,0.49227937960125806,0.6995843016867038
-1.9148437500000002,1.282490234375,-0.012002433977856478,0.019146542703019104,False,0.5939413397514267,2.074827524805993,0.4909977481567576,0.6968849313460959
-1.91328125,1.282490234375,-0.008459881065473863,0.019208788027999288,False,0.5919465413467185,2.0089764390043,0.48971191019723376,0.6941811724962034
-1.9117187500000001,1.282490234375,-0.008592153355084961,0.019373512036025747,False,0.5899476074780198,1.9038387599822018,0.4884219871628103,0.6914732277932292
-1.91015625,1.282490234375,-0.012645843442096495,0.019609350507110344,False,0.5879446985013768,1.8084962320327977,0.487128099366559,0.6887612976361945
-1.90859375,1.282490234375,-0.017319138137113214,0.019810047800499,False,0.5859379730855866,1.757583009920193,0.4858303659966844,0.6860455801744888
-1.9070312500000002,1.282490234375,-0.020243709566847713,0.01998021995184677,False,0.5839275882172156,1.7379338264868986,0.4845289051188256,0.6833262713156055
-1.90546875,1.282490234375,-0.020258861763388182,0.020136540361595873,False,0.581913699205774,1.7293031379893857,0.48322383367847876,0.6806035647330692
-1.9039062500000001,1.282490234375,-0.017392625283808416,0.02029955510052147,False,0.5798964596890339,1.7107002317326727,0.4819152675035292,0.6778776518745386
-1.90234375,1.282490234375,-0.0128429708569423,0.020485607932737782,False,0.5778760216384896,1.668077965632717,0.4806033213068946,0.6751487219700847
-1.90078125,1.282490234375,-0.008959143079777762,0.020698877738679542,False,0.5758525353649687,1.6022977641665337,0.47928810868928623,0.6724169620406512
-1.8992187500000002,1.282490234375,-0.009153733516500877,0.02083130291716208,False,0.573826130329511,1.5375132854024847,0.47796952844626817,0.6696827322127539
-1.89765625,1.282490234375,-0.013942112971787567,0.020850709734755377,False,0.5717968387554594,1.4972578448029854,0.4766464178291324,0.6669472596817864
-1.8960937500000001,1.282490234375,-0.019461338611136414,0.02083146669365542,False,0.5697647877952872,1.4852993585685565,0.4753186938758699,0.6642108817147044
-1.89453125,1.282490234375,-0.02289668118542619,0.020779096619847007,False,0.5677301221985934,1.4964945004887695,0.47398648693077455,0.6614737574664122
-1.89296875,1.282490234375,-0.02286871102039504,0.0207135395073619,False,0.5656929850806477,1.5169937417201365,0.4726499260548764,0.6587360441064191
-1.8914062500000002,1.282490234375,-0.019410639989502217,0.020659352856508134,False,0.563653517928827,1.5286332912359766,0.47130913902962773,0.6559978968280262
-1.88984375,1.282490234375,-0.013945813682817916,0.020636053066537964,False,0.5616118606091798,1.5160500038001756,0.46996425236071204,0.6532594688576475
-1.8882812500000001,1.282490234375,-0.009265355665775724,0.020648600860757503,False,0.5595681513730956,1.4766538142835453,0.4686153912819539,0.6505209114642372
-1.88671875,1.282490234375,-0.009111631079672508,0.02065232873584157,False,0.5575225268640878,1.4289550808914715,0.467262679759341,0.6477823739688345
-1.88515625,1.282490234375,-0.012826215361014321,0.020614826651938128,False,0.5554751221246863,1.3953377939126324,0.46590624049515045,0.6450440037542222
-1.8835937500000002,1.282490234375,-0.017108384739158065,0.020547621400850244,False,0.5534260706034301,1.3814601568935565,0.46454619493217597,0.6423059462746842
-1.88203125,1.282490234375,-0.019771078867513902,0.02045504059758007,False,0.5513755041619667,1.3838409612227127,0.46318266325805824,0.6395683450658751
-1.8804687500000001,1.282490234375,-0.019742636940852043,0.020352671184163704,False,0.549323553082248,1.3926466937982016,0.4618157644097113,0.6368313417547847
-1.87890625,1.282490234375,-0.017049055912851475,0.02025969630514707,False,0.5472703460738215,1.3952682234105858,0.46044561607784407,0.634095076069799
-1.87734375,1.282490234375,-0.01279637341667851,0.02019134988868438,False,0.5452160102812186,1.381267439278357,0.4590723347115777,0.6313596858508594
-1.8757812500000002,1.282490234375,-0.009153176717224635,0.02015149103056131,False,0.5431606712914294,1.348746151908822,0.45769603552315197,0.6286253070597069
-1.87421875,1.282490234375,-0.0090952416161695,0.02012490471778294,False,0.5411044604296128,1.3092581370155232,0.456316418255368,0.6258925026038575
-1.8726562500000001,1.282490234375,-0.012359876623426266,0.02008436022744686,False,0.5390475430692635,1.2796782657141919,0.45493112588608486,0.6231639602524421
-1.87109375,1.282490234375,-0.016123832979687683,0.0200175469816959,False,0.536990045301944,1.265874720725385,0.45353989550037066,0.6204401951035174
-1.86953125,1.282490234375,-0.018462166879759913,0.019928304125331593,False,0.5349320843393393,1.2650227538007213,0.452142878566438,0.6177212901122405
-1.8679687500000002,1.282490234375,-0.01843178264984094,0.019830420350103902,False,0.5328737759043572,1.2692081699401077,0.4507402249577352,0.6150073268509793
-1.86640625,1.282490234375,-0.016055709382274883,0.019740853742631754,False,0.5308152342390828,1.2684662893531076,0.4493320829593046,0.6122983855188611
-1.8648437500000001,1.282490234375,-0.01230749578742202,0.019673062124427754,False,0.5287565721127907,1.2546979337934794,0.4479185992742376,0.6095945449513438
-1.86328125,1.282490234375,-0.00909572561158581,0.019630445502627127,False,0.5266979008300265,1.2264645203602724,0.44649991903023356,0.6068958826298195
-1.86171875,1.282490234375,-0.009070747497800662,0.0196002240517834,False,0.5246393302387462,1.1927505463919745,0.44507618578625197,0.6042024746912404
-1.8601562500000002,1.282490234375,-0.012118588511062423,0.019557609550334164,False,0.522580968738514,1.167216510750146,0.44364754153925884,0.6015143959377691
-1.85859375,1.282490234375,-0.015633312625008788,0.01949034605711753,False,0.5205229232887599,1.1549136537721894,0.4422141267310665,0.5988317198464533
-1.8570312500000001,1.282490234375,-0.017814515854342516,0.019402047686475868,False,0.5184652994170885,1.1534961592914776,0.44077608025525916,0.5961545185789179
-1.85546875,1.282490234375,-0.01778021150746346,0.01930566162443363,False,0.5164082012276394,1.156301833969177,0.43933353946420534,0.5934828629910736
-1.85390625,1.282490234375,-0.015552043481671126,0.019217100481942962,False,0.5143517314095005,1.1549708615284375,0.43788664017615425,0.5908168226428467
-1.8523437500000002,1.282490234375,-0.012040620446734185,0.019148984106736308,False,0.5122959912451666,1.1427317774052792,0.4364355166824131,0.58815646580792
-1.85078125,1.282490234375,-0.009030972899100608,0.01910449215121329,False,0.5102410806190419,1.1183536806914338,0.43498030175459995,0.585501859483484
-1.8492187500000001,1.282490234375,-0.00900307317458733,0.01907244704611259,False,0.5081871280892137,1.089261977908851,0.43352051757970395,0.5828537385987236
-1.84765625,1.282490234375,-0.01185483758562759,0.019029562236126726,False,0.506134409266425,1.066983590574281,0.4320526624066464,0.5802161561262035
-1.84609375,1.282490234375,-0.015144224912082132,0.018963505503643334,False,0.5040830451766436,1.0558989844395048,0.43057631370716987,0.5775897766461173
-1.8445312500000002,1.282490234375,-0.017183308627353247,0.018877683746596683,False,0.5020331252698187,1.0540334464151992,0.4290916585067948,0.5749745920328426
-1.84296875,1.282490234375,-0.01714526167540998,0.018784270193061708,False,0.49998473770208696,1.0557333531717483,0.4275988817626962,0.5723705936414777
-1.8414062500000001,1.282490234375,-0.015050439177771078,0.018698216672878253,False,0.4979379693443353,1.0539338828162021,0.4260981663738475,0.5697777723148232
-1.83984375,1.282490234375,-0.01175258610237536,0.018631373906926915,False,0.4958929057907818,1.0429365699323268,0.42458969319124473,0.5671961183903189
-1.83828125,1.282490234375,-0.008925173434241996,0.018586720741458892,False,0.49384963136758137,1.0216922875664753,0.423073641028216,0.5646256217069467
-1.8367187500000002,1.282490234375,-0.008894679093460593,0.018554630559202683,True,0.4918082291414523,0.9963916545275562,0.42155018667081123,0.5620662716120933
-1.83515625,1.282490234375,-0.011570712240003597,0.018513176662920693,True,0.48976878092831805,0.9768180977272052,0.42001950488826506,0.5595180569683711
-1.8335937500000001,1.282490234375,-0.014658222452327401,0.0184498681060983,True,0.4877313673019675,0.9667741522475708,0.41848176844353413,0.5569809661604008
-1.83203125,1.282490234375,-0.016569959373553454,0.01836792168505289,True,0.48569606760272926,0.964580664877846,0.4169371481039055,0.554454987101553
-1.83046875,1.282490234375,-0.01652842441609132,0.01827880474881966,True,0.48366295994616015,0.9654123411663597,0.4153858126516708,0.5519401072406495
-1.8289062500000002,1.282490234375,-0.01455276541058947,0.01819659393398702,True,0.48163212123174415,0.9632681394001557,0.41382792889486614,0.5494363135686221
-1.82734375,1.282490234375,-0.011445803097579272,0.018132440049915675,True,0.47960362715160226,0.9533310548542571,0.41226366167807255,0.546943592625132
-1.8257812500000001,1.282490234375,-0.008781192465847583,0.018089139747333977,True,0.47757755219921205,0.9347099099861563,0.41069317389327675,0.5444619305051474
-1.82421875,1.282490234375,-0.008748430693628179,0.01805871544425296,True,0.47555401833933225,0.9126039135999486,0.40911634118590645,0.541991695492758
-1.82265625,1.282490234375,-0.011268497499152668,0.018020483316865846,True,0.47353338697530445,0.8953508252978328,0.4075316209404895,0.5395351530101195
-1.8210937500000002,1.282490234375,-0.01417691485264887,0.017961568952629726,True,0.4715157708992709,0.8862469985676661,0.40593891086560063,0.5370926309329411
-1.81953125,1.282490234375,-0.015975678891924007,0.017885017291286734,True,0.4695012328658959,0.8838534830365052,0.40433839293969803,0.5346640727920938
-1.8179687500000001,1.282490234375,-0.015930974997403105,0.017801658792681935,True,0.46748983456223886,0.8840353637971936,0.40273024698077403,0.5322494221437036
-1.81640625,1.282490234375,-0.01406082764406644,0.017724781161628192,True,0.46548163661611697,0.8816777204941473,0.4011146506591735,0.5298486225730604
-1.81484375,1.282490234375,-0.011122888612357006,0.017664905110166745,True,0.46347669860445595,0.8726972061581094,0.3994917795104437,0.5274616176984682
-1.8132812500000002,1.282490234375,-0.008602366966256728,0.017624664434302453,True,0.4614750790616348,0.8563395523706495,0.3978618069482215,0.5250883511750482
-1.81171875,1.282490234375,-0.008567902891022865,0.01759736667568937,True,0.4594768354878174,0.8369946582667961,0.39622490427714785,0.522728766698487
-1.8101562500000001,1.282490234375,-0.01095220022188984,0.017563422847331294,True,0.4574820243572749,0.8217864409314043,0.3945812407058133,0.5203828080087366
-1.80859375,1.282490234375,-0.013704795319541708,0.017509799689322713,True,0.45549070112669054,0.813570352876533,0.3929309833597242,0.5180504188936569
-1.80703125,1.282490234375,-0.01540524974435911,0.017439389377118232,True,0.4535029202434574,0.8111077628067439,0.39127429729429836,0.5157315431926164
-1.8054687500000002,1.282490234375,-0.015357664588873205,0.01736245851308762,True,0.45151873515395646,0.8108446812614529,0.3896113455078769,0.513426124800036
-1.80390625,1.282490234375,-0.013579026887748894,0.017291597078863036,True,0.44953819831181746,0.808408198762494,0.387942288954753,0.5111341076688819
-1.8023437500000001,1.282490234375,-0.010787701550214152,0.017236769115758586,True,0.4475613611861721,0.8003262724355343,0.3862672865582252,0.5088554358141191
-1.80078125,1.282490234375,-0.008392071711069916,0.0172004651754111,True,0.44558827426987824,0.7859600297755673,0.3845864952236539,0.5065900533161025
-1.79921875,1.282490234375,-0.0083559361975019,0.017176325246383777,True,0.4436190499464713,0.7690547711748194,0.38289893906727046,0.5043391608256721
-1.7976562500000002,1.282490234375,-0.01062335064262076,0.0171457745447859,True,0.44165411068012966,0.7557065421266761,0.38119802810020537,0.5021101932600539
-1.79609375,1.282490234375,-0.01324365768621185,0.017096461912699194,True,0.4396935586855772,0.7483686448339534,0.37948288870868957,0.4999042286624648
-1.7945312500000001,1.282490234375,-0.014864111045719415,0.017031144113147823,True,0.4377374321195091,0.74597636398744,0.37775377961508017,0.49772108462393805
-1.79296875,1.282490234375,-0.014821842328470206,0.016959586595356648,True,0.4357857683105943,0.7454693462394859,0.3760109564442211,0.49556058017696747
-1.79140625,1.282490234375,-0.013132855254292454,0.016893759628467835,True,0.4338386037669866,0.7430966044662495,0.3742546717435801,0.493422535790393
-1.7898437500000002,1.282490234375,-0.01048117550923325,0.016843133764307718,True,0.4318959741837999,0.7358916098289089,0.3724851750033703,0.49130677336422945
-1.78828125,1.282490234375,-0.008208161975912854,0.016810074303675666,True,0.4299579144505639,0.7233070992555869,0.3707027126766698,0.489213116224458
-1.7867187500000001,1.282490234375,-0.008184586668483516,0.016787218315196608,True,0.42802445865864264,0.7085839670888981,0.36890752819952116,0.4871413891177641
-1.78515625,1.282490234375,-0.010358092672230396,0.016756920148078315,True,0.4260956401086255,0.69694815376033,0.36709986201101613,0.48509141820623486
-1.78359375,1.282490234375,-0.012868488850846954,0.016708756720182998,True,0.4241714913176883,0.6904829001662751,0.3652799515733632,0.48306303106201337
-1.7820312500000002,1.282490234375,-0.01442519006718562,0.0166453550723389,True,0.4222520440269217,0.68827966200135,0.36344803139193094,0.4810560566619124
-1.78046875,1.282490234375,-0.014395589201136476,0.01657600968617681,True,0.4203373292086267,0.6876999570862569,0.3616043330352674,0.479070325381986
-1.7789062500000001,1.282490234375,-0.012794704555275097,0.016512110222426494,True,0.4184273770735822,0.6855124667476536,0.3597490851550955,0.47710566899206885
-1.77734375,1.282490234375,-0.01027499806964887,0.016462665575633015,True,0.41652221707827464,0.6791637707007591,0.35788251350627565,0.47516192065027363
-1.77578125,1.282490234375,-0.008116369321377768,0.0164299236583228,True,0.41462187793209826,0.6681742837639572,0.35600484096673934,0.4732389148974572
-1.7742187500000002,1.282490234375,-0.008102622506877714,0.016404457984389352,True,0.41272646025405046,0.6553481404710296,0.35411726703810337,0.47133565346999756
-1.77265625,1.282490234375,-0.010179723990995008,0.01636958492897529,True,0.4108364235874722,0.6451843852778796,0.35222584882649705,0.46944699834844733
-1.7710937500000001,1.282490234375,-0.012577651195365143,0.016317862576861988,True,0.4089518579805333,0.6394747989810216,0.3503316862876846,0.467572029673382
-1.76953125,1.282490234375,-0.014068605522567609,0.016251781599064995,True,0.4070727798330707,0.6374498044923614,0.34843489405420097,0.46571066561194047
-1.76796875,1.282490234375,-0.014050487540538635,0.016180152140644288,True,0.40519920495384826,0.6368311164573002,0.34653558505927745,0.46386282484841906
-1.7664062500000002,1.282490234375,-0.012537255188584413,0.01611376885270053,True,0.4033311485667497,0.6348222490096861,0.34463387055036127,0.4620284265831381
-1.76484375,1.282490234375,-0.010149461232071432,0.01606116832720845,True,0.4014686253169398,0.6292083443313008,0.3427298601025846,0.46020739053129495
-1.7632812500000001,1.282490234375,-0.008104971621893185,0.016024478054109993,True,0.3996116492769835,0.619559583135917,0.3408236616321719,0.4583996369217951
-1.76171875,1.282490234375,-0.008098384481458255,0.015992201177510924,True,0.3977602339529268,0.6082932704228945,0.3389153814097886,0.456605086496065
-1.76015625,1.282490234375,-0.010068751069976649,0.01594862976392081,True,0.3959143922903427,0.5993039137559649,0.33700512407383393,0.45482366050685147
-1.7585937500000002,1.282490234375,-0.012342541942935902,0.01588934492118938,True,0.39407413668033525,0.594160986740069,0.33509299264367043,0.4530552807170001
-1.75703125,1.282490234375,-0.013760049617714896,0.015816688553542204,True,0.39223947896550604,0.5922148508978942,0.33317908853279327,0.4512998693982188
-1.7554687500000001,1.282490234375,-0.013752260845934932,0.015738944772825995,True,0.39041043044588436,0.591493798955729,0.33126351156194034,0.4495573493298284
-1.75390625,1.282490234375,-0.012331990009996009,0.015666263076130664,True,0.38858700188481404,0.5895675161269236,0.32934635997213585,0.44782764379749224
-1.75234375,1.282490234375,-0.010085191238561641,0.015606668947877596,True,0.38676920351480554,0.584502938957721,0.32742773043767454,0.44611067659193654
-1.7507812500000002,1.282490234375,-0.008162450614972852,0.01556216092721774,True,0.3849570450433458,0.5759094741530016,0.3255077180790394,0.44440637200765226
-1.74921875,1.282490234375,-0.008161396771886686,0.015519175334949946,True,0.38315061386487415,0.565861212975691,0.32358797914099857,0.4427132485887497
-1.7476562500000001,1.282490234375,-0.01001331508373829,0.015463095195952653,True,0.381350384173849,0.5577463117027652,0.3216779244739594,0.4410228438737386
-1.74609375,1.282490234375,-0.012149724994611914,0.01539261120436861,True,0.37955643290995245,0.5529649416910473,0.3197790620138236,0.4393338038060813
-1.74453125,1.282490234375,-0.013485019932565677,0.015309899964409512,True,0.37776875801646037,0.5509691247846296,0.31789133084552385,0.4376461851873969
-1.7429687500000002,1.282490234375,-0.013486216738414755,0.015222671158996325,True,0.375987357066843,0.5500468019615682,0.3160146702595727,0.4359600438741133
-1.74140625,1.282490234375,-0.012164918373854274,0.01514037133389533,True,0.3742122272693893,0.5480758874441354,0.31414901975276166,0.43427543478601693
-1.7398437500000001,1.282490234375,-0.010069447186606743,0.015070469224994318,True,0.37244336547179513,0.5433588497367915,0.3122943190288364,0.43259241191475384
-1.73828125,1.282490234375,-0.008277145854168442,0.015014821566117182,True,0.37068076816570916,0.5355372703418726,0.3104505079991432,0.4309110283322751
-1.73671875,1.282490234375,-0.008280619340924741,0.01495849437431941,True,0.36892443149124576,0.5263829153802835,0.30861752678325494,0.4292313361992366
-1.7351562500000002,1.282490234375,-0.01000296969785677,0.014887988956324233,True,0.3671743512414567,0.5188570524560192,0.3067953157095701,0.4275533867733433
-1.73359375,1.282490234375,-0.011989189840349721,0.014804473118511827,True,0.36543052286676747,0.5142291364619338,0.30498381531588925,0.4258772304176457
-1.7320312500000001,1.282490234375,-0.013234094930598711,0.014709947136408075,True,0.36369294147937575,0.5120367461847283,0.30318296634996866,0.42420291660878284
-1.73046875,1.282490234375,-0.013248096875132856,0.014615722707910032,True,0.3619616018576111,0.5107883831113298,0.30139270977004795,0.4225304939451743
-1.72890625,1.282490234375,-0.012051876419287066,0.014540792247783813,True,0.36023649845025923,0.5086230605176661,0.29961298674535747,0.420860010155161
-1.7273437500000002,1.282490234375,-0.010138356521202525,0.014477421973140331,True,0.3585176253808466,0.5040419882703231,0.2978437386566002,0.419191512105093
-1.72578125,1.282490234375,-0.008505325433863505,0.014427318794520364,True,0.35680497645188974,0.4967140371812275,0.2960849070964129,0.4175250458073666
-1.7242187500000001,1.282490234375,-0.008526032995011396,0.014369034161167976,True,0.35509862498826583,0.48814113912409063,0.2943368908220158,0.41586035915451586
-1.72265625,1.282490234375,-0.010115662093199789,0.01429035320537579,True,0.3533990395362336,0.4809197055648246,0.2926023567801912,0.41419572229227597
-1.72109375,1.282490234375,-0.011946888694647634,0.014200174622972723,True,0.3517062835084524,0.47621906923536406,0.2908816615363261,0.4125309054805787
-1.7195312500000002,1.282490234375,-0.01310108168880519,0.014100309413373866,True,0.3500203398920682,0.4736488137500417,0.2891747035671621,0.41086597621697435
-1.71796875,1.282490234375,-0.013126676878408072,0.013997190800289896,True,0.34834119150043236,0.47190643449991176,0.2874813820849434,0.4092010009159213
-1.7164062500000001,1.282490234375,-0.012032832245043588,0.013898703182405383,True,0.34666882097608076,0.46935474256931886,0.28580159703337643,0.4075360449187851
-1.71484375,1.282490234375,-0.01028321652802755,0.013811079083842994,True,0.34500321079367763,0.4646652082902196,0.28413524908359494,0.4058711725037603
-1.71328125,1.282490234375,-0.008789927915646062,0.013735863169510601,True,0.3433443432629334,0.45753090693627674,0.28248223963014074,0.40420644689572605
-1.7117187500000002,1.282490234375,-0.00880158216044935,0.013648636213305086,True,0.3416922005314881,0.44920460534113105,0.28084247078695146,0.4025419302760247
-1.71015625,1.282490234375,-0.010226049379875694,0.013538470079056354,True,0.34004676458776434,0.4419635706898152,0.27921584538336036,0.4008776837921683
-1.7085937500000001,1.282490234375,-0.011868442700179564,0.013418495775046467,True,0.33840801726379305,0.43690409991655577,0.27760226696010926,0.39921376756747684
-1.70703125,1.282490234375,-0.01290223562759059,0.013290324944408802,True,0.33677594023800217,0.4336960883988478,0.2760016397653674,0.39755024071063694
-1.70546875,1.282490234375,-0.012920900496462006,0.01315969700256792,True,0.33515051503798143,0.43120100827851016,0.27441386875076756,0.3958871613251953
-1.7039062500000002,1.282490234375,-0.011932395540736294,0.013033647491238734,True,0.3335317230432126,0.4279769369403368,0.27283885956744947,0.39422458651897574
-1.70234375,1.282490234375,-0.01035376469106306,0.012917737030028508,True,0.3319195454877709,0.42284465235839735,0.2712765185621166,0.39256257241342524
-1.7007812500000001,1.282490234375,-0.009005847368302776,0.012813340086117161,True,0.3303139634629987,0.41552010731887656,0.2697267527731063,0.39090117415289105
-1.69921875,1.282490234375,-0.009006039920253948,0.01269607055718146,True,0.3287150358776662,0.407016260428957,0.26818864115840835,0.38924143059692407
-1.69765625,1.282490234375,-0.010251819222448635,0.01255632423014193,True,0.3271232078344845,0.3993232265378488,0.2666571471895063,0.38758926847946273
-1.6960937500000002,1.282490234375,-0.011685372234174181,0.012408511994521403,True,0.32553852920116394,0.39348504670558637,0.265131421469502,0.38594563693282585
-1.69453125,1.282490234375,-0.012577134616147786,0.012254039216989481,True,0.32396097149079917,0.3892183433956426,0.2636114463140683,0.38431049666753003
-1.6929687500000001,1.282490234375,-0.012568083989353366,0.012097925146105042,True,0.3223905062074079,0.3855290713797704,0.2620972038941482,0.3826838085206676
-1.69140625,1.282490234375,-0.011665035274228084,0.011946323944864869,True,0.32082710484734134,0.38115345216912994,0.2605886762384403,0.3810655334562424
-1.68984375,1.282490234375,-0.010236031590850275,0.011804098718287493,True,0.31927073890067137,0.37505362068845716,0.259085845235851,0.37945563256549175
-1.6882812500000002,1.282490234375,-0.009005830179092178,0.011672447776855877,True,0.3177213798525595,0.36697363931052085,0.25758869263791956,0.37785406706719943
-1.68671875,1.282490234375,-0.008959877580182612,0.01153183613970659,True,0.3161789991846037,0.35765309265631534,0.25609720006121156,0.3762607983079958
-1.6851562500000001,1.282490234375,-0.010000881796550782,0.011376175478482053,True,0.3146435683761666,0.3488074682525842,0.25461134898968435,0.3746757877626488
-1.68359375,1.282490234375,-0.011223181044583426,0.011232399357087782,True,0.31311505890567926,0.3414684885653403,0.2531311207770189,0.37309899703433963
-1.68203125,1.282490234375,-0.011975441308204198,0.011083238041283605,True,0.31159344225193075,0.3353791224724362,0.25165649664892814,0.37153038785493336
-1.6804687500000002,1.282490234375,-0.011946053483471691,0.010933002680444922,True,0.310078689895332,0.3296730327932173,0.25018745770543055,0.36996992208523344
-1.67890625,1.282490234375,-0.011140720676511373,0.010786980618762059,True,0.3085707733191628,0.3232599900266504,0.24872398492309797,0.36841756171522766
-1.6773437500000001,1.282490234375,-0.009878601817274105,0.010649349437837251,True,0.3070696640108006,0.315253692845685,0.24726605915727487,0.36687326886432636
-1.67578125,1.282490234375,-0.008788537776792931,0.010521135716006253,True,0.30557533346292465,0.30544408601213013,0.24581366114426603,0.3653370057815833
-1.67421875,1.282490234375,-0.008732517144583897,0.010435255209563664,True,0.30408782621040853,0.30048617813087997,0.24436732389217244,0.3638083285286446
-1.6726562500000002,1.282490234375,-0.009617830729343082,0.010383364317281055,True,0.30260754883883245,0.3019595691019892,0.24293032339261766,0.36228477428504724
-1.67109375,1.282490234375,-0.010642522519207952,0.010324733603245526,True,0.30113453794516454,0.3048154205381743,0.2415031445802605,0.36076593131006857
-1.6695312500000001,1.282490234375,-0.011262822406304239,0.010260401258677493,True,0.29966875686146843,0.30890513115974816,0.24008571838298468,0.35925179533995216
-1.66796875,1.282490234375,-0.011210834753065689,0.01019405050461712,True,0.29821016904137765,0.31352205976336783,0.238677976213853,0.3577423618689023
-1.66640625,1.282490234375,-0.010515891737267078,0.010154806547099765,True,0.2967587380601278,0.3177051137728722,0.23727984996790077,0.3562376261523548
-1.6648437500000002,1.282490234375,-0.009431627490315855,0.010125722413025758,True,0.2953144276145755,0.32061408663141117,0.23589127201894372,0.35473758321020726
-1.66328125,1.282490234375,-0.008494299204291827,0.010103480422103331,True,0.29387720152321184,0.3219850099042302,0.23451217521640702,0.3532422278300167
-1.6617187500000001,1.282490234375,-0.008489001047787258,0.010088321271047992,True,0.29244702372616627,0.3226993902357018,0.2331424928821722,0.35175155457016033
-1.66015625,1.282490234375,-0.009498356432669148,0.01007297315711653,True,0.2910238582851986,0.3243884078849243,0.23178215880743902,0.3502655577629582
-1.65859375,1.282490234375,-0.010665854266490355,0.010049891680709447,True,0.2896076693836885,0.3278289098312754,0.2304311072496113,0.34878423151776566
-1.6570312500000002,1.282490234375,-0.011377096009266657,0.010020239156999745,True,0.2881984213266101,0.33283950566705844,0.2290892729291946,0.34730756972402566
-1.65546875,1.282490234375,-0.011329214078529465,0.009988137200211576,True,0.28679607854050176,0.3385318343282688,0.22775659102671522,0.34583556605428833
-1.6539062500000001,1.282490234375,-0.010527334632130219,0.009958637763359715,True,0.2854006055734279,0.34368255917917656,0.22643299717965773,0.344368213967198
-1.65234375,1.282490234375,-0.009281116651094434,0.009935736764974357,True,0.2840119670949295,0.3472099251387361,0.22511842747941688,0.34290550671044207
-1.65078125,1.282490234375,-0.00820136603492489,0.0099204296374546,True,0.2826301278959703,0.3487689013582323,0.22381281846827114,0.34144743732366944
-1.6492187500000002,1.282490234375,-0.008142867966246078,0.009910827402175854,True,0.28125511847621837,0.3488822983550692,0.2225161376871728,0.33999409926526397
-1.64765625,1.282490234375,-0.009078540544115514,0.009899529687255104,True,0.2798872946594438,0.3494735874229542,0.22122850439467986,0.33854608492420774
-1.6460937500000001,1.282490234375,-0.010164967347001907,0.009880948426541155,True,0.27852668025252925,0.3519420879748843,0.21994988326516554,0.3371034772398929
-1.64453125,1.282490234375,-0.010816997241438859,0.009856178322481738,True,0.2771732333883732,0.3560693873601079,0.2186802087564823,0.33566625802026406
-1.64296875,1.282490234375,-0.01074601734761591,0.009829103461171466,True,0.27582691241798113,0.3608943907736624,0.2174194158229033,0.33423440901305895
-1.6414062500000002,1.282490234375,-0.009956717745129563,0.00980448533121078,True,0.2744876759093732,0.3651216122791019,0.21616743991140427,0.33280791190734205
-1.63984375,1.282490234375,-0.008743925981702984,0.009786090638478902,True,0.27315548264649475,0.36762747789119066,0.21492421695797345,0.331386748335016
-1.6382812500000001,1.282490234375,-0.0076895102231432375,0.009774858243428254,True,0.27183029162813105,0.36807555915562434,0.21368968338394956,0.32997089987231254
-1.63671875,1.282490234375,-0.007608695118660292,0.009770834268355521,True,0.27051206206682205,0.3667608531494393,0.21246377609238493,0.32856034804125916
-1.63515625,1.282490234375,-0.008472719105984659,0.00976702199147525,True,0.2692007533877826,0.3656867444233153,0.21124643246443792,0.3271550743111273
-1.6335937500000002,1.282490234375,-0.00947975267614934,0.009756332006178904,True,0.2678963252278205,0.3665436738576779,0.21003759035578753,0.3257550600998534
-1.63203125,1.282490234375,-0.010074985824708376,0.009739790747098933,True,0.26659873743426366,0.36907184109489916,0.2088371880930805,0.3243602867754468
-1.6304687500000001,1.282490234375,-0.009984620093241118,0.009721041132412178,True,0.2653079500638839,0.3722724167273387,0.20764516447039882,0.322970735657369
-1.62890625,1.282490234375,-0.009212924805723447,0.009704549611501854,True,0.26402392338182623,0.3748409152070494,0.2064614587457564,0.3215863880178961
-1.62734375,1.282490234375,-0.00803935688135919,0.009693850140926035,True,0.2627466178605407,0.3756791075360218,0.20528601063762145,0.32020722508345995
-1.6257812500000002,1.282490234375,-0.007015743177250417,0.009689824482735138,True,0.26147599417871625,0.3744909028887946,0.20411876032146364,0.31883322803596886
-1.62421875,1.282490234375,-0.006916278798357656,0.009691467769768359,True,0.2602120693671147,0.37107485660633016,0.20295964731116484,0.3174644914230646
-1.6226562500000001,1.282490234375,-0.007716803344477954,0.009692238741864362,True,0.2589551391113653,0.36742389753220633,0.20180860559326877,0.3161016726294618
-1.62109375,1.282490234375,-0.008653788398162459,0.009686532287339587,True,0.2577052150564481,0.36568625977381347,0.20066557456521492,0.31474485554768133
-1.61953125,1.282490234375,-0.009198215834432286,0.0096753152594336,True,0.25646225272949125,0.36556183872539066,0.199530495162883,0.3133940102960995
-1.6179687500000002,1.282490234375,-0.009088874896001211,0.00966202165430673,True,0.2552262079402205,0.3660619189049517,0.19840330878682416,0.31204910709361683
-1.61640625,1.282490234375,-0.008329670575448084,0.00965086251994206,True,0.2539970367790368,0.365948702330675,0.19728395729852297,0.3107101162595506
-1.6148437500000001,1.282490234375,-0.007186990285736343,0.009645170304137552,True,0.2527746956151033,0.3642221235600668,0.1961723830166879,0.30937700821351866
-1.61328125,1.282490234375,-0.006187127918691378,0.009645777033775412,True,0.2515591410944447,0.36065420251713753,0.19506852871357266,0.30804975347531677
-1.61171875,1.282490234375,-0.00606809184224357,0.00965044022087456,True,0.25035033013806096,0.35452724382423095,0.19397233761132968,0.3067283226647923
-1.6101562500000002,1.282490234375,-0.006805069226308686,0.009653019380523676,True,0.2491482199400496,0.34769514413517544,0.19288375337839098,0.3054126865017082
-1.60859375,1.282490234375,-0.0076718651617912765,0.009649539519895535,True,0.24795276796574334,0.3426537939959016,0.19180272012588168,0.304102815805605
-1.6070312500000001,1.282490234375,-0.008165506496332062,0.009640907928118902,True,0.24676393194985805,0.3390787746384256,0.19072918240406206,0.30279868149565403
-1.60546875,1.282490234375,-0.00803751158188636,0.009630350836329927,True,0.24558166989465105,0.3360634235722597,0.18966308519879738,0.3015002545905047
-1.60390625,1.282490234375,-0.0072914385329560984,0.009621825407096708,True,0.24440594006809604,0.3325324379190992,0.1886043739280615,0.3002075062081306
-1.6023437500000002,1.282490234375,-0.00618048687055011,0.009618463669810479,True,0.2432367010020625,0.32766402735542594,0.18755299443846307,0.2989204075656619
-1.60078125,1.282490234375,-0.005205151738200424,0.009621047852321839,True,0.2420739114905128,0.32131778971229746,0.18650889300180565,0.2976389299792199
-1.5992187500000001,1.282490234375,-0.005071727122010001,0.0096345568594722,True,0.2409175758453032,0.3132037013524221,0.18547201163298963,0.2963631400576168
-1.59765625,1.282490234375,-0.0057597158967459,0.009653127071162773,True,0.23976792311100184,0.3048742963959964,0.18444226914061138,0.2950935770813923
-1.59609375,1.282490234375,-0.006578233533110862,0.009665915517450985,True,0.23862495351418156,0.2980969946950667,0.18341960779108077,0.2938302992372823
-1.59453125,1.282490234375,-0.007051295906604566,0.00967377121737523,True,0.23748862214197353,0.2925637056712246,0.182403974932419,0.29257326935152805
-1.59296875,1.282490234375,-0.006943616432335521,0.009679711785656539,True,0.2363588844001021,0.2875232976626598,0.1813953183380087,0.2913224504621955
-1.5914062500000001,1.282490234375,-0.006258385602818189,0.009687438911610136,True,0.23523569601041172,0.282130399376972,0.18039358620299023,0.2900778058178332
-1.58984375,1.282490234375,-0.005235099241433674,0.009699883312042357,True,0.23411901300842,0.27577400521596074,0.17939872714069516,0.28883929887614485
-1.58828125,1.282490234375,-0.004347434779267978,0.00971777861764133,True,0.2330087917408868,0.2683837459555545,0.17841069017910904,0.28760689330266453
-1.58671875,1.282490234375,-0.004265456403041542,0.009744768912385687,True,0.23190498886340166,0.2597849306186939,0.17742942475736445,0.2863805529694389
-1.58515625,1.282490234375,-0.00497626231837366,0.009775311507371633,True,0.23080756133799318,0.2511589046069794,0.17645488072226806,0.2851602419537183
-1.5835937500000001,1.282490234375,-0.005813642724452852,0.009800218726201375,True,0.2297164664307566,0.24380196170018004,0.17548700832485753,0.2839459245366557
-1.58203125,1.282490234375,-0.006316161239972223,0.009820303952502767,True,0.22863166170949747,0.23745095842736536,0.17452575821698713,0.2827375652020078
-1.58046875,1.282490234375,-0.006255606486451027,0.009838457743186896,True,0.2275531050413986,0.23152542316527872,0.17357108144794736,0.28153512863484986
-1.57890625,1.282490234375,-0.005634934308112827,0.00985822645206422,True,0.22648075459070105,0.22539960260810354,0.17262292946111105,0.2803385797202911
-1.57734375,1.282490234375,-0.004686255623259462,0.009882418647623693,True,0.22541456881640734,0.21864218301589752,0.1716812540906123,0.2791478835422024
-1.5757812500000001,1.282490234375,-0.0038688692694122677,0.00991173882536283,True,0.2243545064699985,0.21122357757452637,0.17074600755805164,0.27796300538194535
-1.57421875,1.282490234375,-0.003830171369485135,0.009946113734023904,True,0.22330056005717625,0.2030035056523068,0.16981713812276722,0.27678398199158527
-1.57265625,1.282490234375,-0.004557883201650627,0.009980291569246675,True,0.222252888342688,0.19481182435320246,0.16889457250777518,0.2756112041776008
-1.57109375,1.282490234375,-0.005408468002333927,0.010009055445156926,True,0.22121148098475454,0.18758220261871386,0.16797825926572513,0.27444470270378396
-1.56953125,1.282490234375,-0.005934297519387045,0.01003318408622346,True,0.22017629435995337,0.18111117266110133,0.16706815166324201,0.2732844370566647
-1.5679687500000001,1.282490234375,-0.0059138785128847295,0.010055446642048594,True,0.21914728517537843,0.17498364754326634,0.16616420335189105,0.27213036699886584
-1.56640625,1.282490234375,-0.005349946980374089,0.010079241238486261,True,0.21812441046589207,0.16876919863243836,0.1652663683648003,0.27098245256698383
-1.56484375,1.282490234375,-0.004467605191377429,0.010107259739420192,True,0.21710762759139782,0.16218465782780517,0.16437460111331226,0.2698406540694834
-1.56328125,1.282490234375,-0.0037125009685070615,0.010140178223634498,True,0.2160968942341385,0.15522415677613108,0.1634888563836675,0.2687049320846095
-1.56171875,1.282490234375,-0.0037104353402950137,0.010176362446178104,True,0.2150921683960179,0.14790547493757192,0.16260908933371998,0.26757524745831585
-1.5601562500000001,1.282490234375,-0.0044458980635851035,0.01021080785773532,True,0.2140934083959463,0.14076033413843397,0.16173525548968248,0.2664515613022101
-1.55859375,1.282490234375,-0.005299819591767447,0.010240101535175121,True,0.2131005728672073,0.13428918098858295,0.16086731074290134,0.26533383499151325
-1.55703125,1.282490234375,-0.0058411256701743665,0.010264983180562766,True,0.2121136207548516,0.12834819230983843,0.16000521134666462,0.2642220301630386
-1.55546875,1.282490234375,-0.0058564088185560515,0.010288085613481556,True,0.21113251131311006,0.12266381532303966,0.15914891391303643,0.2631161087131837
-1.55390625,1.282490234375,-0.005348178798073905,0.01031264045740972,True,0.2101572041028306,0.11696346090933721,0.15829837540972275,0.26201603279593844
-1.5523437500000001,1.282490234375,-0.004533153009833549,0.010341208314183817,True,0.20918765898893835,0.1110771343753959,0.15745355315696635,0.26092176482091034
-1.55078125,1.282490234375,-0.003840586310501897,0.010374432970693551,True,0.2082238361379164,0.10501144252517994,0.15661440482446995,0.25983326745136287
-1.54921875,1.282490234375,-0.0038715441355367504,0.01040908114066203,True,0.20726571732202845,0.09887945518016535,0.15578088374469012,0.25875055089936677
-1.54765625,1.282490234375,-0.004610135307700994,0.010440420963389223,True,0.20631339023379083,0.09298904511476494,0.15495292004922384,0.2576738604183578
-1.54609375,1.282490234375,-0.005462753579639513,0.010466897983226559,True,0.20536683492885502,0.08753608279139757,0.1541304674377964,0.25660320241991363
-1.5445312500000001,1.282490234375,-0.006015041199832962,0.01048921315085565,True,0.20442601038037003,0.08242589377900555,0.15331348462718963,0.25553853613355043
-1.54296875,1.282490234375,-0.006061766356728647,0.01050986429435134,True,0.20349087588469575,0.0774927146797756,0.15250193067866213,0.25447982109072936
-1.54140625,1.282490234375,-0.005605222718878994,0.01053191816573085,True,0.2025613910585976,0.07258005304546249,0.15169576499484813,0.25342701712234705
-1.53984375,1.282490234375,-0.00485366617665191,0.010557805311167756,True,0.20163751583646497,0.0675982398218136,0.1508949473166845,0.2523800843562454
-1.53828125,1.282490234375,-0.004219788327061652,0.0105881373256691,True,0.20071921046755806,0.06256038740702806,0.15009943772036943,0.2513389832147467
-1.5367187500000001,1.282490234375,-0.004279639245194317,0.01061822569137395,True,0.19980643551327967,0.0576560054765207,0.14930919661435008,0.25030367441220924
-1.53515625,1.282490234375,-0.005016499553634943,0.01064359731474911,True,0.1988991518444706,0.0530364231797175,0.14852418473633794,0.24927411895260326
-1.53359375,1.282490234375,-0.005862814995748484,0.010664406912858327,True,0.19799732063873338,0.04867329763343357,0.1477443631503557,0.24825027812711106
-1.53203125,1.282490234375,-0.006421513000251457,0.010681316350316794,True,0.1971009033777779,0.04450896206119402,0.14696969324381018,0.2472321135117456
-1.53046875,1.282490234375,-0.006495828466751912,0.010696687602035855,True,0.19620986184479344,0.04045484479901664,0.14620013672459506,0.24621958696499183
-1.5289062500000001,1.282490234375,-0.006087846827327654,0.010713421481253862,True,0.195324158121844,0.03643548188127071,0.1454356556182205,0.2452126606254675
-1.52734375,1.282490234375,-0.0053970816942837474,0.010733817542712893,True,0.1944437545872885,0.03241567651529317,0.14467621226497132,0.24421129690960566
-1.52578125,1.282490234375,-0.004819086677395211,0.010758454758590292,True,0.1935686139132253,0.028411611532541545,0.14392176931709277,0.24321545850935783
-1.52421875,1.282490234375,-0.004904997615491466,0.01078280376890506,True,0.19269870837987135,0.024800209527801438,0.1431722820089756,0.2422251347507671
-1.52265625,1.282490234375,-0.005637146802408781,0.010802634745769046,True,0.1918340566275995,0.021625705172411205,0.14242766724143835,0.24124044601376066
-1.5210937500000001,1.282490234375,-0.006473996990615377,0.010818193312751374,True,0.19097463021100303,0.01857339284879998,0.14168788084915585,0.2402613795728502
-1.51953125,1.282490234375,-0.007036438023955266,0.010830102234153784,True,0.19012039161454247,0.015613348420785735,0.14095288669908418,0.23928789653000077
-1.51796875,1.282490234375,-0.0071365167151679005,0.010840586693089654,True,0.18927130362419486,0.012709635046574474,0.14022264896127956,0.23831995828711017
-1.51640625,1.282490234375,-0.006776118093870175,0.010852380267038038,True,0.18842732932476963,0.009839051573933288,0.13949713210612502,0.23735752654341424
-1.51484375,1.282490234375,-0.0061456787041191665,0.010867650470227155,True,0.18758843209724965,0.006998924962724457,0.13877630090158447,0.23640056329291484
-1.5132812500000001,1.282490234375,-0.005622931575883949,0.010886943486939379,True,0.18675457561615902,0.004204362967278432,0.1380601204104841,0.23544903082183394
-1.51171875,1.282490234375,-0.00573858592393803,0.010915083053773604,True,0.18592572384695563,0.0028181827196279126,0.13734855598782114,0.23450289170609012
-1.51015625,1.282490234375,-0.006475939925714653,0.010947939179610091,True,0.18510184104344907,0.0027965025529016483,0.13664157327809873,0.2335621088087994
-1.50859375,1.282490234375,-0.007313445865818255,0.010976603841114221,True,0.18428289174524257,0.002781322269399037,0.13593913821268686,0.23262664527779828
-1.50703125,1.282490234375,-0.007888842521602994,0.011001665788409552,True,0.18346884077520023,0.0027715553796463753,0.13524121700720984,0.23169646454319062
-1.5054687500000001,1.282490234375,-0.008022446457756561,0.01102522517402376,True,0.18265965323693817,0.002763849188705262,0.13454777615895935,0.23077153031491698
-1.50390625,1.282490234375,-0.007715959996723311,0.011049862139512064,True,0.1818552945123404,0.002754181739180206,0.13385878244433327,0.2298518065803475
-1.50234375,1.282490234375,-0.007151308927150225,0.011077623483157217,True,0.1810557302590971,0.0027394403879897624,0.1331742029162991,0.2289372576018951
-1.50078125,1.282490234375,-0.006689509610195404,0.011109027065310324,True,0.1802609264082678,0.0027189792829777296,0.13249400490188296,0.22802784791465264
-1.49921875,1.282490234375,-0.0068313783210745185,0.011131983216094354,True,0.17947084717069714,0.0027007456823611125,0.13181814319143847,0.2271235511499558
-1.4976562500000001,1.282490234375,-0.007570642583594787,0.01114275975255533,True,0.17868544689922425,0.0026903454719528013,0.13114650895508267,0.22622438484336582
-1.49609375,1.282490234375,-0.008402775370956675,0.011149601720247818,True,0.17790468990770492,0.0026857146872695014,0.1304790579065101,0.22533032190889973
-1.49453125,1.282490234375,-0.008968333601974549,0.011153082890277338,True,0.17712854275447965,0.0026859633956199964,0.12981575884769603,0.22444132666126326
-1.49296875,1.282490234375,-0.009088960352327207,0.011155257252369235,True,0.17635697226789665,0.002688047966659035,0.12915658084132714,0.22355736369446616
-1.49140625,1.282490234375,-0.008766268677944786,0.011158649367333703,True,0.1755899455438804,0.002688211435493087,0.12850149320840018,0.22267839787936064
-1.4898437500000001,1.282490234375,-0.008180754098746728,0.011165262069452652,True,0.17482742994351913,0.0026834621483746795,0.12785046552584164,0.22180439436119662
-1.48828125,1.282490234375,-0.007690735419374809,0.011175601194934609,True,0.174069393090681,0.002673088499365134,0.1272034676241547,0.22093531855720733
-1.48671875,1.282490234375,-0.007788892896531074,0.011178517650394605,True,0.17331580286965126,0.0026644251532113986,0.12656046958508788,0.22007113615421464
-1.48515625,1.282490234375,-0.008451730875243868,0.011170452554739703,True,0.17256662742279166,0.00266277625761577,0.1259214417393268,0.21921181310625654
-1.48359375,1.282490234375,-0.009201593276610935,0.011158889694960747,True,0.17182183514822472,0.0026663123822379207,0.1252863546642099,0.21835731563223953
-1.4820312500000001,1.282490234375,-0.009701904284142656,0.011144357023665723,True,0.17108139469753977,0.0026742994834288544,0.12465517918146685,0.2175076102136127
-1.48046875,1.282490234375,-0.009785577892971832,0.011128750325514308,True,0.1703452749735202,0.0026839863588889686,0.1240278863549783,0.2166626635920621
-1.47890625,1.282490234375,-0.009454034256486889,0.011114400659984073,True,0.16961344512789478,0.0026918990936499595,0.12340444748855947,0.2158224427672301
-1.47734375,1.282490234375,-0.008876242101495126,0.011103157516480775,True,0.1688858745591095,0.0026952084400031114,0.12278483412376494,0.21498691499445405
-1.47578125,1.282490234375,-0.008387786925184708,0.011095487392153627,True,0.16816253291012254,0.002693170529839623,0.12216901803771613,0.21415604778252895
-1.4742187500000001,1.282490234375,-0.008450847160221674,0.011082320390509786,True,0.16744337793509262,0.0026920767346944904,0.12155695238252864,0.2133298034876566
-1.47265625,1.282490234375,-0.009042180890629331,0.01106035526473592,True,0.16672830708181016,0.002696985572022457,0.12094849656190362,0.2125081176017167
-1.47109375,1.282490234375,-0.009714761877579624,0.01103527249291044,True,0.16601727886090867,0.0027067963004403545,0.12034360498311371,0.21169095273870364
-1.46953125,1.282490234375,-0.010154458509888678,0.011007556474081566,True,0.16531026416120614,0.002720869067524107,0.11974225116680048,0.2108782771556118
-1.46796875,1.282490234375,-0.010205257031854289,0.010978951282635927,True,0.16460723410431874,0.0027366169516954675,0.11914440885167246,0.21007005935696502
-1.4664062500000001,1.282490234375,-0.009868400049943995,0.010951602222363434,True,0.16390816004255893,0.0027507165442715734,0.11855005199249884,0.209266268092619
-1.46484375,1.282490234375,-0.009301548675837478,0.01092721156948246,True,0.1632130135568552,0.0027604149082805893,0.11795915475812374,0.20846687235558664
-1.46328125,1.282490234375,-0.008817968047010821,0.01090620825683626,True,0.1625217664546922,0.0027649361403946624,0.11737169152950071,0.2076718413798837
-1.46171875,1.282490234375,-0.00885023601371413,0.010881610377465574,True,0.16183439076807224,0.002769678584380386,0.11678763689774727,0.2068811446383972
-1.46015625,1.282490234375,-0.009376500847897089,0.010850366115008838,True,0.16115085875149493,0.0027795901765423647,0.1162069656622181,0.20609475184077175
-1.4585937500000001,1.282490234375,-0.009978581724350993,0.010816331091184291,True,0.1604711428799564,0.0027943116273458015,0.11562965282859669,0.2053126329313161
-1.45703125,1.282490234375,-0.010363354441489992,0.010779949870523022,True,0.15979521584697204,0.0028132574924120057,0.1150556736070095,0.20453475808693458
-1.45546875,1.282490234375,-0.010385174659255871,0.010742826641304746,True,0.15912305056261353,0.0028339160624746757,0.11448500341015488,0.20376109771507217
-1.45390625,1.282490234375,-0.010045125976035404,0.010706935267356391,True,0.15845462015156786,0.002853019815360412,0.11391761785145277,0.20299162245168295
-1.45234375,1.282490234375,-0.009490289429730724,0.01067384216660471,True,0.15778989795121576,0.002867829059377472,0.11335349274321314,0.20222630315921836
-1.4507812500000001,1.282490234375,-0.009013034194316679,0.010643941796121,True,0.15712885750972677,0.002877534529941214,0.1127926040948213,0.20146511092463226
-1.44921875,1.282490234375,-0.009018456323736402,0.010612332791746226,True,0.15647145192505368,0.002886681611684537,0.11223490332572239,0.20070800052438498
-1.44765625,1.282490234375,-0.009486461107294104,0.010576181709301538,True,0.15581753152856767,0.002900205995082134,0.11168021857285951,0.19995484448427583
-1.44609375,1.282490234375,-0.010025278876356843,0.010537502056663452,True,0.15516705064901065,0.002918566611400937,0.11112850278493706,0.19920559851308423
-1.44453125,1.282490234375,-0.010361035167600138,0.0104967026324784,True,0.15451998450535254,0.002941203681596908,0.11057973392424755,0.19846023508645752
-1.4429687500000001,1.282490234375,-0.01035759156397592,0.01045526094119427,True,0.15387630850997477,0.0029656174347532007,0.11003389012957057,0.19771872689037898
-1.44140625,1.282490234375,-0.010015890917104784,0.010414995435141784,True,0.153235998266943,0.002988530115187529,0.10949094971457031,0.19698104681931572
-1.43984375,1.282490234375,-0.009473322014824424,0.010377349378680794,True,0.15259902957029392,0.0030071726531530184,0.10895089116620743,0.1962471679743804
-1.43828125,1.282490234375,-0.00900310348622383,0.010342686154408438,True,0.1519653784023419,0.0030207036321621156,0.10841369314316829,0.1955170636615155
-1.43671875,1.282490234375,-0.008985389318004678,0.010308157016699014,True,0.15133502093199955,0.0030327716393709313,0.1078793344743085,0.1947907073896906
-1.4351562500000001,1.282490234375,-0.00940216891179851,0.010271135617537376,True,0.15070793351311618,0.0030483671204852526,0.10734779415711256,0.1940680728691198
-1.43359375,1.282490234375,-0.009885273401699828,0.010231801530884557,True,0.15008409268283193,0.0030688902021343617,0.10681905135616862,0.19334913400949524
-1.43203125,1.282490234375,-0.010178047030969266,0.010190531976475063,True,0.14946347515994898,0.003093783116394058,0.10629308540165927,0.1926338649182387
-1.43046875,1.282490234375,-0.010152856558826851,0.010148691778213018,True,0.1488460578433162,0.0031205126518675393,0.10576987578786509,0.1919222398987673
-1.42890625,1.282490234375,-0.009810521645241316,0.010107961032904064,True,0.1482318178102331,0.0031457472568554674,0.1052494021716861,0.19121423344878008
-1.4273437500000001,1.282490234375,-0.009279762933272801,0.010069673367857461,True,0.14762073231486583,0.0031666644305401725,0.10473164437117502,0.19050982025855664
-1.42578125,1.282490234375,-0.008816667644633723,0.010034164627514235,True,0.14701277878668037,0.003182396872289574,0.10421658236408632,0.18980897520927442
-1.42421875,1.282490234375,-0.008779373926528526,0.010000617834567932,True,0.14640790763674935,0.003195592190931405,0.10370416657830564,0.18911164869519306
-1.42265625,1.282490234375,-0.0091522202573562,0.00996657451291709,True,0.1458059339548529,0.0032113351997920766,0.10319419960618181,0.18841766830352397
-1.42109375,1.282490234375,-0.009587472943989725,0.009930370953046561,True,0.1452068096820974,0.003232117186898326,0.10268663358104456,0.18772698578315022
-1.4195312500000001,1.282490234375,-0.009843432015778954,0.00989235724183898,True,0.14461051416002296,0.003257361040403116,0.10218145054430361,0.18703957777574232
-1.41796875,1.282490234375,-0.009799851844883701,0.009853800362872894,True,0.14401702688490892,0.0032844706130946894,0.10167863267484062,0.1863554210949772
-1.41640625,1.282490234375,-0.009457445423788121,0.009816260145707856,True,0.14342632750642298,0.003310039474494476,0.10117816228779317,0.1856744927250528
-1.41484375,1.282490234375,-0.008937404829297982,0.009780974926203143,True,0.14283839582628194,0.003331188000454064,0.10068002183334959,0.18499676981921429
-1.41328125,1.282490234375,-0.008480937704032736,0.009748256794618063,True,0.14225321179692715,0.00334703674593622,0.10018419389555694,0.18432222969829737
-1.4117187500000001,1.282490234375,-0.00842740196748228,0.00971928965489272,True,0.14167075552021083,0.003359095589779699,0.09969066119113948,0.18365084984928218
-1.41015625,1.282490234375,-0.008763729036236952,0.009691772284201252,True,0.14109100724609747,0.0033725563404937626,0.09919940656833004,0.1829826079238649
-1.40859375,1.282490234375,-0.009159183231880972,0.009662207048495804,True,0.14051394737137507,0.003391149708551282,0.09871041300571144,0.1823174817370387
-1.40703125,1.282490234375,-0.009384560145191194,0.009630921254864425,True,0.1399395564383814,0.003414259865437253,0.09822366361107067,0.18165544926569216
-1.40546875,1.282490234375,-0.009325784422606934,0.009599099071624147,True,0.1393678151337404,0.0034392161413150345,0.09773914162026287,0.18099648864721796
-1.4039062500000001,1.282490234375,-0.008983477543371525,0.009568198429535055,True,0.13879870428711152,0.0034625421685804372,0.0972568303960873,0.18034057817813576
-1.40234375,1.282490234375,-0.00847254050018288,0.009539376925544183,True,0.1382322048699517,0.003481321461909525,0.0967767134271742,0.17968769631272918
-1.40078125,1.282490234375,-0.008021751231432317,0.00951292661947608,True,0.13766829799428867,0.003494685402814886,0.09629877432688252,0.17903782166169482
-1.39921875,1.282490234375,-0.007954841229410944,0.009490942354441506,True,0.13710693348301461,0.0035029291543466727,0.0958229638552046,0.17839090311082462
-1.39765625,1.282490234375,-0.008264719369165221,0.009471249724927851,True,0.1365479047020098,0.003511341975710092,0.09534906860866818,0.17774674079535144
-1.3960937500000001,1.282490234375,-0.008635371510815337,0.009449578302928596,True,0.13599116313964138,0.0035249505702050904,0.0948770411130779,0.17710528516620486
-1.39453125,1.282490234375,-0.008847451535952901,0.009426236946881893,True,0.1354366918939245,0.003543088535259164,0.0944068670414283,0.17646651674642067
-1.39296875,1.282490234375,-0.008791741983666041,0.00940234226394231,True,0.13488447418188337,0.0035630216284537656,0.09393853216911219,0.17583041619465456
-1.39140625,1.282490234375,-0.008468775976485403,0.009379268976549308,True,0.1343344933385545,0.003581234933638091,0.09347202237305732,0.17519696430405166
-1.38984375,1.282490234375,-0.007988472993841832,0.0093581087301693,True,0.13378673281599926,0.0035948148817140885,0.09300732363087143,0.17456614200112708
-1.3882812500000001,1.282490234375,-0.007569788351668855,0.00933913726505074,True,0.13324117618232667,0.003602929477076083,0.09254442201999571,0.17393793034465763
-1.38671875,1.282490234375,-0.007521565037810183,0.009323642363141794,True,0.13269780712072352,0.0036057578724156543,0.0920833037168653,0.17331231052458174
-1.38515625,1.282490234375,-0.007834387268180653,0.009309591379111531,True,0.1321566094284968,0.003608612681303068,0.09162395499608009,0.17268926386091352
-1.38359375,1.282490234375,-0.008205556940941074,0.00929365088378352,True,0.1316175670161214,0.0036166487158721633,0.09116636222958069,0.1720687718026621
-1.38203125,1.282490234375,-0.008424750320998198,0.009276112630746392,True,0.13108066390629997,0.003629163637419628,0.09071051188583451,0.17145081592676542
-1.3804687500000001,1.282490234375,-0.008387201314959054,0.009258030944013928,True,0.13054588423302976,0.0036434154619686245,0.09025639052902848,0.17083537793703105
-1.37890625,1.282490234375,-0.00809337232972323,0.009240703821162276,True,0.13001321224067905,0.003655921252742757,0.08980398481826975,0.17022243966308837
-1.37734375,1.282490234375,-0.007648638019742582,0.009225162006542647,True,0.12948263228307175,0.003663827383343538,0.08935328150679409,0.1696119830593494
-1.37578125,1.282490234375,-0.0072629817942710395,0.009211665966827319,True,0.12895412882258142,0.0036663527966411297,0.08890426744118193,0.1690039902039809
-1.37421875,1.282490234375,-0.007231298048730704,0.009200281110195978,True,0.12842765326059893,0.00366428138258629,0.0884568953955718,0.16839841112562606
-1.3726562500000001,1.282490234375,-0.007543026960172646,0.009189096336305365,True,0.12790299182972695,0.0036628144225785515,0.0880109480118527,0.16779503564760118
-1.37109375,1.282490234375,-0.00791041406816356,0.009176122304879845,True,0.12738009758594188,0.003666393946002033,0.0875663797737926,0.16719381539809114
-1.36953125,1.282490234375,-0.008133134489336032,0.009161632591450837,True,0.12685895690577514,0.0036743121825643693,0.08712317947022408,0.1665947343413262
-1.36796875,1.282490234375,-0.008111364381588961,0.009146615499431885,True,0.12633955625356974,0.0036838966786266135,0.08668133596232513,0.16599777654481435
-1.36640625,1.282490234375,-0.00784549857362269,0.009132287670624106,True,0.12582188218079818,0.003691782041821869,0.08624083818306222,0.16540292617853414
-1.3648437500000001,1.282490234375,-0.007435880110816886,0.009119615191610149,True,0.1253059213253833,0.003695234222441116,0.08580167513663636,0.16481016751413022
-1.36328125,1.282490234375,-0.0070825415986384725,0.009108842158207987,True,0.12479166041102757,0.0036935277800522314,0.0853638358979357,0.16421948492411945
-1.36171875,1.282490234375,-0.007065100915531986,0.00909883675308877,True,0.12427908624654764,0.0036880273515848324,0.08492730961199271,0.16363086288110257
-1.36015625,1.282490234375,-0.007372063962251488,0.009087834047436617,True,0.12376818572521535,0.0036837044570852016,0.0844920854934466,0.16304428595698411
-1.35859375,1.282490234375,-0.007731795587520701,0.009075175616048084,True,0.12325894582410511,0.003684199678070851,0.084058152826011,0.16245973882219922
-1.3570312500000001,1.282490234375,-0.007954769552442058,0.009061116019751687,True,0.12275135360344601,0.0036888256794844697,0.08362550096194563,0.1618772062449464
-1.35546875,1.282490234375,-0.007946507493431794,0.00904657475034151,True,0.12224539620598128,0.0036950350944526637,0.08319411932153398,0.16129667309042858
-1.35390625,1.282490234375,-0.007707340568901332,0.00903268363599409,True,0.12174106085633295,0.0036996368607014603,0.08276399739256526,0.16071812432010063
-1.35234375,1.282490234375,-0.0073321820473020724,0.009020341289464688,True,0.12123833486037246,0.0037000518864488924,0.08233512472982132,0.1601415449909236
-1.35078125,1.282490234375,-0.007010310729641167,0.00900977456859801,True,0.12073720560459754,0.0036956081415417817,0.08190749095456873,0.15956692025462635
-1.3492187500000001,1.282490234375,-0.007004886662916308,0.00899867759519135,True,0.12023762822151257,0.0036882151722950497,0.0814810527024234,0.15899420374060175
-1.34765625,1.282490234375,-0.00730328277130649,0.008985417728983194,True,0.11973939678905954,0.003682540682659457,0.08105560197447093,0.15842319160364815
-1.34609375,1.282490234375,-0.007651293141967674,0.008970643202925508,True,0.1192424679596317,0.0036813873416195356,0.08063109695467713,0.15785383896458627
-1.34453125,1.282490234375,-0.00787116303273937,0.008954588657514084,True,0.11874683084208629,0.003684108294257722,0.0802075289893146,0.15728613269485797
-1.34296875,1.282490234375,-0.007874249459137768,0.008938101529157635,True,0.11825247460742558,0.003688318539680433,0.07978488947266257,0.15672005974218858
-1.3414062500000001,1.282490234375,-0.007660824037492729,0.008922224813971175,True,0.11775938848837074,0.0036910362254595603,0.07936316984669647,0.156155607130045
-1.33984375,1.282490234375,-0.007319885787544349,0.008907786411061786,True,0.11726756177894099,0.003689855883375676,0.07894236160078144,0.15559276195710053
-1.33828125,1.282490234375,-0.007028983797753124,0.008894995040318533,True,0.11677698383403426,0.0036841537015381803,0.07852245627136688,0.15503151139670163
-1.33671875,1.282490234375,-0.00703341175911237,0.008880407760742809,True,0.11628764406901435,0.0036763492428580815,0.07810344544168579,0.1544718426963429
-1.33515625,1.282490234375,-0.007319263940575973,0.008862549258401374,True,0.11579953195929915,0.0036707680573995444,0.07768532074145493,0.15391374317714338
-1.3335937500000001,1.282490234375,-0.007651286522266068,0.008843349991520647,True,0.11531263703995451,0.0036693697174860897,0.07726807384657898,0.15335720023333005
-1.33203125,1.282490234375,-0.007864615675510807,0.008823023570843207,True,0.1148269489052898,0.0036715617035781587,0.07685169647885615,0.15280220133172345
-1.33046875,1.282490234375,-0.007877007146169014,0.008802341568392602,True,0.11434245720845973,0.0036751426429302903,0.07643618040568825,0.1522487340112312
-1.32890625,1.282490234375,-0.007688677295686877,0.008782253453254006,True,0.11385915166106661,0.003677356809867424,0.07602151743979108,0.15169678588234214
-1.32734375,1.282490234375,-0.007382153106021201,0.008763512641619975,True,0.11337702203276896,0.0036759782576445982,0.07560769943890955,0.15114634462662838
-1.3257812500000001,1.282490234375,-0.007122131062925191,0.008746308660944817,True,0.11289605815089156,0.0036704248852269597,0.07519471830553387,0.15059739799624924
-1.32421875,1.282490234375,-0.007134430194563399,0.008726098462849894,True,0.1124162209189787,0.00366360616331694,0.07478253637749271,0.15004990546046468
-1.32265625,1.282490234375,-0.007403725529429701,0.0087015528784321,True,0.11193732685438627,0.003659495087020975,0.07437096846885664,0.14950368523991592
-1.32109375,1.282490234375,-0.007715408321303663,0.008675848607857032,True,0.11145933814826073,0.003659213218758941,0.07395997821905012,0.14895869807747134
-1.31953125,1.282490234375,-0.007918746465084277,0.00864917719887105,True,0.1109822460671467,0.0036622309140370846,0.07354955895977797,0.14841493317451543
-1.3179687500000001,1.282490234375,-0.00793851887194085,0.008622230530941369,True,0.11050604192005463,0.0036665396176705813,0.07313970405240666,0.1478723797877026
-1.31640625,1.282490234375,-0.007774891455367486,0.008595859821095196,True,0.1100307170582331,0.0036696138199487868,0.07273040688784133,0.14733102722862487
-1.31484375,1.282490234375,-0.007503301070812502,0.008570740247096456,True,0.10955626287494302,0.0036694044213694543,0.07232166088640408,0.14679086486348197
-1.31328125,1.282490234375,-0.007274347333889304,0.008547041206507549,True,0.10908267080523466,0.0036653642019504854,0.07191345949771366,0.14625188211275567
-1.31171875,1.282490234375,-0.007292609183355029,0.008519167174119368,True,0.10860993232572536,0.0036608992467801224,0.07150579620056546,0.14571406845088525
-1.3101562500000001,1.282490234375,-0.007541253226783869,0.008485959158102945,True,0.10813803895438015,0.0036596393015863094,0.07109866450281319,0.14517741340594711
-1.30859375,1.282490234375,-0.007828150180729897,0.008451805316368136,True,0.1076669822502937,0.003661863255640884,0.07069205794125104,0.14464190655933634
-1.30703125,1.282490234375,-0.008018035175951484,0.008416873923146904,True,0.1071967538134747,0.0036671091434706555,0.07028597008149767,0.14410753754545172
-1.30546875,1.282490234375,-0.00804338239248255,0.008381773105975175,True,0.10672734528463151,0.0036735628734313928,0.06988039451788018,0.14357429605138283
-1.30390625,1.282490234375,-0.007904312423634353,0.00834725086664324,True,0.10625874834496044,0.0036789257149126304,0.06947532487332006,0.1430421718166008
-1.3023437500000001,1.282490234375,-0.007668506566593292,0.008313900195145668,True,0.10579095471593482,0.0036813181215681616,0.06907075479921934,0.1425111546326503
-1.30078125,1.282490234375,-0.007471127975337937,0.008281869296884455,True,0.10532395615909726,0.003680221230555966,0.0686666779753485,0.141981234342846
-1.29921875,1.282490234375,-0.007497431631230076,0.00825095125794564,True,0.10485772116762157,0.004246642812283772,0.0682630641186608,0.14145237821658235
-1.29765625,1.282490234375,-0.007726262883173088,0.008220069308326526,True,0.10439210209023513,0.005381967381735162,0.06785976338803618,0.14092444079243407
-1.29609375,1.282490234375,-0.007985190553821827,0.008188357955971264,True,0.10392706840624837,0.006520297140072256,0.0674567464943786,0.14039739031811813
-1.2945312500000001,1.282490234375,-0.008155829332298829,0.008155961824074645,True,0.1034626129719577,0.007663671368495293,0.06705400819810996,0.13987121774580547
-1.29296875,1.282490234375,-0.008179063910007325,0.008123402233668559,True,0.10299872867243189,0.008810718928197464,0.06665154327685713,0.13934591406800664
-1.29140625,1.282490234375,-0.008054983805266007,0.008091320085434577,True,0.10253540842142263,0.009956896037382585,0.06624934652545722,0.13882147031738803
-1.28984375,1.282490234375,-0.007842824072193316,0.008060223256382153,True,0.10207264516127372,0.011096257787331872,0.0658474127559606,0.13829787756658685
-1.28828125,1.282490234375,-0.0076609118402764876,0.008030238541796488,True,0.10161043186283386,0.01222482596199399,0.06544573679763634,0.1377751269280314
-1.2867187500000001,1.282490234375,-0.007675523199243483,0.008002725270391583,True,0.10114876152536824,0.013800910376477831,0.0650443134969761,0.13725320955376036
-1.28515625,1.282490234375,-0.007878040770283591,0.007976708580077103,True,0.10068762717647096,0.01583455237236411,0.06464313771769797,0.13673211663524396
-1.28359375,1.282490234375,-0.008108520159309516,0.007949875307140739,True,0.10022702187198049,0.01787966460171372,0.06424220434075195,0.13621183940320902
-1.28203125,1.282490234375,-0.008256449100571394,0.007922358070243954,True,0.09976693869589218,0.01993908973385351,0.06384150826432283,0.13569236912746152
-1.28046875,1.282490234375,-0.008266626307643837,0.007894633077612612,True,0.09930737076027558,0.02200791031947548,0.06344104440383588,0.13517369711671529
-1.2789062500000001,1.282490234375,-0.008139115088158563,0.007867285377310056,True,0.09884831120518926,0.02407508760322281,0.06304080769196013,0.1346558147184184
-1.27734375,1.282490234375,-0.007929202290582355,0.007840778395151547,True,0.09838975319859827,0.026127771287088132,0.06264079307861325,0.1341387133185833
-1.27578125,1.282490234375,-0.00774736253516363,0.00781522779159329,True,0.09793168993629271,0.02815839764035609,0.06224099553096645,0.13362238434161897
-1.27421875,1.282490234375,-0.007748683587689525,0.007789084342666208,True,0.09747409898830604,0.030142143471396803,0.0618413935190738,0.13310680445753828
-1.27265625,1.282490234375,-0.007930097793965894,0.007761470740697381,True,0.09701687991680544,0.03210501346462287,0.061441883201518596,0.13259187663209226
-1.2710937500000001,1.282490234375,-0.008138725484435026,0.007733058927382517,True,0.09656001093630086,0.03409627392621363,0.06104244370048858,0.13207757817211313
-1.26953125,1.282490234375,-0.00826687831568276,0.007703975496868265,True,0.09610348596141202,0.03611700126888791,0.06064307068983243,0.1315639012329916
-1.26796875,1.282490234375,-0.008260749020764091,0.007674673703872879,True,0.09564729892744364,0.038155520677889666,0.06024375985359709,0.1310508380012902
-1.26640625,1.282490234375,-0.008120379915364784,0.007645710033487438,True,0.09519144379037418,0.040192291866890474,0.05984450688610251,0.13053838069464585
-1.26484375,1.282490234375,-0.007899636448475215,0.007617525029026554,True,0.09473591452684707,0.04220754713919988,0.05944530749201767,0.13002652156167646
-1.2632812500000001,1.282490234375,-0.0077061857535799284,0.007590228417326997,True,0.09428070513416115,0.04419183759212727,0.059046157386435136,0.12951525288188714
-1.26171875,1.282490234375,-0.007691332515277918,0.007562783993980915,True,0.09382580963026164,0.04601689658238089,0.05864705229494539,0.12900456696557788
-1.26015625,1.282490234375,-0.007850528990964658,0.007534364332131879,True,0.09337122205373172,0.04772022150396513,0.05824798795371103,0.1284944561537524
-1.25859375,1.282490234375,-0.008035832350125754,0.007505177783368422,True,0.09291693646378293,0.049466478193120014,0.0578489601095394,0.12798491281802646
-1.25703125,1.282490234375,-0.008143700175030025,0.007475343390972442,True,0.09246294694024784,0.05125467890206933,0.057449964519956195,0.12747592936053947
-1.2554687500000001,1.282490234375,-0.008122381335825983,0.007445286126213749,True,0.09200924758357122,0.053066685697458406,0.057050996953277415,0.12696749821386502
-1.25390625,1.282490234375,-0.00797189852695414,0.007415527374417915,True,0.09155583251480237,0.05487527700776131,0.05665205318868136,0.12645961184092339
-1.25234375,1.282490234375,-0.00774403551407587,0.007386479606269817,True,0.09110269587558792,0.05665480469423128,0.05625312901628073,0.1259522627348951
-1.25078125,1.282490234375,-0.007542329050914211,0.007358245275033452,True,0.09064983182816401,0.05839461110369643,0.055854220237193164,0.12544544341913486
-1.24921875,1.282490234375,-0.007513356420008388,0.007330377269309237,True,0.09019722807380388,0.05986578738328063,0.05545531501473397,0.1249391411328738
-1.2476562500000001,1.282490234375,-0.007654481246237893,0.00730208862397537,True,0.08974484002485199,0.06111551944124209,0.05505636338953894,0.12443331666016504
-1.24609375,1.282490234375,-0.007821076500621756,0.0072730435370963655,True,0.08929265567314676,0.06241962032449605,0.05465735382803674,0.12392795751825678
-1.24453125,1.282490234375,-0.00791198652785076,0.007243355611679851,True,0.08884066952055826,0.06377479790793197,0.05425828246572287,0.12342305657539365
-1.24296875,1.282490234375,-0.00787663851216977,0.007213429049760737,True,0.08838887608648445,0.0651568102401082,0.05385914544602265,0.12291860672694625
-1.24140625,1.282490234375,-0.007715037587808603,0.007183759355905534,True,0.08793726990787286,0.0665315920654283,0.05345993892039111,0.12241460089535461
-1.2398437500000001,1.282490234375,-0.007477766419939472,0.007154738224750353,True,0.08748584553924044,0.06786860801984566,0.05306065904841082,0.12191103203007006
-1.23828125,1.282490234375,-0.007265989219230873,0.007126462657452193,True,0.0870345975526957,0.06915658994316565,0.052661301997890764,0.12140789310750064
-1.23671875,1.282490234375,-0.0072240802915139474,0.007099146251421624,True,0.08658352053795934,0.07007222974152824,0.05226186394496358,0.12090517713095511
-1.23515625,1.282490234375,-0.007351349638569729,0.00707203157187143,True,0.08613260910238534,0.07067077820723738,0.05186234107418226,0.12040287713058842
-1.23359375,1.282490234375,-0.007503934843672347,0.00704415427214896,True,0.08568185787098288,0.07133116824225232,0.051462729578617146,0.11990098616334863
-1.2320312500000001,1.282490234375,-0.007581279801115517,0.007015624491805528,True,0.08523126148643752,0.07204753060592306,0.05106302565995149,0.11939949731292354
-1.23046875,1.282490234375,-0.007533097341236786,0.006986832699335173,True,0.0847808146091328,0.07279019721218052,0.050663225528576945,0.11889840368968865
-1.22890625,1.282490234375,-0.007359376128857767,0.0069582571359332445,True,0.08433051191717258,0.07351962735339673,0.050263325403688906,0.11839769843065626
-1.22734375,1.282490234375,-0.007110391881160146,0.006930275521777182,True,0.0838803481064025,0.07420192514082456,0.04986332151338051,0.1178973746994245
-1.22578125,1.282490234375,-0.006886722869678959,0.006902981072199835,True,0.08343031789043284,0.07482606063525538,0.04946321009473733,0.11739742568612835
-1.2242187500000001,1.282490234375,-0.006833074345016945,0.006877249760579446,True,0.08298041964056582,0.07497296848704131,0.04906298944768678,0.11689784983344487
-1.22265625,1.282490234375,-0.006950757709649894,0.00685233990658875,True,0.08253066991173151,0.07470398072114337,0.04866266813141925,0.11639867169204376
-1.22109375,1.282490234375,-0.007094098463252911,0.006826643791880929,True,0.08208106702502548,0.07449980572760746,0.04826224441656917,0.11589988963348177
-1.21953125,1.282490234375,-0.00716130344674936,0.006800269985110947,True,0.0816316056763005,0.07435169178391823,0.047861714527368704,0.11540149682523229
-1.21796875,1.282490234375,-0.007101452984486786,0.006773601858287336,True,0.08118228057984096,0.07422580698338324,0.04746107469756798,0.11490348646211394
-1.2164062500000001,1.282490234375,-0.006914519429239196,0.006747108498799328,True,0.08073308646837295,0.07407946243703808,0.047060321170518254,0.11440585176622764
-1.21484375,1.282490234375,-0.006651389958914459,0.006721160044856138,True,0.0802840180930755,0.07387789074111678,0.04665945019925551,0.11390858598689549
-1.21328125,1.282490234375,-0.006413893592263639,0.006695847493716066,True,0.07983507022359225,0.07361160886821397,0.04625845804658392,0.11341168240060058
-1.21171875,1.282490234375,-0.00635162779061125,0.006675895357984371,True,0.07938623764804235,0.07323800823453414,0.045857340985157896,0.11291513431092681
-1.21015625,1.282490234375,-0.006467836454263763,0.0066605241954030454,True,0.07893751517303363,0.0728231457899995,0.04545609529756569,0.11241893504850156
-1.2085937500000001,1.282490234375,-0.006610501901251582,0.006644271282790333,True,0.07848889762367356,0.07247555586177258,0.045054717276410625,0.1119230779709365
-1.20703125,1.282490234375,-0.006674801016055929,0.006627245447813995,True,0.07804037984358284,0.07218550509854417,0.04465320322439378,0.11142755646277189
-1.20546875,1.282490234375,-0.006608284611668059,0.0066098289344160305,True,0.07759195669490868,0.07191766715273581,0.044251549454396015,0.11093236393542133
-1.20390625,1.282490234375,-0.006410908093102588,0.006592488908390225,True,0.07714362305833747,0.07162815594463674,0.043849752289558966,0.11043749382711597
-1.20234375,1.282490234375,-0.006135066381660073,0.0065755936322731716,True,0.0766953738331091,0.07128178675736278,0.04344780806336693,0.10994293960285129
-1.2007812500000001,1.282490234375,-0.005885633067477405,0.006559233363295571,True,0.07624720393703159,0.07086957043729793,0.043045713119728185,0.109448694754335
-1.19921875,1.282490234375,-0.005824962906298008,0.0065593764964172446,True,0.07579912238008114,0.07229810040434265,0.04264347566939506,0.10895476909076723
-1.19765625,1.282490234375,-0.005964727590066346,0.006575115962399593,True,0.07535120840399809,0.07560258291445034,0.042241163080717965,0.10846125372727822
-1.19609375,1.282490234375,-0.006136491777319782,0.0065896946102929205,True,0.07490347066245202,0.0789430330561164,0.0418387832431597,0.10796815808174434
-1.19453125,1.282490234375,-0.006226950699731,0.006603227231918449,True,0.0744559037406855,0.08231766627460128,0.041436332188711525,0.10747547529265948
-1.1929687500000001,1.282490234375,-0.0061793930746017285,0.006616113442779009,True,0.07400850224634561,0.08568984675178364,0.0410338059633034,0.10698319852938783
-1.19140625,1.282490234375,-0.005993746385017577,0.006628840908199218,True,0.07356126080945437,0.08900474646511598,0.04063120062684418,0.10649132099206456
-1.18984375,1.282490234375,-0.005726626644325832,0.006641793741154631,True,0.07311417408237983,0.09221130389129222,0.04022851225326179,0.10599983591149786
-1.18828125,1.282490234375,-0.0054913926137149455,0.0066550661269402485,True,0.07266723673980648,0.09528932142686747,0.03982573693054269,0.10550873654907025
-1.18671875,1.282490234375,-0.005459036480681259,0.006674941598687586,True,0.07222044347870836,0.09873935288579976,0.039422870760772825,0.10501801619664389
-1.1851562500000001,1.282490234375,-0.0056511148814334545,0.006700580738040551,True,0.07177378901832165,0.10263720507217998,0.03901990986017789,0.10452766817646542
-1.18359375,1.282490234375,-0.005880522133626738,0.006724892681024355,True,0.07132726810011845,0.10658146456369759,0.03861685035916401,0.1040376858410729
-1.18203125,1.282490234375,-0.006014292599728949,0.006748007681317535,True,0.07088087548778181,0.110567255475984,0.038213688402359176,0.10354806257320445
-1.18046875,1.282490234375,-0.005985856966567256,0.006770377327293167,True,0.07043460596718022,0.11453757238851689,0.03781042014865375,0.10305879178570669
-1.17890625,1.282490234375,-0.0057951092228877305,0.006792552044905562,True,0.0699884543463446,0.11840999458420423,0.03740704177124254,0.10256986692144665
-1.1773437500000001,1.282490234375,-0.0055084787674785606,0.006814964810545917,True,0.06954241545544466,0.12211008894994314,0.037003549457666,0.10208128145322333
-1.17578125,1.282490234375,-0.00525900761250905,0.006837721142249183,True,0.06909648414676693,0.12561104708017337,0.0365999394098524,0.10159302888368146
-1.17421875,1.282490234375,-0.005233228700919238,0.006854066918151644,True,0.06865067944860374,0.12760777205438834,0.03619622927430385,0.10110512962290363
-1.17265625,1.282490234375,-0.005436821235153956,0.0068632897067904,True,0.06820514092317333,0.12828160897564564,0.03579254362824697,0.10061773821809969
-1.17109375,1.282490234375,-0.0056792522249146885,0.006871346715992365,True,0.06775988698772704,0.12908802424855256,0.03538889955098421,0.10013087442446988
-1.1695312500000001,1.282490234375,-0.005822350975440876,0.006878368221212189,True,0.06731491190535462,0.13000765824121538,0.034985292685789746,0.09964453112491949
-1.16796875,1.282490234375,-0.005796924594971578,0.0068848046078484985,True,0.06687020996757333,0.13096458946734454,0.03458171869620265,0.099158701238944
-1.16640625,1.282490234375,-0.005602841563062778,0.006891204186502752,True,0.06642577549423652,0.13186269854718696,0.034178173266003614,0.09867337772246942
-1.16484375,1.282490234375,-0.005309120500985388,0.006897997605709302,True,0.06598160283344398,0.13262362899988572,0.03377465209919268,0.09818855356769529
-1.16328125,1.282490234375,-0.00505402411265662,0.00690528892398623,True,0.06553768636145323,0.13322625772181182,0.03337115091996754,0.09770422180293892
-1.1617187500000001,1.282490234375,-0.005026739044613805,0.0069068985869764985,True,0.0650940204825923,0.1326376044214557,0.03296766547270265,0.09722037549248196
-1.16015625,1.282490234375,-0.00521431503046582,0.006902151427836326,True,0.0646505996291737,0.13101801695367404,0.03256419152192907,0.09673700773641833
-1.15859375,1.282490234375,-0.005437634051585112,0.006896476918808786,True,0.06420741826141056,0.12954358879688602,0.032160724852315636,0.09625411167050549
-1.15703125,1.282490234375,-0.005570203448737281,0.006889989444076322,True,0.06376447086733229,0.12819084012953566,0.031757261268649736,0.09577168046601485
-1.15546875,1.282490234375,-0.005548662572400851,0.006883083510298014,True,0.06332175196270368,0.12688882311551686,0.03135379659582024,0.09528970732958711
-1.1539062500000001,1.282490234375,-0.005372871722871573,0.006876238808405505,True,0.0628792560909434,0.12555383386455143,0.03095032667879994,0.09480818550308687
-1.15234375,1.282490234375,-0.005106005744854357,0.0068698314335707755,True,0.06243697782304509,0.12412222893185212,0.030546847382629617,0.09432710826346055
-1.15078125,1.282490234375,-0.004874652248693312,0.006863951323372838,True,0.06199491175749917,0.12258136917731953,0.030143354592402652,0.09384646892259568
-1.14921875,1.282490234375,-0.004850692310153372,0.006852589218782228,True,0.061553085753021416,0.12010521212011994,0.029739873191947055,0.09336629831409578
-1.14765625,1.282490234375,-0.005019233632735228,0.006835190241625465,True,0.06111169352230639,0.1168137292172701,0.029336572678161824,0.09288681436645095
-1.1460937500000001,1.282490234375,-0.00521995301821795,0.006817123955852706,True,0.06067076212090725,0.11364615785773625,0.02893347721097484,0.09240804703083966
-1.14453125,1.282490234375,-0.00533980852791468,0.006798488154955427,True,0.06023028536958311,0.11058014867836626,0.028530581965421277,0.09192998877374495
-1.14296875,1.282490234375,-0.005322163124976557,0.0067796191389417875,True,0.05979025712460679,0.10755884829601658,0.02812788214378365,0.09145263210542992
-1.14140625,1.282490234375,-0.005166874960464479,0.006760925267763635,True,0.05935067127760131,0.10451937006460739,0.027725372975498534,0.09097596957970408
-1.13984375,1.282490234375,-0.004930391730034451,0.006742726119259456,True,0.058911521755379934,0.10141741722676753,0.02732304971706584,0.09049999379369403
-1.1382812500000001,1.282490234375,-0.004725849081751212,0.006725097293333981,True,0.05847280251978613,0.09824806095816101,0.026920907651958037,0.09002469738761422
-1.13671875,1.282490234375,-0.004705620462792372,0.00670240310570521,True,0.058034507567536954,0.09435197293953905,0.026518942090531836,0.08955007304454207
-1.13515625,1.282490234375,-0.004853216016031576,0.006674181415797213,True,0.057596630930068005,0.08980476980245851,0.02611714836994085,0.08907611349019516
-1.13359375,1.282490234375,-0.005029013376429295,0.006645531224988012,True,0.05715916667337931,0.08534222250312375,0.025715521854049087,0.08860281149270953
-1.13203125,1.282490234375,-0.005134865867259162,0.006616533364236927,True,0.056722108897884635,0.08094566777140827,0.025314057933346748,0.08813015986242252
-1.1304687500000001,1.282490234375,-0.005121587394735047,0.006587465309926288,True,0.05628545173826091,0.07657605218772637,0.024912752024866112,0.0876581514516557
-1.12890625,1.282490234375,-0.004989039975824378,0.006558663535406737,True,0.05584918936330086,0.07219415508927131,0.02451159957209973,0.08718677915450199
-1.12734375,1.282490234375,-0.004786224733432137,0.006530390799277557,True,0.05541331597576683,0.067775985164459,0.02411059604491954,0.08671603590661413
-1.12578125,1.282490234375,-0.004611376342728924,0.006502708409139487,True,0.054977825812246174,0.0633232747523424,0.0237097369394969,0.08624591468499546
-1.12421875,1.282490234375,-0.004595535048404361,0.006470468993621748,True,0.054542753869265506,0.058318586325970714,0.023309056289689052,0.08577645144884197
-1.1226562500000001,1.282490234375,-0.00472101140385978,0.006433328345686133,True,0.05410833841721965,0.05279463829204457,0.022908780335286885,0.08530789649915241
-1.12109375,1.282490234375,-0.004870417627346537,0.0063960079325835785,True,0.05367461352558404,0.047307910653484934,0.02250894220240322,0.08484028484876485
-1.11953125,1.282490234375,-0.004961607593917724,0.006358571652686152,True,0.05324157253694589,0.04184432895071709,0.022109536498783822,0.08437360857510796
-1.11796875,1.282490234375,-0.0049534037821191415,0.006321239112418226,True,0.05280920883666615,0.03638274017129018,0.02171055786724181,0.08390785980609049
-1.11640625,1.282490234375,-0.0048456779869895964,0.0062842762779512906,True,0.052377515852643844,0.03090661156924771,0.021312000985487554,0.08344303071980014
-1.1148437500000001,1.282490234375,-0.004679434883179648,0.006247890312726578,True,0.051946487055081446,0.025410576691715266,0.020913860565959327,0.08297911354420356
-1.11328125,1.282490234375,-0.004536898427434604,0.006212128621751689,True,0.05151611595625357,0.019901656633579807,0.020516131355656612,0.08251610055685053
-1.11171875,1.282490234375,-0.004534716017577537,0.006185097316905579,True,0.05108639611027798,0.016316881693162692,0.02011880813597523,0.08205398408458073
-1.11015625,1.282490234375,-0.004654298233842583,0.006166349225587741,True,0.050657321112888364,0.014670243634531857,0.01972188572254383,0.0815927565032329
-1.10859375,1.282490234375,-0.004793204406192997,0.006147387899873308,True,0.05022888460121016,0.01304243525369094,0.019325358965062878,0.08113241023735744
-1.1070312500000001,1.282490234375,-0.004886036108109254,0.006128262116396816,True,0.049801080253538306,0.01143006774198272,0.018929222747145032,0.08067293775993158
-1.10546875,1.282490234375,-0.0049000031335644035,0.006109137476866835,True,0.04937390178911746,0.009828341680939037,0.01853347198615748,0.08021433159207743
-1.10390625,1.282490234375,-0.004834993547603744,0.006090214071422784,True,0.04894734296792431,0.008233664498181527,0.018138101633066273,0.07975658430278235
-1.10234375,1.282490234375,-0.004723645969543658,0.006071647502243536,True,0.04852139759045252,0.006645003275389659,0.017743106672282058,0.07929968850862298
-1.10078125,1.282490234375,-0.004631424080629661,0.00605347328564347,True,0.04809605949749965,0.005063994169208961,0.017348482121508118,0.07884363687349118
-1.09921875,1.282490234375,-0.004652091602424773,0.00603770593619116,True,0.04767136872729084,0.0042631286291354275,0.016954256801822158,0.07838848065275952
-1.09765625,1.282490234375,-0.00478441278631854,0.006024040927924983,True,0.047247595726915226,0.004235906812613648,0.016560628107653408,0.07793456334617704
-1.09609375,1.282490234375,-0.004934128375167659,0.006010162040890897,True,0.04682477955211382,0.0042109832197757095,0.016167624135451156,0.07748193496877648
-1.0945312500000002,1.282490234375,-0.0050355069566479435,0.005996115938505691,True,0.04640291310443268,0.004188013304829691,0.01577523921671887,0.07703058699214649
-1.09296875,1.282490234375,-0.005055586421342448,0.005982059472635969,True,0.04598198933487725,0.00416586051756434,0.015383467722712776,0.07658051094704173
-1.09140625,1.282490234375,-0.004994250057160257,0.0059681817229862225,True,0.04556200124360783,0.004143153415705849,0.014992304064222858,0.0761316984229928
-1.08984375,1.282490234375,-0.0048843048600107205,0.0059546294366304205,True,0.04514294187963748,0.00411882418283944,0.014601742691355665,0.07568414106791929
-1.08828125,1.282490234375,-0.004791562059400305,0.005941435875016358,True,0.04472480434053298,0.004092628888332738,0.014211778093319569,0.07523783058774638
-1.0867187500000002,1.282490234375,-0.004807065944797371,0.005927113443248528,True,0.04430758177211823,0.0040694751125127625,0.01382240479821202,0.07479275874602444
-1.08515625,1.282490234375,-0.0049262300807364975,0.005911398765083616,True,0.04389126736818097,0.004051235178886858,0.013433617372809108,0.07434891736355283
-1.08359375,1.282490234375,-0.005061681195382632,0.0058955090000830605,True,0.043475854370181685,0.004034952125328332,0.013045410422357125,0.07390629831800624
-1.08203125,1.282490234375,-0.0051517436881912855,0.005879485455963972,True,0.0430613360669657,0.004020336942089949,0.012657778590366396,0.073464893543565
-1.08046875,1.282490234375,-0.005165483001537598,0.005863466041445088,True,0.04264770579447717,0.004006394060295587,0.012270716558406641,0.0730246950305477
-1.0789062500000002,1.282490234375,-0.0051027822629597045,0.00584761663580915,True,0.04223495693547673,0.003991908165182971,0.011884219045905177,0.07258569482504829
-1.07734375,1.282490234375,-0.0049944209950328715,0.005832065652907426,True,0.04182308291926106,0.0039759219299848585,0.011498280809946637,0.07214788502857548
-1.07578125,1.282490234375,-0.004902155892021338,0.0058168418077682495,True,0.0414120772213856,0.003958204763151202,0.011112896645075043,0.07171125779769616
-1.07421875,1.282490234375,-0.004911144774434342,0.0058007825520962454,True,0.041001982554989734,0.00394303551604377,0.010728136037178641,0.07127582907280083
-1.07265625,1.282490234375,-0.0050153365465818315,0.005783675328929696,True,0.04059308721802952,0.00393208860004607,0.010344441128845666,0.07084173330721337
-1.0710937500000002,1.282490234375,-0.00513435852894344,0.005766453698724357,True,0.04018543294961386,0.003922815054539654,0.00996187982530003,0.07040898607392769
-1.06953125,1.282490234375,-0.005211929742085026,0.005749152976028578,True,0.039779012305846136,0.003914972662039613,0.009580445357907977,0.0699775792537843
-1.06796875,1.282490234375,-0.00521981569640425,0.005731890422757383,True,0.03937381789781751,0.003907694525511599,0.009200131010561323,0.06954750478507371
-1.06640625,1.282490234375,-0.005157903053914135,0.005714806765133168,True,0.03896984239124479,0.00389991199059367,0.008820930119333627,0.06911875466315595
-1.06484375,1.282490234375,-0.005054276155553223,0.00569801062384801,True,0.038567078506110596,0.003890774948394584,0.008442836072138877,0.06869132094008232
-1.0632812500000002,1.282490234375,-0.00496529540432673,0.005681525854482078,True,0.038165519016306965,0.0038800695398689545,0.008065842308393384,0.06826519572422055
-1.06171875,1.282490234375,-0.004968928325471686,0.005664486886419394,True,0.03776515674928209,0.0038715031868035415,0.007689942318680521,0.06784037117988366
-1.06015625,1.282490234375,-0.00505997649859168,0.0056466931482730565,True,0.03736598458569006,0.0038665787815486603,0.007315129644418397,0.06741683952696172
-1.05859375,1.282490234375,-0.005164591918799201,0.005628808814225091,True,0.036967995459043244,0.003863130943717001,0.006941397877530238,0.06699459304055624
-1.05703125,1.282490234375,-0.005231102801494385,0.005610864233011728,True,0.03657118235536796,0.00386095064585876,0.006568740660117506,0.06657362405061841
-1.0554687500000002,1.282490234375,-0.005233581969127305,0.005592959342711148,True,0.03617553831286291,0.003859264280409684,0.006197151684136114,0.0661539249415897
-1.05390625,1.282490234375,-0.005171919620841168,0.005575213764177451,True,0.03578105642156073,0.003857110224479466,0.0058266246910751475,0.06573548815204631
-1.05234375,1.282490234375,-0.005071897777091521,0.005557719551754752,True,0.0353877298229922,0.003853717128024044,0.005457153471638609,0.0653183061743458
-1.05078125,1.282490234375,-0.004985266390519149,0.005540496599556386,True,0.034995551709853454,0.0038488839459735196,0.00508873186542954,0.06490237155427736
-1.04921875,1.282490234375,-0.004983899260829754,0.005522956546158484,True,0.03460456498705853,0.003845802994169367,0.0047212977921534185,0.06448783218196363
-1.0476562500000002,1.282490234375,-0.005063462420331413,0.005504943524672668,True,0.034215060519449815,0.00384585061793711,0.004354509837920208,0.06407561120097942
-1.04609375,1.282490234375,-0.005155557828832819,0.005486879509764146,True,0.03382708030179469,0.0038472393892249124,0.0039883071887001804,0.0636658534148892
-1.04453125,1.282490234375,-0.005212351605975928,0.005468790856287245,True,0.03344061668247945,0.0038497835276328704,0.003622685084826896,0.063258548280132
-1.04296875,1.282490234375,-0.005209837929813081,0.0054507631476021475,True,0.03305566206884875,0.003852775953414268,0.003257638800880206,0.0628536853368173
-1.04140625,1.282490234375,-0.005147910159853331,0.005432898488823005,True,0.03267220892679942,0.0038553317586389854,0.0028931636455054796,0.06245125420809337
-1.0398437500000002,1.282490234375,-0.005050433520166491,0.005415275239060083,True,0.03229024978037749,0.003856736312579852,0.0025292549612344305,0.06205124459952055
-1.03828125,1.282490234375,-0.004965319371251905,0.00539791017168681,True,0.03190977721137828,0.0038567980452051953,0.0021659081243076486,0.06165364629844892
-1.03671875,1.282490234375,-0.0049594107812447955,0.005380458618093957,True,0.031530783858949904,0.003858227312171716,0.001803118544498869,0.06125844917340094
-1.03515625,1.282490234375,-0.005029180948249062,0.005362766885334474,True,0.031153262419199503,0.003862309099657341,0.001440881664940788,0.06086564317345822
-1.03359375,1.282490234375,-0.005110633966326235,0.00534503084273104,True,0.030777205644803032,0.0038676402723391576,0.0010791929619525277,0.06047521832765354
-1.0320312500000002,1.282490234375,-0.005159029183401696,0.0053272734231943515,True,0.030402606344617642,0.0038740509303930274,0.0007180479448689672,0.06008716474436632
-1.03046875,1.282490234375,-0.005151908863923001,0.005309568189141502,True,0.030029457383297684,0.0038808798572901957,0.00035744215587144024,0.05970147261072393
-1.02890625,1.282490234375,-0.005089168323267942,0.005292002611337623,True,0.029657751680913187,0.003887295220837563,-2.628830179641356e-06,0.05931813219200602
-1.02734375,1.282490234375,-0.0049931276066978334,0.005274643594719167,True,0.02928748221257173,0.003892621806927527,-0.0003621694059108213,0.058937133831054284
-1.02578125,1.282490234375,-0.004908604740371291,0.005257505241430257,True,0.02891864200804293,0.003896674852409662,-0.000721183931600148,0.058558467947686
-1.0242187500000002,1.282490234375,-0.0048984449762473105,0.005240466962286423,True,0.028551271727861448,0.003901696731837537,-0.0010792305281274069,0.0581817739838503
-1.02265625,1.282490234375,-0.004959912563782106,0.0052234105985146575,True,0.028185649611228197,0.003908909555105308,-0.00143363967999054,0.05780493890244694
-1.02109375,1.282490234375,-0.005032423220778218,0.005206333145511712,True,0.02782181551660376,0.0039173123056347415,-0.001783978167864568,0.05742760920107209
-1.01953125,1.282490234375,-0.005073621764411177,0.005189254012651605,True,0.02745976174764571,0.003926745464025969,-0.0021302592428265738,0.05704978273811799
-1.01796875,1.282490234375,-0.00506224336254726,0.005172236103335188,True,0.027099480669160663,0.003936577492081672,-0.002472496036953018,0.05667145737527435
-1.0164062500000002,1.282490234375,-0.004998183601178825,0.005155354065671101,True,0.02674096470667035,0.003946010989365364,-0.0028107015642822204,0.05629263097762292
-1.01484375,1.282490234375,-0.004902569950022792,0.005138664632877206,True,0.026384206345980828,0.003954396517695648,-0.003144888721770444,0.0559133014137321
-1.01328125,1.282490234375,-0.004817834531539527,0.005122179036336421,True,0.02602919813275532,0.0039615541716867845,-0.0034750702902413555,0.055533466555752
-1.01171875,1.282490234375,-0.004803794888600843,0.00510597140973629,True,0.025675932672089712,0.003969256896372004,-0.0038012589353292395,0.055153124279508664
-1.01015625,1.282490234375,-0.004858427805578974,0.0050899193316714525,True,0.02532440262809125,0.003978687260700501,-0.004123467208415846,0.05477227246459834
-1.0085937500000002,1.282490234375,-0.00492362391733027,0.0050738347861751425,True,0.024974600723460583,0.003989273246266943,-0.004441707547560816,0.054390908994481985
-1.00703125,1.282490234375,-0.004958754877210785,0.00505773496646039,True,0.024626519739076657,0.004000860718408572,-0.0047559922784260605,0.054009031756579375
-1.00546875,1.282490234375,-0.004943419648864738,0.0050416746416102574,True,0.024280152513584945,0.0040128341956664265,-0.005066333615193708,0.0536266386423636
-1.00390625,1.282490234375,-0.004877514684595701,0.005025718526357563,True,0.02393549194298825,0.004024415108707934,-0.005372743661478264,0.05324372754745477
-1.00234375,1.282490234375,-0.004781305125485244,0.005009915607878399,True,0.023592530980240577,0.00403496823923675,-0.005675234411232653,0.05286029637171381
-1.0007812500000002,1.282490234375,-0.0046954969309901395,0.004994275414160522,True,0.023251262634844318,0.00404431641205652,-0.005973817749648211,0.052476343019336846
-0.99921875,1.282490234375,-0.004677862955189486,0.004979028013185352,True,0.022911723092583602,0.0040530709448256385,-0.006270602130599434,0.05209404831576664
-0.99765625,1.282490234375,-0.004727616604469603,0.004964091742489982,True,0.022574163891456805,0.004062397485809288,-0.006578164179496027,0.05172649196240964
-0.99609375,1.282490234375,-0.004788385306176756,0.004949149313696959,True,0.022238620554601976,0.004072864211244268,-0.006898573741893021,0.051375814851096976
-0.9945312500000001,1.282490234375,-0.004820667281237949,0.00493421992928542,True,0.02190508551302748,0.004084315812267904,-0.007231802585564818,0.05104197361161977
-0.9929687500000001,1.282490234375,-0.004804625534288127,0.004919355376181323,True,0.02157355125924473,0.00409614024083454,-0.00757782276085775,0.05072492527934721
-0.99140625,1.282490234375,-0.004740157733341492,0.0049046158469073856,True,0.021244010346823387,0.004107564607363697,-0.0079366065980351,0.05042462729168187
-0.98984375,1.282490234375,-0.004646967515286092,0.00489004761487375,True,0.020916455389949018,0.004117958681085496,-0.008308126704637864,0.0501410374845359
-0.98828125,1.282490234375,-0.004564637746141917,0.004875662540342077,True,0.020590879062984475,0.004127146034541528,-0.008692355962860818,0.04987411408882977
-0.9867187500000001,1.282490234375,-0.004549015917058541,0.004861716606673727,True,0.020267274100033688,0.004134937815198346,-0.00908926752694373,0.049623815727011106
-0.9851562500000001,1.282490234375,-0.004597772569392385,0.004848134767130229,True,0.019945633294508866,0.004142476025084971,-0.00949883482057794,0.04939010140959567
-0.98359375,1.282490234375,-0.004657025809860549,0.004834588094131088,True,0.019625949498700664,0.004151100336253176,-0.00992103153432754,0.04917293053172887
-0.98203125,1.282490234375,-0.004689295773931728,0.004821093442794827,True,0.01930821562335104,0.0041606587847887976,-0.010355831623065446,0.048972262869767524
-0.98046875,1.282490234375,-0.0046757541540932935,0.004807695009481196,True,0.01899242463722924,0.004170560230964888,-0.01080320930342411,0.048788058577882584
-0.9789062500000001,1.282490234375,-0.004616294932216597,0.004794443861611054,True,0.018678569566710625,0.004180060499634285,-0.01126313905126054,0.04862027818468179
-0.9773437500000001,1.282490234375,-0.004529608182407069,0.0047813791643101285,True,0.018366643495358274,0.004188554565834185,-0.011735595599135912,0.04846888258985246
-0.97578125,1.282490234375,-0.004453257456357315,0.0047685110799609715,True,0.01805663956350755,0.0041958747820764275,-0.012220553933808762,0.04833383306082386
-0.97421875,1.282490234375,-0.004439835483595008,0.0047560316901578276,True,0.017748587598612645,0.0042019378427993895,-0.01271513698037206,0.04821231217759735
-0.97265625,1.282490234375,-0.00448575412852945,0.00474389315769344,True,0.017442700395484283,0.004207822976562996,-0.013202225603220052,0.04808762639418862
-0.9710937500000001,1.282490234375,-0.00454134716589534,0.004731844650446347,True,0.017139007276462722,0.004214701756138738,-0.013678992178884353,0.0479570067318098
-0.9695312500000001,1.282490234375,-0.004572296642202567,0.00471989558864289,True,0.016837500966633532,0.004222434263728732,-0.014145463301386638,0.047820465234653706
-0.96796875,1.282490234375,-0.004561349486474537,0.004708077298434028,True,0.016538174251188868,0.004230475374713178,-0.014601665320912848,0.04767801382329058
-0.96640625,1.282490234375,-0.004508390887744997,0.004696426459592948,True,0.016241019974986705,0.004238140163058072,-0.01504762434582961,0.04752966429580302
-0.96484375,1.282490234375,-0.004430521216865238,0.004684970042184164,True,0.015946031042112847,0.004244873758024985,-0.015483366244688122,0.04737542832891382
-0.9632812500000001,1.282490234375,-0.004362136255176088,0.004673711705650279,True,0.01565320041544583,0.004250525628096405,-0.015908916648216184,0.04721531747910784
-0.9617187500000001,1.282490234375,-0.0043513178627170015,0.004662794274384189,True,0.015362521116224477,0.004255074542663497,-0.016324300951298373,0.04704934318374733
-0.96015625,1.282490234375,-0.004394525684103907,0.004652166496708207,True,0.015073986223618639,0.004259513249163764,-0.016729544314944427,0.0468775167621817
-0.95859375,1.282490234375,-0.00444655713861439,0.0046416306782188135,True,0.014787588874302222,0.004264865149552759,-0.017124671668246005,0.046699849416850445
-0.95703125,1.282490234375,-0.004476203486780146,0.004631194225683661,True,0.014503322262029324,0.004271001251333736,-0.017509707710322103,0.04651635223438075
-0.9554687500000001,1.282490234375,-0.004467765928564109,0.00462088173336309,True,0.01422117963721291,0.004277423024781689,-0.01788467691225283,0.04632703618667865
-0.9539062500000001,1.282490234375,-0.004421129840955004,0.004610721834518649,True,0.013941154306506057,0.004283505491742445,-0.018249603519002167,0.046131912132014286
-0.95234375,1.282490234375,-0.004351841474190739,0.004600735343354739,True,0.013663239632386227,0.004288743506276005,-0.018604511551329264,0.04593099081610172
-0.95078125,1.282490234375,-0.004291186887024383,0.004590924664968203,True,0.01338742903274184,0.004293001205448727,-0.018949424807689113,0.04572428287317279
-0.94921875,1.282490234375,-0.00428283198885653,0.004581403748188876,True,0.013113744551591356,0.004296307151625849,-0.01928274882722664,0.045510237930409356
-0.9476562500000001,1.282490234375,-0.004323329288251682,0.004572144178533681,True,0.012842350965989548,0.004299563617768763,-0.019594808973277034,0.04527951090525613
-0.9460937500000001,1.282490234375,-0.0043718216242197355,0.004562990287608129,True,0.012573269977862896,0.004303653687634663,-0.019884036376401324,0.04503057633212712
-0.94453125,1.282490234375,-0.004400129013779139,0.004553944917557142,True,0.012306494755821582,0.004308461535983766,-0.02015048087604074,0.0447634703876839
-0.94296875,1.282490234375,-0.00439406935381546,0.00454502408330571,True,0.012042018525633016,0.004313538035496854,-0.02039419184276861,0.044478228894034647
-0.94140625,1.282490234375,-0.004353530505973377,0.004536246742179374,True,0.011779834569798751,0.004318320761724582,-0.020615218182313967,0.04417488732191147
-0.9398437500000001,1.282490234375,-0.004292543498093984,0.0045276256716988515,True,0.011519936227134297,0.004322356237821185,-0.020813608339563167,0.043853480793831764
-0.9382812500000001,1.282490234375,-0.0042393563022027686,0.004519159433208852,True,0.011262316892351075,0.004325524410483776,-0.020989410302539195,0.04351404408724135
-0.93671875,1.282490234375,-0.004233338057029995,0.0045109428059416454,True,0.011006970015641392,0.004327888705058779,-0.021142671606359433,0.043156611637642214
-0.93515625,1.282490234375,-0.004271153916469235,0.004502944105507301,True,0.010753889102265568,0.0043302605127789155,-0.021273439337171712,0.042781217541702846
-0.93359375,1.282490234375,-0.0043161301367367864,0.004495030047979297,True,0.010503067712141689,0.004333397170328246,-0.02138176013606896,0.04238789556035234
-0.9320312500000001,1.282490234375,-0.004343013334223608,0.004487201944453482,True,0.010254499459437853,0.00433719489367388,-0.021467680202982873,0.04197667912185858
-0.9304687500000001,1.282490234375,-0.004339094019585576,0.004479470922489672,True,0.010008178012166769,0.004341252282185115,-0.021531245300556556,0.04154760132489009
-0.92890625,1.282490234375,-0.0043042721191695705,0.004471850148814105,True,0.00976409709178292,0.0043450672498573165,-0.021572500757996348,0.04110069494156219
-0.92734375,1.282490234375,-0.00425112182385076,0.004464347992194943,True,0.009522250472781978,0.004348235527810426,-0.021591491474903385,0.040635992420467344
-0.92578125,1.282490234375,-0.0042049552693440035,0.004456962107330281,True,0.009282631982302713,0.004350650748614639,-0.021588261925084687,0.04015352588969011
-0.9242187500000001,1.282490234375,-0.004200999712008982,0.004449779545191845,True,0.009045254988018087,0.0043524107835533855,-0.021564843148472675,0.03965535312450885
-0.9226562500000001,1.282490234375,-0.004236093678493177,0.004442787257997634,True,0.008810230237728358,0.004354236797483981,-0.021533188942412046,0.03915364941786876
-0.92109375,1.282490234375,-0.004277560121197558,0.004435874316025159,True,0.00857757091441065,0.004356759852418928,-0.021495299602521202,0.0386504414313425
-0.91953125,1.282490234375,-0.004302939676937421,0.0044290443086330376,True,0.008347270753462546,0.0043598861565144,-0.021451187007124787,0.038145728514049876
-0.91796875,1.282490234375,-0.0043009352907525744,0.004422307894532436,True,0.008119323543213507,0.004363258403850659,-0.021400862919823894,0.037639510006250904
-0.9164062500000001,1.282490234375,-0.004271467150683692,0.004415677050527299,True,0.007893723124530835,0.004366430399818067,-0.021344338990496193,0.03713178523955786
-0.9148437500000001,1.282490234375,-0.004225725924407782,0.004409160110056342,True,0.007670463390427974,0.004369042828757245,-0.021281626756291104,0.03662255353714705
-0.91328125,1.282490234375,-0.004186224190564107,0.004402757572120119,True,0.007449538285675071,0.0043710001843438985,-0.021212737642619668,0.036111814213969806
-0.91171875,1.282490234375,-0.004184205840596487,0.004396539177529001,True,0.007230941806411751,0.00437245127840806,-0.021137682964139533,0.03559956657696303
-0.91015625,1.282490234375,-0.004216603392828314,0.004390491584001965,True,0.00701466799976202,0.0043740303078367545,-0.021056473925734766,0.0350858099252588
-0.9085937500000001,1.282490234375,-0.004254616271365667,0.004384528370295686,True,0.006800710963451494,0.004376228883916774,-0.020969121623490943,0.034570543550393934
-0.9070312500000001,1.282490234375,-0.004278500518673234,0.004378651934201027,True,0.006589064845426615,0.004378964891747618,-0.020875637045665085,0.03405376673651832
-0.90546875,1.282490234375,-0.004278330630019458,0.004372869537481621,True,0.0063797238434762215,0.0043819255781548366,-0.02077603107365101,0.03353547876060345
-0.90390625,1.282490234375,-0.004254043310150068,0.004367189208410866,True,0.006172682204855047,0.004384720501958824,-0.020670314482939642,0.03301567889264973
-0.90234375,1.282490234375,-0.0042154794256096,0.004361616294214022,True,0.005967934225909393,0.004387035358489803,-0.020558497944074727,0.03249436639589351
-0.90078125,1.282490234375,-0.004182424057879907,0.004356150645506081,True,0.005765474251704943,0.004388786700887794,-0.02044059202360391,0.0319715405270138
-0.89921875,1.282490234375,-0.004182149656286499,0.004350804773950742,True,0.005565306643740489,0.004390347572397011,-0.02031929391680233,0.031449907204283305
-0.89765625,1.282490234375,-0.004211432423598685,0.004345575618880054,True,0.005367485597928291,0.004392265556784554,-0.020210719471571582,0.030945690667428166
-0.89609375,1.282490234375,-0.004245389992901479,0.004340444900119174,True,0.005172015433843099,0.004394720186307421,-0.020117527785545864,0.030461558653232062
-0.89453125,1.282490234375,-0.00426703531284278,0.004335418937617222,True,0.004978890545071506,0.004397638697433242,-0.020039689831131018,0.029997470921274028
-0.89296875,1.282490234375,-0.004267837092841264,0.0043305071678251175,True,0.004788105372953597,0.004400750413791139,-0.019977176848826765,0.029553387594733957
-0.89140625,1.282490234375,-0.004247752684025823,0.0043257193851539075,True,0.0045996544062262504,0.004403717928739462,-0.019929960344964623,0.02912926915741712
-0.88984375,1.282490234375,-0.004215259561632135,0.004321063503164246,True,0.004413532180668331,0.004406269053405625,-0.019898012089457066,0.02872507645079373
-0.88828125,1.282490234375,-0.0041873856788093786,0.004316543818317752,True,0.004229733278747716,0.004408329546515446,-0.01988130411355761,0.02834077067105304
-0.88671875,1.282490234375,-0.004187505798433758,0.0043121179764844435,True,0.00404825232927041,0.004410433719440247,-0.019879808707632257,0.027976313366173074
-0.88515625,1.282490234375,-0.0042127792214922905,0.0043077830875299485,True,0.0038690840070313244,0.004413046841283396,-0.019893498418941526,0.027631666433004177
-0.88359375,1.282490234375,-0.004242060950201665,0.004303582579214821,True,0.0036922230324670487,0.004416103318998584,-0.019922346049433506,0.027306792114367602
-0.88203125,1.282490234375,-0.004260904699658017,0.004299522054423867,True,0.0035176641713104352,0.004419541263979988,-0.019966324653547512,0.02700165299616838
-0.88046875,1.282490234375,-0.004262058363824319,0.004295608941419501,True,0.0033454022342469508,0.004423130618493836,-0.020025407536028397,0.026716212004522302
-0.87890625,1.282490234375,-0.004245489231109754,0.004291850749661038,True,0.0031754320765729465,0.004426584502947073,-0.02009956824975119,0.026450432402897087
-0.87734375,1.282490234375,-0.0042184088070767855,0.004288253731330686,True,0.0030077485978556146,0.0044296712802891144,-0.02018878059355636,0.026204277789267587
-0.87578125,1.282490234375,-0.004195297478148888,0.004284821933283005,True,0.002842346741594774,0.00443232734276806,-0.020293018610095106,0.025977712093284654
-0.87421875,1.282490234375,-0.004195967963701804,0.004281503473809796,True,0.002679222083702443,0.004435037468080191,-0.020410194170831286,0.02576863833823617
-0.87265625,1.282490234375,-0.004217834785930543,0.004278296453257576,True,0.0025183731849581364,0.004438195445561595,-0.020527918047941712,0.025564664417857985
-0.87109375,1.282490234375,-0.004243100812442988,0.004275253067159434,True,0.002359795700969286,0.004441713827389186,-0.02064412986093884,0.025363721262877417
-0.86953125,1.282490234375,-0.0042596297329194266,0.004272374622928271,True,0.002203484740535364,0.004445542429927512,-0.020758832810481163,0.02516580229155189
-0.86796875,1.282490234375,-0.004261327764387333,0.0042696633310265126,True,0.0020494354544160205,0.00444948976316292,-0.02087203006845173,0.024970900977283772
-0.86640625,1.282490234375,-0.00424816444193588,0.004267121300750509,True,0.0018976430350169026,0.0044533165235717,-0.02098372477816989,0.024779010848203695
-0.86484375,1.282490234375,-0.004226193523320304,0.004264749845373508,True,0.0017481027160770523,0.004456829724016164,-0.021093920054602252,0.02459012548675636
-0.86328125,1.282490234375,-0.004207574013639557,0.0042625490835462646,True,0.0016008097723579735,0.004459977461166939,-0.021202618984572333,0.02440423852928828
-0.86171875,1.282490234375,-0.0042088121839345205,0.004260467887977372,True,0.0014557595193341517,0.004463177978503639,-0.021309824626969048,0.024221343665637354
-0.86015625,1.282490234375,-0.004227261202533791,0.0042585041183016955,True,0.0013129473128852085,0.004466756627279833,-0.021415540012954423,0.02404143463872484
-0.85859375,1.282490234375,-0.004248463050614968,0.004256707444204335,True,0.0011723685489895821,0.0044706241831684035,-0.02151976814617014,0.023864505244149306
-0.85703125,1.282490234375,-0.004262655985118902,0.0042550787881450005,True,0.0010340186634196843,0.004474740317766891,-0.02162251200294307,0.02369054932978244
-0.85546875,1.282490234375,-0.004264938364651938,0.004253619346552914,True,0.0008978931314386597,0.004478950900963024,-0.021723774532489578,0.023519560795366896
-0.85390625,1.282490234375,-0.004255285535549972,0.004252330117645845,True,0.0007639874674985614,0.004483063259803083,-0.021823558657119116,0.02335153359211624
-0.85234375,1.282490234375,-0.004238566826134892,0.004251211652648688,True,0.0006322972249400448,0.004486921961483754,-0.02192186727243675,0.023186461722316844
-0.85078125,1.282490234375,-0.004224562654219001,0.004250264019762888,True,0.0005028179956935318,0.004490485120502087,-0.022018703247544444,0.023024339238931504
-0.84921875,1.282490234375,-0.004226409267540252,0.004249442208658147,True,0.00037553728824247026,0.0044940954592776455,-0.022113960535722874,0.022865035112207815
-0.84765625,1.282490234375,-0.004241460629651286,0.004248741493644606,True,0.0002504020799567071,0.004498008113144596,-0.022206989151815716,0.022707793311729133
-0.84609375,1.282490234375,-0.004258613960196311,0.00424820536559264,True,0.0001274000555205645,0.004502138366267368,-0.02229768435829496,0.02255248446933609
-0.84453125,1.282490234375,-0.004270483739571218,0.004247834260933008,True,6.527061931592135e-06,0.004506455808104489,-0.022386050328405623,0.022399104452268805
-0.84296875,1.282490234375,-0.004273361254205367,0.004247628520965268,False,-0.00011222101793438113,0.004510843776155822,-0.02247209119720003,0.022247649161331266
-0.84140625,1.282490234375,-0.004267227531411625,0.004247588261174859,False,-0.00022884826559232586,0.004515156383225188,-0.022555811061831736,0.022098114530647084
-0.83984375,1.282490234375,-0.004255766360751595,0.004247713390410009,False,-0.0003433587272157199,0.004519275939439585,-0.022637213981847863,0.021950496527416423
-0.83828125,1.282490234375,-0.004246377399135392,0.004248003772059434,False,-0.00045575641390306555,0.004523170768831536,-0.022716303979480226,0.021804791151674094
-0.83671875,1.282490234375,-0.00424885123052869,0.004248421373447127,False,-0.0005660453019430998,0.004527107015788143,-0.02279308503993506,0.02166099443604886
-0.83515625,1.282490234375,-0.00426064688923239,0.004248965985623836,False,-0.0006742293330787544,0.004531270760196745,-0.022867561111681395,0.021519102445523887
-0.83359375,1.282490234375,-0.004273920230339802,0.004249675998934296,False,-0.0007803124147699178,0.004535584063156497,-0.02293973610673831,0.021379111277198475
-0.83203125,1.282490234375,-0.0042835748548763885,0.0042505516931585505,False,-0.0008842984204548817,0.004540025935755633,-0.02300961390096038,0.021241017060050618
-0.83046875,1.282490234375,-0.004287051482249688,0.004251593100784014,False,-0.0009861911898106583,0.004544515746399357,-0.023077198334322393,0.021104815954701078
-0.82890625,1.282490234375,-0.004284336979360824,0.004252800055027122,False,-0.0010859945290120573,0.004548952654487119,-0.02314249321120259,0.020970504153178478
-0.82734375,1.282490234375,-0.004277973442485573,0.004254172328302855,False,-0.0011837122109895472,0.004553255309315698,-0.023205502300664295,0.020838077878685198
-0.82578125,1.282490234375,-0.004273067329972512,0.004255709855660055,False,-0.0012793479756860048,0.004557401813981093,-0.023266229336736957,0.02070753338536495
-0.82421875,1.282490234375,-0.004276215469584485,0.004257379597505127,False,-0.0013729212524226382,0.004561582983638658,-0.023324724752566972,0.020578882247721697
-0.82265625,1.282490234375,-0.004285083433812303,0.004259174195861815,False,-0.0014645299772269038,0.004565919635703022,-0.02338127240814835,0.020452212453694545
-0.82109375,1.282490234375,-0.004294848880031209,0.00426112491574576,False,-0.0015541933333536593,0.004570343153525119,-0.023435922139089665,0.020327535472382346
-0.81953125,1.282490234375,-0.004302517571768542,0.004263232010782324,False,-0.001641914743949492,0.004574841178854246,-0.02348867699528544,0.020204847507386454
-0.81796875,1.282490234375,-0.004306585911001014,0.004265495498649575,False,-0.0017276976023590269,0.004579366234523263,-0.02353953999823438,0.020084144793516324
-0.81640625,1.282490234375,-0.004307046291926789,0.004267915259654188,False,-0.001811545272348656,0.004583858947715893,-0.02358851414125719,0.01996542359655988
-0.81484375,1.282490234375,-0.004305392482540115,0.0042704911809336756,False,-0.0018934610883293759,0.004588271422151352,-0.02363560238971426,0.019848680213055504
-0.81328125,1.282490234375,-0.004304625033602768,0.004273223343249102,False,-0.0019734483555785545,0.004592590758978529,-0.02368080768122169,0.019733910970064578
-0.81171875,1.282490234375,-0.004308128745202587,0.0042760860796519085,False,-0.002051510350460735,0.004596935149697892,-0.02372413292586682,0.019621112224945347
-0.81015625,1.282490234375,-0.004312710029750714,0.004279079564938064,False,-0.0021276503206474804,0.004601350863345428,-0.023765581006422665,0.019510280365127707
-0.80859375,1.282490234375,-0.004317400650412144,0.0042822301041307905,False,-0.0022018714853362085,0.004605766479118721,-0.023805154778561502,0.019401411807889082
-0.80703125,1.282490234375,-0.004322098940486839,0.0042855379546009485,False,-0.0022741770354680955,0.004610181604553415,-0.023842857071067383,0.01929450300013119
-0.80546875,1.282490234375,-0.0043267540117492495,0.004289003363220523,False,-0.002344570133945017,0.004614594648129338,-0.023878690686047865,0.019189550418157834
-0.80390625,1.282490234375,-0.004331365938203108,0.004292626571757255,False,-0.0024130539158455787,0.00461900361245969,-0.02391265839914509,0.019086550567453932
-0.80234375,1.282490234375,-0.004335985940730398,0.004296407823578395,False,-0.0024796314886401634,0.004623406891998196,-0.023944762959745312,0.018985499982464987
-0.80078125,1.282490234375,-0.004340716572620536,0.004300347371559095,False,-0.002544305932405082,0.004627804075253058,-0.02397500709118828,0.01888639522637811
-0.79921875,1.282490234375,-0.004345325624842444,0.0043044376313284595,False,-0.0026071021829844154,0.00463219355316169,-0.024003407073317704,0.018789202707348872
-0.79765625,1.282490234375,-0.0043484246505210164,0.004308667857185996,False,-0.002668154471094033,0.004636559116427114,-0.024030047018988785,0.018693738076800717
-0.79609375,1.282490234375,-0.00435132178638264,0.0043130423262685265,False,-0.0027274874426863774,0.0046408859760068075,-0.024054943022130768,0.018599968136758013
-0.79453125,1.282490234375,-0.00435520169783608,0.004317561284490743,False,-0.002785103826232443,0.004645179097827259,-0.02407809756463662,0.01850788991217173
-0.79296875,1.282490234375,-0.004360659454833555,0.004322225125402842,False,-0.0028410063262245167,0.004649457388038958,-0.024099513104816322,0.01841750045236729
-0.79140625,1.282490234375,-0.0043676983827043835,0.004327034307577404,False,-0.0028951976233566267,0.004653744464270724,-0.02411919207757963,0.01832879683086638
-0.78984375,1.282490234375,-0.004375727903308047,0.004331989259577408,False,-0.0029476803747042115,0.004658059378734376,-0.02413713689461796,0.018241776145209533
-0.78828125,1.282490234375,-0.0043835613667398505,0.004337090273611092,False,-0.0029984572139030306,0.00466240729332622,-0.0241533499445856,0.018156435516779538
-0.78671875,1.282490234375,-0.004389700402479245,0.004342346011063176,False,-0.0030475307513273546,0.004666714620280871,-0.024167833593280157,0.01807277209062545
-0.78515625,1.282490234375,-0.0043948136611110696,0.004347756627080652,False,-0.0030949035742673654,0.004670954988612474,-0.024180590183822286,0.017990783035287554
-0.78359375,1.282490234375,-0.004399891448209777,0.004353313677388278,False,-0.0031405782471058898,0.004675175319092503,-0.024191622036834753,0.017910465542622975
-0.78203125,1.282490234375,-0.004405514509572249,0.004359017384318921,False,-0.003184557311494349,0.0046793780674715905,-0.024200931450620664,0.017831816827631967
-0.78046875,1.282490234375,-0.004411974591917025,0.004364868051710099,False,-0.003226843286528025,0.00468357253040952,-0.024208520701341104,0.017754834128285057
-0.77890625,1.282490234375,-0.004419273383244743,0.004370866016505184,False,-0.003267438668920607,0.004687770315872497,-0.024214392043192038,0.017679514705350823
-0.77734375,1.282490234375,-0.00442712144887399,0.004377011595540295,False,-0.003306345933178023,0.0046919807901894895,-0.02421854770858055,0.017605855842224502
-0.77578125,1.282490234375,-0.004434937163269039,0.004383305028065456,False,-0.0033435675317715695,0.004696206501825385,-0.024220989908300204,0.017533854844757064
-0.77421875,1.282490234375,-0.004442069715051419,0.0043897503940346985,False,-0.003379132296591676,0.004700382509011943,-0.024221749408382596,0.017463484815199246
-0.77265625,1.282490234375,-0.004449150603400139,0.004396334707398812,False,-0.0034132009393253683,0.004704500230489592,-0.024220999727387407,0.01739459784873667
-0.77109375,1.282490234375,-0.004456342753019448,0.004403049789825913,False,-0.0034458019818929308,0.004708615910549394,-0.024218771310368613,0.017327167346582753
-0.76953125,1.282490234375,-0.004463646236225949,0.004409895794066853,False,-0.003476937514478914,0.004712729582771437,-0.02421506599529608,0.01726119096633825
-0.76796875,1.282490234375,-0.004471061124557245,0.004416872872599029,False,-0.0035066096086672233,0.004716841280496326,-0.02420988560210817,0.017196666384773726
-0.76640625,1.282490234375,-0.004478587488770958,0.004423981177611332,False,-0.0035348203175816196,0.004720951036826378,-0.024203231932853002,0.017133591297689765
-0.76484375,1.282490234375,-0.004486225398843697,0.004431220860989074,False,-0.003561571676025648,0.00472505888462678,-0.024195106771828973,0.017071963419777677
-0.76328125,1.282490234375,-0.004493974923969987,0.0044385920742988855,False,-0.0035868657006220502,0.0047291648565267646,-0.024185511885724927,0.017011780484480824
-0.76171875,1.282490234375,-0.004501841075087795,0.0044460998238952665,False,-0.003610704389951573,0.004733212220651538,-0.024174449023759606,0.01695304024385646
-0.76015625,1.282490234375,-0.004509824164958782,0.004453744503844272,False,-0.0036330897246913173,0.0047372011466679225,-0.02416191991782086,0.01689574046843823
-0.75859375,1.282490234375,-0.004517919369958194,0.00446152146112314,False,-0.0036540236677524776,0.004741188475732207,-0.024147926282604003,0.016839878947099048
-0.75703125,1.282490234375,-0.004526126720600409,0.004469430810536091,False,-0.003673508164417618,0.004745174238493913,-0.024132469815749926,0.01678545348691469
-0.75546875,1.282490234375,-0.004534446246657899,0.004477472666539676,False,-0.0036915451424773702,0.004749158465377332,-0.024115552197982597,0.016732461913027855
-0.75390625,1.282490234375,-0.0045428779771590645,0.004485647143226695,False,-0.0037081365123666564,0.00475314118658266,-0.02409717509324604,0.016680902068512728
-0.75234375,1.282490234375,-0.004551421940385989,0.004493954354310048,False,-0.003723284167300352,0.004757122432087045,-0.024077340148840838,0.016630771814240136
-0.75078125,1.282490234375,-0.004560078163872323,0.004502394413106733,False,-0.0037369899834085044,0.004761102231645699,-0.024056048995560277,0.01658206902874327
-0.74921875,1.282490234375,-0.004569127559641491,0.004510968909619165,False,-0.003749285022780185,0.004765024848399923,-0.02403333186385163,0.01653476181829126
-0.74765625,1.282490234375,-0.004579608406091952,0.004519663183526052,False,-0.0037603462365767347,0.004768904784694535,-0.02400936194528952,0.01648866947213605
-0.74609375,1.282490234375,-0.004590447165534614,0.0045284710274458555,False,-0.00377020437709213,0.0047728124118420825,-0.0239841691766803,0.016443760422496036
-0.74453125,1.282490234375,-0.004600690939966664,0.004537392437029174,False,-0.0037788609676744815,0.004776743774833133,-0.023957754853884832,0.01640003291853587
-0.74296875,1.282490234375,-0.004609861084766422,0.004546427251446767,False,-0.003786317517869431,0.004780683669413704,-0.023930120259422566,0.0163574852236837
-0.74140625,1.282490234375,-0.004617954966831307,0.0045555752547653,False,-0.003792575523525182,0.0047846130934561535,-0.023901266662577858,0.016316115615527496
-0.73984375,1.282490234375,-0.004625447727900294,0.004564836279591469,False,-0.003797636466897147,0.00478851673517785,-0.02387119531950604,0.01627592238571175
-0.73828125,1.282490234375,-0.004633294052888829,0.00457421031230874,False,-0.0038015018167521656,0.004792390498174629,-0.02383990747333879,0.01623690383983446
-0.73671875,1.282490234375,-0.0046435878896978495,0.00458370055425214,False,-0.0038041730284723864,0.004796194997556939,-0.02380740435428929,0.01619905829734452
-0.73515625,1.282490234375,-0.004659099015682548,0.004593307928813026,False,-0.0038056515441587785,0.004799996990503875,-0.023773687179757273,0.01616238409143972
-0.73359375,1.282490234375,-0.004675655738259229,0.0046030302025898955,False,-0.0038059387927342355,0.004803903384045768,-0.023738757154433264,0.016126879568964796
-0.73203125,1.282490234375,-0.004689787505752792,0.004612867169036524,False,-0.003805036190046334,0.0048078996885664495,-0.02370261547040277,0.0160925430903101
-0.73046875,1.282490234375,-0.004699751049722566,0.004622818050384676,False,-0.003802945138969734,0.00481193042837956,-0.023665263307250092,0.016059373029310625
-0.72890625,1.282490234375,-0.0047055367990605414,0.004632881875949799,False,-0.003799667029508179,0.004815926279154463,-0.023626701832161562,0.0160273677731452
-0.72734375,1.282490234375,-0.0047088753107035735,0.004643057863027186,False,-0.003795203238896209,0.004819831353960283,-0.023586932200028818,0.0159965257222364
-0.72578125,1.282490234375,-0.004713243716319752,0.004653345797885947,False,-0.003789555131700434,0.004823630637974108,-0.023545955553551372,0.0159668452901505
-0.72421875,1.282490234375,-0.0047245937729907825,0.004663744477052547,False,-0.0037827543937943462,0.004827324882885433,-0.023503803530616804,0.01593829474302811
-0.72265625,1.282490234375,-0.004746741506605403,0.004674239825980784,False,-0.0037749842622821026,0.004831071340021414,-0.023460660190612714,0.015910691666048506
-0.72109375,1.282490234375,-0.00477087036627359,0.004684829762624844,False,-0.0037662761294783337,0.004835028299410387,-0.023416556885882102,0.015884004626925435
-0.71953125,1.282490234375,-0.004790024699658608,0.004695513806568054,False,-0.0037566310322910434,0.004839166698094373,-0.023371494440697627,0.015858232376115538
-0.71796875,1.282490234375,-0.004800710673907404,0.004706290351282407,False,-0.0037460499979649017,0.004843375282511485,-0.023325473670101075,0.01583337367417127
-0.71640625,1.282490234375,-0.004802909139946169,0.004717157423959224,False,-0.0037345340441558373,0.00484751498997447,-0.023278495379979246,0.015809427291667573
-0.71484375,1.282490234375,-0.0048000885255502085,0.0047281134397424845,False,-0.0037220841790053666,0.004851473672326857,-0.023230560367139608,0.015786392009128875
-0.71328125,1.282490234375,-0.004799217755948489,0.0047391579463323084,False,-0.0037087014012146535,0.004855221162331746,-0.023181669419385476,0.01576426661695617
-0.71171875,1.282490234375,-0.004811445307085486,0.00475028909041721,False,-0.0036943867001183873,0.004858813492812955,-0.02313182331559147,0.015743049915354693
-0.71015625,1.282490234375,-0.0048415088739763015,0.0047615100200662465,False,-0.0036791410557583215,0.004862525774421227,-0.02308102282577806,0.015722740714261416
-0.70859375,1.282490234375,-0.004874732484639301,0.004772825992803468,False,-0.0036629654389566425,0.004866580200793482,-0.023029268711186546,0.01570333783327326
-0.70703125,1.282490234375,-0.0048998401739631815,0.004784236203894019,False,-0.003645860811389052,0.004870929649902556,-0.022976561724353257,0.015684840101575157
-0.70546875,1.282490234375,-0.004911168036623293,0.0047957380807332655,False,-0.0036278281256576415,0.0048753936368648425,-0.02292290260918393,0.01566724635786865
-0.70390625,1.282490234375,-0.004908685077249886,0.004807328496060206,False,-0.003608868325363501,0.00487974647099535,-0.022868292101027612,0.01565055545030061
-0.70234375,1.282490234375,-0.0048980141000597045,0.00481900495722164,False,-0.0035889823451790946,0.004883806061052209,-0.022812730926750336,0.015634766236392147
-0.70078125,1.282490234375,-0.004890452635904866,0.0048307667648715665,False,-0.0035681711109204492,0.004887523370591377,-0.02275621980480893,0.015619877582968032
-0.69921875,1.282490234375,-0.00490344993994869,0.004842593587383835,False,-0.0035464654825531393,0.004891031873313123,-0.022698789385101375,0.015605858419995098
-0.69765625,1.282490234375,-0.0049423848917394325,0.004854474188334005,False,-0.0035240459283519105,0.004894746743839956,-0.022640619913593747,0.015592528056889926
-0.69609375,1.282490234375,-0.004985797320195492,0.004866428580316193,False,-0.003500943042590583,0.004898954390310288,-0.022581741783265375,0.015579855698084209
-0.69453125,1.282490234375,-0.0050174784429991145,0.004878455643134745,False,-0.003477157459447947,0.004903587074902435,-0.02252215543089285,0.015567840511996958
-0.69296875,1.282490234375,-0.0050292867137932675,0.0048905518405915685,False,-0.0034526898068899235,0.004908385083713417,-0.022461861287432296,0.015556481673652449
-0.69140625,1.282490234375,-0.005021177759899036,0.004902712906471613,False,-0.0034275407067189193,0.004913023484823669,-0.022400859778069722,0.015545778364631883
-0.68984375,1.282490234375,-0.005001234366461655,0.004914935476090401,False,-0.00340171077462305,0.0049172399780770875,-0.022339151322271746,0.015535729773025647
-0.68828125,1.282490234375,-0.004985696504152464,0.004927218656148623,False,-0.0033752006202252436,0.004920963841234858,-0.02227673633383612,0.015526335093385631
-0.68671875,1.282490234375,-0.004998692491308272,0.0049395313243007785,False,-0.003348010847132134,0.004924408974654407,-0.02221361522094185,0.015517593526677583
-0.68515625,1.282490234375,-0.005044393284371304,0.004951879551228001,False,-0.003320142052982866,0.00492812389402942,-0.02214978838619956,0.015509504280233826
-0.68359375,1.282490234375,-0.005095615929789637,0.004964300790987373,False,-0.0032915948294977063,0.004932449339100209,-0.022085256226701374,0.015502066567705962
-0.68203125,1.282490234375,-0.005132322669143597,0.00497679369163625,False,-0.003262369762526535,0.00493730149657043,-0.02202001913407086,0.015495279609017788
-0.68046875,1.282490234375,-0.005144448798244318,0.004989354105268025,False,-0.003232467432097186,0.0049423587685686705,-0.021954077494512857,0.015489142630318484
-0.67890625,1.282490234375,-0.005131939602367242,0.005001977071792708,False,-0.003201888412463637,0.004947218643084927,-0.02188743168886299,0.015483654863935718
-0.67734375,1.282490234375,-0.00510478733633802,0.005014658715336303,False,-0.0031706332721540575,0.004951556064969816,-0.021820082092637222,0.015478815548329106
-0.67578125,1.282490234375,-0.005083068245856431,0.005027398044186193,False,-0.0031387025740187307,0.004955283315317186,-0.021752029076081262,0.0154746239280438
-0.67421875,1.282490234375,-0.005095981055492783,0.005040155752719472,False,-0.003106125132960062,0.004958665730245611,-0.02168330133231992,0.015471051066399797
-0.67265625,1.282490234375,-0.00514630193925402,0.0050529234574438016,False,-0.0030730709604602354,0.004962350316910138,-0.02161406910614812,0.015467927185227649
-0.67109375,1.282490234375,-0.0052028331790312694,0.005065742417435485,False,-0.0030395686409472804,0.004966725862158424,-0.021544360867629196,0.015465223585734635
-0.66953125,1.282490234375,-0.005242954952436558,0.005078611192699442,False,-0.003005618488072477,0.0049716975858327146,-0.021474176746280674,0.015462939770135721
-0.66796875,1.282490234375,-0.005255305801874063,0.005091525446532205,False,-0.0029712208120476935,0.004976901673227357,-0.021403516868542093,0.015461075244446707
-0.66640625,1.282490234375,-0.005239824208391591,0.005104480038035977,False,-0.0029363759196746548,0.0049818826740647675,-0.021332381357805713,0.015459629518456405
-0.66484375,1.282490234375,-0.0052077902020530534,0.005117470995174781,False,-0.0029010841143741104,0.004986272700552584,-0.021260770334446944,0.015458602105698724
-0.66328125,1.282490234375,-0.0051818670048546485,0.00513049736115129,False,-0.002865345696214965,0.004989972435030403,-0.021188683915854947,0.015457992523425015
-0.66171875,1.282490234375,-0.005194681363692436,0.00514352036316496,False,-0.0028291609619432805,0.004993280809991797,-0.02111612221646293,0.015457800292576368
-0.66015625,1.282490234375,-0.005248102201313948,0.005156546795725552,False,-0.0027925302050112555,0.004996912373345148,-0.021043085347778642,0.01545802493775613
-0.65859375,1.282490234375,-0.005308210703992649,0.005169622490305478,False,-0.002755453715606069,0.005001290530638939,-0.02096957341841447,0.015458665987202334
-0.65703125,1.282490234375,-0.005350632670509189,0.00518274596731066,False,-0.002717931780678703,0.005006312912002702,-0.02089558653411784,0.015459722972760437
-0.65546875,1.282490234375,-0.005363125674526235,0.005195912934093302,False,-0.002679964683972648,0.005011586543939171,-0.020821124797801207,0.01546119542985591
-0.65390625,1.282490234375,-0.005345623694324326,0.005209118356789043,False,-0.0026415527060525477,0.005016619422808252,-0.020746188309572228,0.015463082897467131
-0.65234375,1.282490234375,-0.005310281766932626,0.005222358386419107,False,-0.0026026961243327826,0.005021014092954629,-0.020670777166763753,0.01546538491809819
-0.65078125,1.282490234375,-0.0052815206622950734,0.005235632131391883,False,-0.002563395213105955,0.005024663242047213,-0.02059489146396373,0.015468101037751817
-0.64921875,1.282490234375,-0.005294450551327459,0.005248896922212379,False,-0.002523675800830564,0.00502788816135386,-0.02051855692830771,0.01547120532664658
-0.64765625,1.282490234375,-0.005350899705908082,0.0052621454778567,False,-0.002483691426206833,0.005031458334162603,-0.02044192738989387,0.015474544537480203
-0.64609375,1.282490234375,-0.005414493661309193,0.0052754226534234,False,-0.0024434677259502903,0.005035830330381987,-0.02036502839079028,0.015478092938889697
-0.64453125,1.282490234375,-0.005459127391034854,0.005288726998723997,False,-0.002403004770058429,0.0050408942418839805,-0.02028785982893557,0.015481850288818712
-0.64296875,1.282490234375,-0.005471689435202896,0.005302054415573942,False,-0.0023623026272294218,0.005046228145213224,-0.020210421601302802,0.01548581634684396
-0.64140625,1.282490234375,-0.005452109478520496,0.005315400153513287,False,-0.0023213613648760093,0.005051303744409426,-0.02013271360391491,0.015489990874162893
-0.63984375,1.282490234375,-0.005413405938422432,0.005328760633210801,False,-0.0022801810491393047,0.005055694227175044,-0.020054735731859653,0.015494373633581046
-0.63828125,1.282490234375,-0.005381733558816256,0.005342135092331111,False,-0.0022387617449026054,0.005059284349146642,-0.01997648787930497,0.015498964389499758
-0.63671875,1.282490234375,-0.005394691118810862,0.005355481955230992,False,-0.0021971035158051674,0.005062418243994492,-0.019897969939514003,0.015503762907903666
-0.63515625,1.282490234375,-0.005454218089266411,0.005368807202918057,False,-0.0021552064242559405,0.00506592175543469,-0.01981918180486027,0.01550876895634839
-0.63359375,1.282490234375,-0.005521386781628677,0.005382158718791963,False,-0.0021130705314472776,0.005070285582330625,-0.01974012336684274,0.015513982303948185
-0.63203125,1.282490234375,-0.005568265553046025,0.005395535072628862,False,-0.0020706958973686455,0.005075391828202507,-0.019660794516100998,0.015519402721363706
-0.63046875,1.282490234375,-0.005580825867532411,0.0054089324084581345,False,-0.002028082580820244,0.005080787898623794,-0.019581195142430136,0.01552502998078965
-0.62890625,1.282490234375,-0.005558992924635232,0.005422346323743133,False,-0.001985230639426675,0.005085907043046845,-0.019501325134795962,0.01553086385594261
-0.62734375,1.282490234375,-0.005516696282168291,0.0054357735525107,False,-0.0019421401296505268,0.00509029133891834,-0.01942118438134999,0.015536904122048936
-0.62578125,1.282490234375,-0.005481920468056291,0.005449213446793358,False,-0.0018988111068059563,0.005093817135328467,-0.019340772769444365,0.015543150555832452
-0.62421875,1.282490234375,-0.005494913832935162,0.005462620839620214,False,-0.001855265769669967,0.005096853711749552,-0.019260112434007326,0.01554958089466739
-0.62265625,1.282490234375,-0.005557815452297143,0.005475989150443179,False,-0.0018116369797291118,0.005100288042128957,-0.019179336693873658,0.015556062734415434
-0.62109375,1.282490234375,-0.005628896675799216,0.0054893652691144585,False,-0.0017679467830646967,0.005104647479058831,-0.019098467537149035,0.015562573971019643
-0.61953125,1.282490234375,-0.005678205921683037,0.005502747848506864,False,-0.0017241950748291743,0.0051098052780455885,-0.019017504697782975,0.015569114548124626
-0.61796875,1.282490234375,-0.00569070061147699,0.005516133399840767,False,-0.001680381750448274,0.005115274854060361,-0.018936447910308275,0.015575684409411726
-0.61640625,1.282490234375,-0.005666301117031112,0.005529518013782755,False,-0.0016365067056236268,0.005120446827835715,-0.01885529690984502,0.015582283498597764
-0.61484375,1.282490234375,-0.005619944683236038,0.0055428988608229954,False,-0.0015925698363353567,0.005124828780683719,-0.018774051432104318,0.015588911759433603
-0.61328125,1.282490234375,-0.005581639321244144,0.005556275468124053,False,-0.0015485710388447394,0.005128287738059152,-0.01869271121339249,0.015595569135703011
-0.61171875,1.282490234375,-0.0055945162463402025,0.0055696026140865315,False,-0.0015045102096968095,0.005131221725662951,-0.01861127599061492,0.015602255571221302
-0.61015625,1.282490234375,-0.005660766036433189,0.005582884952258851,False,-0.0014603872457229898,0.005134582881998785,-0.01852974550127994,0.015608971009833961
-0.60859375,1.282490234375,-0.005735757051268435,0.005596172669675683,False,-0.0014162020440437375,0.005138935681260216,-0.01844811948350298,0.015615715395415503
-0.60703125,1.282490234375,-0.005787474538137552,0.00560946449575403,False,-0.0013719545020711634,0.00514414428917256,-0.018366397676010386,0.015622488671868058
-0.60546875,1.282490234375,-0.005799840258083161,0.005622757366160892,False,-0.0013276445175116954,0.005149687209375398,-0.018284579818143586,0.015629290783120194
-0.60390625,1.282490234375,-0.005772769736335516,0.0056360479394808975,False,-0.001283271988368712,0.0051549112730162865,-0.018202665649862913,0.01563612167312549
-0.60234375,1.282490234375,-0.005722229467884833,0.005649333872470736,False,-0.0012388368129451991,0.00515928862023306,-0.01812065491175186,0.015642981285861467
-0.60078125,1.282490234375,-0.005680294072566208,0.005662614850887381,False,-0.001194338889846403,0.005162676697039802,-0.018038547345020917,0.015649869565328108
-0.59921875,1.282490234375,-0.005692915893021064,0.005675821034323474,False,-0.0011497964387559214,0.005165501240639015,-0.017956361137486793,0.01565676825997495
-0.59765625,1.282490234375,-0.005761950467798598,0.005688948862066579,False,-0.0011053192377644331,0.005168776077628123,-0.017874206663484896,0.01566356818795603
-0.59609375,1.282490234375,-0.005840203550065131,0.005702069766073086,False,-0.0010609253907604642,0.005173100294940252,-0.017792102000209257,0.01567025121868833
-0.59453125,1.282490234375,-0.005893895099676151,0.005715182624069961,False,-0.0010166146771141912,0.005178330158935393,-0.017710046775619787,0.015676817421391407
-0.59296875,1.282490234375,-0.0059060609546937376,0.005728284952404104,False,-0.0009723868775531447,0.005183913891184184,-0.017628040619322775,0.015683266864216488
-0.59140625,1.282490234375,-0.005876612755237282,0.00574137415581411,False,-0.000928241774157099,0.005189160353085858,-0.017546083162566943,0.015689599614252744
-0.58984375,1.282490234375,-0.005822397800173125,0.0057544485186365145,False,-0.0008841791503530246,0.005193510965004355,-0.01746417403823963,0.01569581573753358
-0.58828125,1.282490234375,-0.005777258830856977,0.005767507937339337,False,-0.0008401987909100389,0.005196814886397788,-0.01738231288086318,0.015701915299043103
-0.58671875,1.282490234375,-0.00577743956798519,0.005780491110632715,False,-0.0007963004819343845,0.005199489410623743,-0.01730049932659107,0.0157078983627223
-0.58515625,1.282490234375,-0.005778772492753703,0.005793401316847058,False,-0.0007524840108644294,0.005201961336393161,-0.0172187330132041,0.015713764991475244
-0.58359375,1.282490234375,-0.0057783911031968616,0.005806302176090783,False,-0.0007087491664656907,0.005204242956581519,-0.01713701358010688,0.0157195152471755
-0.58203125,1.282490234375,-0.005782541938197223,0.005819193763289642,False,-0.0006650957388258991,0.00520636133479026,-0.017055340668324117,0.015725149190672316
-0.58046875,1.282490234375,-0.0057943618057241615,0.005832076308162743,False,-0.0006215235193500569,0.005208419028575638,-0.016973713920496958,0.01573066688179684
-0.57890625,1.282490234375,-0.00581386679963891,0.005844950028812643,False,-0.0005780323007555358,0.005210543854519543,-0.016892132980879365,0.015736068379368296
-0.57734375,1.282490234375,-0.005837941332522746,0.005857815012902528,False,-0.0005346218770671967,0.005212838606624322,-0.016810597495334565,0.015741353741200174
-0.57578125,1.282490234375,-0.005860327185613459,0.005870671146435532,False,-0.0004912920436125224,0.005215330727487994,-0.016729107111331597,0.015746523024106555
-0.57421875,1.282490234375,-0.005846101229505135,0.005883457398214095,False,-0.0004480569604833855,0.0052177743099956295,-0.016647675989647327,0.015751562068680555
-0.57265625,1.282490234375,-0.005697453834507282,0.005896165886483505,False,-0.0004050025728492685,0.005218612090579219,-0.01656639081917725,0.01575638567347871
-0.57109375,1.282490234375,-0.005522824117279788,0.005908854113660351,False,-0.00036214295804798397,0.005216518817832958,-0.016485265682471318,0.01576097976637535
-0.56953125,1.282490234375,-0.005417286343745492,0.00592152384443142,False,-0.00031947782825431515,0.005211917478827271,-0.016404300149118204,0.015765344492609575
-0.56796875,1.282490234375,-0.00542858223862021,0.005934177749443372,False,-0.0002770068976802907,0.0052063708909089726,-0.016323493791014134,0.015769479995653552
-0.56640625,1.282490234375,-0.00555695544010629,0.005946817856003105,False,-0.00023472988256528635,0.005201806118201335,-0.016242846182354147,0.015773386417223572
-0.56484375,1.282490234375,-0.005754986253016786,0.005959444715152546,False,-0.0001926465011661309,0.00519975641026136,-0.01616235689962335,0.01577706389729109
-0.56328125,1.282490234375,-0.00592742671642603,0.005972057278436914,False,-0.00015075647374726192,0.0052006203532975245,-0.0160820255215883,0.015780512574093776
-0.56171875,1.282490234375,-0.005907074370256846,0.00598459604790176,False,-0.00010905952257091434,0.005202771506950797,-0.016001851629288355,0.015783732584146525
-0.56015625,1.282490234375,-0.005573664498246324,0.005997066973364589,False,-6.75553718873288e-05,0.005201671652697627,-0.01592183480602712,0.01578672406225246
-0.55859375,1.282490234375,-0.005184394467004944,0.006009531090899568,False,-2.6243747925020453e-05,0.005194375854583113,-0.015841974637363948,0.01578948714151391
-0.55703125,1.282490234375,-0.004943776324414307,0.006021991064769662,True,1.4875621118947449e-05,0.005181811480480001,-0.015762270711105357,0.015792021953343255
-0.55546875,1.282490234375,-0.004954501475433783,0.006034448495716427,True,5.5803005088643144e-05,0.005167305060788149,-0.01568272261729669,0.015794328627473972
-0.55390625,1.282490234375,-0.0052170883353230965,0.006046902651740106,True,9.653867187891396e-05,0.00515490666506239,-0.015603329948213559,0.015796407291971386
-0.55234375,1.282490234375,-0.005629530740096118,0.006059350698415609,True,0.00013708288744501592,0.005147797654946454,-0.015524092298353527,0.01579825807324356
-0.55078125,1.282490234375,-0.005986947149272832,0.006071789414034577,True,0.00017743591581218318,0.005146778732008148,-0.015445009264427764,0.01579988109605213
-0.54921875,1.282490234375,-0.0059385456245910325,0.006084187595036002,True,0.0002175875082587014,0.005148550085099827,-0.015366091127385304,0.015801266143902707
-0.54765625,1.282490234375,-0.0052586304212370585,0.006096557750835107,True,0.0002574748829774995,0.005144086057397205,-0.015287401558903232,0.01580235132485823
-0.54609375,1.282490234375,-0.004466767015789913,0.006108941807274242,True,0.00029708784583486165,0.005127626178884107,-0.015208950789286507,0.01580312648095623
-0.54453125,1.282490234375,-0.003972893143163483,0.006121342765030555,True,0.0003364267136764499,0.005101082905527637,-0.015130738367055046,0.015803591794407944
-0.54296875,1.282490234375,-0.00398284023160307,0.0061337556562545545,True,0.0003754918009515854,0.005070979686687823,-0.01505276384337856,0.01580374744528173
-0.54140625,1.282490234375,-0.0044976351914311,0.006146169032257693,True,0.0004142834197257495,0.005045080608228658,-0.014975026772065116,0.015803593611516613
-0.53984375,1.282490234375,-0.005312803951294947,0.006158569359249085,True,0.0004528018796930333,0.005029344836772386,-0.014897526709549786,0.015803130468935854
-0.53828125,1.282490234375,-0.006017676810363926,0.006170948270311991,True,0.0004910474881885561,0.005025182773466026,-0.014820263214883476,0.01580235819126059
-0.53671875,1.282490234375,-0.005913941558689024,0.006183353130575059,True,0.0005290205502008486,0.005026383446767623,-0.014743235849721419,0.015801276950123115
-0.53515625,1.282490234375,-0.004566947919600465,0.006195839396259613,True,0.0005667213683841836,0.005016097559520502,-0.014666444178312161,0.015799886915080528
-0.53359375,1.282490234375,-0.003000002570694697,0.0062084055461665314,True,0.0006041502430708937,0.004983729247548324,-0.014589887767486327,0.015798188253628116
-0.53203125,1.282490234375,-0.002018687881611942,0.0062210530714109,True,0.0006413074722836353,0.00493318877333636,-0.014513566186645458,0.015796181131212728
-0.53046875,1.282490234375,-0.002027468948508363,0.00623375696734566,True,0.0006781933517476218,0.004876752471665168,-0.014437479007750914,0.015793865711246156
-0.52890625,1.282490234375,-0.003028338356708043,0.006246476231671134,True,0.0007148081749028328,0.004828452138692937,-0.01436162580531282,0.015791242155118485
-0.52734375,1.282490234375,-0.004619464820355748,0.006259169813439656,True,0.0007511522329161628,0.004798613640217385,-0.014286006156379101,0.015788310622211428
-0.52578125,1.282490234375,-0.005993845835119797,0.00627181790931556,True,0.0007872258146935562,0.004789395612629584,-0.014210619640524436,0.01578507126991155
-0.52421875,1.282490234375,-0.005698333900290845,0.0062846622600364836,True,0.0008230222556025282,0.004789548314082187,-0.014135472985573745,0.0157815174967788
-0.52265625,1.282490234375,-0.002573647288572635,0.0062978577912899516,True,0.0008585001465448275,0.004765895405122488,-0.014060608637443227,0.015777608930532882
-0.52109375,1.282490234375,0.0010588597218795567,0.006311306520416583,True,0.0008936528546002156,0.004697269311757645,-0.013986033295662169,0.0157733390048626
-0.51953125,1.282490234375,0.003339067598830083,0.006325001997219758,True,0.0009284806971988143,0.004593553672962728,-0.01391174651532845,0.01576870790972608
-0.51796875,1.282490234375,0.003333103132897094,0.006338852930825034,True,0.0009629839892585362,0.004480942340589319,-0.013837747854290223,0.015763715832807296
-0.51640625,1.282490234375,0.0010364275411625075,0.0063527241071938065,True,0.0009971630431984788,0.004386648684957044,-0.013764036873133566,0.015758362959530522
-0.51484375,1.282490234375,-0.002623085396739032,0.006366489236946234,True,0.0010310181689522897,0.0043287224427283715,-0.013690613135170228,0.01575264947307481
-0.51328125,1.282490234375,-0.0057820814755796925,0.006380095424826418,True,0.001064549673981483,0.00430966117810742,-0.013617476206425144,0.01574657555438811
-0.51171875,1.282490234375,-0.006342066190778387,0.006394375964396888,True,0.0010977578632887276,0.00431033671648123,-0.013544625655624372,0.01574014138220183
-0.51015625,1.282490234375,-0.006356230665094974,0.006409510564088928,True,0.0011306430394310975,0.004311945488422981,-0.013472061054182763,0.01573334713304496
-0.50859375,1.282490234375,-0.006370541014119649,0.006424782199341891,True,0.0011632055025332852,0.004313558634253598,-0.013399781976191792,0.015726192981258363
-0.50703125,1.282490234375,-0.006384994621015646,0.006440188234838519,True,0.001195445550300787,0.0043151761642928185,-0.013327787998407494,0.015718679099009068
-0.50546875,1.282490234375,-0.0063995888696991915,0.006455726035988211,True,0.0012273634780330435,0.0043167980888452195,-0.01325607870023824,0.015710805656304328
-0.50390625,1.282490234375,-0.00641432114480448,0.006471392968892938,True,0.0012589595786365476,0.00431842441820045,-0.013184653663732815,0.01570257282100591
-0.50234375,1.282490234375,-0.0064291888316490905,0.0064871864003136145,True,0.0012902341426379218,0.00432005516263336,-0.013113512473568279,0.015693980758844123
-0.50078125,1.282490234375,-0.0064441893161998115,0.006503103697636867,True,0.0013211874581969601,0.004321690332404197,-0.013042654717038096,0.01568502963343202
