s,maximum_abs_velocity,minimum_alpha,maximum_alpha,minimum_b,maximum_b,minimum_packet_gap
0.0,0.20214036673420838,3.626775894470825,395.7530899981204,6.0920018465872054,465.4258663705315,0.15000000000000002
0.0025,0.19932674776482348,3.625177447744749,395.0405393797499,6.0888497971557145,465.43505668420346,0.15249999999999997
0.005,0.19657604239257814,3.6235628486165967,394.34082910307956,6.0856658937767065,465.39371812002423,0.15500000000000003
0.0075,0.19388537628668143,3.6219320701498416,393.62118005092844,6.082450083193048,465.32153253040593,0.15749999999999997
0.01,0.19125189474758336,3.62028508571248,392.8797621668534,6.079202312869399,465.28405212543043,0.16000000000000003
0.0125,0.1886727585671637,3.6186218689786913,392.11757617561665,6.075922530996247,465.1955700105284,0.16249999999999998
0.015,0.18614521843470647,3.616942394428872,391.354105863403,6.072610687376009,465.09590638618783,0.16500000000000004
0.0175,0.18366685362678817,3.615246638844489,390.5843423526847,6.069266736069098,465.01084719168756,0.16749999999999998
0.02,0.1812353449910627,3.6135345798113456,389.7944577343778,6.065890632745133,464.8750558199247,0.17000000000000004
0.0225,0.17884839476376552,3.6118061952223246,388.9855019332619,6.062482333803733,464.74903690257213,0.1725
0.025,0.17650372323014477,3.610061463278885,388.1601497109717,6.059041796378273,464.6164482470058,0.17500000000000004
0.0275,0.1741990400218227,3.6083003629840333,387.34335221516295,6.055568979205766,464.4333281655753,0.1775
0.03,0.17193197316561284,3.606522875616223,386.5081435511313,6.05206384522516,464.28172909154864,0.18000000000000005
0.0325,0.1697001566269934,3.60472898325309,385.6555879828893,6.048526358975287,464.10154729762286,0.1825
0.035,0.16750125426353074,3.6029186682808754,384.78674388825374,6.044956485731075,463.8712047855205,0.18500000000000005
0.0375,0.16533295635720358,3.601091913395801,383.90859669786147,6.041354191506914,463.69370900237016,0.1875
0.04,0.16319300140300724,3.5992487020899286,383.03110321325585,6.037719443910577,463.46595089041745,0.19000000000000006
0.0425,0.16107925702774992,3.5973890201040293,382.1379081251173,6.034052214693957,463.20892756468527,0.1925
0.045,0.15898965673757234,3.595512853971842,381.2300270816784,6.030352477197499,462.98386990994743,0.19500000000000006
0.0475,0.15692217426381025,3.593620190536254,380.30846893393726,6.026620205501638,462.7086812177617,0.1975
0.05,0.1548748210553393,3.5917110169504998,379.3742353794207,6.022855374429821,462.4265011523218,0.20000000000000007
0.0525,0.15284572733041601,3.589785321156903,378.4429628774947,6.019057960386504,462.15371916746045,0.2025
0.055,0.1508333977976479,3.5878430933186447,377.4991395721753,6.015227943860828,461.8311522635679,0.20500000000000007
0.0575,0.14883647316931548,3.5858843243846055,376.5432787600036,6.011365306917031,461.5246919237633,0.20750000000000002
0.06,0.14685364761482528,3.5839090056123357,375.57635135357293,6.0074700323610815,461.2044280328567,0.21000000000000008
0.0625,0.1448836678807923,3.5819171285690796,374.5993203295882,6.003542103743263,460.83478548345875,0.21250000000000002
0.065,0.14292547817424459,3.5799086856033746,373.6130967599996,5.999581506180446,460.50366335662056,0.21499999999999997
0.0675,0.14097866043856427,3.5778836712556266,372.6214729313501,5.995588228813054,460.1360084967627,0.21750000000000003
0.07,0.13904300434972452,3.5758420808436395,371.6252090327568,5.991562262341113,459.72828374777436,0.22000000000000008
0.0725,0.1371183633611076,3.5737839099923767,370.620142931998,5.987503598205858,459.36280091259414,0.22250000000000003
0.075,0.1352046555177842,3.57170915463482,369.6070769459951,5.983412228591981,458.94810150599596,0.22499999999999998
0.0775,0.13330180515061074,3.5696178114763883,368.58674530142963,5.979288147234212,458.5166482207639,0.22750000000000004
0.08,0.13140956777978494,3.5675098793842834,367.55963309418956,5.975131351828074,458.10386481698083,0.22999999999999998
0.0825,0.12952771093354112,3.565385357993736,366.5261607821754,5.970941841611109,457.6423784867836,0.23250000000000004
0.085,0.12765607423155187,3.5632442472446137,365.4867451956424,5.9667196165593355,457.18826435038375,0.235
0.08750000000000001,0.12579456993883667,3.561086547382096,364.44179947129453,5.962464677389144,456.72861728928916,0.23750000000000004
0.09,0.123943098926242,3.558912259413911,363.39169968013164,5.958177026348364,456.22070816868404,0.24
0.0925,0.12210129834473811,3.556721386478355,362.33668561174,5.953856669581186,455.74349520174013,0.24250000000000005
0.095,0.12026879739610352,3.55451393247137,361.2769620193424,5.949503614754204,455.2372812036827,0.245
0.0975,0.11844530223427881,3.5522899015899725,360.21273209783453,5.945117870267539,454.6867340755126,0.24750000000000005
0.1,0.11663059600473628,3.550049298332779,359.14419746002267,5.940699445256362,454.18233543635324,0.25
0.10250000000000001,0.11482448262912141,3.547792127950018,358.07155750977324,5.936248350366651,453.62996514849317,0.25250000000000006
0.105,0.11302661772638188,3.5455183977901874,356.9966618831762,5.9317646000747075,453.0574295731147,0.255
0.1075,0.11123667659950248,3.5432281159480143,355.91735359953776,5.927248210357545,452.506787166067,0.25750000000000006
0.11,0.10945441008181282,3.540921290814731,354.83362073179717,5.922699197918577,451.90882098272965,0.26
0.1125,0.107679644183301,3.538597931078441,353.7454523292815,5.918117580188757,451.3154310672784,0.26250000000000007
0.115,0.10591224299896747,3.5362580461669006,352.65283992161784,5.91350337608715,450.719040087484,0.265
0.11750000000000001,0.10415199630255592,3.5339016475727774,351.55578198637187,5.908856608295556,450.0759029530616,0.26750000000000007
0.12,0.10239872583545763,3.5315287475225134,350.4542793845631,5.904177300972758,449.46129998501607,0.27
0.1225,0.10065232087830292,3.5291393585335036,349.3483338526969,5.899465478994646,448.8197578819615,0.2725000000000001
0.125,0.09891273752757385,3.52673349341429,348.2379480045447,5.894721167954967,448.13536864957865,0.275
0.1275,0.09717998171118677,3.5243111657000923,347.1231320692896,5.88994439491086,447.4954822218352,0.27749999999999997
0.13,0.0954540564269272,3.5218723909566303,346.00392392869315,5.885135190613091,446.80926049178953,0.28
0.1325,0.0937350036109599,3.5194171854699596,344.8803686028015,5.8802935872636874,446.10492688598384,0.2825000000000001
0.135,0.09202291852208044,3.516945565810543,343.75251146656336,5.87541961777034,445.42043420580956,0.28500000000000003
0.1375,0.09031794868627145,3.5144575488332848,342.6203982460395,5.870513315746766,444.69027621141066,0.2875
0.14,0.08862028885940444,3.511953152105816,341.48407568443304,5.865574716243395,443.96705663657434,0.29000000000000004
0.14250000000000002,0.08693016394719756,3.509432395190824,340.3435935299345,5.8606038579336746,443.23850797465997,0.2925000000000001
0.145,0.0852478322086869,3.5068952983569166,339.19900249058054,5.855600780914657,442.46502532903804,0.29500000000000004
0.1475,0.08357358687995677,3.5043418821496055,338.05035355542753,5.850565525975486,441.7227370501153,0.2975
0.15,0.0819077548722293,3.5017721673911852,336.8976979900207,5.845498134597415,440.95090875980367,0.30000000000000004
0.1525,0.08025070473744397,3.499186175601743,335.741086818836,5.840398649669777,440.1426469852207,0.3025
0.155,0.0786028685412992,3.4965839302600026,334.58056929589065,5.835267117632898,439.37260594198546,0.30500000000000005
0.1575,0.0769647042320325,3.493965455535236,333.4161944640297,5.830103586321148,438.55815280848475,0.3075
0.16,0.07533668379048508,3.4913307758651833,332.2480116670957,5.82490810424535,437.73222894936345,0.31000000000000005
0.1625,0.07371929186076168,3.4886799159557547,331.0760705455331,5.819680720592432,436.91966023801336,0.3125
0.165,0.07211304636087229,3.4860129011948016,329.90042172782535,5.814421485926925,436.06336659521565,0.31500000000000006
0.1675,0.07051855785769687,3.483329758891427,328.72111889374327,5.809130454290938,435.2207596041306,0.3175
0.17,0.06893645301010003,3.4806305170289873,327.5382166471372,5.803807681089202,434.36638937517876,0.32000000000000006
0.17250000000000001,0.06736735005274451,3.4779152038499466,326.35176981007834,5.7984532223852465,433.4691412652569,0.3225
0.17500000000000002,0.06581185762508872,3.4751838478554435,325.1618334177913,5.793067134900722,432.6097269803782,0.32500000000000007
0.1775,0.06427059265856151,3.472436478211778,323.96846356602066,5.787649476702524,431.7143670828383,0.3275
0.18,0.06274423183566895,3.469673125968205,322.771719938081,5.782200309260456,430.79311102636916,0.32999999999999996
0.1825,0.061233445492811324,3.466893822831044,321.5716631980119,5.776719695373698,429.8999402409245,0.3325
0.185,0.05973887665515421,3.4640986007554857,320.3683541261429,5.7712076984806355,428.964513454678,0.3350000000000001
0.1875,0.058261140321664406,3.461287491945009,319.16185361338654,5.765664382657801,428.0279748353998,0.3375
0.19,0.056800838173135505,3.4584605292506145,317.9522230502653,5.760089813292884,427.09475486957245,0.33999999999999997
0.1925,0.055358600595502794,3.4556177473670706,316.73952549338145,5.754484059100559,426.1200772185945,0.3425
0.195,0.053935034021411046,3.4527591816281658,315.5238244542575,5.748847190089916,425.16927671745674,0.3450000000000001
0.1975,0.05253070448998607,3.4498848676054803,314.30518349562936,5.7431792768877274,424.1969920990902,0.34750000000000003
0.2,0.05114613754096238,3.4469948411076468,313.08366622548857,5.737480390737091,423.18858257883767,0.35
0.2025,0.04978182946848108,3.444089138572332,311.85933654381046,5.731750604156437,422.21883752950106,0.35250000000000004
0.20500000000000002,0.0484382789234188,3.441167798240968,310.63225938671707,5.725989992914127,421.20832354436203,0.3550000000000001
0.20750000000000002,0.04711594921605038,3.438230858975129,309.4024999484891,5.720198634036291,420.18561190956206,0.35750000000000004
0.21,0.04581525686136969,3.4352783598622834,308.1701234208356,5.714376605143413,419.17783451477095,0.36
0.2125,0.044536572075929044,3.4323103402149213,306.93519498683827,5.708523984448627,418.1301585797997,0.36250000000000004
0.215,0.043280227624662715,3.4293268399552743,305.69778010576704,5.702640851402981,417.09460797820725,0.365
0.2175,0.04204654304793935,3.426327900768536,304.4579453701474,5.6967272886292974,416.04970714653786,0.36750000000000005
0.22,0.04083579838037412,3.423313564940398,303.2157576106534,5.6907833799699565,414.9658280074958,0.37
0.2225,0.03964822645118483,3.4202838749697713,301.97128359678794,5.684809209836584,413.9185850633721,0.37250000000000005
0.225,0.03848401384329525,3.4172388735677743,300.7245900307893,5.67880486320804,412.83767971956036,0.375
0.2275,0.03734330846221861,3.414178604035228,299.47574380915967,5.672770426262138,411.7371592367383,0.37750000000000006
0.23,0.03622623981722825,3.4111031113943704,298.22481281046066,5.666705988269304,410.65942840015225,0.38
0.2325,0.035132899665990466,3.408012441247551,296.9718650708239,5.660611639679808,409.54348446099107,0.38250000000000006
0.23500000000000001,0.034063336523680834,3.4049066393969274,295.71696850803846,5.6544874714863775,408.4313199946094,0.385
0.23750000000000002,0.03301755688005851,3.4017857518433305,294.4601909154959,5.648333575221901,407.3187603360598,0.38750000000000007
0.24,0.031995532422685345,3.398649825156524,293.2016001684728,5.642150043577755,406.16884965617453,0.39
0.2425,0.030997219303096825,3.395498907585468,291.94126484774716,5.635936972257913,405.04641505875566,0.39249999999999996
0.245,0.03002254157612015,3.392333047938147,290.6792535839532,5.629694458105018,403.90006148506865,0.395
0.2475,0.029071386504633943,3.3891522952082513,289.4156348374967,5.623422598475794,402.72831355925666,0.3975000000000001
0.25,0.028143605836851597,3.3859566985739216,288.1504768926306,5.617121491238459,401.58581148965425,0.4
0.2525,0.027239023244653056,3.3827463077607924,286.8838480350702,5.610791235377891,400.4067773281085,0.40249999999999997
0.255,0.02635745441183647,3.3795211741308386,285.6158170901468,5.604431932810719,399.2264452244014,0.405
0.2575,0.025498690403537028,3.3762813495833237,284.34645285517666,5.598043686549732,398.05141941313894,0.4075000000000001
0.26,0.024662492794838228,3.3730268861884665,283.0758239085647,5.591626600091922,396.84087162507586,0.41000000000000003
0.2625,0.023848594860262903,3.3697578361860656,281.80399860407664,5.585180777415599,395.651550874556,0.4125
0.265,0.023056709454238045,3.3664742523413658,280.53104523592845,5.578706323572613,394.4451361619964,0.41500000000000004
0.2675,0.022286550721468998,3.3631761890125,279.2570325392499,5.572203346465011,393.2091288696976,0.4175000000000001
0.27,0.021537815874744997,3.359863701072568,277.98202916136177,5.56567195504724,392.00721927998484,0.42000000000000004
0.2725,0.020810179641763057,3.356536843550259,276.70610348393024,5.5591122587266275,390.77064550341464,0.4225
0.275,0.02010329528117516,3.35319567162839,275.4293236174879,5.552524367360277,389.5289158433119,0.42500000000000004
0.2775,0.01941680289251129,3.3498402409925845,274.1517575531092,5.545908391834481,388.2969902667315,0.4275000000000001
0.28,0.01875035277087747,3.3464706088773926,272.8734736224716,5.539264445803555,387.03134834037985,0.43000000000000005
0.28250000000000003,0.01810358515675742,3.3430868330094548,271.59454001103114,5.532592643929329,385.78368698092874,0.4325
0.28500000000000003,0.017476123870484618,3.3396889712550792,270.31502459422654,5.525893101293844,384.52296099040103,0.43500000000000005
0.28750000000000003,0.016867577123309895,3.3362770816186997,269.0349949323038,5.5191659333960414,383.231057129862,0.4375000000000001
0.29,0.016277546107192013,3.3328512225843947,267.75451840880993,5.512411256718623,381.9754705149828,0.44000000000000006
0.2925,0.01570564955021649,3.329411454140752,266.47366265086,5.505629190429638,380.68705354477385,0.4425
0.295,0.015151501707849669,3.325957836745056,265.19249508375196,5.498819854658651,379.3909713239953,0.44499999999999995
0.2975,0.014614705296792775,3.32249043097785,263.91108278109044,5.491983369921582,378.1080077946415,0.4475
0.3,0.014094852106796302,3.3190092975412857,262.62949245996106,5.485119857117156,376.7932084587828,0.45000000000000007
0.3025,0.013591531664376953,3.3155144975935382,261.3477906096513,5.478229438081404,375.4939621149861,0.4525
0.305,0.013104356337940644,3.3120060937524594,260.06604388217033,5.471312237252615,374.1847532404927,0.45499999999999996
0.3075,0.012632938202997764,3.3084841490807606,258.784318678049,5.46436837998366,372.84547133451395,0.4575
0.31,0.012176881509938979,3.304948726747545,257.50268100703397,5.457397991978751,371.54222148816376,0.4600000000000001
0.3125,0.011735783122755694,3.301399890026562,256.22119648364423,5.4504011992897,370.20804706601075,0.4625
0.315,0.011309241048084602,3.297837702623542,254.93993044839993,5.4433781288582646,368.86583066170385,0.46499999999999997
0.3175,0.010896879411119777,3.2942622296587034,253.6589483352529,5.436328910145073,367.5377643845127,0.4675
0.32,0.010498324938071147,3.290673536672917,252.37831528179336,5.4292536734775085,366.179797135944,0.4700000000000001
0.3225,0.010113199227774003,3.2870716892961482,251.09809599829305,5.422152549498288,364.8360876586583,0.47250000000000003
0.325,0.009741119051158797,3.283456753245666,249.8183547636782,5.415025669161478,363.4845339950928,0.475
0.3275,0.00938170456481059,3.2798287946462956,248.53915554010345,5.407873164262948,362.1046020986188,0.47750000000000004
0.33,0.009034603556555146,3.2761878809919023,247.26056231974604,5.4006951690338205,360.75970969930944,0.4800000000000001
0.3325,0.008699468242354135,3.272534080172425,245.98263875698316,5.393491818523435,359.38584916922247,0.48250000000000004
0.335,0.008375947593152112,3.268867460149269,244.7054480449986,5.386263248059467,358.00601326864853,0.485
0.3375,0.008063687528707852,3.2651880889534395,243.42905291220558,5.379009593243827,356.6390828590554,0.48750000000000004
0.34,0.007762338676319033,3.261496034998776,242.15351573084516,5.371730990471361,355.24413492021927,0.4900000000000001
0.3425,0.007471579412639281,3.257791368022466,240.8788988451177,5.3644275784884545,353.8222782207454,0.49250000000000005
0.34500000000000003,0.007191093545849626,3.2540741581329318,239.60526422337398,5.357099496810516,352.3746344649398,0.495
0.34750000000000003,0.006920562903505219,3.250344475492109,238.3326733416496,5.34974688519348,350.90231851991405,0.49750000000000005
0.35000000000000003,0.006659667450152113,3.2466023903135466,237.0611871805648,5.342369883629572,349.40643772738196,0.5000000000000001
0.3525,0.006408092496044662,3.242847973168641,235.79086632866367,5.334968632854498,347.8881066474745,0.5025000000000001
0.355,0.006165550201831909,3.239081295906295,234.52177129397265,5.327543275871809,346.3484920913659,0.505
0.3575,0.005931758563419231,3.2353024307215583,233.25396217410926,5.320093956404311,344.7887653375002,0.5075
0.36,0.005706434412174501,3.231511449844808,231.98749854607186,5.312620818376828,343.2100859760687,0.51
0.3625,0.0054892934802225546,3.227708425539791,230.72243946362798,5.305124005911821,341.6136013244061,0.5125000000000001
0.365,0.005280057004534222,3.223893430402926,229.4588435559219,5.297603663825277,340.0004555705348,0.515
0.3675,0.005078471491583849,3.220066538262184,228.19676932398775,5.290059939117453,338.37181796620905,0.5175
0.37,0.0048842892738895005,3.216227823266424,226.93627482725074,5.282492979457655,336.7288526054569,0.52
0.3725,0.004697262021690923,3.212377359581444,225.67741757908004,5.274902932678066,335.0727081701549,0.5225000000000001
0.375,0.004517140774375438,3.2085152213879895,224.42025454468018,5.267289946769253,333.40451749732034,0.525
0.3775,0.0043436819187853675,3.2046414831741323,223.16484223531822,5.259654170364996,331.72539891290523,0.5275
0.38,0.004176665119919074,3.200756220613524,221.91123699079736,5.25199575419995,330.0364609910076,0.53
0.3825,0.004015875592244363,3.196859509675314,220.6594946813568,5.244314849627301,328.33879691376467,0.5325000000000001
0.385,0.003861098177659852,3.1929514263270558,219.40967060866055,5.236611608123455,326.63348243042583,0.535
0.3875,0.003712117356764575,3.1890320465326845,218.16181950419863,5.2288861812834595,324.92157559825404,0.5375
0.39,0.0035687226064435133,3.185101446538037,216.91599561941482,5.221138721294951,323.20410791071674,0.54
0.3925,0.00343072448888427,3.181159703728568,215.6722529949583,5.213369382363415,321.4820585344549,0.5425000000000001
0.395,0.0032979386804863463,3.1772068957597726,214.43064517717343,5.205578319262084,319.7563807345594,0.545
0.3975,0.00317018063558903,3.17324310026692,213.1912251242558,5.197765686847361,318.02801048687076,0.5475
0.4,0.0030472655874326984,3.1692683948630185,211.9540452051807,5.189931640054149,316.2978663794758,0.55
0.4025,0.0029290133067123303,3.1652828574175,210.7191572859561,5.182076334359152,314.5668282268799,0.5525000000000001
0.405,0.0028152623979530527,3.161286566893535,209.48661298636657,5.174199927174302,312.83567402063125,0.555
0.40750000000000003,0.002705856062741484,3.157279602498871,208.25646341034889,5.166302576428406,311.10514548981956,0.5575
0.41000000000000003,0.002600637344826821,3.1532620434023566,207.0287590570825,5.158384440093041,309.3759696457257,0.56
0.41250000000000003,0.0024994491274575163,3.149233968731881,205.80354982044074,5.150445676177884,307.64885879525986,0.5625000000000001
0.41500000000000004,0.0024021383317711256,3.1451954578463135,204.58088507157672,5.142486443183542,305.9244732429645,0.5650000000000001
0.4175,0.0023085685258550552,3.1411465911525225,203.36081390374162,5.134506901463788,304.2033110330239,0.5675
0.42,0.0022186073329884854,3.1370874492765215,202.14338487594964,5.126507211838317,302.4858229216557,0.57
0.4225,0.00213212223077488,3.1330181127867505,200.92864592881543,5.118487535129049,300.77245016999296,0.5725
0.425,0.0020489805493100984,3.128938662192033,199.71664438451813,5.110448032155393,299.0636245943837,0.5750000000000001
0.4275,0.001969053135478901,3.1248491782067713,198.5074270258867,5.102388864176857,297.3597158740114,0.5775
0.43,0.0018922253491688512,3.1207497425478317,197.30104032978895,5.094310194224664,295.66087577726233,0.58
0.4325,0.0018183860622401151,3.1166404371258847,196.09753022358424,5.08621218574512,293.9672006694593,0.5825
0.435,0.001747423993072208,3.1125213437754153,194.89694200552637,5.078095002146078,292.2787848804537,0.5850000000000001
0.4375,0.0016792277074130337,3.108392544252685,193.69932034523893,5.069958806792202,290.59572071817325,0.5875
0.44,0.0016136886870708536,3.104254120494264,192.50470935944392,5.061803763437554,288.91809010144243,0.59
0.4425,0.0015507105487874817,3.1001061553939024,191.31315283436516,5.053630037527194,287.2459398190737,0.5925
0.445,0.001490199863052082,3.0959487320139516,190.1246939945136,5.0454377948705895,285.5793073621119,0.5950000000000001
0.4475,0.0014320630881561117,3.091781933322077,188.93937542748415,5.037227201198096,283.91822940726297,0.5975
0.45,0.0013762065687491448,3.087605842189226,187.757239084941,5.028998422156207,282.2627418218553,0.6
0.4525,0.0013225391558230443,3.0834205416415417,186.5783263551114,5.020751623730348,280.6128761412442,0.6025
0.455,0.0012709800889220638,3.079226115617389,185.40267827462688,5.012486973517057,278.9686491563826,0.6050000000000001
0.4575,0.0012214511609362807,3.075022648198716,184.23033530919423,5.004204639426883,277.330073789255,0.6075
0.46,0.001173874096768077,3.0708102233544325,183.06133728264206,4.995904789250688,275.69716266293295,0.61
0.4625,0.0011281705488431955,3.0665889249383973,181.89572337839272,4.987587590654934,274.0699281024693,0.6125
0.465,0.0010842643340312778,3.0623588369347785,180.73353220884832,4.9792532115948624,272.44837470319885,0.6150000000000001
0.4675,0.0010420881719915558,3.058120044195356,179.57480201705212,4.970901821557866,270.8324773864884,0.6175
0.47000000000000003,0.0010015769876606413,3.0538726316907336,178.41957046882885,4.962533590295325,269.2222043114964,0.62
0.47250000000000003,0.0009626656678877036,3.049616684260311,177.26787458593293,4.954148687398561,267.61752438810794,0.6225
0.47500000000000003,0.0009252890549711639,3.0453522866103144,176.1197507479897,4.945747282294149,266.01840726868085,0.6250000000000001
0.47750000000000004,0.0008893838892083567,3.041079523552647,174.97523475888283,4.937329544647721,264.4248289187099,0.6275000000000001
0.48,0.0008548946521523031,3.0367984807226547,173.83436203860276,4.928895645579135,262.83678807723885,0.63
0.4825,0.0008217677201734396,3.03250924385001,172.6971674264575,4.920445756422647,261.25428904618394,0.6325
0.485,0.0007899494125258586,3.028211898515272,171.56368511816888,4.911980048312384,259.6773360429745,0.635
0.4875,0.0007593859876734903,3.0239065301479524,170.43394866826773,4.9034986921776955,258.10593319944223,0.6375000000000001
0.49,0.0007300252756741756,3.019593224258918,169.30799105358557,4.895001859137764,256.5400861750041,0.64
0.4925,0.0007018215886161762,3.0152720671387745,168.18584485564244,4.886489721689176,254.9798069198792,0.6425
0.495,0.0006747308198331507,3.0109431451482935,167.06754207453022,4.877962452493898,253.4251086946515,0.645
0.4975,0.0006487088066220491,3.006606544481509,165.9531140698183,4.869420223974051,251.87600443729204,0.6475000000000001
0.5,0.0006237113275382494,3.0022623511638225,164.84259156337347,4.860863208307353,250.33250676421352,0.65
0.5025000000000001,0.0005996954718305519,2.9979106512780276,163.73600470005675,4.852291577812749,248.79462900984177,0.6525
0.505,0.0005766237587938845,2.993551531643471,162.63338322099182,4.843705506110933,247.2623882920086,0.6549999999999999
0.5075000000000001,0.000554460028861107,2.9891850791258814,161.534756287733,4.835105166939608,245.73580230869717,0.6575000000000001
0.51,0.0005331680707717598,2.984811380406952,160.4401524268331,4.826490733757404,244.21488828923455,0.66
0.5125,0.0005127116194857899,2.9804305219824916,159.34959953306236,4.817862379739379,242.6996629968658,0.6625
0.515,0.0004930554974882021,2.9760425903821317,158.2631249274078,4.809220278153899,241.190142901052,0.6650000000000001
0.5175,0.00047416904829589184,2.9716476728294445,157.18075552155057,4.8005646034967135,239.68634468073395,0.6675000000000001
0.52,0.0004560227138372288,2.9672458565710156,156.1025176519367,4.791895530332931,238.1882847031583,0.67
0.5225,0.0004385868906594442,2.962837228652451,155.02843702785714,4.783213232909885,236.69597885495185,0.6725
0.525,0.00042183192819210364,2.9584218759166188,153.95853873504893,4.774517885152776,235.20944254505133,0.6749999999999999
0.5275,0.0004057290752382026,2.953999885217055,152.89284729107362,4.765809661032945,233.72869051839876,0.6774999999999999
0.53,0.00039025332776275717,2.949571344059248,151.83138680133692,4.757088735676092,232.25373630070817,0.68
0.5325,0.00037538059107511764,2.9451363399487764,150.7741808026782,4.748355284230436,230.7845927858134,0.6825
0.535,0.00036108673132142507,2.9406949601737224,149.72125221481915,4.739609481488375,229.32127243004894,0.6850000000000002
0.5375,0.00034734757401083595,2.9362472918029527,148.6726233443122,4.730851501882218,227.86378725500057,0.6875000000000001
0.54,0.000334139685033498,2.931793421893351,147.62831593739824,4.722081519844129,226.41214847254508,0.6900000000000001
0.5425,0.00032144272087535904,2.9273334381124116,146.5883513278701,4.713299710889018,224.96636537374889,0.6925
0.545,0.00030923708718195265,2.922867428105289,145.5527502898112,4.704506250508367,223.52644649835412,0.695
0.5475,0.00029750315605794425,2.918395479283559,144.52153299226794,4.6957013138004875,222.09240001958594,0.6974999999999999
0.55,0.00028622126481667057,2.9139176788235623,143.4947190035161,4.686885075466387,220.66423374639572,0.7000000000000001
0.5525,0.0002753723575092087,2.909434113867507,142.47232734147474,4.678057710161544,219.24195471462207,0.7025
0.555,0.0002649399155967721,2.904944872127568,141.45437661373154,4.66921939355409,217.8255679772207,0.7050000000000002
0.5575,0.00025490803479280745,2.9004500412716867,140.4408848790534,4.660370301243718,216.4150778767179,0.7075000000000001
0.56,0.00024526078212715635,2.89594970871861,139.43186960513657,4.651510608400389,215.0104884632831,0.7100000000000001
0.5625,0.00023598219490014003,2.8914439616363095,138.42734767316423,4.642640489760352,213.6118034963739,0.7125
0.5650000000000001,0.0002270568054158524,2.886932887137025,137.4273354258558,4.633760119969931,212.2190260831093,0.715
0.5675,0.00021847122027916552,2.882416572863051,136.43184879995408,4.624869674619572,210.83215760909042,0.7174999999999999
0.5700000000000001,0.00021021254743898763,2.877895106391115,135.44090319614114,4.615969329187292,209.4511988628803,0.7200000000000001
0.5725,0.00020226787029950424,2.8733685750336435,134.45451343972573,4.607059258685684,208.07615040513625,0.7225
0.5750000000000001,0.00019462424686180827,2.868837065837258,133.47269378545465,4.598139637658073,206.70701256970304,0.7250000000000002
0.5775,0.00018726913727029208,2.8643006657718195,132.49545796328093,4.5892106405145405,205.34378519335436,0.7275000000000001
0.58,0.00018019169066099084,2.8597594622981157,131.5228193036051,4.58027244254236,203.98646681718785,0.7300000000000001
0.5825,0.0001733814636151214,2.8552135427906165,130.55479061523448,4.571325218873498,202.63505552670628,0.7325
0.585,0.00016682799168727446,2.85066299434492,129.5913841488634,4.562369144139713,201.2895492274449,0.735
0.5875,0.00016052078871504297,2.8461079037763346,128.63261160211138,4.553404392468875,199.94994564564007,0.7374999999999999
0.59,0.0001544496941186497,2.8415483578029814,127.67848416308134,4.544431137813409,198.61624216426821,0.7399999999999999
0.5925,0.00014860591823178502,2.836984443595585,126.72901262864505,4.535449554937702,197.28843533863463,0.7425
0.595,0.00014298100138260186,2.8324162482184296,125.7842072900889,4.526459818409094,195.96652140625415,0.745
0.5975,0.0001375664658738277,2.827843858442911,124.8440778992461,4.517462102260912,194.65049645411665,0.7475000000000002
0.6,0.00013235381543824927,2.8232673607462164,123.90863367372997,4.508456579988976,193.3403564191106,0.7500000000000001
0.6025,0.00012733481622485512,2.8186868414885673,122.97788333835551,4.49944342487265,192.0360970274376,0.7525000000000001
0.605,0.00012250234252230335,2.814102387445283,122.05183523675115,4.490422810939749,190.73771361529822,0.755
0.6075,0.00011784953468872016,2.809514085265776,121.13049722433713,4.481394911980506,189.44520131812675,0.7575
0.61,0.00011336951762081079,2.804922021293147,120.21387663697791,4.472359901218391,188.15855513278532,0.7599999999999999
0.6125,0.00010905540033203364,2.800326281562952,119.30198029637096,4.463317951306804,186.87776991792586,0.7625000000000001
0.615,0.00010490050412502395,2.795726951974657,118.39481454940857,4.454269234642892,185.60284042316064,0.765
0.6175,0.00010089904932391131,2.791124118806203,117.49238537338962,4.445213924310537,184.33376137428232,0.7675000000000002
0.62,9.704547158246629e-05,2.786517868190818,116.59469827598568,4.436152193116779,183.07052738450002,0.7700000000000001
0.6225,9.333419331431362e-05,2.7819082859425985,115.70175826627441,4.427084213270218,181.81313292568765,0.7725000000000001
0.625,8.975962337172835e-05,2.777295457555384,114.81356986026186,4.418010156377922,180.5615723288421,0.775
0.6275000000000001,8.631633713909597e-05,2.772679468368481,113.93013711824548,4.408930193752229,179.31583988430097,0.7775
0.63,8.29996185444224e-05,2.7680604040639336,113.05146374389564,4.3998444973322925,178.07593013593896,0.7799999999999999
0.6325000000000001,7.98049204915162e-05,2.7634383501609596,112.17755299087399,4.390753238742465,176.84183757284805,0.7825000000000001
0.635,7.672768447868421e-05,2.7588133918474704,111.30840763611845,4.381656588978159,175.61355652888952,0.785
0.6375000000000001,7.376334035720461e-05,2.7541856139790215,110.44402998546028,4.372554718402924,174.39108118339357,0.7875000000000002
0.64,7.090748774938613e-05,2.7495551012389057,109.58442190906213,4.363447797048432,173.174405712394,0.7900000000000001
0.6425,6.81564418924065e-05,2.7449219386183286,108.72958493462939,4.3543359955151315,171.96352473251503,0.7925000000000001
0.645,6.550669043095551e-05,2.7402862109282733,107.87952016035098,4.3452194840520555,170.7584328355026,0.795
0.6475,6.295471186249806e-05,2.7356480026368777,107.0342282303043,4.336098432249976,169.55912443660418,0.7975
0.65,6.0496975362940626e-05,2.7310073978684897,106.19370934014289,4.326973009038691,168.36559377561193,0.7999999999999999
0.6525,5.8130043202441896e-05,2.72636448055818,105.35796327067128,4.317843382980335,167.1778351002811,0.8024999999999999
0.655,5.585087896379056e-05,2.721719334915038,104.52698947544,4.308709723149663,165.99584320419615,0.805
0.6575,5.3656540741309615e-05,2.7170720449512715,103.70078699969123,4.299572198234825,164.81961286282404,0.8075
0.66,5.1544078578782715e-05,2.7124226943253684,102.87935445775594,4.2904309762375945,163.64913864998655,0.8100000000000002
0.6625,4.951053434004096e-05,2.70777136634125,102.06269003878299,4.2812862244709,162.484414939311,0.8125000000000001
0.665,4.7553021513742214e-05,2.7031181440972905,101.25079153851634,4.272138109845639,161.3254361036106,0.8150000000000001
0.6675,4.5668965371973337e-05,2.6984631109329458,100.44365644152144,4.262986799731109,160.17219709879384,0.8175
0.67,4.385586393090361e-05,2.6938063499748655,99.64128184582044,4.253832461076207,159.02469285194965,0.82
0.6725,4.211120804467506e-05,2.689147943985785,98.84366444216494,4.24467526011664,157.88291806246804,0.8224999999999999
0.675,4.043248131052541e-05,2.6844879753637834,98.05080051977478,4.235515362372657,156.74686720394268,0.8250000000000001
0.6775,3.881723099469452e-05,2.679826526285865,97.2626859963824,4.226352932929551,155.61653472652233,0.8275
0.68,3.7263281433771936e-05,2.675163679138149,96.47931649532964,4.217188137278745,154.49191564857958,0.8300000000000002
0.6825,3.576852167109059e-05,2.670499516078787,95.70068727559246,4.208021140458943,153.37300493719303,0.8325000000000001
0.685,3.433083447791515e-05,2.665834118892506,94.9267932128075,4.198852106770113,152.259797307132,0.8350000000000001
0.6875,3.294809628557444e-05,2.6611675689899754,94.15762880499926,4.189681199771481,151.1522872232201,0.8375
0.6900000000000001,3.161823743659908e-05,2.6564999475460302,93.39318820094786,4.1805085825558645,150.050469096008,0.84
0.6925,3.033942344377219e-05,2.6518313359136316,92.6334652723944,4.171334418571895,148.95433785279008,0.8424999999999999
0.6950000000000001,2.910987463922707e-05,2.647161815203377,91.87845354915784,4.16215887078465,147.86388834044735,0.8450000000000001
0.6975,2.7927805901630574e-05,2.642491466143632,91.12814620180647,4.152982101396274,146.779115132089,0.8475
0.7000000000000001,2.6791426608762383e-05,2.6378203690800004,90.38253604734332,4.143804271844198,145.70001252985625,0.8500000000000002
0.7025,2.5698992321895316e-05,2.6331486041082623,89.64161557596302,4.134625543069497,144.62657474734277,0.8525000000000001
0.705,2.464896025202761e-05,2.6284762514723274,88.90537701858747,4.125446076320724,143.55879644063097,0.8550000000000001
0.7075,2.3639834594528316e-05,2.6238033911601266,88.1738122867952,4.116266032333556,142.4966721538785,0.8575
0.71,2.2670114845640998e-05,2.6191301027692506,87.44691295702572,4.107085571057886,141.44019614025555,0.86
0.7125,2.1738295770283398e-05,2.6144564655065317,86.72467027620254,4.097904851656282,140.3893623651652,0.8624999999999999
0.715,2.0842911416550092e-05,2.6097825583157657,86.00707518693594,4.088724032766515,139.34416467143606,0.8649999999999999
0.7175,1.9982667495054946e-05,2.6051084602598866,85.2941183906095,4.079543273287504,138.30459725879444,0.8675
0.72,1.9156309697242922e-05,2.60043425013301,84.58579029184922,4.070362731577488,137.27065418441143,0.87
0.7225,1.8362579696216168e-05,2.5957600063315196,83.88208098415485,4.061182565187444,136.24232920209215,0.8725000000000002
0.725,1.7600215125635778e-05,2.591085806853746,83.18298025544038,4.052002930859777,135.2196157658711,0.8750000000000001
0.7275,1.6867986994072768e-05,2.586411729422564,82.48847761173829,4.042823984785207,134.2025071760938,0.8775000000000001
0.73,1.6164812200986096e-05,2.581737851851992,81.7985623360532,4.033645883371257,133.1909970018866,0.88
0.7325,1.5489641624827132e-05,2.5770642516751816,81.11322343710336,4.024468782458502,132.1850786423799,0.8825
0.735,1.4841422732743148e-05,2.572391006020868,80.43244963628287,4.015292837060164,131.18474518597444,0.8849999999999999
0.7375,1.4219099567421665e-05,2.567718191613157,79.75622937309662,4.006118201361053,130.1899894142597,0.8875000000000001
0.74,1.3621644440912029e-05,2.563045884889061,79.08455082742498,3.9969450289689283,129.20080392867752,0.89
0.7425,1.3048153237505682e-05,2.558374162349751,78.4174019743487,3.987773473666008,128.21718151520898,0.8925000000000002
0.745,1.2497750629937917e-05,2.5537031002042756,77.75477053691179,3.978603688642861,127.23911476706034,0.8950000000000001
0.7475,1.1969558414112537e-05,2.5490327742512884,77.09664397431757,3.969435826243994,126.2665959642204,0.8975000000000001
0.75,1.1462695501515461e-05,2.544363259878957,76.44300948724057,3.9602700379670632,125.29961707764677,0.9
0.7525000000000001,1.097630468990033e-05,2.539694632177497,75.7938540387073,3.9511064747088627,124.33816987724688,0.9025
0.755,1.0509633154736889e-05,2.5350269662753173,75.14916440509144,3.941945287500311,123.38224624107674,0.9049999999999999
0.7575000000000001,1.0061952400825989e-05,2.530360336998223,74.50892713265617,3.9327866267574976,122.4318378370197,0.9075000000000001
0.76,9.632531521731581e-06,2.525694818756375,73.87312852689213,3.9236306420331792,121.48693602177897,0.91
0.7625000000000001,9.220637196011143e-06,2.5210304855442867,73.24175465769078,3.9144774820162187,120.54753184527564,0.9125000000000002
0.765,8.825556231618847e-06,2.516367411048455,72.61479137889542,3.905327294772356,119.61361614155716,0.9150000000000001
0.7675000000000001,8.446663344209779e-06,2.5117056689686095,71.99222437565935,3.896180228463106,118.68517978737442,0.9175000000000001
0.77,8.083353754547711e-06,2.507045332692189,71.37403912453591,3.8870364306135494,117.76221343765256,0.92
0.7725,7.735020673843877e-06,2.502386475186434,70.76022088387079,3.877896047869554,116.84470744217997,0.9225
0.775,7.401055302535437e-06,2.4977291689984953,70.15075469882382,3.8687592259974712,115.93265185016054,0.9249999999999999
0.7775,7.080865760368378e-06,2.4930734863582207,69.54562541964215,3.859626110119821,115.0260364854203,0.9274999999999999
0.78,6.773933993783042e-06,2.4884194994847344,68.94481774556961,3.850496845418524,114.12485115850546,0.93
0.7825,6.4797591852223765e-06,2.483767280275966,68.3483161882599,3.8413715764190193,113.22908545150713,0.9325
0.785,6.19783885120273e-06,2.479116900205797,67.75610506314403,3.8322504467530627,112.33872865094708,0.9350000000000002
0.7875,5.927668842731663e-06,2.474468430324277,67.16816849428504,3.8231335991586755,111.45376975243565,0.9375000000000001
0.79,5.6687591946867276e-06,2.469821941355645,66.5844904314286,3.8140211757109004,110.57419752395244,0.9400000000000001
0.7925,5.420681768272324e-06,2.465177503990467,66.00505469064129,3.8049133185097634,109.70000068269168,0.9425
0.795,5.1830228738910215e-06,2.4605351885899736,65.42984492083583,3.795810168980296,108.83116771729595,0.945
0.7975,4.955367447637864e-06,2.4558950650882054,64.85884459603623,3.7867118676408045,107.96768683301012,0.9474999999999999
0.8,4.737299052730017e-06,2.451257202992322,64.29203702005451,3.7776185541030425,107.10954595639548,0.9500000000000001
0.8025,4.528413111449797e-06,2.4466216714759312,63.72940534237006,3.768530367298172,106.25673278235783,0.9525
0.805,4.328356676795555e-06,2.4419885396570136,63.1709325956705,3.759447446149871,105.40923490312706,0.9550000000000002
0.8075,4.1367888821807865e-06,2.437357876316848,62.616601665286595,3.7503699288898575,104.5670396812095,0.9575000000000001
0.81,3.95336773276807e-06,2.4327297498070592,62.06639528228231,3.741297952831459,103.73013421110608,0.9600000000000001
0.8125,3.7777501074490393e-06,2.4281042280500382,61.52029602794469,3.7322316543700547,102.89850532402744,0.9625
0.8150000000000001,3.6096027752890137e-06,2.423481378627642,60.97828634854198,3.723171169204342,102.0721396454073,0.965
0.8175,3.4486355053540562e-06,2.4188612690451303,60.44034858993446,3.7141166329949837,101.25102375464995,0.9674999999999999
0.8200000000000001,3.2945681397464363e-06,2.41424396646445,59.90646496972702,3.7050681806952417,100.43514402539739,0.9700000000000001
0.8225,3.147119597735493e-06,2.4096295376161208,59.37661757111502,3.6960259463297316,99.62448657660502,0.9725
0.8250000000000001,3.0060078780717205e-06,2.4050180487997386,58.8507883471804,3.6869900629950947,98.81903727727857,0.9750000000000002
0.8275,2.8709592045755554e-06,2.4004095659681437,58.32895913457773,3.6779606630767248,98.01878179079645,0.9775000000000001
0.8300000000000001,2.741735511104427e-06,2.3958041549775815,57.81111168537604,3.668937878893323,97.22370569587088,0.9800000000000001
0.8325,2.6181071077159233e-06,2.3912018813351237,57.297227641746325,3.659921842042261,96.4337943678927,0.9825
0.835,2.49984355314347e-06,2.3866028101153,56.787288530498934,3.6509126831833796,95.64903294340237,0.985
0.8375,2.3867136572004515e-06,2.382007005960705,56.28127576718041,3.641910532039906,94.8694063247959,0.9874999999999999
0.84,2.278493051657566e-06,2.3774145331616854,55.779170668735496,3.632915517610745,94.09489919151432,0.9899999999999999
0.8425,2.1749869413674974e-06,2.372825455892965,55.280954482735304,3.623927768801319,93.32549602380772,0.9925
0.845,2.0760074779094563e-06,2.368239837974963,54.78660836442555,3.6149474137832813,92.56118108705827,0.995
0.8475,1.9813662043438755e-06,2.363657742795103,54.29611337189659,3.605974579783237,91.80193842975143,0.9975000000000002
0.85,1.890874057501396e-06,2.3590792333085084,53.80945046997567,3.5970093930838924,91.04775188803842,1.0
0.8525,1.8043476187476616e-06,2.3545043721132957,53.326600541913415,3.5880519792320467,90.29860510213675,1.0025
0.855,1.7216278967660027e-06,2.349933221673874,52.84754441614578,3.5791024636560413,89.55448155565959,1.005
0.8575,1.6425616465049334e-06,2.345365844095941,52.37226284553982,3.5701609710394875,88.81536454310442,1.0074999999999998
0.86,1.5669951317168897e-06,2.3408023010523844,51.90073650314049,3.561227625114773,88.08123716224574,1.0099999999999998
0.8625,1.4947741271074655e-06,2.336242653784069,51.432945985854595,3.5523025486644517,87.35208231856373,1.0125000000000002
0.865,1.4257490649883956e-06,2.331686963170801,50.96887182520892,3.5433858637250206,86.62788273909892,1.0150000000000001
0.8675,1.359790499263061e-06,2.3271352899415336,50.50849451178848,3.5344776921913668,85.90862100456924,1.0175
0.87,1.2967737242020635e-06,2.3225876944628054,50.05179447652497,3.5255781552041046,85.1942795242166,1.02
0.8725,1.236573639082598e-06,2.318044236669157,49.598752086967565,3.5166873729477874,84.48484053050238,1.0225
0.875,1.1790647501659504e-06,2.3135049760640083,49.149347650758195,3.5078054646525203,83.78028608338839,1.025
0.8775000000000001,1.1241253968159896e-06,2.3089699717863645,48.70356142550538,3.498932548793632,83.08059808369333,1.0274999999999999
0.88,1.0716504486724725e-06,2.3044392828081497,48.26137364103664,3.4900687436834255,82.38575830403445,1.0299999999999998
0.8825000000000001,1.0215386755067634e-06,2.299912967735857,47.82276448258256,3.4812141668718337,81.69574836459945,1.0325000000000002
0.885,9.736885306390758e-07,2.295391084745409,47.38771408752398,3.4723689349491784,81.01054972804106,1.0350000000000001
0.8875000000000001,9.279981527316356e-07,2.290873691583112,46.95620254865737,3.4635331635480098,80.33014370360273,1.0375
0.89,8.843688266815195e-07,2.2863608456281854,46.52820992322986,3.4547069675387876,79.65451145950651,1.04
0.8925000000000001,8.427153809439488e-07,2.281852604077436,46.10371625313596,3.4458904616092543,78.98363405133962,1.0425
0.895,8.029558442836836e-07,2.2773490237598977,45.682701549859416,3.437083759678057,78.31749240020557,1.045
0.8975,7.650079928996158e-07,2.272850161076051,45.26514579165275,3.428286974701962,77.65606728828597,1.0474999999999999
0.9,7.287893520301829e-07,2.2683560719988622,44.85102892659284,3.4195002186779213,76.99933936280604,1.0499999999999998
0.9025,6.942200226037528e-07,2.2638668121321897,44.440330880820326,3.410723602834843,76.34728914762393,1.0524999999999998
0.905,6.612311725094346e-07,2.2593824368830355,44.03303157680662,3.4019572382008905,75.6998970695866,1.0550000000000002
0.9075,6.297565887704409e-07,2.2549030012889384,43.62911091992406,3.39320123502977,75.05714343849311,1.0575
0.91,5.99729857604908e-07,2.250428559961478,43.22854879601493,3.384455702612292,74.41900844313803,1.06
0.9125,5.71084365847541e-07,2.2459591670873875,42.831325074240866,3.37572074927864,73.78547215511026,1.0625
0.915,5.437556034491626e-07,2.2414948764829203,42.43741961456773,3.3669964825863397,73.15651453958965,1.065
0.9175,5.176880796606324e-07,2.237035741753888,42.04681228422353,3.3582830098757768,72.53211547969956,1.0675
0.92,4.92828441607904e-07,2.2325818161355815,41.65948294577399,3.3495804377088305,71.9122547582461,1.0699999999999998
0.9225,4.6912317738639535e-07,2.2281331524404866,41.275411455043894,3.340888871684687,71.29691205422817,1.0724999999999998
0.925,4.465186173077569e-07,2.2236898030594587,40.894577663762476,3.332208416442312,70.686066946465,1.0750000000000002
0.9275,4.2496280448291855e-07,2.219251820012129,40.516961426335655,3.3235391758447026,70.07969892364899,1.0775000000000001
0.93,4.044111131816702e-07,2.214819255094937,40.142542614608104,3.314881253522883,69.4777874068403,1.08
0.9325,3.848206581658227e-07,2.210392159733363,39.77130110733079,3.306234752326618,68.88031173282147,1.0825
0.935,3.6614842874933563e-07,2.2059705849337643,39.40321678839946,3.297599774144373,68.28725115101747,1.085
0.9375,3.4835128988234727e-07,2.201554581284629,39.03826954929968,3.288976419905977,67.6985848269512,1.0875
0.9400000000000001,3.3138749783630006e-07,2.1971441990030685,38.676439295205356,3.280364789763238,67.11429185158558,1.0899999999999999
0.9425,3.152212522462014e-07,2.192739488071074,38.31770595815603,3.271764983622688,66.53435126207144,1.0924999999999998
0.9450000000000001,2.9981816603652217e-07,2.188340498099832,37.96204948780774,3.2631771006081003,65.95874202659625,1.0950000000000002
0.9475,2.8514375357431246e-07,2.1839472782856086,37.609449849956846,3.254601238884485,65.38744304167494,1.0975000000000001
0.9500000000000001,2.711634316043394e-07,2.1795598774110636,37.25988702878902,3.2460374956609512,64.82043313542943,1.1
0.9525,2.578437441512537e-07,2.1751783438879193,36.9133410323438,3.2374859673677747,64.25769107625966,1.1025
0.9550000000000001,2.451560409508418e-07,2.170802725881642,36.56979190420987,3.22894675017811,63.699195591955004,1.105
0.9575,2.3307281636918382e-07,2.1664330711876154,36.22921971545934,3.220419939482059,63.144925355917835,1.1075
0.96,2.215664876605668e-07,2.1620694271910024,35.89160456342776,3.2119056297146305,62.59485898478227,1.1099999999999999
0.9625,2.1060939576842168e-07,2.1577118408681195,35.5569265737722,3.2034039143587876,62.04897504151906,1.1124999999999998
0.965,2.0017479264560112e-07,2.1533603588253367,35.22516590533859,3.1949148861190078,61.50725204346895,1.1149999999999998
0.9675,1.90239805966e-07,2.149015027412406,34.89630276047524,3.186438637432232,60.96966847992525,1.1175000000000002
0.97,1.8078248805456208e-07,2.144675892610272,34.570317378056046,3.177975259953239,60.43620279961786,1.12
0.9725,1.7178083115842384e-07,2.1403429999948287,34.247190032489684,3.1695248443864505,59.90683340862532,1.1225
0.975,1.632127681283432e-07,2.136016394738354,33.926901035593055,3.1610874804891793,59.38153867330334,1.125
0.9775,1.5505696616782753e-07,2.1316961216447083,33.60943074089725,3.152663257241754,58.86029692771577,1.1275
0.98,1.472952100854968e-07,2.1273822252515187,33.29475955267384,3.144252263347912,58.34308648978951,1.13
0.9825,1.3991002971871372e-07,2.1230747497294074,32.98286791995924,3.1358545867312326,57.8298856499533,1.1324999999999998
0.985,1.3288390830123763e-07,2.1187737388495713,32.67373633576859,3.1274703143707443,57.320672669308394,1.1349999999999998
0.9875,1.2619928303937488e-07,2.1144792359852635,32.36734533879102,3.1190995323043267,56.81542578238171,1.1375000000000002
0.99,1.19839181586444e-07,2.110191284143368,32.06367551716926,3.1107423257954934,56.31412320398819,1.1400000000000001
0.9925,1.137891329048795e-07,2.1059099260556415,31.762707516328003,3.102398779823403,55.816743144054286,1.1425
0.995,1.0803526471932966e-07,2.101635204089143,31.46442203391788,3.0940689785901587,55.323263797312435,1.145
0.9975,1.0256366876457649e-07,2.09736716021756,31.16879981921198,3.0857530053601194,54.833663341698106,1.1475
1.0,9.736040126983615e-08,2.0931058360227386,30.87582167462929,3.0774509424634706,54.34791994093051,1.15
1.0025,9.241199200108693e-08,2.08885127272269,30.5854684590218,3.069162871459698,53.866011750837416,1.1524999999999999
1.0050000000000001,8.77069724009003e-08,2.0846035112521055,30.297721094390337,3.0608888736174196,53.38791693294015,1.1550000000000002
1.0075,8.323435389305473e-08,2.0803625921837683,30.01256056167145,3.052629029432347,52.91361364511011,1.1575000000000002
1.01,7.898312023630415e-08,2.0761285557035483,29.72996790029669,3.0443834184702254,52.44308004016415,1.1600000000000001
1.0125,7.494222792921379e-08,2.0719014416119794,29.44992420955134,3.0361521193705636,51.97629426827342,1.1625
1.0150000000000001,7.110101228482401e-08,2.0676812893487693,29.17241065140149,3.027935210006861,51.51323448278407,1.165
1.0175,6.745040635056668e-08,2.0634681380627797,28.897408456177807,3.019732767956416,51.05387885265023,1.1675
1.02,6.398172695725677e-08,2.059262026544212,28.624898919134566,3.0115448700287684,50.598205553965464,1.17
1.0225,6.068626977175628e-08,2.0550629932032005,28.354863400153338,3.003371592112204,50.146192768729904,1.1724999999999999
1.025,5.75553096335981e-08,2.0508710760714286,28.08728332494477,2.9952130091776437,49.697818687091114,1.1749999999999998
1.0275,5.458042365648215e-08,2.0466863128232027,27.822140187446152,2.9870691954356423,49.25306151268951,1.1775000000000002
1.03,5.1754460995700976e-08,2.0425087408351117,27.55941555455021,2.978940224796369,48.81189947402421,1.1800000000000002
1.0325,4.907057689136166e-08,2.0383383971287627,27.299091063369758,2.9708261704083205,48.37431081677704,1.1825
1.035,4.652191047375103e-08,2.0341753183529026,27.04114842106979,2.9627271045083603,47.94027380272748,1.185
1.0375,4.410158504182886e-08,2.030019540785073,26.78556940591972,2.9546430984257297,47.50976671182892,1.1875
1.04,4.180296448503699e-08,2.025871100349312,26.53233586929139,2.9465742227358986,47.08276784710901,1.19
1.0425,3.9620422842799346e-08,2.021730032665681,26.281429739504876,2.938520547710798,46.659255545045696,1.1925
1.045,3.754857765092196e-08,2.0175963730033564,26.032833019738,2.93048214286771,46.23920816860979,1.1949999999999998
1.0475,3.558203424655376e-08,2.013470156266199,25.78652778797142,2.9224590768227423,45.82260410630457,1.1975000000000002
1.05,3.371538599746844e-08,2.009351416994445,25.542496197899997,2.9144514172949885,45.409421774082,1.2000000000000002
1.0525,3.194341728380925e-08,2.005240189379095,25.300720480558844,2.906459231257223,44.99963961982536,1.2025000000000001
1.055,3.0261712617090565e-08,2.001136507301517,25.061182947354986,2.8984825853765552,44.59323613281226,1.205
1.0575,2.8666049723961134e-08,1.9970404042966698,24.823865988564695,2.8905215455733146,44.190189837403445,1.2075
1.06,2.7152197144725248e-08,1.9929519135420657,24.588752073378867,2.882576176877954,43.79047929218802,1.21
1.0625,2.5715914421219607e-08,1.9888710678594796,24.355823750680173,2.874646543435298,43.3940830917434,1.2125
1.065,2.435311236486842e-08,1.9847978997260982,24.125063650325778,2.8667327086521666,43.000979870728465,1.2149999999999999
1.0675000000000001,2.3060333950680514e-08,1.9807324413043819,23.896454485428507,2.8588347356285104,42.61114831250355,1.2175000000000002
1.07,2.1834275082439083e-08,1.9766747244152316,23.66997905138944,2.8509526867262105,42.22456714340095,1.2200000000000002
1.0725,2.067162478621363e-08,1.9726247805302544,23.445620226031714,2.843086623429316,41.841215131956446,1.2225000000000001
1.075,1.956906536361104e-08,1.9685826407735023,23.223360970251743,2.835236606348427,41.46107109051887,1.225
1.0775000000000001,1.8523398610180255e-08,1.9645483359294396,23.00318432898406,2.8274026953652305,41.08411387897957,1.2275
1.08,1.7531924503494268e-08,1.9605218964632511,22.785073432793,2.819584950054226,40.71032241261702,1.23
1.0825,1.659206375631971e-08,1.9565033525037525,22.569011497391724,2.811783429261317,40.33967565688734,1.2325
1.085,1.5701231963993348e-08,1.9524927338388913,22.354981823853947,2.8039981909673712,39.97215262672691,1.2349999999999999
1.0875000000000001,1.4856839728873587e-08,1.9484900699175105,22.142967799147048,2.7962292922927046,39.607732388015755,1.2375000000000003
1.09,1.4056391810036552e-08,1.9444953898541912,21.932952896803794,2.7884767896385587,39.24639406096884,1.2400000000000002
1.0925,1.3297784567983685e-08,1.9405087224402027,21.724920677881503,2.7807407390994845,38.88811682726945,1.2425000000000002
1.095,1.257900944170816e-08,1.936530096135947,21.518854790922767,2.7730211960516424,38.53287992532269,1.245
1.0975,1.189805408779274e-08,1.9325595390696406,21.314738972235432,2.765318215019648,38.18066264961449,1.2475
1.1,1.1252902481037566e-08,1.928597079039087,21.11255704631564,2.757631849681151,37.83144435203481,1.25
1.1025,1.0641612601262282e-08,1.9246427435134599,20.912292926249442,2.7499621530052636,37.48520444495451,1.2525
1.105,1.0062549466283437e-08,1.9206965596350776,20.713930614093755,2.7423091776556614,37.14192240770756,1.255
1.1075,9.514152777962845e-09,1.9167585542211956,20.51745420123668,2.7346729755885213,36.80157778225597,1.2574999999999998
1.11,8.994859462564789e-09,1.9128287537657822,20.32284786873769,2.7270535979226174,36.46415017259124,1.2600000000000002
1.1125,8.503103751776818e-09,1.908907184441318,20.130095887648046,2.719451094943999,36.12961924592344,1.2625000000000002
1.115,8.037377897560184e-09,1.9049938720975612,19.939182619164804,2.7118655162413643,35.797964735466834,1.2650000000000001
1.1175,7.59641427626008e-09,1.9010888422543444,19.75009251448373,2.704296911099921,35.469166446327826,1.2675
1.12,7.179003780261834e-09,1.8971921201125033,19.56281011552104,2.6967453281089133,35.14320425153266,1.27
1.1225,6.78393528115114e-09,1.893303730558704,19.37732005530639,2.6892108150349436,34.820058091459984,1.2725
1.125,6.4099956946773205e-09,1.8894236981672399,19.193607058207874,2.6816934188267347,34.49970797490139,1.275
1.1275,6.056017310549445e-09,1.8855520471958584,19.01165593985981,2.67419318574746,34.18213398157828,1.2774999999999999
1.1300000000000001,5.721019735293901e-09,1.8816888015697442,18.83145160653479,2.6667101617593776,33.86731626748877,1.2800000000000002
1.1325,5.404068307761861e-09,1.8778339849014074,18.652979056191583,2.659244392140912,33.55523506125382,1.2825000000000002
1.135,5.1042269083055536e-09,1.8739876204984847,18.476223378913836,2.6517959213631888,33.245870663570386,1.2850000000000001
1.1375,4.820558010654424e-09,1.8701497313655404,18.30116975704774,2.644364793094865,32.939203448149456,1.2875
1.1400000000000001,4.552159482792068e-09,1.8663203401970052,18.127803464923108,2.636951050331424,32.6352138639856,1.29
1.1425,4.298274941599836e-09,1.8624994693525256,17.956109867788793,2.6295547357705757,32.33388244021288,1.2925
1.145,4.058183654317969e-09,1.858687140885625,17.786074423153977,2.622175891438875,32.0351897827284,1.295
1.1475,3.8311638457544e-09,1.8548833765544106,17.617682681267564,2.614814558571463,31.739116573656887,1.2974999999999999
1.1500000000000001,3.6164927395436937e-09,1.85108819782338,17.45092028517477,2.6074707776169643,31.445643572172887,1.3000000000000003
1.1525,3.4134751001378755e-09,1.8473016258535255,17.285772970250576,2.6001445883637184,31.154751616542235,1.3025000000000002
1.155,3.2215288123010213e-09,1.8435236814692246,17.122226562740007,2.5928360303059423,30.86642162853496,1.3050000000000002
1.1575,3.040099482231672e-09,1.8397543851954865,16.960266981362846,2.5855451422798925,30.580634610288495,1.3075
1.16,2.8686319793164353e-09,1.8359937572715102,16.799880237828322,2.5782719623467987,30.297371643775563,1.31
1.1625,2.706570468814496e-09,1.8322418176524828,16.641052436817795,2.571016527797819,30.01661389151649,1.3125
1.165,2.5533804909362452e-09,1.828498585996913,16.48376977534811,2.563778875277196,29.738342598412427,1.315
1.1675,2.4086151548843535e-09,1.8247640816252266,16.32801854095545,2.5565590411391548,29.462539095758878,1.3175
1.17,2.2718490701930867e-09,1.8210383235654275,16.173785113535885,2.5493570610936143,29.189184798314454,1.3199999999999998
1.1725,2.1426563322857334e-09,1.8173213305694296,16.02105596589073,2.5421729700923223,28.918261203765105,1.3225000000000002
1.175,2.0206105482652628e-09,1.8136131211148645,15.869817663642264,2.5350068023338634,28.649749893332793,1.3250000000000002
1.1775,1.905301873730477e-09,1.8099137133896739,15.720056864443313,2.527858591383712,28.383632533418133,1.3275000000000001
1.18,1.7963880842545668e-09,1.8062231252426026,15.571760315840761,2.5207283705218173,28.11989087925685,1.33
1.1825,1.693543589275316e-09,1.8025413742370753,15.424914857326584,2.513616172397903,27.858506772162027,1.3325
1.185,1.5964424449738586e-09,1.7988684776702604,15.279507420910308,2.5065220289208137,27.599462138979092,1.335
1.1875,1.5047583745461287e-09,1.7952044525748618,15.135525030973342,2.499445971263556,27.342738992596097,1.3375
1.19,1.418177879523936e-09,1.7915493157010502,14.992954803341194,2.4923880299802352,27.088319433414345,1.3399999999999999
1.1925000000000001,1.33643953936397e-09,1.7879030834589926,14.851783942859573,2.485348235344245,26.836185652685504,1.3425000000000002
1.195,1.2592947685659875e-09,1.78426577198079,14.711999745633102,2.47832661701323,26.58631992989941,1.3450000000000002
1.1975,1.1864947434097457e-09,1.7806373971422014,14.573589599620904,2.471323203921634,26.33870463222366,1.3475000000000001
1.2,1.1177904178273354e-09,1.777017974564425,14.43654098443633,2.4643380242857846,26.093322214922846,1.35
1.2025000000000001,1.0529425890029401e-09,1.7734075195934123,14.300841470295737,2.45737110571767,25.850155222672488,1.3525
1.205,9.917520643934169e-10,1.7698060472346062,14.166478715338759,2.4504224755536606,25.609186292613572,1.355
1.2075,9.340295311549562e-10,1.7662135722227597,14.033440468032992,2.4434921605291864,25.370398151859266,1.3575
1.21,8.795855195740339e-10,1.7626301090462644,13.901714567790293,2.4365801866745285,25.13377361691556,1.3599999999999999
1.2125000000000001,8.282304154472558e-10,1.7590556719489214,13.771288944717076,2.4296865793199247,24.899295594014536,1.3625000000000003
1.215,7.797821665495775e-10,1.7554902749066856,13.642151618453626,2.422811363206154,24.66694708028766,1.3650000000000002
1.2175,7.340893766216456e-10,1.75193393155477,13.514290695267235,2.4159545628036825,24.436711166571126,1.3675000000000002
1.22,6.910082337271439e-10,1.748386655265181,13.38769437060363,2.4091162019971555,24.208571035008276,1.37
1.2225,6.503948258400543e-10,1.7448484591735967,13.262350929721038,2.402296303984449,23.98250995844678,1.3725
1.225,6.121051504638832e-10,1.741319356181117,13.13824874739673,2.395494891281793,23.758511300692728,1.375
1.2275,5.760010000141056e-10,1.7377993589284932,13.015376286669575,2.3887119858311174,23.53655851755728,1.3775
1.23,5.419675965423533e-10,1.734288479715757,12.893722095732691,2.381947609309504,23.316635159444324,1.38
1.2325,5.09895969726278e-10,1.7307867305873035,12.77327481061385,2.375201782823603,23.098724869027116,1.3824999999999998
1.235,4.796770881750188e-10,1.7272941233612615,12.65402315582502,2.368474526811972,22.88281138061912,1.3850000000000002
1.2375,4.5120186687499903e-10,1.7238106696312276,12.535955944030428,2.3617658610502144,22.668878520354557,1.3875000000000002
1.24,4.243656508135436e-10,1.7203363807380239,12.41906207470384,2.3550758047550286,22.456910207121986,1.3900000000000001
1.2425,3.9908164798903365e-10,1.7168712676820057,12.303330530845852,2.3484043768838387,22.246890454963683,1.3925
1.245,3.752675026925649e-10,1.7134153412155324,12.188750381776721,2.3417515958392534,22.038803370806733,1.395
1.2475,3.528408244580966e-10,1.7099686118747766,12.075310783799594,2.335117479374737,21.8326331538057,1.3975
1.25,3.317191938037114e-10,1.706531089981433,11.963000979834696,2.3285020445997504,21.62836409545445,1.4
1.2525,3.1182356777092283e-10,1.7031027856120624,11.851810298002675,2.3219053080804497,21.425980580420294,1.4024999999999999
1.2550000000000001,2.930884817965035e-10,1.6996837085032175,11.741728148188932,2.3153272861293406,21.225467088781343,1.4050000000000002
1.2575,2.754518499874332e-10,1.6962738681511536,11.632744024934402,2.308767994519934,21.026808193795283,1.4075000000000002
1.26,2.588515690155261e-10,1.6928732738460135,11.52484750811046,2.302227448395773,20.829988561211394,1.4100000000000001
1.2625,2.432255225279274e-10,1.6894819346735177,11.418028262523968,2.2957056622755827,20.63499294931957,1.4125
1.2650000000000001,2.285141625821131e-10,1.6860998594819345,11.312276036436707,2.289202650150555,20.44180620969671,1.415
1.2675,2.1466824187933978e-10,1.6827270567801773,11.207580657997926,2.28271842576386,20.2504132893071,1.4175
1.27,2.0164108111539388e-10,1.6793635348445928,11.103932038219357,2.276253002335638,20.060799228293117,1.42
1.2725,1.8938599459263516e-10,1.676009301755478,11.0013201716604,2.269806392475463,19.872949159255366,1.4224999999999999
1.2750000000000001,1.7785629359493528e-10,1.6726643653987414,10.899735136008315,2.2633786081874745,19.686848307244187,1.4250000000000003
1.2775,1.6700723649231588e-10,1.6693287334305524,10.799167090543033,2.256969660964186,19.502481990429366,1.4275000000000002
1.28,1.5680186925330556e-10,1.6660024131685487,10.699606272457329,2.2505795620556617,19.31983562208633,1.4300000000000002
1.2825,1.4720518304747326e-10,1.6626854117055532,10.601042999903685,2.2442083222050413,19.13889470839524,1.4325
1.285,1.381821693818242e-10,1.6593777359483703,10.50346767268858,2.2378559515644723,18.959644847688086,1.435
1.2875,1.2969782267383908e-10,1.6560793926194202,10.406870771831532,2.2315224597002286,18.78207173038768,1.4375
1.29,1.217186109809342e-10,1.6527903882191075,10.31124285798423,2.2252078556829713,18.606161139611306,1.44
1.2925,1.1421688028505345e-10,1.649510728910282,10.216574567655838,2.2189121483463823,18.431898953063445,1.4425
1.295,1.0716644757342983e-10,1.6462404206387353,10.122856616320634,2.2126353460334185,18.259271140831327,1.4449999999999998
1.2975,1.005411339886271e-10,1.6429794691742288,10.030079799120173,2.206377456515777,18.088263764598114,1.4475000000000002
1.3,9.431476678239145e-11,1.6397278801120978,9.938234990405022,2.200138486998992,17.918862977534523,1.4500000000000002
1.3025,8.846228463720641e-11,1.6364856588333818,9.847313142115864,2.1939184442090656,17.751055024845687,1.4525000000000001
1.305,8.296304730301785e-11,1.633252810382678,9.757305279930504,2.187717334640347,17.58482624559003,1.455
1.3075,7.779752305404815e-11,1.6300293395952745,9.668202506421899,2.1815351643127223,17.420163070460138,1.4575
1.31,7.294618622552323e-11,1.626815251140359,9.579996001767315,2.175371938694684,17.257052020962256,1.46
1.3125,6.838951869174452e-11,1.6236105495225899,9.492677023275974,2.16922766270839,17.09547970926455,1.4625
1.315,6.410883843573042e-11,1.620415239040037,9.406236903739698,2.163102340812595,16.935432838696784,1.4649999999999999
1.3175000000000001,6.008878022357789e-11,1.6172293236555553,9.320667047516157,2.1569959772395286,16.776898205512175,1.4675000000000002
1.32,5.6314812044069084e-11,1.6140528071304179,9.235958933728321,2.15090857576326,16.61986269664492,1.4700000000000002
1.3225,5.277240863480148e-11,1.6108856930696558,9.15210411697952,2.144840139626427,16.464313288855358,1.4725000000000001
1.325,4.944705259609463e-11,1.6077279849235964,9.069094226870313,2.1387906715452742,16.310237048539815,1.475
1.3275000000000001,4.6324854389363006e-11,1.6045796859436572,8.986920966325158,2.132760173788772,16.157621132191128,1.4775
1.33,4.33944083490737e-11,1.6014407990473685,8.905576107625704,2.1267486484042673,16.006452788119322,1.48
1.3325,4.0644933970825915e-11,1.5983113269583682,8.82505149564295,2.1207560969972428,15.856719354177605,1.4825
1.335,3.806565744139767e-11,1.5951912722538304,8.745339048557707,2.114782520661805,15.708408256873867,1.4849999999999999
1.3375000000000001,3.5645812474742865e-11,1.5920806373659675,8.666430757369456,2.1088279199856808,15.561507011146018,1.4875000000000003
1.34,3.337510232941449e-11,1.5889794245357167,8.588318684205204,2.102892295125441,15.416003220790923,1.4900000000000002
1.3425,3.1245082729862775e-11,1.5858876356715408,8.510994958314907,2.0969756460206463,15.271884580158314,1.4925000000000002
1.345,2.924777652569747e-11,1.5828052724956512,8.434451779329065,2.091077972185273,15.129138871838338,1.495
1.3475,2.737521278340222e-11,1.57973233659348,8.358681417983732,2.08519927264204,14.987753965739966,1.4975
1.35,2.5619427411416443e-11,1.5766688294151436,8.283676215623954,2.079339545927347,14.847717818835743,1.5
1.3525,2.3972806859009993e-11,1.5736147522270656,8.209428582500461,2.073498790162525,14.709018475566216,1.5025
1.355,2.2429116763904757e-11,1.570570105964675,8.135930993738349,2.0676770032561755,14.57164406951953,1.505
1.3575,2.098247119584816e-11,1.5675348913847311,8.063175992613205,2.061874182707557,14.435582821075283,1.5074999999999998
1.36,1.9626989758000743e-11,1.5645091091167929,7.991156191280087,2.0560903255448193,14.300823036450167,1.5100000000000002
1.3625,1.8356798052416715e-11,1.5614927596646473,7.919864270274086,2.050325428329904,14.167353107416274,1.5125000000000002
1.365,1.716628277334255e-11,1.5584858433558997,7.849292976799532,2.044579487225687,14.035161511686873,1.5150000000000001
1.3675,1.605085508128929e-11,1.555488360188699,7.779435120682375,2.0388524981862437,13.90423681459346,1.5175
1.37,1.500618543051191e-11,1.5525003099900323,7.710283577658462,2.0331444567724715,13.774567666681012,1.52
1.3725,1.4027949049493926e-11,1.5495216924691524,7.641831290106072,2.0274553580943357,13.646142802722085,1.5225
1.375,1.3111826286081972e-11,1.546552507218966,7.574071266545577,2.021785196815708,13.51895104141172,1.525
1.3775,1.225369093670547e-11,1.543592753663636,7.506996579926004,2.0161339672173146,13.39298128574082,1.5274999999999999
1.3800000000000001,1.1450173760629738e-11,1.540642430899442,7.440600363569833,2.0105016633746087,13.26822252468024,1.5300000000000002
1.3825,1.0698097464799556e-11,1.5377015378589314,7.374875814468204,2.004888278985934,13.144663830724125,1.5325000000000002
1.385,9.994288783969379e-12,1.5347700733662568,7.309816194016303,1.999293807318876,13.02229435887317,1.5350000000000001
1.3875,9.335578735699284e-12,1.531848036138526,7.245414827514229,1.9937182412150443,12.901103346309855,1.5375
1.3900000000000001,8.718941590844742e-12,1.5289354247314546,7.181665102454845,1.988161573148708,12.781080112764252,1.54
1.3925,8.141910649957405e-12,1.5260322373744761,7.118560464469342,1.982623795391953,12.66221406221413,1.5425
1.395,7.602161228927052e-12,1.523138472140625,7.0560944206241425,1.9771048998557061,12.544494680373303,1.545
1.3975,7.097371978437531e-12,1.5202541270037508,6.9942605401589555,1.971604878040295,12.427911533645728,1.5474999999999999
1.4000000000000001,6.625225071561059e-12,1.517379199839826,6.9330524539904586,1.966123721040169,12.312454268783817,1.5500000000000003
1.4025,6.18350885003428e-12,1.5145136883706842,6.8724638530051125,1.9606614195981054,12.198112613251395,1.5525000000000002
1.405,5.770424891074125e-12,1.5116575899934914,6.812488484012778,1.9552179642573146,12.08487637694717,1.5550000000000002
1.4075,5.384279927151126e-12,1.5088109019562452,6.753120153040911,1.949793345215662,11.972735449636588,1.5575
1.41,5.023383402936787e-12,1.5059736214168284,6.694352726074843,1.9443875522805407,11.861679799877802,1.56
1.4125,4.686047612515244e-12,1.5031457454442723,6.636180128565876,1.9390005748735228,11.75169947466603,1.5625
1.415,4.370662244003505e-12,1.5003272709606157,6.578596343732281,1.9336324020800215,11.642784599797723,1.565
1.4175,4.075917352495331e-12,1.4975181945648466,6.521595408527484,1.9282830227880008,11.534925381623891,1.5675
1.42,3.800579581802783e-12,1.4947185127139055,6.46517141692762,1.9229524255557282,11.428112104424233,1.5699999999999998
1.4225,3.5434177625213833e-12,1.491928221783537,6.409318520673601,1.9176405985710807,11.322335129306468,1.5725000000000002
1.425,3.3032030122646316e-12,1.489147318069513,6.3540309287850825,1.9123475296561212,11.21758489383956,1.5750000000000002
1.4275,3.0787636463637304e-12,1.4863757977276435,6.2993029058724295,1.9070732063120845,11.11385191242247,1.5775000000000001
1.43,2.8691494057674455e-12,1.4836136565922935,6.2451287681253564,1.9018176158443438,11.011126778072695,1.58
1.4325,2.6734665814367455e-12,1.4808608903627818,6.191502886590193,1.8965807452440473,10.90940015974231,1.5825
1.435,2.4908232020267544e-12,1.4781174946659963,6.138419687913527,1.8913625811519708,10.808662801192424,1.585
1.4375,2.3203291066295997e-12,1.4753834650575717,6.085873653863105,1.8861631098630087,10.70890552061743,1.5875
1.44,2.1611361990445766e-12,1.4726587969600928,6.033859319653478,1.880982317366372,10.610119211021654,1.5899999999999999
1.4425000000000001,2.012558828414938e-12,1.4699434854762794,5.982371269960044,1.875820189456431,10.512294842047254,1.5925000000000002
1.445,1.873952893381377e-12,1.4672375255806827,5.931404142182997,1.8706767116286123,10.415423457232697,1.5950000000000002
1.4475,1.744675654769014e-12,1.4645409121840236,5.880952627192127,1.8655518690479016,10.319496172863719,1.5975000000000001
1.45,1.6240857880207342e-12,1.4618536401343285,5.831011468855828,1.860445646553261,10.224504177591191,1.6
1.4525000000000001,1.5115718958355522e-12,1.4591757041533535,5.781575462382541,1.8553580286929012,10.13043873281805,1.6025
1.455,1.4066377635966285e-12,1.4565070986445416,5.732639450364768,1.8502889998206264,10.037291174570006,1.605
1.4575,1.3088167131533341e-12,1.453847817889905,5.684198326026808,1.8452385440063575,9.945052910697243,1.6075
1.46,1.217643136808729e-12,1.451197856116062,5.636247033970558,1.840206645009425,9.853715419703963,1.6099999999999999
1.4625000000000001,1.132652535263005e-12,1.4485572074953244,5.588780569713462,1.8351932862828926,9.76327025036169,1.6125000000000003
1.465,1.0534030886532662e-12,1.4459258660803789,5.541793978047698,1.8301984510037763,9.673709022108817,1.6150000000000002
1.4675,9.795401518315537e-13,1.4433038256071045,5.495282349118052,1.8252221221545093,9.58502342696627,1.6175000000000002
1.47,9.107314390060719e-13,1.4406910796965506,5.449240821651037,1.8202642824484767,9.497205226684349,1.62
1.4725,8.466454825768447e-13,1.4380876219226328,5.403664583701383,1.8153249143082137,9.410246251552477,1.6225
1.475,7.869516600780862e-13,1.4354934458131765,5.358548872199716,1.8104039998696402,9.324138400009984,1.625
1.4775,7.313350645032809e-13,1.4329085447828807,5.313888971331173,1.8055015210070906,9.238873639059879,1.6275
1.48,6.795409583107871e-13,1.4303329119310937,5.269680208650476,1.8006174593995048,9.154444006231047,1.63
1.4825,6.313300858238463e-13,1.427766540248786,5.225917958290311,1.7957517964713656,9.070841606672461,1.6324999999999998
1.485,5.864638237106738e-13,1.4252094226878755,5.182597641708238,1.7909045133759298,8.988058611944982,1.6350000000000002
1.4875,5.447042003014441e-13,1.4226615521622301,5.139714727244811,1.7860755909993724,8.9060872596314,1.6375000000000002
1.49,5.058248107670696e-13,1.4201229214789381,5.097264728522938,1.7812650099804868,8.82491985376576,1.6400000000000001
1.4925,4.696434445100032e-13,1.4175935231311343,5.055243200603124,1.7764727507612064,8.744548766842723,1.6425
1.495,4.359892747411686e-13,1.4150733495098733,5.013645743169203,1.7716987935433393,8.664966436861873,1.645
1.4975,4.046919566749948e-13,1.412562392975059,4.972468001275479,1.7669431182769686,8.586165366103703,1.6475
1.5,3.755816412410827e-13,1.4100606458563965,4.931705664915746,1.7622057046644897,8.508138120740343,1.65
1.5025,3.484970435237275e-13,1.4075681003830087,4.891354467444682,1.7574865321748578,8.430877331281451,1.6524999999999999
1.5050000000000001,3.2330955903753057e-13,1.4050847484713893,4.851410181775624,1.7527855800780265,8.354375694630525,1.6549999999999998
1.5075,2.998990031542883e-13,1.4026105819420955,4.811868623542101,1.7481028274178905,8.278625971082704,1.6575000000000002
1.51,2.7814555070356935e-13,1.4001455925922444,4.77272565184491,1.7434382530059735,8.20362098308687,1.6599999999999997
1.5125,2.5792974554842444e-13,1.3976897721964208,4.733977168832568,1.7387918354253709,8.129353614858573,1.6625
1.5150000000000001,2.3913786083816e-13,1.3952431124346645,4.69561911814564,1.7341635530393933,8.055816812843092,1.665
1.5175,2.2167791779680905e-13,1.3928056046756336,4.6576474811591275,1.729553384009523,7.983003587817623,1.6675
1.52,2.054635667675326e-13,1.3903772401980279,4.620058280118364,1.724961306284962,7.910907011846435,1.67
1.5225,1.9040873274546668e-13,1.3879580102646294,4.582847578885918,1.7203872976017502,7.839520217031336,1.6724999999999999
1.5250000000000001,1.7642762219328364e-13,1.3855479061231641,4.546011482533734,1.7158313354866033,7.768836395127986,1.6750000000000003
1.5275,1.6343894826430258e-13,1.3831469189326844,4.50954613581123,1.7112933972598179,7.698848798026289,1.6774999999999998
1.53,1.5137855760004911e-13,1.380755039542024,4.4734477194339295,1.7067734600363305,7.62955073989681,1.6800000000000002
1.5325,1.4018671901867068e-13,1.3783722587158713,4.437712453192605,1.7022715007322846,7.560935594107696,1.6824999999999997
1.5350000000000001,1.298039010358239e-13,1.3759985672103234,4.402336596699762,1.6977874960697097,7.492996791965596,1.685
1.5375,1.201707765290486e-13,1.3736339557737045,4.367316448993764,1.6933214225802549,7.425727822336512,1.6875
1.54,1.1123089323393346e-13,1.371278415071368,4.33264834703127,1.6888732566022087,7.359122232143429,1.69
1.5425,1.0293865270005273e-13,1.3689319354595206,4.298328662023473,1.6844429742642573,7.293173628554514,1.6925
1.545,9.525127603410329e-14,1.3665945072158636,4.264353802517513,1.6800305515094747,7.227875675866641,1.6949999999999998
1.5475,8.812613560708502e-14,1.3642661206166389,4.230720215142337,1.6756359641056993,7.163222094239007,1.6975000000000002
1.55,8.152075835074138e-14,1.3619467659374005,4.197424384225019,1.6712591876491603,7.0992066593195675,1.6999999999999997
1.5525,7.539488095583767e-14,1.3596364333762638,4.164462830307996,1.666900197555475,7.035823202759415,1.7025000000000001
1.555,6.971659029849478e-14,1.35733511282317,4.1318321065339125,1.6625589690256923,6.973065614439684,1.7049999999999996
1.5575,6.445613789500013e-14,1.355042794095022,4.099528801698508,1.6582354770881158,6.910927839326961,1.7075
1.56,5.958388564601718e-14,1.3527594670141951,4.067549540995735,1.6539296966145152,6.849403876201948,1.71
1.5625,5.5070308095105033e-14,1.3504851214092624,4.035890985646291,1.649641602323636,6.788487777292276,1.7125
1.565,5.0887419141133415e-14,1.348219747036716,4.004549831440033,1.6453711687660444,6.728173648802983,1.7149999999999999
1.5675000000000001,4.7013034269428553e-14,1.3459633333457408,3.973522805170127,1.6411183702720358,6.668455653178237,1.7174999999999998
1.57,4.34264755729148e-14,1.3437158697177733,3.9428066676568485,1.6368831810117104,6.609328005934516,1.7200000000000002
1.5725,4.010714551441349e-14,1.3414773455464526,3.9123982144916942,1.6326655750171415,6.5507849743866045,1.7224999999999997
1.575,3.703452846999157e-14,1.3392477502383002,3.8822942756782655,1.6284655261857761,6.492820877287598,1.725
1.5775000000000001,3.4189229721268555e-14,1.3370270731329372,3.852491714200011,1.6242830082589856,6.435430085374428,1.7275
1.58,3.1556079237087064e-14,1.334815303263433,3.8229874225041796,1.6201179947514341,6.378607023660024,1.73
1.5825,2.9121002856380125e-14,1.332612429600217,3.7937783254960133,1.6159704590298054,6.322346168250359,1.7325
1.585,2.68699833567539e-14,1.3304184411324507,3.764861381281773,1.611840374341069,6.2666420450703795,1.7349999999999999
1.5875000000000001,2.4789061485680142e-14,1.3282333268686592,3.736233580821905,1.607727713815768,6.211489229511769,1.7375000000000003
1.59,2.2864939580020814e-14,1.326057075755466,3.7078919465241884,1.603632450440134,6.156882346992181,1.7399999999999998
1.5925,2.1086784286167977e-14,1.3238896764335832,3.679833528777775,1.5995545569665177,6.10281607527285,1.7425000000000002
1.595,1.944440898914163e-14,1.3217311174860102,3.6520554089174295,1.595494006011166,6.0492851412661475,1.7449999999999997
1.5975000000000001,1.7927670440866998e-14,1.3195813875207996,3.6245546999653038,1.5914507700887188,5.996284319763953,1.7475
1.6,1.6526469489079405e-14,1.3174404751716486,3.597328546296342,1.5874248216153788,5.943808433093717,1.75
1.6025,1.5231292300921547e-14,1.315308369015167,3.5703741222567973,1.58341613287446,5.891852351689846,1.7525
1.605,1.4034826942927082e-14,1.3131850573225723,3.5436886287484097,1.5794246759074826,5.840410996431063,1.755
1.6075,1.2930332598776931e-14,1.3110705283121107,3.517269296162493,1.5754504226313941,5.789479335445668,1.7574999999999998
1.61,1.1911098143534417e-14,1.3089647702331986,3.4911133851202902,1.5714933448794268,5.73905238284482,1.7600000000000002
1.6125,1.0970442615110533e-14,1.3068677713669725,3.465218186150538,1.5675534144041465,5.689125198387431,1.7624999999999997
1.615,1.0101997915073312e-14,1.3047795199421097,3.439581018333227,1.5636306028363063,5.639692888061822,1.7650000000000001
1.6175,9.300552933432096e-15,1.3027000038822896,3.414199225933786,1.5597248815562141,5.590750606436691,1.7674999999999996
1.62,8.561201921440298e-15,1.3006292110627744,3.389070181306896,1.5558362218307848,5.542293553471451,1.77
1.6225,7.879061838564782e-15,1.2985671293959085,3.3641912856353424,1.5519645948608853,5.494316973257251,1.7725
1.625,7.249272685168732e-15,1.296513746831623,3.3395599686195294,1.54810997178426,5.4468161536909285,1.775
1.6275,6.6673250308392166e-15,1.2944690512718342,3.3151736871463373,1.5442723236275626,5.399786427064919,1.7774999999999999
1.6300000000000001,6.130038306819484e-15,1.2924330303137226,3.291029921972995,1.5404516211576176,5.353223172425033,1.7799999999999998
1.6325,5.634573109787303e-15,1.290405671510418,3.267126180600633,1.5366478350386792,5.3071218123938575,1.7825000000000002
1.635,5.178103291054329e-15,1.2883869624578363,3.2434599980114758,1.532860935886384,5.261477811922133,1.7849999999999997
1.6375,4.7578161453805406e-15,1.2863768907951414,3.2200289363701815,1.529090894270558,5.216286677972161,1.7875
1.6400000000000001,4.371025831003371e-15,1.2843754441177389,3.196830583717491,1.5253376806602994,5.171543960113612,1.79
1.6425,4.0155119607963686e-15,1.2823826097164253,3.1738625507033533,1.5216012652547655,5.127245252880819,1.7925
1.645,3.689177795508531e-15,1.2803983748421233,3.1511224734303056,1.5178816181610006,5.083386192617474,1.795
1.6475,3.389936824702952e-15,1.2784227267940391,3.1286080141889134,1.5141787094546233,5.039962456241338,1.7974999999999999
1.6500000000000001,3.115712901188819e-15,1.276455652920081,3.1063168611706966,1.5104925091825068,4.996969760937197,1.8000000000000003
1.6525,2.8644256622114022e-15,1.2744971405284655,3.0842467271862626,1.5068229873007954,4.954403864756049,1.8024999999999998
1.655,2.633946698367243e-15,1.2725471766227892,3.062395346447094,1.5031701134848625,4.9122605689640775,1.8050000000000002
1.6575,2.422144116187732e-15,1.2706057481707584,3.0407604773789516,1.4995338573280586,4.870535714917419,1.8074999999999997
1.6600000000000001,2.2268974217358494e-15,1.268672842193655,3.019339903355424,1.4959141884092462,4.829225182843032,1.81
1.6625,2.046097648090292e-15,1.2667484457667098,2.9981314324222716,1.4923110762953558,4.788324891541419,1.8125
1.665,1.8779210853405834e-15,1.264832545929338,2.9771328960395835,1.488724490472219,4.747830798986361,1.815
1.6675,1.7216469207593437e-15,1.26292512941618,2.956342145911595,1.4851544001333605,4.7077389046573135,1.8175
1.67,1.5768307322768832e-15,1.261026182929783,2.935757056770332,1.4816007743999995,4.668045246453296,1.8199999999999998
1.6725,1.4430300927161793e-15,1.2591356932313493,2.91537552710721,1.4780635823955424,4.628745899492946,1.8225000000000002
1.675,1.3198045985213116e-15,1.2572536471410722,2.8951954789084944,1.4745427932480133,4.5898369758270485,1.8249999999999997
1.6775,1.2067006692984423e-15,1.255380031447015,2.875214856421091,1.4710383760135988,4.551314625035905,1.8275000000000001
1.68,1.1032060772499478e-15,1.2535148326321652,2.85543162302959,1.4675502994439453,4.513175036536289,1.8299999999999996
1.6825,1.008795990883675e-15,1.25165803715102,2.8358437640104497,1.4640785322277337,4.475414436543948,1.8325
1.685,9.229482817353465e-16,1.2498096315216065,2.816449287261599,1.460623043072238,4.438029086895969,1.835
1.6875,8.451435550792102e-16,1.2479696023257774,2.7972462230487163,1.4571838007056248,4.401015284773068,1.8375
1.69,7.748081888318831e-16,1.246137936116748,2.778232622794193,1.4537607737931106,4.364369363291493,1.8399999999999999
1.6925000000000001,7.111441103194305e-16,1.2443146191422105,2.759406556000504,1.450353930682459,4.3280876937752195,1.8424999999999998
1.695,6.533010670430506e-16,1.2424996376247743,2.7407661129753627,1.4469632396674277,4.292166682776947,1.8450000000000002
1.6975,6.004338413972868e-16,1.240692977855248,2.7223094055591783,1.4435886690764888,4.256602770925898,1.8474999999999997
1.7,5.517022937159443e-16,1.238894626192894,2.704034566881942,1.4402301872750023,4.2213924326599255,1.85
1.7025000000000001,5.063735361332832e-16,1.2371045689716385,2.6859397501748115,1.4368877625738863,4.186532176808501,1.8525
1.705,4.641270474457801e-16,1.2353227922192844,2.668023125738878,1.433561362953033,4.15201854882052,1.855
1.7075,4.247459909279241e-16,1.2335492819417673,2.6502828836416827,1.4302509563469017,4.117848127853895,1.8575
1.71,3.880147646131693e-16,1.2317840242176845,2.632717234442538,1.426956510740497,4.08401752565217,1.8599999999999999
1.7125000000000001,3.537190123552965e-16,1.2300270051985096,2.6153244089596663,1.423677994171412,4.050523386286262,1.8625000000000003
1.715,3.217070036172098e-16,1.2282782110134902,2.5981026571038925,1.4204153746309283,4.017362386725091,1.8649999999999998
1.7175,2.9207293956404203e-16,1.226537627484994,2.5810502448917667,1.4171686197650823,3.984531239008749,1.8675000000000002
1.72,2.64971429187916e-16,1.224805240416543,2.564165457113954,1.4139376971826638,3.952026687417348,1.8699999999999997
1.7225000000000001,2.4055591317533796e-16,1.22308103568858,2.547446598058343,1.4107225745585357,3.9198455073797267,1.8725
1.725,2.1897865916457575e-16,1.2213649992586404,2.5308919912871617,1.4075232196355478,3.8879845052247477,1.875
1.7275,2.0026252334592201e-16,1.219657117064951,2.5144999784921827,1.4043396001179824,3.8564405187358415,1.8775
1.73,1.8391797440518597e-16,1.217957374737945,2.498268916551141,1.4011716833500385,3.82521041925903,1.88
1.7325,1.6933083160251288e-16,1.2162657578920406,2.4821971801685296,1.3980194366464644,3.794291108961867,1.8824999999999998
1.735,1.558909542311231e-16,1.2145822522226266,2.466283162596448,1.3948828274032936,3.763679519777695,1.8850000000000002
1.7375,1.429922651922154e-16,1.2129068435062007,2.4505252754213864,1.3917618230996294,3.7333726131663503,1.8874999999999997
1.74,1.3019838563948738e-16,1.2112395175026753,2.434921947440355,1.3886563911833676,3.703367380648768,1.8900000000000001
1.7425,1.1773721542044985e-16,1.2095802596630962,2.4194716217594867,1.3855664987268865,3.6736608458389077,1.8924999999999996
1.745,1.0600011716485543e-16,1.2079290554251296,2.404172758407775,1.3824921127805112,3.6442500618039833,1.895
1.7475,9.537572362571354e-17,1.206285890311262,2.389023835055672,1.3794332004907426,3.6151321100478375,1.8975
1.75,8.624992533100024e-17,1.2046507499288992,2.3740233468112004,1.3763897291019045,3.5863041002807807,1.9
1.7525,7.885975140887388e-17,1.2030236198713935,2.359169805116422,1.3733616658340886,3.557763170930356,1.9024999999999999
1.7550000000000001,7.285708149892281e-17,1.201404485421995,2.3444617348870285,1.37034897751586,3.529506491085796,1.9049999999999998
1.7575,6.775054897412296e-17,1.199793331853018,2.329897677099676,1.3673516309607348,3.5015312579711098,1.9075000000000002
1.76,6.305217404113766e-17,1.1981901445252416,2.3154761895082636,1.3643695930929522,3.473834695971074,1.9099999999999997
1.7625,5.827737853272451e-17,1.196594908887974,2.301195846449096,1.3614028309489934,3.4464140564100876,1.9125
1.7650000000000001,5.307775260500938e-17,1.1950076103788094,2.287055237757049,1.3584513115476917,3.419266618034929,1.915
1.7675,4.763743613178155e-17,1.1934282341238407,2.273052965944974,1.3555150014998014,3.3923896888601415,1.9175
1.77,4.227155617448076e-17,1.1918567652404735,2.2591876487652245,1.35259386740763,3.365780603765671,1.92
1.7725,3.729299453719681e-17,1.1902931889380235,2.24545791992366,1.3496878759984083,3.339436723569258,1.9224999999999999
1.7750000000000001,3.3012380032513527e-17,1.1887374905177432,2.231862428893508,1.346796994125674,3.313355434813969,1.9250000000000003
1.7775,2.964095766355372e-17,1.1871896552713195,2.218399839850617,1.3439211886315128,3.287534150218759,1.9274999999999998
1.78,2.700061557644162e-17,1.185649668177371,2.2050688288914215,1.3410604259328611,3.261970310412848,1.9300000000000002
1.7825,2.4817713359535543e-17,1.1841175142078868,2.191868086569368,1.3382146724444113,3.236661381669923,1.9324999999999997
1.7850000000000001,2.2820562592582812e-17,1.1825931784300099,2.1787963186066115,1.3353838947196115,3.211604855030651,1.935
1.7875,2.073943280986064e-17,1.1810766460060287,2.1658522457162865,1.3325680594519242,3.1867982460986397,1.9375
1.79,1.8387012244604747e-17,1.1795679020906216,2.1530346025561893,1.3297671333291567,3.162239095454461,1.94
1.7925,1.5898598146168515e-17,1.1780669315236647,2.140342134984073,1.3269810825964177,3.1379249702668455,1.9425
1.795,1.3488665934684851e-17,1.1765737191402696,2.1277736025696576,1.3242098735023646,3.1138534621756553,1.9449999999999998
1.7975,1.137011547114349e-17,1.175088249873746,2.115327779304036,1.3214534724478717,3.0900221864683,1.9475000000000002
1.8,1.0008015523489023e-17,1.173610508755559,2.1030034534300373,1.318711845987153,3.0664287818838463,1.9499999999999997
1.8025,8.791689507506081e-18,1.1721404808113296,2.0907994264137018,1.3159849606741736,3.0430709109861156,1.9525000000000001
1.805,8.395555381405797e-18,1.1706781507499704,2.0787145102356424,1.313272782602196,3.0199462616392685,1.9549999999999996
1.8075,8.420702589369631e-18,1.1692235032773033,2.066747529879343,1.310575277873419,2.99705254505192,1.9575
1.81,8.723025364857696e-18,1.167776523200196,2.0548973240383175,1.3078924127553275,2.974387495011319,1.96
1.8125,9.15947692597868e-18,1.1663371954264818,2.0431627449542344,1.3052241536816809,2.9519488676952825,1.9625
1.815,9.589404159624883e-18,1.1649055048597272,2.031542657405563,1.3025704670910014,2.929734441999926,1.9649999999999999
1.8175000000000001,9.878527778708534e-18,1.1634814360847114,2.0200359360337026,1.2999313189426853,2.907742020867047,1.9674999999999998
1.82,9.894909736349995e-18,1.1620649736846074,2.0086414678083293,1.2973066752100473,2.8859694295018823,1.9700000000000002
1.8225,9.507616240522263e-18,1.1606561023462816,1.9973581527323174,1.2946965020443475,2.864414514668908,1.9724999999999997
1.825,8.58671842949578e-18,1.1592548068601842,1.9861849036873351,1.292100765775655,2.8430751445113067,1.975
1.8275000000000001,7.071806045301491e-18,1.157861072013882,1.9751206454390107,1.2895194327434136,2.821949208828805,1.9775
1.83,5.1764845555285824e-18,1.1564748822739048,1.9641643119965464,1.2869524687891365,2.8010346202441676,1.98
1.8325,3.181009842757898e-18,1.1550962221064667,1.9533148490558572,1.2843998397728211,2.7803293126071233,1.9825
1.835,1.3635130804671123e-18,1.1537250760839302,1.9425712147023133,1.2818615117446557,2.759831240355738,1.9849999999999999
1.8375000000000001,7.081530503822335e-19,1.1523614288846629,1.931932379263506,1.2793374509457498,2.7395383783430605,1.9875000000000003
1.84,1.412850503988492e-18,1.1510052651853453,1.921397324330282,1.2768276236308016,2.71944872206055,1.9899999999999998
1.8425,1.6394341373156221e-18,1.149656569339194,1.9109650401485616,1.2743319955374284,2.699560288630911,1.9925000000000002
1.845,1.5138062651446044e-18,1.148315325700212,1.9006345280410375,1.2718505324258853,2.6798711154107684,1.9949999999999997
1.8475000000000001,1.184265070377065e-18,1.1469815187308117,1.8904048011077867,1.2693832002584284,2.6603792594215143,1.9975
1.85,8.254072076630703e-19,1.145655133001638,1.8802748840859114,1.2669299651999149,2.6410827971827993,2.0
1.8525,5.451673810765433e-19,1.144336153082656,1.8702438123858045,1.2644907934326026,2.62197982487701,2.0025
1.855,3.0406734060516612e-19,1.1430245632177625,1.8603106295138696,1.26206565060221,2.603068459155691,2.005
1.8575,1.8554262582546512e-19,1.1417203476525546,1.8504743894735804,1.259654502380832,2.584346835953497,2.0075
1.86,9.122206513576279e-20,1.1404234907431055,1.8407341574640081,1.257257314653924,2.5658131099923867,2.0100000000000002
1.8625,1.6542195968511182e-19,1.1391339769557571,1.8310890097460546,1.2548740535207734,2.5474654546216446,2.0124999999999997
1.865,2.326998037164512e-19,1.1378517907569905,1.8215380326933235,1.2525046851014798,2.5293020619189024,2.015
1.8675,2.6121126541870037e-19,1.1365769162844368,1.8120803202444413,1.250149174959875,2.5113211432974474,2.0174999999999996
1.87,2.5879944582009445e-19,1.1353093376781507,1.802714976284266,1.2478074886894868,2.4935209285438504,2.02
1.8725,2.3324762710872385e-19,1.1340490391905402,1.7934411153404213,1.2454795921081014,2.4758996653993854,2.0225
1.875,1.92279336242252e-19,1.1327960051861266,1.7842578624558163,1.2431654512581016,2.458455619406211,2.025
1.8775,1.430683552712051e-19,1.131550220030201,1.7751643522535074,1.2408650322056909,2.441187073940516,2.0275
1.8800000000000001,9.23202233387182e-20,1.1303116677562437,1.766159726417323,1.2385783004408457,2.424092330608135,2.03
1.8825,4.231571433616457e-20,1.1290803324006948,1.7572431360540406,1.2363052214861405,2.407169708518085,2.0325
1.885,6.422263193586317e-21,1.127856198114033,1.748413742387982,1.2340457610988222,2.390417543944984,2.0349999999999997
1.8875,3.843588116949227e-20,1.1266392491605062,1.739670716639572,1.2317998852710224,2.3738341901810878,2.0375
1.8900000000000001,5.832869683293312e-20,1.1254294698055762,1.7310132391035558,1.2295675600212947,2.3574180174971673,2.04
1.8925,6.595249455713127e-20,1.124226843979753,1.722440496656648,1.2273487507718202,2.341167413314127,2.0425
1.895,6.425427389413768e-20,1.123031355616853,1.7139516851014815,1.2251434229798548,2.325080781724338,2.045
1.8975,5.615816183452166e-20,1.1218429887662298,1.7055460098593687,1.2229515423472477,2.309156543238827,2.0475
1.9000000000000001,4.456546863764551e-20,1.120661727592474,1.6972226858546144,1.2207730748205246,2.2933931346447993,2.0500000000000003
1.9025,3.200802418964432e-20,1.1194875562616478,1.6889809366054858,1.2186079863748294,2.277789008890002,2.0524999999999998
1.905,1.9613561039986084e-20,1.1183204586015354,1.6808199917575917,1.2164562423686347,2.2623426350183005,2.055
1.9075,8.155548212288415e-21,1.1171604184433912,1.6727390894104461,1.2143178081975452,2.247052497950422,2.0574999999999997
1.9100000000000001,1.6704475898550259e-21,1.1160074197353158,1.6647374768084737,1.212192649511166,2.231917098319484,2.06
1.9125,8.887936825294361e-21,1.1148614465419273,1.65681441023083,1.2100807322130591,2.216934952333702,2.0625
1.915,1.318400759677111e-20,1.113722482929389,1.6489691540945042,1.2079820222371938,2.2021045915801034,2.065
1.9175,1.4868848923257293e-20,1.1125905126220763,1.6412009785121768,1.205896484880462,2.18742456271247,2.0675
1.92,1.45474822865504e-20,1.1114655193478122,1.6335091616022106,1.203824085478519,2.1728934275025806,2.07
1.9225,1.2820195302541477e-20,1.1103474869523893,1.625892990178009,1.2017647896298997,2.1585097627675616,2.0725000000000002
1.925,1.0282559270336423e-20,1.109236399399213,1.6183517596430879,1.1997185631958525,2.1442721602374437,2.0749999999999997
1.9275,7.460912608106585e-21,1.108132240653121,1.6108847731057214,1.1976853720694085,2.130179226274309,2.0775
1.93,4.619801059091903e-21,1.1070349943334707,1.6034913389600045,1.1956651814860506,2.1162295813014547,2.0799999999999996
1.9325,1.9573939749081066e-21,1.105944644062857,1.596170773180113,1.193657956721227,2.102421860135712,2.0825
1.935,3.297157504796412e-22,1.1048611735827842,1.5889224000081248,1.1916636633216051,2.0887547120099157,2.085
1.9375,2.0465038970655306e-21,1.10378456675328,1.5817455518540944,1.189682267104775,2.075226800444981,2.0875
1.94,3.055990011679297e-21,1.1027148074355086,1.5746395684216636,1.1877137339210793,2.0618368028807814,2.09
1.9425000000000001,3.4477804530265e-21,1.101651879141274,1.567603794311068,1.1857580289428113,2.0485834098360147,2.0925
1.945,3.367044340146701e-21,1.100595765385225,1.5606375812985158,1.183815117383009,2.035465325531495,2.095
1.9475,2.9578104899009527e-21,1.0995464498016747,1.553740289022573,1.181884964733704,2.0224812680108175,2.0974999999999997
1.95,2.362973144173455e-21,1.0985039161441887,1.5469112848890163,1.179967536765507,2.0096299690166695,2.1
1.9525000000000001,1.7081959316469628e-21,1.097468148166989,1.5401499432068235,1.1780627992823365,1.9969101735299544,2.1025
1.955,1.0538677304914495e-21,1.0964391292708706,1.5334556428118833,1.1761707173895752,1.9843206386505625,2.105
1.9575,4.438607760114735e-22,1.0954168428588957,1.5268277693323298,1.1742912562336958,1.9718601345207472,2.1075
1.96,7.830103238157634e-23,1.0944012724543648,1.5202657158736288,1.1724243812473694,1.9595274445468647,2.11
1.9625000000000001,4.694399380085968e-22,1.0933924017003778,1.5137688829279725,1.1705700581489282,1.9473213652796062,2.1125000000000003
1.965,6.993704814806796e-22,1.0923902142400284,1.507336677520083,1.1687282526901532,1.9352407058582035,2.1149999999999998
1.9675,7.886421052424978e-22,1.0913946933587286,1.5009685108503978,1.1668989299038592,1.9232842866031103,2.1175
1.97,7.702426582616921e-22,1.0904058223433981,1.494663800547209,1.1650820548638654,1.9114509402477249,2.1199999999999997
1.9725000000000001,6.76901267800075e-22,1.0894235846015874,1.488421971350569,1.163277592936805,1.8997395122637628,2.1225
1.975,5.410899836899006e-22,1.0884479636610138,1.4822424550260138,1.161485509781468,1.88814886074513,2.125
1.9775,3.913884955566965e-22,1.0874789430485434,1.476124689519618,1.1597057710898173,1.8766778557543582,2.1275
1.98,2.4163230125842955e-22,1.0865165059289161,1.4700681166194363,1.1579383418145115,1.865325377619154,2.13
1.9825000000000002,1.0192532022069785e-22,1.0855606354674379,1.4640721841952946,1.156183186948697,1.8540903184797106,2.1325
1.985,1.770812139278578e-23,1.0846113149502588,1.4581363468816582,1.1544402717843465,1.8429715827199857,2.1350000000000002
1.9875,1.073226797657063e-22,1.083668527783884,1.452260065995462,1.1527095619114798,1.8319680868549346,2.1374999999999997
1.99,1.5996239945497495e-22,1.0827322573729412,1.4464428086998786,1.1509910229526028,1.8210787587767139,2.14
1.9925,1.803475085817495e-22,1.0818024867552993,1.4406840456828078,1.1492846197707094,1.8103025357480957,2.1424999999999996
1.995,1.7606123553175e-22,1.0808791989682693,1.4349832533851703,1.147590317268332,1.7996383662715025,2.145
1.9975,1.5462774576934856e-22,1.079962377170042,1.4293399146828696,1.145908080652224,1.7890852106280992,2.1475
2.0,1.2351259815917256e-22,1.079052004639174,1.423753518808537,1.1442378754324631,1.778642040768135,2.15
2.0025,8.92812709990187e-23,1.0781480646511383,1.4182235605234639,1.1425796671505062,1.768307839454836,2.1525
2.005,5.508692822273846e-23,1.0772505401098242,1.4127495378119446,1.1409334205682584,1.7580815979488456,2.155
2.0075,2.3219541766962135e-23,1.0763594139172585,1.4073309540989298,1.1392991004857809,1.7479623182039055,2.1574999999999998
2.0100000000000002,4.04871085793676e-24,1.0754746690962074,1.4019673189312265,1.1376766720121194,1.7379490135152835,2.16
2.0125,2.4463284518025628e-23,1.0745962887896374,1.3966581479029647,1.1360661005642927,1.7280407084129892,2.1625
2.015,3.644882340208855e-23,1.0737242561360458,1.3914029618351609,1.1344673515891748,1.718236437701726,2.165
2.0175,4.1083940370122656e-23,1.0728585538973305,1.386201284484744,1.1328803897342528,1.7085352438318064,2.1675
2.02,4.009812162238214e-23,1.071999164832043,1.38105264475241,1.131305179683355,1.698936179425055,2.17
2.0225,3.520755298503222e-23,1.0711460718191592,1.3759565773632172,1.1297416864334147,1.6894383080336712,2.1725
2.025,2.811524146101887e-23,1.070299257857514,1.3709126227955768,1.128189875293346,1.6800407040360779,2.175
2.0275,2.0318574696012094e-23,1.0694587059399097,1.365920326467938,1.1266497115999743,1.6707424515718075,2.1774999999999998
2.0300000000000002,1.2534697358891917e-23,1.06862439867734,1.3609792364613207,1.1251211598711433,1.661542641595707,2.18
2.0325,5.2834475229942174e-24,1.067796318675792,1.3560889057182328,1.1236041846587872,1.6524403747362035,2.1825
2.035,9.192967417059312e-25,1.066974448661185,1.3512488927228066,1.1220987508314124,1.643434762165243,2.185
2.0375,5.5615754223215295e-24,1.0661587714787857,1.3464587614331434,1.1206048235728607,1.6345249254965617,2.1875
2.04,8.285776341350002e-24,1.0653492699660863,1.3417180804746014,1.1191223680925244,1.6257099956148795,2.19
2.0425,9.337735534489891e-24,1.0645459265733694,1.3370264208746916,1.117651348761488,1.6169891094117108,2.1925
2.045,9.111330056634021e-24,1.0637487237440708,1.3323833582538946,1.1161917299822444,1.6083614129765784,2.195
2.0475,7.99746416211937e-24,1.0629576440408977,1.3277884735055154,1.1147434764766595,1.599826062578193,2.1975
2.05,6.384100830333987e-24,1.062172670145219,1.3232413527311977,1.1133065532846282,1.5913822245649378,2.1999999999999997
2.0525,4.612262495947822e-24,1.0613937847287112,1.318741586440317,1.1118809254688151,1.5830290740882915,2.2025
2.055,2.8446260561779682e-24,1.0606209700702485,1.314288767296101,1.1104665572345542,1.5747657915201512,2.205
2.0575,1.1987888251075157e-24,1.0598542084398406,1.3098824922991974,1.109063412815471,1.566591565975951,2.2075
2.06,2.0852435963751867e-25,1.0590934822259368,1.305522363467408,1.1076714567666932,1.5585055964067056,2.21
2.0625,1.2614505395521358e-24,1.0583387739347945,1.3012079877742089,1.1062906539633974,1.5505070915015264,2.2125
2.065,1.879085817156166e-24,1.0575900660608832,1.2969389763537602,1.1049209693003312,1.5425952683057793,2.215
2.0675,2.117297354529109e-24,1.0568473407000842,1.2927149422571138,1.1035623667962182,1.5347693483214657,2.2175
2.07,2.0655203328915526e-24,1.056110579937223,1.2885355026293965,1.1022148104945253,1.52702856135952,2.2199999999999998
2.0725000000000002,1.8125316871585534e-24,1.055379765974563,1.284400279389582,1.1008782647616682,1.5193721467417756,2.2225
2.075,1.4464580928477129e-24,1.0546548811311527,1.2803088991718652,1.0995526942854532,1.5117993532053566,2.225
2.0775,1.0447499008652367e-24,1.0539359077119856,1.2762609925357995,1.0982380637696394,1.5043094374166583,2.2275
2.08,6.442317423290437e-25,1.0532228276174869,1.2722561917314903,1.096934337023626,1.496901659758107,2.23
2.0825,2.714643733258055e-25,1.05251562273466,1.2682941328712285,1.0956414778775778,1.489575288505092,2.2325
2.085,4.71820404495231e-26,1.0518142750667794,1.264374456609484,1.0943594504853669,1.4823296011363651,2.235
2.0875,2.8552529727832007e-25,1.0511187667327142,1.2604968080869736,1.0930882193229088,1.4751638842401453,2.2375
2.09,4.252863364757748e-25,1.050429079834839,1.2566608361454579,1.0918277488780397,1.4680774319256489,2.2399999999999998
2.0925000000000002,4.791306689026408e-25,1.0497451960647854,1.252866191100816,1.0905780027262784,1.4610695413013215,2.2425
2.095,4.673228106654581e-25,1.0490670970982272,1.2491125269099819,1.0893389444595036,1.4541395169700528,2.245
2.0975,4.099828232899799e-25,1.048394764725775,1.2453995018513304,1.088110537993365,1.4472866724459146,2.2475
2.1,3.2708829826624943e-25,1.0477281808522805,1.2417267784712993,1.0868927475655206,1.4405103300618505,2.25
2.1025,2.361942320994281e-25,1.0470673273634885,1.2380940228033797,1.0856855374210976,1.433809819281095,2.2525
2.105,1.456203447317021e-25,1.046412185728037,1.2345009021479858,1.084488870875353,1.427184471873825,2.255
2.1075,6.135434764861886e-26,1.045762737395896,1.2309470872355341,1.0833027112550722,1.4206336267224302,2.2575
2.11,1.0657295122284386e-26,1.0451189639304759,1.2274322529074138,1.082127022210178,1.414156631341906,2.26
2.1125,6.450872723575191e-26,1.0444808470079139,1.2239560780650138,1.080961767711871,1.4077528417889988,2.2624999999999997
2.115,9.607711229756195e-26,1.0438483682824578,1.2205182448924523,1.079806911733959,1.4014216208764962,2.265
2.1175,1.0822749361165103e-25,1.043221508984691,1.217118436642174,1.078662417303244,1.3951623330571041,2.2675
2.12,1.0554205935755535e-25,1.0426002503236516,1.2137563397950089,1.0775282474528038,1.3889743495286786,2.27
2.1225,9.257159094192944e-26,1.0419845736201616,1.210431644741913,1.076404365537523,1.3828570498549644,2.2725
2.125,7.383594769609528e-26,1.041374460306093,1.20714404573527,1.0752907352321353,1.376809821876095,2.275
2.1275,5.330657537647633e-26,1.04076989178848,1.2038932401149125,1.0741873202087093,1.3708320598293697,2.2775
2.13,3.285991908812882e-26,1.040170849043943,1.200678926098376,1.0730940831756082,1.364923158951009,2.28
2.1325,1.3843715808364437e-26,1.0395773130245125,1.1975008049387932,1.0720109868418002,1.3590825208694042,2.2824999999999998
2.1350000000000002,2.4031396403203648e-27,1.0389892647921881,1.1943585816075857,1.0709379942360298,1.3533095553222827,2.285
2.1375,1.455044113024595e-26,1.0384066855181855,1.1912519647479138,1.0698750687047685,1.3476036800684748,2.2875
2.14,2.1669555758370738e-26,1.0378295563457682,1.188180665903551,1.0688221735861412,1.3419643189194124,2.29
2.1425,2.4407316001233752e-26,1.0372578579808474,1.1851443973127531,1.0677792712383185,1.3363908960712791,2.2925
2.145,2.379799568099277e-26,1.0366915711015352,1.1821428740648174,1.0667463240139927,1.3308828417724763,2.295
2.1475,2.0869105392067634e-26,1.0361306764939422,1.1791758147839229,1.0657232945829043,1.325439594132707,2.2975
2.15,1.664150906589472e-26,1.0355751550514056,1.1762429415846036,1.064710145929705,1.320060599035925,2.3
2.1525,1.2012175286905987e-26,1.0350249876360347,1.1733439793030478,1.0637068410246173,1.314745308087412,2.3024999999999998
2.1550000000000002,7.403668117913542e-27,1.0344801546654572,1.1704786532935438,1.0627133418421162,1.3094931726906127,2.305
2.1575,3.1189009926481083e-27,1.0339406365261314,1.1676466915845447,1.0617296103447091,1.3043036499732583,2.3075
2.16,5.410892255882939e-28,1.0334064137103904,1.164847825563848,1.0607556088085315,1.2991762046832689,2.31
2.1625,3.277105955705808e-27,1.0328774668156535,1.162081789935982,1.0597912998211243,1.2941103091028263,2.3125
2.165,4.880252040187423e-27,1.0323537764046737,1.1593483219555025,1.0588366459491185,1.2891054409164526,2.315
2.1675,5.496304868622406e-27,1.031835322588409,1.156647159224997,1.0578916087480716,1.284161077048564,2.3175
2.17,5.358340070098195e-27,1.0313220854431164,1.1539780418514831,1.0569561497546813,1.2792766998309781,2.32
2.1725,4.697991369448643e-27,1.0308140451486556,1.1513407131331341,1.0560302308151683,1.274451798979999,2.3225
2.1750000000000003,3.745478222370614e-27,1.0303111819876825,1.1487349195184622,1.0551138140829714,1.2696858715115493,2.325
2.1775,2.7030816930302676e-27,1.0298134762045925,1.1461604098412002,1.0542068616837452,1.2649784195362357,2.3275
2.18,1.6658286414799435e-27,1.029320907584486,1.1436169331188535,1.053309334717215,1.2603289438752652,2.33
2.1825,7.0171254701529535e-28,1.0288334558740768,1.1411042407102652,1.0524211942569608,1.2557369504505023,2.3325
2.185,1.2166718680286623e-28,1.0283511009212607,1.1386220870040877,1.0515424016813033,1.2512019523365543,2.335
2.1875,7.370967655874065e-28,1.027873822674297,1.1361702293796583,1.0506729186709194,1.2467234696769243,2.3375
2.19,1.0976387008412245e-27,1.027401601039435,1.1337484274430591,1.0498127068714442,1.242301027412542,2.34
2.1925,1.2360953160527234e-27,1.0269344154559472,1.1313564408252228,1.048961726888197,1.2379341486952147,2.3425
2.195,1.2049146339303891e-27,1.026472245320881,1.1289940313414906,1.0481199392926823,1.233622361479929,2.3449999999999998
2.1975000000000002,1.0562404880546931e-27,1.0260150701299044,1.1266609636820337,1.0472873049556963,1.2293652006452804,2.3475
2.2,8.419189870653454e-28,1.0255628694764733,1.1243570053743241,1.0464637850448693,1.2251622079106181,2.35
2.2025,6.075064852652241e-28,1.0251156229081348,1.1220819260199724,1.0456493406851528,1.2210129295049779,2.3525
2.205,3.7434597401926395e-28,1.024673309497598,1.1198354950913991,1.0448439319472635,1.2169169093985852,2.355
2.2075,1.5768157287690699e-28,1.0242359082713584,1.1176174840942177,1.0440475188600593,1.212873696075815,2.3575
2.21,2.7324426165488716e-29,1.0238033983518346,1.1154276672598116,1.0432600617455885,1.2088828447168811,2.36
2.2125,1.6558960857594512e-28,1.0233757589565193,1.1132658215093032,1.0424815212165615,1.2049439171159473,2.3625
2.215,2.4657866580343423e-28,1.022952969252952,1.1111317256907836,1.0417118578350069,1.2010564792978038,2.3649999999999998
2.2175000000000002,2.7766220591531526e-28,1.0225350079257973,1.1090251583735786,1.040951031095262,1.1972200945891316,2.3675
2.22,2.7062693672444896e-28,1.0221218536093746,1.106945900014278,1.0401990004413975,1.1934343305494204,2.37
2.2225,2.371961077386064e-28,1.0217134850310936,1.1048937336516766,1.039455725603936,1.189698761206454,2.3725
2.225,1.890310028070513e-28,1.0213098810105945,1.1028684448721549,1.0387211665972604,1.1860129669753794,2.375
2.2275,1.363789924872651e-28,1.0209110203133762,1.1008698210469166,1.0379952833767103,1.1823765322307886,2.3775
2.23,8.402826199800804e-29,1.0205168812138559,1.0988976491228934,1.037278034816932,1.1787890382404573,2.38
2.2325,3.5392883191739495e-29,1.0201274419318331,1.096951717793236,1.0365693797335434,1.1752500702306041,2.3825
2.235,6.129858414706536e-30,1.0197426807772385,1.095031818194837,1.035869277221262,1.1717592196674176,2.385
2.2375000000000003,3.7159020091358353e-29,1.0193625761492604,1.0931377438750383,1.0351776866512492,1.1683160841770703,2.3875
2.24,5.533220140758299e-29,1.0189871063886236,1.0912692900285,1.0344945673269166,1.1649202650811332,2.39
2.2425,6.230344739836404e-29,1.0186162493365956,1.089426251283798,1.0338198774584217,1.1615713602162776,2.3925
2.245,6.071845989987537e-29,1.0182499827754203,1.0876084238791979,1.0331535751877952,1.158268971109585,2.395
2.2475,5.320986050790839e-29,1.0178882845743902,1.085815606362973,1.0324956189282177,1.1550127052981154,2.3975
2.25,4.2397530921564684e-29,1.0175311326889627,1.084047599561359,1.0318459673613085,1.1518021762498736,2.4
2.2525,3.058393360185726e-29,1.0171785050116775,1.0823042058146914,1.0312045790918973,1.1486370008706532,2.4025
2.255,1.8842166382199237e-29,1.0168303789270814,1.0805852267587701,1.03057141161943,1.1455167922337672,2.405
2.2575,7.936104281556811e-30,1.016486731756163,1.0788904655067222,1.0299464223658035,1.1424411668406522,2.4074999999999998
2.2600000000000002,1.373776225692938e-30,1.016147540903761,1.0772197273523347,1.029329569015545,1.1394097469703237,2.41
2.2625,8.330297575809067e-30,1.0158127838576714,1.0755728197391834,1.0287208095130502,1.1364221606013074,2.4125
2.265,1.2404196323653437e-29,1.0154824380381935,1.073949551495679,1.0281201017165664,1.1334780388981096,2.415
2.2675,1.3966231217500661e-29,1.015156480348941,1.07234973061028,1.027527402367239,1.1305770088753324,2.4175
2.27,1.3609630445303157e-29,1.0148348876253142,1.07077316642026,1.026942668118934,1.1277187007186356,2.42
2.2725,1.1924960949107906e-29,1.014517636783255,1.0692196703182717,1.0263658558790867,1.1249027501558568,2.4225
2.275,9.50020506000676e-30,1.014204704818346,1.0676890557225838,1.0257969228058914,1.1221287983799226,2.425
2.2775,6.852170927905333e-30,1.0138960686539784,1.06618113731069,1.025235825961737,1.1193964895231627,2.4274999999999998
2.2800000000000002,4.221129895221938e-30,1.013591704688015,1.0646957287874703,1.0246825212805823,1.116705463280224,2.43
2.2825,1.7778445324938925e-30,1.0132915892453358,1.0632326450816647,1.024136964599092,1.1140553622645153,2.4325
2.285,3.076007670685829e-31,1.0129956987279527,1.061791703055892,1.0235991119979237,1.1114458343927733,2.435
2.2875,1.8657776872473046e-30,1.0127040096141002,1.0603727214779322,1.023068919798882,1.108876532808984,2.4375
2.29,2.7782096212010077e-30,1.0124164983050163,1.058975520252558,1.022546344218021,1.10634711335467,2.44
2.2925,3.12791706985858e-30,1.012133140667428,1.057599918181762,1.022031340332013,1.1038572271748204,2.4425
2.295,3.0477856315777613e-30,1.0118539124902024,1.0562457351697347,1.0215238631099484,1.101406528085262,2.445
2.2975,2.6701671435526845e-30,1.0115787896358337,1.0549127929365651,1.021023867754859,1.0989946749625694,2.4475
2.3000000000000003,2.1268967198687187e-30,1.0113077480395312,1.0536009149905115,1.0205313097008382,1.0966213316690245,2.45
2.3025,1.5338674791659727e-30,1.0110407635545986,1.0523099258577258,1.0200461442660216,1.0942861645268496,2.4525
2.305,9.4483170207192e-31,1.0107778114907124,1.0510396488336764,1.0195683256185568,1.0919888349308837,2.455
2.3075,3.979330856486824e-31,1.0105188670747147,1.0497899081974296,1.0190978078084767,1.0897290067029386,2.4575
2.31,6.881783784547822e-32,1.0102639056034857,1.0485605299292562,1.018634545109261,1.0875063484791287,2.46
2.3125,4.175388618993115e-31,1.0100129024430275,1.0473513416838431,1.0181784920149328,1.0853205336359153,2.4625
2.315,6.217289287899869e-31,1.009765832872437,1.0461621720175875,1.0177296028931082,1.0831712377759941,2.465
2.3175,6.999607329297923e-31,1.0095226716179433,1.0449928481303705,1.0172878309511313,1.0810581313707326,2.4675
2.32,6.819747685925873e-31,1.0092833933178778,1.0438431980899288,1.0168531292674754,1.0789808870784123,2.4699999999999998
2.3225000000000002,5.974061621300923e-31,1.0090479726769457,1.0427130515535956,1.0164254511331667,1.0769391821213412,2.4725
2.325,4.757884107375932e-31,1.0088163844653086,1.0416022397424107,1.0160047500488625,1.0749326982130327,2.475
2.3275,3.430876948012736e-31,1.0085886033611389,1.0405105946656734,1.0155909793781461,1.072961119063126,2.4775
2.33,2.1131999643933243e-31,1.0083646034803873,1.0394379468522368,1.0151840913143395,1.0710241230715882,2.48
2.3325,8.89996341242423e-32,1.0081443588459658,1.0383841275857522,1.01478403791094,1.0691213905888777,2.4825
2.335,1.538474856676219e-32,1.0079278435434305,1.0373489696307798,1.0143907714227474,1.0672526062755627,2.485
2.3375,9.336913771117938e-32,1.007715031720065,1.0363323072077533,1.0140042443029313,1.0654174590306942,2.4875
2.34,1.3902988119742998e-31,1.007505897426009,1.0353339752144988,1.013624408856729,1.0636156395227183,2.4899999999999998
2.3425000000000002,1.5651845587778302e-31,1.0073004141397235,1.0343538069462355,1.0132512162093923,1.0618468329562054,2.4925
2.345,1.5248557837037852e-31,1.0070985552414229,1.0333916363424736,1.0128846173352248,1.0601107262533305,2.495
2.3475,1.3356153471222699e-31,1.0069002941701826,1.032447298717723,1.012524563398274,1.0584070103891725,2.4975
2.35,1.0635698956292226e-31,1.0067056044230258,1.0315206307372873,1.0121710057493938,1.0567353803213517,2.5
2.3525,7.668504664698508e-32,1.0065144593946163,1.0306114696354556,1.0118238955804837,1.0550955325533908,2.5025
2.355,4.722995092070104e-32,1.0063268318983913,1.0297196509234243,1.0114831828939683,1.053487157993253,2.505
2.3575,1.9891074031148516e-32,1.0061426946442793,1.0288450106486142,1.0111488175300622,1.0519099490371309,2.5075
2.36,3.437059539034386e-33,1.0059620203972452,1.02798738613022,1.0108207495069044,1.0503636018741374,2.51
2.3625000000000003,2.0864549971299914e-32,1.005784781976384,1.0271466159358043,1.0104989290176296,1.0488478164172825,2.5125
2.365,3.106816424593053e-32,1.0056109520931682,1.0263225390958906,1.0101833060852625,1.0473622939051779,2.515
2.3675,3.49751770433243e-32,1.0054405028682198,1.0255149927990406,1.0098738295340683,1.0459067298699658,2.5175
2.37,3.407177124310945e-32,1.0052734063133484,1.0247238146643545,1.0095704480147343,1.0444808211062226,2.52
2.3725,2.9840249098878927e-32,1.0051096344915487,1.0239488434820931,1.009273110343849,1.0430842679393373,2.5225
2.375,2.3759204803506208e-32,1.0049491595161013,1.0231899191910583,1.0089817655009905,1.0417167741579287,2.525
2.3775,1.712905585880949e-32,1.0047919533873686,1.022446882089322,1.0086963622843719,1.0403780446591369,2.5275
2.38,1.0549064521202264e-32,1.0046379875051754,1.0217195705157163,1.0084168482843316,1.0390677785416254,2.53
2.3825,4.442715673320919e-33,1.0044872331552028,1.021007823136272,1.00814317090619,1.0377856759444088,2.5324999999999998
2.3850000000000002,7.673984706662136e-34,1.0043396616704523,1.0203114796901553,1.0078752777090003,1.0365314402738997,2.535
2.3875,4.659531758095184e-33,1.004195244430358,1.019630380967826,1.0076131164026627,1.0353047781378686,2.5375
2.39,6.93827250209038e-33,1.004053952696121,1.0189643680176532,1.0073566345043945,1.0341053970388907,2.54
2.3925,7.810601524886201e-33,1.003915757118672,1.0183132798131094,1.0071057783145627,1.0329329986060218,2.5425
2.395,7.608406741582374e-33,1.0037806282294564,1.0176769555538872,1.006860493937045,1.0317872852905374,2.545
2.3975,6.662856594462305e-33,1.003648536603378,1.0170552354173912,1.0066207276171975,1.0306679625473387,2.5475
2.4,5.304436255246291e-33,1.003519452857924,1.0164479605376686,1.0063864257390074,1.0295747387705838,2.55
2.4025,3.8238529693808594e-33,1.0033933474870338,1.0158549722076835,1.0061575344824374,1.0285073230391018,2.5524999999999998
2.4050000000000002,2.3548197996822547e-33,1.0032701903646113,1.0152761095315193,1.0059339988017262,1.0274654184981022,2.555
2.4075,9.917141335458425e-34,1.0031499512397393,1.0147112117409138,1.005715763443158,1.0264487289011404,2.5575
2.41,1.712461702636262e-34,1.003032599901117,1.0141601189525487,1.005502773282224,1.0254569607423691,2.56
2.4125,1.0399931964018563e-33,1.0029181061761998,1.013622672147763,1.005294973320823,1.024489823193975,2.5625
2.415,1.54861145347998e-33,1.002806439763596,1.0130987123702624,1.0050923083455034,1.023547025906601,2.565
2.4175,1.743275625169789e-33,1.002697569732104,1.012588078362684,1.0048947219082904,1.022628272550084,2.5675
2.42,1.698058136694251e-33,1.0025914650203889,1.012090608899264,1.0047021573418402,1.0217332671934052,2.57
2.4225,1.4869018539331676e-33,1.0024880946029264,1.011606143549171,1.004514558095795,1.020861716385087,2.5725
2.4250000000000003,1.1836275375132807e-33,1.0023874274891644,1.0111345226570168,1.0043318677340445,1.0200133290925895,2.575
2.4275,8.531808074644358e-34,1.0022894325544371,1.0106755865357993,1.0041540295938642,1.019187814559962,2.5775
2.43,5.25382669025392e-34,1.002194078034503,1.0102291730872057,1.0039809857692437,1.0183848760141232,2.58
2.4325,2.2125800842719794e-34,1.0021013320297192,1.0097951201511224,1.0038126781234864,1.0176042168771071,2.5825
2.435,3.819574419664883e-35,1.002011162672505,1.009373266275259,1.0036490486247855,1.0168455427927632,2.585
2.4375,2.320066859197556e-34,1.0019235381265268,1.0089634506964809,1.0034900393435588,1.0161085615682905,2.5875
2.44,3.454740548102516e-34,1.0018384264161266,1.0085655125288007,1.0033355921124565,1.015392981090495,2.59
2.4425,3.888937604659195e-34,1.001755794916336,1.008179288366835,1.0031856475120835,1.0146985032015747,2.5925
2.445,3.7878912315768485e-34,1.0016756108615799,1.0078046146528497,1.00304014588119,1.0140248297405887,2.5949999999999998
2.4475000000000002,3.316609629926998e-34,1.0015978415146753,1.0074413284529207,1.0028990276515208,1.0133716645154993,2.5975
2.45,2.6398910100128068e-34,1.001522454166044,1.007089267439123,1.0027622333452393,1.0127387132470465,2.6
2.4525,1.902741733400597e-34,1.0014494159616474,1.006748269072405,1.0026297032357474,1.0121256815441229,2.6025
2.455,1.1716418171153817e-34,1.0013786933884559,1.0064181681886495,1.0025013763356154,1.0115322689504147,2.605
2.4575,4.934152228731796e-35,1.0013102527877147,1.0060987993839312,1.002377191404588,1.0109581748146874,2.6075
2.46,8.515907410903992e-36,1.001244060525491,1.0057899977974647,1.0022570872837957,1.0104031002081209,2.61
2.4625,5.173433071165206e-35,1.0011800829919177,1.0054915990946913,1.0021410028932787,1.0098667478707375,2.6125
2.465,7.703650086679177e-35,1.001118286427633,1.0052034386448945,1.0020288768935375,1.0093488202455538,2.6149999999999998
2.4675000000000002,8.671722547357658e-35,1.0010586364046796,1.0049253490893533,1.0019206466753947,1.0088490136947679,2.6175
2.47,8.446070142252682e-35,1.0010010983443693,1.0046571627454757,1.0018162493661338,1.0083670242011584,2.62
2.4725,7.394739703136321e-35,1.0009456376893884,1.004398712396777,1.001715622163185,1.0079025492315712,2.6225
2.475,5.885434607063892e-35,1.0008922199030779,1.0041498312769237,1.0016187023317649,1.0074552876861482,2.625
2.4775,4.241740773425536e-35,1.000840810294374,1.0039103522419588,1.001525426867045,1.0070249379900285,2.6275
2.48,2.6118106926433505e-35,1.00079137349412,1.0036801053200917,1.001435731485582,1.006611192475117,2.63
2.4825,1.0999011317125639e-35,1.000743873977556,1.0034589201353379,1.0013495516299962,1.006213742917598,2.6325
2.485,1.898000115122518e-36,1.000698276237999,1.0032466267047835,1.001266822802276,1.0058322823493524,2.635
2.4875000000000003,1.1531665689124232e-35,1.0006545447861646,1.0030430554236451,1.0011874805615495,1.0054665050102576,2.6375
2.49,1.7171653401453845e-35,1.0006126439736025,1.0028480362320042,1.0011114601867284,1.0051161044953423,2.64
2.4925,1.932927005692373e-35,1.0005725374644028,1.002661396145803,1.0010386956690476,1.0047807682954848,2.6425
2.495,1.882566452557329e-35,1.0005341887623436,1.0024829617006208,1.0009691207157863,1.0044601831787598,2.645
2.4975,1.648140604544286e-35,1.0004975613861578,1.0023125597564702,1.0009026690833691,1.0041540369524955,2.6475
2.5,1.3116539735731974e-35,1.0004626188689012,1.002150017483952,1.000839274575287,1.0038620184189329,2.65
2.5025,9.45280436032559e-36,1.0004293245798843,1.0019951615254241,1.0007788707050453,1.0035838155749004,2.6525
2.505,5.8202685890653584e-36,1.0003976411917623,1.0018478155068682,1.0007213896892753,1.0033191103022043,2.655
2.5075,2.4510320897611083e-36,1.0003675312123625,1.0017078025023631,1.0006667634510844,1.003067583603147,2.6574999999999998
2.5100000000000002,4.229007225652679e-37,1.0003389571615506,1.0015749458466527,1.0006149239531568,1.0028289173168197,2.66
2.5125,2.5696078706498407e-36,1.0003118815706487,1.001449069122479,1.0005658031958433,1.0026027940784468,2.6625
2.515,3.8263850661808216e-36,1.0002862668028545,1.0013299953160988,1.000519332880194,1.002388895567704,2.665
2.5175,4.307126861601067e-36,1.0002620745156803,1.001217544309596,1.0004754434009555,1.0021868973367027,2.6675
2.52,4.1947962301523965e-36,1.000239266197509,1.001111535366726,1.0004340648502854,1.0019964739129097,2.67
2.5225,3.672274086621423e-36,1.0002178033460798,1.0010117879535325,1.0003951273511096,1.001817300474262,2.6725
2.525,2.922369227023831e-36,1.000197647467963,1.0009181217269587,1.0003585610553976,1.0016490528125446,2.675
2.5275,2.105991009890906e-36,1.000178759897493,1.0008303556848106,1.0003242958070964,1.0014914056259367,2.6774999999999998
2.5300000000000002,1.296659485253819e-36,1.0001611012546285,1.0007483056386475,1.0002922601344202,1.0013440274707877,2.68
2.5325,5.460414353088098e-37,1.0001446319861829,1.0006717867211405,1.0002623822545704,1.001206585746899,2.6825
2.535,9.420745354095406e-38,1.0001293125459085,1.0006006142148507,1.0002345904075782,1.001078748336642,2.685
2.5375,5.724404739644605e-37,1.0001151033940352,1.000534603542223,1.000208812854783,1.0009601835727449,2.6875
2.54,8.524190257672309e-37,1.000101964814614,1.0004735694095037,1.000184977541205,1.0008505585687064,2.69
2.5425,9.59508546030756e-37,1.0000898563684741,1.0004173232585416,1.000163011085708,1.0007495342746588,2.6925
2.545,9.344654044366012e-37,1.0000787374394633,1.0003656757976296,1.000142839788199,1.000656770365905,2.695
2.5475,8.180360004290005e-37,1.0000685674162533,1.000318437839172,1.0001243899644572,1.000571926853219,2.6975
2.5500000000000003,6.509583957032881e-37,1.000059305691946,1.0002754202911814,1.0001075879448382,1.0004946640554508,2.7
2.5525,4.690931523730179e-37,1.0000509114802234,1.0002364332970053,1.0000923597364946,1.000424640964787,2.7025
2.555,2.88813800835587e-37,1.0000433432645772,1.000201283671385,1.0000786300126039,1.0003615103969734,2.705
2.5575,1.2162165399090065e-37,1.000036559348402,1.0001697774497595,1.0000663231209121,1.0003049237940451,2.7075
2.56,2.098286895134424e-38,1.0000305180381348,1.0001417207332202,1.0000553634191796,1.0002545328097014,2.71
2.5625,1.2749994560953508e-37,1.0000251776429385,1.0001169196816406,1.0000456752741333,1.0002099892871597,2.7125
2.565,1.8985974309070858e-37,1.0000204962881873,1.0000951796424282,1.0000371827205254,1.000170943639873,2.715
2.5675,2.1371073995912635e-37,1.0000164313565518,1.0000763025502653,1.0000298084403587,1.000137040037195,2.7175
2.57,2.0813004785152803e-37,1.0000129400463786,1.0000600895158067,1.000023474781897,1.0001079211814794,2.7199999999999998
2.5725000000000002,1.8219388422969503e-37,1.00000997955765,1.0000463416849823,1.0000181040987877,1.0000832298888445,2.7225
2.575,1.4497779802852776e-37,1.0000075070917476,1.0000348602338993,1.000013618749282,1.0000626090727311,2.725
2.5775,1.0447114577906303e-37,1.0000054796677738,1.0000254455122124,1.0000099407617216,1.0000457001779635,2.7275
2.58,6.4320150167603e-38,1.0000038535719746,1.0000178944830802,1.0000069908324913,1.000032138514698,2.73
2.5825,2.708525414187287e-38,1.0000025849079408,1.0000120032750937,1.0000046893268273,1.000021557898309,2.7325
2.585,4.673106791968215e-39,1.0000016297799021,1.0000075680306288,1.0000029566120698,1.0000135921886368,2.735
2.5875,2.839447950557853e-38,1.0000009442925808,1.0000043849026734,1.000001713057178,1.0000078752797474,2.7375
2.59,4.2282038086898376e-38,1.0000004843498471,1.0000022491177032,1.0000008786670305,1.0000040394076137,2.7399999999999998
2.5925000000000002,4.759355379785524e-38,1.000000205050965,1.0000009521702624,1.0000003719862287,1.0000017100923446,2.7425
2.595,4.635040999792841e-38,1.0000000612941493,1.000000284624122,1.0000001111946428,1.0000005111822077,2.745
2.5975,4.0573961854967217e-38,1.0000000079777094,1.0000000370451072,1.0000000144724568,1.000000066532099,2.7475
2.6,3.2285554115432095e-38,1.0,1.0,1.0,1.0,2.75
2.6025,2.3264657078620215e-38,0.9999999989148253,0.9999999997663063,0.9999999980514462,0.9999999995760721,2.7525
2.605,1.4323244134789413e-38,0.9999999986514363,0.9999999997095852,0.9999999975785016,0.9999999994731781,2.755
2.6075,6.031414132542226e-39,0.9999999989306346,0.9999999997697109,0.9999999980798338,0.9999999995822481,2.7575
2.61,1.040734070374876e-39,0.999999999473222,0.9999999998865577,0.9999999990541107,0.9999999997942121,2.76
2.6125000000000003,6.323101607321704e-39,1.0,1.0,1.0,1.0,2.7625
2.615,9.415627352727403e-39,1.0000000000626181,1.0000000002907716,1.0000000001135911,1.0000000005221135,2.765
2.6175,1.0598401169025234e-38,1.0000000000778164,1.0000000003613465,1.0000000001411615,1.0000000006488385,2.7675
2.62,1.0321550668155446e-38,1.0000000000617058,1.0000000002865357,1.0000000001119362,1.0000000005145069,2.77
2.6225,9.035203463235357e-39,1.0000000000303968,1.0000000001411498,1.0000000000551408,1.0000000002534504,2.7725
2.625,7.189487167432437e-39,1.0,1.0,1.0,1.0,2.775
2.6275,5.180666404240256e-39,0.999999999922088,0.9999999999832215,0.9999999998601001,0.9999999999695633,2.7775
2.63,3.189553840191676e-39,0.9999999999031775,0.9999999999791491,0.9999999998261442,0.9999999999621759,2.78
2.6325,1.3430991527354272e-39,0.999999999923223,0.999999999983466,0.9999999998621383,0.9999999999700068,2.7824999999999998
2.6350000000000002,2.3174798053381815e-40,0.999999999962179,0.9999999999918552,0.9999999999320882,0.999999999985225,2.785
2.6375,1.408037881878359e-39,1.0,1.0,1.0,1.0,2.7875
2.64,2.0966853318682363e-39,1.0000000000044957,1.0000000000208764,1.0000000000081555,1.000000000037486,2.79
2.6425,2.360062944679757e-39,1.0000000000055869,1.0000000000259435,1.000000000010135,1.0000000000465845,2.7925
2.645,2.2984077929309682e-39,1.0000000000044302,1.0000000000205724,1.0000000000080367,1.00000000003694,2.795
2.6475,2.011956949258735e-39,1.0000000000021825,1.0000000000101341,1.0000000000039588,1.000000000018197,2.7975
2.65,1.6009474863007235e-39,1.0,1.0,1.0,1.0,2.8
2.6525,1.1536216324177682e-39,0.9999999999944061,0.9999999999987954,0.9999999999899556,0.9999999999978147,2.8024999999999998
2.6550000000000002,7.102422388909999e-40,0.9999999999930484,0.999999999998503,0.9999999999875178,0.9999999999972844,2.805
2.6575,2.9907731273437297e-40,0.9999999999944876,0.999999999998813,0.9999999999901019,0.9999999999978466,2.8075
2.66,5.160513903606244e-41,0.9999999999972846,0.9999999999994152,0.9999999999951241,0.9999999999989392,2.81
2.6625,3.1353710940190376e-40,1.0,1.0,1.0,1.0,2.8125
2.665,4.668820366080898e-40,1.0000000000003229,1.0000000000014988,1.0000000000005855,1.0000000000026914,2.815
2.6675,5.255291399590039e-40,1.0000000000004012,1.0000000000018627,1.0000000000007276,1.0000000000033447,2.8175
2.67,5.1179908402453564e-40,1.0000000000003182,1.000000000001477,1.000000000000577,1.000000000002652,2.82
2.6725,4.480125333748761e-40,1.0000000000001568,1.0000000000007276,1.0000000000002842,1.0000000000013065,2.8225
2.6750000000000003,3.5649015258021197e-40,1.0,1.0,1.0,1.0,2.825
2.6775,2.56881564928726e-40,0.9999999999995983,0.9999999999999135,0.9999999999992788,0.9999999999998431,2.8275
2.68,1.5815222858077435e-40,0.9999999999995008,0.9999999999998925,0.9999999999991038,0.999999999999805,2.83
2.6825,6.659656041482469e-41,0.9999999999996042,0.9999999999999147,0.9999999999992893,0.9999999999998453,2.8325
2.685,1.149102269061781e-41,0.999999999999805,0.999999999999958,0.99999999999965,0.9999999999999238,2.835
2.6875,6.981610385701164e-41,1.0,1.0,1.0,1.0,2.8375
2.69,1.039617105676211e-40,1.000000000000023,1.0000000000001077,1.000000000000042,1.0000000000001932,2.84
2.6925,1.170206477530301e-40,1.0000000000000289,1.0000000000001337,1.0000000000000522,1.00000000000024,2.8425
2.695,1.1396316470566258e-40,1.0000000000000229,1.0000000000001061,1.0000000000000415,1.0000000000001905,2.8449999999999998
2.6975000000000002,9.975951071794429e-41,1.0000000000000113,1.0000000000000522,1.0000000000000204,1.0000000000000937,2.8475
2.7,7.937993508230993e-41,1.0,1.0,1.0,1.0,2.85
2.7025,5.719990429218672e-41,0.9999999999999711,0.9999999999999938,0.9999999999999483,0.9999999999999887,2.8525
2.705,3.5215753645009655e-41,0.9999999999999641,0.9999999999999922,0.9999999999999356,0.999999999999986,2.855
2.7075,1.4829035639215993e-41,0.9999999999999716,0.9999999999999939,0.9999999999999489,0.9999999999999889,2.8575
2.71,2.5586972267564867e-42,0.999999999999986,0.999999999999997,0.9999999999999749,0.9999999999999946,2.86
2.7125,1.5545892454469354e-41,1.0,1.0,1.0,1.0,2.8625
2.715,2.3149044578334696e-41,1.0000000000000016,1.0000000000000078,1.000000000000003,1.0000000000000138,2.8649999999999998
2.7175000000000002,2.605683626416901e-41,1.000000000000002,1.0000000000000095,1.0000000000000038,1.0000000000000173,2.8675
2.72,2.5375997210639244e-41,1.0000000000000016,1.0000000000000075,1.0000000000000029,1.0000000000000138,2.87
2.7225,2.2213257116414185e-41,1.0000000000000009,1.0000000000000038,1.0000000000000016,1.0000000000000067,2.8725
2.725,1.7675345680161746e-41,1.0,1.0,1.0,1.0,2.875
2.7275,1.2736550163016915e-41,0.9999999999999979,0.9999999999999996,0.9999999999999962,0.9999999999999992,2.8775
2.73,7.841388075982918e-42,0.9999999999999974,0.9999999999999994,0.9999999999999953,0.999999999999999,2.88
2.7325,3.301934492529979e-42,0.999999999999998,0.9999999999999996,0.9999999999999963,0.9999999999999992,2.8825
2.735,5.6973551387165724e-43,0.999999999999999,0.9999999999999998,0.9999999999999982,0.9999999999999996,2.885
2.7375000000000003,3.461546869752154e-42,1.0,1.0,1.0,1.0,2.8875
2.74,5.1545091932596824e-42,1.0000000000000002,1.0000000000000004,1.0000000000000002,1.0000000000000009,2.89
2.7425,5.801970869021853e-42,1.0000000000000002,1.0000000000000007,1.0000000000000002,1.0000000000000013,2.8925
2.745,5.650364973285069e-42,1.0000000000000002,1.0000000000000004,1.0000000000000002,1.0000000000000009,2.895
2.7475,4.9461245822957306e-42,1.0,1.0000000000000002,1.0,1.0000000000000004,2.8975
2.75,3.935682772300239e-42,1.0,1.0,1.0,1.0,2.9
2.7525,2.8359816439157487e-42,0.9999999999999999,1.0,0.9999999999999998,0.9999999999999999,2.9025
2.755,1.7459993952424012e-42,0.9999999999999998,1.0,0.9999999999999997,0.9999999999999999,2.905
2.7575,7.352232487510954e-43,0.9999999999999999,1.0,0.9999999999999998,0.9999999999999999,2.9074999999999998
2.7600000000000002,1.2685957308741133e-43,0.9999999999999999,1.0,0.9999999999999999,1.0,2.91
2.7625,7.707618478019075e-43,1.0,1.0,1.0,1.0,2.9125
2.765,1.1477229017928896e-42,1.0,1.0,1.0,1.0,2.915
2.7675,1.2918882569455788e-42,1.0,1.0,1.0,1.0,2.9175
2.77,1.2581299840164213e-42,1.0,1.0,1.0,1.0,2.92
2.7725,1.1013201537618636e-42,1.0,1.0,1.0,1.0,2.9225
2.775,8.763308369383505e-43,1.0,1.0,1.0,1.0,2.925
2.7775,6.3146743356318905e-43,1.0,1.0,1.0,1.0,2.9274999999999998
2.7800000000000002,3.8876866069707394e-43,1.0,1.0,1.0,1.0,2.93
2.7825,1.6370656466168537e-43,1.0,1.0,1.0,1.0,2.9325
2.785,2.8246808221430316e-44,1.0,1.0,1.0,1.0,2.935
2.7875,1.7161941163068147e-43,1.0,1.0,1.0,1.0,2.9375
2.79,2.5555420414641844e-43,1.0,1.0,1.0,1.0,2.94
2.7925,2.8765416395676598e-43,1.0,1.0,1.0,1.0,2.9425
2.795,2.801372741517941e-43,1.0,1.0,1.0,1.0,2.945
2.7975,2.452215178215735e-43,1.0,1.0,1.0,1.0,2.9475
2.8000000000000003,1.951248780561655e-43,1.0,1.0,1.0,1.0,2.95
2.8025,1.406031724402937e-43,1.0,1.0,1.0,1.0,2.9525
2.805,8.656355653719277e-44,1.0,1.0,1.0,1.0,2.955
2.8075,3.6451020404740515e-44,1.0,1.0,1.0,1.0,2.9575
2.81,6.289445899185234e-45,1.0,1.0,1.0,1.0,2.96
2.8125,3.8212852316706604e-44,1.0,1.0,1.0,1.0,2.9625
2.815,5.69017857375252e-44,1.0,1.0,1.0,1.0,2.965
2.8175,6.404914084166014e-44,1.0,1.0,1.0,1.0,2.9675
2.82,6.237538925671002e-44,1.0,1.0,1.0,1.0,2.9699999999999998
2.8225000000000002,5.460100261027165e-44,1.0,1.0,1.0,1.0,2.9725
2.825,4.3446452529946714e-44,1.0,1.0,1.0,1.0,2.975
2.8275,3.130664107161632e-44,1.0,1.0,1.0,1.0,2.9775
2.83,1.9274192004296482e-44,1.0,1.0,1.0,1.0,2.98
2.8325,8.11615952528668e-45,1.0,1.0,1.0,1.0,2.9825
2.835,1.400402168113641e-45,1.0,1.0,1.0,1.0,2.985
2.8375,8.508438878604988e-45,1.0,1.0,1.0,1.0,2.9875
2.84,1.2669695379969116e-44,1.0,1.0,1.0,1.0,2.9899999999999998
2.8425000000000002,1.426111233031331e-44,1.0,1.0,1.0,1.0,2.9925
2.845,1.3888429358825705e-44,1.0,1.0,1.0,1.0,2.995
2.8475,1.215738609469545e-44,1.0,1.0,1.0,1.0,2.9975
2.85,9.673722167111185e-45,1.0,1.0,1.0,1.0,3.0
2.8525,6.970685594453882e-45,1.0,1.0,1.0,1.0,3.0025
2.855,4.2915579518736176e-45,1.0,1.0,1.0,1.0,3.005
2.8575,1.80712920371274e-45,1.0,1.0,1.0,1.0,3.0075
2.86,3.1181068568642168e-46,1.0,1.0,1.0,1.0,3.01
2.8625000000000003,1.894471751981757e-45,1.0,1.0,1.0,1.0,3.0125
2.865,2.821007876336902e-45,1.0,1.0,1.0,1.0,3.015
2.8675,3.17534832194257e-45,1.0,1.0,1.0,1.0,3.0175
2.87,3.092366197495636e-45,1.0,1.0,1.0,1.0,3.02
2.8725,2.706934611692986e-45,1.0,1.0,1.0,1.0,3.0225
2.875,2.1539266732314998e-45,1.0,1.0,1.0,1.0,3.025
2.8775,1.5520745469830303e-45,1.0,1.0,1.0,1.0,3.0275
2.88,9.555466225193007e-46,1.0,1.0,1.0,1.0,3.03
2.8825,4.023703455870093e-46,1.0,1.0,1.0,1.0,3.0324999999999998
2.8850000000000002,6.942683806722339e-47,1.0,1.0,1.0,1.0,3.035
2.8875,4.2181748269652906e-46,1.0,1.0,1.0,1.0,3.0375
2.89,6.2811713504319174e-46,1.0,1.0,1.0,1.0,3.04
2.8925,7.070133118049536e-46,1.0,1.0,1.0,1.0,3.0425
2.895,6.885365221684442e-46,1.0,1.0,1.0,1.0,3.045
2.8975,6.027172753202937e-46,1.0,1.0,1.0,1.0,3.0475
2.9,4.795860804471315e-46,1.0,1.0,1.0,1.0,3.05
2.9025,3.4557953460360962e-46,1.0,1.0,1.0,1.0,3.0524999999999998
2.9050000000000002,2.127585863164379e-46,1.0,1.0,1.0,1.0,3.055
2.9075,8.959027198041533e-47,1.0,1.0,1.0,1.0,3.0575
2.91,1.54583720097309e-47,1.0,1.0,1.0,1.0,3.06
2.9125,9.392030925924995e-47,1.0,1.0,1.0,1.0,3.0625
2.915,1.3985409992353322e-46,1.0,1.0,1.0,1.0,3.065
2.9175,1.574206903585465e-46,1.0,1.0,1.0,1.0,3.0675
2.92,1.5330662347040032e-46,1.0,1.0,1.0,1.0,3.07
2.9225,1.3419844216520542e-46,1.0,1.0,1.0,1.0,3.0725
2.9250000000000003,1.0678268934906733e-46,1.0,1.0,1.0,1.0,3.075
2.9275,7.694565800540327e-47,1.0,1.0,1.0,1.0,3.0775
2.93,4.737264142679998e-47,1.0,1.0,1.0,1.0,3.08
2.9325,1.9948682983145383e-47,1.0,1.0,1.0,1.0,3.0825
2.935,3.4411739556727707e-48,1.0,1.0,1.0,1.0,3.085
2.9375,2.0911886019766556e-47,1.0,1.0,1.0,1.0,3.0875
2.94,3.1140601698561944e-47,1.0,1.0,1.0,1.0,3.09
2.9425,3.5053236918739667e-47,1.0,1.0,1.0,1.0,3.0925
2.945,3.41378994662942e-47,1.0,1.0,1.0,1.0,3.0949999999999998
2.9475000000000002,2.9882697127219097e-47,1.0,1.0,1.0,1.0,3.0975
2.95,2.377573768751051e-47,1.0,1.0,1.0,1.0,3.1
2.9525,1.7127492976331593e-47,1.0,1.0,1.0,1.0,3.1025
2.955,1.0537890995522472e-47,1.0,1.0,1.0,1.0,3.105
2.9575,4.429223790092426e-48,1.0,1.0,1.0,1.0,3.1075
2.96,7.7621659494928e-49,1.0,1.0,1.0,1.0,3.11
2.9625,4.656138114593366e-48,1.0,1.0,1.0,1.0,3.1125
2.965,6.915457064974156e-48,1.0,1.0,1.0,1.0,3.1149999999999998
2.9675000000000002,7.76792310680069e-48,1.0,1.0,1.0,1.0,3.1175
2.97,7.554494241925439e-48,1.0,1.0,1.0,1.0,3.12
2.9725,6.616128472201388e-48,1.0,1.0,1.0,1.0,3.1225
2.975,5.2937837994812673e-48,1.0,1.0,1.0,1.0,3.125
2.9775,3.8812772831896164e-48,1.0,1.0,1.0,1.0,3.1275
2.98,2.4838622130381626e-48,1.0,1.0,1.0,1.0,3.13
2.9825,1.1596509363104005e-48,1.0,1.0,1.0,1.0,3.1325
2.985,3.324419971017179e-50,1.0,1.0,1.0,1.0,3.135
2.9875000000000003,1.0367108477402193e-48,1.0,1.0,1.0,1.0,3.1375
2.99,1.7926366604958793e-48,1.0,1.0,1.0,1.0,3.14
2.9925,2.2429092906938543e-48,1.0,1.0,1.0,1.0,3.1425
2.995,2.3294163910506493e-48,1.0,1.0,1.0,1.0,3.145
2.9975,1.9940456142827683e-48,1.0,1.0,1.0,1.0,3.1475
3.0,1.1786846131067146e-48,1.0,1.0,1.0,1.0,3.15
