s,l,required_negative_null,worst_null_direction_cosine,required_negative_radial_plus,required_negative_radial_minus,velocity,heat,electric_density,geometry_rho,geometry_p_r,geometry_j,geometry_p_t,endpoint_rho,endpoint_p_r,endpoint_j,endpoint_p_t,reservoir_rho,reservoir_p_r,reservoir_j,reservoir_p_t
0.0,-2.1,0.04768843162882288,-0.004270414123128683,0.013282145837930184,0.013864874579997482,4.062611865024905e-12,0.25,0.024594736028104795,0.002333737565835256,-0.006417215729627872,-0.0001456821854782704,0.008657957029985196,0.0,0.0,0.0,0.0,0.03408476807327601,-0.024594736028104795,3.855431678617914e-14,0.024594736028104795
0.0,-2.0875,0.04944072402034574,-0.0036308114386047223,0.012346296062882256,0.012881136694568729,5.498436997148725e-12,0.2500013300521968,0.025348878743628515,0.0025980748332075005,-0.006265975606407043,-0.00013378793518045853,0.007611124201722828,-1.173860135462144e-06,-1.0098856985411383e-06,-7.777730804066477e-08,4.854600423707438e-06,0.03429687809498847,-0.025348878743628515,4.920001068398037e-14,0.025348878743628515
0.0,-2.075,0.05112058424379331,-0.003093797549722284,0.011455121784603723,0.011942966173867592,7.19054886885851e-12,0.25006941528712057,0.026088057843625497,0.002841817841495997,-0.006127225417215066,-0.00012253020234117716,0.006670137958059636,-8.535179333010051e-06,-7.331616886359078e-06,-5.691050858228303e-07,3.5079012750955945e-05,0.034517561043361455,-0.026088057843625497,6.061275469790058e-14,0.026088057843625497
0.0,-2.0625,0.052739565107794276,-0.0026286939159812237,0.010603413819375457,0.01104414585281231,9.099786902919063e-12,0.2506337057868362,0.02680779740709278,0.0030659503660693636,-0.006000792877586352,-0.00011192378195276084,0.005827792364113965,-2.5976073671665695e-05,-2.2284932536154e-05,-1.74077366577442e-06,0.00010620112927527803,0.03474499573787749,-0.02680779740709278,7.222681341634573e-14,0.02680779740709278
0.0,-2.0500000000000003,0.054309268591532456,-0.0022173161564398025,0.009793050891983865,0.010186131904559881,1.1149721362387775e-11,0.25279831892537685,0.02750562996118124,0.003271542309311806,-0.005886389320971209,-0.00010197523445382647,0.005076785619546259,-5.5071537324446915e-05,-4.7198091033048244e-05,-3.7049813931887997e-06,0.00022417622416252367,0.0349826439761512,-0.02750562996118124,8.336662288958336e-14,0.02750562996118124
0.0,-2.0375,0.05584073867799259,-0.0018493312582170325,0.00903058442572014,0.009375577159984072,1.324786160791167e-11,0.25820562436381556,0.028181188699082465,0.003459723708155112,-0.005783627887950775,-9.268360466907976e-05,0.004409843481239693,-9.538582540993106e-05,-8.168465619163042e-05,-6.435421196576705e-06,0.0003869076985125558,0.03523743579374047,-0.028181188699082465,9.348018498125798e-14,0.028181188699082465
0.0,-2.025,0.05734117815305748,-0.001519322101122138,0.00832238738257615,0.008619385553983368,1.5281764148929053e-11,0.2683696007809093,0.02883605264473658,0.003631660485442828,-0.005692041154173044,-8.404121569614999e-05,0.003819823618191601,-0.00014486111481558185,-0.00012398262739446932,-9.791672946417515e-06,0.0005859557313032916,0.035515402186496174,-0.02883605264473658,1.020722443654275e-13,0.02883605264473658
0.0,-2.0125,0.05881031671106382,-0.0012248338705013496,0.007669946959155482,0.007919888139431152,1.713032289884763e-11,0.2837704713919269,0.029473265886258877,0.0037885330750679702,-0.0056110985809793585,-7.603450918957283e-05,0.0032998014165130547,-0.00020026005099254632,-0.000171333805348339,-1.3549214229329038e-05,0.0008083570472909951,0.0358172117859817,-0.029473265886258884,1.0867384171507222e-13,0.029473265886258884
0.0,-2.0,0.060239099898064724,-0.0009650188440697051,0.007067911223658651,0.007272760462269114,1.8664569562056987e-11,0.3031989753580895,0.030096604083113772,0.003931517468198844,-0.005540222780492233,-6.864490599528539e-05,0.0028431382136737187,-0.00025763611417945864,-0.0002203830522917813,-1.743259645539714e-05,0.0010384844099036055,0.0361362537802555,-0.030096604083113772,1.1272746190275823e-13,0.030096604083113772
0.0,-1.9875,0.06161223469513641,-0.0007396692275325865,0.006506078261641079,0.0066688786483445305,1.9747203897987907e-11,0.3238147834981069,0.03070980267238125,0.004061769103138422,-0.0054788046497589405,-6.184966406942809e-05,0.002443533276420805,-0.00031280806397061405,-0.0002675788728250186,-2.1149567507127944e-05,0.0012598798441267578,0.03646063251754916,-0.03070980267238125,1.1356280953516495e-13,0.03070980267238125
0.0,-1.975,0.06291438972574374,-0.0005485239955286066,0.005974690353740477,0.00609948457655605,2.0220174078879458e-11,0.34213390699399393,0.031316001857914895,0.004180409434054272,-0.005426217005925765,-5.562271202265144e-05,0.002095061062681076,-0.000361817046601799,-0.00030955850887069215,-2.4424156429214138e-05,0.0014570009913454235,0.03677865730666416,-0.031316001857914895,1.1045584410664942e-13,0.031316001857914895
0.0,-1.9625000000000001,0.06413800853369836,-0.00039078622867131144,0.005470689578624438,0.005562323467389894,1.990374852703441e-11,0.35575681577892104,0.03191759363121603,0.004288515162128101,-0.0053818266642050964,-4.9935442037524486e-05,0.001792195444529166,-0.0004013472747848308,-0.000343502509611236,-2.702696994902383e-05,0.0016168253950667013,0.03708563843654227,-0.03191759363121603,1.0286346418166002e-13,0.03191759363121603
0.0,-1.9500000000000002,0.0652899181854804,-0.00026480849554206013,0.005002145835692344,0.005065970885567953,1.855533539249866e-11,0.3652964955816762,0.03251648737981216,0.004387110055161066,-0.005345004968658351,-4.4757447286936675e-05,0.0015298226094682594,-0.00042909351537977056,-0.00036744550458615426,-2.8801184908449044e-05,0.0017302629134125337,0.03738918984691095,-0.03251648737981216,9.041462854487366e-14,0.03251648737981216
0.0,-1.9375,0.06638951367391256,-0.00016791017944620766,0.004584306458143626,0.0046258034151879,1.588103482802005e-11,0.37447560092459065,0.033114487069103596,0.004477158703934794,-0.005315136317698588,-4.005719416661914e-05,0.0013032443519060168,-0.00044406094565160105,-0.00038053167546984714,-2.9682954978471215e-05,0.0017933318512339668,0.03770615701312702,-0.033114487069103596,7.292047029980888e-14,0.033114487069103596
0.0,-1.925,0.06744770949722492,-9.629391465611041e-05,0.004218271629011503,0.0042426213796954325,1.1447341873687834e-11,0.384450761835335,0.03371289821912494,0.004559562882615446,-0.005291625629604002,-3.580262193996018e-05,0.0011081733930072462,-0.00044678526431601135,-0.00038320518938804617,-2.9715184318525984e-05,0.001808059801661571,0.03804127243019391,-0.03371289821912494,4.954837935136039e-14,0.03371289821912494
0.0,-1.9125,0.0688108046820577,-4.5018830475207546e-05,0.0042139918448020185,0.004225623089393825,4.717860687708488e-12,0.5032323497144446,0.03432260987613159,0.004635159036138143,-0.005273903606156516,-3.196166626067582e-05,0.0009407222698910817,-0.00043946326903679395,-0.0003773276239683216,-2.9053855133472653e-05,0.0017830755838696276,0.038720463666216245,-0.03432260987613159,2.074846150653018e-14,0.03432260987613159
0.0,-1.9000000000000001,0.07027295563576427,-8.13273516353108e-06,0.004319263959489615,0.004321409460221736,-5.113071157460653e-12,0.6641808548949946,0.03495567858239606,0.004704718005117572,-0.0052614312831419565,-2.850270557802124e-05,0.0007973872025559231,-0.0004259864374951972,-0.0003662161816575296,-2.7966330371696752e-05,0.001733864060794624,0.03951150463338007,-0.03495567858239606,-2.3294262779694228e-14,0.03495567858239606
0.0,-1.8875000000000002,0.07147170269112835,2.013167403137392e-05,0.0041653160776966265,0.004159895898522138,-1.904211640239751e-11,0.7340916176206957,0.03560299536010339,0.004768945393660384,-0.005253702664679093,-2.539493163741136e-05,0.0006750282079504458,-0.0004107764444752514,-0.00035365459757504653,-2.6749976346443174e-05,0.0016781822305873472,0.04004527511924436,-0.03560299536010339,-8.459040826557672e-14,0.03560299536010339
0.0,-1.875,0.07259619365497912,4.1784270643979794e-05,0.003959132667164714,0.0039476599102931,-3.856036599476479e-11,0.7798441766738049,0.03625157729428672,0.004828483396093774,-0.0052502466557285835,-2.2608647584884044e-05,0.0005708465746137839,-0.0003948872864968522,-0.00034054127728515483,-2.5476836638248204e-05,0.0016201946108887744,0.04051863888716282,-0.03625157729428672,-1.6453945674350635e-13,0.03625157729428672
0.0,-1.8625,0.07371469685630191,5.774106433757274e-05,0.0037701988523686503,0.0037540423075931167,-6.550245946000608e-11,0.8273702324210608,0.03689925622874497,0.004883913270124064,-0.005250627862554454,-2.011549873876643e-05,0.00048236066560936746,-0.00037839925795542923,-0.0003269384752917999,-2.4154634664041048e-05,0.001560113638479089,0.0409999999495427,-0.03689925622874497,-2.6860879932742726e-13,0.03689925622874497
0.0,-1.85,0.07483139815987952,6.881402490808794e-05,0.0035991447321458824,0.0035795349211321537,-1.0259201415689736e-10,0.8776333046318574,0.03754641265880447,0.004935758484661719,-0.005254446652765733,-1.7888641492039334e-05,0.00040738086519760485,-0.0003613926532464115,-0.00031290844609892666,-2.2791093840750823e-05,0.0014981517501384684,0.041491365416684814,-0.03754641265880447,-4.0472064918475155e-13,0.03754641265880447
0.0,-1.8375000000000001,0.07595030145771771,7.572353455540785e-05,0.00344643601561016,0.003424471693463066,-1.5316154143855627e-10,0.9317199772897455,0.03819356755107956,0.004984488130719138,-0.005261338395428342,-1.590285763071016e-05,0.00034398434621129106,-0.0003439477667652282,-0.00029851344421047996,-2.1393937585306685e-05,0.001434521382647093,0.04199463235188268,-0.03819356755107956,-5.821769439988441e-13,0.03819356755107956
0.0,-1.8250000000000002,0.07707523437986481,7.910956450310209e-05,0.003312393472686228,0.0032890483943116477,-2.2212562755501428e-10,0.9908498074715331,0.03884136245911348,0.0050305208410209995,-0.005270972423623562,-1.4134620536244917e-05,0.00029049020685782245,-0.00032614489290730853,-0.00028381572413040465,-1.9970889314637773e-05,0.001369434972785143,0.04251159242704757,-0.03884136245911348,-8.152521348985797e-13,0.03884136245911348
0.0,-1.8125,0.07821026415900603,7.954127377457379e-05,0.0031975914990093617,0.0031737212876959127,-3.154671397600688e-10,1.0566011938861202,0.03949055529180154,0.005074228624588967,-0.005283050385897337,-1.2562120738410656e-05,0.00024543540441453757,-0.0003080643260680812,-0.0002688775403626457,-1.8529672445673202e-05,0.0013031049573327957,0.04304433179027652,-0.03949055529180154,-1.121099707320455e-12,0.03949055529180154
0.0,-1.8,0.07935857628720061,7.752538235306997e-05,0.003101773492449861,0.0030781224743088166,-4.4195761128179773e-10,1.1303143841687922,0.04014198956824951,0.005115940808593638,-0.005297304400671625,-1.116525738577696e-05,0.00020755181087607938,-0.0002897863606429758,-0.0002537611474111484,-1.707801039534216e-05,0.0012357437730702338,0.04359412146760499,-0.04014198956824951,-1.5256959680688416e-12,0.04014198956824951
0.0,-1.7875,0.08052100693561541,7.35095020992366e-05,0.0030225832850637206,0.0029997924523572335,-6.122252502628513e-10,1.2121102058578295,0.04079648427703856,0.005155947991636267,-0.0053134951015286844,-9.925602266817775e-06,0.00017574462171567902,-0.0002713886154350447,-0.0002385269969580253,-1.5623308384185327e-05,0.001167562820278445,0.0441600406482497,-0.04079648427703857,-2.0592541411379437e-12,0.04079648427703857
0.0,-1.7750000000000001,0.08169482023121871,6.787688187374386e-05,0.00295470147876016,0.0029333200412909187,-8.417694595622284e-10,1.2998386139030016,0.041454646563267625,0.005194505715049918,-0.005331409430103398,-8.826342243638477e-06,0.00014907227070471232,-0.00025293800687783264,-0.0002232283293980614,-1.4171698847189585e-05,0.0010987693532416608,0.04473791994451558,-0.041454646563267625,-2.7637592597281383e-12,0.041454646563267625
0.0,-1.7625000000000002,0.08287454057635106,6.096504391563276e-05,0.0028910070093256302,0.0028714998323405654,-1.1492861465141479e-09,1.389237820793518,0.04211669354463518,0.0052318380258457265,-0.005350858466751501,-7.852205459745092e-06,0.00012672793636398763,-0.00023449877581250794,-0.00020791658230420954,-1.2728996022953368e-05,0.0010295695897449195,0.04532134188267922,-0.04211669354463518,-3.683057939363603e-12,0.04211669354463518
0.0,-1.75,0.08405440746438685,5.3074261639545784e-05,0.0028251039059230838,0.0028078573340340873,-1.5619001406354043e-09,1.4754041578782289,0.04278240582888953,0.005268140855280507,-0.005371675311497343,-6.989376053648017e-06,0.00010802267153342798,-0.00021613516308023844,-0.00019264319324942237,-1.1301014150075086e-05,0.0009601697475732611,0.04590413034898095,-0.042782405828889536,-4.875821966955767e-12,0.042782405828889536
0.0,-1.7375,0.0851182995760366,4.453055174183654e-05,0.0027513477562520886,0.0027366750662759106,-2.112186017215927e-09,1.5528303045052216,0.043396067748037184,0.005303585130122275,-0.005393712995810267,-6.225401371457856e-06,9.237014315564501e-05,-0.00019791140952219282,-0.00017745959980665328,-9.893567467153225e-06,0.000890776044511727,0.046425322302942044,-0.04339606774803719,-6.398349113457682e-12,0.04339606774803719
0.0,-1.725,0.08433193322234303,3.628356666150414e-05,0.00266497757809329,0.0026531240442152814,-2.847164332061691e-09,1.6155765813156475,0.043092492869647885,0.005338319587273901,-0.005416842437900631,-5.549095065081052e-06,7.9272935622738e-05,-0.00017989175597953904,-0.00016241723954885475,-8.512470212786192e-06,0.0008215946983453563,0.04601532982570383,-0.043092492869647885,-8.321797129714257e-12,0.043092492869647885
0.0,-1.7125000000000001,0.079962663474705,2.859131008792996e-05,0.0025621576800565343,0.0025533052464098704,-3.823053689733658e-09,1.6574152028288958,0.04100689671962239,0.005372473448737456,-0.005440950622798072,-4.950438914489518e-06,6.831034515875767e-05,-0.0001621404432934453,-0.00014756755004897965,-7.163536625572428e-06,0.0007528319268591887,0.043805859002137404,-0.04100689671962239,-1.0700583081594373e-11,0.04100689671962239
0.0,-1.7000000000000002,0.07270431465332403,2.0380873572033675e-05,0.0024398758321546267,0.0024341473960790465,-5.120588391003045e-09,1.6718864003692664,0.03748735671752508,0.005406158705696318,-0.0054659387661892935,-4.420485519943504e-06,5.912757555955629e-05,-0.00014472171230507964,-0.00013296196887998098,-5.852580944110363e-06,0.0006846939478382644,0.040142271952334,-0.03748735671752508,-1.359472813045967e-11,0.03748735671752508
0.0,-1.6875,0.06528591752275018,1.0059182356685929e-05,0.002298905687496475,0.0022963712451552817,-6.835866043043367e-09,1.6556005037849348,0.0338977002047619,0.005439472309551988,-0.005491720758568528,-3.951263656162342e-06,5.142623298959294e-05,-0.00012769478268308168,-0.00011864822229533514,-4.584857208307467e-06,0.0006173774097896985,0.036389433227049656,-0.0338977002047619,-1.7033153155386705e-11,0.0338977002047619
0.0,-1.675,0.06051690812320946,-2.9515744646679714e-06,0.0021450744706377482,0.0021457636218242394,-9.106173940586738e-09,1.6107510871314283,0.031639483440556886,0.005472498057671539,-0.005518221667724671,-3.535687544851803e-06,4.495601229868615e-05,-0.00011109878940597808,-0.00010465919127061465,-3.3633786633074836e-06,0.0005510406841089129,0.03395493685741134,-0.031639483440556886,-2.10849215652026e-11,0.031639483440556886
0.0,-1.6625,0.05925173759311454,-1.7058604569848395e-05,0.0019856174458727114,0.001989524832957797,-1.2094185233798416e-08,1.5424343733402366,0.031136096804610516,0.005505308216357785,-0.005545376326090271,-3.1674709297172947e-06,3.9507464470429186e-05,-9.496784627976625e-05,-9.102404546191523e-05,-2.1905983555631442e-06,0.00048583257291340254,0.03326959172603496,-0.031136096804610516,-2.5802882775075488e-11,0.031136096804610516
0.0,-1.6500000000000001,0.05984075640917614,-3.0547148042967314e-05,0.0018270178338189722,0.0018341060178078963,-1.6031072462361884e-08,1.4565637878076925,0.03155927727566097,0.00553796511703101,-0.005573128218430285,-2.8410466295369952e-06,3.490573650589012e-05,-7.93360671104438e-05,-7.777195452533276e-05,-1.0689693315272027e-06,0.0004219018783206639,0.0335117841217109,-0.03155927727566097,-3.130077873228416e-11,0.03155927727566097
0.0,-1.6375000000000002,0.060612941993423104,-4.332950337529015e-05,0.001744761008468806,0.0017549630405384255,-2.1189490693773068e-08,1.4523472378838536,0.032035591928772665,0.005570522389636383,-0.0056014283110853375,-2.55149181590077e-06,3.1005178617896426e-05,-6.423756570400858e-05,-6.493208811696322e-05,-9.446376524131653e-10,0.00035939740244819306,0.033883717685648296,-0.032035591928772665,-3.9160843526238475e-11,0.032035591928772665
0.0,-1.625,0.06148380856550701,-5.534791316911257e-05,0.0017562375878545828,0.0017694593098737273,-2.7954829197292274e-08,1.5692780548099758,0.032513938612169634,0.005603026169953192,-0.00563023413478169,-2.2944592028146914e-06,2.7684719169775992e-05,-4.9706455866457974e-05,-5.2533615892902304e-05,1.0110226796084868e-06,0.00029846794741348486,0.03435181916796465,-0.032513938612169634,-5.137763702227418e-11,0.032513938612169634
0.0,-1.6125,0.06237908238538098,-6.652025821175498e-05,0.0017800657774928903,0.0017961878814570544,-3.6779491411659543e-08,1.7076780797562532,0.03299772002671464,0.005635516058440667,-0.00565950887384296,-2.0661141105017634e-06,2.4843914635223603e-05,-3.57768514037902e-05,-4.060570750924633e-05,1.9644795738027085e-06,0.00023926231533403795,0.03483823659970035,-0.03299772002671464,-6.769326348914514e-11,0.03299772002671464
0.0,-1.6,0.06326627091894053,-7.678130164161373e-05,0.0017840237347863657,0.0018029035833029775,-4.8299457285776255e-08,1.8206051585425147,0.033486660126169604,0.005668025999929248,-0.0056892206065655634,-1.8630772254780341e-06,2.239958923204094e-05,-2.2482866122002697e-05,-2.9177532622091023e-05,2.856972998477517e-06,0.00018192930832734705,0.03531058957732205,-0.0334866601261696,-8.809480261820687e-11,0.033486660126169604
0.0,-1.5875,0.06414298061178131,-8.608458477224473e-05,0.0017680111231376456,0.001789485519144027,-6.325770741541428e-08,1.9034642348974886,0.03397947844465405,0.005700585139058728,-0.005719341727963325,-1.6823728476424754e-06,2.0282986732718347e-05,-9.855479350916877e-06,-1.827637506155742e-05,3.6863392665514922e-06,0.00012662327881325826,0.035767602031302755,-0.03397947844465404,-1.1311259866682512e-10,0.03397947844465405
0.0,-1.5750000000000002,0.06501096631639709,-9.441200438990779e-05,0.0017357642618483606,0.0017596555050116798,-8.269296265603833e-08,1.9579158400577534,0.03447504934996252,0.0057332183408597085,-0.005749848221951768,-1.5213822930576427e-06,1.8437364686122283e-05,2.0868674843494202e-06,-7.921975353868457e-06,4.451572128428446e-06,7.352078042102379e-05,0.036211964460169985,-0.034475049349962504,-1.4363065634509457e-10,0.03447504934996252
0.0,-1.5625,0.0658740357240792,-0.00010175669573818167,0.001692459698723231,0.0017185780034424543,-1.0781277842886541e-07,1.9891867260999212,0.034972557655925815,0.005765946853992415,-0.005780719239596776,-1.3778021316000978e-06,1.6815968968082065e-05,1.3328867434855936e-05,1.8678118007288902e-06,5.151954693883611e-06,2.280391708224007e-05,0.0366481074421687,-0.034972557655925794,-1.8064567785073662e-10,0.034972557655925815
0.0,-1.55,0.06673598167268083,-0.00010811661281285173,0.0016426290927701059,0.0016707736978326718,-1.4029600998943245e-07,2.002872381504889,0.03547150842232599,0.005798788807692475,-0.005811936655247801,-1.2496068763662672e-06,1.538033377607451e-05,2.3855213551660938e-05,1.107513170198641e-05,5.786770072692117e-06,-2.5345207271489975e-05,0.03708013162481837,-0.03547150842232596,-2.2568341688610368e-10,0.03547150842232599
0.0,-1.5375,0.06760048502009458,-0.00011349341169061005,0.001590160260624774,0.0016201204075353187,-1.8208477944101673e-07,2.0047655141482528,0.0359716769400737,0.005831759526334527,-0.005843484567023645,-1.1350157786012214e-06,1.409885882076148e-05,3.3650598885823553e-05,1.968212964965661e-05,6.35530137462916e-06,-7.074448870856714e-05,0.03751175950492909,-0.03597167694007365,-2.804255941426491e-10,0.0359716769400737
0.0,-1.525,0.06847110769493646,-0.00011789162748919641,0.0015383838509106117,0.001569939641130133,-2.3586418108651946e-07,2.0008434297620528,0.03647306128190582,0.005864872084651621,-0.00587534914883722,-1.032463347413848e-06,1.2945621858225028e-05,4.269971648840282e-05,2.767095094349192e-05,6.8568317094699185e-06,-0.00011321182329739201,0.037946375296308614,-0.036473061281905736,-3.475020034904073e-10,0.03647306128190582
0.0,-1.5125000000000002,0.06935129766396046,-0.00012131809500897435,0.0014901546125082679,0.0015230777620766623,-3.047250849044e-07,1.9972556560933064,0.03697584342445008,0.0058981373964417825,-0.005907518132652588,-9.405732405996629e-07,1.1899390133298055e-05,5.098725941045718e-05,3.502374088324426e-05,7.290644186989544e-06,-0.0001525651071063623,0.03838706787523791,-0.03697584342444995,-4.3003549058548466e-10,0.03697584342445008
0.0,-1.5,0.07024447506734881,-0.00012378151852748286,0.0014480015491343194,0.0014820560458235967,-3.9291706232740056e-07,2.0004952607165314,0.037480356831787666,0.0059315646955091905,-0.005939980767099294,-8.581352049791041e-07,1.0942799462765372e-05,5.849792070304611e-05,4.172264476866646e-05,7.656021916963242e-06,-0.00018862223620388054,0.03883674899220461,-0.03748035683178746,-5.329496230349406e-10,0.037480356831787666
0.0,-1.4875,0.07115370044411053,-0.00012530436705409157,0.001413894500222364,0.001448840550857254,-5.053081814341605e-07,2.0167139960517546,0.03798706516895314,0.005965161575012988,-0.0059727274074558405,-7.840847314862829e-07,1.0061674102451973e-05,6.522354282425639e-05,4.775661738427607e-05,7.953090296081245e-06,-0.00022125281511584032,0.03929788670184123,-0.037987065168952804,-6.623688449684198e-10,0.03798706516895314
0.0,-1.475,0.07207996284161156,-0.00012595808936607792,0.0013878367499097928,0.0014234447596540554,-6.485545429992164e-07,2.0480327600695976,0.0384964950341162,0.0059989343625654005,-0.006005749504539806,-7.174851496148463e-07,9.244464489874601e-06,7.118456586028849e-05,5.3141851453653526e-05,8.185343868694116e-06,-0.00025053328219811914,0.039770994229609245,-0.03849649503411567,-8.265822432858587e-10,0.0384964950341162
0.0,-1.4625,0.07302252422516481,-0.00012582454555133183,0.001368258543302399,0.0014043129313425508,-8.302452579769476e-07,2.092696085784215,0.039009125758001625,0.0060328880926782845,-0.006039039245449327,-6.575118839834496e-07,8.481783393238753e-06,7.640857930437109e-05,5.790134918514485e-05,8.35711946606749e-06,-0.0002765917842640903,0.04025495041406268,-0.039009125758000765,-1.0343400129654528e-09,0.039009125758001625
0.0,-1.4500000000000002,0.07398044154166974,-0.00012498357466308007,0.0013535887946661072,0.001389888375087834,-1.060700401291713e-06,2.148414860791604,0.039525336021031574,0.006067026852495764,-0.006072589614592934,-6.034386289013574e-07,7.766023974663346e-06,8.092317264973259e-05,6.205811278709571e-05,8.472753919466998e-06,-0.0002995564681271253,0.04074853055837317,-0.0395253360210302,-1.2974429366160642e-09,0.039525336021031574
0.0,-1.4375,0.0749527270641535,-0.00012351291128255283,0.00134239946123212,0.0013787577826839914,-1.3516345163654464e-06,2.2127278438282705,0.04004541155207398,0.006101353746108155,-0.006106394113752795,-5.54625221327813e-07,7.091045809602147e-06,8.475593538960191e-05,6.56351444678524e-05,8.53658406015828e-06,-0.0003195554806005984,0.04125055872652774,-0.04004541155207178,-1.628918518291991e-09,0.04004541155207398
0.0,-1.425,0.07593834885996466,-0.00012148802672312473,0.001333387871447695,0.0013696335020694527,-1.718892375812975e-06,2.2830066611697477,0.040569554072371825,0.00613587108227764,-0.0061404467403089425,-5.10507011192885e-07,6.451917143996881e-06,8.793445701720743e-05,6.865544643576054e-05,8.552946719406968e-06,-0.00033671696849788116,0.041759899197642614,-0.040569554072368307,-2.0460751604141023e-09,0.040569554072371825
0.0,-1.4125,0.07693623588176603,-0.00011898205530853731,0.001325362083219561,0.0013613388701990332,-2.180386586617808e-06,2.3564591908647357,0.04109789099801302,0.006170580424902428,-0.006174741858063202,-4.7058555393493474e-07,5.8447035169974454e-06,9.048632702577786e-05,7.114202089916622e-05,8.52617872847869e-06,-0.0003511690786323464,0.042275451693631,-0.04109789099800742,-2.5675375456537814e-09,0.04109789099801302
0.0,-1.4,0.07794489218175057,-0.00011606568565453866,0.0013168599610315023,0.0013524272446702652,-2.7602181240663984e-06,2.4290563950958823,0.04163047289501096,0.006205482670639434,-0.006209274120802246,-4.344204598382522e-07,5.266294462625102e-06,9.243913490854188e-05,7.311787006641532e-05,8.460616918639084e-06,-0.0003630399578173675,0.042795768042715204,-0.04163047289500209,-3.2164687865798865e-09,0.04163047289501096
0.0,-1.3875000000000002,0.07896089654612042,-0.00011277308110094536,0.0013046124312860736,0.0013396346854115803,-3.485535381874678e-06,2.4908476631299314,0.04216719529014082,0.006240578158874333,-0.006244038450161077,-4.0162226536405304e-07,4.714261363888844e-06,9.380015275805088e-05,7.458551976826608e-05,8.357950599267257e-06,-0.00037228034859470926,0.04331747288466261,-0.042167195290126844,-4.009333254683393e-09,0.04216719529014082
0.0,-1.375,0.0799819933557662,-0.00010900233928604288,0.0012861556656725609,0.0013204603082935618,-4.392678189789355e-06,2.5336520884168383,0.042707749017586547,0.006275866643209608,-0.006279029893782159,-3.718461966201704e-07,4.186740662739062e-06,9.449538306414832e-05,7.546559032512615e-05,8.20927899219619e-06,-0.0003781313764197107,0.043837932780585974,-0.04270774901756474,-4.964533566181649e-09,0.042707749017586547
0.0,-1.3625,0.08100860141958216,-0.00010462448413476893,0.0012616680481326776,0.001295034992829952,-5.522457838104204e-06,2.5570724298046947,0.04325174500781839,0.006311347426895789,-0.006314243663510791,-3.447867170990608e-07,3.6823375853730373e-06,9.443051091600024e-05,7.565822567981538e-05,8.00305379737234e-06,-0.0003796567624761024,0.04435711155505518,-0.043251745007784684,-6.104340152765986e-09,0.04325174500781839
0.0,-1.35,0.08204795719168399,-9.951717140307336e-05,0.0012378035019039388,0.0012699650919878933,-6.929227475932955e-06,2.5822961000935574,0.04379896547260725,0.006347019317410008,-0.006349675006500622,-3.2017276081955583e-07,3.2000463586626725e-06,9.351122140277288e-05,7.506356977515373e-05,7.727726714742159e-06,-0.00037592022794761566,0.04488161928923264,-0.04379896547255526,-7.501954573084344e-09,0.04379896547260725
0.0,-1.3375,0.0828956080887449,-9.381132551827125e-05,0.0012247861814101318,0.001255427024461447,-8.673884463184043e-06,2.6451401668504175,0.04424156323480299,0.006382880751119476,-0.006385319258181776,-2.9776356637635035e-07,2.739183576976636e-06,9.164319961363246e-05,7.358176655396108e-05,7.371749444252095e-06,-0.0003659854940179816,0.0453140063644282,-0.0442415632347223,-9.302247799704616e-09,0.04424156323480299
0.0,-1.3250000000000002,0.08015979953072615,-9.108815585150036e-05,0.001218415246870278,0.0012471725081989982,-1.0837129871040201e-05,2.7348256540655504,0.04288525262432866,0.006418929689045147,-0.006421171676406116,-2.7734503497086553e-07,2.299331965436792e-06,8.873213063774524e-05,7.111295995905744e-05,6.923573685848625e-06,-0.0003489162818709321,0.04395595942377978,-0.04288525262420291,-1.1603388639457631e-08,0.04288525262432866
0.0,-1.3125,0.07044324247850937,-9.557920361965629e-05,0.0012106838972037364,0.001237147609455906,-1.3509233577888169e-05,2.8254840140338935,0.03803488379414464,0.006455163824783094,-0.006457227596366203,-2.5872654823933897e-07,1.8802922699897917e-06,8.46836995642772e-05,6.75572939332625e-05,6.371651139478166e-06,-0.00032377631269019666,0.03910449478219861,-0.03803488379394943,-1.444962467509686e-08,0.03803488379414464
0.0,-1.3,0.05511177394652248,-0.0001099882093429634,0.0012014109662586308,0.0012251237668717252,-1.68092299941912e-05,2.917140531343515,0.030372957219331587,0.006491580448431787,-0.006493482248898931,-2.417381870473773e-07,1.4820414580663278e-06,7.940359148239477e-05,6.281491241939641e-05,5.704433505087204e-06,-0.00028962930765950813,0.03144210428122574,-0.0303729572190295,-1.7971538860992635e-08,0.030372957219331587
0.0,-1.2875,0.039518686499709146,-0.00013370362315005932,0.0011905653466917157,0.001211058301027654,-2.0870148705917804e-05,3.009906140699295,0.022575986617601233,0.006528176463026671,-0.006529930737600531,-2.262282995579481e-07,1.104695752846451e-06,7.286855799471262e-05,5.685991954124548e-05,4.919327341159902e-06,-0.00024620389098818456,0.023645315688885345,-0.022575986617135474,-2.231705673326038e-08,0.022575986617601233
0.0,-1.275,0.02916778868976027,-0.0001513162491523364,0.0011785887603649428,0.001195524517666992,-2.5866537915829815e-05,3.1037628534953123,0.017396949317173987,0.006564948566677467,-0.006566568187047633,-2.120613763814402e-07,7.484773694964448e-07,6.533961675763977e-05,4.996226014646207e-05,4.049558640331307e-06,-0.00019588829898789414,0.018467084458199685,-0.017396949316457983,-2.7680691200403078e-08,0.017396949317173987
0.0,-1.2625000000000002,0.02572581515619372,-0.00013448937895448875,0.0011660226446352341,0.0011792312165395833,-3.199343391376445e-05,3.1985801587956626,0.01567059624621937,0.006601893054549943,-0.00660338951548636,-1.9911619152323343e-07,4.136840928883154e-07,5.714885194103429e-05,4.2465839263665516e-05,3.137308253774255e-06,-0.00014173567099589647,0.01674211202356888,-0.015670596245122587,-3.4281469210187515e-08,0.01567059624621937
0.0,-1.25,0.025944693715538092,-9.56016878167204e-05,0.001153415420448336,0.001162893960225482,-3.950545030071011e-05,3.294241618324657,0.015774271379177147,0.006639005998029432,-0.006640389588662607,-1.8728417557297956e-07,1.006610854052384e-07,4.86283477147534e-05,3.471456192147427e-05,2.2247570326614606e-06,-8.679914634944441e-05,0.016847699567569374,-0.01577427137750187,-4.240626394791036e-08,0.015774271379177147
0.0,-1.2375,0.02638543251128674,-5.856207321030876e-05,0.001141317187557097,0.0011472298859359395,-4.8687221877126335e-05,3.3906262575281128,0.015989857938161198,0.006676283060584766,-0.006677563013746856,-1.7646799204773718e-07,-1.9022548421927836e-07,4.011018824865517e-05,2.7052333148507663e-05,1.3540858281657588e-06,-3.4131864385797574e-05,0.017065688997798263,-0.015989857935610998,-5.237922550285374e-08,0.015989857938161198
0.0,-1.225,0.02683143117428827,-2.6038327113329158e-05,0.0011377621391713956,0.0011404380804518244,-5.990839520747319e-05,3.5187348174996105,0.016206693429872517,0.006713719777018893,-0.006714904399559877,-1.6658028870036838e-07,-4.586131861094479e-07,3.1926457712597234e-05,1.9823057973384566e-05,5.674754914599177e-07,1.3213035557788278e-05,0.017292859397558893,-0.01620669342597425,-6.507046005306291e-08,0.016206693429872517
0.0,-1.2125,0.02731795853872664,7.358151899067325e-07,0.0011788992929747536,0.0011788223587941632,-7.358261985437582e-05,3.831001929410717,0.01642599492833737,0.00675131129034717,-0.006752408076919684,-1.5754260159104305e-07,-7.041665259638659e-07,2.440924027643714e-05,1.337064142472382e-05,-9.289312628328959e-08,5.218241414405703e-05,0.017565979079775824,-0.01642599492216504,-8.388302045530865e-08,0.016425994928337375
0.0,-1.2000000000000002,0.027842485800631582,2.0575120834162146e-05,0.0012620600224321763,0.0012598723505210347,-9.024417761336167e-05,4.323144727839581,0.016649488554966157,0.0067890525065175044,-0.006790068238983879,-1.4928439154681887e-07,-9.265984989164109e-07,1.7890620110032974e-05,8.038988531144702e-06,-5.848391738910465e-07,7.972313203575014e-05,0.01788350939028533,-0.016649488544916276,-1.1136319544113237e-07,0.016649488554966157
0.0,-1.1875,0.028360371267983606,3.270548698327703e-05,0.0013436229978919443,0.0013400883830576142,-0.00011049178958032981,4.810465589706421,0.016877816894401175,0.006826938050416518,-0.006827878884718352,-1.41742193736772e-07,-1.1256903308060964e-06,1.262154610817554e-05,4.080203812742538e-06,-8.790812282100151e-07,9.371517417300982e-05,0.01820202998448663,-0.016877816878234603,-1.4631467410924026e-07,0.016877816894401175
0.0,-1.175,0.028856203358773577,3.830677014765548e-05,0.0014079036796320983,0.0014036975345635945,-0.00013509438068479555,5.222307120106003,0.017110271729987074,0.006864962323016542,-0.0068658338651023075,-1.3485886631948145e-07,-1.301309132712997e-06,8.528426065390453e-06,1.3791897555201357e-06,-9.97935578164452e-07,9.577102260556366e-05,0.01850529315371842,-0.01711027170452725,-1.8845955528100785e-07,0.017110271729987074
0.0,-1.1625,0.029328244134202916,3.896499855643545e-05,0.0014526742407151036,0.0014483292159512948,-0.0001649150092096332,5.545289831110113,0.017345754245936658,0.00690311937531776,-0.006903926747498192,-1.285829212514186e-07,-1.4534231312920587e-06,5.456532501136431e-06,-2.7095166304333693e-07,-9.766179406980572e-07,8.843628366053818e-05,0.01879026298196508,-0.01734575420665041,-2.3822117150552293e-07,0.017345754245936658
0.0,-1.15,0.029777146439535628,3.616946094063516e-05,0.0014780084017523456,0.0014739138472904018,-0.00020105542394818543,5.77629502847209,0.01758321025455623,0.006941403068865731,-0.006942150967784169,-1.2286792737820298e-07,-1.5821140760637637e-06,3.2511379348722536e-06,-1.0771184654686313e-06,-8.503440327545195e-07,7.425656366505894e-05,0.01905624940114468,-0.017583210195011148,-2.9616251010961424e-07,0.01758321025455623
0.0,-1.1375000000000002,0.030203861578433022,3.1306114759501586e-05,0.0014840923012069216,0.0014804956584451873,-0.00024475428949785675,5.9130626870282255,0.017821678072133237,0.0069798070018229335,-0.0069804997490669615,-1.1767197173956862e-07,-1.6875863618897424e-06,1.7575148860568373e-06,-1.2462086742764685e-06,-6.543295712775412e-07,5.577746894625288e-05,0.019302767909779295,-0.01782167798340905,-3.625030908955566e-07,0.017821678072133237
0.0,-1.125,0.030609672193423226,2.5671371782144918e-05,0.001471241485991754,0.0014682492384121711,-0.0002975827703290353,5.954303994563859,0.01806029654344103,0.007018324456958271,-0.007018966043203713,-1.129571696058368e-07,-1.7701723076640967e-06,8.209358741488936e-07,-9.851203119876101e-07,-4.2379027321080183e-07,3.5544605831244855e-05,0.019529564373723635,-0.018060296413329274,-4.372287912908288e-07,0.01806029654344103
0.0,-1.1125,0.030996243990728714,2.0466586413850435e-05,0.0014399365820019867,0.0014375168160756834,-0.0003613099130074563,5.899906553983447,0.018298312719062324,0.007056948512557128,-0.0070575426360185945,-1.0868921035173966e-07,-1.8303329231787085e-06,2.866734186072997e-07,-5.007514011228035e-07,-1.9394185549800575e-07,1.610358064716187e-05,0.01973665918485348,-0.018298312531293597,-5.196888364295846e-07,0.018298312719062324
0.0,-1.1,0.03136737269861021,1.6834631825303443e-05,0.0013925202600086918,0.0013905017296275458,-0.0004381644430343964,5.759210539613172,0.018535107686489007,0.007095671963755059,-0.007096222063615386,-1.0483692857450767e-07,-1.8686532966778057e-06,3.8890852872842024e-14,3.579720722231861e-14,-3.508284192624135e-14,-2.7887039193131057e-13,0.01992606831432425,-0.018535107419441147,-6.094694887782033e-07,0.018535107686489007
0.0,-1.0875000000000001,0.03173711096958773,1.5761574861727377e-05,0.0013415597469359655,0.0013396433595016363,-0.0005306586637609703,5.592416673487069,0.018770385273118948,0.007134487351949238,-0.007134996637351003,-1.0137188322179465e-07,-1.885831511017959e-06,-1.704768276338637e-07,3.4975156271106004e-07,1.305674964339386e-07,-1.0800202700048822e-05,0.020110297888883365,-0.018770384895801406,-7.110362382380126e-07,0.018770385273118948
0.0,-1.075,0.03211761431168488,1.7304812543791907e-05,0.0012992634919132817,0.0012971301949459325,-0.0006419348005884318,5.460145399786498,0.019004291355715307,0.007173386938575362,-0.007173858413678243,-9.826792820454032e-08,-1.882659707018491e-06,-2.6281007196919585e-07,5.391830893949395e-07,2.0128514882335462e-07,-1.664978069086221e-05,0.02030173981637167,-0.01900429082106237,-8.328773188652108e-07,0.019004291355715307
0.0,-1.0625,0.032510338670967864,2.1198862547673832e-05,0.001267346749643553,0.0012646973737519601,-0.0007755371116418931,5.372804496266476,0.01923716814489003,0.007212362793164758,-0.007212799278697024,-9.550074856900962e-08,-1.8599956757073763e-06,-2.9171766720971506e-07,5.984901120844137e-07,2.2342535719936538e-07,-1.848116040612215e-05,0.020502446187599284,-0.019237167383878668,-9.812700786666426e-07,0.01923716814489003
0.0,-1.05,0.03291489865127036,2.7225937969565093e-05,0.0012457346353841098,0.001242285556797689,-0.0009358641072879292,5.331982555326873,0.01946933315407837,0.007251406623009871,-0.007251810774674662,-9.304733376018371e-08,-1.8187232994003071e-06,-2.7191758644999916e-07,5.578681270150601e-07,2.0826055667593358e-07,-1.722676800064054e-05,0.02071265205901346,-0.019469332065127916,-1.1635775370412839e-06,0.01946933315407837
0.0,-1.0375,0.03333073647157365,3.5232810190920765e-05,0.0012342755194260059,0.0012297518065992814,-0.0011278766297981694,5.3387504307162486,0.01970105775393307,0.007290510006907528,-0.0072908843309390575,-9.088535314438298e-08,-1.759700529407795e-06,-2.1812780278462155e-07,4.4751263042245273e-07,1.670631823670209e-07,-1.3819029629229155e-05,0.02093246614160493,-0.01970105618745145,-1.388876742192534e-06,0.01970105775393307
0.0,-1.0250000000000001,0.03375711802418768,4.515887858738726e-05,0.001232739690684707,0.001226864102217545,-0.0013576790838189055,5.393629781220534,0.019932566826953796,0.0073296641645672735,-0.007330011030677866,-8.899239878050401e-08,-1.683694698173088e-06,-1.4506628930815779e-07,2.9761911854216527e-07,1.1110566938658864e-07,-9.190371446699774e-06,0.02116186703850524,-0.019932564560993942,-1.6689951849575537e-06,0.019932566826953796
0.0,-1.0125,0.03419313184988598,5.702772843311029e-05,0.0012408158417654637,0.0012332982014477986,-0.0016321492855995692,5.4965615779719315,0.02016404004903829,0.007368860135204601,-0.007369181787121354,-8.734506924519177e-08,-1.5913071966946083e-06,-6.745101911518079e-08,1.3838308760976817e-07,5.1660452848597046e-08,-4.273219607864071e-06,0.02140070119230409,-0.02016403675468271,-2.0184156015100195e-06,0.020164040049038292
0.0,-1.0,0.03463699708196103,7.094177555717734e-05,0.0012574235532788057,0.0012479501843573946,-0.0019596713765671465,5.643244589379343,0.0203956095783067,0.007408088630982354,-0.007408387194762636,-8.591789025172085e-08,-1.4828931223978629e-06,3.469973175649211e-14,3.38608413317188e-14,-3.21329902382456e-14,-2.675340108985061e-13,0.021647993073732708,-0.020395604768763453,-2.45426008847146e-06,0.0203956095783067
0.0,-0.9875,0.03508284380687008,8.687210348916735e-05,0.0012773375421931607,0.0012655884791952798,-0.0023496696085700606,5.806968935543309,0.020627329581998928,0.007447340221433567,-0.007447617711777116,-8.468210971457763e-08,-1.3584863065672854e-06,4.567917272564749e-08,-9.371560564682856e-08,-3.498549627764523e-08,2.893905251143291e-06,0.021898556120407833,-0.02062732256362424,-2.986962362907121e-06,0.020627329581998928
0.0,-0.9750000000000001,0.035525676587733854,0.00010499329249492218,0.0012955822566576368,0.0012812035162486212,-0.0028135070525209566,5.961286461125468,0.020859166727494088,0.007486605123036535,-0.007486863447902628,-8.360446625625855e-08,-1.2177453444117442e-06,7.041979028619716e-08,-1.4447363056658882e-07,-5.3934233638568706e-08,4.461294951678898e-06,0.02214736514577211,-0.020859156530344793,-3.6243553348715494e-06,0.020859166727494088
0.0,-0.9625000000000001,0.03596493374004473,0.0001257574196842275,0.0013114861858538884,0.0012940500881020028,-0.0033639044346784083,6.102140950614468,0.021091060914053727,0.007525873385921126,-0.007526114349911024,-8.264610652164839e-08,-1.059940091150457e-06,7.816555638865197e-08,-1.6036489972957028e-07,-5.986668410239364e-08,4.952011669248439e-06,0.022393655546415682,-0.02109104617408429,-4.38180386039066e-06,0.02109106091405373
0.0,-0.95,0.03640083113736679,0.00014971350004509625,0.0013251251194778748,0.0013041136016751227,-0.00401600682793171,6.229385420392747,0.02132297143091367,0.007565134740771646,-0.0075653600479399195,-8.176189817983877e-08,-8.839978146099493e-07,7.286014004028336e-08,-1.4948027196690387e-07,-5.580328755575294e-08,4.615898239027532e-06,0.022637420904604123,-0.02132295023106397,-5.278838061312103e-06,0.02132297143091367
0.0,-0.9375,0.03683541188298045,0.00017742740618874818,0.0013366358464689133,0.001311433080919534,-0.004786649970033481,6.3431928892309895,0.021555742659848304,0.007604378758057493,-0.007604590015029316,-8.09004235884683e-08,-6.88620775639617e-07,5.844721024836297e-08,-1.199106061097212e-07,-4.476448388527987e-08,3.7027974961918222e-06,0.022879596997792233,-0.02155571232767397,-6.336827327048009e-06,0.021555742659848304
0.0,-0.925,0.037296034039911545,0.00020937796995160939,0.0013462069512575503,0.0013160859319585473,-0.005695536933932876,6.443971996800045,0.021802853269297626,0.00764359472701884,-0.0076437933669491216,-7.99651591754721e-08,-4.737256797905874e-07,3.887043602016216e-08,-7.974676098915357e-08,-2.977071297760748e-08,2.462552275916938e-06,0.023133798772571566,-0.021802810094568827,-7.580449270948611e-06,0.021802853269297626
0.0,-0.9125000000000001,0.03780991907575956,0.00024599290109436633,0.0013540959747222762,0.0013182068251963704,-0.006764441032940053,6.532251982123428,0.022077682193549757,0.007682772219840747,-0.007682958440516564,-7.832777467440759e-08,-2.3856580581228684e-07,1.8073486362952664e-08,-3.7079595436331955e-08,-1.3842414719368797e-08,1.14500541337851e-06,0.023413605250225997,-0.02207762106483342,-9.036772741431457e-06,0.022077682193549757
0.0,-0.8999999999999999,0.038366333205451374,0.0002879964249687967,0.0013607870342965194,0.0013181326091852364,-0.008018823464135317,6.608748683920637,0.0223745289151054,0.007721900657942068,-0.007722073169628409,-7.521173533923483e-08,2.8234978782154228e-08,3.028400547966729e-14,3.1717612951110323e-14,-2.899719668397154e-14,-2.5624785048718173e-13,0.023713730112412307,-0.02237444280241977,-1.0738817984162753e-05,0.0223745289151054
0.0,-0.8875,0.038923659328670056,0.00033669457759719366,0.001367788493844261,0.0013171749847257198,-0.009486720538232398,6.6794997123008955,0.02267177727842638,0.007760968755012676,-0.007761125637512953,-7.024116026717019e-08,3.3426497194028446e-07,-1.22396585313516e-08,2.5111061295083652e-08,9.37429835446635e-09,-7.754199013053731e-07,0.02401396846946461,-0.02267165648408266,-1.2732992738256937e-05,0.022671777278426383
0.0,-0.875,0.03943880126740874,0.0003937869725493911,0.0013765321617975293,0.0013165312130400092,-0.011200399392684982,6.749530204956527,0.022947226837944788,0.007799964873855271,-0.007800104182816223,-6.332982268431889e-08,6.828278139514549e-07,-1.8868887685569712e-08,3.8711632732625555e-08,1.4451597709943098e-08,-1.1954007042129816e-06,0.024293430493827078,-0.022947057958114307,-1.5078018609774299e-05,0.022947226837944788
0.0,-0.8625,0.03989807014023942,0.00046077707012916056,0.0013873211316088466,0.0013162761945501927,-0.013194883558373763,6.817298618979075,0.02319396979836671,0.00783887684352937,-0.007838996978224756,-5.457009800773295e-08,1.074178656480696e-06,-2.0944360103044295e-08,4.296968512031887e-08,1.604119349574728e-08,-1.326887850908495e-06,0.024545391012300084,-0.023193734509240966,-1.7831845556166964e-05,0.02319396979836671
0.0,-0.8500000000000001,0.040326692020786314,0.0005389026411204666,0.0014003013355252448,0.0013163006845767814,-0.015509226122034743,6.880265052487378,0.023424641020461996,0.007877692247952945,-0.007877792146016622,-4.414909428635155e-08,1.5067086392626734e-06,-1.95227787081707e-08,4.005315754824359e-08,1.4952410138392606e-08,-1.236826527329728e-06,0.024782494989179407,-0.02342431440757091,-2.1059264241540595e-05,0.023424641020461996
0.0,-0.8374999999999999,0.040751439022505095,0.0006293567816539669,0.001415653806699991,0.0013165040721074721,-0.01818465047112583,6.936024406257056,0.023652637949398557,0.007916398386744773,-0.007916477601285006,-3.2288444868243076e-08,1.977966553536718e-06,-1.5660846425344223e-08,3.212998910647976e-08,1.1994572064392722e-08,-9.921619194144918e-07,0.02501816964903122,-0.023652186393310404,-2.4831716665062354e-05,0.023652637949398557
0.0,-0.825,0.0411736930534903,0.0007337248301591245,0.001433571448607718,0.0013167668507220493,-0.021265040917377315,6.9824374418199024,0.02387866591880774,0.007954982492380762,-0.007955041195252505,-1.920342077162675e-08,2.4854151828339575e-06,-1.041526617896044e-08,2.1368118885107754e-08,7.977003700261476e-09,-6.598392131006121e-07,0.02525314387111699,-0.02387804437717656,-2.922832989588914e-05,0.023878665918807742
0.0,-0.8125,0.04159325768749272,0.000853684083356293,0.0014542619275321649,0.0013169635214554066,-0.02479450823867524,7.017538340734067,0.024102640443792754,0.007993431443596674,-0.007993470386321698,-5.076671192808913e-09,3.0268220982755643e-06,-4.842740893414644e-09,9.935485974207619e-09,3.709029472512527e-09,-3.06803594325903e-07,0.025487357853364145,-0.02410178916434047,-3.433338721985489e-05,0.024102640443792754
0.0,-0.8,0.04201009216554241,0.000990922693461969,0.0014778928327515057,0.0013169168567837657,-0.028816298356360195,7.039529350712481,0.02432457977133249,0.00803173206245591,-0.008031752514463841,9.957887765420887e-09,3.6001898470905427e-06,2.650689773883463e-14,2.9463859454599235e-14,-2.619234038969597e-14,-2.4902818071149347e-13,0.025720804768048524,-0.024323420375344785,-4.0234036077977284e-05,0.02432457977133249
0.0,-0.7875000000000001,0.04242411823176142,0.0011468581698035015,0.0015043667888940543,0.0013162188734196223,-0.03336966215986863,7.045409196401877,0.024544601758091172,0.008069871095157088,-0.008069874768379906,2.5824903592868985e-08,4.203130706287996e-06,3.2796407008518433e-09,-6.728450992100337e-09,-2.5118692425732677e-09,2.077728192710123e-07,0.025953325702330155,-0.024543033095585844,-4.70086420957725e-05,0.024544601758091172
0.0,-0.7749999999999999,0.042835513348950464,0.0013226232863150572,0.0015335761007115522,0.0013144893295388008,-0.03848628969225073,7.03270060643538,0.024762919613371202,0.008107835005272204,-0.008107823964979229,4.251415998830815e-08,4.831575312417248e-06,5.055936780404892e-09,-1.037271348481043e-08,-3.872327125620951e-09,3.203063367152325e-07,0.026184862511574064,-0.02476081343937921,-5.472530630607393e-05,0.024762919613371202
0.0,-0.7625,0.043244893201475704,0.00151918218985612,0.0015656773337129558,0.0013116327502790807,-0.044186646777768984,7.00074583021382,0.02497982131073403,0.008145610273684956,-0.008145586827902344,6.008591141099417e-08,5.4776713071196225e-06,5.612057440784552e-09,-1.1513655541653135e-08,-4.298257663707941e-09,3.555382118643072e-07,0.026415702200462805,-0.02497701781108607,-6.344676168939405e-05,0.02497982131073403
0.0,-0.75,0.043653028589639715,0.0017369959419872149,0.0016008364557678011,0.0013076408328170559,-0.05047368462532768,6.949435119901004,0.025195646193718953,0.008183183157080227,-0.008183149711135141,7.867584613572257e-08,6.126696817283776e-06,5.2311453772185905e-09,-1.073217469001094e-08,-4.006518679058817e-09,3.3140635327806925e-07,0.0266462282924178,-0.025191950701150972,-7.321622337287155e-05,0.025195646193718953
0.0,-0.7375,0.04406072055946843,0.001975890371292278,0.001639175768958661,0.001302565585946234,-0.05732962861910264,6.8788446849211375,0.02541073970230562,0.008220539964049275,-0.008220498823014172,9.849923546845943e-08,6.752830608743894e-06,4.196343284934748e-09,-8.609168457266258e-09,-3.213967993898125e-09,2.6584866951634965e-07,0.02687683733060315,-0.025405921099290425,-8.405083254964439e-05,0.02541073970230562
0.0,-0.7250000000000001,0.044468726677198804,0.0022348285996862554,0.0016807537639050778,0.0012965432511875198,-0.06470909705765698,6.789152978682791,0.02562541110406033,0.008257666779491904,-0.0082576198800568,1.1985245101562344e-07,7.313763193108672e-06,2.790793859160746e-09,-5.7255343708015045e-09,-2.1374634304504184e-09,1.7680306913897909e-07,0.027107901860799952,-0.02561920351907804,-9.593063826494345e-05,0.02562541110406033
0.0,-0.7124999999999999,0.04487762815662371,0.0025119051925000745,0.0017255588196878158,0.0012897967550777709,-0.07253874545494449,6.680643914597497,0.02583986330820312,0.008294549753360393,-0.00829449830846571,1.4310885284103975e-07,7.744501237755653e-06,1.2976397951242962e-09,-2.6621699579990455e-09,-9.938628109402174e-10,8.220746070578654e-08,0.02733970194967005,-0.02583197135286241,-0.00010879641343685926,0.02583986330820312
0.0,-0.7,0.04528774133894372,0.0028043662624031586,0.0017735277190087182,0.0012826592590895116,-0.08071647114962274,6.553592349483355,0.026054132943628353,0.008331175059261819,-0.008331119104095468,1.6870554570891284e-07,7.951401576650689e-06,2.3788053180837246e-14,2.725375859711606e-14,-2.395759211642815e-14,-2.4722339372918313e-13,0.0275723907126402,-0.02604424126847577,-0.00012254840941013518,0.026054132943628353
0.0,-0.6875,0.04569905041987544,0.003108919262622405,0.0018246286284718774,0.0012756120986195346,-0.0891161109948451,6.408751526541605,0.026268024976625226,0.008367528773192742,-0.008367466610290652,1.9711821880741126e-07,7.808474785105972e-06,-8.787465593230407e-10,1.8029178282527289e-09,6.730227550588176e-10,-5.567287222920169e-08,0.027805992530830565,-0.02625581092855404,-0.0001370576872670334,0.026268024976625226
0.0,-0.675,0.04611102215363855,0.003422147157380222,0.0018788323876994671,0.0012691907103133111,-0.09760118490422692,6.246795282846608,0.026481057348716655,0.008403597176306097,-0.008403524731472545,2.2882345862428515e-07,7.159121334736327e-06,-1.3547040142674049e-09,2.7793946939193797e-09,1.037556743235367e-09,-8.582613645415383e-08,0.028040286712519874,-0.02646620414337061,-0.00015218263344465795,0.026481057348716655
0.0,-0.6625000000000001,0.04652241518111214,0.0037406290658877584,0.0019360351564544664,0.0012638916459364222,-0.10603348938997625,6.0681191799242775,0.026692407446999564,0.00843936646694829,-0.00843927658903358,2.6425087264886635e-07,5.827200216942532e-06,-1.5037164365411144e-09,3.0851088703582797e-09,1.1516848708497865e-09,-9.526648818123671e-08,0.028274669611594454,-0.026674617913876736,-0.00016777277844173304,0.026692407446999564
0.0,-0.6499999999999999,0.04693122325622892,0.004062210341241679,0.0019962690474750397,0.0012601597904685763,-0.11430421213379595,5.873033786455793,0.026900850464684607,0.008474823073829272,-0.008474704848531125,3.0372222809824577e-07,3.6426220091146605e-06,-1.4016516859053688e-09,2.8757113771691598e-09,1.0735140018143286e-09,-8.880037569343677e-08,0.02850818113175106,-0.026879849961540796,-0.00018372466553751946,0.026900850464684607
0.0,-0.6375,0.04732244893390835,0.00435194178997956,0.0020437494125687935,0.00124864289830177,-0.12233089746041241,5.610967770357989,0.027105057532780433,0.008509952852081138,-0.008509792276372982,3.4682277359980137e-07,5.873323600960612e-07,-1.1243776221213751e-09,2.306853233951759e-09,8.611510000412532e-10,-7.123424727374084e-08,0.028727138879877313,-0.027080783331209488,-0.00019843066694415613,0.027105057532780433
0.0,-0.625,0.0476446490956,0.00446416478467416,0.0020146253573923335,0.0011925017705883938,-0.13007425417168383,5.100451826486181,0.027304115251068014,0.008544740129611733,-0.008544522821645863,3.917930283982425e-07,-3.1926264704621643e-06,-7.477621049503343e-10,1.5341854603058162e-09,5.72702729442815e-10,-4.737455120513556e-08,0.02888121194619535,-0.027277431860662473,-0.0002051396763753161,0.027304115251068014
0.0,-0.6125,0.04787400882621611,0.004304106343478197,0.001875339926157558,0.0010765458846624656,-0.13753343040631152,4.297666189294402,0.027498023493120517,0.00857916888414917,-0.008578880440750187,4.367944303640913e-07,-7.467776749015871e-06,-3.4767299415344977e-10,7.133590758310661e-10,2.6627605393127054e-10,-2.2027735770607506e-08,0.028946849292279225,-0.027470618309156314,-0.00019926198221946294,0.027498023493120517
0.0,-0.6000000000000001,0.04802851695654297,0.003891302847205892,0.0016432175013077986,0.000915568523105791,-0.14473998938754473,3.317403803912102,0.027687830846809487,0.008613222418933048,-0.008612849491017885,4.798830508018781e-07,-1.1864384449101142e-05,2.1850508076576268e-14,2.510012724243056e-14,-2.216258112549612e-14,-2.4925314331423745e-13,0.028941336268809677,-0.02766157032873467,-0.0001814323614775375,0.027687830846809487
0.0,-0.5874999999999999,0.04815452592209827,0.0033437061665898414,0.001372627605114742,0.0007427225251375065,-0.15174863369284905,2.3461814143113906,0.027875347382129764,0.008646882610764857,-0.00864641540281029,5.187658447231819e-07,-1.5847600339736472e-05,2.3548733516252424e-10,-4.830583758099551e-10,-1.803644715841445e-10,1.4917182213185976e-08,0.028909671843349017,-0.027851529322697285,-0.00015695732378511409,0.027875347382129764
0.0,-0.575,0.048303994380916454,0.0028203896893494495,0.0011284720429453397,0.0005932437686920414,-0.15858344462847804,1.549532437921279,0.028062340300153935,0.008680129706524754,-0.008679565730555144,5.506993483441243e-07,-1.8752685798518278e-05,3.6301942949608157e-10,-7.44704975400928e-10,-2.780410861756536e-10,2.2996721089970372e-08,0.028902630353671695,-0.02804120809019785,-0.00013325609117389428,0.028062340300153935
0.0,-0.5625,0.04851340966921484,0.0024552954222506478,0.0009597025449066773,0.0004903670621059001,-0.16529058635798816,1.0092592045425537,0.028249071261931276,0.008712942565853494,-0.008712289442572482,5.740920230907063e-07,-2.1506583497943766e-05,4.0294686908443214e-10,-8.26621250670141e-10,-3.08621634855558e-10,2.5526251987716316e-08,0.028955460371124644,-0.02822977202066296,-0.00011675947005546875,0.028249071261931276
0.0,-0.55,0.048797803121442294,0.0023103982292588285,0.0008839041886631428,0.00043905023468703973,-0.1719564038400002,0.7139067176518656,0.02843396538894557,0.008745329649277895,-0.008744544421271852,6.034846158829423e-07,-3.167809055569193e-05,3.7559838950325523e-10,-7.705137536420477e-10,-2.8767574612375873e-10,2.37936595169299e-08,0.029077208174514143,-0.028414945339917643,-0.00011060971620239668,0.02843396538894557
0.0,-0.5375000000000001,0.049139819076437635,0.002368795627059987,0.0008879346691552535,0.0004285655324339692,-0.17871648836721715,0.5913209429224786,0.0286142142273447,0.008777319452554114,-0.008776268652689946,6.609518441324543e-07,-4.9523476334939754e-05,3.013027263282294e-10,-6.180890363411019e-10,-2.3077304848015694e-10,1.9086828288117194e-08,0.029253109399280525,-0.028593808181835437,-0.00011418110156314014,0.0286142142273447
0.0,-0.5249999999999999,0.04950870307841546,0.002574122806905828,0.000945120743089741,0.0004425019690998769,-0.18581884252259753,0.5562084907797604,0.0287858939490915,0.008808932556412455,-0.008807409727891609,7.607214943061543e-07,-7.3384621515989e-05,2.0038861513503075e-10,-4.110536507917524e-10,-1.5348317042465155e-10,1.2693642911784183e-08,0.02945802071957658,-0.028762686324295888,-0.00012489381851998944,0.0287858939490915
0.0,-0.5125,0.04987756782005962,0.0028803051330724013,0.001034318631817844,0.00046832903647197124,-0.19353855145600896,0.5486439670008549,0.028944523371316182,0.008840187989249008,-0.008837916043191901,9.13350861209736e-07,-0.00010190805687691884,9.318479149934213e-11,-1.9111414901846167e-10,-7.1375740457147e-11,5.901987998437209e-09,0.029670910830258555,-0.028917314952127186,-0.00014058397659951798,0.028944523371316182
0.0,-0.5,0.050240001898357374,0.003287352190238382,0.001152014031032662,0.0005022711676283548,-0.20214036673420838,0.5466670903716349,0.029085398691626713,0.008871128282563305,-0.008867708709842211,1.1363819706988812e-06,-0.00014184174898456808,1.99909968404812e-14,2.2916954320121855e-14,-2.0387077542907288e-14,-2.518414177371651e-13,0.029883355757134966,-0.02905279358512627,-0.00016129933385999082,0.029085398691626713
0.5,-2.1,0.04465139747956557,-0.032593629581845286,0.02006351002871898,0.023069967401840693,3.4806602869821435e-25,0.6826669849370106,0.020915070761719893,0.0014439174778941451,-0.006987537023460779,-0.0007516143432804278,0.011782443575186558,0.0,0.0,0.0,0.0,0.036938189931433094,-0.020915070761719893,5.5771034567603025e-27,0.020915070761719893
0.5,-2.0875,0.046741161809225745,-0.026506192831386333,0.01890527017195357,0.021706116839729644,-1.9457798860463047e-23,0.6868603385301053,0.021857839348722798,0.0017619434889266602,-0.006813593482774127,-0.0007009250327651819,0.010493774865368306,-2.12333012165588e-06,-1.83281620993807e-06,-7.133658211636798e-07,6.765192404238324e-06,0.03711583900704853,-0.021857839348722798,-2.968870883647161e-25,0.021857839348722798
0.5,-2.075,0.04879298850101464,-0.021811990892131896,0.01782680133905609,0.020414424583863017,6.206871255757168e-25,0.6957894570504106,0.02278327261456256,0.0020591894939530012,-0.006650520372012221,-0.0006520562995286564,0.009319849572505408,-1.537154848965202e-05,-1.3260476367974535e-05,-5.150488326924401e-06,4.882947491761863e-05,0.03734118672282052,-0.02278327261456256,9.035909862232806e-27,0.02278327261456256
0.5,-2.0625,0.05080424209363252,-0.01797251109539678,0.01681035499250521,0.019168646451629134,7.657955876567505e-23,0.7090431647479432,0.023684847932805002,0.0023361449156660595,-0.006498560163657103,-0.0006051589341393921,0.008254869649633487,-4.661158504820989e-05,-4.0192990902128685e-05,-1.558606935841155e-05,0.0001476862234899786,0.037598737982831476,-0.023684847932805002,1.0655195607451436e-24,0.023684847932805002
0.5,-2.0500000000000003,0.05277338822907,-0.014707111663936135,0.015846815810204584,0.01795663369956714,9.7719502049884e-25,0.7265761699232498,0.024558944675444262,0.002593447753441921,-0.006357814805517583,-0.0005603518853385775,0.007292590335368547,-9.852505645018187e-05,-8.493543023611691e-05,-3.289741299793781e-05,0.00031148650212326986,0.037879762864940755,-0.024558944675444262,1.3017037203746348e-26,0.024558944675444262
0.5,-2.0375,0.054699729247153876,-0.01186777358289966,0.014933614321863463,0.016777333943700238,-2.8664792830370383e-22,0.7486320588719291,0.025404776101002346,0.002831859103717804,-0.006228258557909404,-0.0005177233711558322,0.00642647424876029,-0.0001702406093196354,-0.00014674347176205798,-5.6793465696638434e-05,0.0005372220355193996,0.03818083486067429,-0.025404776101002346,-3.66223077534635e-24,0.025404776101002346
0.5,-2.025,0.056579604606423514,-0.009377484232326184,0.014069248742435831,0.015634319037786,1.3775679412285875e-24,0.7751507389788304,0.026224071305606986,0.003052238630390472,-0.00610975232255029,-0.0004773324595560819,0.005649829652449367,-0.00025806712345334006,-0.0002224575314304615,-8.606488571853977e-05,0.0008131334431635404,0.038498866158441884,-0.026224071305606986,1.690936387442303e-26,0.026224071305606986
0.5,-2.0125,0.058401975748335395,-0.0071973907417140015,0.013247672096211804,0.014529132045732238,1.0930606839596439e-21,0.8049600163536434,0.02702041340273055,0.0032555208829320517,-0.006002058346040462,-0.00043921104054171046,0.004955931781450186,-0.0003562893457200058,-0.0003071849300282744,-0.00011884605316160222,0.001121246277370503,0.03882575228634244,-0.02702041340273055,1.2903951794496195e-23,0.02702041340273055
0.5,-2.0,0.06014688527718393,-0.005308182304393362,0.012456008189648052,0.013457950453084538,1.772541448765656e-24,0.8352401255723874,0.02779830640932844,0.003442693371699152,-0.005904855351131384,-0.00040336610258510615,0.004338126829538748,-0.0004579904033400533,-0.0003950017873812051,-0.0001528805367259841,0.0014399439074014827,0.039146115941983764,-0.02779830640932844,2.011446274932958e-26,0.02779830640932844
0.5,-1.9875,0.06178893438610742,-0.003699023531586916,0.011677372232445509,0.01241337258709985,-4.130777507639526e-21,0.8617280431253149,0.02856220594146046,0.003614776146207226,-0.0058177531202598404,-0.0003697822269730569,0.003789918779204285,-0.000555868523152624,-0.0004796485808819801,-0.00018578213830947176,0.0017464927913381854,0.03944011848121513,-0.02856220594146046,-4.4934236449288546e-23,0.02856220594146046
0.5,-1.975,0.06330564075232488,-0.002360771607977658,0.010898167435597432,0.011390727347737844,2.12397987611599e-24,0.879866623571929,0.029315805850248178,0.0037728039372008173,-0.005740307030006268,-0.0003384242194548814,0.0033050397400901732,-0.0006430181614006432,-0.0005551955479117802,-0.00021528424141977856,0.002019442176981594,0.03969096385842279,-0.029315805850248178,2.2036626820886533e-26,0.029315805850248178
0.5,-1.9625000000000001,0.06468806418946815,-0.001281775042971094,0.010116882956704924,0.010395958985498562,1.5624952753651818e-20,0.886702191700462,0.03006180344944472,0.0039178101283928665,-0.005672031396333953,-0.0003092398015014864,0.0028775048398706816,-0.0007136486264885598,-0.0006166563548874416,-0.00023947079430307677,0.0022408267726219725,0.03989430813398138,-0.03006180344944472,1.5363242114594544e-22,0.03006180344944472
0.5,-1.9500000000000002,0.06594989473939884,-0.00044526799628025643,0.00935059513118786,0.009451312845379286,2.4132943456101375e-24,0.8829730055122618,0.030802178134911633,0.004050813088989541,-0.005612411891438488,-0.00028216229214573596,0.002501652965802727,-0.0007637161550914809,-0.000660530698832589,-0.0002569828635978798,0.0023981074281069245,0.04006578017467033,-0.030802178134911633,2.2355798422532192e-26,0.030802178134911633
0.5,-1.9375,0.06712506036397334,0.0001722983827115763,0.008629993933272908,0.008589665616092005,-5.895641777718108e-20,0.8733575771016289,0.031538635215349976,0.004172804823803055,-0.005560916856230508,-0.000257113219937861,0.0021721748390547708,-0.0007914482799183309,-0.0006852587505362893,-0.0002671952992330868,0.002485791366213964,0.0402370599880596,-0.031538635215349976,-5.128279649032501e-22,0.031538635215349976
0.5,-1.925,0.06823858781749881,0.000602468796735057,0.007969822682520007,0.007824407317214586,2.6384349263580563e-24,0.8609671700660377,0.03227216780365336,0.004284741756190008,-0.005517007312077404,-0.00023400481487236441,0.0018841299750951043,-0.0007977422053556495,-0.0006915725915283081,-0.0002703586561987193,0.00250668000391396,0.04042633204451721,-0.03227216780365336,2.1514231728355127e-26,0.03227216780365336
0.5,-1.9125,0.0697847058296017,0.0008854099555540008,0.007821878897470286,0.00760203975892967,2.2213377861421473e-19,0.9563314830487459,0.03301518329104549,0.004387537458568616,-0.005480145563562245,-0.0002127423390924447,0.0016329541220246912,-0.0007864217851426346,-0.0006827320402655351,-0.000267702123727599,0.0024726989026916703,0.04110368833966001,-0.03301518329104549,1.796730189788895e-21,0.03301518329104549
0.5,-1.9000000000000001,0.07148570173501605,0.0010705504670613418,0.00785348393590305,0.007580413575719837,2.806725491998255e-24,1.0963021804804627,0.03378151785902346,0.004482057272176631,-0.005449802501233496,-0.00019322622729011754,0.001414458714268201,-0.0007643405741519727,-0.0006646345060896044,-0.00026149381733592064,0.0024052708866693587,0.041959696466019616,-0.03378151785902346,2.295390237437089e-26,0.03378151785902346
0.5,-1.8875000000000002,0.0728183115915195,0.0012075142283176472,0.007534240873204222,0.007218152193835217,-8.354695802459146e-19,1.1468802324097287,0.03455962574029903,0.004569114730378997,-0.0054254637400984705,-0.00017535401506768117,0.001224823809331439,-0.0007393483835611549,-0.0006440718010103911,-0.0002543761849099325,0.0023289839054268045,0.042462893448670824,-0.03455962574029903,-6.602939754884477e-21,0.03455962574029903
0.5,-1.875,0.07403582030730446,0.0013112110782337882,0.00713958531719902,0.006787803062786425,2.928781174811555e-24,1.1710609035430286,0.03533350095782053,0.004649469294760578,-0.005406634376043903,-0.00015902204413360263,0.0010605858630964812,-0.000713296254046062,-0.0006226429901435833,-0.0002469676077367514,0.0022495861354701963,0.042875969310719575,-0.03533350095782053,2.209023932358265e-26,0.03533350095782053
0.5,-1.8625,0.07523697799363062,0.0013861020272858868,0.006769982552033316,0.006389319041732289,3.137074003856605e-18,1.194905019923274,0.036100440392735175,0.0047238254472616896,-0.005392842692757447,-0.00014412694011520734,0.0009186215707915355,-0.0006862924388090686,-0.0006004338824831854,-0.00023929281769046406,0.0021673448827274414,0.04329780026541447,-0.036100440392735175,2.2578650552982913e-20,0.036100440392735175
0.5,-1.85,0.0764277015898202,0.0014359925545043882,0.00642708467243588,0.006023845949520314,3.014986417863027e-24,1.219337666459701,0.03686090273561735,0.004792832839685245,-0.00538364283629951,-0.0001305668659162658,0.0007961288581936777,-0.0006584451910525464,-0.0005775302870232015,-0.0002313765466451572,0.002082527453126437,0.043731533528056935,-0.03686090273561735,2.0714858521356836e-26,0.03686090273561735
0.5,-1.8375000000000001,0.07761371841087754,0.0014642175225415086,0.0061122493314070695,0.005692245462162958,-1.5331112120618555e-17,1.2453987331562226,0.037615560327609814,0.004857087322283804,-0.005378616583403535,-0.00011824255916388953,0.000690605967332526,-0.0006298627639788687,-0.0005540180127576364,-0.00022324352647491721,0.0019954011525950854,0.044180159240011604,-0.037615560327609814,-1.0064260195292246e-19,0.037615560327609814
0.5,-1.8250000000000002,0.07880055702707656,0.0014737118782813146,0.005826559315908113,0.005395118023679064,-2.8616915026525803e-17,1.274247728513593,0.03836527349715328,0.00491713265637122,-0.005377374309598292,-0.00010705816599656876,0.0005998294382063775,-0.0006006534107904083,-0.0005299828686804938,-0.00021491848905383097,0.0019062332870612893,0.0446465067931907,-0.03836527349715328,-1.7974951949448748e-19,0.03836527349715328
0.5,-1.8125,0.0799941538790234,0.0014670680354225345,0.00557142010239041,0.0051334029879847995,-2.7488548150535178e-17,1.3073844985990406,0.0391110834153501,0.004973462790732444,-0.005379555321623633,-9.69218876545821e-05,0.0005218316517063808,-0.0005709253846895369,-0.0005055106637857776,-0.00020642616625598468,0.0018152911624529464,0.04513383847812183,-0.0391110834153501,-1.6555679254188015e-19,0.0391110834153501
0.5,-1.8,0.08119916496824527,0.001446584733969542,0.005346930332618563,0.004906751001694945,-2.764626769688027e-17,1.3460476964565573,0.039854170968028194,0.005026524528428483,-0.005384827639300562,-8.774645722456123e-05,0.00045487847660784914,-0.000540786938878629,-0.0004806872070674929,-0.0001977912899554654,0.0017228420846979614,0.04564418267025899,-0.039854170968028194,-1.6007221348794197e-19,0.039854170968028194
0.5,-1.7875,0.0824167214474917,0.0014143119992225774,0.005149908709558551,0.004711552118833612,-4.6522896228344306e-17,1.3902373507116534,0.04059571029445025,0.00507672037982713,-0.005392887258222152,-7.944946624876532e-05,0.00039744744694507816,-0.0005103436699760794,-0.00045559621579518755,-0.0001890386139299997,0.001629153940520616,0.046176213716022575,-0.04059571029445025,-2.5962118158372965e-19,0.04059571029445025
0.5,-1.7750000000000001,0.08364257221196193,0.0013720925421746204,0.004972518501472034,0.004539560824621056,-8.012085620486717e-17,1.437701374028034,0.0413366190342612,0.005124411720472429,-0.005403457217624092,-7.195356035913101e-05,0.00034820679665413,-0.0004796905482643753,-0.00043031304034058443,-0.00018019297957187514,0.0015344969398307135,0.04672361678876105,-0.04133661903426121,-4.316108724642245e-19,0.04133661903426121
0.5,-1.7625000000000002,0.0848683510288208,0.0013215929021301055,0.004803991447465773,0.004379620540172165,-1.2238789205308842e-16,1.4841452412460137,0.04207731689866114,0.00516992179890074,-0.00541628619746156,-6.518652335361791e-05,0.0003059955889390314,-0.000448919887442027,-0.0004049109393509507,-0.00017127925017701938,0.001439141873334441,0.04727658932071227,-0.04207731689866114,-6.363279919445934e-19,0.04207731689866114
0.5,-1.75,0.08608532970454175,0.001264322612079156,0.004634499668193445,0.004221535583911598,-1.805999788830566e-16,1.5247247397194545,0.04281765555545594,0.005213538963809288,-0.005431147163238834,-5.908126797089928e-05,0.000269805102352783,-0.00041812400120754385,-0.00037946317147355283,-0.00016232228904135997,0.0013433595317379808,0.047825652154760014,-0.04281765555545594,-9.044440800807345e-19,0.04281765555545594
0.5,-1.7375,0.08716593631582836,0.001203554681420639,0.004468245217553778,0.004069160381744803,-2.6679444807944553e-16,1.561017257945851,0.04349112350894663,0.00525551963820464,-0.005447835710178977,-5.357575050858216e-05,0.00023876157274400504,-0.0003873952032594371,-0.0003540429953556584,-0.00015334695946082484,0.001247420705747523,0.04830894843523668,-0.04349112350894663,-1.2853689421529485e-18,0.04349112350894663
0.5,-1.725,0.08624150080379703,0.001168848774723666,0.004501619570037999,0.004118558372050693,-3.9881119492664653e-16,1.7027084398273251,0.04306462944133865,0.005296091337601286,-0.005466168503223324,-4.8612825234516804e-05,0.00021211033756806454,-0.00035682580729621616,-0.00032872366964453416,-0.0001443781247313415,0.0011515961860692502,0.04789019072370171,-0.04306462944133865,-1.9244878612109714e-18,0.04306462944133865
0.5,-1.7125000000000001,0.08145704940175802,0.0011900692955650596,0.0049208196019542415,0.0045556172185590455,-5.963913763836371e-16,2.0767243164110747,0.04051708500939921,0.005335455352470003,-0.00548598151034831,-4.414005230004179e-05,0.00018920138738132706,-0.0003265081270163912,-0.00030357845298744707,-0.00013544064814883773,0.001056156763409349,0.04573486384178138,-0.04051708500939921,-3.1118382995098072e-18,0.04051708500939921
0.5,-1.7000000000000002,0.07357881015469224,0.0012687419327403597,0.005613298166306768,0.005267498481662825,-8.814628307485748e-16,2.648768655528063,0.036287426537790504,0.005373789471343813,-0.0055071284628918,-4.0109471848260705e-05,0.0001694762971274994,-0.00029653447611847217,-0.00027868060403166394,-0.00012655939300924114,0.000961373228474004,0.04216970095037745,-0.036287426537790504,-5.1850062549587945e-18,0.036287426537790504
0.5,-1.6875,0.06555702784711802,0.0013664353003854399,0.00623562547589476,0.00591050212983964,-1.2842455658461848e-15,3.222150476290717,0.032022090055188,0.005411250362619907,-0.005529479203279482,-3.6477354751223904e-05,0.00015245648514476708,-0.00026699454293345194,-0.0002541020969971372,-0.00011775819126499571,0.0008675064602976694,0.03849802165732622,-0.032022090055188,-8.316686444769184e-18,0.032022090055188
0.5,-1.675,0.06041193761246864,0.0014020707912536612,0.006462980224688262,0.006159568983569035,-1.8664927742918104e-15,3.5696328716801586,0.029393260054084363,0.005447975849585235,-0.0055529181808116725,-3.3203939214817654e-05,0.00013773272964924651,-0.00023796751432225626,-0.00022990976839456346,-0.00010905674949461175,0.0007747776912278832,0.0360674696097034,-0.029393260054084363,-1.2457363909672279e-17,0.029393260054084363
0.5,-1.6625,0.05904597088736679,0.0013259446270954497,0.006227408822164116,0.005946526492835637,-2.7086097575147187e-15,3.604233636258937,0.02888582080971362,0.005484087015482842,-0.005577343048469582,-3.0253160601013292e-05,0.0001249558619423704,-0.0002095299517782928,-0.000206169170307324,-0.00010047374293311551,0.0006833982419404469,0.035295231556312374,-0.02888582080971362,-1.7360592488157082e-17,0.02888582080971362
0.5,-1.6500000000000001,0.05966764213240307,0.0011925960689932857,0.005766855019001406,0.005509113154406484,-3.936122305601172e-15,3.457541271681155,0.02948477384622367,0.005519690005314808,-0.005602663233279926,-2.7592380666826148e-05,0.00011382854688188736,-0.00018175841679496957,-0.00018294585481880055,-9.202784681553338e-05,0.0005935794331111646,0.03540448897657627,-0.02948477384622367,-2.3300722767385627e-17,0.02948477384622367
0.5,-1.6375000000000002,0.060517743972248336,0.00106057591222633,0.00543305234742479,0.005198869886004092,-5.705481847808723e-15,3.3821199325940956,0.030134389818208138,0.005554877818324059,-0.005628798772967593,-2.519212102174898e-05,0.00010409805941241516,-0.0001547294708656947,-0.0001603053740123747,-8.373773637689177e-05,0.0005055325854158407,0.035691464825157115,-0.030134389818208138,-3.170579057905892e-17,0.030134389818208138
0.5,-1.625,0.06152016202013867,0.0009332826845900986,0.005269087611579463,0.005058702482291486,-8.25659164651586e-15,3.4260233209178903,0.030774832342708017,0.005589731813362709,-0.005655679134075286,-2.3025804530267328e-05,9.554996483883123e-05,-0.00012851967548387574,-0.00013831327997142778,-7.562208685221703e-05,0.0004194690195302778,0.03613961302438622,-0.030774832342708017,-4.4294803361733915e-17,0.030774832342708017
0.5,-1.6125,0.06254829190682579,0.0008108918133338485,0.005136844376480625,0.004950324112439918,-1.1896155020851468e-14,3.488193440611745,0.03141163967771912,0.0056243229995434916,-0.005683242073009982,-2.1069507466420893e-05,8.800261291114492e-05,-0.00010320559214292162,-0.0001170351247793422,-6.76995734765358e-05,0.0003356000561302824,0.036616545565635164,-0.03141163967771912,-6.191836731159178e-17,0.03141163967771912
0.5,-1.6,0.0635475440910366,0.0006937523307330183,0.004980947139210243,0.004818198550560764,-1.7125176857910193e-14,3.521910765093468,0.03204500238016266,0.0056587134439764035,-0.0057114328576081015,-1.930172432259051e-05,8.130235978043712e-05,-7.886378233623993e-05,-9.653646051949922e-05,-5.9988871484874387e-05,0.0002541370158916574,0.037067256054272205,-0.03204500238016266,-8.600698239441514e-17,0.03204500238016266
0.5,-1.5875,0.06451501222851538,0.0005822021757877366,0.004800700340682016,0.004661475064128804,-2.4574379944314205e-14,3.5233764042813362,0.0326736258706069,0.005692957190719013,-0.0057402032276673036,-1.7703146596548387e-05,7.53194365459393e-05,-5.5563663669264926e-05,-7.687584774971159e-05,-5.2509465734732953e-05,0.00017529933704497604,0.037489907047483,-0.0326736258706069,-1.1835712355920207e-16,0.0326736258706069
0.5,-1.5750000000000002,0.06545483801909369,0.000476559444557208,0.004602066172358272,0.004485955679019386,-3.5224807536389026e-14,3.495079596306957,0.03329642276429625,0.005727101301922175,-0.005769510688378989,-1.6256456238948132e-05,6.994438916214539e-05,-3.3346078195538676e-05,-5.808388092551908e-05,-4.528407957350777e-05,9.933892803990088e-05,0.03788945426264933,-0.03329642276429626,-1.6178865053805935e-16,0.03329642276429626
0.5,-1.5625,0.06637456571804849,0.0003770909660916618,0.0043935665259164395,0.004300006078162497,-5.0309203308598405e-14,3.4429999643972335,0.033912736745214854,0.005761186753881106,-0.005799317852295677,-1.494613403280195e-05,6.508502018267708e-05,-1.224472408062703e-05,-4.01841629768905e-05,-3.833624597106817e-05,2.651581488085544e-05,0.03827382083589727,-0.033912736745214854,-2.1940266616403575e-16,0.033912736745214854
0.5,-1.55,0.06728154929477727,0.0002840150194177209,0.004182664337832915,0.00411093947759829,-7.177281310526585e-14,3.3733667389014137,0.03452235373512109,0.0057952491021662665,-0.005829591726688954,-1.3758282838924398e-05,6.0663769632041066e-05,7.706700509901439e-06,-2.320029683379697e-05,-3.168949789728429e-05,-4.290997642772728e-05,0.0386503066146379,-0.034522353735121095,-2.962747905289034e-16,0.034522353735121095
0.5,-1.5375,0.06818279582915203,0.00019751557419457692,0.003975748909541262,0.003925001297674994,-1.0204788523557157e-13,3.292475539428194,0.03512542973357117,0.005829319221094532,-0.005860303235032732,-1.2680465355856897e-05,5.6615477971401715e-05,2.647449741047969e-05,-7.15588542620833e-06,-2.5367368322025792e-05,-0.0001086784198814195,0.03902550221125682,-0.03512542973357117,-3.9799414861327697e-16,0.03512542973357117
0.5,-1.525,0.06908497180657296,0.00011775244401007809,0.0037782760069561493,0.003747508669361853,-1.4492660400803247e-13,3.206673012467518,0.035722422836090235,0.005863423832017397,-0.005891426671250717,-1.1701555817122049e-05,5.288548045639881e-05,4.402496845554056e-05,7.92546831590555e-06,-1.9393390215162387e-05,-0.00017052948947579328,0.03940536189824447,-0.035722422836090235,-5.337558510465412e-16,0.035722422836090235
0.5,-1.5125000000000002,0.06999442352336054,4.486815608859032e-05,0.0035948995923848334,0.0035829816261187123,-2.0512650459200523e-13,3.1223386807599356,0.036314036686798286,0.005897586033557828,-0.005922939284797314,-1.0811604980747978e-05,4.942798770580263e-05,6.0324415479515755e-05,2.2020161462573745e-05,-1.3791096546564165e-05,-0.00022820315920641643,0.03979527946786848,-0.036314036686798286,-7.140951633170812e-16,0.036314036686798286
0.5,-1.5,0.07091734539633716,-2.1007660303226383e-05,0.003429731004060505,0.003435401793309286,-2.8997356824013536e-13,3.046054113718812,0.03690117427669846,0.0059318257296971265,-0.0059548208787487,-1.0001717599252511e-05,4.620471262575507e-05,7.533914031683898e-05,3.510459108382708e-05,-8.584020286100527e-06,-0.00028143940306886385,0.04020030179493111,-0.03690117427669846,-9.56659778541143e-16,0.03690117427669846
0.5,-1.4875,0.071858944211594,-7.985245681054411e-05,0.003285640155920866,0.0033075396455269773,-4.0854617932488483e-13,2.983591663703274,0.03748489865522199,0.005966160099710706,-0.005987053552052974,-9.263941575167945e-06,4.318370864990313e-05,8.904781598473048e-05,4.716377727461536e-05,-3.789069172357402e-06,-0.00033004239877842544,0.040624383510344295,-0.03748489865522199,-1.282624542608557e-15,0.03748489865522199
0.5,-1.475,0.07282069535095005,-0.00013202850953817708,0.0031619077039353265,0.0031986857754233906,-5.748865300839988e-13,2.9365405088432897,0.03806632369157446,0.006000603761712867,-0.006019621226013056,-8.591167892525433e-06,4.0338388644788944e-05,0.0001014786002315655,5.821723222957178e-05,6.033499812162548e-07,-0.0003740731389292819,0.04106790713449248,-0.03806632369157446,-1.7255698902567255e-15,0.03806632369157446
0.5,-1.4625,0.07380120325989563,-0.00017797445026852558,0.0030552244352022428,0.00310557041976982,-8.063082877375533e-13,2.902904498318883,0.03864645490196765,0.0060351692880842136,-0.006052509602738569,-7.977040551762403e-06,3.764669785826503e-05,0.00011267202198850774,6.829309116825021e-05,4.6094555924556185e-06,-0.0004136568198353357,0.041528546901642566,-0.03864645490196765,-2.3238546653599837e-15,0.03864645490196765
0.5,-1.4500000000000002,0.07479873703936298,-0.00021810903468695862,0.0029623080349908204,0.003024953401711764,-1.129412643322207e-12,2.880202465037669,0.03922611858364097,0.0060698672441110955,-0.006085705717338539,-7.415875604177569e-06,3.50904176911415e-05,0.00012266861018672017,7.741948931020378e-05,8.245466079195583e-06,-0.0004489186378104864,0.04200382272926789,-0.03922611858364097,-3.137174181479555e-15,0.03922611858364097
0.5,-1.4375,0.07581152175678767,-0.0002528337650898664,0.002880166612780334,0.0029538873663330317,-1.5768615048597356e-12,2.8658374136635607,0.03980597545877694,0.0061047065532975715,-0.006119197878788301,-6.9025885331373815e-06,3.265458026488499e-05,0.00013150889375736704,8.562456187498682e-05,1.1527599859271518e-05,-0.0004799837891686381,0.04249137766721054,-0.03980597545877694,-4.23450736754426e-15,0.03980597545877694
0.5,-1.425,0.07683773993582,-0.00028253472916643527,0.002806066430779207,0.002889685248957906,-2.1986279549425475e-12,2.857105422547746,0.04038653728926382,0.0061396946956016,-0.0061529754980653535,-6.432629199878128e-06,3.032697651004134e-05,0.00013923340163161124,9.293644408215243e-05,1.4472075350518336e-05,-0.0005069774702236904,0.04298896248095486,-0.04038653728926382,-5.721764777098637e-15,0.04038653728926382
0.5,-1.4125,0.07787553801694201,-0.00030758384588952927,0.0027375043825521805,0.002829892521045005,-3.055815797777441e-12,2.8512013872451805,0.040968183570708284,0.00617483773111227,-0.006187028789320994,-6.0019236601547215e-06,2.809774278609324e-05,0.00014588266274061644,9.938327115125447e-05,1.709511097077119e-05,-0.0005300248772895456,0.04349442503040628,-0.040968183570708284,-7.719728561545477e-15,0.040968183570708284
0.5,-1.4,0.07892231475654443,-0.0003283398331452285,0.0026714995221982286,0.0027715785113767238,-4.2414104030857735e-12,2.844159275883528,0.04155115986341867,0.006210140614958458,-0.006221348803877156,-5.606822167166236e-06,2.5959013200927446e-05,0.00015149720601554634,0.00010499317830184672,1.9412925137865234e-05,-0.000549251206680106,0.04400500030697005,-0.04155115986341867,-1.040774438479143e-14,0.04155115986341867
0.5,-1.3875000000000002,0.07997278511904989,-0.00034486060588895246,0.0026027049384309783,0.002709358935137953,-5.868678289710542e-12,2.827844592624477,0.04213543869381491,0.006245607221058218,-0.006255927209354887,-5.24405276840913e-06,2.390462660643506e-05,0.00015604862489652588,0.00010973817269500188,2.1419446422301564e-05,-0.0005645633918985747,0.04451536384471118,-0.04213543869381491,-1.3967015064201019e-14,0.04213543869381491
0.5,-1.375,0.08102359082460436,-0.000356068994714766,0.0025275185285014087,0.002639239024133898,-8.109171458270961e-12,2.7966700675413123,0.04272062463861666,0.006281240496277491,-0.0062907562308350245,-4.910679921537521e-06,2.1929878699486474e-05,0.00015923277085952802,0.00011336574925787121,2.3019444005245992e-05,-0.0005749953152053687,0.04502188916025938,-0.04272062463861666,-1.866134857683672e-14,0.04272062463861666
0.5,-1.3625,0.08207547572991425,-0.00036067496089567586,0.0024465188580521167,0.0025613167173153613,-1.1171122146572537e-11,2.751748062132872,0.04330616863481941,0.006317042491545403,-0.006325828496526374,-4.604067620068443e-06,2.003131115097059e-05,0.00016067655988948683,0.00011556727485912462,2.4095397220530166e-05,-0.0005793625960502058,0.04552505658277357,-0.04330616863481941,-2.478746829615359e-14,0.04330616863481941
0.5,-1.35,0.08314197580390187,-0.00035746520552000483,0.0023725412318156814,0.0024879477595487498,-1.5368310589921807e-11,2.715614391131095,0.043891789760690816,0.006353014511222259,-0.006361137025627998,-4.321846564262733e-06,1.8206530738302002e-05,0.0001600069079713366,0.00011603411636743242,2.4529785401985905e-05,-0.0005764808538828041,0.04603787071762853,-0.043891789760690816,-3.298163869733535e-14,0.043891789760690816
0.5,-1.3375,0.08402436840277597,-0.00034627581091984674,0.00233644327701377,0.002449511168165882,-2.108044935657196e-11,2.7448872209446558,0.04436206697779542,0.006389157187677109,-0.006396675162226427,-4.06188494915034e-06,1.645405254284752e-05,0.00015685073109001187,0.00011445764065146479,2.4205087883444963e-05,-0.0005651657081528831,0.04647621785409445,-0.04436206697779542,-4.45672504799739e-14,0.04436206697779542
0.5,-1.3250000000000002,0.08126247733979314,-0.00034085780337398633,0.002507239794182838,0.0026145439798737216,-2.887701027799128e-11,3.1512795161440037,0.04290177394481788,0.006425470454250933,-0.006432436425647097,-3.822262490184181e-06,1.4773162201001671e-05,0.00015083494523044703,0.00011052921457989213,2.3003783998739152e-05,-0.0005442327783101609,0.04519433570063965,-0.04290177394481788,-6.620232938579509e-14,0.04290177394481788
0.5,-1.3125,0.07139183636330187,-0.00035736679167569816,0.003038955359111928,0.003136593760343076,-3.944533657369339e-11,4.24494192684209,0.03770103467876541,0.006461953737111635,-0.006468414595387979,-3.601247337945367e-06,1.3163792923278749e-05,0.000141586466377576,0.00010394020502138428,2.080835308170014e-05,-0.000512497683804355,0.04053682170881761,-0.03770103467876541,-1.1185857385172314e-13,0.03770103467876541
0.5,-1.3,0.055813675368486984,-0.00040244729024218234,0.0038432065281082677,0.003926800727480702,-5.381127523225659e-11,5.901169313928286,0.029504025624330087,0.006498605819208953,-0.0065046034817703375,-3.3972755736768885e-06,1.1626413832307284e-05,0.0001287322105163336,9.438197884461185e-05,1.75012744661598e-05,-0.0004687760440851855,0.03315991740020224,-0.029504025624330087,-1.967281985708001e-13,0.029504025624330087
0.5,-1.2875,0.03998582041167432,-0.0004601728293768609,0.004621778676307356,0.00468681309296695,-7.321040930433639e-11,7.576014824987443,0.02118857123035195,0.006535425067175776,-0.0065409970713240385,-3.2089330085778825e-06,1.0161926741151045e-05,0.00011215481620561194,8.175550895846997e-05,1.3049671482459196e-05,-0.0004127109084109517,0.025643384785676758,-0.02118857123035195,-3.261387237598351e-13,0.02118857123035195
0.5,-1.275,0.029510895720561363,-0.00044224561506979806,0.00508163947472093,0.005124816202655728,-9.947800976860066e-11,8.688337477918774,0.015704039633611264,0.006572409327965885,-0.006577589352163804,-3.0349390279936147e-06,8.771569158310052e-06,9.275981230013484e-05,6.68001924327541e-05,7.759243446976726e-06,-0.0003472550452742807,0.020642527443368787,-0.015704039633611264,-4.912709385811743e-13,0.015704039633611264
0.5,-1.2625000000000002,0.026078438226734696,-0.00023396695748129762,0.005149175977195678,0.00516875383822223,-1.348210508979088e-10,9.052493654589023,0.013933978505138925,0.006609556006481998,-0.006614374329201104,-2.8741322624533537e-06,7.456821840281661e-06,7.170845022858552e-05,5.0465032377485945e-05,2.0203336726005257e-06,-0.000276188652976386,0.0189659516075227,-0.013933978505138925,-6.784159017533912e-13,0.013933978505138925
0.5,-1.25,0.026369711442334652,4.922303914487779e-05,0.005014791543768615,0.005010586513577661,-1.8250188940188308e-10,9.010444481045942,0.014125789344883705,0.006646862142480137,-0.006651346046347287,-2.7254578787454892e-06,6.219319783544024e-06,5.016198141964464e-05,3.3699031902685196e-05,-3.776714527781978e-06,-0.00020329192981847214,0.019050133456367364,-0.014125789344883705,-8.987021044108049e-13,0.014125789344883705
0.5,-1.2375,0.026876745529739395,0.00030216897018439496,0.0048705736424114925,0.00484395923155573,-2.464393000355597e-10,8.935465650525197,0.014431416266066904,0.0066843242878322495,-0.00668849841572434,-2.587956311818085e-06,5.06076594583459e-06,2.928165730199547e-05,1.7451194118373552e-05,-9.24155784128263e-06,-0.00013234507410175272,0.019237775723738054,-0.014431416266066904,-1.1844758604677702e-12,0.014431416266066904
0.5,-1.225,0.02738591284325138,0.0005083934683727243,0.004743238614198046,0.004697146209217834,-3.32397996418481e-10,8.88000785977251,0.014732660810006659,0.006721938724060904,-0.0067258253929465455,-2.4607532733636245e-06,3.982847530730042e-06,1.0228729304319799e-05,2.6705221345715233e-06,-1.3983852955013721e-05,-6.712828412743645e-05,0.019436067301390067,-0.014732660810006659,-1.5634028940775224e-12,0.014732660810006659
0.5,-1.2125,0.027968156583408784,0.0006554787456679081,0.004702420160118769,0.0046413393290781505,-4.472980695524972e-10,8.991460338732018,0.0150321512736949,0.006759701308104227,-0.006763320785648514,-2.343050890983053e-06,2.9871549695615807e-06,-5.835551144700506e-06,-9.693980938700212e-06,-1.7613256556087446e-05,-1.1421758196732084e-05,0.019715941072832473,-0.0150321512736949,-2.095050135343915e-12,0.0150321512736949
0.5,-1.2000000000000002,0.028619213539884978,0.0007320300638121009,0.004740837841646756,0.004670816608328664,-6.012692293490394e-10,9.259306658651168,0.015333369635904537,0.006797607536265564,-0.006800978284561953,-2.2341198514475418e-06,2.0751041423973603e-06,-1.7749932616382544e-05,-1.869331199142025e-05,-1.9739425331615812e-05,3.099430538914789e-05,0.02007226935720366,-0.015333369635904537,-2.849354583387902e-12,0.015333369635904537
0.5,-1.1875,0.02925762679075023,0.0007327279400541064,0.0047767545213189605,0.0047048979808734835,-8.064680342744094e-10,9.508876747705749,0.015637864733311614,0.006835652609651266,-0.006838791499883101,-2.133292424202087e-06,1.2478626278387786e-06,-2.4696291990690556e-05,-2.366037951099326e-05,-2.0097423675779946e-05,5.743689320701712e-05,0.020423908765677685,-0.015637864733311614,-3.859791522733034e-12,0.015637864733311614
0.5,-1.175,0.029858529487935836,0.000672487451247506,0.004785504284279189,0.004717968301362494,-1.080600047342702e-09,9.685565018661736,0.015944687287902947,0.00687383142234632,-0.006876753923685065,-2.0399562699298343e-06,5.062810013734263e-07,-2.722901938216988e-05,-2.505573837452249e-05,-1.8923946811036e-05,6.961173134576685e-05,0.020745785837141734,-0.015944687287902947,-5.1880673196044085e-12,0.015944687287902947
0.5,-1.1625,0.030417944275549526,0.0005695328758439756,0.004763764753571858,0.004705254530997748,-1.4449137612789243e-09,9.780987982762108,0.016252096179518005,0.006912138466496341,-0.006914858812127774,-1.9535489324633093e-06,-1.4916965380311666e-07,-2.6245633214012214e-05,-2.3621855056536673e-05,-1.6581097666909105e-05,7.032173077231178e-05,0.021033752964441925,-0.016252096179518005,-6.909081690249312e-12,0.016252096179518005
0.5,-1.15,0.03093655206482647,0.000440335659973007,0.004712786085305509,0.004666556343863551,-1.9301973234261245e-09,9.797116145232238,0.016558392834217377,0.006950568025785572,-0.006953099358598961,-1.873552942045571e-06,-7.184527700904764e-07,-2.2643651909408966e-05,-2.0101196031564326e-05,-1.3430979172924256e-05,6.236980245356558e-05,0.02128827756392949,-0.016558392834217377,-9.129610845404422e-12,0.016558392834217377
0.5,-1.1375000000000002,0.03141543243264162,0.0002998864565198802,0.004633977597124697,0.004601832738035488,-2.573406796415949e-09,9.736725586658617,0.01686199814167831,0.006989114025859259,-0.006991468526024174,-1.7994914477759109e-06,-1.2020126465320824e-06,-1.732059389155192e-05,-1.5236227774134267e-05,-9.83569425860673e-06,4.855885735644281e-05,0.021510105630759176,-0.01686199814167831,-1.1961471402872567e-11,0.01686199814167831
0.5,-1.125,0.03185610203028011,0.00016192687053020427,0.004528928510687262,0.004511222762324812,-3.4278057874711228e-09,9.603445117159122,0.01716146135272338,0.007027770066173305,-0.0070299590625668915,-1.7309243210968792e-06,-1.600810928456675e-06,-1.117397758363222e-05,-9.769416758774764e-06,-6.15734585348136e-06,3.1691806447856565e-05,0.021700291387178237,-0.01716146135272338,-1.5558227860452108e-11,0.01716146135272338
0.5,-1.1125,0.03226059120540286,3.9141529079090364e-05,0.004399469301819663,0.0043951068526678246,-4.557344937192926e-09,9.4019033797219,0.01745546777339426,0.00706652953650094,-0.00706856360372715,-1.667444673300373e-06,-1.916352254781913e-06,-5.1013214088416995e-06,-4.443229460014696e-06,-2.7580368870734193e-06,1.4571560694721622e-05,0.021860266334280648,-0.01745546777339426,-2.0074186420810273e-11,0.01745546777339426
0.5,-1.1,0.032634948551275626,-5.668582600145129e-05,0.004251096479031347,0.004257531597849891,-6.053689332618057e-09,9.145902181803473,0.017742878530432906,0.007105385458338527,-0.007107274500884085,-1.608675736405321e-06,-2.150698241943509e-06,-1.437903717652855e-10,-1.32352382567735e-10,1.2971109207075987e-10,1.0310639516978386e-09,0.021995303802470723,-0.017742878530432906,-2.5742861507090764e-11,0.017742878530432906
0.5,-1.0875000000000001,0.033001951374121805,-0.00011755518012840897,0.004105424077668669,0.004119008629497747,-8.026918654898914e-09,8.88836012462958,0.018023160806937638,0.007144330628204053,-0.00714608395311332,-1.5542680661618274e-06,-2.306469319984089e-06,3.4309939449893475e-06,2.9840925703006902e-06,1.8419028339666009e-06,-9.825416206649101e-06,0.022127208749096287,-0.018023160806937638,-3.2942858987512766e-11,0.018023160806937638
0.5,-1.075,0.03338248313688008,-0.00014777575591645291,0.0039826867622357095,0.004000059935720843,-1.0633924419552737e-08,8.679095913562632,0.018296727112779406,0.007183357539338537,-0.0071849839186601495,-1.5038970283760298e-06,-2.386834202439639e-06,5.289358856066609e-06,4.600401237044837e-06,2.8394386644079602e-06,-1.5147593795716194e-05,0.022276584322342963,-0.01829672711277941,-4.232150076711089e-11,0.01829672711277941
0.5,-1.0625,0.03378025420616818,-0.0001542209306424348,0.0038856553732524103,0.003904091177852824,-1.4063122745699705e-08,8.52634064069917,0.018564435552861778,0.0072224583557421234,-0.007223966079865465,-1.4572605408511584e-06,-2.3954871293004023e-06,5.87117509808824e-06,5.106434057567272e-06,3.1517452077504924e-06,-1.6813859110994733e-05,0.022446823495135396,-0.018564435552861778,-5.459849817861837e-11,0.018564435552861778
0.5,-1.05,0.03419529653227949,-0.000143279316494249,0.0038134943696735446,0.003830901716481571,-1.8581481150659173e-08,8.42948336260527,0.018827107818408875,0.0072616250606312195,-0.007263021983539015,-1.4140770386870999e-06,-2.3366133968269325e-06,5.472666826282564e-06,4.759831441585469e-06,2.9378304693285894e-06,-1.5672569560230185e-05,0.02263767644031077,-0.018827107818408875,-7.080600902116334e-11,0.018827107818408875
0.5,-1.0375,0.03462740138918349,-0.00012091181621870755,0.003765272226696962,0.003780195002156679,-2.4509532850511664e-08,8.387449400953452,0.01908549284502706,0.0073008493166702455,-0.007302142894040547,-1.3740836455046122e-06,-2.2148440081091376e-06,4.390058195877851e-06,3.8182337988168745e-06,2.3567024544766212e-06,-1.2572082551167861e-05,0.02284872459008888,-0.019085492845027058,-9.2235052079681e-11,0.01908549284502706
0.5,-1.0250000000000001,0.035076116211593754,-9.269870661617434e-05,0.0037399573561109384,0.0037515744878098343,-3.229869102655982e-08,8.398690146468336,0.01934026733740674,0.007340122496995561,-0.007341319818011146,-1.3370345245454875e-06,-2.035200638290256e-06,2.9195733621023844e-06,2.5392815389789305e-06,1.5673691685289613e-06,-8.360755491553104e-06,0.023079377083450456,-0.019340267337406736,-1.2076835040186459e-10,0.01934026733740674
0.5,-1.0125,0.035540741012157255,-6.387931110795837e-05,0.003736409747468189,0.0037445352644159325,-4.2490614867386046e-08,8.461167401010664,0.01959203821831471,0.0073794357180335494,-0.007380543531687023,-1.3026994001776082e-06,-1.803032370616686e-06,1.3574364801844087e-06,1.1806150717890539e-06,7.288386168199623e-07,-3.886945789131148e-06,0.023328864859051314,-0.019592038218314702,-1.5878006161772703e-10,0.01959203821831471
0.5,-1.0,0.036018891767746974,-3.938618184090512e-05,0.003751952603775266,0.0037570356894941507,-5.584335913098228e-08,8.568713875566537,0.019841338545444835,0.007418779843486802,-0.007419804580106849,-1.2708622313914604e-06,-1.5239459372324646e-06,-1.2829464773745755e-10,-1.2519303525845262e-10,1.1880468402898026e-10,9.891483525029955e-10,0.02359480820894717,-0.019841338545444825,-2.096063544062081e-10,0.019841338545444835
0.5,-0.9875,0.036501098044015454,-2.284840156810939e-05,0.0037770280465240238,0.003780018680629027,-7.326557988412039e-08,8.69733689142728,0.02008851524670745,0.0074581454883318405,-0.0074590932770078775,-1.2413200254777323e-06,-1.2037313432152437e-06,-9.19496338333079e-07,-7.997446707932777e-07,-4.933846070006891e-07,2.633970935104474e-06,0.023867810062617043,-0.02008851524670743,-2.7689222624066623e-10,0.02008851524670745
0.5,-0.9750000000000001,0.03697866825433889,-1.365005792706278e-05,0.0038027347086630006,0.003804546072870942,-9.602073582820495e-08,8.824548423508208,0.020333643157205566,0.007497522928739201,-0.00749839961126061,-1.213881785816784e-06,-8.482848901358066e-07,-1.4174411514797026e-06,-1.2328320768510089e-06,-7.606753351808486e-07,4.06003727313881e-06,0.024139057138679428,-0.020333643157205532,-3.653986506320593e-10,0.020333643157205566
0.5,-0.9625000000000001,0.03745029885386202,-1.0217335001861752e-05,0.0038276396671672267,0.0038290137749778987,-1.256209757684687e-07,8.946811155855277,0.020576673536242082,0.007536902259783053,-0.007537713401667499,-1.188367579715721e-06,-4.6353162491345953e-07,-1.5733357658629693e-06,-1.368421951591145e-06,-8.443594412593114e-07,4.506504886421428e-06,0.024407130873147595,-0.020576673536242023,-4.811857883015605e-10,0.020576673536242082
0.5,-0.95,0.037916234544243525,-1.1065521343931433e-05,0.0038518359512835854,0.003853343679234604,-1.6415492347064156e-07,9.064495810703125,0.020817568671111293,0.007576273306839766,-0.007577024205979966,-1.1646077228455058e-06,-5.534923664952635e-08,-1.466553213258234e-06,-1.275548835396376e-06,-7.870429866389362e-07,4.20069049891823e-06,0.02467214968927874,-0.02081756867111119,-6.327484520486648e-10,0.020817568671111293
0.5,-0.9375,0.03837851167979069,-1.4789668781440021e-05,0.0038750426743841045,0.0038770837935223085,-2.1411718965402305e-07,9.177010176725487,0.02105737353712659,0.00761562559592333,-0.007616321289332389,-1.142442071076812e-06,3.7050473325513956e-07,-1.176466525440862e-06,-1.0232472686493991e-06,-6.313320327225881e-07,3.3699108345951476e-06,0.024934940791464653,-0.021057373537126417,-8.302538031933313e-10,0.021057373537126594
0.5,-0.925,0.038863326920021785,-2.0038881865382497e-05,0.00388985651768088,0.0038926597223008417,-2.7892989132245485e-07,9.264972940958495,0.021312774467141613,0.007654948452980939,-0.007655593722079279,-1.1217194121978206e-06,8.084606251446394e-07,-7.824487341862133e-07,-6.805517917329086e-07,-4.198326409131287e-07,2.2414826174180984e-06,0.025204850318559752,-0.02131277446714131,-1.0856162942548128e-09,0.021312774467141613
0.5,-0.9125000000000001,0.03939666182152764,-2.5509274546458897e-05,0.0038887420277458717,0.003892364968004731,-3.626698116283622e-07,9.308306384215435,0.021600416282443777,0.007694230911138974,-0.007694830285977393,-1.1022969530070315e-06,1.2531978783380477e-06,-3.638728712696477e-07,-3.164969450295966e-07,-1.951508726134196e-07,1.0427225713529957e-06,0.025491050775296446,-0.021600416282443267,-1.4110156786376858e-09,0.021600416282443777
0.5,-0.8999999999999999,0.03996810872886907,-2.9988451628872983e-05,0.0038746572811487077,0.003878986568379009,-4.70890431655171e-07,9.314550765021393,0.02191350247361795,0.007733461779008335,-0.007734019541787047,-1.0840398926140627e-06,1.6996984892166197e-06,-1.1196846652004618e-10,-1.1726892215229717e-10,1.0721077368059101e-10,9.474203657433176e-10,0.025789766864839622,-0.021913502473617088,-1.8252958123919435e-09,0.02191350247361795
0.5,-0.8875,0.04053843446332248,-3.263252301115386e-05,0.0038608614808172937,0.0038656486953517985,-6.101872073522499e-07,9.318929221456735,0.02222569558360524,0.007772629645818072,-0.007773149834011982,-1.0668210756075225e-06,2.143291818375111e-06,2.4623443682226237e-07,2.1414141087718538e-07,1.3233926852452356e-07,-7.045637845935509e-07,0.02608797010764674,-0.022225695583603804,-2.356710505852622e-09,0.02222569558360524
0.5,-0.875,0.04106671959911198,-3.363704680441668e-05,0.003860299721212103,0.0038653054407986214,-7.894805741598649e-07,9.35626821636163,0.02251006138250737,0.007811722818684507,-0.007812209228052968,-1.0505207171742379e-06,2.5796901351847086e-06,3.796607846936834e-07,3.30188127338065e-07,2.0395784263235926e-07,-1.0866826846382353e-06,0.026371667705229834,-0.022510061382504963,-3.048663176842296e-09,0.02251006138250737
0.5,-0.8625,0.04153910427591141,-3.338831687780406e-05,0.003875088884736554,0.0038801187011798205,-1.0193268510458675e-06,9.432707115067037,0.02275863192089633,0.007850729359262669,-0.00785118554697285,-1.0350261925221261e-06,3.005014624830861e-06,4.2143500961919013e-07,3.6652062810059933e-07,2.2637919576965703e-07,-1.2063185938974966e-06,0.026634991570502586,-0.0227586319208923,-3.951277475154408e-09,0.02275863192089633
0.5,-0.8500000000000001,0.04197856561149071,-3.2198614870062965e-05,0.0038958730662289848,0.003900777590188063,-1.3139001315816245e-06,9.523431305664262,0.022987594259344338,0.007889637157448302,-0.00789006644551056,-1.02023188027148e-06,3.4158118816160244e-06,3.9282504607022865e-07,3.4163666080489966e-07,2.110195906088858e-07,-1.1243808265005176e-06,0.026884755837777,-0.02298759425933761,-5.1204811106975265e-09,0.022987594259344338
0.5,-0.8374999999999999,0.04240954324552838,-3.036092531357369e-05,0.003913008286801935,0.003917683164621246,-1.6899066797353062e-06,9.602481343710188,0.023214010853264994,0.007928433869143811,-0.007928839348314799,-1.006039053099206e-06,3.8090612009610728e-06,3.150988285182441e-07,2.7403397309107673e-07,1.6929528982251375e-07,-9.017786965764791e-07,0.02712836196699281,-0.023214010853253815,-6.6148880939179675e-09,0.023214010853264994
0.5,-0.825,0.04283241614403829,-2.8182464463663113e-05,0.003924443274693622,0.00392882911773338,-2.169613544562119e-06,9.66420277030733,0.023439117570962714,0.007967106885661381,-0.00796749141993422,-9.923558027291554e-07,4.182173218050435e-06,2.0952429143468623e-07,1.8221031259924535e-07,1.126225560830116e-07,-5.994215182545746e-07,0.027364977498280867,-0.023439117570944235,-8.517598872363125e-09,0.023439117570962714
0.5,-0.8125,0.04324616830039246,-2.5959196846589555e-05,0.0039289098620835326,0.003932992227935977,-2.779150826096591e-06,9.705028641409395,0.02366306134816729,0.008005643372921903,-0.008006009604689415,-9.790969931823946e-07,4.532980693193786e-06,9.736936929100053e-08,8.466342696951637e-08,5.2417652062847815e-08,-2.782186056639861e-07,0.027593464128582913,-0.02366306134813693,-1.0923182134084415e-08,0.02366306134816729
0.5,-0.8,0.04365009504491811,-2.3974378922687886e-05,0.0039254477032013724,0.00392925701553915,-3.55308818085687e-06,9.722216676364573,0.023885991030286168,0.00804403034915736,-0.00804438070510089,-9.66184229149566e-07,4.859722368724547e-06,-9.800344136616105e-11,-1.0893615799798437e-10,9.684043449156374e-11,9.207270661013273e-10,0.027812993240602924,-0.023885991030236593,-1.3952985139675268e-08,0.023885991030286168
0.5,-0.7875000000000001,0.0440434048861574,-2.243959782262992e-05,0.003913011104461086,0.003916612982397588,-4.5318026755934466e-06,9.712799013342448,0.02410804882461733,0.008082254584794273,-0.008082591282521694,-9.535458305983474e-07,5.161020990571162e-06,-6.610433541829171e-08,-5.751806322621454e-08,-3.533615639573352e-08,1.899588166578032e-07,0.028022647792637495,-0.024108048824536935,-1.7740190077149127e-08,0.02410804882461733
0.5,-0.7749999999999999,0.04442577272517089,-2.1319282177794142e-05,0.0038910056540918067,0.0038944621952570805,-5.768314356549291e-06,9.67508300113568,0.02432936069101633,0.008120302643712673,-0.008120627699139578,-9.411168050295189e-07,5.4358566701026024e-06,-1.0185390780495275e-07,-8.861137701016622e-08,-5.452777708608611e-08,2.923446032384393e-07,0.02822196002541916,-0.024329360690886807,-2.2453736624930068e-08,0.02432936069101633
0.5,-0.7625,0.044797615881617125,-2.0520194241213896e-05,0.0038595970724867143,0.0038629571589773,-7.324245917339471e-06,9.609486678766212,0.024550037870587363,0.008158160964079042,-0.008158476199524818,-9.288388057725764e-07,5.683536807224898e-06,-1.130454448938494e-07,-9.834533436791403e-08,-6.053700056096973e-08,3.2439867778662657e-07,0.028411211141445725,-0.024550037870380233,-2.8280182565224653e-08,0.024550037870587363
0.5,-0.75,0.04515966861982736,-1.9951759102230262e-05,0.0038192952363059725,0.0038225943573419003,-9.279910592771849e-06,9.517402565558001,0.024770178080926256,0.008195815756230405,-0.008196122809174505,-9.16660070038267e-07,5.903663824793414e-06,-1.0537767097748354e-07,-9.167639215752035e-08,-5.6422805744788886e-08,3.024416312809877e-07,0.028591012878540187,-0.024770178080597217,-3.545700531160882e-08,0.024770178080926256
0.5,-0.7375,0.045512732028988444,-1.9526652992031414e-05,0.00377071107160261,0.0037739712721134426,-1.1728179719872732e-05,9.40053292151611,0.0249898619835709,0.008233253046084061,-0.008233553378515331,-9.04535326485755e-07,6.096101954325657e-06,-8.454931034835649e-08,-7.356100723704718e-08,-4.5244171561947766e-08,2.4279405470014315e-07,0.028762060932796374,-0.024989861983052034,-4.4241027215631445e-08,0.0249898619835709
0.5,-0.7250000000000001,0.04585755663459767,-1.915952091436287e-05,0.0037144448167768574,0.003717674460347904,-1.478918724279796e-05,9.260579090972614,0.025209150373203718,0.008270458644649292,-0.008270753552919275,-8.92425666073268e-07,6.260944285232658e-06,-5.625908729896928e-08,-4.895563646455624e-08,-3.006007693685046e-08,1.6177653902271306e-07,0.028925020317407145,-0.025209150372390982,-5.49546963747097e-08,0.025209150373203718
0.5,-0.7124999999999999,0.04619469920011156,-1.8768017001651667e-05,0.003650946120751686,0.0036541398483951213,-1.860113709017359e-05,9.098850437522016,0.02542808256434758,0.00830741834698937,-0.00830770897207309,-8.802983703296264e-07,6.398481217115307e-06,-2.6205726121822623e-08,-2.2816736698108975e-08,-1.3929500793900823e-08,7.570967522731629e-08,0.02908038394503638,-0.025428082563083876,-6.793695867682267e-08,0.02542808256434758
0.5,-0.7,0.046524381391214835,-1.827129989857955e-05,0.003580374178819665,0.00358351263546975,-2.3341465403649798e-05,8.915870973077748,0.025646675570934408,0.008344117675533268,-0.008344405013588393,-8.681266901624514e-07,6.509171413932073e-06,-8.795110941883166e-11,-1.007647957681976e-10,8.857794249641888e-11,9.140542925763628e-10,0.02922833182678852,-0.025646675568983035,-8.36011055837846e-08,0.025646675570934408
0.5,-0.6875,0.04684654993444914,-1.7606604189467097e-05,0.003502658133570818,0.0035057105810712783,-2.9213245924888614e-05,8.711536046570957,0.02586492559889849,0.008380542079840765,-0.008380826992948296,-8.558895725025095e-07,6.593616236753037e-06,1.7599796610935566e-08,1.528324506689801e-08,9.58161806476139e-09,-4.9738684342735165e-08,0.029368792157080086,-0.025864925595908243,-1.0235931545215196e-07,0.02586492559889849
0.5,-0.675,0.047160640300866204,-1.6771266850512355e-05,0.003417266310951809,0.003420200739715314,-3.6475247932782193e-05,8.484459463570788,0.026082810056575853,0.00841667679115792,-0.008416960018130736,-8.435713308539914e-07,6.652538587022545e-06,2.718020857271084e-08,2.3615949444295014e-08,1.4722829232610218e-08,-7.71727073992365e-08,0.029501209554230596,-0.026082810052027866,-1.246869692102549e-07,0.026082810056575853
0.5,-0.6625000000000001,0.04746553323580686,-1.5778997336035315e-05,0.0033231545170089565,0.0033259405189924682,-4.542212106392319e-05,8.231829499250564,0.02630028683124625,0.008452507028125078,-0.008452789195260324,-8.311612578933876e-07,6.686766997004615e-06,3.0180259474571705e-08,2.6225427573321753e-08,1.6331858822583167e-08,-8.576113313739393e-08,0.029624495769566266,-0.026300286824387845,-1.509926208381472e-07,0.02630028683124625
0.5,-0.6499999999999999,0.04775958654595334,-1.4643217003369479e-05,0.0032187959557186457,0.0032214047611639355,-5.6426511311870676e-05,7.94948931303057,0.026517293606840416,0.008488017851130403,-0.008488299482794488,-8.186531781869383e-07,6.697225834530182e-06,2.8126924015182864e-08,2.4439758690877174e-08,1.5228354211220493e-08,-7.98770798176738e-08,0.029737059756683337,-0.026517293596588838,-1.8168017107568987e-07,0.026517293606840416
0.5,-0.6375,0.048022998116640014,-1.3409236650682344e-05,0.0030845209253351318,0.0030869312233957023,-6.991061872425492e-05,7.58281092769921,0.02673375808134294,0.008523194171172699,-0.008523475700100966,-8.060449428962692e-07,6.684932622753417e-06,2.2547176893209104e-08,1.9587022033860313e-08,1.2231962775062518e-08,-6.389366570054259e-08,0.029819160477501272,-0.02673375806626305,-2.1570239052872762e-07,0.02673375808134294
0.5,-0.625,0.04818997220665292,-1.2237526716177121e-05,0.002854625589376733,0.002856844705125089,-8.640437913116254e-05,6.948890746163525,0.02694962299893699,0.00855802096354632,-0.008558302740757133,-7.933378627818763e-07,6.651003880283248e-06,1.496799280731518e-08,1.2995296839170157e-08,8.162331890649534e-09,-4.218400904646691e-08,0.02980504838436965,-0.0269496229776192,-2.4672125758366873e-07,0.026949622998937
0.5,-0.6125,0.04824590921942695,-1.1293960132769758e-05,0.002514626212806731,0.0025166921152904157,-0.00010650529157151046,6.007024611965893,0.027164818562041237,0.008592482956203044,-0.008592765260422387,-7.80536079938346e-07,6.59667169158409e-06,6.9163464561658474e-09,5.992662343705669e-09,3.839108934521816e-09,-1.9121228115913097e-08,0.029680182484328944,-0.027164818533508515,-2.678995679517107e-07,0.027164818562041237
0.5,-0.6000000000000001,0.048234616205960486,-1.065577578737819e-05,0.002108607503056796,0.0021105734947850577,-0.00013095760987692813,4.8796870771323055,0.027379198005181016,0.008626564925673848,-0.008626847972181266,-7.676458712414826e-07,6.523314565146934e-06,-8.078746157416216e-11,-9.280221563416696e-11,8.194128321965399e-11,9.215588306523928e-10,0.029488505595009797,-0.027379197969006612,-2.762298804592409e-07,0.027379198005181016
0.5,-0.5874999999999999,0.04822617009887243,-1.0274429210913588e-05,0.0017071089304443326,0.0017090207183628043,-0.00016059654745312316,3.763432352405866,0.027592527304159998,0.008660251546766503,-0.008660535495574741,-7.546748719879311e-07,6.432508191113396e-06,-4.819120702251011e-09,-4.213673535252455e-09,-2.4627363810199705e-09,1.4495376596604317e-08,0.02930031716850353,-0.02759252726011396,-2.742651559890086e-07,0.027592527304159998
0.5,-0.575,0.048282345815760845,-9.977460750766146e-06,0.0013724667814146248,0.0013743389099638138,-0.0001964543738189885,2.832344651673157,0.027804526640485137,0.008693527487922934,-0.008693812451205934,-7.41631197822686e-07,6.32610434168851e-06,-7.385110842254066e-09,-6.445152044760262e-09,-3.841340153173025e-09,2.1847822240680863e-08,0.029177658300159157,-0.027804526587490053,-2.697577203722883e-07,0.027804526640485137
0.5,-0.5625,0.04843245322005792,-9.560143188783753e-06,0.0011345378762731963,0.0011363465410637126,-0.0002396842684388239,2.170166576364757,0.02801492480109689,0.008726377425886247,-0.008726663474566564,-7.285224291899455e-07,6.206349076573792e-06,-8.187901912983872e-09,-7.143094107070968e-09,-4.273498822518923e-09,2.415063588546217e-08,0.029150096226867095,-0.028014924735882938,-2.720827327383878e-07,0.02801492480109689
0.5,-0.55,0.04867022041612038,-8.874497233728528e-06,0.0009875066028025806,0.0009891992132076463,-0.0002917000487129303,1.7611414074450642,0.02822349375240098,0.008758785932324606,-0.008759073101723905,-7.153544133120593e-07,6.076053557142839e-06,-7.636637945840863e-09,-6.663356085097868e-09,-3.978841178337022e-09,2.2575557653528073e-08,0.029211573706926175,-0.028223493668326327,-2.882229708672693e-07,0.02822349375240098
0.5,-0.5375000000000001,0.048966613711499296,-7.888811292847162e-06,0.0009026957213301842,0.0009042123661171181,-0.00035407409336207335,1.5255702871603591,0.028430050495087837,0.008790737743390804,-0.008791026037840719,-7.021298191326957e-07,5.9388304425268e-06,-6.140462972225481e-09,-5.361794341754246e-09,-3.176996009906676e-09,1.82943276674584e-08,0.029333227633388956,-0.028430050381857908,-3.197916263893208e-07,0.028430050495087837
0.5,-0.5249999999999999,0.049287358348618,-6.685587947425597e-06,0.0008461233634470991,0.0008474187786729173,-0.00042871780121391234,1.3687461516023265,0.028634438795357566,0.008822217432851309,-0.008822506829161652,-6.888463965476698e-07,5.799403528107489e-06,-4.108521023538112e-09,-3.5942652399533546e-09,-2.087592106507216e-09,1.2478686049832855e-08,0.029480928017309664,-0.028634438639773732,-3.629049979865786e-07,0.028634438795357566
0.5,-0.5125,0.049607716310818374,-5.402066164778246e-06,0.0007933300376908227,0.0007943848204725411,-0.0005177473051914982,1.2223902152103427,0.02883650764062779,0.00885320977066508,-0.008853500220368968,-6.754949069729313e-07,5.663984846195745e-06,-1.94995613117928e-09,-1.7166251426085554e-09,-9.302582574180401e-10,6.300372923231509e-09,0.029630078073860564,-0.028836507427901496,-4.108689532859187e-07,0.02883650764062779
0.5,-0.5,0.04991747155416854,-4.148017345941075e-06,0.0007343925147610009,0.0007352085570510008,-0.0006237113275382494,1.0587485844563522,0.029036100943653914,0.008883699480003206,-0.00888399091037136,-6.620567657865549e-07,5.5406896433772405e-06,-7.391232654938386e-11,-8.4730412633108e-11,7.537674808151286e-11,9.311284102340934e-10,0.02977060992209889,-0.029036100657918302,-4.5812157003468013e-07,0.029036100943653914
1.285,-2.1,0.07848552985709692,-1.0,0.05969423124186867,0.07848552985709692,2.148462123772825e-56,1.7483935327565705,0.007480120047694017,-0.003630157213147696,-0.0079702065033053,-0.004697824653807064,0.013125780559232532,0.0,0.0,0.0,0.0,0.06496963688072382,-0.007480120047694017,1.235140494297648e-57,0.007480120047694017
1.285,-2.0875,0.07720969894085214,-1.0,0.05883915778590671,0.07720969894085214,-9.913738372135246e-43,1.7907782677845359,0.008787976682708679,-0.0032678563772200395,-0.007853884891154852,-0.0045997950275082165,0.01130761052931199,-1.1318976678877851e-05,-3.4846083167390826e-06,-7.159738771860524e-06,-9.833561749876086e-08,0.06570546736270881,-0.008787976682708679,-5.642651113999674e-44,0.008787976682708679
1.285,-2.075,0.07654774537958259,-1.0,0.0587726854363472,0.07654774537958259,-8.443435033156654e-56,1.8739303449498896,0.010116017391639245,-0.0029149369936143426,-0.007732683181245899,-0.004495520407392496,0.009588972287708756,-8.179323519776927e-05,-2.53207460115599e-05,-5.175542158364925e-05,-1.2242270665621777e-06,0.06723572660595324,-0.010116017391639245,-4.822865538638598e-57,0.010116017391639245
1.285,-2.0625,0.07746209830671065,-0.5704022900350039,0.059180232273026885,0.07609398332841544,3.766792846576974e-42,1.984653612769549,0.011462614441895811,-0.002573696165578039,-0.007607473122857712,-0.004385323524992894,0.007976248346901794,-0.0002477136774044633,-7.705987083079844e-05,-0.0001568857611457575,-5.487362642319577e-06,0.06924332650241648,-0.011462614441895811,2.1764797285969314e-43,0.011462614441895811
1.285,-2.0500000000000003,0.08081306739620042,-0.3324077498413411,0.05978310315676509,0.07553364017939222,2.6989266941541894e-55,2.1100990003600995,0.012825782989807832,-0.0022462827664043437,-0.007479078895053137,-0.0042695014677836055,0.006474346669530697,-0.0005232604875699415,-0.0001634951528773904,-0.00033186721212682187,-1.5839982408506563e-05,0.07144554863687634,-0.012825782989807832,1.5821045030993595e-56,0.012825782989807832
1.285,-2.0375,0.08449925813470116,-0.2203401300916858,0.06034447174084522,0.07463982882610792,-1.4309787948204453e-41,2.2381733926435934,0.014203277053287952,-0.0019346302908011133,-0.007348266751628431,-0.004148317773015804,0.005086705079529613,-0.0009041162471641162,-0.00028365372515543085,-0.0005744785017001264,-3.5588359317178013e-05,0.07360030026665454,-0.014203277053287952,-8.499588069378533e-43,0.014203277053287952
1.285,-2.025,0.08796355299352615,-0.1534567463433263,0.060665037508991125,0.07325957955525036,5.149388742787117e-55,2.3574614350480565,0.015592484778610832,-0.0016403665628790876,-0.0072157379664130284,-0.004021996747916179,0.0038153070206607817,-0.0013714431781087575,-0.00043198174361820505,-0.0008733612363513684,-6.784121338643929e-05,0.07550211370316644,-0.015592484778610832,3.084979687686601e-56,0.015592484778610832
1.285,-2.0125,0.09094835932691973,-0.10841396878901464,0.06057537474990511,0.0712962125021339,5.434661929656409e-41,2.456962117763987,0.016990076315476256,-0.0013646927235897318,-0.0070821254821917335,-0.0038907213173650966,0.0026607006712889513,-0.0018960479512525935,-0.0005996301905294559,-0.001210511879307898,-0.00011496310946661609,0.07697472987749635,-0.016990076315476256,3.259963130771393e-42,0.016990076315476256
1.285,-2.0,0.09329255885451143,-0.07604278502074795,0.05993379069090634,0.0686971159448454,-1.771012187858319e-54,2.526112577086741,0.018391424888696453,-0.001108221715765175,-0.006947996087587144,-0.0037546361216499635,0.0016220126236300778,-0.0024425790487259806,-0.0007757658696095944,-0.0015638048081651982,-0.00017809831373774852,0.07786900532155558,-0.018391424888696453,-1.0533551985091699e-55,0.018391424888696453
1.285,-1.9875,0.09489518724655677,-0.05202351612968191,0.058636302739233766,0.0654537727528264,-2.0632075621288592e-40,2.555559658115634,0.01979013383973009,-0.0008707686592974983,-0.006813858583959563,-0.003613858080900137,0.0006969473326846289,-0.0029736232207449444,-0.0009488485561004811,-0.001909490577501976,-0.0002568280086937266,0.07807301611934854,-0.01979013383973009,-1.2024968346197489e-41,0.01979013383973009
1.285,-1.975,0.09572193355228788,-0.034029687119201096,0.0566390785665692,0.06161459555515036,-1.6690406627377206e-53,2.5388484906868434,0.02117795119791528,-0.0006510875390876194,-0.006680180154823779,-0.0034684971736367565,-0.00011823484026319002,-0.003453589129347682,-0.001107831779544633,-0.002224617926491467,-0.0003490211909809153,0.07753494147375598,-0.02117795119791528,-9.406210839989243e-55,0.02117795119791528
1.285,-1.9625000000000001,0.09582773333399282,-0.020648951759991225,0.053987233991075696,0.05730466631696029,7.8289025127245e-40,2.47480746123666,0.022545490899580068,-0.00044655845596415717,-0.0065474117819317975,-0.003318690568202946,-0.0008287635570654714,-0.003852287823458456,-0.0012432612317364493,-0.0024893324867317976,-0.000450937001071504,0.07629301987089701,-0.022545490899580068,4.2078416461627615e-41,0.022545490899580068
1.285,-1.9500000000000002,0.09537892263315402,-0.010913395921312134,0.050838969749873564,0.052741544604219204,-2.807172442990319e-53,2.3700199086625373,0.023883724397913156,-0.00025284559037293703,-0.006416024134837214,-0.003164653274320817,-0.0014414222583537752,-0.0041481412415869875,-0.0013482613069652402,-0.002689009560734408,-0.0005576336583643367,0.07450151439830163,-0.023883724397913156,-1.4209286521416148e-54,0.023883724397913156
1.285,-1.9375,0.09464311198286725,-0.004071417851613934,0.04745565209154721,0.048217911965369266,-2.968977945011525e-39,2.2393389404281985,0.025185909713707138,-6.357375090323061e-05,-0.006286554272778145,-0.003006747725180645,-0.0019646087337450643,-0.004330971490383865,-0.0014194167963317648,-0.002816182756725131,-0.0006637365999184206,0.07242295200519963,-0.025185909713707138,-1.4024573675101788e-40,0.025185909713707138
1.285,-1.925,0.09389376578886481,0.0005349759023957691,0.044109022906816016,0.044002374277449845,-7.835695058748819e-53,2.1005490215713225,0.02644820350569672,0.0001298879326750166,-0.006159661302366558,-0.002845572523286796,-0.0024083497971480895,-0.004404345199185076,-0.0014575732725819873,-0.00287223468062834,-0.0007646158456367616,0.07033604719990517,-0.02644820350569672,-3.4389175997384973e-54,0.02644820350569672
1.285,-1.9125,0.09492588801722943,0.0035412336185364148,0.04256174754736188,0.041814731580531485,1.125190875866018e-38,2.0824638612165414,0.027689198842916665,0.0003383976968015314,-0.006036186924226898,-0.0026820663096127958,-0.002784200172929359,-0.004387468802591591,-0.0014685962165638113,-0.002868820301320396,-0.0008580200373306928,0.07003571419859339,-0.027689198842916665,4.764791270292767e-40,0.027689198842916665
1.285,-1.9000000000000001,0.09705752449052482,0.005602605684608508,0.04210043009042323,0.04085490105245217,1.5827764530736498e-51,2.1441177352130985,0.028936231656655202,0.0005745835286728848,-0.00591721172781384,-0.0025176157609615437,-0.003104929354206203,-0.004316652155042278,-0.0014641454510744838,-0.002828998020454312,-0.0009462120237072433,0.07085206663506871,-0.028936231656655202,6.634339661475377e-53,0.028936231656655202
1.285,-1.8875000000000002,0.0982454894832111,0.007307462083038936,0.040734499897234044,0.039028622213383685,-4.261164471972998e-38,2.1402807735211407,0.030179280651238465,0.0008517555788131331,-0.0058040927305813795,-0.0023541471362891844,-0.00338388888677474,-0.0042347366292883985,-0.0014583087117261842,-0.0027806165572517747,-0.0010358541516175008,0.07080154989579367,-0.030179280651238465,-1.7309817047582003e-39,0.030179280651238465
1.285,-1.875,0.09894378671538083,0.008780352185385792,0.03896049853903605,0.036816312851462016,2.0425990776305744e-51,2.1053604688905305,0.03139534202570998,0.0011820463578293616,-0.00569846292631976,-0.002194170193083411,-0.003633978803201162,-0.0041504879517306826,-0.0014531507867947342,-0.002730216614976919,-0.0011286763713362503,0.07037096989099403,-0.03139534202570998,7.961158152770172e-53,0.03139534202570998
1.285,-1.8625,0.0994992361113251,0.01001258152097075,0.037123903647416696,0.03457496384325889,1.6124552395692062e-37,2.0656239577736106,0.03257835242689374,0.001573814757650776,-0.005602170609921578,-0.0020407356439052136,-0.0038662211521542037,-0.004062607947707675,-0.001447145584008778,-0.0026779705949446656,-0.001224478980936864,0.06990918385167719,-0.03257835242689374,6.019429472836685e-39,0.03257835242689374
1.285,-1.85,0.09993313467493994,0.010988102461306543,0.03523608038604385,0.032328952299576205,1.381247293323666e-50,2.021935256677248,0.03372797892926229,0.0020286689763340565,-0.005517141767115377,-0.0018972688768530161,-0.004088111552795915,-0.003969798442557907,-0.0014387670110969561,-0.002624050898469929,-0.0013230622784927196,0.06943058793494586,-0.03372797892926229,4.931413205369358e-52,0.03372797892926229
1.285,-1.8375000000000001,0.10027255009577865,0.01169046381791586,0.03331695353538603,0.03011147667972739,-6.0965365728473975e-37,1.9752469602546632,0.03484487040101403,0.002538857590862054,-0.005445163275608116,-0.0017672607129529702,-0.004302126670291226,-0.0038707612616199235,-0.0014264889757879132,-0.0025686299268676297,-0.0014242265620771943,0.06895003006123251,-0.03484487040101403,-2.0792335319132173e-38,0.03484487040101403
1.285,-1.8250000000000002,0.10055195356034557,0.01210891264386729,0.03139692050112599,0.027964734654011034,2.9517356256552375e-50,1.9265983619049716,0.035931204204950336,0.0030860698879337386,-0.005387611068997253,-0.0016538336196739423,-0.0045049253761769645,-0.003764198230232259,-0.001408785385810291,-0.0025118800814526816,-0.0015277721297636622,0.06848347421749788,-0.035931204204950336,9.608569509198527e-52,0.035931204204950336
1.285,-1.8125,0.1008136824871887,0.012244081410174726,0.029518411075003796,0.025939526884379956,2.3030202612364523e-36,1.8773321110679282,0.03699027229731111,0.0036426156074265245,-0.005345177568983393,-0.0015592527158840436,-0.004687760575243862,-0.00364881117373345,-0.0013841301488927312,-0.002453973763540004,-0.0016334992796255025,0.0680496206380723,-0.03699027229731111,7.15303085295738e-38,0.03699027229731111
1.285,-1.8,0.10109926407769569,0.012111508001500577,0.027725750882931062,0.02408340090378539,2.823510274637677e-50,1.8284686656978582,0.03802661237525551,0.004175340957421409,-0.005317673586511104,-0.0014844958796580972,-0.004838319569580586,-0.0035233019174620373,-0.0013509971727638773,-0.002395083374444514,-0.001741208309736086,0.06766315472974996,-0.03802661237525551,8.36790818426498e-52,0.03802661237525551
1.285,-1.7875,0.10133633367343675,0.011698237337049033,0.025849213522669477,0.022232832871902,-8.691961390117969e-36,1.780064803331883,0.03904383318489938,0.004850171052595355,-0.0053052544748415234,-0.0014312854888871248,-0.005043769637475778,-0.003387746724107305,-0.0013092294152087488,-0.002335380651578994,-0.0018506767912791979,0.067326749099255,-0.03904383318489938,-2.4583401312753205e-37,0.03904383318489938
1.285,-1.7750000000000001,0.10159079203883489,0.01092451642305984,0.024002210937046763,0.02053642967840471,-1.0889268604593171e-48,1.7309102170739163,0.04004346499115523,0.005516677166665049,-0.005312448227815518,-0.0014085893620871663,-0.005234969834186896,-0.0032477196057615217,-0.0012641460342378652,-0.002275034676747679,-0.001961591387880248,0.06702887987772987,-0.04004346499115523,-2.9385143110629845e-50,0.04004346499115523
1.285,-1.7625000000000002,0.10196424024387414,0.009930395377880142,0.02242568985508167,0.01920259751801863,3.277422923752053e-35,1.678418786930088,0.04102468150208275,0.005905727706112899,-0.005333597325250354,-0.001408440783586913,-0.005277510031454182,-0.0031101690118677037,-0.0012224352379181255,-0.0022142138678526726,-0.0020736160362750515,0.06674355981928126,-0.04102468150208275,8.4291641369976e-37,0.04102468150208275
1.285,-1.75,0.10240926580153353,0.00886549460915529,0.021080497048231717,0.01814459226160028,-1.436657248994534e-48,1.619779919962924,0.041984320244945375,0.006034095996629686,-0.005361529427121042,-0.001419110446138217,-0.005178732460716111,-0.0029820433918688683,-0.0011907852343164282,-0.0021530866427960757,-0.002186414673199427,0.06644226009555532,-0.041984320244945375,-3.513767658185106e-50,0.041984320244945375
1.285,-1.7375,0.10280249833606706,0.007880310331123495,0.02012934089910388,0.017481818160177357,-1.2346196592080193e-34,1.5791016277678716,0.04276870776284243,0.00596238154269476,-0.005390288550160477,-0.0014299407347483607,-0.004968343009593703,-0.002870291195208033,-0.00117588423149967,-0.002091821419479992,-0.002299651235389187,0.06619255571172503,-0.04276870776284243,-2.8919543171989892e-36,0.04276870776284243
1.285,-1.725,0.10232799263372483,0.007453295533820934,0.023375949371456584,0.020986654209002528,-1.01996761749547e-47,1.9985687676329862,0.041048261446115335,0.005777734961028955,-0.005416002769947802,-0.0014332628251930077,-0.004690287912517001,-0.0027818608713282155,-0.0011844204375347487,-0.0020305866158065213,-0.002412989659580149,0.06755757673628901,-0.041048261446115335,-2.703864315795468e-49,0.041048261446115335
1.285,-1.7125000000000001,0.10038912150165265,0.008135853800178488,0.03460768276564008,0.032431666629162095,4.6463579726888994e-34,3.367104591127161,0.034605911074281244,0.005574750612426915,-0.0054372041078603805,-0.0014255466155582697,-0.004393414648280716,-0.0027237008696724295,-0.0012230820604885633,-0.0019695506496777665,-0.0025260938825081287,0.07220991520640986,-0.034605911074281244,1.7472166440434213e-35,0.034605911074281244
1.285,-1.7000000000000002,0.09742033499560221,0.010775071233466514,0.05190641966071575,0.04990178962023838,-3.18869280609378e-47,5.5410135001975185,0.024590963091174357,0.005439982570261201,-0.005454688203550709,-0.0014077244288764857,-0.004123662900937354,-0.0027027596396836926,-0.00129855730842801,-0.0019088819389958282,-0.0026386278409089425,0.07948167904647362,-0.024590963091174357,-1.7502963108799982e-48,0.024590963091174357
1.285,-1.6875,0.09438752337818544,0.017325225606746566,0.06853209158905979,0.06667654839059489,-1.746885915703452e-33,7.763152267718498,0.014832156917961135,0.0054427012682864715,-0.005471093618430323,-0.0013848509621555624,-0.0039191772696435985,-0.0027214592177586283,-0.001413016155341906,-0.0018487367617717873,-0.0027502471802534683,0.08654255993074515,-0.014832156917961135,-1.252698930324508e-34,0.014832156917961135
1.285,-1.675,0.09204866862291727,0.028060032393941475,0.07775149154126813,0.07605278025196906,-1.220360007161765e-46,9.177037074357024,0.009088088453159839,0.005532540058876436,-0.005490066543977283,-0.0013645450141278768,-0.0037585246325509414,-0.002764115988108274,-0.001550555638906727,-0.0017892228364526437,-0.0028605743809528134,0.09034736949169259,-0.009088088453159839,-9.91655767901437e-48,0.009088088453159839
1.285,-1.6625,0.09053019472189935,0.028971656626183402,0.07791863335764668,0.07636860956517655,6.561193344689285e-33,9.469961423868934,0.008316948513141086,0.005484841465358077,-0.005509781660015973,-0.0013429297934768394,-0.003529700274384355,-0.0028105199218972756,-0.0016907545627208708,-0.0017304357415943749,-0.002969223632153148,0.08993690426451295,-0.008316948513141086,5.35524310469735e-34,0.008316948513141086
1.285,-1.6500000000000001,0.08929240967704608,0.02129653032411446,0.07333048576301256,0.07191093206719935,-3.039651350542815e-46,9.136135242224,0.01007355684651642,0.005450728751063316,-0.00552922165439652,-0.0013175826317996576,-0.0033088682238393077,-0.002840460990290275,-0.0018131917303827333,-0.0016724710557529583,-0.003075809123000644,0.08726942557896217,-0.01007355684651642,-2.3464852664890454e-47,0.01007355684651642
1.285,-1.6375000000000002,0.08876341854714946,0.016234248298213367,0.06931481461683524,0.06800985458885762,-2.4618506465759625e-32,8.842361844164257,0.011914618821254896,0.005431097948442143,-0.005548713358654763,-0.0012891843504899709,-0.0030977624963204175,-0.00283372916445192,-0.0018974459454907118,-0.0016154243574843716,-0.003179945042641472,0.08519051312383133,-0.011914618821254898,-1.803943077672297e-33,0.011914618821254898
1.285,-1.625,0.08919226830566174,0.012847306764921844,0.06636607761903891,0.06516232607539028,-1.508899002015918e-44,8.655440800240111,0.013726883219992665,0.005425240451785732,-0.00556855964855578,-0.0012584533394324358,-0.0028971429942586738,-0.002770114415546853,-0.0019230960116432016,-0.001559391225344592,-0.0032812455802218045,0.08404097629762727,-0.013726883219992665,-1.0609686487249722e-45,0.013726883219992665
1.285,-1.6125,0.08983329680067931,0.01042427206528865,0.06368098141320598,0.06256741068852674,9.22774170558066e-32,8.465393451921123,0.015548828208697305,0.005431577944147089,-0.005589015325381681,-0.001226074556719788,-0.002707161809199724,-0.0026294067147397187,-0.0018697207324385985,-0.0015044672378895986,-0.0033793249248878056,0.08301471432550739,-0.015548828208697305,6.225577710240436e-33,0.015548828208697305
1.285,-1.6,0.09037948491780161,0.008611703071081089,0.06092395791450589,0.05989160482940148,-2.1031026451486803e-43,8.219116183933593,0.01740451427808596,0.00544817790358988,-0.00561027833937756,-0.0011926597023992663,-0.002527629103805557,-0.0023913960331951633,-0.001716898911475299,-0.0014507479736753685,-0.0034737972657856477,0.08175849015892242,-0.01740451427808596,-1.3534301690082152e-44,0.01740451427808596
1.285,-1.5875,0.090832009881651,0.007213639582673437,0.05809287899473692,0.057134427865389026,-3.4552437855107425e-31,7.910305068403906,0.01930122841417426,0.005473079936127309,-0.005632490739546667,-0.0011587297827100058,-0.0023581898701981194,-0.002044367048922746,-0.001452678537686598,-0.001398342565046979,-0.00356420652534973,0.08025251662742722,-0.01930122841417426,-2.1060155981771647e-32,0.01930122841417426
1.285,-1.5750000000000002,0.09120659522663767,0.006112417578900438,0.05521626996177323,0.054325461672063466,-3.0107518078860725e-42,7.54710466944905,0.021221256068073086,0.005504478917560373,-0.0056557445828293775,-0.0011247122870784673,-0.0021984318261620917,-0.0016105832673117524,-0.001098984341345427,-0.0013474143595059098,-0.0036498155591673494,0.07855042382837961,-0.021221256068073086,-1.7260389547894678e-43,0.021221256068073086
1.285,-1.5625,0.09152629338997419,0.005232912138806788,0.05234532990411921,0.051516556645693774,1.292430227681975e-30,7.14461789414468,0.02313500884311689,0.005540810319417562,-0.005680090062623564,-0.0010909469437363753,-0.0020479449851008424,-0.0011208029005963405,-0.0006862102380595859,-0.0012981402583427358,-0.00372981695611404,0.07673368551347332,-0.02313500884311689,6.927254989252131e-32,0.02313500884311689
1.285,-1.55,0.09181158432995508,0.004523109068321344,0.04952664899094452,0.04875464355753543,-4.1864537891553756e-41,6.718614219742229,0.02501395619634733,0.005580774267657348,-0.005705544030604535,-0.0010576958044957619,-0.0019063498890592382,-0.0006057841610107215,-0.0002447501434369131,-0.001250697162848036,-0.0038034033050653223,0.07488036701208775,-0.02501395619634733,-2.0876342451113506e-42,0.02501395619634733
1.285,-1.5375,0.09207926090281573,0.003946488834284806,0.046801467516572146,0.04608103918821363,-4.8292316443897414e-30,6.285312757828265,0.026830428345906352,0.005623324624383795,-0.005732097737665805,-0.0010251548922227602,-0.0017733070274990061,-9.628526078907674e-05,0.00019500202691477572,-0.0012052619743123888,-0.0038697671948967273,0.07306419181889152,-0.026830428345906352,-2.232735536029705e-31,0.026830428345906352
1.285,-1.525,0.09234268270583304,0.003477108146663112,0.04420619761581922,0.04353201429239982,-5.823787605233618e-40,5.861350750077996,0.028557475999715226,0.005667641028961846,-0.005759723652413062,-0.0009934657631715193,-0.0016485159244960413,0.0003769355878344138,0.0006026523573876661,-0.0011620115940263697,-0.003928101214483782,0.07135491138515145,-0.028557475999715226,-2.492431737334901e-41,0.028557475999715226
1.285,-1.5125000000000002,0.09261187097833962,0.00309639003416118,0.041772854166796436,0.041139266874636066,1.8025681713075207e-29,5.4637368224880625,0.030168698267487606,0.0057130944769523025,-0.005788380916889037,-0.0009627261002404652,-0.0015317092662688035,0.0007831201726255385,0.0009478069323739164,-0.001121122923280559,-0.003977597952702014,0.06981854524326767,-0.030168698267487606,7.147155215575489e-31,0.030168698267487606
1.285,-1.5,0.09289487369755953,0.0027909888229209695,0.039530614979831555,0.03893151930941981,-8.084428635411724e-39,5.109998394858344,0.03163814248556499,0.005759212966986301,-0.005818019830118152,-0.0009329989457625956,-0.0014226452292846919,0.0010915102813501376,0.0012000718362657299,-0.0010827728633655313,-0.00401744999842695,0.06851882064944295,-0.031638142485565,-2.9815921064145875e-40,0.031638142485565
1.285,-1.4875,0.09319737822619112,0.002549039710620836,0.03748835402439172,0.036917429053469154,-6.721286675621485e-29,4.812171285641059,0.032953273396662375,0.005805650050057761,-0.005848585176637966,-0.0009043204818137082,-0.0013210997284976243,0.0012803261337769641,0.0013379209747479725,-0.0010470517245443507,-0.004047017510781423,0.06749498270048768,-0.032953273396662375,-2.321647304969917e-30,0.032953273396662375
1.285,-1.475,0.09352850168396849,0.002355464532014289,0.03564081104162887,0.035092822940317465,-1.1239442659281249e-37,4.568255283292901,0.034128075911915474,0.00585215777701636,-0.0058800187661249784,-0.0008767064276421635,-0.0012268594122090417,0.0013637016776866422,0.0013752995386763468,-0.0010137034529700134,-0.004066330929877481,0.06672803069741703,-0.034128075911915474,-3.664053225068062e-39,0.034128075911915474
1.285,-1.4625,0.09389529606315924,0.0021966287354547964,0.03396349009270623,0.03343457728601551,2.5036294572639916e-28,4.369419180614221,0.03518956322982282,0.005898564379146948,-0.005912261442073319,-0.0008501572020953214,-0.0011397157062323405,0.0013647492928627488,0.0013350205401992526,-0.0009823854037679998,-0.00407558826607448,0.06617513002319532,-0.03518956322982282,7.757637777390834e-30,0.03518956322982282
1.285,-1.4500000000000002,0.09430305411029355,0.002061763579331099,0.03243114187397739,0.03191877025277709,-1.5634119309196803e-36,4.205914758775666,0.03616425640118656,0.005944755950790792,-0.0059452542750793895,-0.0008246620267637166,-0.0010594599435325021,0.0013065813590888656,0.001239896991465095,-0.0009527549320637926,-0.00407498752973177,0.06579223578972124,-0.03616425640118656,-4.6320736465077487e-38,0.03616425640118656
1.285,-1.4375,0.09475749962683036,0.0019421042808659107,0.031019915841105496,0.0305228468590498,-9.316684974748577e-28,4.067481389610553,0.03707820288255619,0.005990662193996142,-0.005978939665328032,-0.0008002021474689462,-0.0009858794728498511,0.0012123102561485666,0.001112741904622269,-0.0009244693929828711,-0.004064726731208712,0.06553625460053111,-0.03707820288255619,-2.651347028514748e-29,0.03707820288255619
1.285,-1.425,0.09526482844689792,0.001830336297050693,0.029707287939851102,0.02922555670966005,-2.1761517532650213e-35,3.943387100782843,0.03795703261281939,0.00603624513150636,-0.006013261969207926,-0.0007767533341029541,-0.0009187546058563132,0.0011050483638254337,0.0009763682918191809,-0.0008971861416507166,-0.004045003880864652,0.06536502144422877,-0.03795703261281939,-5.964394294893966e-37,0.03795703261281939
1.285,-1.4125,0.09583169327598352,0.0017202420363084542,0.028471963838363097,0.028006864896666143,3.463790165017845e-27,3.822463273657177,0.038825998380996554,0.006081490453657037,-0.006048167976706066,-0.0007542877977685721,-0.0008578562567574132,0.001007908061903044,0.0008535891652042307,-0.0008705625331928106,-0.0040160169890589474,0.06523723799835487,-0.038825998380996554,9.148299203253544e-29,0.038825998380996554
1.285,-1.4,0.0964594439210923,0.0016064808369028712,0.027288134540815637,0.026842213432277367,-3.0308031703211545e-34,3.6920990319464204,0.03970996773467322,0.006126400852988716,-0.006083607168180707,-0.0007327756456000659,-0.0008029441455279406,0.000944001730164976,0.0007672175369258181,-0.0008442559227346334,-0.003977964066150953,0.06510671613893694,-0.03970996773467322,-7.697254557949122e-36,0.03970996773467322
1.285,-1.3875000000000002,0.09714478117683117,0.0014888991119597762,0.02613909752540388,0.02571495425524601,-1.2866936143725548e-26,3.543217138416373,0.040623574586277564,0.0061709909826200456,-0.006119531871281008,-0.0007121859698057923,-0.0007537654735774652,0.0009294249954532797,0.0007334461019924447,-0.000818221787345259,-0.003930339262987476,0.06493918849049582,-0.040623574586277564,-3.1286745140106126e-28,0.040623574586277564
1.285,-1.375,0.0978779406976977,0.0013839789945635855,0.02501502936813465,0.024610547599283154,-4.223628588242781e-33,3.377514732552471,0.04156133167098764,0.0062152838300237115,-0.006155897500671954,-0.0006924876496552509,-0.0007100540033356817,0.0009522064728438803,0.0007419862868529938,-0.0007936080918681241,-0.0038698212923651523,0.06473931372435142,-0.04156133167098764,-9.789518761836536e-35,0.04156133167098764
1.285,-1.3625,0.09865076798192583,0.0013107757996243094,0.023921210505182467,0.02352836653758061,4.7761346588868257e-26,3.202176002424806,0.04250764894151372,0.006259307762039634,-0.0061926624464377624,-0.000673649931189796,-0.0006715294997476747,0.0009933580244711727,0.0007759292008164481,-0.00077186092309026,-0.003792385007568069,0.0645297955532095,-0.04250764894151372,1.0518073769520729e-27,0.04250764894151372
1.285,-1.35,0.09956490629872647,0.0012863842031920103,0.022970721970885025,0.022575587841038386,-5.88954363801067e-32,3.0454784460188513,0.043447943122786645,0.006303094613859169,-0.006229788228623963,-0.0006556428353370362,-0.0006378975173118376,0.001033891512469552,0.0008183659531917891,-0.0007544263677986964,-0.003694005261880314,0.06444214694832222,-0.043447943122786645,-1.2364627957578231e-33,0.043447943122786645
1.285,-1.3375,0.10070773571181492,0.001331785459984049,0.022590485498586846,0.022173233185488347,-1.7717897346090405e-25,2.997812833338688,0.044203585934772104,0.006346678100280816,-0.006267239385033756,-0.000638437434505839,-0.0006088495244999143,0.0010548187989734136,0.0008523876532880001,-0.0007427505127804634,-0.0035706569085859757,0.06475767753979535,-0.044203585934772104,-3.6417528509994044e-27,0.044203585934772104
1.285,-1.3250000000000002,0.10077425286719074,0.0015647891189379825,0.026700493964522582,0.02623540030863165,-8.21798602083339e-31,3.8381803270163166,0.042153222090302436,0.006390092872885435,-0.0063049835589687525,-0.0006220060308498589,-0.000584063376987707,0.001037151746117153,0.0008610854104140614,-0.0007382794448225918,-0.003418314800969151,0.06680804138426502,-0.042153222090302436,-2.0261296030395785e-32,0.042153222090302436
1.285,-1.3125,0.09841167255363377,0.002282995181680106,0.03905276526760518,0.03850821730779354,6.569668153761941e-25,6.338370410803627,0.03473558092890004,0.00643337374013664,-0.006342991412884789,-0.0006063222607592024,-0.0005632041471198718,0.0009619022160351631,0.0008275503338789555,-0.0007424592507121109,-0.003232953792313913,0.07181700199393713,-0.03473558092890004,2.4361263106721138e-26,0.03473558092890004
1.285,-1.3,0.09403331082300269,0.004512020524626018,0.057711249228947326,0.057049749747863754,-1.1475287774603099e-29,10.157565088610633,0.02311639937051599,0.006476555236996558,-0.0063812366386470564,-0.0005913611469651564,-0.000545925326299339,0.0008100820708618424,0.000734873532991665,-0.0007567360172360511,-0.0030105487359043657,0.07904726185341751,-0.02311639937051599,-6.418227424730469e-31,0.02311639937051599
1.285,-1.2875,0.08921006155025585,0.014789532534678504,0.075799678751348,0.07498234849041986,-2.4353466994969567e-24,13.944385209985567,0.011512984253494648,0.006519671278667341,-0.0064196958576377,-0.0005770991136379161,-0.0005318704081659412,0.0005705308149764845,0.0005724711356316086,-0.0007814316788699505,-0.002749645975635412,0.08586097134480013,-0.011512984253494648,-1.8106312497705314e-25,0.011512984253494648
1.285,-1.275,0.08644220557032758,1.0,0.08644220557032758,0.08544677523938501,-1.6036458966330524e-28,16.295508295278267,0.0041710533984902105,0.006562755155620615,-0.00645834871740966,-0.0005635139781077385,-0.0005206748582096848,0.00026339852173798395,0.00035505934395994995,-0.0008123715608433817,-0.002459077817845259,0.08960149237585953,-0.0041710533984902105,-1.370001729136187e-29,0.0041710533984902105
1.285,-1.2625000000000002,0.08783842981650901,1.0,0.08783842981650901,0.08666374218603863,9.02586157112891e-24,16.801981599765984,0.002280378147501698,0.006605839388643951,-0.006497177734402141,-0.0005505849284568266,-0.0005119684645600069,-8.333709324983982e-05,0.0001036793787083079,-0.0008442568360744231,-0.002150248059482951,0.08961978351755887,-0.002280378147501698,7.883133825748489e-25,0.002280378147501698
1.285,-1.25,0.08438010875396602,1.0,0.08438010875396602,0.08304612403178675,-2.2430308079634947e-27,16.318624842913838,0.0032089901624120284,0.0066489558885562275,-0.00653616835850482,-0.0005382924969363413,-0.0005053780541455556,-0.0004416983143832101,-0.00016062753939172984,-0.0008717886774811566,-0.0018345604974974994,0.08763721993911476,-0.0032089901624120284,-1.8937512045096513e-28,0.0032089901624120284
1.285,-1.2375,0.08125622922402809,0.2769077237074683,0.08057071181674008,0.07911851291867689,-3.3468496533312074e-23,15.748682484572864,0.004246231325831864,0.006692136018091147,-0.006575308874904059,-0.0005266185334658622,-0.0005005305459810576,-0.0007837074260583065,-0.00041682018960854337,-0.0008896682579816595,-0.0015234189288379494,0.08540819845239428,-0.004246231325831864,-2.7163690154121428e-24,0.004246231325831864
1.285,-1.225,0.07989335423340102,0.09988787294785802,0.07683505443159903,0.0753268521714739,-3.140354065118273e-26,15.171778098858958,0.00523832102027006,0.00673541077462523,-0.0066145903858205,-0.000515546185462732,-0.0004970562974529547,-0.001081386712671335,-0.0006438573512105324,-0.0008925967504940138,-0.0012282271504533294,0.08316533877449313,-0.00523832102027006,-2.4471842698701826e-27,0.00523832102027006
1.285,-1.2125,0.07927333369550459,0.060406984255799975,0.07386271493711359,0.07238185317197009,1.2395437278686095e-22,14.724606418521255,0.006213895655597605,0.006778811004191879,-0.006654006800148346,-0.0005050598866504227,-0.0004945926874094341,-0.0013067584586184968,-0.0008206978034660936,-0.0008752753279362977,-0.0009603889592926644,0.08158844017626757,-0.006213895655597605,9.343004390154973e-24,0.006213895655597605
1.285,-1.2000000000000002,0.07931327350439267,0.04012416622980967,0.07156885734618156,0.07021981811640517,-4.401177547573759e-25,14.384164663565427,0.007205589100443697,0.006822367520095962,-0.006693554730516972,-0.0004951453557824959,-0.0004927878608137538,-0.0014318449482959806,-0.0009263003256436133,-0.0008324051632265931,-0.0007313081523049989,0.08058688489525564,-0.007205589100443697,-3.2296411146399506e-26,0.007205589100443697
1.285,-1.1875,0.07937545981568282,0.025906120790921302,0.06930235384707896,0.068202274145253,-4.61957348641827e-22,14.009750259631714,0.008230671648891802,0.006866111350629441,-0.0067332335521657315,-0.0004857896051132199,-0.0004913045480140979,-0.0014374819506712206,-0.0009460643834037925,-0.0007608095305697109,-0.0005494575569277051,0.07949940977759651,-0.008230671648891802,-3.2923117306985114e-23,0.008230671648891802
1.285,-1.175,0.07939141273271348,0.014797593346892327,0.06700613105136324,0.06625085443361739,-6.1748625606067236e-24,13.592961634714742,0.009281890621724362,0.006910073690091048,-0.006773045239851216,-0.000476980954880947,-0.0004898238521372712,-0.0013397591729965447,-0.0008911521879765218,-0.000665800109317408,-0.0004115861225516079,0.07827832317542757,-0.009281890621724362,-4.260434881912889e-25,0.009281890621724362
1.285,-1.1625,0.07931761732058076,0.005807383809282607,0.06466308623004971,0.06431867969720703,1.6858346555414317e-21,13.136129291047432,0.010341762542165529,0.006954285959344151,-0.0068129944483742,-0.00046870904689750106,-0.00048804888783675153,-0.0011635798070955157,-0.000779166636983998,-0.0005548106801081718,-0.00031151182905587267,0.07691668346084336,-0.010341762542165529,1.122343088746373e-22,0.010341762542165529
1.285,-1.15,0.07915649688337101,-0.0015288764681039295,0.06230200588554019,0.06240476517150956,-8.672835310580297e-23,12.651446831200012,0.011392897195942015,0.006998779481914474,-0.006853088418421925,-0.00046096484507282906,-0.0004857081330917305,-0.0009338470447916899,-0.0006277106280484129,-0.00043527502358048863,-0.0002430526563196681,0.07545353146079954,-0.011392897195942015,-5.555873308704265e-24,0.011392897195942015
1.285,-1.1375000000000002,0.07891048576355865,-0.007447124846458432,0.05995103553060217,0.06050749026566045,-6.676135060124003e-21,12.151177525251127,0.012418302465257406,0.007043584839722448,-0.00689333688354736,-0.0004537406041374223,-0.0004825583469192479,-0.0006754640779086411,-0.00045438705879197096,-0.0003146269203728533,-0.0002000265842221666,0.07392766445626442,-0.012418302465257406,-4.1064480811402068e-22,0.012418302465257406
1.285,-1.125,0.07858208351950643,-0.012066242182485844,0.05763772105978312,0.05862463957375053,-1.2194345925708407e-21,11.64762037402728,0.013401372058788963,0.007088730927237571,-0.006933752134897073,-0.0004470297796156011,-0.00047838688641345937,-0.0004133340982699131,-0.0002767988268368558,-0.00020030015112374643,-0.00017625159264253448,0.07237766409300304,-0.013401372058788963,-7.191773064808075e-23,0.013401372058788963
1.285,-1.1125,0.07817440138576673,-0.015436135083330315,0.055389546580698334,0.05675393994675984,1.9048288076393375e-20,11.153192644466968,0.014325862686784395,0.007134243182331232,-0.006974348905709004,-0.0004408268379870395,-0.00047301324575621225,-0.00017236029769908067,-0.00011254882980527204,-9.972849647166275e-05,-0.00016554566145994307,0.07084240935464006,-0.014325862686784395,1.0765434620122447e-21,0.014325862686784395
1.285,-1.1,0.07772890132709397,-0.017560027716596514,0.05327129672817904,0.05493042143632093,-1.7162624685794836e-20,10.688447677639775,0.01517605007156015,0.007180140993721064,-0.007015144291639409,-0.00043512691409056006,-0.000466289629632176,2.2554131980299422e-05,2.0760034680588114e-05,-2.034573705508869e-05,-0.00016172677055356107,0.0693985916892309,-0.01517605007156015,-9.306011312939739e-22,0.01517605007156015
1.285,-1.0875000000000001,0.07731775949953171,-0.018479317185025396,0.051365510016398115,0.05321484885607485,-1.5243900430810122e-19,10.27655700784815,0.015943229540300724,0.007226434010880577,-0.007056157676375967,-0.00042992524127092875,-0.00045810037633936757,0.0001525309488728332,0.00010974095219449937,3.2409468648255336e-05,-0.00015962439482537804,0.06814141340997448,-0.015943229540300724,-7.957039175784258e-21,0.015943229540300724
1.285,-1.075,0.07701535057485913,-0.01849104483702199,0.049734809819249576,0.05167999068154093,-2.4175317888355224e-19,9.931061325227272,0.01663199706496725,0.007273117020253548,-0.007097410552833611,-0.0004252162647691161,-0.0004483600710905788,0.00022279171079579482,0.00015787144109411807,6.107895080372225e-05,-0.00015811398926866304,0.06713444063089252,-0.01663199706496725,-1.2209126273449636e-20,0.01663199706496725
1.285,-1.0625,0.07686197075293809,-0.0178776259107356,0.048395569487779434,0.05036033744746247,-6.019029468011832e-19,9.654102304793046,0.01725353976866903,0.007320163270064678,-0.007138926249516538,-0.00042099232818332575,-0.00043701025768202843,0.0002445829254946235,0.00017284510293306968,7.019966173743247e-05,-0.00015708250389950522,0.06639530222841043,-0.01725353976866903,-2.957857163552211e-20,0.01725353976866903
1.285,-1.05,0.07685869087582742,-0.01685975599833437,0.04732535127898631,0.04925155277673075,-3.5837307989301704e-18,9.439296926596441,0.017818803629012527,0.007367516416067054,-0.0071807296132618435,-0.0004172418206606052,-0.0004240148093907546,0.0002291511007147627,0.00016235553926498224,6.430855377550785e-05,-0.00015641688873399378,0.06590253581969652,-0.017818803629012527,-1.7231915197926427e-19,0.017818803629012527
1.285,-1.0375,0.07700671156570403,-0.015618473009165383,0.0465024522978861,0.048350009370524534,-1.1042810130829916e-17,9.280249440000892,0.018338429598876892,0.007415081391486045,-0.007222846320151705,-0.0004139466889155382,-0.000409354294260378,0.00018774274420165347,0.00013409635164348253,4.7942579244069765e-05,-0.0001560040937882178,0.06563505640857141,-0.018338429598876892,-5.222876696881765e-19,0.018338429598876892
1.285,-1.0250000000000001,0.07730804503465225,-0.014308194317945831,0.045906131662544966,0.04765300358334691,-2.080641989642555e-17,9.170559003792702,0.01882300145612761,0.0074627160075412535,-0.007265302088197425,-0.0004110792897312487,-0.0003930201526261137,0.0001316043637007376,9.576114162219754e-05,2.5638690469239422e-05,-0.00015573106907826662,0.06557261749309444,-0.01882300145612761,-9.726921412618016e-19,0.01882300145612761
1.285,-1.0125,0.07776392785382588,-0.013065293616327637,0.04551588988631915,0.04715802008359542,-3.1390450343085884e-17,9.103809661020732,0.01928262433862259,0.007510225988987191,-0.007308121511918563,-0.0004085987095419304,-0.0003750102506210575,7.198246695745534e-05,5.5043510754753346e-05,1.9338397771376244e-06,-0.00015548476462022912,0.06569465782293629,-0.01928262433862259,-1.4568946324109887e-18,0.01928262433862259
1.285,-1.0,0.07835524026881327,-0.012013555017104766,0.04529375953494181,0.04684500732007275,-4.8119628993297305e-17,9.069954977757181,0.019725992493654254,0.007557368467359869,-0.007351326420136482,-0.00040644696678885116,-0.0003553284650059835,2.0123561717250578e-05,1.9637060594778383e-05,-1.8635020506113385e-05,-0.00015515213043019473,0.06596165734607289,-0.019725992493654254,-2.224843038956821e-18,0.019725992493654254
1.285,-0.9875,0.07901135293793861,-0.01124174935799704,0.04511508327351673,0.04660559642741447,-7.680425316344763e-17,9.056769363201173,0.02016016819843695,0.0076791603711186965,-0.007394930078818719,-0.00040511813375029165,-0.00037167243268254965,-1.5102286096071217e-05,-4.390439377350596e-06,-3.248984527585416e-05,-0.00015464509646478968,0.06632423106667594,-0.02016016819843695,-3.5455963715855395e-18,0.02016016819843695
1.285,-0.9750000000000001,0.07968388395843087,-0.011109316412942641,0.044855967304267,0.04636980250732538,-1.1826177511901249e-16,9.055681361228809,0.020593262500775332,0.007939944523169403,-0.00743987146471972,-0.0004183470190778706,-0.00045664206170531886,-3.4330777845242886e-05,-1.7474547974253903e-05,-3.9888218313270214e-05,-0.00015397551244278866,0.0667580257908407,-0.020593262500775332,-5.459526854632152e-18,0.020593262500775332
1.285,-0.9625000000000001,0.08056516560235,-0.011350342757658656,0.044909920180183915,0.04649258571886877,-1.751565406604768e-16,9.063801484290142,0.021030752314656814,0.007954732798072269,-0.007487292392593454,-0.0004377130152922301,-0.0004167130189614681,-4.057405671463213e-05,-2.1676656081801328e-05,-4.204663062100838e-05,-0.0001531802080235039,0.06726169638245841,-0.021030752314656814,-8.097652234384118e-18,0.021030752314656814
1.285,-0.95,0.0815951714955286,-0.011495041234998917,0.045199315965438955,0.04683498315186026,-2.625750933469625e-16,9.082047918437032,0.021469907440346787,0.007828129827526358,-0.007537073712599106,-0.00044909836980705454,-0.0003038181116262472,-3.684426588860652e-05,-1.9058154585862482e-05,-4.018157320171547e-05,-0.00015229601286624725,0.06783401553439812,-0.021469907440346787,-1.2174060010744187e-17,0.021469907440346787
1.285,-0.9375,0.08272713817970904,-0.011353971601538917,0.045798738809632034,0.047438429422382924,-3.9764685119536866e-16,9.14639001568387,0.021832725843078604,0.007655333605959075,-0.007588131196332267,-0.00044543219024577866,-0.00016625864597152277,-2.615354855153391e-05,-1.1680434372307256e-05,-3.550953705803842e-05,-0.00015135975663033057,0.06855634635163674,-0.021832725843078604,-1.857950057167549e-17,0.021832725843078604
1.285,-0.925,0.08416445360580163,-0.011594885212114792,0.04914440926102382,0.050731602799977286,-5.927069911712438e-16,9.805487361265838,0.020982070988457963,0.007516315658947864,-0.007638813013669691,-0.00042604539793102126,-4.53211629795141e-05,-1.1514047887782071e-05,-1.6048863270054254e-06,-2.9247013192624086e-05,-0.00015040826897506606,0.07081069859845147,-0.020982070988457963,-2.953377594491162e-17,0.020982070988457963
1.285,-0.9125000000000001,0.08613138217480608,-0.013469655055078801,0.057696308344102935,0.05918789787358642,-8.694570794140498e-16,11.608003632716862,0.01777947835147789,0.0074688668770350785,-0.007687426227039321,-0.00039550787497904193,2.8688730842598842e-05,4.062092918281328e-06,9.107098664173299e-06,-2.2610492608119313e-05,-0.00014947837955976557,0.07598985291873586,-0.01777947835147789,-5.061142226284599e-17,0.01777947835147789
1.285,-0.8999999999999999,0.08850082048386111,-0.01981410813082978,0.07038846630657303,0.07176874692768132,-1.2917663094108536e-15,14.332573268328614,0.012677558534428935,0.007542562618125383,-0.007732821372001106,-0.0003618866215843354,3.9918039733106846e-05,1.756273068228876e-05,1.8394129715359284e-05,-1.6816466307170892e-05,-0.00014860691804374112,0.08352994953728274,-0.012677558534428935,-9.152473163869122e-17,0.012677558534428935
1.285,-0.8875,0.09083685542417477,-0.04602503044735285,0.08318830598293595,0.08447521842672281,-1.936087036145959e-15,17.111639280028193,0.007463092586222993,0.007736112002572994,-0.007774841987959534,-0.000334552537926857,-1.1396385465746787e-05,2.661240135244245e-05,2.4630483851232663e-05,-1.2824426979978378e-05,-0.0001478234128576836,0.09120488192046215,-0.007463092586222993,-1.6213139271368638e-16,0.007463092586222993
1.285,-0.875,0.09323528704007837,-1.0,0.09199010816563162,0.09323528704007837,-2.8844329035691555e-15,19.051358198336693,0.003973647859518888,0.008010997012371039,-0.007814471241269872,-0.0003218605926789028,-0.00010566126363528667,3.1382357407227354e-05,2.793310973867518e-05,-1.0565874066950967e-05,-0.00014712818751779977,0.09672355576632916,-0.003973647859518888,-2.675308861694125e-16,0.003973647859518888
1.285,-0.8625,0.09709148835505381,-1.0,0.09585579685587912,0.09709148835505381,-4.2505874752456426e-15,19.877865437351677,0.0027610656771962245,0.008061313502260224,-0.007853477921056331,-0.00031863818349013074,-8.902023968234725e-05,3.268053045769881e-05,2.8854623955118772e-05,-9.715308696050377e-06,-0.00014651426431167513,0.09938100870945377,-0.0027610656771962245,-4.106915197118614e-16,0.0027610656771962245
1.285,-0.8500000000000001,0.09822336602555011,-1.0,0.0970013386233724,0.0982233660255501,-6.267830999880222e-15,20.11246366320137,0.0027414410682972223,0.008102497187558143,-0.007892463322772877,-0.0003154540825402719,-6.894015070387267e-05,3.1314852114912084e-05,2.794764307799527e-05,-9.947231995238356e-06,-0.00014597466552689547,0.10050456476235083,-0.0027414410682972223,-6.127627373347138e-16,0.0027414410682972223
1.285,-0.8374999999999999,0.09917652338074051,-1.0,0.09797115173421275,0.09917652338074051,-9.237433540434713e-15,20.306949390599716,0.0027728475147412797,0.008143553340521224,-0.007931419933591964,-0.0003122790567253274,-5.00675875916969e-05,2.809325398992239e-05,2.5764783684736564e-05,-1.0936145092476658e-05,-0.00014550241345104637,0.10150496044147252,-0.00277284751474128,-9.120313314673747e-16,0.00277284751474128
1.285,-0.825,0.10009359454852451,-1.0,0.09890661419326904,0.10009359454852451,-1.3604237588559795e-14,20.491800736136845,0.0027840926876551504,0.008184466637690981,-0.007970334208236627,-0.0003091016379309532,-3.252024112528375e-05,2.3823667693785127e-05,2.2858662352774594e-05,-1.2356549115726971e-05,-0.00014509053037171338,0.10245164715795974,-0.0027840926876551504,-1.3559010908847483e-15,0.0027840926876551504
1.285,-0.8125,0.10095316325106242,-1.0,0.09978505017794427,0.10095316325106242,-1.9947675724425363e-14,20.662104710886975,0.0027779600862559975,0.008225221370751419,-0.008009191657309064,-0.00030591121347449667,-1.639346581586901e-05,1.9314024837555567e-05,1.9781895659541273e-05,-1.3882945192951053e-05,-0.0001447320385764822,0.1033240005937046,-0.0027779600862559975,-2.0056598114175215e-15,0.0027779600862559975
1.285,-0.8,0.1017377167925491,-1.0,0.10058768391001062,0.1017377167925491,-2.922734351986027e-14,20.813762137866256,0.0027572874668822926,0.008265801564639255,-0.008047976988023146,-0.0003026980550896935,-1.7599219767269484e-06,1.5372257032289002e-05,1.7087100182468476e-05,-1.518983445211064e-05,-0.00014441996035293846,0.1041053530375635,-0.0027572874668822926,-2.962134727507623e-15,0.0027572874668822926
1.285,-0.7875000000000001,0.10243293161464759,-1.0,0.10129920021384375,0.10243293161464759,-4.268380990508198e-14,20.943466969082376,0.00272475964682199,0.008306191061516463,-0.008086674214092152,-0.0002994533396893243,1.1330298483859233e-05,1.2635518733213109e-05,1.5210118471228255e-05,-1.6020489484008297e-05,-0.00014414852191397873,0.10478249677128752,-0.00272475964682199,-4.356213050763515e-15,0.00272475964682199
1.285,-0.7749999999999999,0.10302887808410587,-1.0,0.10190977451509171,0.10302887808410587,-6.226846094379222e-14,21.049258171042194,0.0026826985403413414,0.008346373567873829,-0.008125266729801925,-0.0002961691609907437,2.284910754724178e-05,1.1057855772245127e-05,1.4119696964453271e-05,-1.639326873080998e-05,-0.00014391676517374284,0.10534795412527535,-0.0026826985403413414,-6.39280745767491e-15,0.0026826985403413414
1.285,-0.7625,0.10352069794531046,-1.0,0.10241492502512986,0.10352069794531046,-9.050149556013033e-14,21.130375970367766,0.0026332110539406288,0.008386332661451298,-0.00816373734627114,-0.0002928385321520073,3.27894644136942e-05,1.0422536825474758e-05,1.3667808073016392e-05,-1.6395302097522485e-05,-0.00014372493597168175,0.10579952750944246,-0.0026332110539406288,-9.3367059306526e-15,0.0026332110539406288
1.285,-0.75,0.10390819779992368,-1.0,0.10281483116174543,0.10390819779992368,-1.3140502176072513e-13,21.187068243048994,0.0025783323073153407,0.008426051794262243,-0.008202068323687653,-0.00028945537904732097,4.1164084645955515e-05,1.0512830568991603e-05,1.3706424207790406e-05,-1.611371948915261e-05,-0.00014357328014724628,0.1061396110039477,-0.0025783323073153407,-1.3608472080699494e-14,0.0025783323073153407
1.285,-0.7375,0.10419284056588968,-1.0,0.10311132507213402,0.10419284056588968,-1.9014431170024625e-13,21.219944504418653,0.00251999581593083,0.008465514528607011,-0.008240241638203262,-0.000286014524269365,4.800387265309613e-05,1.1112005678885298e-05,1.4087517779648148e-05,-1.563565081070714e-05,-0.0001434620435398872,0.1063721520018879,-0.00251999581593083,-1.974689675656528e-14,0.00251999581593083
1.285,-0.7250000000000001,0.10437637831833874,-1.0,0.10330652457164977,0.10437637831833874,-2.7483206451512984e-13,21.22968000746331,0.0024600064486224463,0.008504704261641158,-0.00827823873728213,-0.00028251166266803085,5.335613807763919e-05,1.2003330831245491e-05,1.4663061199462437e-05,-1.5048225967192878e-05,-0.0001433914719890555,0.10650125702594501,-0.0024600064486224463,-2.859387169090151e-14,0.0024600064486224463
1.285,-0.7124999999999999,0.10445908462529331,-1.0,0.1034010656118937,0.10445908462529331,-3.9585239704565325e-13,21.216637843567707,0.002400021927168351,0.008543604534135583,-0.008316040879559764,-0.0002789433282547394,5.728265626894775e-05,1.2970074702161831e-05,1.5285026878106098e-05,-1.4438574863616612e-05,-0.00014336181133420191,0.1065294055987574,-0.0024000219271683512,-4.121986612928503e-14,0.0024000219271683512
1.285,-0.7,0.10443795277374725,-1.0,0.10339230066814352,0.10443795277374725,-5.694982981502084e-13,21.180483958665302,0.0023415374812886755,0.008582198903123173,-0.008353629039436514,-0.00027530685386521184,5.985762893959976e-05,1.3795505967723923e-05,1.5805387226451955e-05,-1.3893827404985171e-05,-0.0001433733074147773,0.10645563317272655,-0.0023415374812886755,-5.929280030972182e-14,0.0023415374812886755
1.285,-0.6875,0.10430631135574683,-1.0,0.10327384048991024,0.10430631135574685,-8.165294597664197e-13,21.120087405900307,0.0022859239691805826,0.0086204711714497,-0.008390984167828203,-0.0002716003239301833,6.116559952156644e-05,1.4308533760806076e-05,1.6107382731943828e-05,-1.3482607386123086e-05,-0.00014342537405244852,0.10627507097913788,-0.0022859239691805826,-8.491020202961123e-14,0.0022859239691805826
1.285,-0.675,0.10405223929680071,-1.0,0.10303374726617454,0.10405223929680071,-1.1692406750537982e-12,21.033115182154297,0.0022344673786788348,0.008658405044053871,-0.008428086881032056,-0.00026782252193896885,6.129937118317061e-05,1.4520629041421187e-05,1.6199326188309638e-05,-1.3199514161125937e-05,-0.00014351409699774626,0.10597705886795854,-0.0022344673786788348,-1.2130005770475582e-13,0.0022344673786788348
1.285,-0.6625000000000001,0.10365870952176097,-1.0,0.10265490059397525,0.10365870952176096,-1.6686165483360105e-12,20.916146011933687,0.0021883190378188563,0.008695984470996539,-0.008464917834921943,-0.0002639728730927973,6.035797049591499e-05,1.4488903226366824e-05,1.612079846584829e-05,-1.3020640973907066e-05,-0.00014363472998341772,0.10554558103006935,-0.0021883190378188568,-1.7246363775096976e-13,0.0021883190378188568
1.285,-0.6499999999999999,0.10310271024125184,-1.0,0.10211419303105562,0.10310271024125184,-2.3781122719131877e-12,20.764515736876355,0.0021484456470827937,0.008733193666199986,-0.008501457775897177,-0.0002600513838619296,5.844469371430247e-05,1.4270467732440548e-05,1.5911380434858716e-05,-1.2922081068379819e-05,-0.00014378252674220952,0.10495845132537203,-0.0021484456470827937,-2.4449373617900416e-13,0.0021484456470827937
1.285,-0.6375,0.10212257841515358,-1.0,0.10114986381077838,0.10212257841515358,-3.3779358256147326e-12,20.52315651926728,0.0021156889588996837,0.008770016824975458,-0.008537687290013215,-0.00025605857912626396,5.5665265417366325e-05,1.3922433976439925e-05,1.5610652965639818e-05,-1.2879927688457523e-05,-0.00014395274100686848,0.10395470651988582,-0.002115688958899684,-3.4400566586466295e-13,0.002115688958899684
1.285,-0.625,0.09984677904617062,-1.0,0.09889027838957606,0.09984677904617062,-4.791520083326678e-12,20.008697084903055,0.002090921250889626,0.00880643837956693,-0.008573587089537205,-0.0002519954387037935,5.2126134529806954e-05,1.3501913375162525e-05,1.5258196928490539e-05,-1.287027407805352e-05,-0.00014414062651014166,0.10166354114848904,-0.002090921250889626,-4.771042079888012e-13,0.002090921250889626
1.285,-0.6125,0.09607321228887292,-1.0,0.09513323581076541,0.09607321228887292,-6.774233565206632e-12,19.180029726163134,0.002074885110417083,0.008842443004951326,-0.00860913804929081,-0.0002478633336569876,4.793292498292666e-05,1.3066017345405905e-05,1.4893593193709786e-05,-1.2869213481081139e-05,-0.0001443414369847757,0.09788345450535764,-0.002074885110417083,-6.490296266296353e-13,0.002074885110417083
1.285,-0.6000000000000001,0.09137577130160343,-1.0,0.0904525268054607,0.09137577130160343,-9.563721215147887e-12,18.15952280419432,0.0020677946084295086,0.008878015490989615,-0.008644321107974764,-0.00024366396404858616,4.318905378625898e-05,1.2671857303967621e-05,1.4556422631596479e-05,-1.285283914145372e-05,-0.00014455042616351766,0.09318840976504086,-0.0020677946084295086,-8.714521603106101e-13,0.0020677946084295086
1.285,-0.5874999999999999,0.0866871462994937,-1.0,0.08578075778515444,0.08668714629949371,-1.3457916663460462e-11,17.14403646125575,0.002069250006681446,0.00891314082490632,-0.008679117379496086,-0.000239399298709224,3.799452286173072e-05,1.2364277129630585e-05,1.4277855896000741e-05,-1.2802168961088151e-05,-0.00014476305136230323,0.08851058336139013,-0.002069250006681446,-1.1633202605660746e-12,0.002069250006681446
1.285,-0.575,0.08284023969576355,-1.0,0.08195082530765833,0.08284023969576355,-1.8909905188440154e-11,16.308173521999187,0.002078465362989396,0.008947804143390876,-0.008713508131174387,-0.0002350715180622498,3.2444888993313645e-05,1.2139050549119009e-05,1.405542277497757e-05,-1.2717919473915504e-05,-0.00014497558422982393,0.08468209940359273,-0.002078465362989396,-1.5620268879284167e-12,0.002078465362989396
1.285,-0.5625,0.08024174895841525,-1.0,0.07936944005221523,0.08024174895841525,-2.6485462759593256e-11,15.73615504339,0.0020946077443024574,0.008981990770005041,-0.008747474846852,-0.00023068296054108993,2.6630408150320074e-05,1.1979683751142434e-05,1.3878242840133136e-05,-1.2605731871870391e-05,-0.0001451844999979605,0.08210886024617946,-0.0020946077443024574,-2.119214504875155e-12,0.0020946077443024574
1.285,-0.55,0.07882427962818658,-1.0,0.07796922033576127,0.07882427962818657,-3.7039919176943e-11,15.41259736031251,0.002117023758227624,0.009015686118979667,-0.008780999153257198,-0.00022623607336476795,2.063535178614686e-05,1.1869682924410406e-05,1.3735435663073635e-05,-1.2471247346887436e-05,-0.00014538627389859327,0.08072285558733654,-0.002117023758227624,-2.9115536577865675e-12,0.002117023758227624
1.285,-0.5375000000000001,0.07821262356533988,-1.0,0.07737497053842822,0.07821262356533988,-5.163715728974692e-11,15.258050046172347,0.002145269119728786,0.009048875865706846,-0.008814063011631065,-0.00022173336784667857,1.4537485620850823e-05,1.1792554257632478e-05,1.3616120815405245e-05,-1.2320107090901267e-05,-0.00014557738116360288,0.08014847035061558,-0.002145269119728786,-4.027863571063082e-12,0.002145269119728786
1.285,-0.5249999999999999,0.07795644342139202,-1.0,0.07713636573422199,0.07795644342139203,-7.187609593715376e-11,15.177980217751596,0.0021790139871740123,0.00908154576074374,-0.008846648550162681,-0.0002171773796771607,8.407703514050466e-06,1.1731803939518176e-05,1.3509417868734144e-05,-1.2157952295846477e-05,-0.00014575429702486984,0.07993507455375383,-0.0021790139871740123,-5.588802068978629e-12,0.0021790139871740123
1.285,-0.5125,0.07772941266557654,-1.0,0.07692709185596061,0.07772941266557654,-9.973782938231058e-11,15.1042728969133,0.0022179289004248385,0.009113681665648595,-0.008878738115763202,-0.00021257063429112508,2.3098029766890512e-06,1.1670938158777067e-05,1.3404446394666542e-05,-1.1990424153657716e-05,-0.00014591349671427476,0.07975604932652536,-0.0022179289004248385,-7.733483825683464e-12,0.0022179289004248385
1.285,-0.5,0.07739847823974541,-1.0,0.07661410846835925,0.07739847823974541,-1.381821693818242e-10,15.009360371274326,0.0022616267530656572,0.009145269683804892,-0.008910314418889724,-0.00020791561737273624,-3.6996088424403544e-06,1.159346310411868e-05,1.3290325964808596e-05,-1.1823163856269588e-05,-0.00014605145546369797,0.07947799158296423,-0.0022616267530656572,-1.0669924803973778e-11,0.0022616267530656572
