x,fixed_impedance,incident_energy,reflected_energy,reflection_energy_fraction,useful_work,impedance_q005,impedance_q500,impedance_q995,impedance_central99_ratio
-2.0992187500000004,0.8671248332629112,0.2821044896829069,0.0211409767114452,0.07494023485839672,0.2609635129714617,0.5452686166398125,0.6194000453219272,3.0022298341873244,5.505964844792276
-2.09765625,0.8743294520341627,0.27858710917044394,0.021200359270523144,0.07609957019781713,0.25738674989992083,0.5505421666679033,0.6238500933203093,3.1103924217875694,5.649689724245613
-2.09609375,0.8815590133393871,0.27512872528489196,0.021287399978676073,0.07737250974660413,0.2538413253062159,0.555836631317775,0.6282933439757535,3.220658198326505,5.794253233528316
-2.09453125,0.8878685804520967,0.27158347294961976,0.021243595209645118,0.07822123702492723,0.25033987773997474,0.5611497751607085,0.6327278528013258,3.357367627447029,5.983015187853381
-2.09296875,0.8942808872704306,0.2681351877482159,0.021239862559832907,0.07921326081147376,0.24689532518838292,0.566479193780377,0.6371648276353475,3.492913634754007,6.16600516506914
-2.0914062500000004,0.9007819946504677,0.264791861677587,0.021265802293108677,0.0803113893243521,0.24352605938447838,0.5718223029593135,0.6415992318593996,3.649254306885546,6.3817977857803125
-2.08984375,0.9059122770197329,0.2613385764797712,0.021079340217921988,0.0806591223609639,0.24025923626184925,0.5771763271232919,0.646038481092838,3.795197503389023,6.575455930953874
-2.08828125,0.9114108196496205,0.25807408056404363,0.02092699437753724,0.08108909787375566,0.23714708618650637,0.5825382869858293,0.6505029275888615,3.8724412802613486,6.647530929337094
-2.08671875,0.9172055803690052,0.25532440712688337,0.02063894157300642,0.08083418974806394,0.23468546555387698,0.5882132768426833,0.6556520254914131,4.00846704436921,6.814649043430667
-2.08515625,0.926582055426999,0.2534816955568053,0.02073131403198669,0.08178623701584321,0.23275038152481853,0.5942248760042221,0.6614728051356372,4.178178080371901,7.031307925826743
-2.0835937500000004,0.9365506412783917,0.25168840123671055,0.020911829288416367,0.08308618587770754,0.23077657194829426,0.6002717973122511,0.6672805801698961,4.362958268295484,7.268304604398978
-2.08203125,0.9465510991763012,0.24985989534563832,0.021098444285180422,0.08444109950496194,0.22876145106045784,0.6063522226861912,0.6730619337834784,4.563878288019864,7.526777535013396
-2.08046875,0.9565760212622213,0.24799579309192457,0.0212914426035431,0.08585404751463266,0.22670435048838145,0.6124641857806323,0.678812669720286,4.782843610870791,7.809180882592656
-2.07890625,0.9666172696336832,0.24609571965035262,0.021491126676718143,0.08732832374025953,0.22460459297363444,0.6186055626632719,0.6845379347633836,5.021909555646614,8.11811250779232
-2.07734375,0.9766659090576957,0.24415931185123463,0.02169781958452244,0.08886746698296251,0.22246149226671225,0.6247740618791277,0.6902229760230915,5.283182419097593,8.456148776739242
-2.0757812500000004,0.9867121324947377,0.24218622011458618,0.02191186709410358,0.09047528419963928,0.2202743530204826,0.6309672138557273,0.695863042605962,5.56959731869648,8.82707880281397
-2.07421875,0.9972388688187473,0.24050928103091046,0.022095054728701626,0.0918677842035624,0.21841422630220886,0.6374924961872656,0.7020837583863312,5.851009259533324,9.17816177371062
-2.07265625,1.0083011495000809,0.23913396419353025,0.02224497090238335,0.09302305081339503,0.2168889932911469,0.6443732443842137,0.7089205464789942,6.112290317639763,9.485636424089718
-2.07109375,1.01942099926017,0.2377286619494568,0.0223994894816701,0.09422292330250204,0.2153291724677867,0.6513065165829971,0.7157648448540589,6.392377510115024,9.814699142965557
-2.06953125,1.030592513350218,0.23629300061246786,0.022558808974075927,0.09546964537926997,0.2137341916383919,0.6582909493117295,0.7226143660848795,6.691588016015809,10.165091929354555
-2.0679687500000004,1.0418092076390733,0.23482661128502508,0.02272314026408273,0.09676560990995227,0.21210347102094232,0.6653250506449602,0.7294694019679792,7.009088240574173,10.534832911791952
-2.06640625,1.0530639686629502,0.2333291308887111,0.022892707730877145,0.09811337162952051,0.210436423157834,0.6724071921772915,0.7363212941049705,7.346156874950466,10.925161063734619
-2.06484375,1.0643489987257435,0.23180020333900941,0.02306775051113707,0.09951566124124717,0.2087324528278724,0.6795356004871963,0.7431664186559115,7.716479698834937,11.355519406639726
-2.06328125,1.0756557554253394,0.2302394808903764,0.02324852393284354,0.10097540110383077,0.20699095695753286,0.6867083480552326,0.7500025449724513,8.100149349700004,11.795617998004156
-2.06171875,1.09908213046809,0.22897701519883906,0.023124997861481974,0.1009926600772601,0.20585201733735706,0.69671935079125,0.7644304170504598,8.412314112305198,12.074178939843573
-2.0601562500000004,1.1345572478091437,0.22814275159051917,0.022812660389316942,0.09999292210809366,0.20533009120120227,0.7097577943671092,0.7869155505738354,8.653230534817405,12.191807689175839
-2.05859375,1.1703029096232842,0.22740302030166976,0.022613900857637325,0.09944415350173463,0.20478911944403247,0.7230978845982012,0.8100237210561084,8.925217718087016,12.343028389643857
-2.05703125,1.206573024952055,0.2267254820147929,0.02249672980600843,0.09922453182629296,0.20422875220878445,0.736748001335722,0.8337708767331842,9.231567170813872,12.530155703275836
-2.05546875,1.243530656890044,0.22609087686695134,0.02244224208051326,0.09926204184576604,0.20364863478643808,0.7507168064925582,0.8581732199602164,9.539794663745402,12.707581049525857
-2.05390625,1.281294273921377,0.2254865558393856,0.022438148280464077,0.0995099162206673,0.20304840755892156,0.7650132555578404,0.8832471931997146,9.845179867941212,12.86929317422376
-2.0523437500000004,1.319958032226104,0.22490362271404324,0.02247591677250309,0.0999357702702744,0.20242770594154016,0.779646609675495,0.9090094623945348,10.140994453144902,13.007168026249474
-2.05078125,1.35960194740406,0.22433549246924211,0.022549332144311634,0.1005161149317614,0.20178616032493052,0.7946264483193749,0.9354933173070059,10.417712422176104,13.11020095569363
-2.04921875,1.3985624747978946,0.2239141958143392,0.022635218764063797,0.10108880628020578,0.20127897705027537,0.8096560942894122,0.9617570860376904,10.721648421168084,13.242225306261478
-2.04765625,1.436806605481535,0.22363364173202255,0.022724182759145506,0.1016134360785289,0.20090945897287704,0.824721667664756,0.9877642156301039,11.065836781721133,13.417662243620503
-2.04609375,1.4760857611865117,0.2233537846569308,0.02283086132711766,0.10221837683290497,0.20052292332981314,0.8401310331917988,1.0144886125560701,11.43317417051699,13.608798769259174
-2.0445312500000004,1.5164461681262993,0.22307288489240235,0.022953837448040113,0.10289837538574774,0.2001190474443622,0.8558935604780771,1.0419501050203792,11.826725614138375,13.817986441599482
-2.04296875,1.5579342207674733,0.22278941023152074,0.023091906072231858,0.10364902913578773,0.19969750415928886,0.8720189281317454,1.07016900724352,12.250155800154705,14.048038872734125
-2.04140625,1.6005968282487224,0.2225019929449974,0.023244031159200353,0.10446662005830343,0.19925796178579708,0.8885171361474726,1.0991661229804532,12.707875344953056,14.302341314488562
-2.03984375,1.6444816946665517,0.22220939729939695,0.023409313247283743,0.10534798947203333,0.19880008405211314,0.9053985188900793,1.1289627479562085,13.205228927689161,14.584990644647116
-2.03828125,1.689637553576055,0.22191049460956727,0.02358696455786185,0.10629044200618415,0.1983235300517054,0.9226737587097651,1.1595806710563794,13.748739041937501,14.900975466304862
-2.0367187500000004,1.7340754293459122,0.2216919100906524,0.023755894917527214,0.10715724767680135,0.19793601517312517,0.939935868692337,1.1898335194098921,14.08183025389104,14.981692605775375
-2.03515625,1.777704821938565,0.22155299402453832,0.023913206151529615,0.10793447525643045,0.19763978787300873,0.9571650111674339,1.2196796643767995,14.440533471639727,15.086775324169981
-2.03359375,1.822560744991289,0.22140554790918776,0.02407820931030691,0.10875160779703175,0.19732733859888082,0.9747790454036144,1.2503284265420214,14.809345645827666,15.192515386597941
-2.03203125,1.8686861065759666,0.22124900888633828,0.024250652658798263,0.10960796064517736,0.19699835622753997,0.9927882365197196,1.281802299268871,15.18813174031099,15.298460619914195
-2.03046875,1.9161253292578977,0.22108282829537781,0.024430302985042958,0.11050294214801179,0.1966525253103349,1.0112031824800882,1.314181397422828,15.576621570119478,15.404047218202065
-2.0289062500000004,1.9649244368047696,0.22090646929126515,0.024616943266587095,0.11143604506271683,0.19628952602467803,1.030034827315367,1.3474424421965316,15.974371908178954,15.508574549672058
-2.02734375,2.0151311428187415,0.22071940478983934,0.024810370664606687,0.11240683930001616,0.19590903412523264,1.0492944749799928,1.3816089240287919,16.378271103079953,15.608841458344896
-2.02578125,2.066794941855497,0.2205211156855519,0.025010394790776956,0.11341496578695019,0.19551072089477492,1.068993803882444,1.4167066076156958,16.855394775352245,15.767532715471017
-2.02421875,2.1405316341454306,0.22108761109913733,0.025251739120948677,0.1142159843123259,0.19583587197818864,1.0950370491235106,1.4698472000573428,17.513427030550663,15.993456152528132
-2.02265625,2.237216551262806,0.2224402306400981,0.025537990648976907,0.11480832660300844,0.19690223999112122,1.1277797386876156,1.542420760049665,17.934841629224024,15.902787586957889
-2.0210937500000004,2.336667111974859,0.22380711493535577,0.02583294170460594,0.11542502441027178,0.19797417323074978,1.1614692279674026,1.6178963284244836,19.36740912890091,16.67492229888373
-2.01953125,2.4389986499916474,0.22518583641214682,0.026134173026318548,0.11605602484912252,0.1990516633858283,1.1961339680923582,1.6965729481874063,20.34038800512535,17.005108581244464
-2.01796875,2.5443242234287187,0.22657450627661194,0.026439804903762243,0.11669364456865852,0.20013470137284972,1.2318033196284979,1.77841194425503,21.83546741111626,17.726423580106655
-2.01640625,2.652755813519425,0.22797164196615294,0.026748364644477954,0.11733198223158517,0.20122327732167505,1.268507584142921,1.8635353759265616,23.174251034523262,18.26891011470078
-2.01484375,2.7644052068559555,0.22937607206111957,0.027058691500120295,0.11796649605591918,0.20231738056099924,1.3062780369797293,1.9520700221025509,24.120366789122794,18.464956239249005
-2.0132812500000004,2.879384663309676,0.23078686669115778,0.027369867087495735,0.11859369417291182,0.20341699960366208,1.3451469612995113,2.0441475672809504,25.907299723729214,19.259828456736688
-2.01171875,2.9976148899945176,0.23228827613118821,0.02767752898355222,0.11915163969756669,0.204610747147636,1.3852036428859165,2.140132544131578,26.874611915963783,19.40119927779972
-2.01015625,3.073479514727223,0.23363691594177544,0.027736077637065894,0.11871444855049358,0.2059008383047096,1.414734050614218,2.204667019303135,27.52344542314384,19.454854720711865
-2.00859375,3.057457661796371,0.23448989908149473,0.02729048729874031,0.11638235764371138,0.20719941178275442,1.4208849165445072,2.1982983334088035,26.07954594243079,18.35443929256032
-2.00703125,2.9570678846955523,0.23490060841426752,0.026383446197929802,0.11231748770697228,0.2085171622163377,1.4056466633226723,2.1257587855654805,23.878608864062095,16.987632444997065
-2.0054687500000004,2.817347416479415,0.23509105770987296,0.025227055240447716,0.10730759173145815,0.20986400246942521,1.3809881358269809,2.0225855474104066,20.423345398104225,14.788936174222856
-2.00390625,2.70275063558856,0.2354595395922533,0.02421933334869191,0.10285985180567615,0.21124020624356132,1.3632343959152304,1.93874090216832,18.02486103245374,13.22212899444372
-2.00234375,2.670854072776208,0.2363123614223277,0.023666586203565744,0.10014959040280504,0.21264577521876193,1.3666915192181681,1.9191961959129082,16.653570203123103,12.185317585529448
-2.00078125,2.7440730367783597,0.2377845211236462,0.0237055069468591,0.09969322996652255,0.21407901417678715,1.3964552011002738,1.9812069672848527,17.38402027561759,12.448677381072187
-1.99921875,2.87185396177554,0.2394719418405427,0.024045131794124076,0.1004089732154718,0.21542681004641864,1.4400615427943124,2.0869056010664675,18.536815709519583,12.872238552770826
-1.9976562500000001,2.9749778855142868,0.24096031774588741,0.024280844944019858,0.10076698591353128,0.21667947280186758,1.4775332886854273,2.17324456699389,19.20453299632477,12.997699032155944
-1.99609375,3.0232556487863764,0.24212269837829434,0.02418250569317347,0.09987706999444777,0.2179401926851209,1.5016637407872273,2.2169709487276457,19.35959772719223,12.892099077416106
-1.99453125,3.0226593519110816,0.24304796542165413,0.02383343313402651,0.09806061570060398,0.21921453228762766,1.5136394127142927,2.2211630412944685,18.613361460988955,12.297090908600914
-1.9929687500000002,3.0001877008902174,0.24383831636381453,0.023340914376394812,0.09572291477591005,0.22049740198741974,1.5206045194168125,2.2100925584567013,17.706028493554538,11.64407199075353
-1.99140625,2.996157942829962,0.24476607029565695,0.022973033347717373,0.09385709922934934,0.2217930369479395,1.5323176252149706,2.2077000550513275,17.13289329397384,11.181032582308283
-1.9898437500000001,3.0440401939762456,0.24595627833173744,0.022858020001199304,0.09293529791652314,0.2230982583305382,1.5573495232635077,2.2515339728881907,17.021826624360898,10.929997646700894
-1.98828125,3.1574358369282387,0.24752807263620627,0.023113285497595327,0.09337642091030654,0.2244147871386109,1.5987830160988716,2.346874276027734,18.049629152642808,11.28960526281109
-1.98671875,3.3030860008056258,0.24911491040277253,0.023525424850690747,0.09443603681792674,0.2255894855520818,1.648523794278131,2.4712187902435536,19.365415451902365,11.747125227502252
-1.9851562500000002,3.4215579157633447,0.2504168025006631,0.02380209501309839,0.09504991188854174,0.22661470748756474,1.6914761745009927,2.5728288961765338,20.667724031519114,12.218749718787118
-1.98359375,3.48396814996229,0.2514182164787557,0.02377582686822849,0.09456684245565594,0.22764238961052716,1.720573212667942,2.6282290432122073,21.005727476892215,12.208563589293869
-1.9820312500000001,3.495226838505182,0.25215200929445425,0.02347954320760603,0.09311662149075896,0.22867246608684824,1.7370396991951957,2.640872967336062,20.475392292589294,11.787521207532528
-1.98046875,3.484755962647812,0.2527732824203075,0.023068412843559948,0.09126127818050861,0.22970486957674752,1.748346993518999,2.635252021531609,19.582404467458133,11.200525147495748
-1.97890625,3.49327373833009,0.25349154046926725,0.022752009254632825,0.08975451098886367,0.23073953121463442,1.764722588983922,2.6455915584125056,19.001370412313253,10.767341298245473
-1.9773437500000002,3.5570128539263846,0.2544877821345918,0.02271140154576531,0.0892435831506986,0.2317763805888265,1.7951681719929846,2.702575190159915,19.311796982959493,10.757653396628381
-1.97578125,3.688893449863447,0.2558194197330261,0.02300407401189297,0.08992309511099701,0.2328153457211331,1.8429430119259091,2.8179494431432626,20.70824046973106,11.236506140301413
-1.9742187500000001,3.854642992660245,0.25714617435154125,0.023445406276031942,0.09117540377629739,0.23370076807550932,1.8994253006877253,2.962652869554505,22.687279287567012,11.944286137155604
-1.97265625,3.9913186202752775,0.258209993082559,0.023773073184733456,0.09206875729682683,0.2344369198978256,1.9483395543635218,3.080890122151032,24.128790243497622,12.38428393524041
-1.97109375,4.06543305097432,0.25893717138351013,0.023764923905537652,0.09177872677978544,0.23517224747797252,1.981934133510182,3.1559476858797306,24.8077090375038,12.516919012624871
-1.9695312500000002,4.0838623965132355,0.25942321883271613,0.023509463379957796,0.09062204796370753,0.2359137554527584,2.0015446308668374,3.165262512943442,24.08608137345529,12.033746838322555
-1.96796875,4.077423643303491,0.2597664234265499,0.023111226590564728,0.08896926048296434,0.23665519683598518,2.015440621229289,3.160701496308723,23.2294170475268,11.525726336387104
-1.9664062500000001,4.0927727995356795,0.26023880589223003,0.02283693847150465,0.08775377827764039,0.2374018674207254,2.034967746258118,3.1770361263236726,22.6698888416234,11.140171082961196
-1.96484375,4.168529569264629,0.2609699510724822,0.022820184168594652,0.08744372321339225,0.23814976690388762,2.070132583284325,3.244311595614288,23.098198681946673,11.157835429700215
-1.96328125,4.320779883102534,0.26207205769487646,0.0231706679813072,0.0884133477834718,0.23890138971356928,2.1245801635764625,3.3784547373172105,24.667722954994353,11.610634128047847
-1.9617187500000002,4.511158995469922,0.26322882760703303,0.023676176785979802,0.08994522750876399,0.23955265082105326,2.188892817404668,3.5464753951341015,26.871551620933953,12.276321347152614
-1.96015625,4.668779449413942,0.26414691980714833,0.024037241885003557,0.0909995161122945,0.24010967792214472,2.2450249105360607,3.6850101566184197,28.5541833312096,12.718871491003418
-1.9585937500000001,4.758180798240718,0.26476444132483185,0.024084868747867274,0.09096715792857639,0.2406795725769646,2.2842457744721707,3.7635895141793347,29.144421924426037,12.75888183755557
-1.95703125,4.785103797631904,0.2651156748993489,0.023852954357828072,0.0899718749820577,0.24126272054152081,2.308015209222995,3.7869957782457844,28.739518916767622,12.452049190110374
-1.95546875,4.785531474037957,0.2653581401753308,0.023498675375391413,0.08855456764908387,0.24185946479993942,2.325483447397144,3.7872503831575113,27.91237073876718,12.002824948080713
-1.9539062500000002,4.809476485880814,0.2657059628568281,0.023235856845981492,0.08744951222077693,0.24247010601084662,2.3492278421524473,3.8088306768079354,27.432494297421762,11.677238710182799
-1.95234375,4.902248583324977,0.26635840541355754,0.023276553473568936,0.08738809438894533,0.2430818519399886,2.3903607585244724,3.8914747470600575,28.003106332599945,11.715012569854004
-1.9507812500000001,5.07944077426819,0.267348156362835,0.02366084697676521,0.0885020016545526,0.2436873093860698,2.4529509863000887,4.049956097494755,29.85346134956045,12.170427177833648
-1.94921875,5.301354537367453,0.26848048247251655,0.024219741924153895,0.09021043802181483,0.2442607405483627,2.526952844357922,4.248699180047957,32.38671938334206,12.816511180908586
-1.94765625,5.488138175201537,0.26942624270911375,0.024624854755215933,0.09139738767690189,0.24480138795389786,2.5922642206628095,4.415706546269923,34.37341900356942,13.259998239986727
-1.9460937500000002,5.598945527477855,0.2700489538861316,0.02471454884251025,0.09151877275159283,0.24533440504362136,2.6387055631992626,4.51427140148474,35.1655749975337,13.326827929561675
-1.94453125,5.64009397305864,0.2703856594694811,0.024526077128152753,0.0907077586003449,0.24585958234132826,2.6679009005620498,4.549763269484203,34.86643804199608,13.068865501957262
-1.9429687500000001,5.6518999993909045,0.2705966167350849,0.02421990934841551,0.0895055882096519,0.2463767073866694,2.6900974638956314,4.5587697985149935,34.10455575528506,12.677814173281652
-1.94140625,5.690463198514777,0.270898892117685,0.024013327409300504,0.08864313626970663,0.24688556470838452,2.719395395921436,4.592173279872581,33.739500315714245,12.406985893377966
-1.93984375,5.805923734313432,0.27148142727346486,0.024095491475905957,0.08875557977538709,0.24738593579755885,2.768265306939157,4.695408932293985,34.525666082246275,12.471949850941474
-1.9382812500000002,6.016677578085973,0.27239994276263413,0.024522343681720293,0.09002330702796349,0.24787759908091384,2.841287772416297,4.885615892405077,36.73569283634142,12.9292404637706
-1.93671875,6.288932279126714,0.2737453353841517,0.025137468703638532,0.09182793441343093,0.2486078666805131,2.930632917620042,5.135392645570936,39.81144975473518,13.584591067470141
-1.9351562500000001,6.532203526306777,0.2751910619146294,0.025608216582782166,0.09305613490719558,0.24958284533184721,3.0136846307340743,5.362667551270275,42.369327424439156,14.058978498396769
-1.93359375,6.689197171265481,0.27631562810884347,0.02575865564264552,0.09322185581373967,0.250556972466198,3.0754218415015737,5.511442214877885,43.58403927267523,14.171727170733538
-1.93203125,6.7675959604108336,0.2771605479661783,0.025630420627561806,0.09247499622741931,0.2515301273386165,3.1177530733299026,5.587875943812679,43.58476043543519,13.979542128679446
-1.9304687500000002,6.813935494832476,0.27788932614177464,0.025387139002486646,0.09135701379740846,0.2525021871392879,3.1524519427799795,5.634756290535739,43.0861857755484,13.667515495114253
-1.92890625,6.892412542343204,0.2787199034700837,0.0252468764973793,0.09058153430398688,0.25347302697270435,3.1956725279579317,5.7117751501922935,43.05127389625123,13.471741400162003
-1.9273437500000001,7.059945302532674,0.2798392788162611,0.02539675897943637,0.0907548042821807,0.25444251983682475,3.261668814542848,5.872487175843326,44.31494706369103,13.58658698458389
-1.92578125,7.337062529800835,0.2812984979949669,0.025887961392740157,0.09203021550866351,0.2554105366022268,3.3556476271134645,6.13763644024197,47.166093028481136,14.055734770057937
-1.92421875,7.685258065587584,0.2832674477466699,0.02655710507026187,0.09375276009127695,0.256710342676408,3.4689489058759726,6.477000528896559,50.96516881832987,14.691818819239783
-1.9226562500000002,7.992823097324673,0.28540105244964575,0.02705075969744113,0.09478156953262737,0.25835029275220456,3.573534142610006,6.7860330216175715,54.04970333671915,15.124999840422067
-1.92109375,8.185384358033707,0.2871777869860157,0.027177979863669217,0.09463816874176506,0.2599998071223465,3.649585519862732,6.987305843726281,55.39460051667962,15.1783264743891
-1.9195312500000001,8.273610515614944,0.28864625942151023,0.026987362352107542,0.09349631762488177,0.2616588970694027,3.6997145581841164,7.088907121204707,55.18435613330598,14.915841550865863
-1.91796875,8.319312525547888,0.28999226438511405,0.02666469130877687,0.09194966412402561,0.2633275730763372,3.7396282927455435,7.149537263331091,54.343131263776876,14.531693261920285
-1.91640625,8.407110209191373,0.2914651522240044,0.02645930741257483,0.09078034616035208,0.2650058448114295,3.7907917582430852,7.251702973172144,54.09469889379765,14.270026512579754
-1.9148437500000002,8.611486335662063,0.29328034022265687,0.026586619109583275,0.09065257865358059,0.2666937211130736,3.872072959041132,7.470294570593966,55.48325816899587,14.329083866936115
-1.91328125,8.958746192426753,0.2954956144448317,0.0271044044703841,0.09172523430273928,0.26839120997444765,3.9902856457339664,7.832982379547284,58.8527241461619,14.749000290012226
-1.9117187500000001,9.407153632694003,0.29859763069914014,0.027834091220800355,0.09321604848514463,0.2707635394783398,4.137398279629611,8.315204225591703,63.44874054897325,15.335420054037755
-1.91015625,9.809938024017745,0.3022014391412041,0.028373846319361677,0.09389050694131192,0.27382759282184244,4.276369512551344,8.773295447634055,67.17773495042883,15.709057590383393
-1.90859375,10.061630081389573,0.3054249007470574,0.028500879721173773,0.09331550784321033,0.27692402102588365,4.377636017690598,9.085077778454844,68.72801540730937,15.699801246510788
-1.9070312500000002,10.177772760846427,0.3083257779947104,0.0282726579482651,0.09169735379294217,0.28005312004644534,4.444856220344246,9.260018406805195,68.37197140554784,15.382268405580183
-1.90546875,10.239619639366882,0.31111430412273555,0.027899116516380648,0.08967481130463986,0.28321518760635483,4.4988752762544415,9.378431345120685,67.27074878594983,14.95279256595804
-1.9039062500000001,10.35641354661646,0.314072690403731,0.02766216721625363,0.08807568458338338,0.2864105231874774,4.567937446894699,9.556822637282083,66.91397948995657,14.648619922640348
-1.90234375,10.622671672961681,0.31744501756636645,0.02780558954391359,0.08759182852224301,0.28963942802245285,4.676673081080059,9.899985178933614,68.53609859551426,14.654883376985188
-1.90078125,11.070099167120862,0.3212951140782376,0.028392908992280988,0.088370186000921,0.29290220508595655,4.833770816224829,10.447355831806789,72.50673438638283,15.000035612571827
-1.8992187500000002,11.58483452926319,0.3248516782295551,0.02914423307156002,0.08971550718283614,0.2957074451579951,5.007406971970289,11.065593907312161,77.46259213357786,15.469601845263693
-1.89765625,11.971515435030122,0.32763227251434973,0.029589350342477026,0.09031268536337812,0.2980429221718728,5.146001887904345,11.536122637300641,80.84808467925023,15.71085406503315
-1.8960937500000001,12.143786620447289,0.32991802348451615,0.029521719724272824,0.08948198528977411,0.3003963037602433,5.2290426323391035,11.768762104794,81.37775929759874,15.562649804060996
-1.89453125,12.120942872812021,0.3317605885779794,0.028992902799667715,0.08739103979752258,0.3027676857783117,5.261487045577448,11.779931702314562,79.34539780672173,15.08041303141013
-1.89296875,12.014755874730087,0.3334094726262575,0.02825230875882015,0.08473757070030875,0.3051571638674373,5.272855249729748,11.693996637097076,76.2422676991191,14.45938947461658
-1.8914062500000002,11.97814537227951,0.3352275042336509,0.027662670794206284,0.08251909656829835,0.30756483343944463,5.303385158630441,11.687150205242183,74.04700109144412,13.962214486900702
-1.88984375,12.145671684402155,0.33755191016618186,0.02756112050548805,0.08165002085729361,0.3099907896606938,5.388335041447632,11.91726857050921,74.45000275716572,13.816884470711004
-1.8882812500000001,12.564561565056241,0.34048966452373425,0.028054537087824655,0.0823946803996721,0.31243512743590973,5.540287377568872,12.443992675589287,78.01024702634082,14.080541623559682
-1.88671875,13.10763643643539,0.343549836418488,0.02882306186705159,0.08389776041674891,0.3147267745514364,5.725085372715381,12.999486276738448,83.14754350769137,14.523371809258256
-1.88515625,13.551120134621781,0.34620555855459034,0.029344062413406473,0.08475907358598764,0.3168614961411838,5.883557065716344,13.385402989428412,87.02946298791089,14.791980772147868
-1.8835937500000002,13.79738504710191,0.3484180075339677,0.029408957549309583,0.08440711132429764,0.31900904998465807,5.9906759235313585,13.61010757834767,88.37506446902783,14.752102366594531
-1.88203125,13.864243696814242,0.35023935691944036,0.029069899706874763,0.0830000944570065,0.3211694572125656,6.051052322923124,13.695633276835952,87.43253754390174,14.44914584735653
-1.8804687500000001,13.855889281482348,0.3518970898479187,0.02855435185944559,0.08114404092340202,0.323342737988473,6.09238405082898,13.71079880224014,85.53421627293497,14.039531250709068
-1.87890625,13.91494586956682,0.35370898590962063,0.028180074419207765,0.07967022479436897,0.32552891149041285,6.152490807378056,13.775983401536857,84.4654573538771,13.728660472371006
-1.87734375,14.166920379945497,0.355960029678561,0.02823203378622207,0.07931237058193348,0.3277279958923389,6.264573745373822,14.018909090431748,85.76596635894276,13.690630814630934
-1.8757812500000002,14.656131829609773,0.35873520027444616,0.028795191929001172,0.08026865472630439,0.329940008345445,6.440557161570413,14.359517030158406,89.95933634772172,13.967632627265862
-1.87421875,15.269317630159042,0.3617700194002881,0.029600928457280164,0.0818225028882993,0.3321690909430079,6.650468154940786,14.821521555837347,95.65034496443187,14.382498004049689
-1.8726562500000001,15.784912391874379,0.36459080859149884,0.03017542744237473,0.08276518971761684,0.33441538114912406,6.835340206630673,15.197698659769477,100.10186572357048,14.644752521091185
-1.87109375,16.09315442981977,0.3669822937542882,0.0303074830706797,0.0825856821609273,0.3366748106836085,6.965889562115658,15.425050806605011,101.94986730330024,14.63558478701123
-1.86953125,16.21304714064304,0.36899732386700723,0.030049927886904006,0.08143670954571611,0.33894739598010326,7.047046578094675,15.536497430117521,101.4485119538534,14.39589065143972
-1.8679687500000002,16.25493644216022,0.3708586313980619,0.029625478988459235,0.07988348249244512,0.3412331524096027,7.108354170684224,15.609989631419031,99.9715819957351,14.063956240114045
-1.86640625,16.36959840281226,0.3728730111178793,0.02934091685640562,0.07868876529422465,0.3435320942614737,7.190142684169111,15.718607747219172,99.36225804680988,13.819233137831969
-1.8648437500000001,16.68948138330918,0.3753120776308933,0.029467842906555353,0.07851557320661547,0.34584423472433795,7.327814573670552,15.92515594867697,101.21199314003977,13.812029783573248
-1.86328125,17.261259884002396,0.37825490685589913,0.030085320989069464,0.07953715984583602,0.34816958586682967,7.534087745092619,16.38292921068943,106.06403763267545,14.077887226859152
-1.86171875,17.964825607466288,0.38145337271931745,0.030934570910777556,0.08109659822968705,0.35051880180853984,7.776857955176477,16.83283743987427,112.47211443453304,14.462410794023658
-1.8601562500000002,18.559055101617528,0.3844405685091242,0.03154838941641132,0.08206311196229166,0.352892179092713,7.991334056323581,17.30527447475331,117.5209411450219,14.70604786594136
-1.85859375,18.92082741416596,0.3869909570651051,0.03171177429054413,0.08194448400304383,0.35527918277456094,8.144363422491208,17.55149655685884,119.71306267341828,14.698885163059225
-1.8570312500000001,19.07154392702489,0.3891584762562686,0.031478651097339334,0.08088902855249648,0.35767982515892927,8.241543398714452,17.699808087761152,119.32624655813925,14.478628672482902
-1.85546875,19.135103831330134,0.39117038253057235,0.031076265156922238,0.07944432028795902,0.36009411737365005,8.316346243053557,17.793663344720674,117.86919232269871,14.173194438741893
-1.85390625,19.280646061177208,0.3933390431466825,0.030816973797144046,0.07834710114361035,0.36252206934953846,8.414452763506711,17.92299350393606,117.36774607229614,13.948351648168657
-1.8523437500000002,19.656616018675347,0.39594047381531255,0.03097678401504586,0.0782359623823026,0.36496368980026667,8.575951001900313,18.216088472340925,119.5723580973095,13.942752013253564
-1.85078125,20.31526435510697,0.3990550056349904,0.031636019432878554,0.07927734018155769,0.3674189862021119,8.815230724832038,18.800833952112814,125.08186204488405,14.189289645310708
-1.8492187500000001,21.12235616092784,0.40243874574367766,0.032532267312249945,0.0808378111111858,0.36990647843142777,9.096059693382522,19.29414494745907,132.31043069916956,14.545906157083245
-1.84765625,21.807207345900114,0.40561606140094375,0.033189404202141386,0.08182467944565512,0.3724266571988024,9.344988847472623,19.864164997583106,138.04761317338014,14.772367888990631
-1.84609375,22.231011975989333,0.4083482570799163,0.0333870743148988,0.08176127542125089,0.37496118276501755,9.524268004485693,20.159088689197024,140.6379525415673,14.766274161471552
-1.8445312500000002,22.41794522599072,0.4106904792668874,0.03318041168692704,0.08079177230053278,0.3775100675799603,9.640271698356722,20.338328452873426,140.38703932070766,14.562560445743244
-1.84296875,22.5073474222979,0.4128750656732818,0.03280174280124276,0.07944713916727436,0.380073322872039,9.73099982465244,20.470088288257756,138.9583183038757,14.279963087846305
-1.8414062500000001,22.68922703290228,0.4152207270144474,0.032569768386535414,0.0784396497273176,0.3826509586279121,9.848287387508794,20.64853569406267,138.586228737343,14.072114600668607
-1.83984375,23.130168987255484,0.41800856240758244,0.03276557883547855,0.07838494658281718,0.38524298357210396,10.037602916106309,20.990509643150325,141.20206448659982,14.067309263651723
-1.83828125,23.888701071540932,0.42132038225970586,0.03347097711321052,0.07944305218202972,0.38784940514649535,10.315246524235159,21.627145023328065,147.46713848940527,14.296036274357435
-1.8367187500000002,24.814638301561654,0.4249176056612842,0.034419586978768,0.08100296744636414,0.39049801868251627,10.640283341255802,22.334486603281835,155.63697787976375,14.627145996790246
-1.83515625,25.603650762902248,0.428314559618943,0.03512501444615566,0.08200751914061757,0.3931895451727873,10.929288155600474,22.89258616805369,162.16403266927747,14.83756584697422
-1.8335937500000001,26.098944287500043,0.43125696796434276,0.03536052082656274,0.08199408578480388,0.39589644713778005,11.139155520328622,23.298903509235622,165.21160493977703,14.8316095092012
-1.83203125,26.327917986460772,0.43380133592953735,0.035182597752977496,0.08110301845334157,0.3986187381765598,11.277170055913029,23.538128843134928,165.11804200415443,14.641797648300697
-1.83046875,26.44755740210253,0.4361858256966369,0.03482939511085092,0.07984990125532973,0.4013564305857859,11.386569030088777,23.690875941709503,163.72429022038204,14.37872020867251
-1.8289062500000002,26.67165253970535,0.438736545472931,0.03462701013462352,0.07892438068339562,0.4041095353383075,11.526292151164533,23.928171592041473,163.503018673866,14.185222492156495
-1.82734375,27.187404476545566,0.4417406324523204,0.03486257039068722,0.07892090477877907,0.40687806206163324,11.748007696457758,24.349662701272617,166.59123336740967,14.180381701455644
-1.8257812500000001,28.06041464132469,0.4452816882646486,0.03561966924836489,0.07999356404522683,0.4096620190162837,12.070204400655593,25.007779864810733,173.7204613652652,14.392503689152901
-1.82421875,29.122511846983485,0.4491292240455161,0.036627611057780694,0.08155250003074559,0.4125016129877354,12.446608153480806,25.74263421944713,182.96641113961797,14.700102138946969
-1.82265625,30.030976671840452,0.4527857998590792,0.03738792575007374,0.08257309695160495,0.4153978741090055,12.782259108395355,26.518046722277393,190.39647575108492,14.895369757137297
-1.8210937500000002,30.608278608798816,0.4559769861462098,0.03766602236076534,0.08260509522444992,0.41831096378544447,13.027757411874019,27.024291164977544,193.96559793166833,14.888640600175771
-1.81953125,30.88558828143635,0.45876085073618594,0.03751994709706512,0.08178541616368494,0.4212409036391209,13.191459780792293,27.261483427291523,194.05078631224654,14.710334529829545
-1.8179687500000001,31.04010615037892,0.4613823547668576,0.037194640758628134,0.080615655051271,0.42418771400822947,13.322683980360255,27.436071649040393,192.69661327657147,14.4637982527122
-1.81640625,31.312770683182716,0.4641763874999684,0.037024973574518255,0.07976487941132243,0.42715141392545014,13.48859845740234,27.671790109340794,192.64770548399554,14.282262615525735
-1.81484375,31.914239443766043,0.4674373828245231,0.03730536172834724,0.07980825475045873,0.4301320210961758,13.748035926910967,28.078522682520475,196.27484057046667,14.276573149352211
-1.8132812500000002,32.918076266015085,0.4712511458779904,0.038121594001371974,0.08089443248004721,0.43312955187661834,14.121997121178746,28.866038960995052,204.38823052252945,14.473040092609041
-1.81171875,34.135527124819625,0.47539279214864405,0.039197593366991954,0.0824530662104271,0.436195198781652,14.558005761449053,29.806462583944178,214.8579533959419,14.758749028998578
-1.8101562500000001,35.179925201288796,0.47935062370892956,0.04002035775269049,0.08348869444048451,0.43933026595623903,14.94769414645282,30.53994510713187,223.31101215836009,14.939495682105134
-1.80859375,35.849964884916155,0.48283003621319753,0.04034600164808352,0.08356149912402801,0.44248403456511404,15.234334835476078,30.98738133161284,227.46360279176488,14.930983547904708
-1.80703125,36.18124231382624,0.48589090091706544,0.04023436585752547,0.08280534947575174,0.44565653505954006,15.427554899546104,31.28146998183874,227.73825422924736,14.76178537118333
-1.8054687500000002,36.37423892780396,0.4887863112240118,0.03993851466604994,0.08170956049492563,0.4488477965579617,15.583778958156737,31.530053009366735,226.4139809280356,14.528823948027563
-1.80390625,36.701058448716275,0.4918618833594861,0.03980403653683,0.08092523101193125,0.45205784682265604,15.779770662820964,31.865399946869978,226.5472739421,14.356816634596129
-1.8023437500000001,37.399202981440574,0.4954211573244919,0.040134445088262895,0.0810107612379896,0.4552867122362289,16.0826980540572,32.44131726559023,230.7759784445218,14.34933228671191
-1.80078125,38.55125612538547,0.4995527539295396,0.041018336151557054,0.08211011915939226,0.4585344177779825,16.51646387259572,33.36593397135878,239.9991374532024,14.530903182697076
-1.79921875,39.94440169654321,0.5040254717499266,0.04217171521749381,0.08366980952585151,0.4618537565324328,17.02113868323286,34.362746516354164,251.8481416003197,14.796198203144284
-1.7976562500000002,41.141682530346245,0.5083100097744377,0.043063935353975014,0.08471982555111321,0.4652460744204626,17.472742051798633,35.20497479988661,261.44732452048885,14.963153679337676
-1.79609375,41.91503741752368,0.5121002832729828,0.04344119977737778,0.08482947812434774,0.4686590834956051,17.806242498139476,35.84723465052419,266.2434138630812,14.952251374252608
-1.7945312500000001,42.30517996884113,0.5154582151016731,0.04336538838787109,0.08412978417526501,0.47209282671380204,18.032760750124886,36.23537844882111,266.71128945782976,14.790374760336276
-1.79296875,42.539240202646,0.5186465002909332,0.04309915454816143,0.08309928732573166,0.47554734574277174,18.21699445070949,36.52236565557606,265.39761566669233,14.568682906765448
-1.79140625,42.92493231442157,0.5220236325731614,0.04300095163483354,0.08237357267308579,0.4790226809383277,18.446857421311485,36.94061325307345,265.7144383067053,14.404320055064114
-1.7898437500000002,43.73038132565923,0.5259042652397665,0.043385393919209224,0.08249675233082444,0.48251887132055726,18.79918739870588,37.62175524133382,270.6036884188157,14.394435391257595
-1.78828125,45.048402022315656,0.5303805328299526,0.04434457828012474,0.08360898550238123,0.4860359545498278,19.301235720921028,38.70236596275434,281.06512914083146,14.562027696298163
-1.7867187500000001,46.63786749429787,0.5351923898460874,0.04558242587955949,0.0851701682317797,0.489609963966528,19.883937993751477,39.694010010263355,294.4518415517935,14.808527447848858
-1.78515625,48.00503590712681,0.5397895305995299,0.04654769395748347,0.08623304328593438,0.4932418366420465,20.405340276424592,40.8080058089694,305.32258559284924,14.962876455709251
-1.78359375,48.89268960450204,0.5438738263540238,0.046977905664907116,0.08637647812514476,0.4968959206891166,20.79141241251493,41.52187287358223,310.82937152962035,14.949892069021896
-1.7820312500000002,49.347236515838254,0.5475094204907525,0.04693715912964186,0.08572849593632634,0.5005722613611107,21.054982795724747,41.919686139846036,311.504503154054,14.79481157388101
-1.78046875,49.625628165892415,0.5509696850091607,0.04669878250373233,0.08475744450977533,0.5042709025054284,21.27018467590886,42.18296913459085,310.19272953982335,14.583452577689902
-1.7789062500000001,50.07546834687262,0.5546275227214965,0.04663563618358088,0.08408460502418798,0.5079918865379156,21.537642461179423,42.58284921812428,310.7031379951566,14.426051437857428
-1.77734375,50.999217574267526,0.55881009327737,0.04707483886024512,0.08424121079158664,0.5117352544171248,21.945210736453824,43.34905440504251,316.3180567401262,14.413990393570527
-1.77578125,52.50119548154901,0.563613518528863,0.048112472910459524,0.0853642989899215,0.5155010456184035,22.523948436744096,44.79048383300374,328.1512197628319,14.568991785983112
-1.7742187500000002,54.30780182011544,0.5687267393029195,0.04943615059653918,0.08692425936774555,0.5192905887063803,23.19386301227132,45.80831774869696,343.2420069049848,14.798828755838718
-1.77265625,55.86296508275285,0.5735766916446893,0.050472715905051035,0.08799645564453501,0.5231039757396382,23.79288286658642,46.91966694642728,355.52675452114465,14.94256734312887
-1.7710937500000001,56.87881144521589,0.5778939836358479,0.050954009052836494,0.08817189743394954,0.5269399745830116,24.237629743448544,47.765785026325524,361.84768314481425,14.929169517601945
-1.76953125,57.4077450603539,0.5817450107121775,0.050946385998137285,0.08757511462929136,0.5307986247140402,24.542798711281083,48.30206855168176,362.7961145425975,14.782181886038876
-1.76796875,57.738803665403665,0.5854138089429742,0.05073384479183488,0.08666321842226465,0.5346799641511393,24.792883160684113,48.59584296233745,361.5354593771773,14.582227368799547
-1.7664062500000002,58.262666610016666,0.5892874970489802,0.05070346762010863,0.08604198778019259,0.5385840294288715,25.102473580554253,48.99610468650521,362.3021589487519,14.432926611240852
-1.76484375,59.319001923135886,0.5937054288206384,0.05119457324756975,0.08622891212105778,0.5425108555730687,25.57153770377669,49.542863907310426,368.7472483239284,14.420221912171815
-1.7632812500000001,61.1147378402883,0.5992826133927937,0.052755239461467346,0.08803065245426946,0.5465273739313263,26.235329362962506,50.62132333253151,382.88603729385324,14.59429123212721
-1.76171875,63.183728210000496,0.604793563824775,0.054214782638706424,0.08964179826228096,0.5505787811860686,27.001549243955232,51.983411432788344,401.3163506631405,14.862715729282911
-1.76015625,64.97233157774248,0.610004255558088,0.05537352598138355,0.09077563882029438,0.5546307295767046,27.68646195135257,52.92407216611099,415.33318476466087,15.001309502616696
-1.7585937500000002,66.14781245302372,0.6146251951874343,0.05589593355944443,0.09094312110390881,0.55872926162799,28.19719276038131,53.58693276358886,421.7336957736189,14.956584485466198
-1.75703125,66.7878713171512,0.6188250397880151,0.0559527476853528,0.09041771759029013,0.5628722921026623,28.55038488954194,54.213974039533866,422.96334716271616,14.81462855226335
-1.7554687500000001,67.1991540346752,0.6228147257232576,0.05575986430364456,0.08952881491183781,0.5670548614196131,28.84144234294474,54.70883720190763,428.0163433143116,14.84032380298116
-1.75390625,67.81094909214863,0.626953242825548,0.05568808594098428,0.08882334779864867,0.5712651568845637,29.199686144455143,55.528298632346406,422.266581856317,14.461339747533657
-1.75234375,69.01542488822899,0.631654505236531,0.05615506895095812,0.08890155691983886,0.5754994362855729,29.7378786189589,56.183592061567516,433.42206881447663,14.574747390964044
-1.7507812500000002,70.9571884836816,0.6370953807239952,0.05733243196971034,0.08999034321133795,0.5797629487542849,30.495724039311778,57.6484828087464,444.23970968133386,14.56727864892364
-1.74921875,73.26195614795431,0.6426771111696568,0.05873907473637182,0.09139748983664304,0.583938036433285,31.367530721421502,59.258904505524974,463.47140910871354,14.77551463087274
-1.7476562500000001,75.2545639944841,0.6478560140670864,0.05984460740247776,0.09237331459931584,0.5880114066646085,32.147004439504016,60.69351930400968,479.26192561434806,14.908447426765665
-1.74609375,76.58327054772506,0.6524771829293913,0.060371712334468954,0.09252693260999774,0.5921054705949225,32.73198403771494,61.60292756369249,487.24662222284803,14.88594830247459
-1.74453125,77.31250438119082,0.6566100093590739,0.06038979001414667,0.0919720825960207,0.5962202193449271,33.141076996790744,62.227937324763474,489.17201939680405,14.76029337984923
-1.7429687500000002,77.7980789728178,0.6605526834147035,0.060197041240466626,0.09113132495243251,0.6003556421742369,33.48086316106003,62.67349387483976,488.42646014705235,14.588227842199645
-1.74140625,78.5367016532322,0.6647879303668023,0.060268160471066416,0.09065772364100076,0.604519769895736,33.89579285387527,63.32430549839082,490.2431513620686,14.463244847981764
-1.7398437500000001,79.91434778710419,0.6695210478875588,0.0608116187028832,0.09082853913966282,0.6087094291846757,34.51180355550075,64.19506966027033,499.0098459977533,14.45910658349866
-1.73828125,82.09058173041258,0.6749279413627317,0.06200807355465078,0.09187362050747475,0.6129198678080808,35.37321979784721,65.61897848370151,516.1834707876908,14.592493240298847
-1.73671875,84.68452948718132,0.6804615062720234,0.0635018626711934,0.09332175602275392,0.61695964360083,36.36011285109601,67.57044654945655,548.7355666584814,15.091690416520276
-1.7351562500000002,86.9310002252176,0.6854631536212392,0.06463447155899052,0.09429313773837808,0.6208286820622486,37.2433750048799,68.99487050148088,554.6458169520439,14.892469248003708
-1.73359375,88.46396667357948,0.6899319655553562,0.065218296626769,0.09452859105357145,0.6247136689285872,37.91218575021174,69.98862290488147,564.4913470261819,14.889443482509556
-1.7320312500000001,89.34414357391904,0.693899277196958,0.06528546182796899,0.09408492554091277,0.628613815368989,38.38704720604939,70.58457062745414,567.298875498093,14.778393150507622
-1.73046875,89.9802027750418,0.6977552724464238,0.06522428211818837,0.09347730457055992,0.6325309903282355,38.785600220353935,71.06067094932433,567.555670507504,14.633154244952532
-1.72890625,90.85623757275427,0.7017409402915401,0.06526314330756605,0.09300176113488877,0.636477796983974,39.26733284117085,71.67447192498575,570.1864681618638,14.520631448745535
-1.7273437500000002,92.4497473308894,0.7062913351912151,0.06585163180967102,0.09323579170321115,0.6404397033815441,39.97133115036728,72.66352632919956,580.3407832511848,14.518925603653615
-1.72578125,94.91885754918056,0.711510888543676,0.06709425956400165,0.09429828923817388,0.6444166289796743,40.94658806145859,74.1378607128491,599.6541071633217,14.644788138715578
-1.7242187500000001,97.84760330743231,0.7167628142200452,0.06861794009151564,0.09573311942275235,0.6481448741285294,42.05841401243639,76.19634625898736,623.6109708473219,14.827258361737664
-1.72265625,100.40444652761576,0.7213873589840656,0.06976461786380345,0.09670895531362429,0.6516227411202622,43.055450219738404,78.06955813186208,643.5565561500341,14.947156582164855
-1.72109375,102.19416998595882,0.7254759627171145,0.07036319900943833,0.09698901497150653,0.6551127637076761,43.81936244879486,79.47830541792183,655.2220938206752,14.952798425270002
-1.7195312500000002,103.28069831189818,0.7290583099818102,0.07044837965128135,0.09662928010934958,0.658609930330529,44.37237980860948,80.45061431114299,659.6629739729644,14.866522300996158
-1.71796875,104.08281575827738,0.7324351544445522,0.07032106391794377,0.09600995185884037,0.6621140905266084,44.84262651743788,81.25375492950673,659.7535246094436,14.712642319309426
-1.7164062500000001,105.16882831866907,0.7360102754104225,0.07038518394367518,0.09563070828654693,0.6656250914667472,45.40393391141336,82.27491841673434,663.4413021210247,14.61197841172641
-1.71484375,107.0240777938473,0.7400945158766367,0.07094778397776158,0.09586313971496524,0.6691467318988751,46.20800632554115,83.98805044800784,675.2780260592135,14.613874948462305
-1.71328125,109.8428051642225,0.7448696331160773,0.07219019209221524,0.09691654604070216,0.6726794410238621,47.30840134279641,85.80285981801495,697.0744889451993,14.734687056833764
-1.7117187500000002,113.16295760842407,0.749579278010259,0.07369069847363663,0.09830941254038784,0.6758885795366225,48.555522391214325,87.96291828576092,724.2967854591196,14.916877623587764
-1.71015625,116.09970200773009,0.7536159091389051,0.07484896743458028,0.0993197815052817,0.6787669417043249,49.67733589623051,89.94726073398405,746.68434663516,15.030684177486618
-1.7085937500000001,118.19902246327686,0.7570482000436434,0.07539630358773922,0.09959247453912798,0.6816518964559042,50.54980547589212,91.48181790127158,760.3954266910858,15.042499561224396
-1.70703125,119.56043659765675,0.7600250021316696,0.07548629863826545,0.09932080974513509,0.6845387034934041,51.19660045098484,92.59471894076596,766.5017947327899,14.971732263094925
-1.70546875,120.6195187600789,0.7627962192427168,0.07537437377639103,0.0988132503478067,0.6874218454663258,51.75517597895302,93.54442040713184,768.7285486060703,14.853172345867101
-1.7039062500000002,121.97314011387857,0.7657164926336666,0.07540299737112648,0.09847377991269245,0.6903134952625403,52.41225846700174,94.70831142150656,786.3676562466844,15.003506417144264
-1.70234375,124.1782448973521,0.7691972921014443,0.07599337422058777,0.09879568610151258,0.6932039178808563,53.33100477506223,96.77322645360844,789.4762524546545,14.80332605366206
-1.7007812500000001,127.39861324092765,0.773249896164619,0.07715857703097455,0.09978478809203496,0.6960913191336444,54.56923395486543,98.99349775575425,814.0189345551316,14.91717723632353
-1.69921875,131.1689322772479,0.7772400412942715,0.07860361550920915,0.10113171135434204,0.6986364257850624,55.96360989572459,101.46408858984056,844.5269390296595,15.090644449191942
-1.69765625,134.5200142906249,0.7805038495298707,0.07968119438890037,0.10208943163687866,0.7008226551409703,57.22430593234643,103.65612991655858,869.8096102983903,15.200002798229214
-1.6960937500000002,137.01736860786616,0.7832778098597961,0.08026479473311403,0.10247295879284661,0.7030130151266822,58.223456359303626,105.36918632318562,886.3777196758236,15.223722106188356
-1.69453125,138.69105296009684,0.7854752504384519,0.08026931442785692,0.10219203518258613,0.7052059360105951,58.985786734367395,106.67542765808683,894.6467348368524,15.16715779117678
-1.6929687500000001,140.06920218487738,0.7875537819455043,0.08014708285835846,0.10176712333266953,0.7074066990871458,59.65620484350373,107.83429690652929,899.6220211162474,15.080108154319037
-1.69140625,141.78900778358872,0.7898535870772299,0.08024275389485289,0.10159193451508242,0.7096108331823772,60.431869277006776,109.20429174143548,907.2463175371604,15.012713132842824
-1.68984375,144.38658016446092,0.7925955190989927,0.0807750197637575,0.10191203182120054,0.7118204993352352,61.48531834532212,111.38661999937707,925.2585607796902,15.048447103796853
-1.6882812500000002,148.07818973322438,0.7959090758229529,0.08187736179965847,0.10287275806598768,0.7140317140232945,62.87799443872922,114.04081012962183,953.5900182282141,15.1657193703503
-1.68671875,152.3340905506486,0.7991554035804629,0.0831997149097525,0.10410955683586959,0.7159556886707105,64.43551333413775,117.17538915021811,987.4753833742386,15.325017715829649
-1.6851562500000001,156.13717226478184,0.8017455823535604,0.08412817511917609,0.10493126120160715,0.7176174072343844,65.8540080894306,119.99099394982447,1017.6301801098621,15.452820711047794
-1.68359375,159.0697625131681,0.803918951625346,0.08461609686779467,0.10525451190909192,0.7193028547575513,67.00298945859868,122.21961265765466,1037.9815237289736,15.491570333146779
-1.68203125,161.1478395055139,0.8055475358730135,0.08454239897638795,0.10495022976485799,0.7210051368966255,67.90791989846237,123.9397983928964,1049.5908154441943,15.45608843583442
-1.6804687500000002,162.94453604088108,0.8071176913513328,0.084378016459565,0.10454239494898622,0.7227396748917679,68.71926358563412,125.46544858661287,1056.7304908975984,15.377500219872987
-1.67890625,165.09254331459337,0.8088371829964349,0.08435440931280659,0.10429096372684736,0.7244827736836283,69.64204065533899,127.172957525366,1068.058172818555,15.336399720169231
-1.6773437500000001,168.20622275814796,0.8110338603459588,0.08482385975832327,0.10458732231246222,0.7262100005876355,70.85593886861422,129.42613315325025,1089.157594865014,15.37143692195798
-1.67578125,172.4779363629269,0.8137234750715425,0.0858105206971227,0.10545415405347405,0.7279129543744197,72.42525970433202,132.40408992113544,1122.0379298273315,15.492356318885498
-1.67421875,177.3387062492957,0.8178922305205218,0.08722487818001294,0.10664593075361702,0.7306673523405087,74.21118353995318,136.0275441863018,1161.206278231013,15.647321910798695
-1.6726562500000002,181.7453056284976,0.8230909077445472,0.08859447220476269,0.10763631498193962,0.7344964355397845,75.8995541610156,139.25510410114444,1195.8947280743412,15.756281328574527
-1.67109375,185.23467738320562,0.827855427117615,0.08952368088412913,0.10813926919079113,0.7383317462334857,77.31545087307512,141.9885594971225,1220.8958675632236,15.791098076469952
-1.6695312500000001,187.89991594210525,0.8322441770155691,0.09007105593518441,0.10822671809874305,0.7421731210803848,78.4866711776633,144.1512406782339,1237.1757836018023,15.762877505676315
-1.66796875,190.2510919368067,0.8364881151641164,0.0904677205460394,0.10815183014081427,0.7460203946180769,79.56860315358819,146.07805052177184,1250.0276377070304,15.710061357922177
-1.66640625,192.9777890514381,0.8409028510658966,0.091016345940753,0.10823645778508674,0.7498865051251435,80.77115192496152,148.19757995036716,1266.569929540672,15.680969001374999
-1.6648437500000002,196.66985802131364,0.8457256338301087,0.09196509861173668,0.10874105612153036,0.753760535218372,82.27684666180726,150.8519321033595,1292.9670415904243,15.714834659440308
-1.66328125,201.53545746751786,0.8510318313061046,0.0933917437719567,0.10973942493857784,0.7576400875341478,84.14954561483536,154.1240518468616,1331.3404894034516,15.82112511334511
-1.6617187500000001,207.00917306781074,0.8566654566528968,0.09505549312119674,0.11095987632393968,0.7616099635317002,85.3211340518705,157.67922084699643,1375.9321571098485,16.126510417376288
-1.66015625,211.8907567577978,0.8621363580844575,0.09646452405968743,0.11189010085831164,0.7656718340247701,74.70445390685205,161.15984093944033,1414.3279909819034,18.932311489023256
-1.65859375,215.52951594166407,0.8671006202995619,0.09735944202078828,0.1122815965546801,0.7697411782787738,67.96650413518084,163.99782148082335,1439.6971279590693,21.182450771568416
-1.6570312500000002,218.04903009213643,0.8716240931851565,0.09780625704942567,0.11221151160704432,0.773817836135731,63.240815592166086,166.12111211773617,1453.3262240625488,22.980826709049886
-1.65546875,220.12408941403575,0.8759781993363125,0.09807655403407628,0.11196232293039288,0.7779016453022363,59.801883296664194,167.99798262507306,1462.215543507426,24.450994900172144
-1.6539062500000001,222.66331306904257,0.8805221148533575,0.09852967350865688,0.11189914693405065,0.7819924413447008,57.35544914832511,170.3021045987048,1475.7673282094272,25.730202624566537
-1.65234375,226.4536659438197,0.8855621442258577,0.09947208654099998,0.11232648910027276,0.7860900576848576,55.75312566790616,173.42372368131788,1502.1064566170628,26.94210304126031
-1.65078125,231.7645145667415,0.8911863627959835,0.1009920372004894,0.1133231402729725,0.7901943255954941,54.84187892644397,177.51560651040194,1544.0128919578046,28.15390213068181
-1.6492187500000002,237.86528473094194,0.8971570832790545,0.10280200647752208,0.1145864067658999,0.7943550768015326,54.26616852294913,182.0553788294943,1594.0458867556965,29.374579597997148
-1.64765625,243.30846517877248,0.9029321161187336,0.10435890033414164,0.11557779203018034,0.798573215784592,53.72804354168392,186.07539007954065,1637.2508346287316,30.472928599354276
-1.6460937500000001,247.36519714940894,0.9081985075319202,0.1053995671308981,0.11605344674847272,0.8027989404010221,53.1546609756125,189.06567876772726,1665.97926629045,31.342110658081435
-1.64453125,250.17445923323885,0.9130231095131798,0.10599101627549959,0.11608798854172878,0.8070320932376802,52.541559892216284,191.26877899589724,1681.6716154142302,32.00650340157411
-1.64296875,252.4869674106296,0.9176817273397273,0.1064092124370426,0.11595437641055888,0.8112725149026847,51.9883099185474,193.19845808794835,1692.1073527530955,32.54784307095579
-1.6414062500000002,255.3114423600597,0.9225391281670197,0.10701908414479017,0.11600492692101301,0.8155200440222293,51.63059788641327,195.50293844816528,1707.7220721375616,33.07577564556836
-1.63984375,259.51969479856143,0.9279062833607787,0.10813176612317338,0.11653306811495179,0.8197745172376055,51.57676307709192,198.7633822915725,1737.5228948492047,33.688095009997525
-1.6382812500000001,265.40814693679584,0.9338729400084717,0.10983717080601581,0.11761468407577953,0.824035769202456,51.8451427818967,203.20303523198268,1784.5803293423116,34.4213601040646
-1.63671875,272.1591851141297,0.9402429486886142,0.11185917371679113,0.11896837287937609,0.828383774971823,52.240381597864186,208.30871768698066,1840.6393219346778,35.23403286184899
-1.63515625,278.17152631920004,0.9464692149874734,0.11364916724853363,0.12007698237711598,0.8328200477389398,52.522651999362104,213.01741794803343,1889.1618935596234,35.968516852168236
-1.6335937500000002,282.64956996912065,0.9521910561992403,0.11492620771218208,0.12069658390924275,0.8372648484870582,52.627343975459084,216.77809807191423,1921.7226392677287,36.515668359852185
-1.63203125,285.74898839824334,0.9574760261947042,0.11575800566775749,0.12089911653225865,0.8417180205269466,52.57849292665365,219.67142905614136,1939.9253907869847,36.89579679457828
-1.6304687500000001,288.29769091231486,0.9626032106729845,0.11642380550143441,0.12094682856920773,0.8461794051715501,52.49344341130404,222.2509064440679,1952.352091658713,37.192303738990184
-1.62890625,291.40479505851505,0.9679415008673553,0.11729265913452462,0.12117742552563429,0.8506488417328304,52.52282939896608,225.2955300048514,1970.4963966737387,37.51695061409864
-1.62734375,296.02602169650197,0.9738052981910745,0.11867913067226887,0.1218715187653275,0.8551261675188059,52.78981263707178,229.4385167384507,2004.2638286111655,37.966867630131844
-1.6257812500000002,302.4832589845677,0.9802857585070626,0.12067454067622624,0.12310139123107217,0.8596112178308364,53.32747430158324,234.93536355715798,2057.0155990481157,38.573280021008706
-1.62421875,309.8753120266945,0.9871587208988825,0.12300104049447266,0.12460107770964221,0.8641576804044099,53.96911381892272,241.13787810322083,2119.6611410074656,39.275448326228904
-1.6226562500000001,316.441839637076,0.9938686580116425,0.12510215501421482,0.12587393113341272,0.8687665029974275,54.47631778528118,246.7975123681115,2173.968628714175,39.90667352523511
-1.62109375,321.3096538865279,1.00007496609008,0.1266909171417151,0.1266814203309471,0.8733840489483649,54.77160797116335,251.28747330682972,2210.631745922255,40.36090645880122
-1.61953125,324.6532961623752,1.0058459470365988,0.1278357817386383,0.12709280393808342,0.8780101652979605,54.88243063225859,254.72260452412115,2231.436873460246,40.65849212131396
-1.6179687500000002,327.3855822692274,1.0114655439771332,0.12882084672192304,0.12736058829586328,0.88264469725521,54.93019750653308,257.7518535411948,2245.8707815148377,40.885903992020545
-1.61640625,330.7254599846854,1.0173093236541484,0.13002183545849114,0.12780953878556436,0.8872874881956571,55.07064639852031,261.252854456964,2266.622181715721,41.15844519625291
-1.6148437500000001,335.7213671798818,1.0237142515900501,0.1317596510958964,0.1287074502394053,0.8919546004941539,55.43326354562996,265.99876335532923,2304.609987281234,41.5744958870082
-1.61328125,342.70998633978326,1.0307696098715742,0.13413135618703648,0.13012738724781397,0.8966382536845375,56.05466001561545,272.20339744859075,2363.52728451552,42.164688606747404
-1.61171875,350.7003125507771,1.0382160957905586,0.13686481630319586,0.13182690661232618,0.9013512794873627,122.30739229551982,279.22120451050114,2433.3476467188607,19.8953440266259
-1.6101562500000002,357.7624898347437,1.045494084491032,0.13940016430761365,0.13333424490438556,0.9060939201834185,101.04300963249031,285.63168463535504,2494.0065023860298,24.682622889570816
-1.60859375,362.94674888761784,1.0522926854476424,0.14144792866975767,0.13441880821359706,0.9108447567778847,89.65563586498442,290.7305911727946,2535.2812036226605,28.277990325567817
-1.6070312500000001,366.44727405080505,1.0586808376436587,0.14307721185624583,0.13514669083337483,0.915603625787413,82.33323181371905,294.6478266116039,2559.1456715477975,31.08277927602705
-1.60546875,369.44251733268766,1.0652522448760906,0.14486682136768286,0.13599297449453737,0.9203854235084077,77.18171020187776,298.1205275334677,2576.615217273644,33.383753878142976
-1.60390625,372.99304280244695,1.0719573864045278,0.14676150792908488,0.13690983409456264,0.925195878475443,73.46958976683429,302.1350666894356,2601.853084444996,35.41401405264858
-1.6023437500000002,378.4305598727311,1.0794410126134995,0.14941342633949217,0.13841740733728317,0.9300275862740072,70.8527948623746,307.54089344088226,2646.5872826505333,37.35332230424078
-1.60078125,385.8068749983107,1.0872785488619203,0.15239791130301045,0.14016455255419955,0.9348806375589097,108.29994247371856,314.63648860884706,2714.9347259848664,25.068662678594745
-1.5992187500000001,394.2846236723892,1.096003346217174,0.15605062312953244,0.1423815207025936,0.9399527230876414,106.94676442334915,322.60619951269473,2796.189027647159,26.145615930730123
-1.59765625,401.73913669124545,1.1050174550339253,0.1597603579540801,0.14457722565945827,0.9452570970798452,105.13522226807186,329.8909610960576,2868.7670886522187,27.28645097964875
-1.59609375,406.95970683983694,1.1133040386882533,0.16271557191870087,0.14615555703042266,0.9505884667695523,103.08242830682538,335.727251881317,2921.2112166736465,28.338595283947388
-1.59453125,410.3490122335733,1.1212121260282581,0.1652791632862195,0.14741114500045457,0.9559329627420388,100.81071812239105,340.2520424706703,2939.7869385684735,29.161452207883023
-1.59296875,413.09059885515836,1.129208048352055,0.16790159587933634,0.1486896910842681,0.9613064524727185,98.48643265299043,344.28624770556894,2959.965970198734,30.05455564248075
-1.5914062500000001,416.66131357946284,1.1377830198379726,0.17105370484256432,0.15033947761579658,0.9667293149954084,98.41890886933597,348.93572659341856,2982.968108095238,30.30889228873204
-1.58984375,421.83426795628895,1.1465912244667347,0.17440406692464278,0.1521065774820978,0.972187157542092,113.42925421740347,355.13730303262355,3033.2845177192075,26.741642080318027
-1.58828125,429.2606287685926,1.15614661827644,0.17848826743217905,0.15438203477882914,0.9776583508442609,111.40116112011113,363.20668732434007,3106.48648433895,27.885584432908928
-1.58671875,437.7399153174388,1.1665350990633008,0.18319086182275798,0.1570384482814583,0.9833442372405432,109.14266273524434,372.28312144351634,3189.04827911226,29.219080780979084
-1.58515625,445.1912728845647,1.177439947416544,0.18816211436621866,0.15980612410770567,0.9892778330503254,106.30776402781933,380.60516779226475,3275.4349837601026,30.81087269320202
-1.5835937500000001,450.32600101534337,1.1878468514302032,0.1925404442463028,0.16209197676828316,0.9953064071839003,103.11201039135514,387.3336966515648,3316.113523067404,32.160303251593135
-1.58203125,453.27938366491327,1.1977575398961169,0.1963329744822685,0.16391712674945608,1.0014245654138487,155.98845592172762,392.4870021278738,3344.4254466270536,21.440211244255345
-1.58046875,455.35784056656803,1.2076852171148484,0.20010565915543868,0.16569355683055367,1.00757955795941,125.72569688636845,397.1270555474618,3368.750145264471,26.7944440054221
-1.57890625,458.2679784191643,1.2183347147805246,0.20454498757285816,0.16788899231990256,1.0137897272076666,109.76091576562781,402.4644258366654,3408.853059483808,31.057075605698504
-1.57734375,463.027941184683,1.2296839445430054,0.2096029419397451,0.17045269466996338,1.02008100260326,98.5882863303376,409.59443268316426,3448.7971944445844,34.98181500882139
-1.5757812500000001,470.04751349196954,1.2418963645089525,0.21542754001565784,0.17346660009012763,1.0264688244932945,89.6546196566475,418.9042728530818,3526.2479905029795,39.3314700793728
-1.57421875,478.07975734878755,1.2549857170890077,0.22188724004557084,0.1768045938883254,1.033098477043437,81.349564462039,429.4243763893587,3623.7175349947283,44.5450145794659
-1.57265625,484.76159540677446,1.268435209373341,0.22839309958811208,0.18005894025990307,1.040042109785229,73.08750314452244,440.62156970601956,3707.791873441605,50.730859776531936
-1.57109375,489.3251327906763,1.282267066098754,0.23505308627088708,0.18331055400652738,1.0472139798278668,65.02249968765555,445.5784925717311,3761.486139264173,57.848993153646575
-1.56953125,491.1966076909724,1.2951986162138462,0.24068521993067393,0.18582881182675318,1.0545133962831723,57.07236493339961,449.5325574404756,3809.7586602451875,66.753124120421
-1.5679687500000001,492.09726351609316,1.3082397321651182,0.24639825438529298,0.18834335047866752,1.0618414777798248,49.26621466046256,459.3072731419717,3818.765953328839,77.51287529694258
-1.56640625,493.634544697405,1.321898949196366,0.25266101886333203,0.19113489651908305,1.069237930333034,41.66042612975396,457.64436802845404,3850.2251074828228,92.41924447654615
-1.56484375,497.23564374242875,1.336925956567402,0.26021617595777013,0.19463768706075768,1.0767097806096317,125.70530728536595,464.43874647242785,3910.138770036666,31.10559812053271
-1.56328125,502.96929378988284,1.3529676071120016,0.2687472816294505,0.19863541463724269,1.0842203254825513,75.96876654462828,475.2967949513882,4001.062485122857,52.6672034720007
-1.56171875,509.6759565524358,1.370093843936279,0.2782200414037844,0.20306641230096936,1.0918738025324946,32.55811997613699,483.7683489963923,4107.90863119763,126.17155518219303
-1.5601562500000001,514.9119029499553,1.3875672519243134,0.28791626785464997,0.20749716271795865,1.0996509840696636,13.375374746777695,493.2404636813822,4187.931507767042,313.107601622599
-1.55859375,517.655217972112,1.4049916718575157,0.29753108704743825,0.2117671535049581,1.1074605848100774,11.915467914542468,500.6245343418878,4250.948712853876,356.75885691956097
-1.55703125,517.9503369819419,1.421949794743324,0.30663409884271053,0.21564340736661594,1.1153156959006134,10.74010654053281,513.0602186275922,4289.15326245324,399.3585395327426
-1.55546875,517.2599909115695,1.4390804682505278,0.31587831343070544,0.2195001046847052,1.1232021548198223,9.794783611795001,517.3963424526038,4317.166571937937,440.7618119035474
-1.55390625,517.2067649452275,1.4569898094741254,0.3258143450413742,0.2236215675104626,1.1311754644327512,9.044057532526192,512.3295662916142,4355.338795860919,481.56911653837994
-1.5523437500000001,519.0472665045843,1.4762595226693187,0.3370392420933714,0.2283062272708997,1.1392202805759473,8.457039597188494,518.9926712285747,4414.006968193723,521.9328723092582
-1.55078125,523.3177814112503,1.4973854116888896,0.3500750271500642,0.23379086267123256,1.1473103845388253,8.001196021920064,527.3233705747014,4512.79103026686,564.0145570616723
-1.54921875,528.472301438925,1.519246604763643,0.36379775594586927,0.23945931806276252,1.1554488488177737,7.641244518933684,537.7660661355649,4626.9232493550035,605.5195901518773
-1.54765625,532.2458239478543,1.5411400308839887,0.3775140511416238,0.24495765704371716,1.1636259797423651,7.335512488796334,547.8872474205565,4728.064524571305,644.5445402475378
-1.54609375,533.6361874076765,1.5630140867339288,0.39117763705593994,0.25027134456180367,1.171836449677989,7.059045369306162,554.8516530726257,4798.129822315468,679.713696582613
-1.5445312500000001,532.64821495858,1.5842993609508227,0.4041948021163404,0.2551252699324208,1.1801045588344823,6.8082249885589485,557.3334086112103,4833.289527242322,709.9191838349267
-1.54296875,530.6898476253748,1.6058651789570582,0.417367659386447,0.2599020545781494,1.1884975195706113,6.641289963532234,561.9421481023022,4864.257990092583,732.4266846956763
-1.54140625,529.4056983765532,1.6285290340196898,0.4316040956120679,0.26502695782263197,1.1969249384076222,6.511081255372423,567.4126374921669,4906.372174118468,753.5418437713587
-1.53984375,530.1190049733327,1.653007333940601,0.4476041810082847,0.2707817272299948,1.2054031529323166,6.408351716272567,579.5149911022025,4979.423712005313,777.0209770729635
-1.53828125,532.8809515193102,1.6789576289483876,0.4650414595150144,0.27698224868622345,1.213916169433373,6.333315587636873,586.0191348510901,5088.804602603856,803.4977149311177
-1.5367187500000001,536.8661130319288,1.7056033493697642,0.48324699842436003,0.28332906276416736,1.222356350945404,6.27810926864802,591.1168855388308,5208.466584652898,829.6234362570328
-1.53515625,539.773081863784,1.7317828155883297,0.5010224976686248,0.28931023749558055,1.2307603179197049,6.223821511972153,601.8950243007448,5319.809107537327,854.7496256607188
-1.53359375,540.2392817851648,1.7575543687347994,0.5182910454911853,0.29489332148756486,1.2392633232436143,6.158679043837506,607.9625106937057,5397.463148389948,876.399485988924
-1.53203125,538.5782641984267,1.7829311892214563,0.5351086845192747,0.30012862400648116,1.2478225047021818,6.085288587247064,613.7479671563561,5444.877188237008,894.7607184395223
-1.53046875,536.0426904537611,1.8084900589860875,0.5520766974542625,0.3052694122984447,1.2564133615318247,6.012321304595392,621.9481451335552,5471.5029093862795,910.0483211375033
-1.5289062500000001,534.1581829131151,1.8350526062599362,0.5700168031289847,0.31062695488100983,1.2650358031309517,5.949953352368147,626.8450858730732,5527.891993218542,929.0647616621028
-1.52734375,534.1402770297254,1.8633849913821223,0.5896952544090597,0.31646452941089054,1.2736897369730626,5.905724098019027,632.5464974076041,5593.2425315043965,947.0883567656933
-1.52578125,536.2952479244948,1.8938700495624943,0.611412131447777,0.32283742571937296,1.2824579181147178,5.880927225875292,649.9361383446152,5720.351838549715,972.6955663353448
-1.52421875,539.8068314082307,1.9247517979817108,0.6336196821896782,0.32919552684875525,1.2911321157920328,5.869674822439002,648.852611888254,5838.725522800786,994.7272548182907
-1.52265625,542.5000869932067,1.9545254651541935,0.6548419939754533,0.33503886526430726,1.2996834711787404,5.856378169428728,659.2277927808498,5958.312104401751,1017.4056271681933
-1.5210937500000001,542.9287990017524,1.9835234083226818,0.6752591942294274,0.34043419472444936,1.308264214093254,5.8310826583423605,667.6874637034459,6041.620921110185,1036.1062044741577
-1.51953125,541.4178486313253,2.011831665698199,0.6949574187127118,0.34543517261496587,1.3168742469854875,5.796079627982693,692.2272428828015,6092.576693624337,1051.1547605747505
-1.51796875,539.1338591010197,2.0401438136634154,0.7146303430179836,0.35028429772053504,1.3255134706454315,5.758975146280346,681.353544201697,6130.663316562812,1064.5406796941181
-1.51640625,537.5163526839638,2.069529666756207,0.7352824791048376,0.3552896539324917,1.334247187651369,5.728922282813541,684.4722557864396,6181.604935251305,1079.017069893894
-1.51484375,537.6825201150313,2.100930228469474,0.7578858761285577,0.3607382414982324,1.3430443523409161,5.712851387504434,691.7921966146347,6267.316284221881,1097.0557186084366
-1.5132812500000001,539.975095742806,2.1347982240052894,0.7829246088318103,0.3667440791490327,1.351873615173479,5.712185640376596,707.4708409131014,6395.096897264398,1119.5534073788922
-1.51171875,543.5014700193134,2.1696778553505514,0.808581920072077,0.372673721160064,1.3610959352784744,5.7214002273298,715.0051860752884,6544.847312696893,1143.9240487728296
-1.51015625,546.232239948643,2.2039520664142658,0.8332284952702356,0.3780610785360056,1.3707235711440302,5.727042051353917,726.5881372229321,6676.660953190577,1165.8131533384085
-1.50859375,546.8446554620033,2.2370847992671092,0.85668321215114,0.3829462398706556,1.3804015871159694,5.72103080571401,735.5112503507356,6765.3557189842395,1182.5413896088771
-1.50703125,545.656157364722,2.2692212588122107,0.8791036817247603,0.38740324607434434,1.3901175770874503,5.705368703865968,742.0662491266979,6821.817800271838,1195.6839521430686
-1.5054687500000001,543.7743238802497,2.3012551584329746,0.9013297054104088,0.3916687387348058,1.3999254530225655,5.686941165493548,747.63881010986,6864.506821504068,1207.0648564390983
-1.50390625,542.5424954318704,2.3343839046292763,0.9245790483004613,0.39606983515733835,1.4098048563288148,5.67399632517842,755.5163870133949,6921.033889154368,1219.781172300413
-1.50234375,543.0604230590849,2.3697029904430105,0.9499803398872804,0.40088582565770564,1.4197226505557303,5.672941062061198,759.527353993259,7014.831327332761,1236.5422539369733
-1.50078125,545.613828629741,2.4076148615864295,0.9779361017596064,0.40618460924236993,1.4296787598268235,5.685243809565537,771.4782829533141,7153.462537909641,1258.250794077432
-1.49921875,550.0955506370108,2.443486745587302,1.0045147991396388,0.41109893513999785,1.4389719464476634,5.706500411921758,785.5561177343627,7315.703653739416,1281.9947648572468
-1.4976562500000001,554.4790173266489,2.4751347652009645,1.027542380156834,0.4151460335023028,1.4475923850441301,5.724148563961931,798.8104162088766,7457.72228294866,1302.8526774970437
-1.49609375,556.8287921784483,2.5052488774221895,1.0490089033244872,0.41872442805118804,1.4562399740977021,5.72994096100448,809.1630090611061,7556.512227057158,1318.776629372543
-1.49453125,557.3440325055826,2.533776619574395,1.068849771395169,0.42184056918747104,1.4649268481792257,5.725683292856955,816.9524181094916,7617.6144723069165,1330.4288907858788
-1.49296875,557.1520368247025,2.561869132084513,1.0882304477183777,0.42477987422914093,1.4736386843661353,5.717888770896078,840.23529518293,7663.347848500972,1340.2408048766592
-1.49140625,557.6279950890147,2.59096300540269,1.1085876410972446,0.4278670281225983,1.4823753643054456,5.714593888891335,831.603239151635,7720.981896278437,1351.0989663302835
-1.4898437500000001,559.8981410052302,2.6223539308805677,1.1312154469081162,0.43137405427506964,1.4911384839724517,5.722188963535959,839.6087182755437,7822.334618056368,1367.0178786306017
-1.48828125,564.2597913258948,2.6564815894145397,1.156500365851989,0.43535041630266647,1.4999812235625507,5.742324704830894,853.3342941672115,7973.172727169444,1388.4921415993397
-1.48671875,570.5329998403187,2.688493990219068,1.1803451997052457,0.4390358334440863,1.5081487905138227,5.769891273947663,869.6556357538482,8150.36139188802,1412.5675866179154
-1.48515625,576.7031811455578,2.715985544067583,1.2003540403347315,0.4419589209363121,1.5156315037328516,5.793045259534791,885.1457397151763,8306.497801845124,1433.8741421316247
-1.48359375,580.8819018559813,2.741502292581772,1.2183762147590365,0.44441918507813744,1.5231260778227353,5.804887477732041,896.2115596127962,8417.275357051461,1450.032475106662
-1.4820312500000001,583.3147901120122,2.7652796996719773,1.2346473511643348,0.44648190608378274,1.530632348507642,5.8069974087242064,902.7170415830914,8487.644351336186,1461.623581678318
-1.48046875,585.091898850651,2.7886059341042095,1.2504447104345593,0.44841212418786686,1.53816122366965,5.805436052324577,910.6123217032301,8542.726863189646,1471.5047734905322
-1.47890625,587.483253148383,2.8127494387327956,1.267041165056643,0.45046357404215587,1.5457082736761532,5.807771280681431,920.4110645922374,8614.377241363169,1483.2500842478833
-1.47734375,591.6458399514468,2.839179244835913,1.285912573898647,0.4529170098145617,1.553266670937266,5.820106585989175,933.2111080269427,8726.233807263838,1499.3254295841632
-1.47578125,597.9094495732663,2.8683258048111617,1.3074895574129264,0.45583718391398215,1.5608362473982353,5.844089451083524,949.6238518673274,8892.344453584015,1521.5962260699705
-1.4742187500000001,605.9271157296034,2.8958699501606624,1.3280359822968055,0.4585965548014773,1.5678339678638564,5.874391925991812,968.4315636804781,9085.995896393028,1546.712580784943
-1.47265625,613.6934619156596,2.9193486750012507,1.3450968705198978,0.4607523870095173,1.5742518044813525,5.899825043430729,985.7635812813893,9257.65743679429,1569.1410115800643
-1.47109375,619.4990355210554,2.940674852964408,1.3600050382368318,0.4624805890613342,1.580669814727576,5.914386178393294,997.989636664979,9382.012267272165,1586.303630552053
-1.46953125,623.6154293493266,2.96026970066899,1.3731742930139577,0.46386796875421,1.5870954076550325,5.919517409490341,1009.5299631253488,9464.76614775485,1598.9084063813486
-1.46796875,627.0000568132886,2.979045587616321,1.3855127441064283,0.46508611679724055,1.593532843509893,5.920964502618295,1020.4890157999046,9531.706585654321,1609.8232950795987
-1.4664062500000001,631.0494120816278,2.998728962274471,1.3987589298266914,0.4664506020463293,1.59997003244778,5.925972395279772,1032.6890765070557,9612.210487411243,1622.047800132798
-1.46484375,636.8983355068077,3.0206693497702806,1.4142625703126472,0.46819509405099263,1.6064067794576333,5.940445663609548,1047.104599514761,9740.190809613498,1639.6397444186264
-1.46328125,644.8955577612522,3.0452774250490444,1.4324345360618134,0.4703789954502237,1.6128428889872315,5.966036218667215,1084.1867526761512,9922.967450147069,1663.2429114491388
-1.46171875,654.5473084005342,3.069114597925936,1.4502818968863775,0.4725408096088876,1.6188327010395587,5.997284237557837,1089.9697733533785,10134.83013779401,1689.903252262899
-1.46015625,663.7253181188665,3.089422543062967,1.465038839129624,0.4742112219059329,1.6243837039333422,6.023421955817815,1104.883559751715,10325.007279505338,1714.1431158633625
-1.4585937500000001,670.92940876587,3.107512804696769,1.477587158345799,0.4754886789565399,1.6299256463509697,6.0389950795332945,1122.101300143733,10462.407872043521,1732.4749787429992
-1.45703125,676.3828659200685,3.1236767609009912,1.4882184515619286,0.4764316430528067,1.6354583093390627,6.045353282410164,1136.40442401978,10557.708278578271,1746.4170885260687
-1.45546875,681.188999708078,3.139298953695276,1.4983092504076008,0.4772751090315682,1.6409897032876755,6.0480397773684205,1149.6269907384215,10636.304364955451,1758.6366420333702
-1.45390625,686.6363370143184,3.1556449655426295,1.5091190315534881,0.4782283964235461,1.6465259339891412,6.054094064401003,1178.6424022529823,10734.124431123144,1773.0356213395219
-1.45234375,693.9280511290168,3.174167309488121,1.5220984367389752,0.47952684541522633,1.6520688727491457,6.069282495306775,1187.19940082204,10874.968931934178,1791.8047051432388
-1.4507812500000001,703.5701636631848,3.195723914446348,1.538094753135863,0.4812977573509614,1.6576291613104845,6.095259546788714,1199.047864519913,11077.697217143426,1817.4283034394668
-1.44921875,714.6117322364474,3.216945823592047,1.5540432000307285,0.48308031445039423,1.6629026235613185,6.12648702388962,1223.6352467669462,11315.272391017768,1846.9430110428702
-1.44765625,725.0697769410716,3.2358465277583845,1.5679529678548767,0.48455727254192976,1.6678935599035078,6.15246065435151,1246.9787168078715,11519.942957287523,1872.4122923305006
-1.44609375,733.4462707539072,3.2523734669373185,1.5794547046762704,0.48563140756513573,1.6729187622610482,6.168095444588984,1271.6657023040636,11674.995392451388,1892.8039452913104
-1.44453125,739.9651897881286,3.2668041274031983,1.5888716654232828,0.4863688190226104,1.6779324619799152,6.174667609892392,1282.551224641229,11786.009391451047,1908.7682343530141
-1.4429687500000001,745.7715074235048,3.2805366276307173,1.5976056406223522,0.4869952151017992,1.6829309870083649,6.177583782656154,1297.1100213173756,11870.196387589753,1921.495006011228
-1.44140625,752.295009545778,3.2951287974122483,1.607214684850144,0.48775473848316103,1.687914112562104,6.18373809366601,1310.7793343285455,11980.444436862508,1937.4113611205578
-1.43984375,760.7467573877724,3.3118782542573237,1.618996640361637,0.48884545749242553,1.6928816138956868,6.198798309028799,1329.4182140349985,12140.753455013162,1958.5656525281145
-1.43828125,771.5128173155424,3.3311545848995867,1.6333213185840885,0.49031687871468826,1.697833266315498,6.224405819588158,1351.8917955781455,12361.37500629368,1985.9526137245946
-1.43671875,783.5610128729667,3.351152405441694,1.6485233374745358,0.4919272948606032,1.7026290679671583,6.254995968010151,1407.104076974711,12613.485986388581,2016.5458220752782
-1.4351562500000001,794.6949111069515,3.3695404693206066,1.6622735456034619,0.4933235142116048,1.7072669237171447,6.280233128266062,1404.564750242289,12840.257160476134,2044.5510378722613
-1.43359375,803.7234985608575,3.3857797997369774,1.673894042313657,0.4943895177246,1.71188575742332,6.295237471231363,1426.8495116736021,13013.069620424227,2067.1292671472233
-1.43203125,810.8672904616474,3.40012847925098,1.6836356060946496,0.4951682315444564,1.71649287315633,6.3012853605031856,1445.8621782901446,13137.848825517698,2084.947447050483
-1.43046875,817.2830346119453,3.4138568550490653,1.6927560239122554,0.4958485653575907,1.72110083113681,6.3037112020434085,1466.6207330801785,13243.835072446878,2100.958411317092
-1.42890625,824.4437107674058,3.4284328049934234,1.7027435360968646,0.4966536119992968,1.725689268896559,6.309303277601004,1481.6323260896838,13369.63639926818,2119.0353056465747
-1.4273437500000001,833.607820992711,3.4451185540444973,1.7148605975490987,0.4977653368520187,1.730257956495399,6.323654886350661,1505.0744527496388,13548.064324641336,2142.4420794822713
-1.42578125,845.176416178459,3.464270476687329,1.729463812474921,0.4992288633677074,1.734806664212408,6.348390563120514,1531.5656841209816,13789.780543112038,2172.1695295844797
-1.42421875,857.8108236225222,3.4850478245928667,1.7456638418701165,0.5009009717317294,1.7393839827227504,6.3779853646420595,1561.9070204885236,14064.413367605957,2205.149833923344
-1.42265625,869.2266684427648,3.5052218699337123,1.7612305321138344,0.5024590731961687,1.7439913378198781,6.402225723167258,1592.3792795264392,14312.222241154455,2235.50728450012
-1.42109375,878.4367542649313,3.5233075928283384,1.774728897692809,0.5037110303128952,1.7485786951355298,6.416323095339507,1613.0883115969323,14503.28253521822,2260.372852132816
-1.4195312500000001,885.690079152513,3.539591664925156,1.7864458322425825,0.504703932361745,1.753145832682573,6.421548709072892,1636.0477479278882,14643.861892368353,2280.4252612268283
-1.41796875,892.1667524436747,3.555229856067933,1.797537327256331,0.5056036880958236,1.757692528811602,6.4231847762131276,1651.8596316928117,14764.769772015237,2298.6680729929117
-1.41640625,899.4133417424925,3.5717108830062707,1.8094923207826605,0.5066178030791871,1.7622185622236102,6.427959386151385,1687.2936885788517,14906.642397458527,2319.031826737099
-1.41484375,908.7349637774231,3.590272271621311,1.8235485596386458,0.5079137239959687,1.766723711982665,6.441399400976185,1697.0303128268756,15104.00271579011,2344.8325085230886
-1.41328125,920.5429662525054,3.611265850729873,1.8400580932013615,0.5095327149147625,1.7712077575285115,6.465100707894087,1746.8890358181638,15368.047703664255,2377.07785199686
-1.4117187500000001,933.164646952525,3.6348245195841136,1.8589148228913348,0.5114180376179553,1.775909696692779,6.4936628776570915,1758.366539498127,15666.557505237295,2412.591752975291
-1.41015625,944.232153692308,3.658818829617899,1.877983620404648,0.5132759253348358,1.780835209213251,6.516975761444542,1788.73664663633,15936.45366344422,2445.375623111382
-1.40859375,952.9834355549891,3.680775108975057,1.8950323444691626,0.5148460007372877,1.7857427645058945,6.530232836010424,1819.0990679988224,16146.308345349811,2472.5471129164553
-1.40703125,959.6882198297922,3.700967495691696,1.910335345165393,0.5161718786747569,1.790632150526303,6.534722666955843,1834.854307557183,16302.795405876892,2494.7953014617283
-1.40546875,965.5799006124787,3.7205364719747482,1.9250333164016291,0.5174074574734325,1.7955031555731193,6.535701479335857,1855.568359228905,16438.54489065998,2515.1921247679797
-1.4039062500000001,972.2634749483736,3.7409603560462443,1.9406047877460844,0.5187450822914027,1.8003555683001595,6.539836637482635,1878.095218164424,16596.550740290295,2537.7622806613053
-1.40234375,981.0844884389943,3.763475197760809,1.9582860200323653,0.5203398234688794,1.8051891777284435,6.55258330315525,1905.2035060356966,16813.304207346322,2565.9046866676617
-1.40078125,992.4581529184056,3.788440413807602,1.9784366405493519,0.5222298424804598,1.8100037732582512,6.575494040107679,1937.8187516026646,17100.604498865163,2600.656984031747
-1.39921875,1004.473703790018,3.8166778600999276,2.001536009158552,0.524418377061078,1.8151418509413761,6.603091762948862,1972.6534163841388,17424.10443198374,2638.7796895014435
-1.39765625,1014.6465459724127,3.8459804697908266,2.025373253582632,0.5266207848665406,1.8206072162081945,6.62536590413305,2004.5982412867065,17716.82854886632,2674.090579331501
-1.3960937500000001,1022.397127161687,3.873264164930224,2.0472058613922233,0.5285479570250544,1.8260583035380007,6.637689727827942,2031.8226298436039,17945.53977081399,2703.582196012999
-1.39453125,1028.0184880791642,3.898792469467997,2.0672975515060124,0.5302404700161181,1.8314949179619844,6.641379462499459,2054.851070544504,18117.396968186637,2727.956905713112
-1.39296875,1032.795021944622,3.9237138546350097,2.086796989762169,0.5318422971382266,1.83691686487284,6.641671727419672,2076.3507566927415,18267.192391583845,2750.390736140878
-1.39140625,1038.3836017261995,3.9495311527918635,2.1072072027560482,0.5335335059368997,1.8423239500358162,6.645171042894326,2099.899444340801,18440.716324636574,2775.0551800100334
-1.38984375,1046.1619580382178,3.9775120332433715,2.129796053643667,0.5354593614911011,1.8477159795997036,6.657251198108467,2128.3643665983673,18676.79101178848,2805.480889333895
-1.3882812500000001,1056.5437763584946,4.0080372583439905,2.154944498236193,0.5376558049080004,1.853092760107797,6.679410452274624,2162.728197866272,18987.924607660563,2842.754572927071
-1.38671875,1067.6251840446464,4.041686833911152,2.182937067163584,0.5401054452927887,1.8587497667475679,6.70628404069652,2199.886523777227,19337.435315802733,2883.479912042964
-1.38515625,1076.863369758974,4.076197083071939,2.2115069530553284,0.5425417142462291,1.8646901300166108,6.728003652808417,2233.399599466404,19654.011272992004,2921.2248219853427
-1.38359375,1083.6093122701398,4.108667616094703,2.2380485135684567,0.5447139371414343,1.8706191025262462,6.739966261532476,2261.783344929068,19902.362213865035,2952.887513318176
-1.38203125,1088.1741781009457,4.139357878531851,2.2628213797020313,0.546660000440602,1.8765364988298197,6.743497720744024,2285.616633823069,20090.155732158164,2979.1892225836737
-1.3804687500000001,1091.8767041310443,4.169447038436818,2.2870049046141303,0.5485151588522298,1.8824421338226878,6.743767942925255,2307.7446498047652,20254.46807092613,3003.4349109201876
-1.37890625,1096.4058557974795,4.200490649827188,2.31215482707443,0.5504487498786729,1.888335822752758,6.747266386001794,2331.920707434896,20444.04770066261,3029.9748862853294
-1.37734375,1103.1564899972188,4.233810735423829,2.3395933541928073,0.5525975298370537,1.8942173812310217,6.759248750590934,2361.3345156667697,20700.186289602258,3062.4980753656278
-1.37578125,1112.5376680184033,4.269815362995471,2.3697287377534773,0.554995599643682,1.9000866252419941,6.781154732799347,2397.022302852053,21036.146761813106,3102.1481725029325
-1.37421875,1122.8520019938085,4.308261153433162,2.402139000447575,0.5575657823187811,1.9061221529855874,6.807878449570452,2435.4004706161977,21412.89104498685,3145.310422858374
-1.3726562500000001,1131.538870194984,4.346781229955874,2.4344555380197,0.5600593655927821,1.912325691936174,6.829788088678061,2470.607599983894,21754.843584889757,3185.2882259924572
-1.37109375,1137.7173234569195,4.383207731646852,2.464688811731173,0.5623025333561237,1.918518919915678,6.842255754269446,2500.3392995496356,22024.76697438865,3218.9336039719924
-1.36953125,1141.7063600487893,4.417803142454572,2.4931014812593926,0.5643305961963263,1.924701661195179,6.8465831522198535,2525.220911796332,22230.79236873771,3246.990779850511
-1.36796875,1144.8377715846825,4.451818190004854,2.520922972991759,0.5662681774946902,1.930895217013095,6.847802921330574,2548.342423890511,22412.062969715193,3272.88375953442
-1.36640625,1148.7914669371569,4.486829607204251,2.5497482225915222,0.5682739140567171,1.9370813846127275,6.852195486341835,2573.3370115044218,22620.033822691767,3301.1366747751485
-1.3648437500000001,1154.9649778390697,4.52423230892346,2.5809756237487766,0.5704781380607132,1.9432566851746835,6.864839887046725,2603.9806032280476,22898.248341596853,3335.5837453403083
-1.36328125,1163.7607900133578,4.56445811890191,2.6150371741754306,0.572912951779814,1.9494209447264792,6.887114424964564,2640.6999616115595,23260.656886645003,3377.416934199505
-1.36171875,1173.7144600802856,4.60636692301771,2.650741645335546,0.5754516931966418,1.9556252776821639,6.9141161427948745,2680.932830816078,23666.114598184085,3422.8691143475057
-1.36015625,1182.2828477937487,4.64747838812408,2.6856084519814494,0.5778635698111283,1.9618699361426302,6.936550858653396,2718.03013616223,24035.217660699836,3465.0099380033716
-1.35859375,1188.3636086601753,4.686423424122206,2.7183198230116945,0.5800414467501624,1.9681036011105122,6.94992786729253,2749.3712898180625,24328.967782913234,3500.607236142585
-1.3570312500000001,1192.2749949735705,4.723472917731872,2.7491468174947995,0.5820181178925635,1.974326100237072,6.955500088060226,2775.6194358867174,24555.904118049963,3530.4297041419777
-1.35546875,1195.33200166949,4.759893190677147,2.7793559290231675,0.5839114067657837,1.9805372616539794,6.9580897606988,2799.9452496439912,24757.025981802122,3558.0204960327756
-1.35390625,1199.2092751941505,4.797361571396909,2.810624657413978,0.5858688396913082,1.9867369139829303,6.963730799932986,2826.508867682499,24986.16610830335,3588.0430800891672
-1.35234375,1205.2823505137112,4.837308781406148,2.844383895060992,0.5880095779691292,1.9929248863451563,6.9772947144397905,2858.827339248037,25288.863281953603,3624.451068351361
-1.35078125,1213.946974885541,4.88018384901984,2.8810828406489177,0.5903635866561807,1.9991010083709222,7.000099801010819,2898.023564891342,25679.681952805742,3668.4736907747483
-1.3492187500000001,1223.9899797580085,4.923866657472722,2.918692406106106,0.5927643068230825,2.005174251366616,7.02737241532878,2940.648494558987,26115.676464761043,3716.278990394051
-1.34765625,1232.9127056608547,4.965772511965628,2.9546292173776414,0.5949989070699686,2.0111432945879866,7.050227598367431,2980.312913794889,26514.188441939266,3760.756382968255
-1.34609375,1239.4007125128921,5.005426322463759,2.9883278782818197,0.597017653595371,2.0170984441819386,7.0644594019206615,3014.0229747878,26834.731687202388,3798.5541653628375
-1.34453125,1243.764249156934,5.043110366355092,3.020070834505593,0.5988508311564773,2.0230395318494985,7.071253604611199,3042.467483853315,27086.17039659916,3830.4623071270044
-1.34296875,1247.2910086029262,5.080128351172183,3.051161961252488,0.6006072583871757,2.0289663899196952,7.075191896620569,3068.9285644489746,27310.995555847032,3860.1066875503398
-1.3414062500000001,1251.6224056319109,5.1182014223901104,3.0833225710316006,0.6024230616527285,2.034878851358511,7.082012618968114,3097.709655337827,27564.9812690591,3892.25249263612
-1.33984375,1258.1078756492875,5.158793083945458,3.118016334167719,0.6044081015521274,2.040776749777739,7.096352914065259,3132.4465703277665,27895.294998375,3930.934007394897
-1.33828125,1267.1369440150145,5.202359096457705,3.1556991770139593,0.6065900331952633,2.046659919443746,7.11947214284386,3174.2975749997977,28317.008043664933,3977.402744967235
-1.33671875,1277.7625485348458,5.245729449970515,3.193444668600941,0.6087703719868531,2.0522847813695746,7.146658873800445,3220.034505960238,28785.806379313613,4027.8690906658485
-1.33515625,1287.553389754045,5.2862545237213645,3.228606131228753,0.610754952630603,2.0576483924926112,7.1695005017282085,3263.1111963660805,29216.656878776113,4075.1314365252415
-1.3335937500000001,1294.9915577817446,5.324462104964072,3.261469032353021,0.6125443224231621,2.062993072611051,7.184207660302048,3300.141150139572,29568.04597583987,4115.700349145633
-1.33203125,1300.3729357713078,5.360645564344042,3.292326910584579,0.6141661244092056,2.0683186537594627,7.191883338478261,3331.8246849042857,29849.034670330242,4150.378039453298
-1.33046875,1304.9435788962132,5.396123904639067,3.3224989358796844,0.6157195413958749,2.073624968759383,7.1968297045048875,3361.5097246760065,30103.04973072279,4182.820904026623
-1.32890625,1310.2968121018312,5.43262727129418,3.3537154200666874,0.6173284586976189,2.0789118512274927,7.204447235095332,3393.5889578055517,30387.09287070697,4217.824335319027
-1.32734375,1317.7464626492458,5.47161789870745,3.387438763123633,0.6190927118510672,2.084179135583817,7.219109723725808,3431.776107840812,30749.370020671446,4259.440734030233
-1.3257812500000001,1327.675928921883,5.513543240712879,3.424116583653167,0.6210374044714017,2.0894266570597124,7.242015205414712,3477.257035336892,31205.28561637311,4308.922962912523
-1.32421875,1339.4950252232093,5.554255830541991,3.460000136751904,0.6229457630896114,2.094255693790087,7.268662306305991,3527.3349713625594,31713.179223516,4363.000767830823
-1.32265625,1351.9703840489967,5.592259344782203,3.49360064321091,0.6247207841801143,2.0986587015712925,7.294935062590579,3578.6255908108465,32225.328925889266,4417.493596501653
-1.32109375,1364.5191141360267,5.630458187444395,3.527422585771384,0.6264894380420651,2.1030356016730116,7.321221780352797,3630.573135806221,32745.648722476817,4472.702740730095
-1.31953125,1377.1411882731436,5.668852660388417,3.5614664324823146,0.628251719676604,2.107386227906103,7.347521844305652,3683.1846641158854,33273.021945537344,4528.468598065349
-1.3179687500000001,1389.8365736777228,5.707443058287556,3.5957326432046877,0.6300076245147053,2.1117104150828676,7.373834636099698,3736.4672913486434,33807.52284894718,4584.79536324797
-1.31640625,1402.6052319530133,5.7462296685661185,3.630221669542103,0.6317571484134513,2.116007999024016,7.400159534342219,3790.42819124565,34349.226140711035,4641.687247593136
-1.31484375,1415.4471190458169,5.7852127713382435,3.6649339547726143,0.6335002876523134,2.120278816565629,7.426495914616417,3844.4229828412576,34898.20698070045,4699.148478896452
-1.31328125,1428.3621852044519,5.82439263934633,3.6998699337804086,0.6352370389293748,2.1245227055659215,7.4528431495011125,3899.6521848047532,35454.54097827578,4757.183301335019
-1.31171875,1442.1716308317395,5.859654694559577,3.731494368986616,0.6368113077467071,2.128160325572961,7.478305392596981,3956.486227925009,36016.166873521695,4816.08666438994
-1.3101562500000001,1456.8983561098867,5.890927366079692,3.759741986194094,0.6382258263517065,2.131185379885598,7.502848803485163,4014.987346882136,36583.189159043235,4875.906487952937
-1.30859375,1471.7288391834586,5.922301604569979,3.7881267676957866,0.639637597107965,2.134174836874193,7.527356566261883,4074.274930064597,37157.83506971552,4936.372382870692
-1.30703125,1486.6631810499464,5.953777418497344,3.816648887456533,0.6410466195123239,2.137128531040811,7.551827649988281,4134.358468635476,37740.18647882877,4997.490439137251
-1.30546875,1501.701473516721,5.985354815405996,3.845308517282068,0.6424528930823685,2.1400462981239277,7.576261021066715,4195.247557906225,38330.325832141236,5059.266797376582
-1.30390625,1516.8437990947018,6.017033801916794,3.8741058268127992,0.6438564173561164,2.1429279751039947,7.600655643306219,4256.95189850393,38928.33614756685,5121.707649240818
-1.3023437500000001,1532.09023089265,6.0488143837265635,3.9030409835176423,0.6452571918917192,2.1457734002089213,7.625010477988058,4319.4812975564,39534.30101478975,5184.819237811895
-1.30078125,1547.4408325118586,6.080696565606992,3.9321141526876273,0.64665521626717,2.1485824129193647,7.64932448393212,4382.845669895071,40148.30459481227,5248.607858007104
-1.29921875,1563.6947628684902,6.10969640673099,3.9582441384922777,0.6478626555210699,2.151452268238711,7.67454038466327,4446.305391037478,40765.74711280107,5311.816091849222
-1.29765625,1580.8765316959832,6.135769699903383,3.9813856348019767,0.6488812047272031,2.154384065101406,7.700658047419977,4509.889496894278,41386.535600584284,5374.415451995093
-1.29609375,1598.1953675412726,6.161885878223945,4.004605224385449,0.6498992846553181,2.1572806538384963,7.726732651626217,4574.289807565411,42015.37744321424,5437.6641897104355
-1.2945312500000001,1615.6514602355207,6.188045223222815,4.027903341447868,0.6509169206346045,2.1601418817749467,7.752762770719958,4639.515481220384,42652.35473729969,5501.568408411237
-1.29296875,1633.2449809597365,6.214248030141014,4.051280432668722,0.6519341379711217,2.1629675974722913,7.77874697078605,4705.575764415902,43297.55007783167,5566.134268210605
-1.29140625,1650.9760818786071,6.240494608069794,4.07473695733664,0.6529509619425775,2.165757650733154,7.8046838106236756,4772.479992904293,43951.04655622178,5631.367986541101
-1.28984375,1668.8448957735002,6.266785280088106,4.098273387482424,0.6539674177930036,2.168511892605682,7.830571841815361,4840.237592453596,44612.927758248086,5697.275838785417
-1.28828125,1686.8515356744201,6.2931203833980085,4.121890208010228,0.6549835307273414,2.1712301753877803,7.856409608797122,4908.8580796781525,45283.27776191243,5763.864158916436
-1.2867187500000001,1705.9730097787317,6.316484301688528,4.142384208188517,0.6558053515752696,2.1741000935000128,7.8841292145214,4977.747125342964,45957.42470754712,5829.105974430295
-1.28515625,1726.2416352049097,6.336842637411957,4.159718794576488,0.6564339739191263,2.1771238428354693,7.913755520251693,5046.8827348056675,46635.234688088865,5892.93345855163
-1.28359375,1746.6914384131019,6.357200929982268,4.177086607905688,0.6570638011778777,2.18011432207658,7.943362180251752,5116.867210637537,47321.471603807666,5957.360438814574
-1.28203125,1767.3226006305185,6.37756053844651,4.19448914621497,0.6576949165639269,2.183071392231539,7.9729476074936105,5187.709385829372,48016.215294309586,6022.391925563405
-1.28046875,1788.1303088397553,6.3979161001128055,4.211896105873496,0.6583231227116645,2.18601999423931,8.0025218583221,5259.269121598469,48719.51753550013,6088.020551275972
-1.2789062500000001,1809.1316970523844,6.418288861064023,4.229324579766491,0.6589489303641833,2.1889642812975314,8.032085798803443,5331.524170074078,49431.45327038792,6154.248660759056
-1.27734375,1830.3225381639097,6.438644946056611,4.246769925391257,0.6595751064037502,2.1918750206653526,8.061624460418752,5404.654247229163,50152.13616568246,6221.095563545683
-1.27578125,1851.7032441379772,6.458985248322328,4.264233170281483,0.660201719982111,2.1947520780408447,8.091136208501624,5478.668287375738,50881.64754147802,6288.566430016961
-1.27421875,1874.3502423171685,6.47590008757294,4.27847015199581,0.6606757507278512,2.197429935577131,8.12214462050289,5554.677539069814,51618.19154582906,6355.241621225045
-1.27265625,1898.3090653472805,6.4893458719538,4.289438639317307,0.6609970748909784,2.1999072326364937,8.15468152662969,5632.742750014493,52361.79658727633,6421.071922463824
-1.2710937500000001,1922.5194929244392,6.502720403179517,4.300371588791743,0.6613188515208294,2.2023488143877747,8.18723147233203,5711.789276239204,53114.4039474616,6487.468215227172
-1.26953125,1946.9823143107722,6.51602602616344,4.3112714739647435,0.6616412298928722,2.204754552198697,8.219793105647035,5791.827833106121,53876.09543384453,6554.4344901858185
-1.26796875,1971.6982391154565,6.529265192370143,4.322140873703915,0.6619643629660821,2.2071243186662284,8.25236505724455,5872.869235518674,54646.95318466855,6621.974767911573
-1.26640625,1996.6678934309843,6.542440461825124,4.332982474205942,0.6622884074358368,2.209457987619181,8.284945940237227,5954.924398790615,55427.059663850596,6690.0930994202145
-1.26484375,2021.8918158650797,6.555554505130524,4.3437990710098315,0.6626135237851012,2.2117554341206915,8.317534349987579,6038.004339527136,56216.497655735795,6758.793566728071
-1.2632812500000001,2047.370453468772,6.5686101054849235,4.354593571014352,0.6629398763336825,2.2140165344705727,8.350128863911703,6122.120176517865,57015.350259762265,6828.080283428446
-1.26171875,2073.9435524653404,6.579247510393662,4.3630832787832,0.663158404040972,2.2161642316104624,8.384530248767199,6208.319366970494,57822.226554101966,6896.298878831492
-1.26015625,2101.6515701238604,6.587438203795973,4.369240142296167,0.6632684826976317,2.218198061499804,8.420789525218682,6296.660960090799,58637.16625039279,6963.381055278189
-1.25859375,2129.669159998261,6.595538486346809,4.375343760540077,0.6633793085427856,2.2201947258067323,8.457121497359383,6386.137192419997,59461.71257032938,7030.96350086675
-1.25703125,2157.996920025007,6.603552907965154,4.381398800585631,0.663491132977949,2.2221541073795237,8.493525882187571,6476.553242257794,60295.949276640175,7099.048158914952
-1.2554687500000001,2186.635285762097,6.611486215563701,4.387410125256983,0.6636042157856799,2.224076090306719,8.530002398918372,6567.246743008983,61139.96042220495,7167.636955173386
-1.25390625,2215.5845214311676,6.6193433573281455,4.3933827974095045,0.6637188253039746,2.22596055991864,8.566550769166867,6659.077011169219,61993.83034425245,7236.731797281067
-1.25234375,2244.844710677718,6.627129487013514,4.399322084224703,0.6638352385969809,2.227807402788811,8.603170717135336,6752.056409898105,62857.64365845495,7306.334574212093
-1.25078125,2274.4117803672484,6.6348473070710385,4.4051986337692455,0.6639487587113629,2.229648673301792,8.639882215566448,6845.979117202145,63731.44227237881,7376.424895880417
-1.24921875,2304.863640443435,6.641220485373577,4.409690029439149,0.6639878978797523,2.231530455934427,8.678823370525551,6941.476369524008,64613.73638519347,7444.988061933648
-1.2476562500000001,2336.2328841370004,6.646174049518615,4.412769523794717,0.6639563590896834,2.233404525723898,8.720031879689085,7038.920947714932,65504.61452847402,7511.969615736039
-1.24609375,2367.984202033673,6.650977345859832,4.415735544398268,0.6639228063446977,2.2352418014615623,8.761405397980214,7137.594133186796,66405.69151133868,7579.342410824561
-1.24453125,2400.1196901869075,6.655634391136857,4.418592214194514,0.6638874605369915,2.237042176942344,8.802945688923506,7237.509437898982,67317.05168562547,7647.105192336763
-1.24296875,2432.641290185322,6.660149415539531,4.421343868367456,0.6638505523692201,2.2388055471720762,8.844654571536502,7338.680500228435,68238.77962098247,7715.256607147289
-1.24140625,2465.550777774173,6.664526868507238,4.42399506013891,0.6638123226787777,2.2405318083683277,8.88653392210983,7441.121086043196,69170.96009793523,7783.795201168009
-1.2398437500000001,2498.849750960092,6.668771424619425,4.426550566658307,0.6637730227664719,2.2422208579611187,8.928585676046763,7544.845089790253,70113.67810084492,7852.719416574896
-1.23828125,2532.539617587676,6.672887989573752,4.42901539498023,0.6637329147290458,2.243872594593522,8.970811829765076,7649.866535595252,71067.01881075601,7922.0275889587
-1.23671875,2566.8023932680844,6.676728502239524,4.4310880150777585,0.6636615542464356,2.245640487161766,9.015695684475372,7756.635762187701,72028.74157364978,7989.260517929868
-1.23515625,2601.658865647097,6.680271190778685,4.4327449453531695,0.6635576339284015,2.247526245425516,9.063316480951734,7865.185387422074,72998.8155079518,8054.316062047768
-1.23359375,2636.9367520376522,6.683664843899981,4.434288036558577,0.6634515853387897,2.2493768073414038,9.111222722237393,7975.100113927387,73979.61077327398,8119.613912270515
-1.2320312500000001,2672.63802125214,6.686914132659423,4.435722054123692,0.6633436539074535,2.25119207853573,9.159418941040554,8083.684653312934,74971.20988145091,8185.149119615858
-1.23046875,2708.7644418701707,6.690023964564599,4.437051998773401,0.6632340963612937,2.252971965791197,9.207909805777996,8192.222217064007,75973.69545106855,8250.9165547424
-1.22890625,2745.317567887549,6.692999489982153,4.438283112934929,0.6631231811055709,2.254716377047224,9.256700125148912,8302.045848307325,76987.15019913159,8316.91090326782
-1.22734375,2782.298723721879,6.695846108639078,4.4394208872390415,0.6630111886100901,2.2564252214000367,9.3057948528812,8413.651106743033,78011.65693258979,8383.126660957536
-1.22578125,2819.7089885630885,6.698569476215468,4.440471067112714,0.6628984117996302,2.258098409102754,9.3551990926575,8525.86470552912,79047.29853978088,8449.558128786566
-1.2242187500000001,2857.2803897473345,6.7021364944546,4.442063659171151,0.6627832278328781,2.260072835283449,9.40777237547368,8638.921454712856,80090.30705730536,8513.206300154856
-1.22265625,2895.0310366012272,6.7064722904193665,4.444126473705623,0.6626623180199146,2.262345816713743,9.463591895276842,8753.141744013752,81140.10524928308,8573.92268677383
-1.22109375,2933.2681316899007,6.710643978725891,4.446056219162765,0.6625379372319065,2.264587759563126,9.519841402080576,8868.692451549325,82201.14448432185,8634.717850063831
-1.21953125,2971.977598408914,6.714617364319015,4.447819256738852,0.6624084464401856,2.2667981075801618,9.576528037489252,9030.721864938481,83273.35095186564,8695.568020672554
-1.21796875,3011.16361963828,6.71839436830944,4.44941759127899,0.6622739522804469,2.26897677703045,9.633659562677552,9125.590618235763,84356.80123862342,8756.464839741288
-1.2164062500000001,3050.830303456772,6.721977056798524,4.450853371555067,0.6621345675456493,2.271123685243456,9.691243964871664,9258.174328108467,85451.57185732052,8817.39972361248
-1.21484375,3090.981674687755,6.7253676451628035,4.452128894550099,0.6619904114464696,2.2732387506127045,9.749289465094263,9369.10909500217,86557.73923637335,8878.363858851375
-1.21328125,3131.6216659643305,6.7285685024381205,4.453246609842228,0.6618416098801073,2.2753218925958927,9.807804526214706,9492.44756916508,87675.37970944545,8939.348197152896
-1.21171875,3171.1591517830907,6.735598653650225,4.4572236647715835,0.6617412785359589,2.2783749888786415,9.870707596468023,9611.532333961502,88791.71625607036,8995.476300791463
-1.21015625,3209.533937347023,6.7464768315087875,4.464069620195747,0.6616890166059309,2.282407211313041,9.938041986855444,9730.959886172997,89906.13680919618,9046.665019941613
-1.2085937500000001,3248.323218384192,6.7571921340667345,4.470772524156748,0.6616317007795467,2.2864196099099865,10.00591684440187,9849.260106151332,91031.32437565102,9097.749440780271
-1.20703125,3287.5305106477526,6.767744345930952,4.477332236415219,0.6615693512576574,2.2904121095157346,10.074339411735057,10035.595463846708,92167.33432959841,9148.722369055546
-1.20546875,3327.1593262357446,6.778133294886645,4.483748659062919,0.661501989411364,2.294384635823727,10.143317088058,10091.594621497281,93314.2215825146,9199.576506621877
-1.20390625,3367.2131718207133,6.788358852894652,4.490021737518434,0.6614296378282691,2.298337115376218,10.21285743337329,10213.414385860224,94472.04056916892,9250.304450589492
-1.20234375,3407.695546789993,6.798420937103598,4.496151461537932,0.6613523203600679,2.302269475565666,10.282968172838617,10338.56528230717,95640.84523345719,9300.89869246921
-1.2007812500000001,3448.6099412939743,6.808319510879814,4.502137866243631,0.6612700621716028,2.306181644636183,10.353657201258068,10462.722237004089,96820.68901417687,9351.351617321485
-1.19921875,3483.403402553131,6.831999007668527,4.518535685903251,0.6613782702297605,2.313463321765277,10.429091444782106,10572.645494055265,97968.13536183382,9393.736346117603
-1.19765625,3511.8085103018616,6.869708666029903,4.545564805589674,0.6616823254917762,2.3241438604402296,10.509023006062767,10749.845116018992,99081.21212755083,9428.203941545262
-1.19609375,3540.2908979573576,6.907587069996621,4.57274384607704,0.6619885930846873,2.334843223919581,10.589207531801549,10870.067083667536,100202.7466206371,9462.723845925942
-1.19453125,3568.8492600686795,6.945634132863834,4.600072795935936,0.6622970211129199,2.3455613369278976,10.669643202060254,10807.733016958564,101332.74276411817,9497.294412295936
-1.1929687500000001,3597.4822799855774,6.983849759185862,4.627551634776127,0.6626075580577182,2.3562981244097343,10.75032817472569,10896.800822089663,102471.20348379994,9531.913986096954
-1.19140625,3626.1886299367284,7.022233844749713,4.6551803332124315,0.6629201527791548,2.3670535115372813,10.831260585528003,10986.117365498936,103618.13069589184,9566.580905120072
-1.18984375,3654.966971107968,7.060786276549363,4.682958852831462,0.6632347545180257,2.3778274237179033,10.912438548059615,11075.6764211123,104773.5252946619,9601.293499452706
-1.18828125,3683.815953721173,7.099506932761702,4.710887146159964,0.6635513128976455,2.3886197866017382,10.993860153798137,11165.453801803103,105937.38714017601,9636.050091430077
-1.18671875,3707.641705744785,7.1478697813659675,4.746819930771325,0.6640887531479626,2.401049850594642,11.074539804064358,11245.117950576785,107083.94253761174,9669.380798858288
-1.1851562500000001,3726.3080369662275,7.206121189920683,4.790990015898313,0.6648500475678298,2.415131174022372,11.154307584739103,11314.380948592861,108212.20643270324,9701.382682037121
-1.18359375,3744.8637999270973,7.26486743934737,4.835618539753824,0.6656168994307521,2.4292488995935466,11.234089722878204,11383.417232220194,109347.60681098976,9733.552918693853
-1.18203125,3763.3107825793168,7.324106417394427,4.880703467543284,0.6663889339390031,2.443402949851143,11.313884849357173,11452.216813766143,110490.12293595071,9765.887173779083
-1.18046875,3781.6507439750017,7.383836019313408,4.92624277196062,0.667165787413937,2.4575932473527877,11.393691576141581,11520.769646838293,111639.73296449042,9798.381167194688
-1.17890625,3799.885412826673,7.444054147876264,4.972234433194888,0.6679471071033829,2.4718197146813745,11.473508496454885,11589.065627649616,112796.41393857401,9831.03067151832
-1.1773437500000001,3818.016486199251,7.504758713370505,5.01867643891476,0.6687325509844131,2.486082274455745,11.553334184946142,11657.094596351015,113960.14177703552,9863.831509827201
-1.17578125,3836.0659779814937,7.565997228073826,5.065589418373234,0.6695203904618462,2.5004078097005915,11.633194911801615,11725.080598541588,115130.82118217551,9896.749951758986
-1.17421875,3853.829743201131,7.626505967797193,5.112896287716491,0.6704113665295246,2.5136096800807017,11.709275283547335,11796.121412838958,116315.09801851021,9933.586426304639
-1.17265625,3871.3488579146874,7.686267259835903,5.1605955974236695,0.6714046523453628,2.525671662412234,11.781599854815891,11872.488884095283,117513.31896700588,9974.309127378036
-1.17109375,3888.792399871323,7.746448680125983,5.208691911925261,0.6723973948589498,2.537756768200723,11.853970594016738,11948.773790985158,118718.95900151705,10015.12177374897
-1.1695312500000001,3906.167824550005,7.807064508890836,5.257191684656628,0.6733890412548323,2.549872824234206,11.926393690463469,12025.058501501711,119931.97416405608,10056.013349614273
-1.16796875,3923.4430995082116,7.868150232194708,5.306075980063222,0.6743740044962471,2.562074252131487,11.998921188276174,12100.1535318259,121152.18606558595,10096.923228728305
-1.16640625,3940.613608843677,7.929705684564519,5.355406817076332,0.6753600991145031,2.5742988674881864,12.071488949911604,12175.305327789507,122379.74020732584,10137.915936892108
-1.16484375,3957.680713346609,7.991729125824993,5.405182530076846,0.676347063942669,2.586546595748146,12.144095250565986,12250.322929357502,123614.61107730828,10178.988926453547
-1.16328125,3974.645750562412,8.054218809456167,5.455401446844096,0.6773346460912022,2.5988173626120705,12.216738354274268,12325.197292453886,124856.77201543843,10220.13964731878
-1.1617187500000001,3991.605289362048,8.115344256999206,5.50546281338695,0.678401635104842,2.6098814436122555,12.285095403862709,12409.63919978782,126110.33223040444,10265.311589745777
-1.16015625,4008.5667608701265,8.175068145567648,5.5553393442175665,0.6795465487623557,2.6197288013500826,12.349179954012591,12503.932766480748,127375.60852148259,10314.499342937725
-1.15859375,4025.4376256384035,8.235206241437616,5.605620545412678,0.680689758224453,2.6295856960249386,12.413316565940917,12598.449225902907,128648.55596161044,10363.753738029238
-1.15703125,4042.21842443989,8.295757553700007,5.656305493745558,0.6818310994663506,2.63945205995445,12.477503599705253,12693.182376176112,129929.15164005705,10413.072663279077
-1.15546875,4058.9096909216437,8.356721072031128,5.707393246098544,0.6829704135035038,2.6493278259325836,12.541739405585536,12788.125928816959,131217.37149581124,10462.453990821467
-1.1539062500000001,4075.5119509047313,8.418095767029254,5.758882839793869,0.684107546311056,2.6592129272353846,12.606022324136395,12883.273508905091,132513.19030897485,10511.895576708252
-1.15234375,4092.0257217274234,8.479880590539405,5.810773292912577,0.6852423487419596,2.66910729762683,12.670350686239567,12978.618655272034,133816.58169243182,10561.395260966312
-1.15078125,4108.451511628903,8.542074475964533,5.8630636045999935,0.6863746764439165,2.679010871364541,12.734722813157736,13074.154820708642,135127.51808356363,10610.950867650416
-1.14921875,4125.140222700519,8.602202100954877,5.9145539222107075,0.6875627720434713,2.687648178744169,12.794347282909296,13179.852869928513,136448.3594089166,10664.737824584807
-1.14765625,4142.092868504643,8.660228962587404,5.965219958199745,0.6888062641264769,2.695009004387659,12.849218133400365,13296.040270074542,137779.41879778876,10722.786193476146
-1.1460937500000001,4158.959199459957,8.718617695377315,6.016252387443975,0.690046587388944,2.7023653079333414,12.904122321904133,13412.848437880757,139118.40131390738,10780.927043582074
-1.14453125,4175.739098381872,8.777367936783719,6.067650907446026,0.6912836457519392,2.7097170293376918,12.959058556850348,13530.275683313037,140465.2873908153,10839.158321154688
-1.14296875,4192.432453433993,8.836479300678011,6.119415191456795,0.692517345792601,2.7170641092212167,13.014025539995233,13648.320243690336,141820.05642617535,10897.477954867092
-1.14140625,4209.039157672519,8.895951377554386,6.171544888682747,0.693747596716225,2.72440648887164,13.069021966459395,13766.980283264536,143182.6867746668,10955.883855894785
-1.13984375,4225.559108604531,8.955783734736656,6.224039624489725,0.6949743103273744,2.7317441102469306,13.12404652476571,13886.25389280827,144553.15574088742,11014.373917991576
-1.1382812500000001,4241.992207761573,9.015975916583542,6.276899000605155,0.6961974010001221,2.7390769159783863,13.179097896878266,14006.139089210861,145931.43957246572,11072.946017574732
-1.13671875,4258.953664446836,9.073394299575881,6.328291274828226,0.6974557773956799,2.7451030247476558,13.228964859062978,14136.816380555763,147318.89715414235,11136.08651346717
-1.13515625,4276.441535823503,9.128004108401662,6.37819189266431,0.6987498928482788,2.749812215737352,13.27361956415222,14278.651144232428,148715.84389185614,11203.865168283852
-1.13359375,4293.839280009481,9.182927148329636,6.428424272417699,0.7000408659004794,2.7545028759119354,13.31826204732134,14421.586911099415,150120.9925825977,11271.815500340832
-1.13203125,4311.1498006733855,9.238202001333342,6.478989780124881,0.7013258401569671,2.7592122212084598,13.36292173567793,14565.099704313863,151534.1743408527,11339.898364911367
-1.1304687500000001,4328.347389128956,9.293811320566043,6.529892071819404,0.702606481516315,2.7639192487466384,13.407579954387849,14710.685057920347,152955.4521975486,11408.132766531924
-1.12890625,4345.4379388863845,9.349761780854529,6.581153967519671,0.703884668056022,2.7686078133348575,13.452222486540846,14855.556235127946,154384.87274711087,11476.532810959327
-1.12734375,4362.399631381199,9.406015146367139,6.632736536976811,0.7051590321474823,2.773278609390328,13.496848939916141,15001.526551095627,155822.41349100592,11545.095761587007
-1.12578125,4379.274620274206,9.462658692666768,6.684707031555,0.7064301110992639,2.777951661111767,13.541474144889646,15148.895956267721,157267.96682811927,11613.79958676581
-1.12421875,4396.946500092681,9.515821919958746,6.734525360886294,0.7077187254588188,2.781296559072452,13.580484436278727,15307.68023648913,158722.72682064192,11687.560010498015
-1.1226562500000001,4415.418787041638,9.565458053042104,6.782154814158686,0.7090256186949413,2.7833032388834194,13.613827618894591,15478.275670980669,160187.01418582335,11766.493499851596
-1.12109375,4433.786640905468,9.615373088808585,6.830095119916378,0.7103307439901614,2.785277968892207,13.6470819570618,15650.51373013078,161659.80515377125,11845.741504477372
-1.11953125,4452.0487727162745,9.665567944015404,6.878347230738863,0.7116340468122937,2.7872207132765427,13.680246783540698,15824.407755838638,163141.09154151528,11925.303258256821
-1.11796875,4470.203911634831,9.71604352221364,6.926912085008819,0.712935473083455,2.789131437204822,13.713321433782404,15999.971188293048,164630.8644515829,12005.177975776103
-1.11640625,4488.250805020556,9.76680071367089,6.975790606837133,0.7142349691924098,2.791010106833757,13.746305245930223,16177.217566972573,166129.1142686359,12085.364852335186
-1.1148437500000001,4506.188218494144,9.817840395296095,7.02498370599022,0.7155324820065334,2.792856689305875,13.779197560822688,16351.933135318472,167635.8306561897,12165.863063957768
-1.11328125,4524.0149359924,9.869163430568022,7.07449227782103,0.7168279588834264,2.794671152746993,13.811997721994564,16524.312982738607,169151.00255339948,12246.671767404021
-1.11171875,4536.832131486592,9.93123470219936,7.132616938674113,0.7182004204466673,2.798617763525246,13.84086366168168,16672.218920427265,170601.76804236506,12325.948164251822
-1.11015625,4544.6602970778695,10.004142758512952,7.199430782834425,0.7196449467604931,2.804711975678527,13.865882291205942,16794.753115278316,171985.95283452788,12403.534749722005
-1.10859375,4552.404778774019,10.077451730678904,7.266657119039553,0.721080816186654,2.810794611639351,13.890922495166269,16917.672653109243,173375.6487697344,12481.219215647143
-1.1070312500000001,4560.066381801548,10.151160153664256,7.334294525616411,0.7225080103744552,2.8168656280478457,13.915982358046977,17040.972807908907,174770.8124722626,12558.999284100171
-1.10546875,4567.645886676036,10.22526655034357,7.402341568022861,0.7239265139522589,2.822924982320708,13.941059980864015,17164.648783171062,176171.3997727232,12636.872663523593
-1.10390625,4575.144049569815,10.299769431632374,7.470796798980206,0.7253363144262334,2.828972632652165,13.966153480865598,17288.695711947337,177577.36570830253,12714.837048840494
-1.10234375,4582.561602687316,10.3746672966146,7.5396587585997015,0.7267374020813177,2.8350085380148977,13.991260991241965,17413.108656910594,178988.66452313276,12792.89012156755
-1.10078125,4589.899254646242,10.449958632665602,7.608925974504677,0.7281297698844357,2.841032658160925,14.016380660842811,17537.882610429984,180405.24966879163,12871.029549931172
-1.09921875,4596.8207763871615,10.526260134634912,7.678644942465601,0.7294751264221843,2.8476151921693105,14.039852814810086,17653.977887454286,181782.6325288949,12947.616682785989
-1.09765625,4603.343808351667,10.603544561558625,7.74878446938012,0.730773037675726,2.8547600921785037,14.061690258275837,17761.162687598226,183119.74576043684,13022.598449902844
-1.09609375,4609.811369413512,10.681183468547509,7.819285062533775,0.7320616751466669,2.861898406013733,14.083553641329315,17868.389381896846,184460.6400426908,13097.59203823219
-1.0945312500000002,4616.22384439898,10.759175170982571,7.890145081682816,0.7333410745985889,2.8690300892997564,14.105440874393896,17975.650940307656,185805.26354072566,13172.595255638164
-1.09296875,4622.581597536496,10.83751797998072,7.961362881598205,0.7346112731996933,2.876155098382516,14.127349895414547,18080.70715518221,187153.56386405893,13247.605902704032
-1.09140625,4628.884973040784,10.916210202398755,8.032936812067781,0.7358723094488052,2.883273390330973,14.14927866929817,18184.72249843775,188505.488070664,13322.62177291715
-1.08984375,4635.134295685893,10.99525014083694,8.104865217898062,0.7371242231039532,2.890384922938878,14.171225187369508,18288.719899665026,189860.98267087314,13397.640652841501
-1.08828125,4641.329871367693,11.07463609364253,8.177146438916063,0.7383670551134596,2.897489654726467,14.19318746684349,18392.692326974207,191219.99363147834,13472.660322297916
-1.0867187500000002,4649.934133265932,11.148485681512007,8.244288110653502,0.7394984705703433,2.9041975708585057,14.21544956936664,18500.786451502194,192558.88678895708,13545.747241361176
-1.08515625,4660.943532949163,11.216709572091357,8.306203536761537,0.7405205139151021,2.910506035329819,14.23796285505045,18613.105751825162,193877.14173500962,13616.915826286067
-1.08359375,4671.894429771751,11.285158066321635,8.368353946450666,0.7415362635836173,2.91680411987097,14.260424625671329,18725.52725385277,195198.1259598514,13688.10053583255
-1.08203125,4682.7865038546515,11.353830101583082,8.430738312923967,0.7425457521817643,2.9230917886591157,14.282833939682899,18838.045035636056,196521.78171139082,13759.29892774164
-1.08046875,4693.6194348388135,11.42272460744621,8.493355600822012,0.7435490124033447,2.9293690066241944,14.305189862195714,18950.653138890124,197848.0507699845,13830.508554999118
-1.0789062500000002,4704.3929019605785,11.49184050575267,8.556204766302903,0.7445460770204543,2.935635739449766,14.327491464939811,19063.345569536054,199176.87445359447,13901.726966021348
-1.07734375,4715.1065841264135,11.561176710695642,8.61928475712189,0.7455369788741221,2.9418919535737533,14.349737826229346,19176.11629824949,200508.19362282488,13972.951704826517
-1.07578125,4725.766519571368,11.630760363866056,8.682601129224587,0.7465205074811202,2.9481592346414693,14.371940921443539,19288.561274996882,201841.82511105752,14044.159116316785
-1.07421875,4738.418542286554,11.695480816600583,8.741350305607483,0.7474126496107794,2.954130510993101,14.39451776549839,19404.42953451955,203159.74983072106,14113.689193372358
-1.07265625,4753.0760962068125,11.755278089418592,8.795487783557533,0.7482160538145595,2.959790305861059,14.417428751030076,19524.042420432907,204461.63800274947,14181.56049414438
-1.0710937500000002,4767.697042215531,11.815256928232333,8.84981415003976,0.7490158025166,2.9654427781925734,14.440243614491123,19643.91395479921,205765.2869953818,14249.433215163453
-1.06953125,4782.24045946976,11.87532948729142,8.904241880398416,0.749810090737056,2.9710876068930037,14.462961647226576,19764.034933073825,207070.6414869098,14317.305579429352
-1.06796875,4796.725917064112,11.935535782801216,8.958816421902101,0.7506002734130723,2.9767193608991147,14.485579155270424,19884.29980773158,208377.6755875212,14385.180830806146
-1.06640625,4811.152878848576,11.995874972380474,9.01353696219579,0.7513863709774173,2.9823380101846855,14.508095642552798,20004.703341714605,209686.33210235616,14453.056918603304
-1.06484375,4825.520812189601,12.056346210568908,9.068402685112952,0.7521684038206662,2.987943525455956,14.530510617209968,20123.31533600032,210996.55360666526,14520.931794149097
-1.0632812500000002,4839.82918801224,12.11694864890691,9.123412770755285,0.7529463922898051,2.993535878151623,14.552823591600198,20243.53940513832,212308.28245224885,14588.803410960874
-1.06171875,4855.7688255398225,12.173463293432045,9.174543587369168,0.7536510659476103,2.9989197060628765,14.575647429708932,20366.628088961777,213608.47813959717,14655.162260868628
-1.06015625,4873.348928860112,12.225842358841202,9.221748536334644,0.7542832850012885,3.004093822506557,14.59896295933997,20492.62479712387,214896.8418322576,14720.007334135551
-1.05859375,4890.880706017456,12.27828755767953,9.269034407596646,0.7549126345228225,3.0092531500828827,14.622150151786988,20618.79341421947,216186.2172146513,14784.84456598409
-1.05703125,4908.363436854039,12.330798117135986,9.316400452635929,0.755539127648925,3.0143976645000574,14.645208566853839,20745.12870332134,217476.54533405247,14849.672119129946
-1.0554687500000002,4925.796404499891,12.383373264171933,9.363845921968936,0.7561627774768598,3.0195273422029967,14.668137769675164,20871.625401976464,218767.76707504826,14914.488158635084
-1.05390625,4943.178895434395,12.436012225586444,9.41137006521355,0.7567835970641899,3.0246421603728924,14.690937330728342,20998.27822272427,220059.8231663781,14979.290852060836
-1.05234375,4960.51019954679,12.488714228081145,9.458972131154436,0.757401599428525,3.02974209692671,14.713606825844826,21125.081853620268,221352.65418759052,15044.07836960676
-1.05078125,4977.789610196923,12.541478498326114,9.506651367809399,0.7580167975472933,3.0348271305167174,14.736145836221148,21252.030958761647,222646.20057600923,15108.848884268598
-1.04921875,4996.34434659235,12.590998660623772,9.551189410698031,0.7585728239784322,3.0398092499257405,14.759393105038594,21380.83765467923,223932.05458388504,15172.17225601496
-1.0476562500000002,5016.1842479905845,12.637242281430733,9.592554278416218,0.7590702199728809,3.0446880030145165,14.783339228198482,21511.519303067642,225210.02042199046,15234.042657454114
-1.04609375,5035.984170530778,12.68350376760809,9.633952550052602,0.7595655527502093,3.04955121755549,14.807141923630336,21642.36088970122,226488.3461697713,15295.885413803213
-1.04453125,5055.743375971802,12.729782505944646,9.675383630320635,0.7600588325686125,3.0543988756240106,14.830801128290524,21773.357335928817,227766.97826218142,15357.69890594137
-1.04296875,5075.461130121123,12.776077886326954,9.716846926290941,0.7605500696493074,3.0592309600360115,14.854316788123194,21904.503548534354,229045.86318533815,15419.481518562492
-1.04140625,5095.13670290223,12.822389301794589,9.758341847447102,0.7610392741765647,3.0640474543474863,14.87768885803502,22035.794420302056,230324.94748355812,15481.23164030051
-1.0398437500000002,5114.769368420678,12.868716148593284,9.799867805739485,0.7615264562977198,3.0688483428538014,14.900917301869319,22167.224830581785,231604.17776619582,15542.947663842218
-1.03828125,5134.358405029989,12.915057826229006,9.841424215639934,0.7620116261232007,3.073633610589072,14.924002092379716,22298.789645856636,232883.50071458344,15604.627986047733
-1.03671875,5154.871089096864,12.959044905339898,9.880621304590772,0.762449808358899,3.0784236007491232,14.948035861395866,22431.059564785675,234158.9328631723,15664.862931450463
-1.03515625,5176.316120531417,13.000656059464557,9.91743749111072,0.7628413093730577,3.0832185683538373,14.973017163880005,22564.03021600927,235430.37556737897,15723.642936529644
-1.03359375,5197.727862568916,13.042252689505531,9.954254457153812,0.7632312219470735,3.0879982323517168,14.997852774629713,22697.120718666978,236701.6911282646,15782.371962516387
-1.0320312500000002,5219.105523697611,13.083834293360887,9.991071713104041,0.7636195544125622,3.092762580256844,15.022542587113133,22828.932246282475,237972.82694939815,15841.04858211816
-1.03046875,5240.44831596153,13.125400373382579,10.027888773081312,0.7640063150696104,3.0975116003012655,15.047086503954764,22959.69861304644,239243.7305464096,15899.671373825768
-1.02890625,5261.75545503496,13.166950436414794,10.064705154980679,0.7643915121868705,3.1022452814341137,15.07148443691324,23090.55669627729,240514.34955364847,15958.238922012099
-1.02734375,5283.026160297095,13.20848399383319,10.101520380512376,0.7647751540016704,3.106963613320813,15.095736306858676,23221.501292222747,241784.63173081222,16016.749817030026
-1.02578125,5304.259654905312,13.250000561582821,10.138333975240663,0.7651572487201129,3.11166658634216,15.1198420437489,23352.527189417542,243054.52496953774,16075.202655309844
-1.0242187500000002,5326.05990934718,13.2900801469723,10.17359744298528,0.7655030918156647,3.116482703987021,15.145161818678387,23482.862089312184,244324.27454812053,16132.166659771023
-1.02265625,5348.433146209039,13.328709753731102,10.20729686650352,0.76581282472943,3.1214128872275806,15.171699884852005,23612.482877992577,245593.8688513725,16187.630306119003
-1.02109375,5370.776228643161,13.367304353590876,10.240975440456097,0.7661212140879436,3.12632891313478,15.198096512767469,23742.542835085515,246862.97796523594,16243.019496412178
-1.01953125,5393.081158576318,13.40585019565643,10.27461375935148,0.766427612526993,3.1312364363049485,15.224353928934065,23871.74716235997,248131.52262500892,16298.328571659913
-1.01796875,5415.3626555473675,13.444380425247745,10.308239257455266,0.7667321908041971,3.136141167792478,15.25047442283044,24001.1804049558,249399.42330094945,16353.551790335825
-1.0164062500000002,5437.612922779877,13.482872390420829,10.341840656721434,0.7670354177696584,3.1410317336993927,15.276450243098981,24130.6395214972,250666.7049431916,16408.701036841223
-1.01484375,5459.831277660037,13.52132574626997,10.37541763258303,0.7673373031076647,3.1459081136869402,15.302280293829533,24260.119929936292,251933.32374819505,16463.77656863234
-1.01328125,5482.017042574636,13.559740154326695,10.408969866289066,0.7676378564649509,3.150770288037629,15.327963482767645,24389.61706109562,253199.2362162787,16518.778668864663
-1.01171875,5504.400643982096,13.59765527847116,10.441802066562378,0.767911956342549,3.1558532119087834,15.355119618659174,24517.249918377307,254468.94306467,16572.254035419264
-1.01015625,5526.984903205811,13.635065074969534,10.47390664494527,0.7681596374756336,3.161158430024264,15.383756885932625,24642.983727108487,255742.50895410147,16624.19075199766
-1.0085937500000002,5549.539221830047,13.67242732267479,10.505975853172785,0.7684060485550608,3.1664514695020074,15.412256323150773,24768.68031488668,257015.38380738255,16676.038758927163
-1.00703125,5572.0629425147035,13.70974170906813,10.538009398181533,0.7686511986736632,3.171732310886597,15.440616764868661,24894.335162041,258287.5260386278,16727.79850519299
-1.00546875,5594.555412951904,13.747007928386278,10.570006993058552,0.7688950968910465,3.177000935327726,15.468837048632123,25019.943767430286,259558.89438844033,16779.470465195223
-1.00390625,5617.01598592917,13.784225681642539,10.601968357062535,0.7691377522338416,3.1822573245800054,15.49691601505494,25145.501648974783,260829.44792942906,16831.055138715248
-1.00234375,5639.444019392306,13.821394676648422,10.633893215645589,0.7693791736959662,3.1875014610028343,15.524852507896002,25271.004344186433,262099.14607170312,16882.55305088396
-1.0007812500000002,5661.83887650671,13.85851462803315,10.665781300473014,0.7696193702388681,3.192733327560136,15.552645374136581,25396.44741069152,263367.94856822904,16933.964752144304
-0.99921875,5683.735520080309,13.896525097649565,10.698340046638373,0.7698572104509689,3.198185051011191,15.580914602767152,25519.24366109222,264651.552150406,16985.623687546828
-0.99765625,5705.128959205153,13.935431888919835,10.731573790811124,0.7700926585091258,3.20385809810871,15.609666824073708,25639.355708003703,265950.18832009536,17037.531378308395
-0.99609375,5726.481631614175,13.974296974335466,10.764776121787229,0.7703268466068317,3.209520852548238,15.638287556282544,25759.35052835797,267248.1777882443,17089.35053319695
-0.9945312500000001,5747.793052841551,14.013120159972303,10.797946802437616,0.7705597810601347,3.2151733575346872,15.666781944477174,25879.22326511115,268545.48924821225,17141.07531463278
-0.9929687500000001,5769.062745665128,14.051901259746193,10.831085602498751,0.7707914681642435,3.2208156572474436,15.695155177219378,25998.969080244915,269842.09187855665,17192.69983836904
-0.99140625,5790.290240149658,14.090640095434114,10.864192298594004,0.7710219141935505,3.2264477968401097,15.723412486114876,26118.58315532902,271137.9553479388,17244.218173845973
-0.98984375,5811.475073689447,14.129336496694677,10.897266674254286,0.7712511254016436,3.232069822440388,15.751559145399227,26238.06069207823,272433.04982003424,17295.624344565756
-0.98828125,5832.616791049592,14.167990301088484,10.930308519938354,0.7714791080213128,3.2376817811501266,15.779600471543722,26357.396912899207,273727.3459582741,17346.912328477687
-0.9867187500000001,5852.813014192405,14.208289058703238,10.96484611119061,0.7717217791591966,3.243442947512629,15.807139691267388,26474.033422294415,275050.1412097818,17400.373918485235
-0.9851562500000001,5872.055300789399,14.250245107836417,11.000890798951936,0.7719790583042243,3.2493543088844827,15.834181916482224,26587.937510022763,276401.87456810323,17456.024948178037
-0.98359375,5891.2425363013435,14.292174719224548,11.036917718415545,0.772235012182553,3.255257000809003,15.861134665256225,26701.648912415054,277753.34814415843,17511.568623938136
-0.98203125,5910.37436226233,14.334077704922834,11.072926631488638,0.7724896473587415,3.2611510734341946,15.888003470055446,26815.163101722454,279104.53513885365,17566.99862666128
-0.98046875,5929.4504281598765,14.375953884870091,11.108917306884791,0.7727429703691747,3.2670365779853006,15.914793904951178,26928.475573543197,280455.4092523967,17622.308584539416
-0.9789062500000001,5948.470391456172,14.4178030869178,11.144889520150944,0.7729949877220489,3.2729135667668574,15.941511585366333,27041.581847241974,281805.944688959,17677.492073439604
-0.9773437500000001,5967.433917609079,14.459625146859185,11.180843053694172,0.7732457058973478,3.2787820931650162,15.968162167845643,27154.477466360888,283156.1161614308,17732.542617309417
-0.97578125,5986.340680091466,14.501419908457564,11.216777696807593,0.7734951313468076,3.284642211649969,15.994751349847833,27267.157999019455,284505.8988959019,17787.4536885882
-0.97421875,6004.430386586167,14.544540664652226,11.253922842288194,0.7737558099472154,3.2906178223640343,16.02090626691097,27377.265917207173,285891.78896588535,17844.91989422324
-0.97265625,6021.697267652192,14.588997246722336,11.292287599128446,0.7740276736062479,3.296709647593892,16.0466287582393,27484.772704631006,287314.34547429497,17904.966195891495
-0.9710937500000001,6038.899284413664,14.633439371263067,11.330645323580736,0.7742981698363879,3.3027940476823323,16.07229506841211,27592.020926868332,288737.2186868685,17964.902800617558
-0.9695312500000001,6056.036274584272,14.677866873625014,11.36899588248126,0.7745673114742894,3.308870991143756,16.09790277398246,27699.008498994393,290160.3853140323,18024.73212740429
-0.96796875,6073.108084867481,14.722279597393033,11.407339150595924,0.7748351113108797,3.314940446797112,16.123449439212195,27805.73339735272,291583.82255444647,18084.456657600527
-0.96640625,6090.114570950882,14.7666773944163,11.445675010652032,0.77510158209185,3.3210023837642684,16.148932616126466,27912.193659795674,293007.5080998277,18144.07893480389
-0.96484375,6107.05559749963,14.811060124838814,11.48400335337037,0.7753667365181497,3.3270567714684436,16.174349844572394,28018.387385915015,294431.420139895,18203.601564776156
-0.9632812500000001,6123.931038149003,14.855427657129056,11.522324077496414,0.7756305872464668,3.3331035796326423,16.19969865228206,28124.312737263153,295855.5373671393,18263.027215352675
-0.9617187500000001,6140.0940188509,14.900867862578547,11.56163840630855,0.7759036931898439,3.339229456269996,16.224522762092878,28227.81234309176,297324.8563470891,18325.645734354763
-0.96015625,6155.540628692463,14.947388568576981,11.601953719742585,0.7761859984113006,3.345434848834395,16.248819801556287,28328.86216870615,298840.05424233637,18391.492914070837
-0.95859375,6170.916302594353,14.993904297626923,11.642271089145813,0.7764669467036968,3.3516332084811085,16.273041125353085,28429.608825340107,300356.32641157537,18457.295357265826
-0.95703125,6186.221004221334,15.040414922935355,11.682590417461999,0.7767465510307858,3.3578245054733564,16.297184247705527,28530.050855917612,301873.6535730519,18523.055822698487
-0.9554687500000001,6201.454706053415,15.086920326181904,11.7229116158497,0.7770248243112752,3.3640087103322034,16.321246670800694,28630.186867945613,303392.0169184322,18588.77713436018
-0.9539062500000001,6216.617389363455,15.133420397552797,11.763234603717827,0.7773017794192807,3.3701857938349704,16.3452258848753,28730.01553364736,304911.3981175871,18654.46218150648
-0.95234375,6231.709044194186,15.179915035774625,11.80355930876091,0.7775774291847727,3.376355727013716,16.36911936830601,28829.53559008786,306431.7793234567,18720.113918698145
-0.95078125,6246.729669334376,15.226404148147997,11.843885666994272,0.7778517863940223,3.382518481153726,16.392924587703305,28928.74583928761,307953.14317677525,18785.73536584056
-0.94921875,6261.134420037481,15.273739031280693,11.885016888127218,0.778134081234899,3.3887221431534753,16.416074436797015,29025.672102415632,309536.226244573,18855.678769995116
-0.9476562500000001,6274.920766945152,15.321925705734,11.92695880613278,0.7784242682804091,3.394966899601222,16.438563900964517,29120.29430578681,311182.01194147964,18929.99983552221
-0.9460937500000001,6288.632835718758,15.370114768094922,11.96891013517272,0.7787131271145498,3.401204632922199,16.460950159014356,29214.57940696271,312830.08602964046,19004.375993346184
-0.94453125,6302.270776730401,15.418306175325878,12.010870915504013,0.779000674842297,3.407435259821864,16.48322581249561,29308.527988796723,314480.4596592794,19078.817656000192
-0.94296875,6315.834749403725,15.466499893775634,12.052841197163819,0.7792869285192564,3.4136586966118125,16.505383423388174,29402.14072308622,316133.14489039563,19153.335416760696
-0.94140625,6329.324922170592,15.514695899216191,12.094821040009561,0.7795719051522368,3.4198748592066295,16.527415514558207,29495.41837053207,317788.1546972913,19227.940050116547
-0.9398437500000001,6342.741472427347,15.56289417687989,12.136810513758775,0.7798556216997943,3.426083663121113,16.54931457025245,29588.36178068293,319445.5029729148,19302.642512283932
-0.9382812500000001,6356.084586490741,15.611094721496677,12.178809698028775,0.7801380950727561,3.4322850234679008,16.5710730366329,29680.97189186176,321105.2045333398,19377.45394178684
-0.93671875,6368.889763770493,15.65996190164032,12.22147501991529,0.7804281451435164,3.438486881725032,16.59194601384258,29771.42653068492,322858.3690747768,19458.74033132808
-0.93515625,6381.15545840723,15.709500312099548,12.26481115717501,0.7807257336968625,3.4446891549245358,16.611925629061528,29859.70930675321,324706.98171526834,19546.619035376232
-0.93359375,6393.346027590105,15.75904712381184,12.308163393349846,0.7810220565145892,3.4508837304619915,16.631741481686742,29947.63888299992,326560.6355460864,19634.783038544898
-0.9320312500000001,6405.461730907454,15.808602351707096,12.35153183068435,0.7813171307551149,3.4570705210227466,16.651385917270325,30035.21666496325,328419.365053882,19723.245061136633
-0.9304687500000001,6417.502836372806,15.858166020469325,12.39491658162463,0.7816109735278077,3.463249438844693,16.670851248049715,30122.444146982056,330283.20565975393,19812.01803947432
-0.92890625,6429.46962037187,15.907738164577452,12.43831776885953,0.7819036018933571,3.4694203957179246,16.69012975372847,30209.322911988278,332152.1937209892,19901.115127447618
-0.92734375,6441.362367610436,15.957318828347315,12.481735525362343,0.7821950328641183,3.4755833029849716,16.70921368230052,30295.854631285772,334026.36653268826,19990.54969812916
-0.92578125,6453.1813710608685,16.006908065972993,12.52516999443165,0.7824852834044372,3.4817380715413435,16.728095250913828,30382.04106430993,335905.76232920866,20080.335345463714
-0.9242187500000001,6464.540556133727,16.05699293706111,12.569132313096727,0.7827824526275988,3.4878606239643837,16.74586436757109,30466.35658479023,337858.82174998923,20175.657364349838
-0.9226562500000001,6475.439005489741,16.107576564315572,12.613625839484982,0.7830865052306488,3.493950724830592,16.76251617009962,30548.788603117817,339887.7752710542,20276.65607132024
-0.92109375,6486.262915329615,16.158172757827465,12.658140488992888,0.7833893521692257,3.500032268834577,16.778951498264583,30630.860780025978,341924.89947956585,20378.20417532827
-0.91953125,6497.0125040254625,16.20878125348059,12.702676032813645,0.7836910026832484,3.506105220666946,16.795169007605402,30712.5740150581,343970.12299814523,20480.30137966366
-0.91796875,6507.68799638202,16.259401791976103,12.747232246613116,0.7839914659654812,3.5121695453629878,16.81116735861009,30793.929274651025,346023.3735606298,20582.947405101455
-0.9164062500000001,6518.289623589238,16.310034118855327,12.791808910550625,0.7842907511617383,3.5182252083047003,16.82694521685891,30874.927591924123,348084.5780446502,20686.14199182775
-0.9148437500000001,6528.817623176086,16.360677984525907,12.83640580930303,0.7845888673711341,3.524272175222879,16.842501253167654,30955.570066461638,350153.66250656295,20789.884901490375
-0.91328125,6539.272238965245,16.411333144290353,12.881022732091118,0.7848858236463586,3.530310412199237,16.857834143732322,31035.857864091813,352230.55221882486,20894.175919377092
-0.91171875,6549.367731447769,16.46226622650687,12.925968901432425,0.7851876967351893,3.5362973250744454,16.871958125639683,31114.82356047684,354248.92004236195,20996.31337420303
-0.91015625,6559.103596660075,16.513478703694872,12.971246072235566,0.7854944621288829,3.5422326314593033,16.884871729041464,31192.46041902263,356207.86759631464,21096.27323870326
-0.9085937500000001,6568.765850743581,16.56470404048607,13.016545264488533,0.7858000500748203,3.548158775997539,16.897558103564428,31269.735820927155,358173.30311976414,21196.749312802178
-0.9070312500000001,6578.354783163853,16.615942004252638,13.061866278128225,0.7861044697186116,3.5540757261244154,16.91001602568667,31346.651241510175,360145.1584818838,21297.741997098983
-0.90546875,6587.870689311142,16.66719236743979,13.107208917832743,0.7864077301608605,3.559983449607044,16.922244278301562,31423.208219909437,362123.36538588954,21399.251744062098
-0.90390625,6597.313870460782,16.718454907614756,13.15257299306829,0.7867098404576661,3.5658819145464684,16.934241650861388,31499.408358797096,364107.8554222266,21501.27906103818
-0.90234375,6606.684633735401,16.769729407520416,13.197958318140557,0.7870108096211683,3.5717710893798573,16.94600693952167,31575.253324093293,366098.56012437865,21603.82451340554
-0.90078125,6615.983292067981,16.82101565513122,13.243364712248532,0.7873106466201206,3.5776509428826886,16.957538947285453,31650.74484467323,368095.4110273412,21706.88872787555
-0.89921875,6625.119183026331,16.87221036454389,13.288709263880316,0.7876092685405273,3.5835011006635744,16.968130477670936,31725.60014209592,369847.47257341084,21796.595273716714
-0.89765625,6634.0919456409665,16.923312123669927,13.333990644871157,0.787906678517231,3.589321478798772,16.977784231062714,31799.81838774229,371348.57364204427,21872.61709703092
-0.89609375,6642.992241302182,16.974422433409366,13.379290008645993,0.7882029601379916,3.595132424763376,16.98721374079955,31873.683127386386,372847.1404492108,21948.69306634519
-0.89453125,6651.819896841501,17.025539913773137,13.424605941976662,0.7884981040229196,3.6009339717964752,16.99667371483299,31947.193856956685,374342.6941816068,22024.46787308261
-0.89296875,6660.5747410553295,17.076663173171656,13.469937018842668,0.7887921007896117,3.606726154328988,17.007127768886342,32020.35010371622,375834.7509982243,22098.660991175388
-0.89140625,6669.256604760016,17.12779080852984,13.515281800545141,0.7890849410546498,3.6125090079847015,17.017370718378896,32093.151426266755,377322.8221230103,22172.803799561036
-0.88984375,6677.865320857171,17.178921405427396,13.560638835845634,0.7893766154353191,3.618282569581763,17.027411276550804,32165.597414549593,378806.41394436266,22246.85877330241
-0.88828125,6686.400724408667,17.230053538265434,13.60600666113082,0.7896671145515518,3.624046877134616,17.037258185666044,32237.687689843115,380285.02812179294,22320.788003420534
-0.88671875,6694.932650224298,17.28079926389743,13.650973047726973,0.7899503280641776,3.6298262161704526,17.04658433912172,32309.704031534002,381380.4035360494,22372.834108519073
-0.88515625,6703.460688452253,17.33115482903603,13.695534014012189,0.7902262803092126,3.6356208150238447,17.055397762039718,32381.64938265379,382085.54249355453,22402.61692072431
-0.88359375,6711.914596034505,17.381504522849916,13.740097993268979,0.7905010740126722,3.641406529580936,17.064042914937986,32453.24236226249,382775.58399730414,22431.705423233532
-0.88203125,6720.2942122879085,17.431846888267756,13.784663488370782,0.7907746997048456,3.647183399896979,17.072528666336943,32524.482646153177,383450.08311419823,22460.063802398097
-0.88046875,6728.599379264648,17.4821804583909,13.829228991498272,0.791047147946621,3.652951466892632,17.080863907652493,32595.369936985215,384108.59522129217,22487.656203923358
-0.87890625,6736.829941888813,17.532503756826667,13.873792984470988,0.7913184093326614,3.658710772355678,17.089057552378303,32665.903964212677,384750.676177185,22514.4467445274
-0.87734375,6744.985748104211,17.582815298054047,13.918353939110588,0.7915884744948087,3.6644613589434547,17.09711853531412,32736.084484009978,385375.8824985209,22540.399524196226
-0.87578125,6753.066649032197,17.633113587817444,13.962910317631744,0.7918573341056788,3.6702032701857004,17.105055811840472,32805.91127919251,385983.7715412337,22565.478639014305
-0.87421875,6761.15647686649,17.683014305276085,14.007020200322653,0.7921172238232809,3.675994104953434,17.11268069228534,32876.187160765636,386171.3911614143,22566.38793801057
-0.87265625,6769.254586313041,17.73251307376954,14.050678851739768,0.7923681653743682,3.681834222029767,17.119997545651152,32946.918888221466,385937.6773121692,22543.09185985869
-0.87109375,6777.276216283415,17.78198908123136,14.094322970083596,0.7926179071249098,3.687666111147761,17.127205055079575,33017.30613005629,385684.6606002736,22518.832428288555
-0.86953125,6785.22065653946,17.83143939860488,14.137949708071108,0.7928664305797576,3.693489690533769,17.13430449628864,33087.34938070732,385412.1042120014,22493.59489878817
-0.86796875,6793.087197503407,17.880861072443768,14.181556194355853,0.7931137173371968,3.6993048780879145,17.14129714949857,33157.04916754724,385119.7733923573,22467.364636031823
-0.86640625,6800.875130561783,17.93025112553967,14.225139534149944,0.7933597490939654,3.7051115913897243,17.148184299347324,33226.406050797195,384807.43563887203,22440.12712491772
-0.86484375,6808.583748388973,17.97960655760658,14.268696809902043,0.7936045076506653,3.710909747704539,17.154967234806794,33295.420623451915,384474.8608953193,22411.867981609084
-0.86328125,6816.212345288585,18.028924346018208,14.312225082027815,0.7938479749175249,3.7166992639903915,17.161647249099644,33364.093511214276,384121.8217451083,22382.57296456554
-0.86171875,6823.83121818461,18.077881354481782,14.35531673096374,0.7940818091166882,3.722564623518045,17.168095925162795,33433.62589490438,383410.4738105334,22332.731333856274
-0.86015625,6831.439465097166,18.126472792717365,14.397966542625035,0.794306024523959,3.728506250092329,17.174313913121516,33504.02672931142,382345.84918529884,22262.656378557225
-0.85859375,6838.965315763562,18.175015103549818,14.440575447879137,0.7945289379736858,3.734439655670678,17.180432020849835,33574.09879391397,381267.1574599028,22191.942379400265
-0.85703125,6846.408069796905,18.22350519634564,14.48314044879222,0.7947505319501609,3.740364747553423,17.186451563769488,33643.8426238907,380174.2496529006,22120.578424364252
-0.85546875,6853.76703045046,18.271939962958157,14.52565853077624,0.7949707891019466,3.7462814321819167,17.192373861089944,33713.258776083385,379066.9778071558,22048.553670942805
-0.85390625,6861.041505072522,18.320316278810424,14.568126663665115,0.7951896922497375,3.7521896151453094,17.198200235730273,33782.34782893398,377945.1952986973,21975.857364045216
-0.85234375,6868.230805579994,18.368631004037006,14.610541802848852,0.7954072243945555,3.758089201188156,17.20393201424162,33851.110382436666,376808.7571362497,21902.47885334137
-0.85078125,6875.334248949902,18.41688098468508,14.652900890466226,0.7956233687262863,3.763980094218852,17.209570526731124,33919.54705810523,375657.52025185456,21828.407610077003
-0.84921875,6882.402573585678,18.464816330594658,14.69485209521287,0.7958298545794212,3.7699642353817877,17.21503849508721,33989.06656515125,374283.48188760394,21741.658143513076
-0.84765625,6889.434717970419,18.512432079668155,14.736390000771657,0.7960266883007958,3.7760420788965,17.220336485199866,34059.67751716206,372692.9066948646,21642.603035961467
-0.84609375,6896.378107089555,18.559970310928534,14.777858689573005,0.7962221082256508,3.782111621355531,17.2255437890883,34129.97419015468,371095.6525372877,21543.33454322424
-0.84453125,6903.231643449076,18.607426781319262,14.819254079383008,0.7964160898518567,3.788172701936253,17.23066126624465,34199.956089914136,369491.58462637034,21443.842399143134
-0.84296875,6909.994234196445,18.654797226283204,14.860572067867292,0.7966086089067677,3.794225158415913,17.235689778767632,34269.62273296365,367880.5726080321,21344.116616743602
-0.84140625,6916.6647916765705,18.702077361101587,14.901808533916352,0.7967996413548473,3.8002688271852354,17.240630191315518,34338.97364673386,366262.4906791039,21244.147494306693
-0.83984375,6923.242234009421,18.74926288230579,14.942959339042211,0.7969891634056882,3.806303543263579,17.24548337105963,34408.00836976095,364637.21769683296,21143.925621055423
-0.83828125,6929.725485687093,18.796349469153817,14.984020328838726,0.7971771515223527,3.8123291403150903,17.250250187638194,34476.72645190069,363004.6372814932,21043.441882461982
-0.83671875,6936.144992127113,18.843156021857354,15.024701758498797,0.7973559068911125,3.818454263358558,17.254899707746585,34546.53001965646,361299.55860939913,20938.954426214008
-0.83515625,6942.499555500264,18.88967732354603,15.064997986364297,0.7975254276887905,3.824679337181733,17.259432399463762,34617.42617543265,359525.31789019395,20830.657090517307
-0.83359375,6948.756562591431,18.93608549625036,15.105189928053129,0.7976933739047699,3.8308955681972305,17.263880811114284,34688.014238001844,357747.9169309719,20722.33473140396
-0.83203125,6954.914968555981,18.982376179081346,15.145273405065351,0.7978597232603315,3.837102774015994,17.26824582372488,34758.29354142466,355967.11564635596,20613.970827152112
-0.83046875,6960.973738244899,19.028545002545528,15.185244232221978,0.798024453797733,3.8433007703235496,17.272528320561815,34828.263420742696,354182.6842021226,20505.549484639796
-0.82890625,6966.931846920562,19.07458759043746,15.2250982195373,0.798187543890595,3.849489370900161,17.2767291870869,34897.92321228575,352394.402876623,20397.055429913908
-0.82734375,6972.788280990987,19.120499561801417,15.264831174158898,0.7983489722546109,3.8556683876425186,17.280849310914043,34967.272254005096,350602.0619270738,20288.47399911326
-0.82578125,6978.5420387625645,19.166276532962176,15.304438902375214,0.7985087179585784,3.86183763058696,17.284889581765526,35036.30988583538,348805.4614603302,20179.791129721652
-0.82421875,6984.204815184621,19.211798908696082,15.343700241294005,0.7986602563463638,3.868098667402073,17.288864796220185,35106.15635001475,347080.3512210623,20075.369627330503
-0.82265625,6989.775437070882,19.257061514853252,15.382609669420244,0.7988035795365462,3.874451845433007,17.292775577289284,35176.81639814902,345425.513156298,19975.134217895455
-0.82109375,6995.240009328729,19.30217450714833,15.42137915853034,0.7989451733958377,3.8807953486179882,17.296608866889812,35247.16918572377,343764.59050466644,19874.681398544017
-0.81953125,7000.5973617127365,19.347133007077026,15.460004077341145,0.7990850154224918,3.8871289297358853,17.300365612220713,35317.21274523998,342097.5404288253,19774.006405227232
-0.81796875,7005.8463359132265,19.391932131734336,15.498479792181087,0.7992230834398535,3.8934523395532503,17.304046762432844,35386.945107230975,340424.32789121754,19673.104942728205
-0.81640625,7010.985786167294,19.436566995531933,15.536801668677452,0.7993593556027174,3.899765326854478,17.307653268586147,35456.36430083782,338744.92545170855,19571.973172500493
-0.81484375,7016.014579885879,19.481032711979964,15.574965073506213,0.7994938104040196,3.906067638473747,17.31118608360709,35525.46835441019,337059.3130704432,19470.607700856683
-0.81328125,7020.931598297925,19.5253243955311,15.612965376202318,0.7996264266818414,3.912359019328783,17.314646162246767,35594.36609115822,335367.4779157055,19369.005567491644
-0.81171875,7025.731710061473,19.569373810362094,15.650653225990252,0.799752377242809,3.918720584371841,17.318094608509394,35663.53004401768,333872.7304655365,19278.83742484495
-0.81015625,7030.413796601377,19.61317579504711,15.688023208011906,0.7998716460785297,3.925152587035204,17.32153218125466,35732.95812705274,332570.1699876788,19199.812493930865
-0.80859375,7034.9808041379165,19.65678874802437,15.72521518419478,0.7999890208809037,3.931573563829587,17.32489962582837,35802.06886207083,331254.87645331054,19120.16136355953
-0.80703125,7039.431678708688,19.70020782032708,15.762224570472473,0.8001044818526577,3.9379832498546037,17.32819790307034,35870.86019444584,329926.89031751634,19039.88471063442
-0.80546875,7043.765383677933,19.743428174190925,15.799046796249089,0.8002180096008846,3.944381377941839,17.331427975474693,35939.330062771754,328586.2576173823,18958.983534556828
-0.80390625,7047.980900472525,19.786444985270855,15.835677306576438,0.8003295851460234,3.9507676786944175,17.334590807150466,36007.476399587606,327233.0298875963,18877.459152517964
-0.80234375,7052.0772293327145,19.829253444922358,15.872111564393649,0.8004391899311768,3.957141880528715,17.337687363783463,36075.29713213751,325867.26407603343,18795.313194811355
-0.80078125,7056.053390076686,19.871848762542232,15.908345052824298,0.8005468058317249,3.9635037097179335,17.34071861259785,36142.79018316021,324489.0224591365,18712.547600155314
-0.79921875,7059.8697470681755,19.91423795225871,15.944347003676674,0.8006506220273539,3.969890948582033,17.343727512188856,36209.71409450559,323415.555577189,18647.40756275711
-0.79765625,7063.525386705591,19.95641637372429,15.980112644234307,0.8007506129845334,3.9763037294899837,17.346714933028437,36276.070213905805,322640.5700558453,18599.519926480847
-0.79609375,7067.058072404919,19.998367603636368,16.015663778495767,0.80084855403816,3.9827038251405975,17.349639716989344,36342.09618956855,321844.95148857404,18550.52650882501
-0.79453125,7070.466900425965,20.040086992639463,16.050996070176826,0.8009444308336688,3.989090922462635,17.352502709063618,36407.788988332606,321028.91670833906,18500.438933264548
-0.79296875,7073.750984587076,20.081569907047356,16.08610520058076,0.8010382293336319,3.995464706466592,17.355304755541272,36473.14557466851,320192.6858679945,18449.2689917048
-0.79140625,7076.909456683525,20.122811730319754,16.120986870030194,0.801129935820059,4.001824860289556,17.358046703979788,36538.16291149803,319336.4823256067,18397.02863873447
-0.78984375,7079.941466921207,20.163807864594503,16.155636799352322,0.8012195368970907,4.008171065242181,17.360729403173664,36602.83796104054,318460.5325296147,18343.729985872473
-0.78828125,7082.846184363758,20.204553732273197,16.190050731415695,0.8013070194940736,4.014503000857502,17.363353703124943,36667.16768568938,317565.06590367435,18289.38529579807
-0.78671875,7085.568400355396,20.24507661529736,16.22427952919326,0.8013938320655231,4.020797086104101,17.365937060226692,36729.884499618754,317073.1398602862,18258.337500628208
-0.78515625,7088.107390880813,20.285372222654473,16.258318853177876,0.8014799371056535,4.0270533694766,17.368480372382848,36790.99020184291,316979.9559890199,18250.29877069966
-0.78359375,7090.516810747063,20.325404300225692,16.292109373830147,0.8015638524666021,4.033294926395541,17.370967902660595,36851.74831605025,316861.05774525506,18240.840667072072
-0.78203125,7092.795917307083,20.36516838022972,16.32564692920981,0.8016455658210304,4.039521451019914,17.373400505173763,36912.15628032079,316716.456663517,18229.96347601608
-0.78046875,7094.943989284279,20.404660023816163,16.35892738819775,0.801725065210777,4.045732635618418,17.3757790351067,36972.21152833551,316546.16771819105,18217.667655569796
-0.77890625,7096.960327301196,20.443874822979005,16.391946652358754,0.8018023390523862,4.051928170620247,17.378104348686822,37031.911490220395,316350.2092520785,18203.953832052084
-0.77734375,7098.844254422374,20.482808402526985,16.42470065785897,0.801877376143041,4.058107744668014,17.38037730315769,37091.25359342148,316128.6029038299,18188.8227965221
-0.77578125,7100.595116709381,20.5214564221073,16.457185377434705,0.8019501656668848,4.0642710446725925,17.38259875675259,37150.235263609655,315881.37353390665,18172.275501164448
-0.77421875,7102.179187212349,20.559779835229,16.48945669333103,0.8020249645415215,4.07032314189797,17.38480744120241,37206.31138754561,316130.59790204634,18184.302528011285
-0.77265625,7103.595978613528,20.59777474912433,16.521510651736588,0.8021017247233935,4.076264097387742,17.38700414974875,37259.4859267573,316876.0496784049,18224.87916545323
-0.77109375,7104.878164552168,20.635472210035104,16.553283874342547,0.8021761608291487,4.082188335692557,17.389151761163777,37312.30074380014,317595.2176834442,18263.98561847901
-0.76953125,7106.025324828701,20.672868506399396,16.584772965757633,0.8022482685759709,4.08809554064176,17.39125103242108,37364.75292615248,318287.62839759496,18301.594738885517
-0.76796875,7107.037057026084,20.709959954081498,16.615974559453107,0.8023180438926174,4.093985394628392,17.393302721326382,37416.83955931316,318952.7901541893,18337.67831586769
-0.76640625,7107.912976631967,20.746742897189836,16.646885318535936,0.8023854829179365,4.099857578653896,17.39530758649619,37468.55772747687,319590.19214661553,18372.20701947865
-0.76484375,7108.652717178001,20.7832137089489,16.67750193657426,0.8024505819998959,4.105711772374638,17.397266387336852,37519.904514234346,320199.3033912602,18405.150341569028
-0.76328125,7109.255930397869,20.819368792629287,16.707821138478728,0.8025133376951286,4.111547654150557,17.399179884024036,37570.877003304755,320779.57164401823,18436.476534078407
-0.76171875,7109.710199135622,20.85510120380681,16.737911497502935,0.8025811686997549,4.11718970630388,17.40110626262734,37617.46341961327,321952.9733704869,18501.86812903677
-0.76015625,7110.0152044764,20.890407505584356,16.767769384940177,0.8026540114384016,4.122638120644182,17.40304621209432,37659.67233928644,323726.3760122111,18601.70754400664
-0.75859375,7110.1827408282925,20.92538763660533,16.79731964894983,0.8027244197649098,4.128067987655497,17.404943044911843,37701.51455919019,325477.8835014344,18700.313046791875
-0.75703125,7110.212537375691,20.960038164590117,16.826559125114187,0.8027923896408248,4.133479039475931,17.406797523556463,37742.98838333776,327205.25875379826,18797.556432249778
-0.75546875,7110.104342627752,20.99435569290539,16.855484686043045,0.8028579172705457,4.138871006862343,17.40861041119689,37784.09210791223,328906.06971090246,18893.298312848467
-0.75390625,7109.857924683485,21.028336861834035,16.88409324260165,0.802920999104114,4.144243619232385,17.410382471674954,37824.82402180641,330577.67243953963,18987.387151164443
-0.75234375,7109.473071515202,21.06197834990826,16.91238174519946,0.8029816318405402,4.149596604708796,17.41211446948768,37865.182407203734,332217.1926743151,19079.65820328598
-0.75078125,7108.949591269518,21.095276875300993,16.9403471851354,0.8030398124316485,4.1549296901655906,17.413807169768774,37905.16554018458,333821.5056456574,19169.932364083368
-0.74921875,7108.295747568456,21.128058444128833,16.968075381206226,0.8031062308009375,4.159983062922605,17.41553635255664,37939.22073987308,336105.21137015655,19299.159357834855
-0.74765625,7107.511385932868,21.160320287624906,16.99556312609196,0.8031808070519328,4.164757161532952,17.417302594617222,37967.36327899561,339080.917721753,19468.049996820126
-0.74609375,7106.588094080692,21.19223069725027,17.022719175188982,0.8032528249797559,4.169511522061289,17.419031479313983,37995.14836099465,342028.62243933906,19635.340968613327
-0.74453125,7105.525941116484,21.223787208229112,17.049541297861808,0.8033222878926707,4.174245910367302,17.42072364682323,38022.57462228715,344939.10568725195,19800.50385278648
-0.74296875,7104.325009466373,21.254987384014647,17.076027292782253,0.8033891991686014,4.178960091232396,17.422379737854552,38049.6406876213,347801.7875047558,19962.932316821676
-0.74140625,7102.985394776483,21.285828816446042,17.10217498806194,0.8034535622520984,4.183653828384105,17.42400039363733,38076.345170259585,350770.073606453,20131.431685145202
-0.73984375,7101.507205834294,21.31630912596865,17.12798224144621,0.8035153806518972,4.188326884522439,17.42558625590716,38102.68667219462,353848.3469166457,20306.25206636554
-0.73828125,7099.890564514345,21.346425961921156,17.1534469405727,0.8035746579390805,4.192979021348458,17.42713796689276,38128.66378440299,356896.37698368065,20479.34535559971
-0.73671875,7098.163820797324,21.37594336870931,17.178675042870584,0.8036452355135445,4.197268325838729,17.428746613574013,38147.22612218034,360762.7232465607,20699.292453169768
-0.73515625,7096.326899904871,21.404859241645763,17.203663645557295,0.8037270159705359,4.201195596088468,17.43041266545485,38158.39732484162,365461.94175597065,20966.91276163965
-0.73359375,7094.351671335827,21.433405062853275,17.228302368644027,0.8038061296430585,4.205102694209245,17.432046263635286,38169.2349274905,370125.86614164046,21232.496778863773
-0.73203125,7092.2383066822085,21.46157865828949,17.252589180398168,0.8038825780290114,4.208989477891322,17.433648051770287,38179.73945086233,374729.70375168,21494.623651853995
-0.73046875,7089.986990858,21.489377885485652,17.27652208193735,0.8039563627203119,4.212855803548302,17.435218673973413,38189.91138997075,379243.7229409751,21751.589700856162
-0.72890625,7087.597922187561,21.51680063422919,17.300099107897825,0.8040274854048987,4.216701526331367,17.436758774805032,38199.75121408898,383632.30463515146,22001.354127205963
-0.72734375,7085.07131251762,21.543844827316136,17.323318327170412,0.8040959478693245,4.220526500145726,17.43826899926065,38209.25936677231,387852.7971742232,22241.47346222652
-0.72578125,7082.40738735357,21.57050842137664,17.34617784370713,0.8041617520019535,4.224330577669514,17.439749992759698,38218.43626592732,391854.129214189,22469.022169289787
-0.72421875,7079.653348744821,21.59650308689021,17.36879958323336,0.8042412937572656,4.227703503656848,17.44130602967078,38219.01189947003,396427.4503644398,22729.229662620783
-0.72265625,7076.809132418607,21.62182732202291,17.39118084552327,0.8043344619540775,4.23064647649964,17.442937477760324,38211.018052837855,401433.23379429494,23014.08431384454
-0.72109375,7073.828018789522,21.646766063871517,17.413196097075435,0.8044248293576787,4.233569966796078,17.44454115478509,38202.931051742446,405849.3328543318,23265.119400575702
-0.71953125,7070.710382977734,21.671317878041407,17.43484397671332,0.8045124008992218,4.236473901328086,17.446117578727286,38194.738193861915,409494.78762637015,23471.9722470335
-0.71796875,7067.456609090707,21.69548135584226,17.456123149737536,0.804597181478846,4.239358206104723,17.447667267927272,38186.26369777407,414924.9494161048,23781.11314506954
-0.71640625,7064.067090031245,21.71925511406576,17.47703230771829,0.8046791759630774,4.242222806347469,17.449190741075395,38177.50883477508,419974.8702963707,24068.444005701072
-0.71484375,7060.542227329808,21.742637794829815,17.497570168352226,0.8047583891827962,4.245067626477586,17.450688517203815,38168.47485083883,424518.4215270356,24326.743389438347
-0.71328125,7056.882431004013,21.76562806549457,17.51773547538885,0.8048348259318104,4.24789259010572,17.452161115678834,38159.16296617735,428399.12887844763,24547.053286918057
-0.71171875,7053.152533567016,21.78789942462182,17.53765875002908,0.8049265515798335,4.2502406745927415,17.45372355250404,38140.585571347685,432217.1414484644,24763.60646759845
-0.71015625,7049.352430425542,21.809450885606804,17.557337438373956,0.8050334476766199,4.252113447232845,17.455376100587504,38112.78122268999,435623.4613588674,24956.406487523658
-0.70859375,7045.41795980856,21.83060654442099,17.576638114776575,0.8051374147123018,4.253968429644415,17.457004701424477,38084.75435151301,437373.05693853524,25054.301377535056
-0.70703125,7041.34955847694,21.85136524247607,17.595559572847037,0.8052384543297858,4.255805669629036,17.45860987548775,38056.508485275255,440021.0293003278,25203.669274844528
-0.70546875,7037.147671621562,21.871725847431588,17.614100633799488,0.8053365681642322,4.2576252136321004,17.460192143574933,38028.04710628298,444394.4587636073,25451.865312211772
-0.70390625,7032.812752879287,21.891687253530634,17.63226014681792,0.8054317578456286,4.259427106712712,17.46175202680144,37999.37365095843,447482.8683859609,25626.458771097816
-0.70234375,7028.345264373632,21.911248382006523,17.65003698949054,0.8055240250019127,4.261211392515983,17.46329004659367,37970.49150915742,448867.2023924371,25703.472896276588
-0.70078125,7023.745676782063,21.930408181568797,17.667430068320932,0.8056133712627089,4.262978113247864,17.464806724682003,37941.404023540905,448005.68162967043,25651.91179565302
-0.69921875,7019.099211014165,21.948812307331494,17.684553004277053,0.8057179931494487,4.264259303054442,17.46644064609841,37903.00568183317,446356.67697636,25555.10226842156
-0.69765625,7014.405608220814,21.966459902419697,17.70140318518014,0.8058377755821391,4.265056717239554,17.46819197753047,37855.33640386321,448921.37250258616,25699.361048930463
-0.69609375,7009.580294099241,21.983703326246296,17.7178642775961,0.8059544843130584,4.265839048650195,17.469922953068046,37807.52138440859,449209.4486037653,25713.304506868226
-0.69453125,6960.651269664919,21.87599268216241,17.609045655933855,0.8049484159085588,4.266947026228556,17.47163396722021,37760.03736357854,449798.14341860637,25744.48069725505
-0.69296875,6955.899905667037,21.89336179522049,17.625314231419612,0.8050528921176177,4.268047563800875,17.47332541475359,37705.49408848732,447367.5184524659,25602.883700359147
-0.69140625,6951.01852439149,21.910326737787592,17.6411952561336,0.8051543670368345,4.269131481653989,17.474997690688,37650.75757920545,446842.4906566044,25570.38911053567
-0.68984375,6946.007558921908,21.926886589863116,17.656687729285544,0.8052528413882661,4.270198860577571,17.476651190291907,37595.83145726023,447286.38416974485,25593.36907852276
-0.68828125,6940.867450841496,21.94304046022977,17.671790679331,0.8053483158525769,4.271249780898771,17.478286309077944,37540.71930932128,445109.20956511813,25466.41024720687
-0.68671875,6935.696063372988,21.95842528313219,17.686601821019828,0.8054585696819594,4.27182346211236,17.4800647684273,37474.98728307628,440400.0322843704,25194.416503526125
-0.68515625,6930.493051558594,21.97304032082883,17.701118636908717,0.8055834958865186,4.271921683920111,17.48198665352717,37398.6804190671,437069.952988624,25001.16043164011
-0.68359375,6925.161192915009,21.987247065620146,17.715241007205172,0.805705277897441,4.272006058414976,17.4838909313172,37322.25574860947,437424.03808418574,25018.689478362645
-0.68203125,6876.430153868929,21.876847753360895,17.604722353324107,0.8047193339643518,4.27212540003679,17.485777998209034,37246.860414378265,435340.4618070605,24896.831119075738
-0.68046875,6828.82977182022,21.76954920153611,17.496797443275106,0.8037280552433531,4.272751758261002,17.487648250867235,37183.57397479039,434620.75812974205,24853.013503870578
-0.67890625,6823.785962291688,21.784409394483752,17.510990316761884,0.8038313088807455,4.273419077721867,17.489502086205327,37121.45698669243,433632.2027033164,24793.85636972133
-0.67734375,6818.615935326997,21.79886404532549,17.524794415383305,0.8039315433567874,4.274069629942185,17.49133990138206,37059.155916363474,434072.401935245,24816.417974985856
-0.67578125,6813.320141842664,21.812912407249076,17.538208877872655,0.804028758307588,4.274703529376419,17.493162093797448,36996.674882687155,431831.19881642534,24685.714137956784
-0.67421875,6807.997600132418,21.82620375801097,17.551331021158887,0.8041403450527645,4.274872736852077,17.49514078310909,36920.487580326284,427079.4025101577,24411.315564976023
-0.67265625,6802.647871803413,21.83873721347679,17.564158252030303,0.8042662027725384,4.274578961446485,17.497276011817796,36832.13766564246,421214.83865606727,24073.166495834867
-0.67109375,6754.861774533272,21.728176826095478,17.45384995996331,0.8032818445678924,4.274326866132166,17.499396236207954,36745.03871918503,422691.97297245706,24154.660381817415
-0.66953125,6749.595033975454,21.740812281510344,17.466556210532218,0.8033994307281148,4.274256070978122,17.501501732976344,36662.611324581136,423388.4608865087,24191.55037928887
-0.66796875,6744.2035711742965,21.75303996169688,17.478869947429,0.8035138986645586,4.274170014267879,17.50359277901752,36580.039980632675,421392.8261170348,24074.64749877983
-0.66640625,6696.266817961813,21.6414120727382,17.367117656245796,0.8024946615254948,4.274294416492403,17.505669651421343,36502.853924022544,418779.67676350987,23922.516824685295
-0.66484375,6690.962198953879,21.653794528003363,17.379274357327994,0.8025971768990684,4.274520170675364,17.50773262747089,36428.380251802235,420242.6909407739,24003.261866210072
-0.66328125,6685.534325943953,21.665769480333964,17.391040437088883,0.8026966433329195,4.274729043245081,17.509781984639805,36353.72352005884,419353.8301269927,23949.688836495203
-0.66171875,6680.082559079833,21.676992744051525,17.40251931023232,0.8028105888907409,4.274473433819202,17.511998212749248,36268.40216405989,416359.00074579136,23775.64203054051
-0.66015625,6632.415900708397,21.563885273228557,17.29012617957146,0.8018094123806647,4.273759093657097,17.514381314341684,36172.55421335512,410249.5617265259,23423.582846777022
-0.65859375,6627.149588661332,21.57489341911576,17.301587075685994,0.8019315201045889,4.273306343429771,17.5167512634883,36083.33893227767,412237.4767233004,23533.900237686375
-0.65703125,6621.760859861051,21.585494246649773,17.312656411074812,0.8020504980450871,4.27283783557496,17.51910833838304,35995.73178011928,412839.397856631,23565.091891813416
-0.65546875,6616.250098168737,21.595687156811763,17.32333338828182,0.8021663428671059,4.272353768529941,17.521452817422492,35912.38394802442,410706.1083462484,23440.185732650087
-0.65390625,6610.617695247952,21.605471578788023,17.333617239085356,0.8022790512058658,4.271854339702662,17.523784979203974,35828.90352982983,404876.4164818417,23104.393084160827
-0.65234375,6563.238965037049,21.49222866747629,17.22060254426967,0.8012478747878401,4.271626123206619,17.5261051025233,35751.96503623489,405366.48709048005,23129.296824319394
-0.65078125,6557.699035951392,21.502174050323042,17.23075883592095,0.8013496121645466,4.27141521440209,17.52841346637296,35675.65509017371,406431.07985250076,23186.98612582425
-0.64921875,6552.137597648457,21.511377603467643,17.24063225296572,0.8014657438855298,4.270745350501925,17.530897217877595,35589.38068946092,406109.92295764753,23165.381549525384
-0.64765625,6546.554107573564,21.51983846283974,17.250220180294928,0.8015961741572759,4.269618282544814,17.533556327504975,35493.17733487864,403780.39615223155,23029.00727097898
-0.64609375,6499.458143542332,21.405225450938126,17.136623857875094,0.800581329879151,4.26860159306303,17.536204011455997,35399.76309045581,402641.9472509539,22960.610345769084
-0.64453125,6493.965375309143,21.413831527553803,17.146103235820465,0.8007022570322397,4.267728291733336,17.53884043849914,35309.906583138174,403363.25593476254,22998.285282837078
-0.64296875,6488.352714968296,21.42202906339392,17.155189815349452,0.800820023377913,4.26683924804447,17.541465777548154,35219.90179851475,401272.88634687144,22875.675923301267
-0.64140625,6482.620406889699,21.429817260426816,17.16388260041913,0.8009346226257683,4.265934660007688,17.5440801976606,35129.75313081408,395361.5616336381,22535.325715528666
-0.63984375,6435.6152060467175,21.31467881981513,17.049372353699994,0.799888776079051,4.265306466115135,17.5466838680371,35048.50692088221,392164.2263271203,22349.76302510833
-0.63828125,6429.977702336463,21.32263880000694,17.05795008398413,0.7999924514023368,4.264688716022807,17.54927695801996,34971.14360156515,394147.9183928151,22459.49615677419
-0.63671875,6424.319421797854,21.32986881530759,17.066244891532698,0.8001101666075385,4.263623923774897,17.552051423644073,34884.58391680352,395128.94081914076,22511.838148267343
-0.63515625,6418.6398313877435,21.336368116941923,17.07425433646676,0.800241833234454,4.262113780475167,17.555007204769485,34788.856530152414,394757.742488866,22486.902903783204
-0.63359375,6448.078680202155,21.448142312698472,17.187317719070165,0.8013429540186487,4.260824593628306,17.55795260796579,34698.23281665119,393638.85938441433,22419.405506643525
-0.63203125,6434.293872976486,21.430747547859873,17.170674871671594,0.8012167953229564,4.26007267618828,17.560887803081876,34619.73416803069,397425.2691436429,22631.27431825492
-0.63046875,6427.8562427756315,21.435462379629563,17.175841141036223,0.8012815789482889,4.259621238593338,17.563812960118135,34548.10767460458,402869.2249384726,22937.458162032424
-0.62890625,6421.30018388257,21.43975700249564,17.180610941717887,0.8013435478638131,4.259146060777752,17.56672824922511,34476.15786317332,406659.3216538449,23149.405847488026
-0.62734375,6374.377023931366,21.32253746524762,17.063699192857413,0.8002658792682886,4.2588382723902045,17.569633840702664,34408.1277851186,410808.1954281217,23381.716383663246
-0.62578125,6367.909560427725,21.326974268694904,17.06834244810658,0.80031711170396,4.2586318205883265,17.572529904999016,34342.551953921364,414562.2118083215,23591.492747460754
-0.62421875,6361.4201948206855,21.33087888191224,17.072499678022655,0.8003655063879939,4.258379203889589,17.57561168624208,34276.690616538865,424773.63711963,24168.355827532097
-0.62265625,6354.90812181492,21.334249020545876,17.076172991822247,0.8004112530690486,4.25807602872363,17.578879101814735,34210.43811809699,444980.3925629134,25313.354166988745
-0.62109375,6348.278366915261,21.337197223187758,17.079455759014465,0.800454510513392,4.257741464173293,17.58213708359941,34147.75940580575,423386.5849302985,24080.496182982948
-0.61953125,6341.531245839667,21.339723100333064,17.082347511143112,0.8004952749774198,4.257375589189951,17.58538570535531,34085.47198318631,390699.20753970084,22217.26688773852
-0.61796875,6357.706894408234,21.411911778141505,17.15452395550769,0.8011673190723679,4.257387822633815,17.58862504092918,34031.3793334138,395096.5654372193,22463.186549137266
-0.61640625,6350.318502868732,21.413035513062802,17.15488330135271,0.8011420562436162,4.258152211710087,17.59185516425489,33993.40162843016,408974.3592518381,23247.938061861616
-0.61484375,6342.814758800535,21.4137312644841,17.154857484395144,0.8011148207901282,4.258873780088955,17.595076149353158,33954.7179900482,418643.32311081025,23793.20893852458
-0.61328125,6296.112283016591,21.295091651313722,17.03541294196219,0.7999689891408028,4.259678709351531,17.598288070330938,33917.99948559538,414368.77936873573,23545.970932668308
-0.61171875,6288.783497942549,21.296131802775733,17.03486514514529,0.7999041940060199,4.261266657630443,17.60168786014854,33898.61786575418,398007.7074112094,22611.905777077598
-0.61015625,6281.427196281416,21.296972795656686,17.03352661031647,0.7998097557691531,4.263446185340216,17.605275413793077,33892.52476459451,420578.22494371,23889.329479855944
-0.60859375,6273.955619609771,21.297386185194448,17.03182624507639,0.799714392037301,4.265559940118056,17.608853886978903,33885.2461840854,459236.63239434117,26079.870691296364
-0.60703125,6227.506235332291,21.17852332952441,16.91091432517631,0.7984935522677004,4.267609004348103,17.61242335401876,33876.804461765816,403179.9742628463,22891.79439755232
-0.60546875,6220.1204920469145,21.17903136135165,16.9091952653438,0.7983932304005358,4.269836096007852,17.615983889316315,33872.344009088134,391438.07861562184,22220.619698285485
-0.60390625,6212.622051351299,21.17911688208753,16.90712148232769,0.7982920901025421,4.271995399759839,17.61953556736598,33866.65616219521,380682.25681826076,21605.69189595107
-0.60234375,6205.011535247621,21.178780525821686,16.904693663038692,0.7981901338666821,4.274086862782994,17.623078462752183,33859.73911904775,361891.26760225516,20535.07668181481
-0.60078125,6197.289568288283,21.1780229594754,16.90191250309828,0.7980873632746764,4.276110456377119,17.626612650149177,33851.59154584419,348277.2065660742,19758.60101306116
-0.59921875,6221.3198028982115,21.275546460614727,16.995530946627575,0.7988293498401879,4.28001551398715,17.630331865003168,33884.192272512,352109.4438575731,19971.79897427358
-0.59765625,6175.3454169613005,21.15826390716113,16.872691645095944,0.7974516113009296,4.285572262065184,17.634235989515528,33952.704199361746,359689.5049944206,20397.226463810213
-0.59609375,6167.378928951662,21.15790510695774,16.866733800963956,0.7971835451430094,4.291171305993787,17.63813130565701,34022.37516120033,368511.01994567574,20892.860675523185
-0.59453125,6159.296009288557,21.15712612490308,16.86047346947015,0.7969169994985502,4.2966526554329265,17.6420178067153,34089.80846914351,377758.14064248384,21412.411254833503
-0.59296875,6113.190115539151,21.038887549059304,16.736709726297953,0.7955130558719246,4.302177822761346,17.64589548600136,34158.43525150076,389601.85713161953,22078.894065800967
-0.59140625,6105.187577689447,21.03822600043109,16.730553054617992,0.795245428691334,4.307672945813099,17.64976433684943,34226.687468952594,402705.98319532676,22816.507660363004
-0.58984375,6128.982565492187,21.13597915156714,16.822910178882672,0.7959371107553032,4.313068972684465,17.65362435261708,34293.09696738685,349564.3348149763,19801.278640165176
-0.58828125,6120.403738394219,21.133665377264037,16.815047377231206,0.7956522012183047,4.318618000032832,17.65747552668512,34363.0267295442,345212.6154672417,19550.507939004874
-0.58671875,6111.73209907336,21.13279824168478,16.80520750327331,0.7952192280019391,4.327590738411471,17.661506488888676,34506.828213527435,350359.46919851936,19837.462303622844
-0.58515625,6102.948318949799,21.133406545462762,16.79348816212194,0.7946417973834615,4.339918383340821,17.665717103787625,32435.935437930657,357889.1377231897,20258.964616073037
-0.58359375,6094.027103134792,21.13363940919158,16.781607741882464,0.7940708846666371,4.352031667309117,17.669918685237835,32333.322818692275,365270.522500191,20671.88474417558
-0.58203125,6084.969256677182,21.133498499995277,16.769567887033556,0.7935064744267166,4.363930612961721,17.67411122646363,32331.4501796111,372327.392251889,21066.258296168202
-0.58046875,6107.4078681789115,21.231786284565626,16.855838210415392,0.7938963770876257,4.375948074150235,17.67829472071246,32334.77442458081,382547.49135588965,21639.38871930247
-0.57890625,6097.73812968923,21.23012159008137,16.842371830579708,0.7933243226665455,4.387749759501659,17.68246916125485,30364.407363522023,392839.73282282625,22216.339202423245
-0.57734375,6051.688916453063,21.1148401801669,16.715421272083482,0.7916432769301385,4.39941890808342,17.686634541384528,29815.82372630168,390989.7278212246,22106.507990898845
-0.57578125,6042.0545071226215,21.113376565767283,16.702329666120868,0.7910780927955229,4.411046899646417,17.690790854418125,29639.59892258047,362045.9427392212,20465.22090044399
-0.57421875,6032.105378881473,21.11602174326493,16.686029771476036,0.7902070747203193,4.429991971788893,17.695123092754574,29422.68108951943,358726.6417445636,20272.62765363002
-0.57265625,6021.76403904153,21.122951079847414,16.666844327792962,0.7890395742900786,4.4561067520544535,17.699631106369207,29176.12467284902,367022.7314074548,20736.179709156866
-0.57109375,6011.187560849322,21.129749723790773,16.647942342180187,0.7878911279027431,4.481807381610587,17.70412978729987,28934.41370039647,375623.9817377009,21216.743564948123
-0.56953125,6000.376773272521,21.136420414057838,16.62932548239509,0.7867616728201963,4.507094931662744,17.708619063506102,28694.75203213088,386095.49903771025,21802.688151634327
-0.56796875,5989.332511046634,21.14296606486089,16.61099526139664,0.7856511338304478,4.531970803464251,17.713098862904825,28457.123135101745,396701.3750697966,22395.932983842686
-0.56640625,6008.558729858061,21.245789034732873,16.689134720068147,0.7855267080353922,4.556654314664727,17.717569113370814,28235.394666999302,384867.2101007563,21722.34845751559
-0.56484375,5996.706832716762,21.251312006668172,16.670306743381566,0.7844365909338119,4.581005263286605,17.722029742737043,28018.211262396206,351036.87513139984,19807.938493911177
-0.56328125,5984.623016190921,21.256716274997473,16.651768825298486,0.7833650602414349,4.604947449698985,17.726480678795056,26069.681683564017,349442.6767092003,19713.03176536412
-0.56171875,5971.282783950782,21.273287651488967,16.62898885966696,0.7816840129317322,4.644298791822009,17.731102277650788,25306.251931623974,356305.44732086046,20094.94061573186
-0.56015625,5956.368526160695,21.301906388433256,16.6031614699319,0.7794213892023893,4.698744918501354,17.73589437331117,24862.52455703798,366773.48744436965,20679.728900296534
-0.55859375,5940.803376040653,21.331587832818,16.579218822910185,0.7772144742738542,4.752369009907811,17.74067643353859,24144.52688970866,377861.04010983394,21299.13374641629
-0.55703125,5924.592130351811,21.3623374713446,16.557161397218515,0.7750631886341212,4.8051760741260825,17.745448385577127,23412.374551142602,389607.9204206361,21955.371989207983
-0.55546875,5907.740019568577,21.39416067024662,16.53698899504854,0.7729674115258437,4.857171675198082,17.750210156625894,22865.377492645148,402051.92504532094,22650.544500468397
-0.55390625,5890.252708542085,21.427062650156508,16.518700735146695,0.7709269816796862,4.908361915009813,17.754961673839574,22340.855192941654,416204.8182994222,23441.60612369356
-0.55234375,5900.26325333333,21.551983012537434,16.59320119081974,0.7699152871996502,4.958781821717692,17.7597028643287,21825.94753423141,399542.9054911277,22497.161610379797
-0.55078125,5881.158737964602,21.58627012805704,16.57777210961646,0.7679776085109433,5.008498018440581,17.764433655160126,21309.721641388995,365724.87147098617,20587.477122568
-0.54921875,5856.863925342179,21.652871961830666,16.562995051979186,0.7649329419753724,5.089876909851478,17.769329032932358,20530.74724005637,363615.47591682547,20463.095440628484
-0.54765625,5853.894019600822,21.847255457883026,16.644883264425346,0.7618752523177671,5.2023721934576805,17.774388822500878,19605.853818355736,367907.3616423269,20698.734866010538
-0.54609375,5820.482459992795,21.95636223691632,16.64285118142504,0.7579967483612832,5.313511055491279,17.793010370910476,18542.802277216586,377394.10749079176,21210.24490087342
-0.54453125,5758.922875577451,21.985063416073537,16.562024419531546,0.7533307548898338,5.423038996541986,17.838023923067322,17610.913556475778,389497.9100048592,21835.261107659924
-0.54296875,5721.673701946311,22.107731818299087,16.576773487607294,0.7498179199860888,5.530958330691789,17.882322805789904,17059.357773993965,398009.942634619,22257.17245780577
-0.54140625,5682.417830873969,22.2367477936889,16.599499049235405,0.7464895138104042,5.637248744453493,17.925901324750413,16455.343570074074,365421.1081291737,20385.089793205225
-0.53984375,5641.243968429596,22.37204258678507,16.630122419037516,0.743343946111597,5.741920167747557,17.96876548075133,15518.994746387509,365239.95098974573,20326.379760535106
-0.53828125,5598.244625546082,22.513541933051847,16.668559434016124,0.7403792563419451,5.844982499035721,18.010921233699158,14667.678299583462,370521.9374543319,20572.070281506225
-0.53671875,5535.298156882184,22.75961281449955,16.745938526132512,0.7357743149068035,6.013674288367036,18.078464838017975,13449.817710393745,381241.968731393,21088.182660823222
-0.53515625,5448.7643350972085,23.127185911244627,16.880575285185135,0.7299018285219759,6.246610626059491,18.170789967505932,12182.328449506213,361736.9723013359,19907.608472070562
-0.53359375,5356.407024032989,23.522571565360607,17.046453307385782,0.7246849376149175,6.476118257974824,18.261614160310646,11042.104122413582,348661.451791936,19092.586708447077
-0.53203125,5259.156321915069,23.944631220718065,17.242411350132123,0.7200950890073907,6.7022198705859415,18.35095061261772,9994.09065383805,322282.7068854423,17562.180493464337
-0.53046875,5157.920813065588,24.392178904437408,17.467240484250517,0.7161000479982905,6.924938420186887,18.43881256403081,9033.390085388526,301810.42923771247,16368.213961156256
-0.52890625,5053.569104260477,24.864000568648873,17.71970344080394,0.7126650191259564,7.144297127844928,18.525213295559688,8329.836901145693,301503.8622670013,16275.324740216018
-0.52734375,4922.943257728069,25.253828066015352,17.893488994372053,0.7085456093071183,7.360339071643302,18.610173632792947,7872.02036229628,302078.98857715447,16231.92746814902
-0.52578125,4815.477170626727,25.7695354110774,18.1964555432278,0.7061227629042081,7.5730798678496,18.693703805026882,7514.0419597787,302055.0769044111,16158.118265636911
-0.52421875,4653.844220490368,26.632424651140063,18.70990027657298,0.7025233534556179,7.922524374567084,18.82951667616153,6728.002879482203,300188.2194498887,15942.428295567024
-0.52265625,4438.913570374736,27.892068873386364,19.48632484287496,0.6986331824767624,8.405744030511402,19.016350341715878,4147.8864959895445,296121.2193266428,15571.926999948366
-0.52109375,4227.646388773649,29.22951929040991,20.347733570395242,0.6961364423489254,8.881785720014676,19.200092944574834,2146.41829406063,290523.0443145484,15131.33530932403
-0.51953125,4023.101405088037,30.634862593304568,21.28419838494585,0.6947704864064785,9.350664208358715,19.380759005319973,1776.4374977229122,283048.5045695473,14604.61401392232
-0.51796875,3827.2587328646764,32.09932282196572,22.28693848061578,0.6943117960533648,9.812384341349945,19.55835919551832,1556.4718875014594,281434.353720681,14389.46646327929
-0.51640625,3641.259937656011,33.61524381255712,23.34830237305021,0.6945748334667248,10.266941439506907,19.7329005060327,1387.0000733005938,280072.92790732713,14193.196171120604
-0.51484375,3465.626733597957,35.17601759039248,24.46169589893933,0.6954083371171749,10.714321691453149,19.946417152082905,817.7243325113811,277986.61931246484,13936.669287167499
-0.51328125,3300.442809998623,36.7759857581403,25.621483210597546,0.6966905898620617,11.154502547542757,20.178657762964725,763.2674264011515,275258.89273414563,13641.090302812268
-0.51171875,3067.0993018420986,39.39265973090044,27.507474961644938,0.6982893551629744,11.885184769255497,20.564137633703787,693.6170432588683,250084.11351568182,12161.176800616433
-0.51015625,2788.961445400879,43.10021986152307,30.200364316712655,0.7007009340960109,12.89985554481042,21.099020024426927,538.563738744212,237678.1044969672,11264.888332339633
-0.50859375,2548.045624922659,46.91527028898187,33.01669469261308,0.7037515608295899,13.898575596368794,21.62453577935995,453.7974746949993,229031.63188886121,10591.285483569358
-0.50703125,2339.035054271818,50.81382527533711,35.932546005919896,0.7071411335639012,14.881279269417211,22.14067622154919,384.51360494151265,221886.9814187883,10021.68945512283
-0.50546875,2156.9959303313094,54.77848449152101,38.930599334646615,0.7106914274102007,15.847885156874396,22.81340419369894,327.63307540113686,214011.92705457937,9380.972924404217
-0.50390625,1997.6466713669847,58.79652590298423,41.99822895728271,0.7142977975702317,16.798296945701527,23.534886948855537,280.6522983925093,221139.6103892817,9396.246978787181
-0.50234375,1857.3868172854843,62.858583699812776,45.12617942716186,0.717900034825256,17.732404272650918,24.242614473065487,249.64909582694844,214879.88185104125,8863.725572577223
-0.50078125,1733.2325870925345,66.95773209067501,48.30764850043356,0.7214648255262698,18.650083590241437,24.936530019094768,234.84222367821513,206757.62994622297,8291.355284311869
