grid,s,l,field,reference,interpolated,relative_error
coarse,-0.1892865486659734,3.7961858409105425,alpha,1.000071612820808,1.0000716124217697,3.990097836960776e-10
coarse,-0.1892865486659734,3.7961858409105425,beta,3.5856773628791994e-44,-1.327032767233681e-30,1.3270327672337169e-30
coarse,-0.1892865486659734,3.7961858409105425,gamma_ll,1.0002598551464805,1.0002598536992051,1.4468994263641224e-09
coarse,-0.1892865486659734,3.7961858409105425,gamma_omega,17.540995559744626,17.540995556079057,2.089715586003286e-10
coarse,2.854852249391948,5.281155838682102,alpha,1.0,1.0,0.0
coarse,2.854852249391948,5.281155838682102,beta,0.0,-5.23280980488709e-24,5.23280980488709e-24
coarse,2.854852249391948,5.281155838682102,gamma_ll,1.0,1.0,0.0
coarse,2.854852249391948,5.281155838682102,gamma_omega,30.953133888110457,30.953133889603894,4.8248312787566335e-11
coarse,-0.8712327043972741,-0.734334149786581,alpha,6.772318152988932,6.772201057697034,1.7290282183009275e-05
coarse,-0.8712327043972741,-0.734334149786581,beta,-1.341374718066867,-1.341344840799457,2.2273617511549173e-05
coarse,-0.8712327043972741,-0.734334149786581,gamma_ll,104.99994772953491,104.99784831577833,1.9994426682858688e-05
coarse,-0.8712327043972741,-0.734334149786581,gamma_omega,4.836333554669294,4.836333558350536,7.611637899460447e-10
coarse,-0.1547477512588602,-3.1305412265627046,alpha,1.0073500927982475,1.00734997156428,1.2034938835895808e-07
coarse,-0.1547477512588602,-3.1305412265627046,beta,1.9154175811345842e-30,4.1968360200719895e-23,4.1968358285302315e-23
coarse,-0.1547477512588602,-3.1305412265627046,gamma_ll,1.0268617923438226,1.0268613646571279,4.1649879069894004e-07
coarse,-0.1547477512588602,-3.1305412265627046,gamma_omega,13.17541083303191,13.17541086084705,2.1111402722587358e-09
coarse,0.7779005769635692,4.170884328678007,alpha,1.0000024913693994,1.0000024912261416,1.432574931197774e-10
coarse,0.7779005769635692,4.170884328678007,beta,1.1796542330304894e-82,-1.138883403332355e-31,1.138883403332355e-31
coarse,0.7779005769635692,4.170884328678007,gamma_ll,1.000009039598159,1.000009039078371,5.19783291795202e-10
coarse,0.7779005769635692,4.170884328678007,gamma_omega,20.481883971911927,20.48188394548954,1.290036984364845e-09
coarse,2.705151892617404,3.7961679942560433,alpha,1.0000000000000004,0.9999999999999994,9.992007221626405e-16
coarse,2.705151892617404,3.7961679942560433,beta,-4.4197874576711596e-08,-4.4190092328353206e-08,7.782248358390634e-12
coarse,2.705151892617404,3.7961679942560433,gamma_ll,1.0,0.999999999999996,3.9968028886505635e-15
coarse,2.705151892617404,3.7961679942560433,gamma_omega,17.479256855344726,17.47925685483161,2.935564641917712e-11
coarse,0.3247617518449619,4.033831963231087,alpha,1.0000100342690974,1.0000100337853675,4.837250911611748e-10
coarse,0.3247617518449619,4.033831963231087,beta,2.3363020299110362e-61,-6.614569798523566e-35,6.614569798523566e-35
coarse,0.3247617518449619,4.033831963231087,gamma_ll,1.0000364082635935,1.000036406508509,1.755020624905699e-09
coarse,0.3247617518449619,4.033831963231087,gamma_omega,19.36926725244218,19.369267224851335,1.4244651891519112e-09
coarse,1.5160674689425364,-4.512614027649093,alpha,1.0000000460460596,1.000000046044223,1.8365308427699254e-12
coarse,1.5160674689425364,-4.512614027649093,beta,0.0,-2.4356138066530244e-60,2.4356138066530244e-60
coarse,1.5160674689425364,-4.512614027649093,gamma_ll,1.0000001670715208,1.0000001670648568,6.664001569645162e-12
coarse,1.5160674689425364,-4.512614027649093,gamma_omega,23.432879190056155,23.432879183686566,2.718227345767568e-10
coarse,2.7250655055691437,0.6621939399999821,alpha,1.0,1.0000000000004552,4.551914400963142e-13
coarse,2.7250655055691437,0.6621939399999821,beta,-4.1750647587114804e-17,-4.14217695305847e-17,3.2887805653010507e-19
coarse,2.7250655055691437,0.6621939399999821,gamma_ll,1.0,1.0000000000016218,1.6218137943724287e-12
coarse,2.7250655055691437,0.6621939399999821,gamma_omega,3.5874673596602493,3.5874673617145594,5.726351906359668e-10
coarse,2.670580210032207,1.390453696308855,alpha,1.0,0.9999999995699139,4.30086077862768e-10
coarse,2.670580210032207,1.390453696308855,beta,-1.1220364283353233e-08,-1.1216004711684883e-08,4.359571668349388e-12
coarse,2.670580210032207,1.390453696308855,gamma_ll,1.0,0.9999999984842587,1.5157413102429018e-09
coarse,2.670580210032207,1.390453696308855,gamma_omega,5.115686329731642,5.115686315410828,2.7993924852009792e-09
coarse,-1.3834883574298478,1.2368321681274441,alpha,254.09869057854831,254.0985902668527,3.9477454754217267e-07
coarse,-1.3834883574298478,1.2368321681274441,beta,1.792166720207246e-24,-5.687461157397693e-20,5.687640374069713e-20
coarse,-1.3834883574298478,1.2368321681274441,gamma_ll,89906.59284505875,89906.61043690487,1.9566803234998794e-07
coarse,-1.3834883574298478,1.2368321681274441,gamma_omega,5.959371656724861,5.959371622746567,5.701657139959622e-09
coarse,-0.9418438195713232,2.0557711432770702,alpha,4.557553033462757,4.557555527273211,5.471818835550899e-07
coarse,-0.9418438195713232,2.0557711432770702,beta,2.270466003096045e-10,-2.6264330243134226e-10,4.896899027409468e-10
coarse,-0.9418438195713232,2.0557711432770702,gamma_ll,62.81251184341594,62.81255787176747,7.327895378776692e-07
coarse,-0.9418438195713232,2.0557711432770702,gamma_omega,8.496816685429485,8.496816677242089,9.63583887172542e-10
coarse,-1.410679179736701,-2.793190482848235,alpha,1.055851508249364,1.0558513838976884,1.1777382960742385e-07
coarse,-1.410679179736701,-2.793190482848235,beta,-2.882260116255965e-05,-2.8795506000525772e-05,2.709516203387724e-08
coarse,-1.410679179736701,-2.793190482848235,gamma_ll,1.2138410372469024,1.2138407293243376,2.5367618603331477e-07
coarse,-1.410679179736701,-2.793190482848235,gamma_omega,11.42718720405356,11.427187228289796,2.120927547290882e-09
coarse,1.1005794146765688,5.9754127984452285,alpha,1.0000000000000184,1.0000000000000184,0.0
coarse,1.1005794146765688,5.9754127984452285,beta,0.0,1.8315553247740691e-47,1.8315553247740691e-47
coarse,1.1005794146765688,5.9754127984452285,gamma_ll,1.000000000000067,1.000000000000067,0.0
coarse,1.1005794146765688,5.9754127984452285,gamma_omega,38.76808226555604,38.76808224630354,4.966068827974549e-10
coarse,2.2634753117911495,2.678014612274575,alpha,1.0012046299123916,1.001204623448163,6.456450852000968e-09
coarse,2.2634753117911495,2.678014612274575,beta,-0.0023750345480765566,-0.0023749928801060126,4.166797054399804e-08
coarse,2.2634753117911495,2.678014612274575,gamma_ll,1.0043723801742408,1.0043723574453565,2.2629937639512735e-08
coarse,2.2634753117911495,2.678014612274575,gamma_omega,10.42523675671971,10.425236787060097,2.910282702583604e-09
coarse,0.3182384836995824,4.147868694117706,alpha,1.0000039409000754,1.000003940885191,1.4884257344568734e-11
coarse,0.3182384836995824,4.147868694117706,beta,1.2396564148922918e-63,-7.227868203130201e-37,7.227868203130201e-37
coarse,0.3182384836995824,4.147868694117706,gamma_ll,1.0000142990452943,1.0000142989912904,5.4003140259678106e-11
coarse,0.3182384836995824,4.147868694117706,gamma_omega,20.292391475744893,20.29239147469646,5.166637109167895e-11
coarse,-1.0049916863659658,3.2365773559775217,alpha,1.0037444917557623,1.0037444383830298,5.3173624258210837e-08
coarse,-1.0049916863659658,3.2365773559775217,beta,1.5628915363353244e-36,1.4649214752972851e-27,1.4649214737343937e-27
coarse,-1.0049916863659658,3.2365773559775217,gamma_ll,1.0136364348656564,1.0136362442413949,1.88059796323447e-07
coarse,-1.0049916863659658,3.2365773559775217,gamma_omega,13.790863361488167,13.790863367074634,4.0508460233078934e-10
coarse,-1.489769751017426,-4.236888495139576,alpha,1.0000020524991002,1.0000020523973738,1.0172619628440287e-10
coarse,-1.489769751017426,-4.236888495139576,beta,6.146549043085286e-74,-2.5661753623871687e-21,2.5661753623871687e-21
coarse,-1.489769751017426,-4.236888495139576,gamma_ll,1.0000074472131988,1.0000074468441025,3.6909356035345816e-10
coarse,-1.489769751017426,-4.236888495139576,gamma_omega,21.032979043839333,21.032979027516983,7.760360365521042e-10
coarse,2.3809205209417237,-2.5818786184770692,alpha,1.0005814591719007,1.0005814578307546,1.340366714558225e-09
coarse,2.3809205209417237,-2.5818786184770692,beta,0.0,-7.03178144817387e-50,7.03178144817387e-50
coarse,2.3809205209417237,-2.5818786184770692,gamma_ll,1.0021109484141013,1.0021109436047215,4.799248816632072e-09
coarse,2.3809205209417237,-2.5818786184770692,gamma_omega,9.889336981598161,9.889336993152527,1.1683661274850069e-09
coarse,0.8802596746580349,-1.8738359517113832,alpha,4.868603437785172,4.86860297678252,9.468888931773827e-08
coarse,0.8802596746580349,-1.8738359517113832,beta,1.2127223467151727e-44,-8.039244994713019e-23,8.039244994713019e-23
coarse,0.8802596746580349,-1.8738359517113832,gamma_ll,72.74870326422611,72.7486120381149,1.253989516181698e-06
coarse,0.8802596746580349,-1.8738359517113832,gamma_omega,7.855331358136682,7.855334063803581,3.444370168565506e-07
coarse,2.20111316432177,-3.032361779598346,alpha,1.0002574131430961,1.0002574098166106,3.325629470739241e-09
coarse,2.20111316432177,-3.032361779598346,beta,0.0,-6.145102243152943e-53,6.145102243152943e-53
coarse,2.20111316432177,-3.032361779598346,gamma_ll,1.0009342232304081,1.0009342111737856,1.2045369525155689e-08
coarse,2.20111316432177,-3.032361779598346,gamma_omega,12.383865564494583,12.383865575793553,9.123944853208264e-10
coarse,-0.345317247859908,0.5597936494011888,alpha,431.7523835770369,431.79634088533555,0.00010181138534659504
coarse,-0.345317247859908,0.5597936494011888,beta,-0.0026554542729095515,-0.00265518274879747,2.715241120814643e-07
coarse,-0.345317247859908,0.5597936494011888,gamma_ll,346675.9905416952,346734.98731626733,0.00017017842648963817
coarse,-0.345317247859908,0.5597936494011888,gamma_omega,4.564377442082169,4.564377451481572,2.0592957425088026e-09
coarse,-0.2728948413663448,4.135792970043397,alpha,1.0000047989595695,1.0000047987285385,2.3102986342797832e-10
coarse,-0.2728948413663448,4.135792970043397,beta,6.15626172149466e-50,2.1887493598302913e-32,2.1887493598302913e-32
coarse,-0.2728948413663448,4.135792970043397,gamma_ll,1.0000174124176924,1.0000174115794436,8.382342080187139e-10
coarse,-0.2728948413663448,4.135792970043397,gamma_omega,20.193355931821326,20.193355910770496,1.0424631984512206e-09
coarse,2.272128913102564,-2.0266155220469324,alpha,1.018434555879768,1.0184345867230284,3.028497041080146e-08
coarse,2.272128913102564,-2.0266155220469324,beta,0.0,7.395577808564166e-42,7.395577808564166e-42
coarse,2.272128913102564,-2.0266155220469324,gamma_ll,1.068096277776591,1.0680963969382726,1.115645509796427e-07
coarse,2.272128913102564,-2.0266155220469324,gamma_omega,7.50296396193975,7.502963926709484,4.6955132508494415e-09
coarse,2.5318655889762685,1.402743921061619,alpha,1.0005580991400151,1.0005581134640438,1.4316038860909547e-08
coarse,2.5318655889762685,1.402743921061619,beta,-4.476450588673995e-07,-4.4755084988768737e-07,9.420897971214925e-11
coarse,2.5318655889762685,1.402743921061619,gamma_ll,1.0019724641887722,1.0019725170098122,5.271705747837024e-08
coarse,2.5318655889762685,1.402743921061619,gamma_omega,5.2115456975589805,5.211545699789288,4.279550873532377e-10
coarse,2.734398777659049,5.26902785798957,alpha,1.0,1.0,0.0
coarse,2.734398777659049,5.26902785798957,beta,0.0,-7.905117356757742e-26,7.905117356757742e-26
coarse,2.734398777659049,5.26902785798957,gamma_ll,1.0,1.0,0.0
coarse,2.734398777659049,5.26902785798957,gamma_omega,30.82519562222528,30.825195623684195,4.732864584710618e-11
coarse,0.037802284119540897,-1.7518619279881928,alpha,22.54764804917541,22.547647656323015,1.7423209511277455e-08
coarse,0.037802284119540897,-1.7518619279881928,beta,-2.8627021596016573e-10,-2.862248191843e-10,4.539677586570787e-14
coarse,0.037802284119540897,-1.7518619279881928,gamma_ll,1704.7464092610937,1704.7463160280315,5.469028220843976e-08
coarse,0.037802284119540897,-1.7518619279881928,gamma_omega,7.484907624921329,7.484907623249125,2.2341006631371373e-10
coarse,-1.2692425008458774,-2.922572531726614,alpha,1.0263167512572493,1.026316449366288,2.9414989180559493e-07
coarse,-1.2692425008458774,-2.922572531726614,beta,-7.462994782067656e-08,-7.440516357228193e-08,2.24784248394623e-10
coarse,-1.2692425008458774,-2.922572531726614,gamma_ll,1.0979652712515056,1.0979642759719261,9.064763754179092e-07
coarse,-1.2692425008458774,-2.922572531726614,gamma_omega,12.060773322891105,12.060773399130401,6.321260977576743e-09
coarse,1.5280213373481395,-1.6751039644698524,alpha,2.443984952066569,2.4439831996083865,7.170494978240925e-07
coarse,1.5280213373481395,-1.6751039644698524,beta,1.549911298433907e-91,7.224305521627826e-28,7.224305521627826e-28
coarse,1.5280213373481395,-1.6751039644698524,gamma_ll,14.032658031893238,14.03263527163486,1.6219491935676833e-06
coarse,1.5280213373481395,-1.6751039644698524,gamma_omega,7.161768378414318,7.161667949263566,1.4022954310380938e-05
coarse,2.4438471715367056,1.869690044651069,alpha,1.0032808012924204,1.0032808070338748,5.7226794488708155e-09
coarse,2.4438471715367056,1.869690044651069,beta,-0.000587846901623358,-0.0005878599817786608,1.3080155302847354e-08
coarse,2.4438471715367056,1.869690044651069,gamma_ll,1.0119351935051508,1.0119352198904188,2.607406891255876e-08
coarse,2.4438471715367056,1.869690044651069,gamma_omega,6.78389535487508,6.7838953256396675,4.30953173418958e-09
coarse,1.7862038387983068,-2.8495269384857607,alpha,1.0050481357973944,1.0050481356476884,1.4895408490595304e-10
coarse,1.7862038387983068,-2.8495269384857607,beta,3.646115753143217e-128,3.3287128473627847e-46,3.3287128473627847e-46
coarse,1.7862038387983068,-2.8495269384857607,gamma_ll,1.0184074747926406,1.0184074743125788,4.713847649373286e-10
coarse,1.7862038387983068,-2.8495269384857607,gamma_omega,11.525482365851655,11.525482358098882,6.72663616149907e-10
coarse,-0.4437422562296609,-5.193567707072372,alpha,1.0000000002384453,1.000000000238433,1.2212453267964721e-14
coarse,-0.4437422562296609,-5.193567707072372,beta,0.0,-6.851275872662235e-42,6.851275872662235e-42
coarse,-0.4437422562296609,-5.193567707072372,gamma_ll,1.0000000008651644,1.00000000086512,4.4408920946585246e-14
coarse,-0.4437422562296609,-5.193567707072372,gamma_omega,30.03633907662117,30.03633907632799,9.760863005566855e-12
coarse,1.7546287550188002,4.587904462932727,alpha,1.0000000127903024,1.0000000127894701,8.322231686146313e-13
coarse,1.7546287550188002,4.587904462932727,beta,0.0,-2.1189674681894815e-25,2.1189674681894815e-25
coarse,1.7546287550188002,4.587904462932727,gamma_ll,1.0000000464077763,1.0000000464047556,3.0206946652164038e-12
coarse,1.7546287550188002,4.587904462932727,gamma_omega,24.115701969605894,24.115701964806277,1.9902454882406673e-10
coarse,0.8083302456378321,2.8386984047822175,alpha,1.0289411209846129,1.0289409687923718,1.4791151595367916e-07
coarse,0.8083302456378321,2.8386984047822175,beta,-8.532666228468228e-15,-8.454218768608646e-15,7.844745985958275e-17
coarse,0.8083302456378321,2.8386984047822175,gamma_ll,1.1080071051650116,1.1080066346218247,4.246752432051795e-07
coarse,0.8083302456378321,2.8386984047822175,gamma_omega,11.63505337357069,11.635053422682507,4.2210220493782114e-09
coarse,2.7182206484922773,-3.0710320019058015,alpha,1.0,0.9999999999998946,1.0536016503692736e-13
coarse,2.7182206484922773,-3.0710320019058015,beta,0.0,2.4724229275904665e-60,2.4724229275904665e-60
coarse,2.7182206484922773,-3.0710320019058015,gamma_ll,1.0,0.9999999999996179,3.821387650759789e-13
coarse,2.7182206484922773,-3.0710320019058015,gamma_omega,12.522679287492458,12.522679284124635,2.689379226450459e-10
coarse,0.4928345881561169,-4.3619535620089405,alpha,1.000000585538966,1.0000005855203278,1.8638191179415012e-11
coarse,0.4928345881561169,-4.3619535620089405,beta,4.86610091556592e-73,-2.1350731681628358e-47,2.1350731681628358e-47
coarse,0.4928345881561169,-4.3619535620089405,gamma_ll,1.000002124545253,1.0000021244776272,6.76257612019776e-11
coarse,0.4928345881561169,-4.3619535620089405,gamma_omega,22.10211139623628,22.102111386314203,4.4891980805338394e-10
coarse,0.4367347181696415,-0.5585906118407671,alpha,188.69329596141117,188.69599946073245,1.432747945553926e-05
coarse,0.4367347181696415,-0.5585906118407671,beta,-0.0004872792446300601,-0.0004872008843245281,7.83603055319734e-08
coarse,0.4367347181696415,-0.5585906118407671,gamma_ll,80794.47290715159,80796.17097745412,2.10171592366755e-05
coarse,0.4367347181696415,-0.5585906118407671,gamma_omega,4.555829943418989,4.555829951631887,1.8027226694813851e-09
coarse,2.2040293061568113,-0.42408819953129306,alpha,1.1202160627613473,1.1202160631144258,3.151878169747606e-10
coarse,2.2040293061568113,-0.42408819953129306,beta,0.0,-6.788619189505655e-23,6.788619189505655e-23
coarse,2.2040293061568113,-0.42408819953129306,gamma_ll,1.486916557701335,1.4869166210835676,4.262662369669287e-08
coarse,2.2040293061568113,-0.42408819953129306,gamma_omega,3.5933984153380423,3.5933984604028755,1.2541006587547807e-08
coarse,0.05150966408876245,-5.969029248872504,alpha,1.000000000000039,1.0000000000000386,4.4408920985004526e-16
coarse,0.05150966408876245,-5.969029248872504,beta,0.0,-6.879233389617323e-59,6.879233389617323e-59
coarse,0.05150966408876245,-5.969029248872504,gamma_ll,1.0000000000001417,1.0000000000001408,8.881784196999994e-16
coarse,0.05150966408876245,-5.969029248872504,gamma_omega,38.69183624326294,38.691836228026574,3.937876387948068e-10
coarse,1.1995579936084901,3.9490628747071703,alpha,1.000009579362582,1.0000095793532142,9.367750100107358e-12
coarse,1.1995579936084901,3.9490628747071703,beta,4.9834020138721016e-107,-4.565250536494823e-25,4.565250536494823e-25
coarse,1.1995579936084901,3.9490628747071703,gamma_ll,1.000034757668787,1.0000347576347997,3.398607617607082e-11
coarse,1.1995579936084901,3.9490628747071703,gamma_omega,18.699294303239963,18.699294302943954,1.582993166499821e-11
coarse,-0.032946530591667855,5.535443385900885,alpha,1.0000000000059017,1.0000000000059008,8.881784196948834e-16
coarse,-0.032946530591667855,5.535443385900885,beta,0.0,3.080879971712695e-53,3.080879971712695e-53
coarse,-0.032946530591667855,5.535443385900885,gamma_ll,1.0000000000214135,1.0000000000214109,2.6645352590433186e-15
coarse,-0.032946530591667855,5.535443385900885,gamma_omega,33.70380748462496,33.70380748530685,2.0231736356135997e-11
coarse,1.3093395611043808,2.886464149183629,alpha,1.0119517913800729,1.0119517033188041,8.702120938135011e-08
coarse,1.3093395611043808,2.886464149183629,beta,-3.4817429419367213e-09,-3.466618868246062e-09,1.512407369065943e-11
coarse,1.3093395611043808,2.886464149183629,gamma_ll,1.043875972952128,1.0438756720844469,2.8822167480531536e-07
coarse,1.3093395611043808,2.886464149183629,gamma_omega,11.834468819040103,11.834468870345042,4.3352126528347426e-09
coarse,-0.3078268625058771,4.6138839567910725,alpha,1.0000000719227984,1.0000000719191224,3.6759481701494146e-12
coarse,-0.3078268625058771,4.6138839567910725,beta,0.0,2.9546054031085264e-37,2.9546054031085264e-37
coarse,-0.3078268625058771,4.6138839567910725,gamma_ll,1.000000260961561,1.0000002609482237,1.3337327758897059e-11
coarse,-0.3078268625058771,4.6138839567910725,gamma_omega,24.356146137609144,24.356146130848845,2.775602900836238e-10
coarse,1.0275110703109278,-2.123217693357456,alpha,1.9382489787887016,1.9382520717966691,1.5957743310449493e-06
coarse,1.0275110703109278,-2.123217693357456,beta,6.375127346210807e-56,-2.5831271557648692e-27,2.5831271557648692e-27
coarse,1.0275110703109278,-2.123217693357456,gamma_ll,7.70828263481135,7.7083056976660735,2.991957588529548e-06
coarse,1.0275110703109278,-2.123217693357456,gamma_omega,8.685045523974715,8.68504496961349,6.382939776637922e-08
coarse,-0.7893943557961167,-2.523441792786075,alpha,1.250238770678993,1.2502381692012539,4.810902951312753e-07
coarse,-0.7893943557961167,-2.523441792786075,beta,-8.470393687963738e-09,-8.440279542544193e-09,3.0114145419545356e-11
coarse,-0.7893943557961167,-2.523441792786075,gamma_ll,2.1358152909605743,2.1358166074923814,6.164071456456398e-07
coarse,-0.7893943557961167,-2.523441792786075,gamma_omega,10.240228700228299,10.240228786542694,8.428951946060428e-09
coarse,1.668311937826076,-1.6963184687056536,alpha,1.8623517338518698,1.8623516663793442,3.622974346911465e-08
coarse,1.668311937826076,-1.6963184687056536,beta,1.6852750626670366e-102,-2.022975929021299e-30,2.022975929021299e-30
coarse,1.668311937826076,-1.6963184687056536,gamma_ll,6.873567906717512,6.873567243568444,9.647814309871874e-08
coarse,1.668311937826076,-1.6963184687056536,gamma_omega,7.1104874897651165,7.110466761872252,2.9151155802147254e-06
coarse,0.05398101637550279,0.9730921250623181,alpha,362.4913222211956,362.55393514200574,0.00017272943370467145
coarse,0.05398101637550279,0.9730921250623181,beta,-0.001202696106816018,-0.001202242961966577,4.5314484944090384e-07
coarse,0.05398101637550279,0.9730921250623181,gamma_ll,155729.39557590822,155776.96883378556,0.00030548669184397463
coarse,0.05398101637550279,0.9730921250623181,gamma_omega,5.309898881170894,5.309898851004045,5.681247447076604e-09
coarse,-0.9092090099936292,-1.186509003467343,alpha,13.353312468572888,13.359306726160021,0.0004488966764793949
coarse,-0.9092090099936292,-1.186509003467343,beta,-1.116910613204502,-1.1168536760603525,5.097735080705542e-05
coarse,-0.9092090099936292,-1.186509003467343,gamma_ll,325.6118113943812,325.89717527816185,0.0008763929126483684
coarse,-0.9092090099936292,-1.186509003467343,gamma_omega,5.827122533629084,5.82712250174771,5.471203634598633e-09
coarse,-0.8290206453580747,3.9254434739627424,alpha,1.0000263649175445,1.000026363605009,1.312500809713295e-09
coarse,-0.8290206453580747,3.9254434739627424,beta,9.881578140500132e-46,2.886833804576648e-30,2.8868338045766468e-30
coarse,-0.8290206453580747,3.9254434739627424,gamma_ll,1.000095663798291,1.0000956590362835,4.761551946883085e-09
coarse,-0.8290206453580747,3.9254434739627424,gamma_omega,18.519215314574428,18.51921527506685,2.1333290184856075e-09
coarse,0.5795978062294469,5.698485880679485,alpha,1.000000000000762,1.000000000000762,0.0
coarse,0.5795978062294469,5.698485880679485,beta,0.0,-1.3637733839350724e-52,1.3637733839350724e-52
coarse,0.5795978062294469,5.698485880679485,gamma_ll,1.000000000002765,1.000000000002765,0.0
coarse,0.5795978062294469,5.698485880679485,gamma_omega,35.5353275445946,35.535327544609096,4.079059575661893e-13
coarse,0.4330884750698185,3.1926524839537613,alpha,1.0043021929966676,1.0043021669940837,2.5891194946297793e-08
coarse,0.4330884750698185,3.1926524839537613,beta,3.590677869904749e-46,-8.993880311653295e-26,8.993880311653295e-26
coarse,0.4330884750698185,3.1926524839537613,gamma_ll,1.015676007004687,1.0156759147035628,9.087654297501631e-08
coarse,0.4330884750698185,3.1926524839537613,gamma_omega,13.530689386435881,13.530689392918324,4.790918512481883e-10
coarse,-0.42363520906043695,2.165937544148747,alpha,2.837789286760521,2.8377938078095784,1.593158829107376e-06
coarse,-0.42363520906043695,2.165937544148747,beta,4.8541529432238435e-05,4.768497875073264e-05,8.565506815057936e-07
coarse,-0.42363520906043695,2.165937544148747,gamma_ll,20.58483591618809,20.58490248631584,3.233940169396611e-06
coarse,-0.42363520906043695,2.165937544148747,gamma_omega,8.881788986425843,8.881788965060503,2.4055221028432063e-09
coarse,2.3841060717832465,2.89572909663071,alpha,1.0001013710774247,1.0001013710341262,4.329408714751592e-11
coarse,2.3841060717832465,2.89572909663071,beta,-0.0006000228741358779,-0.0006000207289290297,2.145206848204635e-09
coarse,2.3841060717832465,2.89572909663071,gamma_ll,1.0003676375103259,1.000367637354638,1.5563069133092405e-10
coarse,2.3841060717832465,2.89572909663071,gamma_omega,11.550025611801301,11.55002561808083,5.436810268741694e-10
coarse,0.3297884104430324,-2.1917958590781317,alpha,2.354739124346028,2.35474098291946,7.892905897002464e-07
coarse,0.3297884104430324,-2.1917958590781317,beta,7.427788082520942e-22,5.530521087629713e-20,5.456243206804504e-20
coarse,0.3297884104430324,-2.1917958590781317,gamma_ll,12.878116979129162,12.878132769976949,1.2261767626649956e-06
coarse,0.3297884104430324,-2.1917958590781317,gamma_omega,8.969915988180947,8.96991597565491,1.3964497675289758e-09
coarse,2.9298691274749524,-0.7094484265892476,alpha,1.0,1.0000000000000007,6.661338147750939e-16
coarse,2.9298691274749524,-0.7094484265892476,beta,0.0,-1.0495291731963172e-36,1.0495291731963172e-36
coarse,2.9298691274749524,-0.7094484265892476,gamma_ll,1.0,1.0000000000000022,2.220446049250313e-15
coarse,2.9298691274749524,-0.7094484265892476,gamma_omega,3.6116099158860377,3.6116099146723815,3.360430153993521e-10
coarse,-1.1370066529102372,-2.135037118122483,alpha,3.205354462846589,3.205361374644141,2.1563286158186973e-06
coarse,-1.1370066529102372,-2.135037118122483,beta,-0.01076167695956225,-0.010759976684163033,1.7002753992176323e-06
coarse,-1.1370066529102372,-2.135037118122483,gamma_ll,27.6797629893318,27.679844146555922,2.9320057456616624e-06
coarse,-1.1370066529102372,-2.135037118122483,gamma_omega,8.772838527729348,8.772838491355444,4.146195631219443e-09
coarse,-0.6055745611799839,-2.575579435380582,alpha,1.18816982122525,1.1881691425763299,5.711716524425152e-07
coarse,-0.6055745611799839,-2.575579435380582,beta,1.42155804955615e-11,-5.093416713737322e-10,5.235572518692936e-10
coarse,-0.6055745611799839,-2.575579435380582,gamma_ll,1.8110568081531564,1.8110568060226058,1.1764129182591738e-09
coarse,-0.6055745611799839,-2.575579435380582,gamma_omega,10.456733041944911,10.456733138333236,9.21782400780418e-09
coarse,-0.5503851890952678,1.9292514655608155,alpha,9.165304776892336,9.165401735361753,1.0578859271682027e-05
coarse,-0.5503851890952678,1.9292514655608155,beta,0.10246726140398371,0.10249316395023238,2.5902546248665614e-05
coarse,-0.5503851890952678,1.9292514655608155,gamma_ll,262.4782237226215,262.4782352299173,4.384095413223001e-08
coarse,-0.5503851890952678,1.9292514655608155,gamma_omega,8.067548127418048,8.067548040362388,1.0790844886605235e-08
coarse,-0.42995922107357454,2.0666342618116236,alpha,4.3305877827944705,4.330600706534237,2.98429229808102e-06
coarse,-0.42995922107357454,2.0666342618116236,beta,0.0009446057454810783,0.0009461479796691939,1.542234188115616e-06
coarse,-0.42995922107357454,2.0666342618116236,gamma_ll,55.8880437613077,55.88820949857355,2.965522761194341e-06
coarse,-0.42995922107357454,2.0666342618116236,gamma_omega,8.533968476104882,8.533968429027015,5.516526932335985e-09
coarse,2.033371547011326,3.257297169909924,alpha,1.0001624070017647,1.000162406379196,6.224675701970313e-10
coarse,2.033371547011326,3.257297169909924,beta,-5.256488868087762e-07,-5.256186696299176e-07,3.021717885855132e-11
coarse,2.033371547011326,3.257297169909924,gamma_ll,1.000589364592433,1.0005893623334912,2.257611366203451e-09
coarse,2.033371547011326,3.257297169909924,gamma_omega,13.786368129157017,13.786368128068284,7.897168053125708e-11
coarse,2.6674612341241426,4.07708388459203,alpha,1.0,0.9999999999999988,1.2212453270876722e-15
coarse,2.6674612341241426,4.07708388459203,beta,-1.0413415084510983e-10,-1.0383827846282794e-10,2.9587238228189165e-13
coarse,2.6674612341241426,4.07708388459203,gamma_ll,1.0,0.9999999999999956,4.440892098500626e-15
coarse,2.6674612341241426,4.07708388459203,gamma_omega,19.68813290173136,19.688132898078994,1.8551110538113383e-10
coarse,2.38570456355623,-0.7496486004049219,alpha,1.0200823852654601,1.0200824084430204,2.2721263155048458e-08
coarse,2.38570456355623,-0.7496486004049219,beta,0.0,1.0599337771732006e-30,1.0599337771732006e-30
coarse,2.38570456355623,-0.7496486004049219,gamma_ll,1.0721445541525154,1.0721446898243663,1.2654249871387982e-07
coarse,2.38570456355623,-0.7496486004049219,gamma_omega,3.862802352238841,3.86280236581329,3.514145400798226e-09
coarse,-0.9334625299615213,3.0940086407368987,alpha,1.0092866330828976,1.0092865982921615,3.447062006910126e-08
coarse,-0.9334625299615213,3.0940086407368987,beta,4.082022696086832e-31,-4.1162634016810763e-26,4.116304221908037e-26
coarse,-0.9334625299615213,3.0940086407368987,gamma_ll,1.0340034218300103,1.034003301957067,1.1593089618331167e-07
coarse,-0.9334625299615213,3.0940086407368987,gamma_omega,12.971001798183067,12.971001807788422,7.405252796408523e-10
coarse,-0.3353948104730706,2.2955046291381525,alpha,1.8752780996885317,1.8752785357420496,2.3252738782200546e-07
coarse,-0.3353948104730706,2.2955046291381525,beta,5.363523099858132e-09,5.122439539191621e-09,2.41083560666511e-10
coarse,-0.3353948104730706,2.2955046291381525,gamma_ll,7.045668996730671,7.045672288470968,4.6720053097414005e-07
coarse,-0.3353948104730706,2.2955046291381525,gamma_omega,9.35204339241533,9.352043390486642,2.0623175484057513e-10
coarse,2.4566514711529868,1.9568134966066175,alpha,1.0020560875222793,1.0020560932573654,5.723318539897616e-09
coarse,2.4566514711529868,1.9568134966066175,beta,-0.000755862704135903,-0.0007558502615652296,1.2442570673332036e-08
coarse,2.4566514711529868,1.9568134966066175,gamma_ll,1.0074736533277737,1.0074736761639977,2.2666820067653216e-08
coarse,2.4566514711529868,1.9568134966066175,gamma_omega,7.103405204483407,7.103405203219112,1.7798427803529237e-10
coarse,-1.0807564178222433,3.1116643351331383,alpha,1.008316253686436,1.0083161919041177,6.127275856807438e-08
coarse,-1.0807564178222433,3.1116643351331383,beta,2.70172060990127e-36,-4.991018845867386e-28,4.991018872884592e-28
coarse,-1.0807564178222433,3.1116643351331383,gamma_ll,1.0304214733967065,1.0304212529499788,2.1393840622752981e-07
coarse,-1.0807564178222433,3.1116643351331383,gamma_omega,13.069434753287243,13.069434765949325,9.688315830313358e-10
coarse,0.8792011537134488,-0.7082635625722684,alpha,47.84912765642031,47.84915817073746,6.377194036257152e-07
coarse,0.8792011537134488,-0.7082635625722684,beta,-7.027880832326324e-09,-7.027869429469136e-09,1.1402857188040147e-14
coarse,0.8792011537134488,-0.7082635625722684,gamma_ll,6092.28593107553,6092.286375621856,7.296872316146731e-08
coarse,0.8792011537134488,-0.7082635625722684,gamma_omega,4.758692900569851,4.758693781756978,1.851741951250576e-07
coarse,1.3399652401819178,-4.371844037718378,alpha,1.000000225321014,1.00000022530461,1.6403985581883872e-11
coarse,1.3399652401819178,-4.371844037718378,beta,4.7174660509163004e-126,7.035109062603329e-57,7.035109062603329e-57
coarse,1.3399652401819178,-4.371844037718378,gamma_ll,1.000000817545115,1.0000008174855948,5.952011791279763e-11
coarse,1.3399652401819178,-4.371844037718378,gamma_omega,22.186913054980124,22.1869130378975,7.699414187800266e-10
coarse,0.23598130803365724,5.700672071222417,alpha,1.000000000000866,1.0000000000008662,2.2204460492483902e-16
coarse,0.23598130803365724,5.700672071222417,beta,0.0,1.4132694340909167e-56,1.4132694340909167e-56
coarse,0.23598130803365724,5.700672071222417,gamma_ll,1.0000000000031415,1.0000000000031424,8.88178419697335e-16
coarse,0.23598130803365724,5.700672071222417,gamma_omega,35.56024797345486,35.56024797346224,2.0760651135105655e-13
coarse,0.7425098921165025,4.193136760028114,alpha,1.0000021258005578,1.0000021257558234,4.473434327953446e-11
coarse,0.7425098921165025,4.193136760028114,beta,7.717014620995757e-81,-2.1552818548255008e-32,2.1552818548255008e-32
coarse,0.7425098921165025,4.193136760028114,gamma_ll,1.0000077131781018,1.000007713015791,1.623095795192197e-10
coarse,0.7425098921165025,4.193136760028114,gamma_omega,20.66655218298829,20.66655217615785,3.3050700247218664e-10
coarse,-0.5936537208498254,3.847398070918512,alpha,1.000048485539542,1.000048485374116,1.6541787482949644e-10
coarse,-0.5936537208498254,3.847398070918512,beta,7.438195576682792e-39,2.4048776408069853e-25,2.404877640806911e-25
coarse,-0.5936537208498254,3.847398070918512,gamma_ll,1.0001759312101648,1.0001759306101203,5.999389105866431e-10
coarse,-0.5936537208498254,3.847398070918512,gamma_omega,17.92386291130717,17.923862909446477,1.0381103217696931e-10
coarse,0.4353412109177035,5.135980426046311,alpha,1.0000000003745118,1.0000000003744658,4.596323320226771e-14
coarse,0.4353412109177035,5.135980426046311,beta,0.0,6.717990705552712e-47,6.717990705552712e-47
coarse,0.4353412109177035,5.135980426046311,gamma_ll,1.0000000013588624,1.000000001358695,1.6742163188597067e-13
coarse,0.4353412109177035,5.135980426046311,gamma_omega,29.44165712555165,29.44165712444948,3.7435699288773115e-11
coarse,1.5485921612129965,-2.0814768722146817,alpha,1.3902300544270931,1.3902309131566342,6.17688805026622e-07
coarse,1.5485921612129965,-2.0814768722146817,beta,7.65597479657474e-94,-1.0453510830587703e-33,1.0453510830587703e-33
coarse,1.5485921612129965,-2.0814768722146817,gamma_ll,2.9745023130069477,2.974506558659405,1.4273488504588609e-06
coarse,1.5485921612129965,-2.0814768722146817,gamma_omega,8.357593514085844,8.357591398546566,2.531278022094329e-07
coarse,0.7578455506637125,5.319605789599359,alpha,1.0000000000445253,1.0000000000445186,6.661338147454342e-15
coarse,0.7578455506637125,5.319605789599359,beta,0.0,1.5249524572180323e-44,1.5249524572180323e-44
coarse,0.7578455506637125,5.319605789599359,gamma_ll,1.0000000001615534,1.0000000001615295,2.3980817328029197e-14
coarse,0.7578455506637125,5.319605789599359,gamma_omega,31.36112091969699,31.361120919810226,3.6107013959851294e-12
coarse,2.545731122588771,1.0527733572198832,alpha,1.0003438691824458,1.0003438785036298,9.317979880716276e-09
coarse,2.545731122588771,1.0527733572198832,beta,-3.809271026484572e-10,-3.8065400815594093e-10,2.730944925162924e-13
coarse,2.545731122588771,1.0527733572198832,gamma_ll,1.0011727936523236,1.0011728281659755,3.4473221960517106e-08
coarse,2.545731122588771,1.0527733572198832,gamma_omega,4.3344687671146,4.3344687678362135,1.6648265762958338e-10
coarse,-0.07496009619217103,0.46306183238430876,alpha,279.56999514512876,280.00091998778754,0.001541384448052387
coarse,-0.07496009619217103,0.46306183238430876,beta,-0.12144838281373939,-0.12142557978686848,2.280302687091007e-05
coarse,-0.07496009619217103,0.46306183238430876,gamma_ll,56137.44856319653,56304.45800832598,0.0029750095418290983
coarse,-0.07496009619217103,0.46306183238430876,gamma_omega,4.442944223993449,4.442944248914864,5.6092115968940224e-09
coarse,-0.677242886253322,1.2572974202412528,alpha,242.5359200579808,242.50651442408358,0.00012124238706661307
coarse,-0.677242886253322,1.2572974202412528,beta,0.05110215709999468,0.0507772973186068,0.00032485978138788174
coarse,-0.677242886253322,1.2572974202412528,gamma_ll,82534.28412746331,82534.28084280716,3.979747551442736e-08
coarse,-0.677242886253322,1.2572974202412528,gamma_omega,6.0139968215144135,6.013996805567979,2.6515535123212542e-09
coarse,2.7889391980599374,-2.206363057865897,alpha,1.0,1.0000000000002702,2.702282841937631e-13
coarse,2.7889391980599374,-2.206363057865897,beta,0.0,3.720262033907056e-52,3.720262033907056e-52
coarse,2.7889391980599374,-2.206363057865897,gamma_ll,1.0,1.00000000000098,9.801048861390882e-13
coarse,2.7889391980599374,-2.206363057865897,gamma_omega,7.999883510898131,7.999883505507608,6.738252595448879e-10
coarse,2.769726689223406,2.4893229630270586,alpha,1.0000000000136835,1.0000000000135387,1.447730824091394e-13
coarse,2.769726689223406,2.4893229630270586,beta,-0.00010283204243114327,-0.0001028324474318551,4.0500071182738694e-10
coarse,2.769726689223406,2.4893229630270586,gamma_ll,1.0,0.9999999999994824,5.17585974080248e-13
coarse,2.769726689223406,2.4893229630270586,gamma_omega,9.316950229346396,9.316950223726506,6.031899057671675e-10
coarse,0.7442368053908583,-0.8631555550102128,alpha,77.9201714185141,77.92015508287098,2.0964588279306114e-07
coarse,0.7442368053908583,-0.8631555550102128,beta,-4.098983827450005e-09,-4.095319461270448e-09,3.664366179556939e-12
coarse,0.7442368053908583,-0.8631555550102128,gamma_ll,12360.656858228773,12360.65948139055,2.1221863916121355e-07
coarse,0.7442368053908583,-0.8631555550102128,gamma_omega,5.0570463460681045,5.057046357925327,2.344693314591247e-09
coarse,2.1865345795822853,-5.483932235540762,alpha,1.0000000000002232,1.0000000000002232,0.0
coarse,2.1865345795822853,-5.483932235540762,beta,0.0,-1.950407191612953e-80,1.950407191612953e-80
coarse,2.1865345795822853,-5.483932235540762,gamma_ll,1.00000000000081,1.00000000000081,0.0
coarse,2.1865345795822853,-5.483932235540762,gamma_omega,33.13608820240424,33.13608820358298,3.557271617079344e-11
coarse,2.8240502252468334,-0.05667905993993383,alpha,1.0,0.9999999999999635,3.652633751016765e-14
coarse,2.8240502252468334,-0.05667905993993383,beta,0.0,8.980726961399896e-28,8.980726961399896e-28
coarse,2.8240502252468334,-0.05667905993993383,gamma_ll,1.0,0.9999999999998674,1.325606291402437e-13
coarse,2.8240502252468334,-0.05667905993993383,gamma_omega,3.1236817206746377,3.1236817342461376,4.34471279005307e-09
coarse,2.161751164477164,-4.744994740862827,alpha,1.000000000519105,1.0000000005190923,1.265654247415671e-14
coarse,2.161751164477164,-4.744994740862827,beta,0.0,6.067065728561016e-72,6.067065728561016e-72
coarse,2.161751164477164,-4.744994740862827,gamma_ll,1.0000000018834978,1.000000001883452,4.574118852840302e-14
coarse,2.161751164477164,-4.744994740862827,gamma_omega,25.5788174412641,25.578817440935886,1.28314728097174e-11
coarse,0.30676078298603593,-3.222785447427499,alpha,1.003730665635681,1.003730593375534,7.199157049902392e-08
coarse,0.30676078298603593,-3.222785447427499,beta,2.634626261298333e-43,-2.407842971868124e-31,2.4078429718707583e-31
coarse,0.30676078298603593,-3.222785447427499,gamma_ll,1.0135858995353926,1.0135856403628347,2.5569866153243004e-07
coarse,0.30676078298603593,-3.222785447427499,gamma_omega,13.708141519277861,13.708141524992122,4.1685162472905695e-10
coarse,0.2667386324417138,2.34387880152512,alpha,1.6047138644076029,1.604714223077237,2.2351002391784916e-07
coarse,0.2667386324417138,2.34387880152512,beta,-2.9965382389979647e-15,-2.9903039841206364e-15,6.234254877328311e-18
coarse,0.2667386324417138,2.34387880152512,gamma_ll,4.549966935999134,4.549970135546017,7.032022272781895e-07
coarse,0.2667386324417138,2.34387880152512,gamma_omega,9.530613597145857,9.530613598972263,1.9163568795794093e-10
coarse,-1.135811346973929,2.6331535042306307,alpha,1.1370974992610359,1.1370969541654201,4.793745620848149e-07
coarse,-1.135811346973929,2.6331535042306307,beta,1.004523047185656e-27,-1.76317328746881e-23,1.7632737397735285e-23
coarse,-1.135811346973929,2.6331535042306307,gamma_ll,1.565301534905858,1.5653009709919028,3.602589933850787e-07
coarse,-1.135811346973929,2.6331535042306307,gamma_omega,10.702753359860685,10.702753442164838,7.689998083583515e-09
coarse,-1.3210137620344324,-3.6816705503845073,alpha,1.0001697635902802,1.0001697576844573,5.904820518267392e-09
coarse,-1.3210137620344324,-3.6816705503845073,beta,1.8222188441672227e-56,-1.4770704129445384e-16,1.4770704129445384e-16
coarse,-1.3210137620344324,-3.6816705503845073,gamma_ll,1.000616065714602,1.0006160442984995,2.1402916843731758e-08
coarse,-1.3210137620344324,-3.6816705503845073,gamma_omega,16.707971709175176,16.707971671791384,2.2374823654653554e-09
coarse,2.3950033369497308,2.7531297907958425,alpha,1.000194783465186,1.000194783507345,4.215073273751817e-11
coarse,2.3950033369497308,2.7531297907958425,beta,-0.0010940776794850346,-0.0010940772812974681,3.9818756646971265e-10
coarse,2.3950033369497308,2.7531297907958425,gamma_ll,1.0007066780835574,1.0007066782618594,1.7817612663569846e-10
coarse,2.3950033369497308,2.7531297907958425,gamma_omega,10.765852884341632,10.765852888079829,3.472272329388792e-10
coarse,2.8039991282612133,-3.644690811675459,alpha,1.0,1.0,0.0
coarse,2.8039991282612133,-3.644690811675459,beta,0.0,-6.305328096844923e-69,6.305328096844923e-69
coarse,2.8039991282612133,-3.644690811675459,gamma_ll,1.0,1.0,0.0
coarse,2.8039991282612133,-3.644690811675459,gamma_omega,16.352644271329503,16.352644270462775,5.3002261904952526e-11
coarse,-0.7993829695680663,5.2321007762228025,alpha,1.0000000001592844,1.000000000159259,2.531308495742159e-14
coarse,-0.7993829695680663,5.2321007762228025,beta,0.0,2.7983147148096145e-44,2.7983147148096145e-44
coarse,-0.7993829695680663,5.2321007762228025,gamma_ll,1.0000000005779408,1.0000000005778484,9.237055559542831e-14
coarse,-0.7993829695680663,5.2321007762228025,gamma_omega,30.437975190268578,30.437975189669977,1.9666231959021887e-11
coarse,1.4650395510135321,-3.257505418335546,alpha,1.000915747050832,1.0009157432930302,3.754363799892929e-09
coarse,1.4650395510135321,-3.257505418335546,beta,8.935197206335254e-112,-1.377389523179437e-45,1.377389523179437e-45
coarse,1.4650395510135321,-3.257505418335546,gamma_ll,1.0033256513780615,1.003325637749298,1.3583589169084218e-08
coarse,1.4650395510135321,-3.257505418335546,gamma_omega,13.88091064336751,13.880910639685371,2.652663886917664e-10
coarse,-0.5273463356300354,-0.52503193431534,alpha,5.268455605763009,5.268307919705958,2.803213467144696e-05
coarse,-0.5273463356300354,-0.52503193431534,beta,-2.287845672298435,-2.2878791591582277,1.4636852563141255e-05
coarse,-0.5273463356300354,-0.52503193431534,gamma_ll,9.282964598902264,9.28227640759791,7.413486252390923e-05
coarse,-0.5273463356300354,-0.52503193431534,gamma_omega,4.5187707535990675,4.518770789721688,7.993904187685214e-09
coarse,-1.0752277321319081,-5.164625127115089,alpha,1.000000000322213,1.0000000003221854,2.7533531001832223e-14
coarse,-1.0752277321319081,-5.164625127115089,beta,0.0,1.5840149433516028e-36,1.5840149433516028e-36
coarse,-1.0752277321319081,-5.164625127115089,gamma_ll,1.000000001169103,1.0000000011690031,9.992007209944723e-14
coarse,-1.0752277321319081,-5.164625127115089,gamma_omega,29.736628898048288,29.736628897385238,2.2297418499425577e-11
coarse,1.8161797178640278,5.499357742541184,alpha,1.0000000000010347,1.0000000000010347,0.0
coarse,1.8161797178640278,5.499357742541184,beta,0.0,1.5076634752783596e-36,1.5076634752783596e-36
coarse,1.8161797178640278,5.499357742541184,gamma_ll,1.0000000000037543,1.0000000000037543,0.0
coarse,1.8161797178640278,5.499357742541184,gamma_omega,33.305566932048436,33.30556693204611,6.976235386342435e-14
coarse,0.5842037919585894,2.726369941121117,alpha,1.0645614333834845,1.064560974196155,4.313394371558528e-07
coarse,0.5842037919585894,2.726369941121117,beta,-1.9775069279650975e-16,-1.9412557830851552e-16,3.625114487994231e-18
coarse,0.5842037919585894,2.726369941121117,gamma_ll,1.2492172257697722,1.2492160312412937,9.562215873546736e-07
coarse,0.5842037919585894,2.726369941121117,gamma_omega,11.111436613099206,11.111436718160244,9.455216356043247e-09
coarse,-0.4883523758300663,3.4438732534207492,alpha,1.0009310709550103,1.000931064552424,6.396630522073691e-09
coarse,-0.4883523758300663,3.4438732534207492,beta,2.509861334482175e-31,2.887339326491711e-21,2.887339326240725e-21
coarse,-0.4883523758300663,3.4438732534207492,gamma_ll,1.0033813530327416,1.0033813299117875,2.3043037395841292e-08
coarse,-0.4883523758300663,3.4438732534207492,gamma_omega,15.083754116971464,15.08375411262383,2.882329628999466e-10
coarse,-0.0916029675868002,-4.169637890439859,alpha,1.0000035877142484,1.0000035875199678,1.9427989459366924e-10
coarse,-0.0916029675868002,-4.169637890439859,beta,3.144710680523937e-54,-1.8217280863260883e-36,1.8217280863260883e-36
coarse,-0.0916029675868002,-4.169637890439859,gamma_ll,1.0000130175517592,1.0000130168468442,7.049058391000294e-10
coarse,-0.0916029675868002,-4.169637890439859,gamma_omega,20.471947028055684,20.47194700231747,1.2572430606198355e-09
coarse,2.800232964920922,-0.04825056279109674,alpha,1.0,0.999999999999969,3.097522238704187e-14
coarse,2.800232964920922,-0.04825056279109674,beta,0.0,-1.5845813908086238e-28,1.5845813908086238e-28
coarse,2.800232964920922,-0.04825056279109674,gamma_ll,1.0,0.9999999999998876,1.1235457009206584e-13
coarse,2.800232964920922,-0.04825056279109674,gamma_omega,3.1273086040370943,3.1273086052925914,4.014624709708041e-10
coarse,2.1987936682936766,2.1449634836373086,alpha,1.0220036700451343,1.0220036787093756,8.477700793397187e-09
coarse,2.1987936682936766,2.1449634836373086,beta,-0.006778257028901672,-0.00677825805050144,1.0215997683221678e-09
coarse,2.1987936682936766,2.1449634836373086,gamma_ll,1.0815504516374912,1.081550485017753,3.0863342377962194e-08
coarse,2.1987936682936766,2.1449634836373086,gamma_omega,8.034927102736313,8.034927098142662,5.717104365137689e-10
coarse,2.0410390469191997,-1.013633442574335,alpha,1.3346122261110727,1.3346120554276797,1.2788987665146311e-07
coarse,2.0410390469191997,-1.013633442574335,beta,7.411676172540444e-136,-1.5678079976009068e-27,1.5678079976009068e-27
coarse,2.0410390469191997,-1.013633442574335,gamma_ll,2.4877073293036633,2.4877074868385574,6.332533259155201e-08
coarse,2.0410390469191997,-1.013633442574335,gamma_omega,4.656751945732829,4.656753213989779,2.7234797234340804e-07
coarse,-1.2170017471312793,-2.905491438674284,alpha,1.0291110863995037,1.0291110478308136,3.7477674207592895e-08
coarse,-1.2170017471312793,-2.905491438674284,beta,-3.169653332137964e-08,-3.1703054967924236e-08,6.5216465445938216e-12
coarse,-1.2170017471312793,-2.905491438674284,gamma_ll,1.1086591654251916,1.1086590268083039,1.2503111151641088e-07
coarse,-1.2170017471312793,-2.905491438674284,gamma_omega,11.974545100178801,11.97454511025026,8.410723121191367e-10
coarse,0.026246867043762778,4.314620151927848,alpha,1.0000010287185193,1.0000010286747492,4.377005362957219e-11
coarse,0.026246867043762778,4.314620151927848,beta,7.004628835712742e-60,1.0696581343692815e-40,1.0696581343692815e-40
coarse,0.026246867043762778,4.314620151927848,gamma_ll,1.000003732561157,1.0000037324023439,1.5881259204742275e-10
coarse,0.026246867043762778,4.314620151927848,gamma_omega,21.693576609701577,21.6935765951885,6.690034208531486e-10
coarse,-0.5537748346624854,5.570008629305239,alpha,1.0000000000040754,1.000000000004075,4.4408920984825277e-16
coarse,-0.5537748346624854,5.570008629305239,beta,0.0,-1.6505763924799712e-44,1.6505763924799712e-44
coarse,-0.5537748346624854,5.570008629305239,gamma_ll,1.0000000000147873,1.0000000000147846,2.6645352590609745e-15
coarse,-0.5537748346624854,5.570008629305239,gamma_omega,34.08764673801619,34.087646739131884,3.273016211020027e-11
coarse,1.4405809465049173,0.20686438231967408,alpha,6.029266070878436,6.029266097983464,4.49557661531657e-09
coarse,1.4405809465049173,0.20686438231967408,beta,-1.4502360218809324e-05,-1.4494507762029033e-05,7.852456780291697e-09
coarse,1.4405809465049173,0.20686438231967408,gamma_ll,116.8073349473536,116.80733556480503,5.286067302709491e-09
coarse,1.4405809465049173,0.20686438231967408,gamma_omega,4.0603330549875905,4.060333066805052,2.9104660912909716e-09
coarse,1.7111794319316922,3.5903010405924043,alpha,1.0000523318548125,1.000052331015457,8.393115512835701e-10
coarse,1.7111794319316922,3.5903010405924043,beta,-3.6607885769499904e-13,-3.6351983264276657e-13,2.559025052232471e-15
coarse,1.7111794319316922,3.5903010405924043,gamma_ll,1.0001898883973275,1.0001898853525406,3.0442088071475773e-09
coarse,1.7111794319316922,3.5903010405924043,gamma_omega,16.035111070203644,16.035111056891196,8.302061628720321e-10
coarse,-1.3378677363035683,-0.9611089355271485,alpha,44.56683970772631,44.56668905518266,3.38037304508318e-06
coarse,-1.3378677363035683,-0.9611089355271485,beta,-0.5619266266118639,-0.5616337185270907,0.0002929080847732246
coarse,-1.3378677363035683,-0.9611089355271485,gamma_ll,3334.939267690134,3335.582157455202,0.0001927740547771146
coarse,-1.3378677363035683,-0.9611089355271485,gamma_omega,5.28560431815233,5.285604302712957,2.921023125807357e-09
coarse,-0.2717202149576634,4.520404144819333,alpha,1.000000169466179,1.0000001694528338,1.3345322583623405e-11
coarse,-0.2717202149576634,4.520404144819333,beta,0.0,9.680913459241954e-37,9.680913459241954e-37
coarse,-0.2717202149576634,4.520404144819333,gamma_ll,1.0000006148837906,1.0000006148353684,4.842212540044127e-11
coarse,-0.2717202149576634,4.520404144819333,gamma_omega,23.50437381288746,23.504373799862346,5.541570820950178e-10
coarse,-0.5165203680823155,0.9514170936414628,alpha,433.4958232164489,433.495763066007,1.3875668161871756e-07
coarse,-0.5165203680823155,0.9514170936414628,beta,6.362888575131541e-06,6.339629226197095e-06,2.325934893444651e-08
coarse,-0.5165203680823155,0.9514170936414628,gamma_ll,205649.45875533414,205649.46052740677,8.616957431305545e-09
coarse,-0.5165203680823155,0.9514170936414628,gamma_omega,5.2640144068931685,5.264014406264178,1.194886914518279e-10
coarse,2.4400946945679545,1.151870024407616,alpha,1.008093703964354,1.0080937255170652,2.137967044786383e-08
coarse,2.4400946945679545,1.151870024407616,beta,-5.258772876217246e-08,-5.256155314776276e-08,2.6175614409704078e-11
coarse,2.4400946945679545,1.151870024407616,gamma_ll,1.0278864335146856,1.0278865369997492,1.0067752648081896e-07
coarse,2.4400946945679545,1.151870024407616,gamma_omega,4.615401221272465,4.615401231954262,2.314381167855489e-09
coarse,1.5533520708039403,-2.4431953725411146,alpha,1.0794819563441513,1.0794819672912508,1.0141067560062529e-08
coarse,1.5533520708039403,-2.4431953725411146,beta,6.248808931404407e-101,1.1474476530433776e-37,1.1474476530433776e-37
coarse,1.5533520708039403,-2.4431953725411146,gamma_ll,1.3110977274954843,1.3110978885244484,1.228199552069457e-07
coarse,1.5533520708039403,-2.4431953725411146,gamma_omega,9.748151977932766,9.748151981527872,3.6879876749061326e-10
coarse,-0.7176222448824763,-2.035480285114287,alpha,5.036543679288968,5.03663249467897,1.763419433188454e-05
coarse,-0.7176222448824763,-2.035480285114287,beta,0.003503448023743136,0.003545784297394438,4.233627365130173e-05
coarse,-0.7176222448824763,-2.035480285114287,gamma_ll,78.38344417836451,78.38358014505154,1.7346352721674185e-06
coarse,-0.7176222448824763,-2.035480285114287,gamma_omega,8.427022636750856,8.427022583954725,6.265098886073607e-09
coarse,-0.08271127703862446,-5.0012613458953865,alpha,1.0000000016907955,1.0000000016907993,3.774758277343188e-15
coarse,-0.08271127703862446,-5.0012613458953865,beta,0.0,2.1543066498533634e-47,2.1543066498533634e-47
coarse,-0.08271127703862446,-5.0012613458953865,gamma_ll,1.0000000061348082,1.0000000061348224,1.4210854628021135e-14
coarse,-0.08271127703862446,-5.0012613458953865,gamma_omega,28.07655707605928,28.076557076069818,3.753077253303049e-13
coarse,1.535257137172219,1.8375764143028581,alpha,3.603210728099764,3.6032815836652663,1.9664563315681035e-05
coarse,1.535257137172219,1.8375764143028581,beta,-0.15632455429637096,-0.15632386278728969,6.915090812742442e-07
coarse,1.535257137172219,1.8375764143028581,gamma_ll,3.6629745471173445,3.6631393726036428,4.499771542992891e-05
coarse,1.535257137172219,1.8375764143028581,gamma_omega,7.5142234112126145,7.514223350855912,8.032327420127136e-09
coarse,0.6333275118254842,4.499136028148648,alpha,1.0000001590262446,1.000000159025963,2.815525142707007e-13
coarse,0.6333275118254842,4.499136028148648,beta,0.0,-3.7440510503706705e-39,3.7440510503706705e-39
coarse,0.6333275118254842,4.499136028148648,gamma_ll,1.0000005770039755,1.0000005770029545,1.0209605043470242e-12
coarse,0.6333275118254842,4.499136028148648,gamma_omega,23.313029620444073,23.313029620307937,5.839499956649702e-12
coarse,1.1156340271536922,-1.924326209061916,alpha,2.9467737444598083,2.946775203038269,4.949747035788678e-07
coarse,1.1156340271536922,-1.924326209061916,beta,5.012458151455828e-61,-4.8878397570846003e-26,4.8878397570846003e-26
coarse,1.1156340271536922,-1.924326209061916,gamma_ll,22.5605610259771,22.560555887940176,2.277442001457423e-07
coarse,1.1156340271536922,-1.924326209061916,gamma_omega,8.00017639639252,8.000169880339437,8.144886763634134e-07
coarse,-0.69015566948473,0.1625838436296334,alpha,448.63119177908425,448.62842133879695,6.175318029730333e-06
coarse,-0.69015566948473,0.1625838436296334,beta,-0.005888964880592996,-0.005888078757770911,8.861228220852571e-07
coarse,-0.69015566948473,0.1625838436296334,gamma_ll,393335.2467827918,393334.86709342134,9.653072628558253e-07
coarse,-0.69015566948473,0.1625838436296334,gamma_omega,4.212081669453854,4.212081716833155,1.1248428945408384e-08
coarse,-1.2550509442941873,1.7920996199303953,alpha,19.36430074461719,19.364285446200636,7.900319642254494e-07
coarse,-1.2550509442941873,1.7920996199303953,beta,4.5464984244852186e-20,4.303720277324636e-17,4.299173778900151e-17
coarse,-1.2550509442941873,1.7920996199303953,gamma_ll,1273.2928539149052,1273.2913102715768,1.2123238763855626e-06
coarse,-1.2550509442941873,1.7920996199303953,gamma_omega,7.616713260223776,7.616713231107082,3.822737308077524e-09
coarse,-0.8438244317827256,-0.5581203467000435,alpha,14.604339344905753,14.609988622447416,0.0003868218485099172
coarse,-0.8438244317827256,-0.5581203467000435,beta,-0.8601478048914725,-0.860127309148222,2.0495743250470433e-05
coarse,-0.8438244317827256,-0.5581203467000435,gamma_ll,651.6804376025651,652.1608738441756,0.0007372267355115923
coarse,-0.8438244317827256,-0.5581203467000435,gamma_omega,4.562555117672727,4.562555124301561,1.452877458170065e-09
coarse,0.7786440657245572,-0.477443707775028,alpha,67.89169812043757,67.89170013041222,2.9605602840466264e-08
coarse,0.7786440657245572,-0.477443707775028,beta,-6.228881824140318e-06,-6.220885004724111e-06,7.996819416206759e-09
coarse,0.7786440657245572,-0.477443707775028,gamma_ll,13260.678058026291,13260.67962256923,1.1798363043963372e-07
coarse,0.7786440657245572,-0.477443707775028,gamma_omega,4.4381307218452415,4.438130766028035,9.955270854553826e-09
coarse,0.04732280393225485,-4.310889367606951,alpha,1.000001058960131,1.0000010589329584,2.717245770854641e-11
coarse,0.04732280393225485,-4.310889367606951,beta,2.297461715400917e-60,4.5070540197958254e-41,4.5070540197958254e-41
coarse,0.04732280393225485,-4.310889367606951,gamma_ll,1.0000038422887259,1.0000038421901347,9.859075644163583e-11
coarse,0.04732280393225485,-4.310889367606951,gamma_omega,21.66157214226017,21.66157213263247,4.4445978744841626e-10
coarse,1.266933383656537,-4.946041628184994,alpha,1.0000000011757404,1.0000000011757153,2.509104032702799e-14
coarse,1.266933383656537,-4.946041628184994,beta,0.0,7.190669443922032e-63,7.190669443922032e-63
coarse,1.266933383656537,-4.946041628184994,gamma_ll,1.0000000042660053,1.0000000042659143,9.103828763089302e-14
coarse,1.266933383656537,-4.946041628184994,gamma_omega,27.527457072815743,27.527457072396192,1.5241168676089133e-11
coarse,2.6815048314731955,-5.8833825006819485,alpha,1.0,1.0,0.0
coarse,2.6815048314731955,-5.8833825006819485,beta,0.0,-4.6933787583215145e-92,4.6933787583215145e-92
coarse,2.6815048314731955,-5.8833825006819485,gamma_ll,1.0,1.0,0.0
coarse,2.6815048314731955,-5.8833825006819485,gamma_omega,37.67669324660405,37.676693246538456,1.7410579250153538e-12
coarse,1.4774764856166724,-5.998802260307488,alpha,1.0000000000000078,1.0000000000000075,2.2204460492502958e-16
coarse,1.4774764856166724,-5.998802260307488,beta,0.0,-1.0886673035546135e-76,1.0886673035546135e-76
coarse,1.4774764856166724,-5.998802260307488,gamma_ll,1.000000000000028,1.0000000000000284,4.440892098500502e-16
coarse,1.4774764856166724,-5.998802260307488,gamma_omega,39.04814794427362,39.048147941193285,7.888563030020884e-11
coarse,-0.16939111743868107,-3.2085187073967534,alpha,1.0044731930457178,1.0044731709882244,2.1959265354278915e-08
coarse,-0.16939111743868107,-3.2085187073967534,beta,7.72002446364634e-32,5.124450584591056e-24,5.124450507390811e-24
coarse,-0.16939111743868107,-3.2085187073967534,gamma_ll,1.0163018176293985,1.0163017379611419,7.839035144522936e-08
coarse,-0.16939111743868107,-3.2085187073967534,gamma_omega,13.624809261037282,13.624809261009988,2.003237059283935e-12
coarse,-1.3521414077354228,-2.6717282905427346,alpha,1.11071466091321,1.1107140348827549,5.636285151005803e-07
coarse,-1.3521414077354228,-2.6717282905427346,beta,-9.478505378465183e-05,-9.467720464759279e-05,1.0784913705903809e-07
coarse,-1.3521414077354228,-2.6717282905427346,gamma_ll,1.4458819599718562,1.44588072586035,8.535354477503668e-07
coarse,-1.3521414077354228,-2.6717282905427346,gamma_omega,10.87171684561886,10.87171694809563,9.425996982437196e-09
coarse,2.58626701524377,3.9154196584283127,alpha,1.0000000000271796,1.000000000027393,2.1338486532715538e-13
coarse,2.58626701524377,3.9154196584283127,beta,-1.0931580670341469e-09,-1.092096159209268e-09,1.0619078248789726e-12
coarse,2.58626701524377,3.9154196584283127,gamma_ll,1.0000000000986176,1.0000000000993912,7.736034034825182e-13
coarse,2.58626701524377,3.9154196584283127,gamma_omega,18.39907809416663,18.39907809013075,2.193522504632041e-10
coarse,0.1860586906599282,-5.647043015642103,alpha,1.000000000001618,1.000000000001618,0.0
coarse,0.1860586906599282,-5.647043015642103,beta,0.0,4.476208435736289e-58,4.476208435736289e-58
coarse,0.1860586906599282,-5.647043015642103,gamma_ll,1.0000000000058709,1.0000000000058709,0.0
coarse,0.1860586906599282,-5.647043015642103,gamma_omega,34.95170311532307,34.9517031153805,1.6430118931444949e-12
coarse,2.4367766602164376,-2.702613290144527,alpha,1.0001320634888693,1.000132063820075,3.3116199510061144e-10
coarse,2.4367766602164376,-2.702613290144527,beta,0.0,-5.867087709760712e-53,5.867087709760712e-53
coarse,2.4367766602164376,-2.702613290144527,gamma_ll,1.0004792356782155,1.0004792368886126,1.2098173282416381e-09
coarse,2.4367766602164376,-2.702613290144527,gamma_omega,10.485239801106305,10.485239807772434,6.35763140242482e-10
coarse,-0.25972127095706976,2.762811154047597,alpha,1.0663319228294341,1.0663316323171041,2.724408073606893e-07
coarse,-0.25972127095706976,2.762811154047597,beta,1.9368618041257685e-20,-5.5147692778465184e-17,5.5167061396506444e-17
coarse,-0.25972127095706976,2.762811154047597,gamma_ll,1.2564755055219592,1.2564746599151573,6.729990343602534e-07
coarse,-0.25972127095706976,2.762811154047597,gamma_omega,11.284482846341525,11.284482904801331,5.180548074827282e-09
coarse,1.6305074647173852,-2.111938100272501,alpha,1.2789992979739948,1.2789996850879546,3.0266940755155325e-07
coarse,1.6305074647173852,-2.111938100272501,beta,1.4857194551832128e-100,-2.612107974916039e-34,2.612107974916039e-34
coarse,1.6305074647173852,-2.111938100272501,gamma_ll,2.2960199569296793,2.296022071253165,9.208645940743609e-07
coarse,1.6305074647173852,-2.111938100272501,gamma_omega,8.4137736847198,8.413773412702207,3.233003437504967e-08
coarse,-0.9148866746704585,1.6208654977135648,alpha,49.989995998808496,49.98987496890637,2.421082452740001e-06
coarse,-0.9148866746704585,1.6208654977135648,beta,5.526364214991334e-09,9.784461572956825e-09,4.258097357965492e-09
coarse,-0.9148866746704585,1.6208654977135648,gamma_ll,7432.705245563828,7432.67638916629,3.882354618398683e-06
coarse,-0.9148866746704585,1.6208654977135648,gamma_omega,7.073573669596887,7.073573580176964,1.2641406903844407e-08
coarse,1.0557140414196962,-4.865253547195293,alpha,1.000000003468198,1.0000000034679448,2.531308487366278e-13
coarse,1.0557140414196962,-4.865253547195293,beta,0.0,-2.4961248065593925e-59,2.4961248065593925e-59
coarse,1.0557140414196962,-4.865253547195293,gamma_ll,1.000000012583858,1.00000001258294,9.179323852089487e-13
coarse,1.0557140414196962,-4.865253547195293,gamma_omega,26.735470827394785,26.73547082408553,1.237776337355091e-10
coarse,1.365887103664373,-2.5683206731407955,alpha,1.0621654215466292,1.0621652421215546,1.68923852100577e-07
coarse,1.365887103664373,-2.5683206731407955,beta,2.3084080512177264e-89,-2.928678552717577e-36,2.928678552717577e-36
coarse,1.365887103664373,-2.5683206731407955,gamma_ll,1.239430765735587,1.2394303720467832,3.17636785097523e-07
coarse,1.365887103664373,-2.5683206731407955,gamma_omega,10.340800337349679,10.340800408860995,6.915452735475711e-09
coarse,-0.1835038587701019,-1.8312310343428297,alpha,15.299348335326261,15.29932886996,1.2723003512592558e-06
coarse,-0.1835038587701019,-1.8312310343428297,beta,1.273747408685762e-07,1.2695501526720805e-07,4.1972560136814846e-10
coarse,-0.1835038587701019,-1.8312310343428297,gamma_ll,802.4632575668678,802.461246399621,2.5062421585381675e-06
coarse,-0.1835038587701019,-1.8312310343428297,gamma_omega,7.743012115669625,7.743012027730775,1.1357188735601287e-08
coarse,2.6019736066677774,3.256796165208243,alpha,1.000000000150955,1.0000000001463332,4.621858450816834e-12
coarse,2.6019736066677774,3.256796165208243,beta,-3.822790052190163e-05,-3.8227862656066465e-05,3.786583516223385e-11
coarse,2.6019736066677774,3.256796165208243,gamma_ll,1.0,0.99999999998306,1.6940004954335564e-11
coarse,2.6019736066677774,3.256796165208243,gamma_omega,13.697743627689581,13.697743626452873,9.028556432277517e-11
coarse,1.8723837590039838,-3.5860204987231437,alpha,1.0000326869679204,1.0000326861660669,8.01827263207576e-10
coarse,1.8723837590039838,-3.5860204987231437,beta,3.8649488581651266e-151,-3.473776077695417e-54,3.473776077695417e-54
coarse,1.8723837590039838,-3.5860204987231437,gamma_ll,1.000118603783068,1.0001186008740242,2.908698911966302e-09
coarse,1.8723837590039838,-3.5860204987231437,gamma_omega,15.991553597180475,15.991553580550391,1.0399292273577163e-09
coarse,1.4569642347697846,4.525585103582145,alpha,1.000000046139791,1.0000000461355427,4.248379230011294e-12
coarse,1.4569642347697846,4.525585103582145,beta,0.0,1.5957977443872895e-27,1.5957977443872895e-27
coarse,1.4569642347697846,4.525585103582145,gamma_ll,1.0000001674116126,1.0000001673961982,1.541433389335718e-11
coarse,1.4569642347697846,4.525585103582145,gamma_omega,23.55003015246893,23.55003014038571,5.130872308810992e-10
coarse,2.088705686959804,2.952506908207667,alpha,1.000822113133663,1.0008221130738144,5.979940866461493e-11
coarse,2.088705686959804,2.952506908207667,beta,-0.00014006557399841334,-0.00014006550941218806,6.458622528395137e-11
coarse,2.088705686959804,2.952506908207667,gamma_ll,1.002984553875176,1.0029845534914992,3.8253517122661904e-10
coarse,2.088705686959804,2.952506908207667,gamma_omega,11.963038902624234,11.963038906662746,3.375824303600472e-10
coarse,2.1893276421419086,-3.283908147768164,alpha,1.0000566845607115,1.0000566835311833,1.0294698853888975e-09
coarse,2.1893276421419086,-3.283908147768164,beta,0.0,-2.0099878673035808e-55,2.0099878673035808e-55
coarse,2.1893276421419086,-3.283908147768164,gamma_ll,1.0002056832598896,1.0002056795252594,3.7338621677362376e-09
coarse,2.1893276421419086,-3.283908147768164,gamma_omega,13.925685953506816,13.92568595339558,7.987790738253146e-12
coarse,0.07288326414015378,2.6889371230919608,alpha,1.0973843468139004,1.0973840443220184,2.756480743190916e-07
coarse,0.07288326414015378,2.6889371230919608,beta,7.47781934742295e-26,-3.6909396011897684e-22,3.691687383124511e-22
coarse,0.07288326414015378,2.6889371230919608,gamma_ll,1.3874838529358637,1.3874833371607473,3.7173413968231986e-07
coarse,0.07288326414015378,2.6889371230919608,gamma_omega,10.947130175861755,10.947130226819349,4.654881496940532e-09
coarse,-0.13602378940696447,1.7680708791174489,alpha,21.8303923259999,21.830352111974225,1.8421119086346239e-06
coarse,-0.13602378940696447,1.7680708791174489,beta,1.640904555624231e-08,1.634850840567744e-08,6.053715056487192e-11
coarse,-0.13602378940696447,1.7680708791174489,gamma_ll,1604.213623313467,1604.2086783335462,3.0824946558870954e-06
coarse,-0.13602378940696447,1.7680708791174489,gamma_omega,7.537952100386827,7.537952015567169,1.1252347697933318e-08
coarse,1.746035078476476,-1.550160615979311,alpha,1.8438337011458026,1.843833703242166,1.1369589914036072e-09
coarse,1.746035078476476,-1.550160615979311,beta,1.0725464557388716e-108,2.6643376619609797e-32,2.6643376619609797e-32
coarse,1.746035078476476,-1.550160615979311,gamma_ll,6.603383055792471,6.603383034728809,3.189828872232818e-09
coarse,1.746035078476476,-1.550160615979311,gamma_omega,6.546903862458012,6.54690331898829,8.301171562735012e-08
coarse,1.8865218897699005,2.425210208126252,alpha,1.0362071939288544,1.0362075407212101,3.346747231179747e-07
coarse,1.8865218897699005,2.425210208126252,beta,-0.016640872548821562,-0.016641532459105022,6.59910283459797e-07
coarse,1.8865218897699005,2.425210208126252,gamma_ll,1.1228479009694103,1.1228517314839208,3.411427769660658e-06
coarse,1.8865218897699005,2.425210208126252,gamma_omega,9.469324840417876,9.469324856876312,1.7380791839859085e-09
coarse,0.20322451226993477,-2.3131057417154475,alpha,1.7329048308643569,1.732905530668264,4.038328560119959e-07
coarse,0.20322451226993477,-2.3131057417154475,beta,6.185467760980068e-21,-7.284872479727706e-20,7.903419255825713e-20
coarse,0.20322451226993477,-2.3131057417154475,gamma_ll,5.661266421974065,5.661277289066273,1.9195514569216704e-06
coarse,0.20322451226993477,-2.3131057417154475,gamma_omega,9.415412383286368,9.415412400338584,1.811095992969318e-09
coarse,0.244581302797114,0.5369371957925875,alpha,13.27728540135155,13.284231129194978,0.0005231286090092738
coarse,0.244581302797114,0.5369371957925875,beta,-0.3054548598949169,-0.30549978346030526,4.4923565388377273e-05
coarse,0.244581302797114,0.5369371957925875,gamma_ll,78.49270511539012,78.56509464831932,0.000922245357995695
coarse,0.244581302797114,0.5369371957925875,gamma_omega,4.530531484594423,4.5305315078558515,5.134370750579929e-09
coarse,0.6721892865164865,5.703519629170964,alpha,1.0000000000006772,1.0000000000006772,0.0
coarse,0.6721892865164865,5.703519629170964,beta,0.0,9.852414704786932e-51,9.852414704786932e-51
coarse,0.6721892865164865,5.703519629170964,gamma_ll,1.0000000000024576,1.0000000000024571,4.4408920984897123e-16
coarse,0.6721892865164865,5.703519629170964,gamma_omega,35.592720247707256,35.59272024782781,3.3871472912830275e-12
coarse,2.60990010461773,1.6789631036081865,alpha,1.000000000000371,0.9999999872741775,1.272619354341725e-08
coarse,2.60990010461773,1.6789631036081865,beta,-4.926187729846752e-06,-4.924461150234631e-06,1.7265796121213636e-09
coarse,2.60990010461773,1.6789631036081865,gamma_ll,1.0,0.9999999540292145,4.5970785511606493e-08
coarse,2.60990010461773,1.6789631036081865,gamma_omega,6.026125021335652,6.02612498605992,5.853800169124488e-09
coarse,-0.06913171061932277,4.6158047087332434,alpha,1.0000000698750333,1.0000000698706626,4.370725697939713e-12
coarse,-0.06913171061932277,4.6158047087332434,beta,0.0,6.208437582501407e-42,6.208437582501407e-42
coarse,-0.06913171061932277,4.6158047087332434,gamma_ll,1.0000002535315384,1.0000002535156804,1.5857977574038435e-11
coarse,-0.06913171061932277,4.6158047087332434,gamma_omega,24.373833838014427,24.37383383008131,3.254767931433526e-10
coarse,-0.448313141047205,-4.623496614585192,alpha,1.000000065804972,1.000000065798597,6.374900187897521e-12
coarse,-0.448313141047205,-4.623496614585192,beta,0.0,6.307687887210478e-35,6.307687887210478e-35
coarse,-0.448313141047205,-4.623496614585192,gamma_ll,1.0000002387639038,1.000000238740773,2.313082506144427e-11
coarse,-0.448313141047205,-4.623496614585192,gamma_omega,24.4447594386428,24.444759427791315,4.4391874043460294e-10
coarse,1.0245432349467496,-3.336956866240171,alpha,1.0010548556910632,1.0010548387130835,1.696008924214564e-08
coarse,1.0245432349467496,-3.336956866240171,beta,2.5121528679616527e-81,-2.943499157499729e-41,2.943499157499729e-41
coarse,1.0245432349467496,-3.336956866240171,gamma_ll,1.0038313660991982,1.003831304766162,6.109894378346002e-08
coarse,1.0245432349467496,-3.336956866240171,gamma_omega,14.394553157528218,14.39455315115947,4.4244147335516074e-10
coarse,1.8514294184519944,-0.562392820397716,alpha,1.8682365233512297,1.8682367105091489,1.001789210430648e-07
coarse,1.8514294184519944,-0.562392820397716,beta,1.0815305645836249e-129,-5.55942291377378e-20,5.55942291377378e-20
coarse,1.8514294184519944,-0.562392820397716,gamma_ll,6.872431581443726,6.872431729785231,2.1585010129772337e-08
coarse,1.8514294184519944,-0.562392820397716,gamma_omega,4.0753272883131,4.075327218306804,1.717807943233241e-08
coarse,2.8342773453137937,3.0918600719989247,alpha,1.0000000000032707,1.0000000000032705,2.2204460492430506e-16
coarse,2.8342773453137937,3.0918600719989247,beta,-5.268994868531785e-05,-5.2690037744444226e-05,8.905912637945709e-11
coarse,2.8342773453137937,3.0918600719989247,gamma_ll,1.0,1.0000000000000009,8.881784197001252e-16
coarse,2.8342773453137937,3.0918600719989247,gamma_omega,12.641524497153314,12.641524495157995,1.5783851588930107e-10
coarse,2.25815979216015,-2.8243709435299893,alpha,1.000565284668147,1.0005652795661588,5.099105718994972e-09
coarse,2.25815979216015,-2.8243709435299893,beta,0.0,5.923779715047319e-51,5.923779715047319e-51
coarse,2.25815979216015,-2.8243709435299893,gamma_ll,1.0020521953347767,1.002052176873821,1.842314775517953e-08
coarse,2.25815979216015,-2.8243709435299893,gamma_omega,11.19631057483988,11.196310601641724,2.393810364613586e-09
coarse,1.8705876295397998,5.459641054964891,alpha,1.0000000000013343,1.000000000001334,2.2204460492473504e-16
coarse,1.8705876295397998,5.459641054964891,beta,0.0,-1.4122529235658503e-34,1.4122529235658503e-34
coarse,1.8705876295397998,5.459641054964891,gamma_ll,1.000000000004841,1.000000000004841,0.0
coarse,1.8705876295397998,5.459641054964891,gamma_omega,32.87032517288867,32.87032517339951,1.5540996073525414e-11
coarse,1.685119597940309,1.347553779305784,alpha,2.714820755915074,2.714914032850783,3.4358414088840174e-05
coarse,1.685119597940309,1.347553779305784,beta,-0.09727114070577444,-0.09727067416522671,4.66540547736094e-07
coarse,1.685119597940309,1.347553779305784,gamma_ll,8.381961007099465,8.381965120078343,4.906941078447092e-07
coarse,1.685119597940309,1.347553779305784,gamma_omega,5.8699876511259905,5.8699876284291355,3.8665933237034455e-09
coarse,-0.6970013792076832,-2.344030099663983,alpha,1.6682081815203094,1.6682085764105667,2.36715214418026e-07
coarse,-0.6970013792076832,-2.344030099663983,beta,1.213147155441625e-07,1.2517044674540432e-07,3.855731201241828e-09
coarse,-0.6970013792076832,-2.344030099663983,gamma_ll,5.084443352548709,5.084446892618458,6.962551264470201e-07
coarse,-0.6970013792076832,-2.344030099663983,gamma_omega,9.534240580385589,9.53424058179169,1.4747917148981705e-10
coarse,2.164765122891167,-2.708643574369878,alpha,1.0020965439722125,1.0020965401006359,3.8634766661394205e-09
coarse,2.164765122891167,-2.708643574369878,beta,0.0,1.87408060766471e-48,1.87408060766471e-48
coarse,2.164765122891167,-2.708643574369878,gamma_ll,1.0076227072776658,1.0076226933433148,1.382893706715963e-08
coarse,2.164765122891167,-2.708643574369878,gamma_omega,10.62819731926938,10.62819733699698,1.6679779657666486e-09
coarse,1.876451752755269,4.126193493674114,alpha,1.0000004911148814,1.0000004910842994,3.058196637246085e-11
coarse,1.876451752755269,4.126193493674114,beta,-1.9914849002089927e-22,2.566437260116949e-19,2.568428745017158e-19
coarse,1.876451752755269,4.126193493674114,gamma_ll,1.0000017819406628,1.0000017818297005,1.1096215269121399e-10
coarse,1.876451752755269,4.126193493674114,gamma_omega,20.104110899075277,20.104110880349676,9.314314231383816e-10
coarse,-0.856132029455671,-2.552041350712437,alpha,1.2140453433584684,1.2140453180750506,2.0825760703378247e-08
coarse,-0.856132029455671,-2.552041350712437,beta,-2.2472990043109512e-08,-2.2473634163553422e-08,6.441204439096397e-13
coarse,-0.856132029455671,-2.552041350712437,gamma_ll,1.942950041935568,1.9429499492134483,4.7722338587563175e-08
coarse,-0.856132029455671,-2.552041350712437,gamma_omega,10.358339937689749,10.358339940622656,2.8314452586416087e-10
coarse,2.539985286933099,-2.279131723513214,alpha,1.000052259705379,1.0000522626730122,2.967478170715481e-09
coarse,2.539985286933099,-2.279131723513214,beta,0.0,5.427934498602291e-49,5.427934498602291e-49
coarse,2.539985286933099,-2.279131723513214,gamma_ll,1.0001896261395233,1.0001896369946268,1.085304546164124e-08
coarse,2.539985286933099,-2.279131723513214,gamma_omega,8.396422000338939,8.396421988415137,1.4201051816381084e-09
coarse,1.0720766262502477,-1.0861022254964805,alpha,21.334078059235924,21.334044537252577,1.571288117269826e-06
coarse,1.0720766262502477,-1.0861022254964805,beta,-1.6080607674326573e-15,-1.59717349047053e-15,1.0887276962127382e-17
coarse,1.0720766262502477,-1.0861022254964805,gamma_ll,1081.0742736185375,1081.074510011138,2.1866453239709278e-07
coarse,1.0720766262502477,-1.0861022254964805,gamma_omega,5.5633199292519775,5.56328383001045,6.488794817960637e-06
coarse,-0.9014888157277147,3.449298765856863,alpha,1.0008967392095245,1.0008967389241714,2.850974164709529e-10
coarse,-0.9014888157277147,3.449298765856863,beta,9.042754044772142e-38,1.9468265544399237e-28,1.9468265535356483e-28
coarse,-0.9014888157277147,3.449298765856863,gamma_ll,1.0032565611199085,1.0032565600926322,1.0239417352100301e-09
coarse,-0.9014888157277147,3.449298765856863,gamma_omega,15.11919351236868,15.11919351241732,3.217116239478394e-12
coarse,-1.1059739808067468,-1.1164416547411236,alpha,6.365507236859082,6.365353591831022,2.4137122517088196e-05
coarse,-1.1059739808067468,-1.1164416547411236,beta,-1.5509595462644854,-1.5509720290569673,8.048432025167131e-06
coarse,-1.1059739808067468,-1.1164416547411236,gamma_ll,60.977926397875535,60.975010671128324,4.781610198068503e-05
coarse,-1.1059739808067468,-1.1164416547411236,gamma_omega,5.6496367291816645,5.649636692136031,6.557170841862568e-09
coarse,2.081611473297407,2.480515363229369,alpha,1.0108438617251765,1.010843876025901,1.4147313097498103e-08
coarse,2.081611473297407,2.480515363229369,beta,-0.00931899690680475,-0.009318833949400184,1.6295740456681584e-07
coarse,2.081611473297407,2.480515363229369,gamma_ll,1.0395507365618093,1.0395508139408793,7.443510674262329e-08
coarse,2.081611473297407,2.480515363229369,gamma_omega,9.574088924874669,9.57408894789934,2.404894121114369e-09
coarse,-0.3929563844999415,-3.0962044554921992,alpha,1.0091603306946852,1.0091603135549265,1.6984178036029336e-08
coarse,-0.3929563844999415,-3.0962044554921992,beta,2.654239541687644e-25,-6.42019778677565e-19,6.420200441015192e-19
coarse,-0.3929563844999415,-3.0962044554921992,gamma_ll,1.0335368219469812,1.0335367632581485,5.678446228166762e-08
coarse,-0.3929563844999415,-3.0962044554921992,gamma_omega,12.983097963341638,12.983097968269593,3.79566952889346e-10
coarse,1.9029033123259738,-1.858292134060993,alpha,1.2478303509423214,1.2478303681231706,1.3768577735592624e-08
coarse,1.9029033123259738,-1.858292134060993,beta,1.7251773490683781e-121,1.8555768047642192e-35,1.8555768047642192e-35
coarse,1.9029033123259738,-1.858292134060993,gamma_ll,2.12166393695618,2.121663951640943,6.921342481884279e-09
coarse,1.9029033123259738,-1.858292134060993,gamma_omega,7.2577973213328155,7.257797550145335,3.1526441015585815e-08
coarse,0.03477726105955625,-3.3731128863850572,alpha,1.0014750455919117,1.0014750098449947,3.569426631186917e-08
coarse,0.03477726105955625,-3.3731128863850572,beta,8.719423140603278e-40,2.171532587990291e-29,2.171532587903097e-29
coarse,0.03477726105955625,-3.3731128863850572,gamma_ll,1.0053597614088683,1.0053596322699763,1.2845042837541276e-07
coarse,0.03477726105955625,-3.3731128863850572,gamma_omega,14.628966588181886,14.628966567375835,1.422250169936555e-09
coarse,0.6784266379072372,-3.5013738846952527,alpha,1.0004674655701324,1.0004674656434467,7.327998769371045e-11
coarse,0.6784266379072372,-3.5013738846952527,beta,5.290707364759885e-62,3.874839203714677e-40,3.874839203714677e-40
coarse,0.6784266379072372,-3.5013738846952527,gamma_ll,1.0016969120254051,1.0016969122880781,2.6222801659183116e-10
coarse,0.6784266379072372,-3.5013738846952527,gamma_omega,15.461340742578901,15.46134074203195,3.537538807912876e-11
coarse,1.0506388749404105,4.455029996876229,alpha,1.0000001622819887,1.0000001622812642,7.24531428291976e-13
coarse,1.0506388749404105,4.455029996876229,beta,0.0,-7.922414435223114e-32,7.922414435223114e-32
coarse,1.0506388749404105,4.455029996876229,gamma_ll,1.0000005888169792,1.0000005888143506,2.6285624853602983e-12
coarse,1.0506388749404105,4.455029996876229,gamma_omega,22.919090950416827,22.919090948739903,7.316710303152246e-11
coarse,-0.99896514191713,2.1299589427877113,alpha,3.2729535593521195,3.272962570131527,2.753103349654058e-06
coarse,-0.99896514191713,2.1299589427877113,beta,5.483117884101913e-13,-3.754283266981493e-13,9.237401151083407e-13
coarse,-0.99896514191713,2.1299589427877113,gamma_ll,29.099630027062812,29.09973989077764,3.77543338961349e-06
coarse,-0.99896514191713,2.1299589427877113,gamma_omega,8.754952416903215,8.754952371205237,5.219671856377974e-09
coarse,1.0538745871070434,-3.935310100572873,alpha,1.0000128972227067,1.0000128967113944,5.113057313888072e-10
coarse,1.0538745871070434,-3.935310100572873,beta,2.430361554842402e-96,9.560370206794024e-49,9.560370206794024e-49
coarse,1.0538745871070434,-3.935310100572873,gamma_ll,1.0000467963139534,1.0000467944588147,1.855051899725762e-09
coarse,1.0538745871070434,-3.935310100572873,gamma_omega,18.59359653870702,18.593596512106444,1.4306309235236281e-09
coarse,-0.19249145170510795,-0.8703442638186445,alpha,375.4713136437662,375.6534100326987,0.00048498082893548783
coarse,-0.19249145170510795,-0.8703442638186445,beta,-0.11536734162926997,-0.1153683901489545,1.0485196845350098e-06
coarse,-0.19249145170510795,-0.8703442638186445,gamma_ll,147495.74362228846,147565.48212408787,0.00047281704601590224
coarse,-0.19249145170510795,-0.8703442638186445,gamma_omega,5.092472220513471,5.092472203365786,3.3672613825176236e-09
coarse,1.7494061796580676,-2.7610994898408627,alpha,1.009256503577104,1.0092564718242432,3.1461636038628266e-08
coarse,1.7494061796580676,-2.7610994898408627,beta,2.7725807012690294e-123,-5.408883063721776e-44,5.408883063721776e-44
coarse,1.7494061796580676,-2.7610994898408627,gamma_ll,1.033892103785309,1.0338919917776366,1.0833593956297926e-07
coarse,1.7494061796580676,-2.7610994898408627,gamma_omega,11.094794331178107,11.094794362234936,2.7992252306083195e-09
coarse,2.6242998606557624,-3.552302206471384,alpha,1.0,0.9999999999999291,7.09432512735475e-14
coarse,2.6242998606557624,-3.552302206471384,beta,0.0,2.8330020386797903e-65,2.8330020386797903e-65
coarse,2.6242998606557624,-3.552302206471384,gamma_ll,1.0,0.9999999999997424,2.575717417130363e-13
coarse,2.6242998606557624,-3.552302206471384,gamma_omega,15.695158121589735,15.695158121391358,1.2639339142686456e-11
coarse,-0.7044812549390769,-1.063766304437321,alpha,35.46284909570392,35.49320193060331,0.0008559051422370452
coarse,-0.7044812549390769,-1.063766304437321,beta,-0.8607166128896258,-0.8603963218182182,0.0003202910714075191
coarse,-0.7044812549390769,-1.063766304437321,gamma_ll,1478.540287792377,1481.1709134764726,0.0017792046018734878
coarse,-0.7044812549390769,-1.063766304437321,gamma_omega,5.521316407478335,5.5213163803087655,4.920849974901949e-09
coarse,1.8517821930508087,-2.2349168184404933,alpha,1.0861680286178659,1.0861682030462638,1.6059062074367704e-07
coarse,1.8517821930508087,-2.2349168184404933,beta,2.5569625705973107e-120,6.340807412337081e-39,6.340807412337081e-39
coarse,1.8517821930508087,-2.2349168184404933,gamma_ll,1.3393508033355987,1.3393516188586188,6.088942627820226e-07
coarse,1.8517821930508087,-2.2349168184404933,gamma_omega,8.707712443737288,8.707712375843466,7.796975676286078e-09
coarse,2.766298407638666,5.9406524834825145,alpha,1.0,1.0,0.0
coarse,2.766298407638666,5.9406524834825145,beta,0.0,2.433173237354127e-32,2.433173237354127e-32
coarse,2.766298407638666,5.9406524834825145,gamma_ll,1.0,1.0,0.0
coarse,2.766298407638666,5.9406524834825145,gamma_omega,38.353854072580496,38.35385407839871,1.5169832038039836e-10
coarse,-0.817679583709197,-3.91128141662824,alpha,1.0000294735472273,1.000029472996065,5.511459827422302e-10
coarse,-0.817679583709197,-3.91128141662824,beta,4.647942957311909e-45,2.630542118178211e-25,2.630542118178211e-25
coarse,-0.817679583709197,-3.91128141662824,gamma_ll,1.0001069436343952,1.0001069416346315,1.9995498488485064e-09
coarse,-0.817679583709197,-3.91128141662824,gamma_omega,18.410126135721615,18.41012611698382,1.0177982160940104e-09
coarse,-0.07024525773622181,-3.0649765570139085,alpha,1.010995216503692,1.0109951068519847,1.0845917515695755e-07
coarse,-0.07024525773622181,-3.0649765570139085,beta,8.78605334741149e-31,-1.2806951654459823e-24,1.280696044051317e-24
coarse,-0.07024525773622181,-3.0649765570139085,gamma_ll,1.040326678227793,1.0403262915506435,3.716881990085018e-07
coarse,-0.07024525773622181,-3.0649765570139085,gamma_omega,12.810724376078733,12.810724403401993,2.1328427102787956e-09
coarse,0.2858878832786593,-5.1707990367705206,alpha,1.000000000277349,1.0000000002773106,3.841371664137641e-14
coarse,0.2858878832786593,-5.1707990367705206,beta,0.0,-2.587659466970224e-53,2.587659466970224e-53
coarse,0.2858878832786593,-5.1707990367705206,gamma_ll,1.0000000010063212,1.0000000010061818,1.3944401175259418e-13
coarse,0.2858878832786593,-5.1707990367705206,gamma_omega,29.800418075627483,29.80041807464897,3.283555512300919e-11
coarse,1.7132353430881615,4.129756802588641,alpha,1.0000007941898958,1.0000007941412754,4.862040239278702e-11
coarse,1.7132353430881615,4.129756802588641,beta,4.975747988305297e-150,-1.988721163338413e-20,1.988721163338413e-20
coarse,1.7132353430881615,4.129756802588641,gamma_ll,1.000002881606209,1.000002881429797,1.764114877738447e-10
coarse,1.7132353430881615,4.129756802588641,gamma_omega,20.136568463097657,20.136568441605135,1.067337842575041e-09
coarse,2.6121613582328305,-2.0805155045708985,alpha,1.0,0.9999999953119904,4.688009647146885e-09
coarse,2.6121613582328305,-2.0805155045708985,beta,0.0,1.6258129238772138e-47,1.6258129238772138e-47
coarse,2.6121613582328305,-2.0805155045708985,gamma_ll,1.0,0.9999999829941139,1.7005886143728333e-08
coarse,2.6121613582328305,-2.0805155045708985,gamma_omega,7.519179578361445,7.519179554359045,3.1921567795209673e-09
coarse,2.492714203984579,5.295183675837583,alpha,1.0000000000000353,1.0000000000000353,0.0
coarse,2.492714203984579,5.295183675837583,beta,0.0,7.730406779536508e-28,7.730406779536508e-28
coarse,2.492714203984579,5.295183675837583,gamma_ll,1.0000000000001288,1.0000000000001288,0.0
coarse,2.492714203984579,5.295183675837583,gamma_omega,31.101545550849885,31.10154555102329,5.575427165349832e-12
coarse,2.528606223198686,3.332474904112578,alpha,1.000000258233041,1.0000002582297594,3.281596368770428e-12
coarse,2.528606223198686,3.332474904112578,beta,-1.23103878144597e-05,-1.2308881510689223e-05,1.50630377047684e-09
coarse,2.528606223198686,3.332474904112578,gamma_ll,1.000000936784868,1.0000009367733198,1.1548084994869753e-11
coarse,2.528606223198686,3.332474904112578,gamma_omega,14.197954560323177,14.197954555523758,3.380359831464379e-10
coarse,1.9494145883376892,-1.5551202708725604,alpha,1.3555284172584972,1.3555283797450355,2.7674419210057674e-08
coarse,1.9494145883376892,-1.5551202708725604,beta,2.501325911826217e-125,-3.4449662519498024e-33,3.4449662519498024e-33
coarse,1.9494145883376892,-1.5551202708725604,gamma_ll,2.7257096129464187,2.725709396814856,7.929368625420264e-08
coarse,1.9494145883376892,-1.5551202708725604,gamma_omega,6.200198745779653,6.2001988345651915,1.4319789181164961e-08
coarse,2.996990728442813,-3.784025774996828,alpha,1.0,1.0,0.0
coarse,2.996990728442813,-3.784025774996828,beta,0.0,2.7675107988514928e-73,2.7675107988514928e-73
coarse,2.996990728442813,-3.784025774996828,gamma_ll,1.0,1.0,0.0
coarse,2.996990728442813,-3.784025774996828,gamma_omega,17.383771008190408,17.38377100671663,8.477903442870909e-11
coarse,-1.1726288072032078,3.1722456474726144,alpha,1.0056688991418008,1.005668798894234,9.968247678514655e-08
coarse,-1.1726288072032078,3.1722456474726144,beta,1.339968899639786e-40,-6.063199263320853e-31,6.063199264660822e-31
coarse,-1.1726288072032078,3.1722456474726144,gamma_ll,1.020683598248316,1.0206832408931026,3.5011360428825013e-07
coarse,-1.1726288072032078,3.1722456474726144,gamma_omega,13.41384148774538,13.41384150414936,1.222914435901803e-09
coarse,-0.827521252392543,2.1603767505217526,alpha,2.8987257033476044,2.8987287753248734,1.059768182088223e-06
coarse,-0.827521252392543,2.1603767505217526,beta,7.293880981620558e-08,6.56331491183871e-08,7.305660697818482e-09
coarse,-0.827521252392543,2.1603767505217526,gamma_ll,21.688519463010046,21.68855998528319,1.8683743357859519e-06
coarse,-0.827521252392543,2.1603767505217526,gamma_omega,8.86232280512374,8.862322794597375,1.1877659828525394e-09
coarse,-0.5995415640117487,-3.45593723908485,alpha,1.000856380979463,1.000856378279706,2.6974470422165455e-09
coarse,-0.5995415640117487,-3.45593723908485,beta,2.4136196079387658e-30,-1.581097901414991e-20,1.581097901656353e-20
coarse,-0.5995415640117487,-3.45593723908485,gamma_ll,1.0031098744010407,1.0031098645958458,9.774796488877898e-09
coarse,-0.5995415640117487,-3.45593723908485,gamma_omega,15.16260869188388,15.162608685468403,4.231117518790876e-10
coarse,2.4365403544780073,-2.497081579884575,alpha,1.0003778233452738,1.0003778243626706,1.017012582350988e-09
coarse,2.4365403544780073,-2.497081579884575,beta,0.0,1.5628779503275538e-50,1.5628779503275538e-50
coarse,2.4365403544780073,-2.497081579884575,gamma_ll,1.001371387423087,1.0013713911860584,3.757818065528981e-09
coarse,2.4365403544780073,-2.497081579884575,gamma_omega,9.45044976769515,9.450449775379514,8.131214446651398e-10
coarse,1.0118736514068485,-3.2489595770320703,alpha,1.0019153447327445,1.0019153440191848,7.121955558007297e-10
coarse,1.0118736514068485,-3.2489595770320703,beta,1.5473896622076e-78,-3.064928815749393e-41,3.064928815749393e-41
coarse,1.0118736514068485,-3.2489595770320703,gamma_ll,1.0069626553365731,1.0069626527894828,2.529478429951356e-09
coarse,1.0118736514068485,-3.2489595770320703,gamma_omega,13.855874176550449,13.855874177577817,7.414677698962649e-11
coarse,-1.3857114238901356,-2.647397386220746,alpha,1.1267145428967693,1.1267145153028055,2.4490643131009527e-08
coarse,-1.3857114238901356,-2.647397386220746,beta,-0.00027861988949503034,-0.0002785672231157733,5.26663792570106e-08
coarse,-1.3857114238901356,-2.647397386220746,gamma_ll,1.517693952426825,1.5176939711868693,1.2360887632727534e-08
coarse,-1.3857114238901356,-2.647397386220746,gamma_omega,10.764750352049118,10.764750355992842,3.663553209277853e-10
coarse,0.5070063572922501,3.390763567480768,alpha,1.0011178444955522,1.0011178317857548,1.2695605723751403e-08
coarse,0.5070063572922501,3.390763567480768,beta,1.1591556788454664e-52,1.5207201548140466e-25,1.5207201548140466e-25
coarse,0.5070063572922501,3.390763567480768,gamma_ll,1.0040604006924785,1.0040603548113278,4.5695608177425816e-08
coarse,0.5070063572922501,3.390763567480768,gamma_omega,14.740104754147715,14.740104747768653,4.327691504144406e-10
coarse,1.7153518121962046,5.018805195406422,alpha,1.0000000002238567,1.0000000002238323,2.4424906536285764e-14
coarse,1.7153518121962046,5.018805195406422,beta,0.0,-1.255451025319036e-30,1.255451025319036e-30
coarse,1.7153518121962046,5.018805195406422,gamma_ll,1.0000000008122325,1.0000000008121432,8.926193110736114e-14
coarse,1.7153518121962046,5.018805195406422,gamma_omega,28.251880141051245,28.251880139730666,4.6743055504758196e-11
coarse,0.28974044514058517,-1.6922263983213668,alpha,25.39678077479102,25.3967617416253,7.494322168645599e-07
coarse,0.28974044514058517,-1.6922263983213668,beta,-6.37161563265038e-13,-6.339969904743342e-13,3.1645727907038544e-15
coarse,0.28974044514058517,-1.6922263983213668,gamma_ll,2123.9056005385296,2123.9031723127323,1.143283296906905e-06
coarse,0.28974044514058517,-1.6922263983213668,gamma_omega,7.292093514697842,7.292093488189946,3.6351558395384235e-09
coarse,1.0358569928710595,1.7970165506775437,alpha,5.071376875915565,5.071373293995811,7.063012356078763e-07
coarse,1.0358569928710595,1.7970165506775437,beta,-0.005250789445969711,-0.005250746152525198,4.3293444513398116e-08
coarse,1.0358569928710595,1.7970165506775437,gamma_ll,72.55604250651407,72.55637454222959,4.576265518978505e-06
coarse,1.0358569928710595,1.7970165506775437,gamma_omega,7.575891653800702,7.575891651944876,2.4496465896439554e-10
coarse,0.11723527250732801,-3.0084843824302663,alpha,1.0151032662469395,1.0151032110631293,5.4362755025037195e-08
coarse,0.11723527250732801,-3.0084843824302663,beta,7.884237642484362e-34,-2.1737505248612125e-26,2.173750603703589e-26
coarse,0.11723527250732801,-3.0084843824302663,gamma_ll,1.0556156513006052,1.0556154554560924,1.8552634435447415e-07
coarse,0.11723527250732801,-3.0084843824302663,gamma_omega,12.505918294433998,12.505918309247873,1.1845491248784513e-09
coarse,2.9695250756897904,3.8162761777983203,alpha,1.000000000000001,1.000000000000001,0.0
coarse,2.9695250756897904,3.8162761777983203,beta,-2.688181951615314e-07,-2.6877419005189945e-07,4.400510963196591e-11
coarse,2.9695250756897904,3.8162761777983203,gamma_ll,1.0,1.0,0.0
coarse,2.9695250756897904,3.8162761777983203,gamma_omega,17.628891401377075,17.6288913985369,1.6110907108606136e-10
coarse,-0.3023758860594301,1.4107032185069084,alpha,133.55239676043465,133.55248902371477,6.908395683003916e-07
coarse,-0.3023758860594301,1.4107032185069084,beta,2.5160513692873496e-05,2.514460039105679e-05,1.5913301816707472e-08
coarse,-0.3023758860594301,1.4107032185069084,gamma_ll,37176.39410621922,37176.36660470176,7.397575293908057e-07
coarse,-0.3023758860594301,1.4107032185069084,gamma_omega,6.442219963849383,6.442219928635178,5.466159970165117e-09
coarse,1.1789148120318327,1.1251086594424358,alpha,6.300293234383423,6.300193023994767,1.5905670566046955e-05
coarse,1.1789148120318327,1.1251086594424358,beta,-0.22665624827387545,-0.2266579016984378,1.6534245623478494e-06
coarse,1.1789148120318327,1.1251086594424358,gamma_ll,8.806773475810985,8.806444974278145,3.730100856370197e-05
coarse,1.1789148120318327,1.1251086594424358,gamma_omega,5.57876624877726,5.578766203810578,8.060327306848623e-09
coarse,0.31052270601214405,3.9382797133703846,alpha,1.0000216761180938,1.0000216754381077,6.79971328314529e-10
coarse,0.31052270601214405,3.9382797133703846,beta,6.665598936617608e-59,-9.164340017391512e-34,9.164340017391512e-34
coarse,0.31052270601214405,3.9382797133703846,gamma_ll,1.0000786503586447,1.0000786478916215,2.466829235346411e-09
coarse,0.31052270601214405,3.9382797133703846,gamma_omega,18.61833298105483,18.618332960208107,1.1196879699059148e-09
coarse,1.5823466738449858,3.826180775348522,alpha,1.00001248545659,1.0000124848985972,5.579857963986468e-10
coarse,1.5823466738449858,3.826180775348522,beta,-1.064662312199454e-21,-8.173600306871928e-19,8.162953683749934e-19
coarse,1.5823466738449858,3.826180775348522,gamma_ll,1.0000453022424236,1.000045300217899,2.0244328366583653e-09
coarse,1.5823466738449858,3.826180775348522,gamma_omega,17.75207775923023,17.752077724555928,1.95325309151221e-09
coarse,-0.9521218754599142,0.9903582561007749,alpha,421.0957949838392,421.09529350278467,1.1908954221375597e-06
coarse,-0.9521218754599142,0.9903582561007749,beta,-2.2578016264539816e-14,2.4704230325962066e-13,2.6962031952416047e-13
coarse,-0.9521218754599142,0.9903582561007749,gamma_ll,189757.1259930644,189757.16463807956,2.0365514577710604e-07
coarse,-0.9521218754599142,0.9903582561007749,gamma_omega,5.350808890961257,5.3508088799957605,2.0493155876376728e-09
coarse,0.260874549589196,0.6808168509695953,alpha,73.9000610716756,74.0035643139457,0.0014005839882827726
coarse,0.260874549589196,0.6808168509695953,beta,-0.1192264440478898,-0.11928976734565934,6.332329776953527e-05
coarse,0.260874549589196,0.6808168509695953,gamma_ll,2682.5670274667236,2688.217447564438,0.002106348150804714
coarse,0.260874549589196,0.6808168509695953,gamma_omega,4.741749293716149,4.741749305127977,2.4066704543405774e-09
coarse,2.06111051652196,5.692697772950357,alpha,1.0000000000000442,1.0000000000000444,2.220446049250215e-16
coarse,2.06111051652196,5.692697772950357,beta,0.0,-1.4541810832441358e-35,1.4541810832441358e-35
coarse,2.06111051652196,5.692697772950357,gamma_ll,1.0000000000001603,1.0000000000001603,0.0
coarse,2.06111051652196,5.692697772950357,gamma_omega,35.46934799652118,35.46934799695583,1.225433301908451e-11
coarse,2.21768565102193,-4.674003588242677,alpha,1.000000000695683,1.0000000006956118,7.127631813134932e-14
coarse,2.21768565102193,-4.674003588242677,beta,0.0,2.2494618232327013e-71,2.2494618232327013e-71
coarse,2.21768565102193,-4.674003588242677,gamma_ll,1.0000000025241862,1.0000000025239273,2.589040086890646e-13
coarse,2.21768565102193,-4.674003588242677,gamma_omega,24.910329999683356,24.910329997354683,9.34821965858025e-11
coarse,1.1080671685326706,2.177534178714179,alpha,1.6401274770795506,1.6401293588169814,1.14731169196381e-06
coarse,1.1080671685326706,2.177534178714179,beta,-0.00010493000707835398,-0.00010486347390949097,6.653316886300476e-08
coarse,1.1080671685326706,2.177534178714179,gamma_ll,4.843920838255461,4.84393557953901,3.0432544297755013e-06
coarse,1.1080671685326706,2.177534178714179,gamma_omega,8.865441899967486,8.865441870757543,3.2948095806706763e-09
coarse,1.4166609142265343,-3.856540030239247,alpha,1.0000139085184867,1.0000139084372126,8.127296817570916e-11
coarse,1.4166609142265343,-3.856540030239247,beta,4.440669215647226e-121,6.40662643893062e-52,6.40662643893062e-52
coarse,1.4166609142265343,-3.856540030239247,gamma_ll,1.0000504657522253,1.0000504654573275,2.9488300239760947e-10
coarse,1.4166609142265343,-3.856540030239247,gamma_omega,17.985666892775395,17.985666885543658,4.020833383680807e-10
coarse,0.9525452140856108,-1.500638589837104,alpha,14.3382726361747,14.338272352822743,1.976193117530921e-08
coarse,0.9525452140856108,-1.500638589837104,beta,1.5060542425821608e-49,7.354822204694822e-21,7.354822204694822e-21
coarse,0.9525452140856108,-1.500638589837104,gamma_ll,653.2509619232519,653.2509502208917,1.791403441194544e-08
coarse,0.9525452140856108,-1.500638589837104,gamma_omega,6.709230062177958,6.709230097504662,5.265388710951245e-09
coarse,1.8944433823195106,0.9780837218785212,alpha,1.7088082364542805,1.7088076917291644,3.187748657247278e-07
coarse,1.8944433823195106,0.9780837218785212,beta,-0.0006670488239508556,-0.0006668791611862285,1.6966276462709266e-07
coarse,1.8944433823195106,0.9780837218785212,gamma_ll,4.991184409711587,4.991184821269278,8.245691949132722e-08
coarse,1.8944433823195106,0.9780837218785212,gamma_omega,4.740063680391353,4.7400636474881805,6.94150434456221e-09
coarse,-0.250261153897692,2.591685315099525,alpha,1.1720450493264016,1.1720448512312998,1.6901662780920923e-07
coarse,-0.250261153897692,2.591685315099525,beta,6.542137540273425e-17,-2.429621309300956e-15,2.4950426847036904e-15
coarse,-0.250261153897692,2.591685315099525,gamma_ll,1.7313812750452229,1.7313814315336487,9.03835729476266e-08
coarse,-0.250261153897692,2.591685315099525,gamma_omega,10.524496000693288,10.524496029683565,2.754552507204653e-09
coarse,2.2987122866241934,-3.778752120456724,alpha,1.0000007106875262,1.000000710657792,2.9734193958395123e-11
coarse,2.2987122866241934,-3.778752120456724,beta,0.0,3.245020184881887e-63,3.245020184881887e-63
coarse,2.2987122866241934,-3.778752120456724,gamma_ll,1.0000025786294056,1.0000025785215203,1.078849780887579e-10
coarse,2.2987122866241934,-3.778752120456724,gamma_omega,17.360509013266853,17.360509000838803,7.158804900810943e-10
coarse,2.1174971911751577,-1.4703282541131202,alpha,1.1611733594397986,1.1611733934840958,2.9318875499835746e-08
coarse,2.1174971911751577,-1.4703282541131202,beta,2.922703911181301e-139,2.503727030308381e-33,2.503727030308381e-33
coarse,2.1174971911751577,-1.4703282541131202,gamma_ll,1.6635252072684443,1.6635250454136092,9.729629246550177e-08
coarse,2.1174971911751577,-1.4703282541131202,gamma_omega,5.74688786084591,5.74688776538261,1.6611303837368764e-08
coarse,1.8213177303255508,-1.1296522653356282,alpha,1.9413758318264127,1.9413750705985846,3.9210739910641314e-07
coarse,1.8213177303255508,-1.1296522653356282,beta,9.031173579800318e-116,-2.5771866934825605e-25,2.5771866934825605e-25
coarse,1.8213177303255508,-1.1296522653356282,gamma_ll,6.963620282864038,6.9636208827146255,8.614062276543659e-08
coarse,1.8213177303255508,-1.1296522653356282,gamma_omega,5.204977488845782,5.204987701962902,1.9621827648445475e-06
coarse,-0.08255837879234851,-1.5967630276310132,alpha,54.33728156987746,54.33728064422435,1.7035322429663683e-08
coarse,-0.08255837879234851,-1.5967630276310132,beta,-2.3192186850320618e-07,-2.317740480615113e-07,1.4782044169487726e-10
coarse,-0.08255837879234851,-1.5967630276310132,gamma_ll,8580.869763988934,8580.868351888377,1.6456380248498805e-07
coarse,-0.08255837879234851,-1.5967630276310132,gamma_omega,6.9976718134701015,6.9976718084110425,7.229631632342357e-10
coarse,2.083099812020521,-0.1914948595185697,alpha,1.2676301767699265,1.2676301842803026,5.924737542888457e-09
coarse,2.083099812020521,-0.1914948595185697,beta,-4.4626235090779044e-18,-4.184723598887896e-18,2.7789991019000853e-19
coarse,2.083099812020521,-0.1914948595185697,gamma_ll,2.2317372613313236,2.231737378759061,5.2617187222865324e-08
coarse,2.083099812020521,-0.1914948595185697,gamma_omega,3.542211090401161,3.542211120744694,8.56626886457958e-09
coarse,1.0598403578997346,1.008970311622953,alpha,7.407399891770213,7.407352084229653,6.4540245239389255e-06
coarse,1.0598403578997346,1.008970311622953,beta,-0.21340093740364477,-0.21340164983734614,7.124337013664217e-07
coarse,1.0598403578997346,1.008970311622953,gamma_ll,12.418637830490255,12.418456457901001,1.460486985198236e-05
coarse,1.0598403578997346,1.008970311622953,gamma_omega,5.3308222716515,5.330822261750679,1.8572783152914534e-09
coarse,0.4129357529079245,4.191192828568706,alpha,1.0000026383725282,1.0000026382949612,7.756685923279561e-11
coarse,0.4129357529079245,4.191192828568706,beta,2.9528292598704766e-67,9.925101578637519e-36,9.925101578637519e-36
coarse,0.4129357529079245,4.191192828568706,gamma_ll,1.0000095729805885,1.000009572699151,2.8143484576927306e-10
coarse,0.4129357529079245,4.191192828568706,gamma_omega,20.650599257334378,20.650599247167204,4.92342795618807e-10
coarse,2.325843128684005,5.887855171621851,alpha,1.0000000000000007,1.0000000000000007,0.0
coarse,2.325843128684005,5.887855171621851,beta,0.0,9.633665871533662e-36,9.633665871533662e-36
coarse,2.325843128684005,5.887855171621851,gamma_ll,1.0000000000000022,1.0000000000000027,4.4408920985006163e-16
coarse,2.325843128684005,5.887855171621851,gamma_omega,37.72934803793026,37.729348037523174,1.0789588618452264e-11
coarse,0.21601631859521842,-0.3241270840152044,alpha,219.6840235993815,219.96122911258507,0.0012618373819895264
coarse,0.21601631859521842,-0.3241270840152044,beta,-0.11299650024123188,-0.11294923811834755,4.726212288433396e-05
coarse,0.21601631859521842,-0.3241270840152044,gamma_ll,38047.168631103516,38144.959494635805,0.002570253373659592
coarse,0.21601631859521842,-0.3241270840152044,gamma_omega,4.306276360096999,4.3062764277330485,1.5706388534792935e-08
coarse,1.7839446648453094,2.516817553064616,alpha,1.0331888584755804,1.033186292760625,2.4832971574705033e-06
coarse,1.7839446648453094,2.516817553064616,beta,-0.00513447852555034,-0.005134351087103787,1.274384465524414e-07
coarse,1.7839446648453094,2.516817553064616,gamma_ll,1.1119672295452048,1.1119674399106876,1.8918316765253026e-07
coarse,1.7839446648453094,2.516817553064616,gamma_omega,9.938443719292854,9.938443750139864,3.10380690887882e-09
coarse,-1.4894608571707568,5.172492483542641,alpha,1.000000000296943,1.0000000002968987,4.418687636696025e-14
coarse,-1.4894608571707568,5.172492483542641,beta,0.0,7.704424162342982e-60,7.704424162342982e-60
coarse,-1.4894608571707568,5.172492483542641,gamma_ll,1.0000000010774146,1.0000000010772543,1.603162045831456e-13
coarse,-1.4894608571707568,5.172492483542641,gamma_omega,29.817931419240004,29.81793141819957,3.489288047820314e-11
coarse,1.1035942328824317,-0.19219388975596274,alpha,20.88365242345975,20.883650495806652,9.230440439199364e-08
coarse,1.1035942328824317,-0.19219388975596274,beta,-3.781687892157207e-06,-3.778971908323804e-06,2.71598383340297e-09
coarse,1.1035942328824317,-0.19219388975596274,gamma_ll,1485.794091475269,1485.7941115110746,1.3484914049665794e-08
coarse,1.1035942328824317,-0.19219388975596274,gamma_omega,4.1629669351845955,4.16296695997571,5.9551553794876315e-09
coarse,1.976512716835697,4.544127591788834,alpha,1.0000000087605838,1.0000000087603673,2.1649348790529617e-13
coarse,1.976512716835697,4.544127591788834,beta,0.0,1.304027163248329e-23,1.304027163248329e-23
coarse,1.976512716835697,4.544127591788834,gamma_ll,1.0000000317865203,1.0000000317857347,7.855937872534679e-13
coarse,1.976512716835697,4.544127591788834,gamma_omega,23.71535315090305,23.71535314953525,5.767564625112014e-11
coarse,-0.9866361154629786,2.8640705475300194,alpha,1.037106571713623,1.037106337102021,2.2621744796773038e-07
coarse,-0.9866361154629786,2.8640705475300194,beta,7.2375896754912175e-28,6.493401282470546e-23,6.493328906573792e-23
coarse,-0.9866361154629786,2.8640705475300194,gamma_ll,1.139568285948552,1.1395675244890007,6.682000199565844e-07
coarse,-0.9866361154629786,2.8640705475300194,gamma_omega,11.768727379092807,11.768727435026063,4.7527021781666155e-09
coarse,2.036087169790485,5.304700688851284,alpha,1.0000000000036273,1.0000000000036273,0.0
coarse,2.036087169790485,5.304700688851284,beta,0.0,3.40385784288837e-32,3.40385784288837e-32
coarse,2.036087169790485,5.304700688851284,gamma_ll,1.0000000000131615,1.0000000000131615,0.0
coarse,2.036087169790485,5.304700688851284,gamma_omega,31.202559780905112,31.202559781045025,4.484022178979791e-12
coarse,-0.31169495195083186,-4.665116703244065,alpha,1.000000044621175,1.0000000446184507,2.7242651362652977e-12
coarse,-0.31169495195083186,-4.665116703244065,beta,0.0,-9.603894726644064e-38,9.603894726644064e-38
coarse,-0.31169495195083186,-4.665116703244065,gamma_ll,1.0000001619015308,1.0000001618916463,9.884536032521178e-12
coarse,-0.31169495195083186,-4.665116703244065,gamma_omega,24.83061822419491,24.830618217636353,2.6413189078927536e-10
coarse,1.611269017371523,1.9284317676643825,alpha,2.64079289678466,2.6405757835082784,8.221518493407475e-05
coarse,1.611269017371523,1.9284317676643825,beta,-0.13067406687559222,-0.13067826039540376,4.193519811540591e-06
coarse,1.611269017371523,1.9284317676643825,gamma_ll,2.895612603158584,2.895191097649092,0.00014556695499668736
coarse,1.611269017371523,1.9284317676643825,gamma_omega,7.770170970021443,7.770170879628586,1.1633316320068448e-08
coarse,0.010171806470355094,-0.5075475659917732,alpha,246.55748656849647,246.64941512470983,0.00037284836689727586
coarse,0.010171806470355094,-0.5075475659917732,beta,-0.23088276637656371,-0.2308624628617976,2.0303514766117914e-05
coarse,0.010171806470355094,-0.5075475659917732,gamma_ll,39604.1878463023,39633.73403881952,0.0007460370764800054
coarse,0.010171806470355094,-0.5075475659917732,gamma_omega,4.495268087557205,4.495268095678841,1.8067077758505604e-09
coarse,2.62693719903319,-5.7654356689599355,alpha,1.0,1.0,0.0
coarse,2.62693719903319,-5.7654356689599355,beta,0.0,6.631263726963609e-90,6.631263726963609e-90
coarse,2.62693719903319,-5.7654356689599355,gamma_ll,1.0,1.0,0.0
coarse,2.62693719903319,-5.7654356689599355,gamma_omega,36.30275560376732,36.30275560515708,3.828262413180757e-11
coarse,2.956029850809662,-0.48888680816770247,alpha,1.0,0.9999999999999998,2.220446049250313e-16
coarse,2.956029850809662,-0.48888680816770247,beta,0.0,-1.1639777779708566e-34,1.1639777779708566e-34
coarse,2.956029850809662,-0.48888680816770247,gamma_ll,1.0,0.9999999999999991,8.881784197001252e-16
coarse,2.956029850809662,-0.48888680816770247,gamma_omega,3.341560978643645,3.341560989042892,3.1120924811740634e-09
coarse,1.5340601463014525,1.6512843180401413,alpha,3.768954859112629,3.768964183670426,2.4740433742428587e-06
coarse,1.5340601463014525,1.6512843180401413,beta,-0.19105175987827938,-0.19105163661025257,1.2326802681372762e-07
coarse,1.5340601463014525,1.6512843180401413,gamma_ll,3.9477163741497523,3.947717658596392,3.253644684623874e-07
coarse,1.5340601463014525,1.6512843180401413,gamma_omega,6.9058418950919656,6.9058418829791774,1.753991517598392e-09
coarse,2.491695142334649,-2.6134227472724656,alpha,1.0000633579185372,1.0000633582217082,3.031518367556681e-10
coarse,2.491695142334649,-2.6134227472724656,beta,0.0,2.3961892385304836e-52,2.3961892385304836e-52
coarse,2.491695142334649,-2.6134227472724656,gamma_ll,1.0002298994395116,1.0002299005496855,1.109918783061339e-09
coarse,2.491695142334649,-2.6134227472724656,gamma_omega,10.006932812768218,10.006932819873285,7.100144360015073e-10
coarse,-0.9545620818940175,2.5422314374782733,alpha,1.2258359158721446,1.225835775426122,1.1457163293313576e-07
coarse,-0.9545620818940175,2.5422314374782733,beta,7.476515343422611e-20,1.9952290070859875e-18,1.9204638536517615e-18
coarse,-0.9545620818940175,2.5422314374782733,gamma_ll,2.0047036835928447,2.0047042649265796,2.8998486892896283e-07
coarse,-0.9545620818940175,2.5422314374782733,gamma_omega,10.317660288696374,10.317660311329744,2.193653415586551e-09
coarse,0.0888187114799528,1.4733847489028822,alpha,87.43171381721518,87.43177189067129,6.642150035404302e-07
coarse,0.0888187114799528,1.4733847489028822,beta,-2.6463887303946295e-07,-2.6407204441953014e-07,5.668286199328187e-10
coarse,0.0888187114799528,1.4733847489028822,gamma_ll,18740.42344930712,18740.38431753847,2.0880941540049832e-06
coarse,0.0888187114799528,1.4733847489028822,gamma_omega,6.623658208410265,6.623658127625493,1.2196398005321882e-08
coarse,1.178225198264884,0.015669472015882313,alpha,15.782669653430457,15.782670793268068,7.222083690487513e-08
coarse,1.178225198264884,0.015669472015882313,beta,-4.4045368198331094e-05,-4.400920027300483e-05,3.6167925326263727e-08
coarse,1.178225198264884,0.015669472015882313,gamma_ll,857.7613034466201,857.7613318934892,3.316408540359149e-08
coarse,1.178225198264884,0.015669472015882313,gamma_omega,4.101502468786034,4.101502536156282,1.6425748505490397e-08
coarse,-1.2215206017290823,-1.8837418061791702,alpha,11.063445873097224,11.065514547981676,0.000186982872079864
coarse,-1.2215206017290823,-1.8837418061791702,beta,-0.31991097722952205,-0.3198886109340045,2.236629551755076e-05
coarse,-1.2215206017290823,-1.8837418061791702,gamma_ll,418.578129706121,418.7269578721098,0.00035555647900973583
coarse,-1.2215206017290823,-1.8837418061791702,gamma_omega,7.916563521616825,7.916563446104609,9.538509459242174e-09
coarse,0.007807113408823785,3.923955518168345,alpha,1.0000261351083177,1.0000261338375147,1.270769806665136e-09
coarse,0.007807113408823785,3.923955518168345,beta,4.206743063061168e-51,1.1364706187549566e-35,1.1364706187549562e-35
coarse,0.007807113408823785,3.923955518168345,gamma_ll,1.000094829925439,1.0000948253148225,4.610179372245647e-09
coarse,0.007807113408823785,3.923955518168345,gamma_omega,18.5076732283874,18.507673189136323,2.1208001984314795e-09
coarse,0.6934835005349278,3.582482920044182,alpha,1.000259687961597,1.0002596802351789,7.72441223505935e-09
coarse,0.6934835005349278,3.582482920044182,beta,1.2803862928019219e-64,1.270010453845434e-25,1.270010453845434e-25
coarse,0.6934835005349278,3.582482920044182,gamma_ll,1.0009424812831706,1.0009424532746567,2.7982141308125034e-08
coarse,0.6934835005349278,3.582482920044182,gamma_omega,16.01130223554357,16.011302202957154,2.0352134161760813e-09
coarse,2.5428990943624443,1.8739215379672638,alpha,1.0001668879091143,1.000166895616423,7.706022527151004e-09
coarse,2.5428990943624443,1.8739215379672638,beta,-0.0001461534732011553,-0.00014616487391859212,1.1400717436809349e-08
coarse,2.5428990943624443,1.8739215379672638,gamma_ll,1.000605283336597,1.0006053123015157,2.8947397308530082e-08
coarse,2.5428990943624443,1.8739215379672638,gamma_omega,6.744310533450785,6.7443105005038655,4.8851427726509005e-09
coarse,2.6944587849729587,1.9610774869226262,alpha,1.0000000000052685,1.0000000000647231,5.945466341441315e-11
coarse,2.6944587849729587,1.9610774869226262,beta,-2.662506390810058e-05,-2.6625737660423975e-05,6.737523233958263e-10
coarse,2.6944587849729587,1.9610774869226262,gamma_ll,1.0,1.000000000215647,2.156470557679313e-10
coarse,2.6944587849729587,1.9610774869226262,gamma_omega,7.013641400279339,7.013641385881361,2.0528534464918355e-09
coarse,2.0067035375352225,-3.469312706294479,alpha,1.0000438503992608,1.000043849347699,1.051515617204184e-09
coarse,2.0067035375352225,-3.469312706294479,beta,8.896845190575662e-160,7.400149691465417e-55,7.400149691465417e-55
coarse,2.0067035375352225,-3.469312706294479,gamma_ll,1.0001591117411603,1.000159107926143,3.814410495593641e-09
coarse,2.0067035375352225,-3.469312706294479,gamma_omega,15.173527816951749,15.173527800791007,1.0650616173670415e-09
coarse,1.0896188890166867,-0.026671225685040767,alpha,22.130003964464233,22.13000842615869,2.0161290810590292e-07
coarse,1.0896188890166867,-0.026671225685040767,beta,-8.849372930234335e-05,-8.842481943242112e-05,6.890986992223042e-08
coarse,1.0896188890166867,-0.026671225685040767,gamma_ll,1664.168205093569,1664.1682802635435,4.516969753993299e-08
coarse,1.0896188890166867,-0.026671225685040767,gamma_omega,4.1210065936550215,4.121006686654841,2.2567258092772358e-08
coarse,2.352261936369721,-5.487354406043993,alpha,1.0000000000000506,1.0000000000000504,2.2204460492502007e-16
coarse,2.352261936369721,-5.487354406043993,beta,0.0,-3.5036288309116844e-83,3.5036288309116844e-83
coarse,2.352261936369721,-5.487354406043993,gamma_ll,1.0000000000001834,1.0000000000001834,0.0
coarse,2.352261936369721,-5.487354406043993,gamma_omega,33.173608637594995,33.173608638549666,2.8778027116128863e-11
coarse,2.167378784898366,3.4515940793018984,alpha,1.000021063586564,1.0000210635907203,4.1561433717010535e-12
coarse,2.167378784898366,3.4515940793018984,beta,-6.064094479360194e-08,-6.064562672373868e-08,4.681930136739307e-12
coarse,2.167378784898366,3.4515940793018984,gamma_ll,1.000076427782056,1.0000764277971297,1.50725680869919e-11
coarse,2.167378784898366,3.4515940793018984,gamma_omega,15.033400437773423,15.033400439026664,8.336377865183543e-11
coarse,1.7176084040565485,3.7212970488229278,alpha,1.000019648342709,1.0000196476402219,7.024733771003677e-10
coarse,1.7176084040565485,3.7212970488229278,beta,-7.6514493736034e-15,-7.603559947572085e-15,4.7889426031315116e-17
coarse,1.7176084040565485,3.7212970488229278,gamma_ll,1.0000712925677122,1.0000712900189623,2.548568183847797e-09
coarse,1.7176084040565485,3.7212970488229278,gamma_omega,16.969538538845203,16.969538507534313,1.8451232370973501e-09
coarse,0.3040643578140947,3.0790975481558327,alpha,1.0092880575965775,1.0092879125122058,1.437492205874666e-07
coarse,0.3040643578140947,3.0790975481558327,beta,4.029060276420655e-40,7.177586847489648e-24,7.177586847489648e-24
coarse,0.3040643578140947,3.0790975481558327,gamma_ll,1.0340086850731227,1.0340081769003289,4.914589221356747e-07
coarse,0.3040643578140947,3.0790975481558327,gamma_omega,12.887357913315833,12.88735795386323,3.1462924227133256e-09
coarse,-0.6964079513205648,0.14556213065944412,alpha,448.7907965096923,448.79067302329133,2.751535948166177e-07
coarse,-0.6964079513205648,0.14556213065944412,beta,-0.006804658121560855,-0.006804407311962298,2.508095985568476e-07
coarse,-0.6964079513205648,0.14556213065944412,gamma_ll,393264.8804104235,393265.74318054155,2.193865155596213e-06
coarse,-0.6964079513205648,0.14556213065944412,gamma_omega,4.205559424276827,4.2055594341073546,2.337507691935931e-09
coarse,0.008740044187423246,-2.8296477617426903,alpha,1.044357291583901,1.0443568830513361,3.91180842208497e-07
coarse,0.008740044187423246,-2.8296477617426903,beta,2.0112326757791654e-27,-5.891549601550133e-23,5.891750724817711e-23
coarse,0.008740044187423246,-2.8296477617426903,gamma_ll,1.1679966923499834,1.1679954826689152,1.0356887790238499e-06
coarse,0.008740044187423246,-2.8296477617426903,gamma_omega,11.600508397473874,11.600508488581877,7.853793971617796e-09
coarse,0.7753141854437224,-1.7926425433396034,alpha,7.864640748420096,7.864636818538241,4.996899389562846e-07
coarse,0.7753141854437224,-1.7926425433396034,beta,1.2483288053860479e-37,-5.780637441713792e-21,5.780637441713792e-21
coarse,0.7753141854437224,-1.7926425433396034,gamma_ll,205.41787492085334,205.41769861413104,8.582832548687613e-07
coarse,0.7753141854437224,-1.7926425433396034,gamma_omega,7.594228387983624,7.5942282299906365,2.0804350292081244e-08
coarse,2.197939162270024,3.2521305101967464,alpha,1.0000658362575596,1.000065836252893,4.666404243117756e-12
coarse,2.197939162270024,3.2521305101967464,beta,-3.4908746943430236e-06,-3.4909573287292288e-06,8.263438620521223e-11
coarse,2.197939162270024,3.2521305101967464,gamma_ll,1.0002388924671841,1.000238892449882,1.7298027336540445e-11
coarse,2.197939162270024,3.2521305101967464,gamma_omega,13.721826656952544,13.721826656900863,3.7663590407859515e-12
coarse,0.6854617072200275,2.3297884220353318,alpha,1.5008327553462233,1.5008337128102542,6.379551802409553e-07
coarse,0.6854617072200275,2.3297884220353318,beta,-4.739943713105035e-10,-4.717644103201154e-10,2.229960990388134e-12
coarse,0.6854617072200275,2.3297884220353318,gamma_ll,3.742806355721946,3.74281689054346,2.8146851620315423e-06
coarse,0.6854617072200275,2.3297884220353318,gamma_omega,9.467727367526495,9.467727388655788,2.2317176076040413e-09
coarse,0.5633182784545578,0.8467456884873084,alpha,12.835072363967772,12.836635957690596,0.00012182196395044721
coarse,0.5633182784545578,0.8467456884873084,beta,-0.13380759943835022,-0.13380416215309884,3.437285251373101e-06
coarse,0.5633182784545578,0.8467456884873084,gamma_ll,48.829246251515706,48.84286446558536,0.00027889461982487986
coarse,0.5633182784545578,0.8467456884873084,gamma_omega,5.034113781090357,5.034113782428701,2.6585486866557864e-10
coarse,1.7838712505815542,-1.8177619313409856,alpha,1.4342561374387144,1.434255962491957,1.2197734612140972e-07
coarse,1.7838712505815542,-1.8177619313409856,beta,9.373843876997717e-112,7.474418556283673e-33,7.474418556283673e-33
coarse,1.7838712505815542,-1.8177619313409856,gamma_ll,3.2655030606260578,3.265501471814008,4.865443456725808e-07
coarse,1.7838712505815542,-1.8177619313409856,gamma_omega,7.296655173931782,7.296710355832312,7.562629617887442e-06
coarse,0.5845612461839269,3.150079204490117,alpha,1.0052035126962904,1.0052035127578356,6.122661987621871e-11
coarse,0.5845612461839269,3.150079204490117,beta,4.7776635788925965e-50,6.199623488811749e-25,6.199623488811749e-25
coarse,0.5845612461839269,3.150079204490117,gamma_ll,1.0189769293143847,1.0189769295206628,2.0243648288143097e-10
coarse,0.5845612461839269,3.150079204490117,gamma_omega,13.283937365005075,13.283937365231438,1.70403489704746e-11
coarse,1.776492818654424,0.6105563013451718,alpha,2.2148596014640725,2.2148599444496817,1.5485659182219558e-07
coarse,1.776492818654424,0.6105563013451718,beta,-2.540840418400541e-05,-2.5393430629271055e-05,1.4973554734354122e-08
coarse,1.776492818654424,0.6105563013451718,gamma_ll,10.713225596697178,10.713225850438189,2.3684837786252544e-08
coarse,1.776492818654424,0.6105563013451718,gamma_omega,4.210103252046175,4.210103256924989,1.1588347138595978e-09
coarse,1.0823590520456312,-5.550172651134857,alpha,1.000000000002599,1.0000000000025993,2.220446049244542e-16
coarse,1.0823590520456312,-5.550172651134857,beta,0.0,-3.842508207278162e-69,3.842508207278162e-69
coarse,1.0823590520456312,-5.550172651134857,gamma_ll,1.0000000000094307,1.0000000000094307,0.0
coarse,1.0823590520456312,-5.550172651134857,gamma_omega,33.867072877009186,33.86707287701076,4.657635689732876e-14
coarse,-1.0390785661423938,1.9945301022354727,alpha,6.194604094547237,6.194605312902665,1.966801121597654e-07
coarse,-1.0390785661423938,1.9945301022354727,beta,3.1041097804594235e-13,-4.773073237062008e-12,5.08348421510795e-12
coarse,-1.0390785661423938,1.9945301022354727,gamma_ll,123.90314099895677,123.90314856640549,6.107551962123599e-08
coarse,-1.0390785661423938,1.9945301022354727,gamma_omega,8.287510228149452,8.287510213583174,1.7576182048372323e-09
coarse,1.0636470949287702,5.049126013146779,alpha,1.0000000005507061,1.0000000005507044,1.7763568384219998e-15
coarse,1.0636470949287702,5.049126013146779,beta,0.0,3.490960307627889e-39,3.490960307627889e-39
coarse,1.0636470949287702,5.049126013146779,gamma_ll,1.0000000019981576,1.000000001998151,6.661338134440536e-15
coarse,1.0636470949287702,5.049126013146779,gamma_omega,28.55732897101811,28.55732897098642,1.1097048343373365e-12
coarse,-0.6381317240747452,-3.6984532136495165,alpha,1.000149906718593,1.0001499065188482,1.9971494868440408e-10
coarse,-0.6381317240747452,-3.6984532136495165,beta,1.6047499112890306e-35,-7.639264924222928e-24,7.639264924238975e-24
coarse,-0.6381317240747452,-3.6984532136495165,gamma_ll,1.000543995240896,1.0005439945169254,7.235770387328441e-10
coarse,-0.6381317240747452,-3.6984532136495165,gamma_omega,16.828033146866183,16.828033146210508,3.896323592794972e-11
coarse,0.5949510258027213,-5.63205956534446,alpha,1.0000000000016072,1.0000000000016067,4.440892098493489e-16
coarse,0.5949510258027213,-5.63205956534446,beta,0.0,2.3296851997116595e-63,2.3296851997116595e-63
coarse,0.5949510258027213,-5.63205956534446,gamma_ll,1.0000000000058313,1.00000000000583,1.332267629542419e-15
coarse,0.5949510258027213,-5.63205956534446,gamma_omega,34.782709627927964,34.782709629064335,3.267057136884775e-11
coarse,0.7942642430296538,5.805929820388874,alpha,1.0000000000001887,1.0000000000001887,0.0
coarse,0.7942642430296538,5.805929820388874,beta,0.0,-2.8242758628655697e-50,2.8242758628655697e-50
coarse,0.7942642430296538,5.805929820388874,gamma_ll,1.0000000000006848,1.0000000000006857,8.88178419699517e-16
coarse,0.7942642430296538,5.805929820388874,gamma_omega,36.77137445859754,36.771374458999595,1.0933872000220832e-11
coarse,2.509389029844362,3.2248375254498836,alpha,1.0000010619918438,1.000001061985496,6.347804424280271e-12
coarse,2.509389029844362,3.2248375254498836,beta,-4.047047294520859e-05,-4.0470377482361494e-05,9.546284709314968e-11
coarse,2.509389029844362,3.2248375254498836,gamma_ll,1.000003851658666,1.0000038516355032,2.3162715792484555e-11
coarse,2.509389029844362,3.2248375254498836,gamma_omega,13.501850085865586,13.501850083222525,1.9575546050801992e-10
coarse,1.1749887078615973,-5.621984210909085,alpha,1.0000000000010298,1.0000000000010296,2.2204460492480264e-16
coarse,1.1749887078615973,-5.621984210909085,beta,0.0,5.533013242194172e-69,5.533013242194172e-69
coarse,1.1749887078615973,-5.621984210909085,gamma_ll,1.0000000000037366,1.0000000000037357,8.881784196968065e-16
coarse,1.1749887078615973,-5.621984210909085,gamma_omega,34.66932003582473,34.6693200371754,3.8958672538448705e-11
coarse,0.5261595270803294,4.2869610858805025,alpha,1.0000011032802911,1.0000011032229599,5.733118760545896e-11
coarse,0.5261595270803294,4.2869610858805025,beta,1.2131620157208126e-72,7.714028813631267e-36,7.714028813631267e-36
coarse,0.5261595270803294,4.2869610858805025,gamma_ll,1.0000040030984025,1.0000040028903863,2.0801543816880945e-10
coarse,0.5261595270803294,4.2869610858805025,gamma_omega,21.456924834758002,21.456924820026654,6.865545132341185e-10
coarse,2.245533293695561,0.41984503518152927,alpha,1.0868839182439687,1.0868839220264797,3.4801425502897576e-09
coarse,2.245533293695561,0.41984503518152927,beta,-1.0484835825443002e-12,-1.0419170882566178e-12,6.5664942876823795e-15
coarse,2.245533293695561,0.41984503518152927,gamma_ll,1.3415048242721976,1.3415048875324413,4.7156180555952854e-08
coarse,2.245533293695561,0.41984503518152927,gamma_omega,3.5566143634179626,3.5566144051096313,1.1722291067822336e-08
coarse,2.8447453672314715,1.2488752829798244,alpha,1.0,1.000000000000057,5.706546346573305e-14
coarse,2.8447453672314715,1.2488752829798244,beta,-4.1191430528362705e-12,-4.11774466208305e-12,1.3983907532204206e-15
coarse,2.8447453672314715,1.2488752829798244,gamma_ll,1.0,1.0000000000001972,1.971756091734278e-13
coarse,2.8447453672314715,1.2488752829798244,gamma_omega,4.690424328866098,4.690424327522923,2.863654233703916e-10
coarse,-0.6149347780362208,2.722253242143495,alpha,1.083479046465401,1.083478475144031,5.273026477574659e-07
coarse,-0.6149347780362208,2.722253242143495,beta,2.1407693287899886e-14,1.1075569693502343e-11,1.1054162000214444e-11
coarse,-0.6149347780362208,2.722253242143495,gamma_ll,1.3279500310399237,1.3279486391103728,1.048179162180852e-06
coarse,-0.6149347780362208,2.722253242143495,gamma_omega,11.098246124592242,11.098246227854219,9.304350938688764e-09
coarse,2.650501452189925,-4.580237543379638,alpha,1.0,1.0,0.0
coarse,2.650501452189925,-4.580237543379638,beta,0.0,-3.2273892322549933e-77,3.2273892322549933e-77
coarse,2.650501452189925,-4.580237543379638,gamma_ll,1.0,1.0,0.0
coarse,2.650501452189925,-4.580237543379638,gamma_omega,24.04173383299207,24.041733832526553,1.9362814232977204e-11
coarse,0.23230977406831643,-2.6656699358299414,alpha,1.1064964245975888,1.1064959800202439,4.017883248919243e-07
coarse,0.23230977406831643,-2.6656699358299414,beta,2.8063289983589586e-29,6.740256917428031e-24,6.740228854138048e-24
coarse,0.23230977406831643,-2.6656699358299414,gamma_ll,1.4272618963339552,1.4272609275899375,6.787429974549089e-07
coarse,0.23230977406831643,-2.6656699358299414,gamma_omega,10.84303904712583,10.843039125461052,7.224471148028976e-09
coarse,-0.103339365096482,1.4248074805763569,alpha,121.11071347403816,121.1109285636618,1.7759752004380866e-06
coarse,-0.103339365096482,1.4248074805763569,beta,-1.0855701575426547e-08,-1.0816220705205388e-08,3.9480870221159455e-11
coarse,-0.103339365096482,1.4248074805763569,gamma_ll,31816.631809665996,31816.58757164979,1.3904053851590273e-06
coarse,-0.103339365096482,1.4248074805763569,gamma_omega,6.482416051736827,6.482415974804243,1.1867887411882218e-08
coarse,2.0029109579756823,-3.7013381732968442,alpha,1.000008388896958,1.000008388899239,2.281045090942622e-12
coarse,2.0029109579756823,-3.7013381732968442,beta,1.825529166399278e-164,-1.1219555435797816e-58,1.1219555435797816e-58
coarse,2.0029109579756823,-3.7013381732968442,gamma_ll,1.0000304381588911,1.0000304381671659,8.27446238773532e-12
coarse,2.0029109579756823,-3.7013381732968442,gamma_omega,16.805315965565132,16.805315965398542,9.91295239280151e-12
coarse,2.9932670113503272,-0.6105059637923542,alpha,1.0,1.0000000000000002,2.220446049250313e-16
coarse,2.9932670113503272,-0.6105059637923542,beta,0.0,-1.1136116155811789e-37,1.1136116155811789e-37
coarse,2.9932670113503272,-0.6105059637923542,gamma_ll,1.0,1.0000000000000009,8.881784197001252e-16
coarse,2.9932670113503272,-0.6105059637923542,gamma_omega,3.4716782999300473,3.4716783291853,8.426832891594071e-09
coarse,1.7583786240099823,3.388877008617346,alpha,1.0001877293753738,1.0001877266731134,2.701753216988694e-09
coarse,1.7583786240099823,3.388877008617346,beta,-2.95935758206805e-10,-2.946778367221919e-10,1.2579214846131057e-12
coarse,1.7583786240099823,3.388877008617346,gamma_ll,1.0006812749200846,1.0006812651232768,9.790138033930131e-09
coarse,1.7583786240099823,3.388877008617346,gamma_omega,14.672768652277323,14.672768643089539,6.261793512160941e-10
coarse,2.853935831551347,5.670668848552564,alpha,1.0,1.0,0.0
coarse,2.853935831551347,5.670668848552564,beta,0.0,-1.7875557193467325e-28,1.7875557193467325e-28
coarse,2.853935831551347,5.670668848552564,gamma_ll,1.0,1.0,0.0
coarse,2.853935831551347,5.670668848552564,gamma_omega,35.21899057066337,35.21899057253025,5.3007765233656534e-11
coarse,0.6626132970104011,3.95454701390827,alpha,1.0000158789616898,1.0000158789229179,3.877125895243892e-11
coarse,0.6626132970104011,3.95454701390827,beta,5.8618911054773015e-71,-1.49163016758346e-30,1.49163016758346e-30
coarse,0.6626132970104011,3.95454701390827,gamma_ll,1.0000576154319356,1.0000576152912442,1.4068335295124206e-10
coarse,0.6626132970104011,3.95454701390827,gamma_omega,18.744355120656248,18.744355117040808,1.9288155651346965e-10
coarse,1.6291821087656264,-2.5096677147581974,alpha,1.0478445665824658,1.047844522264258,4.2294639094070966e-08
coarse,1.6291821087656264,-2.5096677147581974,beta,2.7589194511548968e-108,-6.697238629275216e-39,6.697238629275216e-39
coarse,1.6291821087656264,-2.5096677147581974,gamma_ll,1.1818046475236479,1.181804537269101,9.329337725714601e-08
coarse,1.6291821087656264,-2.5096677147581974,gamma_omega,9.992628320276355,9.992628342054777,2.1794488819987206e-09
coarse,-1.2870566955304403,1.7476527429337114,alpha,24.9886797547912,24.988676375259693,1.35242499378143e-07
coarse,-1.2870566955304403,1.7476527429337114,beta,4.161138596402127e-21,-1.3591059107271126e-17,1.3595220245867527e-17
coarse,-1.2870566955304403,1.7476527429337114,gamma_ll,2077.066740531381,2077.0663628144484,1.81851129440779e-07
coarse,-1.2870566955304403,1.7476527429337114,gamma_omega,7.47354215578631,7.473542152447664,4.467287043638184e-10
coarse,1.1232378912660783,-4.268973286582236,alpha,1.0000007575724932,1.0000007575288585,4.363461839124603e-11
coarse,1.1232378912660783,-4.268973286582236,beta,1.84619830750482e-108,6.0143780362509005e-53,6.0143780362509005e-53
coarse,1.1232378912660783,-4.268973286582236,gamma_ll,1.0000027487450203,1.0000027485866978,1.5832203106135627e-10
coarse,1.1232378912660783,-4.268973286582236,gamma_omega,21.30319408640614,21.30319406644434,9.370331624287822e-10
coarse,2.9701195739253476,4.831603940257393,alpha,1.0,1.0,0.0
coarse,2.9701195739253476,4.831603940257393,beta,-8.881510595296413e-17,-8.800458596595045e-17,8.105199870136731e-19
coarse,2.9701195739253476,4.831603940257393,gamma_ll,1.0,1.0,0.0
coarse,2.9701195739253476,4.831603940257393,gamma_omega,26.40699832079306,26.40699832166922,3.317906786228137e-11
coarse,-1.4644794832559311,4.476141435454863,alpha,1.000000252976681,1.0000002529543293,2.2351670411117033e-11
coarse,-1.4644794832559311,4.476141435454863,beta,0.0,-6.53953783656586e-52,6.53953783656586e-52
coarse,-1.4644794832559311,4.476141435454863,gamma_ll,1.0000009178897764,1.0000009178086766,8.109971910682032e-11
coarse,-1.4644794832559311,4.476141435454863,gamma_omega,23.10739009129275,23.10739007539365,6.880526376990264e-10
coarse,2.817241312036095,-5.960843109463749,alpha,1.0,1.0,0.0
coarse,2.817241312036095,-5.960843109463749,beta,0.0,1.4200891731302372e-94,1.4200891731302372e-94
coarse,2.817241312036095,-5.960843109463749,gamma_ll,1.0,1.0,0.0
coarse,2.817241312036095,-5.960843109463749,gamma_omega,38.59415224414308,38.59415223463179,2.4644379992026677e-10
coarse,0.6357967133219722,-1.1731582433962249,alpha,82.90314833231949,82.90302289999971,1.51299826725784e-06
coarse,0.6357967133219722,-1.1731582433962249,beta,-2.7610631348007613e-11,-2.7490491564492765e-11,1.20139783514848e-13
coarse,0.6357967133219722,-1.1731582433962249,gamma_ll,12583.232983621585,12583.237225858915,3.3713413201616854e-07
coarse,0.6357967133219722,-1.1731582433962249,gamma_omega,5.776647241078473,5.776647174970339,1.1444031688127374e-08
coarse,1.7587880673757055,-2.258578320364103,alpha,1.1062990077662818,1.1062990651617075,5.1880572379198925e-08
coarse,1.7587880673757055,-2.258578320364103,beta,3.0350849503758486e-113,-7.730832437982023e-38,7.730832437982023e-38
coarse,1.7587880673757055,-2.258578320364103,gamma_ll,1.4263920498627747,1.4263923920173431,2.3987414153673363e-07
coarse,1.7587880673757055,-2.258578320364103,gamma_omega,8.877202237036997,8.877202218338127,2.1063922515951927e-09
coarse,0.15352805227457678,3.6111587359317774,alpha,1.00027124611009,1.000271242515444,3.593671144943165e-09
coarse,0.15352805227457678,3.6111587359317774,beta,9.08563170804506e-48,1.0267292524006395e-31,1.0267292524006395e-31
coarse,0.15352805227457678,3.6111587359317774,gamma_ll,1.0009844402785322,1.000984427240016,1.3025693249570621e-08
coarse,0.15352805227457678,3.6111587359317774,gamma_omega,16.210970827167074,16.210970806944093,1.2474873244197932e-09
coarse,2.812333876986055,-5.327006214182923,alpha,1.0,1.0,0.0
coarse,2.812333876986055,-5.327006214182923,beta,0.0,-1.4503815890196672e-87,1.4503815890196672e-87
coarse,2.812333876986055,-5.327006214182923,gamma_ll,1.0,1.0,0.0
coarse,2.812333876986055,-5.327006214182923,gamma_omega,31.439520802825204,31.43952080453368,5.434164056933982e-11
coarse,-0.4612100505700525,1.865791988972136,alpha,12.69149052091735,12.691482784690699,6.095601331095725e-07
coarse,-0.4612100505700525,1.865791988972136,beta,0.009554279410150024,0.009552563040083815,1.7163700662091441e-06
coarse,-0.4612100505700525,1.865791988972136,gamma_ll,548.8028345509017,548.8023912501395,8.077596074159051e-07
coarse,-0.4612100505700525,1.865791988972136,gamma_omega,7.856978552570883,7.856978481570501,9.036601282179172e-09
coarse,2.5720272637167367,3.1862214397456867,alpha,1.0000000418066946,1.0000000418071584,4.638511602963066e-13
coarse,2.5720272637167367,3.1862214397456867,beta,-6.94204750592312e-05,-6.942440935195574e-05,3.934292724545592e-09
coarse,2.5720272637167367,3.1862214397456867,gamma_ll,1.0000001499690991,1.0000001499712987,2.1995735265193e-12
coarse,2.5720272637167367,3.1862214397456867,gamma_omega,13.250427262213687,13.250427260454842,1.3273877731423437e-10
coarse,0.7709380699312929,-0.8340995072989621,alpha,71.13425548850458,71.13432882166984,1.0309121077818497e-06
coarse,0.7709380699312929,-0.8340995072989621,beta,-4.389919679124663e-09,-4.37480606658856e-09,1.511361253610279e-11
coarse,0.7709380699312929,-0.8340995072989621,gamma_ll,10873.263272915883,10873.265749778178,2.277938308911126e-07
coarse,0.7709380699312929,-0.8340995072989621,gamma_omega,4.99750715479975,4.9975075546514605,8.001023279551347e-08
coarse,0.8973429323215738,-5.043404041849545,alpha,1.0000000006979328,1.0000000006979,3.286260150596874e-14
coarse,0.8973429323215738,-5.043404041849545,beta,0.0,-4.1500375539125185e-61,4.1500375539125185e-61
coarse,0.8973429323215738,-5.043404041849545,gamma_ll,1.000000002532349,1.00000000253223,1.1901590793842696e-13
coarse,0.8973429323215738,-5.043404041849545,gamma_omega,28.499626580628288,28.49962657996221,2.3371428024568495e-11
coarse,1.953963185817229,-2.9357473056198318,alpha,1.0016939212039266,1.0016939064612589,1.4717737066363083e-08
coarse,1.953963185817229,-2.9357473056198318,beta,8.501882275441931e-144,3.342552207975032e-48,3.342552207975032e-48
coarse,1.953963185817229,-2.9357473056198318,gamma_ll,1.0061563974341519,1.0061563443756556,5.273384575057563e-08
coarse,1.953963185817229,-2.9357473056198318,gamma_omega,11.919493689364149,11.91949371479273,2.1333607612148663e-09
coarse,-0.42399110480083246,3.0160734736689196,alpha,1.0150104454645112,1.0150102946444641,1.4858965027580535e-07
coarse,-0.42399110480083246,3.0160734736689196,beta,4.668048400275957e-23,5.5117568610714617e-17,5.5117521930230616e-17
coarse,-0.42399110480083246,3.0160734736689196,gamma_ll,1.055268863606218,1.0552683390341415,4.970980330556473e-07
coarse,-0.42399110480083246,3.0160734736689196,gamma_omega,12.54692111504902,12.546921154483638,3.1429716491996213e-09
coarse,-1.300780864111065,-4.234501897604488,alpha,1.0000020945992165,1.000002094477931,1.2128517210292906e-10
coarse,-1.300780864111065,-4.234501897604488,beta,8.79819359334792e-68,-4.539675606351187e-24,4.539675606351187e-24
coarse,-1.300780864111065,-4.234501897604488,gamma_ll,1.0000075999680467,1.0000075995279842,4.4005908650475107e-10
coarse,-1.300780864111065,-4.234501897604488,gamma_omega,21.01290167183781,21.01290165207173,9.40664009033332e-10
coarse,1.0361128988294817,4.28144409040757,alpha,1.0000007569122604,1.0000007568600298,5.223062470409521e-11
coarse,1.0361128988294817,4.28144409040757,beta,1.1116307485168095e-102,-3.945929417659878e-30,3.945929417659878e-30
coarse,1.0361128988294817,4.28144409040757,gamma_ll,1.0000027463494567,1.0000027461599454,1.895107750824163e-10
coarse,1.0361128988294817,4.28144409040757,gamma_omega,21.40940769908047,21.40940767861758,9.55789721652345e-10
coarse,2.9063495295109885,-2.034866900163727,alpha,1.0,0.9999999999999992,7.771561172376096e-16
coarse,2.9063495295109885,-2.034866900163727,beta,0.0,-1.6204694846076808e-51,1.6204694846076808e-51
coarse,2.9063495295109885,-2.034866900163727,gamma_ll,1.0,0.9999999999999973,2.6645352591003757e-15
coarse,2.9063495295109885,-2.034866900163727,gamma_omega,7.255833630293527,7.255833607978299,3.0754878108825182e-09
coarse,-0.07678543739208377,0.44086163407403767,alpha,259.28075626626526,259.10001321921686,0.0006970939519429014
coarse,-0.07678543739208377,0.44086163407403767,beta,-0.14243131818025836,-0.1424064273725503,2.489080770806673e-05
coarse,-0.07678543739208377,0.44086163407403767,gamma_ll,44479.24388943467,44425.48059834071,0.001208727630973241
coarse,-0.07678543739208377,0.44086163407403767,gamma_omega,4.418362479162444,4.41836249955958,4.616446847070304e-09
coarse,1.5002140302019034,-3.2733288645749514,alpha,1.0007689510115756,1.000768934780267,1.6218837028325906e-08
coarse,1.5002140302019034,-3.2733288645749514,beta,8.288327487539097e-115,1.8663569902378174e-46,1.8663569902378174e-46
coarse,1.5002140302019034,-3.2733288645749514,gamma_ll,1.0027921398366726,1.0027920810833115,5.8589770233709205e-08
coarse,1.5002140302019034,-3.2733288645749514,gamma_omega,13.973954203768415,13.973954199341499,3.1679764069173776e-10
coarse,-0.48103101949743676,5.115969759103368,alpha,1.000000000532484,1.0000000005324339,5.018208068633592e-14
coarse,-0.48103101949743676,5.115969759103368,beta,0.0,3.574802174703954e-40,3.574802174703954e-40
coarse,-0.48103101949743676,5.115969759103368,gamma_ll,1.0000000019320425,1.0000000019318604,1.82076575686746e-13
coarse,-0.48103101949743676,5.115969759103368,gamma_omega,29.236582347753842,29.236582346647452,3.7842646360159516e-11
coarse,0.21673696729420877,5.930879221049343,alpha,1.0000000000000593,1.000000000000059,2.2204460492501814e-16
coarse,0.21673696729420877,5.930879221049343,beta,0.0,-2.5638552645568763e-57,2.5638552645568763e-57
coarse,0.21673696729420877,5.930879221049343,gamma_ll,1.000000000000215,1.0000000000002145,4.4408920984996716e-16
coarse,0.21673696729420877,5.930879221049343,gamma_omega,38.23785930870397,38.237859316299215,1.986315979826753e-10
coarse,2.3288706752417543,3.6180850484106504,alpha,1.0000017361871947,1.000001736140594,4.6600642372782697e-11
coarse,2.3288706752417543,3.6180850484106504,beta,-1.6792503479539323e-08,-1.6772318373507806e-08,2.0185106031517096e-11
coarse,2.3288706752417543,3.6180850484106504,gamma_ll,1.0000062995165955,1.000006299347513,1.6908146062684563e-10
coarse,2.3288706752417543,3.6180850484106504,gamma_omega,16.179621975466485,16.179621965240056,6.32056144235937e-10
coarse,-0.8502032261276337,1.9658934934778678,alpha,7.212787467339897,7.212799275533829,1.6371193502445637e-06
coarse,-0.8502032261276337,1.9658934934778678,beta,5.119338662133108e-07,5.152321728139899e-07,3.2983066006790583e-09
coarse,-0.8502032261276337,1.9658934934778678,gamma_ll,171.83338333701747,171.8336228920894,1.3941125251133052e-06
coarse,-0.8502032261276337,1.9658934934778678,gamma_omega,8.190652976380383,8.190652914657473,7.535773964317645e-09
coarse,-0.3884682828397392,-1.3574909394899528,alpha,165.88058877563114,165.87823549231052,1.4186610609389397e-05
coarse,-0.3884682828397392,-1.3574909394899528,beta,-0.0047804617448876366,-0.004781003318711281,5.415738236445866e-07
coarse,-0.3884682828397392,-1.3574909394899528,gamma_ll,51936.76882434297,51935.476634283885,2.4880062590311083e-05
coarse,-0.3884682828397392,-1.3574909394899528,gamma_omega,6.290287948751173,6.290287929674545,3.0327114485809175e-09
coarse,-0.9926221298867668,-3.4328275697312742,alpha,1.0010048995866614,1.0010048754859517,2.40765151700562e-08
coarse,-0.9926221298867668,-3.4328275697312742,beta,2.219879924869681e-40,-7.891071084725153e-18,7.891071084725153e-18
coarse,-0.9926221298867668,-3.4328275697312742,gamma_ll,1.0036497400673747,1.0036496529439365,8.680661665465868e-08
coarse,-0.9926221298867668,-3.4328275697312742,gamma_omega,15.011941864385808,15.011941842612444,1.450402869480288e-09
coarse,-0.7859207160384687,-4.973373532337956,alpha,1.0000000022583646,1.0000000022580697,2.948752346745058e-13
coarse,-0.7859207160384687,-4.973373532337956,beta,0.0,1.3522413114534509e-37,1.3522413114534509e-37
coarse,-0.7859207160384687,-4.973373532337956,gamma_ll,1.0000000081941511,1.0000000081930809,1.0702549869688199e-12
coarse,-0.7859207160384687,-4.973373532337956,gamma_omega,27.79854507250772,27.7985450691148,1.2205385980113582e-10
coarse,1.4445947576210507,-2.5355027853821355,alpha,1.06341266592794,1.063412570248923,8.997355400881639e-08
coarse,1.4445947576210507,-2.5355027853821355,beta,1.3893016208941865e-94,-1.3494047142066364e-37,1.3494047142066364e-37
coarse,1.4445947576210507,-2.5355027853821355,gamma_ll,1.2445199085328413,1.2445198226766379,6.898740863151106e-08
coarse,1.4445947576210507,-2.5355027853821355,gamma_omega,10.177699047239955,10.177699092750697,4.471614028921686e-09
coarse,2.9498000961944024,5.9120666910561095,alpha,1.0,1.0,0.0
coarse,2.9498000961944024,5.9120666910561095,beta,0.0,1.4055823279213716e-30,1.4055823279213716e-30
coarse,2.9498000961944024,5.9120666910561095,gamma_ll,1.0,1.0,0.0
coarse,2.9498000961944024,5.9120666910561095,gamma_omega,38.015033927772045,38.01503393199418,1.110649359004692e-10
coarse,2.9154990854074363,1.2762103552865014,alpha,1.0,0.999999999999998,1.9984014443252818e-15
coarse,2.9154990854074363,1.2762103552865014,beta,-8.785265677671831e-13,-8.750240593846161e-13,3.5025083825670075e-15
coarse,2.9154990854074363,1.2762103552865014,gamma_ll,1.0,0.9999999999999931,6.8833827526759706e-15
coarse,2.9154990854074363,1.2762103552865014,gamma_omega,4.745939469076757,4.745939431026438,8.017447248898559e-09
coarse,-0.8037794079154549,-5.173912062428052,alpha,1.000000000292595,1.0000000002925495,4.551914399631274e-14
coarse,-0.8037794079154549,-5.173912062428052,beta,0.0,-5.884636126660114e-41,5.884636126660114e-41
coarse,-0.8037794079154549,-5.173912062428052,gamma_ll,1.0000000010616392,1.0000000010614736,1.6564527509821783e-13
coarse,-0.8037794079154549,-5.173912062428052,gamma_omega,29.832614766605356,29.832614765535254,3.587021243100472e-11
coarse,1.2880023308802429,0.972977590611066,alpha,8.934987026657122,8.932216420250588,0.0003100851068130081
coarse,1.2880023308802429,0.972977590611066,beta,-0.16371041974542921,-0.1637466402140402,3.622046861098682e-05
coarse,1.2880023308802429,0.972977590611066,gamma_ll,23.933551295812347,23.913833594031992,0.0008238519029896206
coarse,1.2880023308802429,0.972977590611066,gamma_omega,5.186049424527311,5.186049395957179,5.509035818829617e-09
coarse,0.9667095543112034,-1.4123026933970264,alpha,17.285878538328976,17.28588734174807,5.092838684972394e-07
coarse,0.9667095543112034,-1.4123026933970264,beta,1.5550461329771283e-50,1.6890907018643035e-18,1.6890907018643035e-18
coarse,0.9667095543112034,-1.4123026933970264,gamma_ll,890.9350224647031,890.9345476466293,5.329435501508878e-07
coarse,0.9667095543112034,-1.4123026933970264,gamma_omega,6.448727560144641,6.448727744057987,2.851932325727379e-08
coarse,2.1742244962631756,-3.212315219387084,alpha,1.0000999156656458,1.000099914729416,9.361362257101948e-10
coarse,2.1742244962631756,-3.212315219387084,beta,0.0,3.4429186974310535e-54,3.4429186974310535e-54
coarse,2.1742244962631756,-3.212315219387084,gamma_ll,1.0003625652892885,1.0003625618929777,3.3950798500538348e-09
coarse,2.1742244962631756,-3.212315219387084,gamma_omega,13.476244530484758,13.476244529032051,1.0779756899870594e-10
coarse,1.7971695061386574,5.321570161375925,alpha,1.0000000000075873,1.0000000000075862,1.110223024616733e-15
coarse,1.7971695061386574,5.321570161375925,beta,0.0,-2.2630039317862094e-33,2.2630039317862094e-33
coarse,1.7971695061386574,5.321570161375925,gamma_ll,1.0000000000275295,1.000000000027525,4.440892098378371e-15
coarse,1.7971695061386574,5.321570161375925,gamma_omega,31.38188636944536,31.38188637009542,2.0714426715006e-11
coarse,-0.9202672340994065,3.670202066390175,alpha,1.000184765357031,1.0001847594110391,5.944893510680484e-09
coarse,-0.9202672340994065,3.670202066390175,beta,3.638776657698302e-43,-3.886814181011251e-30,3.8868141810116146e-30
coarse,-0.9202672340994065,3.670202066390175,gamma_ll,1.0006705164626688,1.0006704948981258,2.155009334778059e-08
coarse,-0.9202672340994065,3.670202066390175,gamma_omega,16.626318598075876,16.626318558107105,2.4039459588059374e-09
coarse,-0.7488824199418053,-5.257704998228101,alpha,1.0000000001216274,1.0000000001216247,2.6645352587762955e-15
coarse,-0.7488824199418053,-5.257704998228101,beta,0.0,-4.4303794577282214e-42,4.4303794577282214e-42
coarse,-0.7488824199418053,-5.257704998228101,gamma_ll,1.0000000004413074,1.0000000004412972,1.0214051822043903e-14
coarse,-0.7488824199418053,-5.257704998228101,gamma_omega,30.706501266520952,30.70650126651475,2.0201057845521452e-13
coarse,0.006749875397398242,-2.9892420039587217,alpha,1.017304261084473,1.0173041391677773,1.1984290274958833e-07
coarse,0.006749875397398242,-2.9892420039587217,beta,7.794799937371405e-31,4.721331960723856e-25,4.721324165923918e-25
coarse,0.006749875397398242,-2.9892420039587217,gamma_ll,1.0638568893481537,1.063856483209701,3.817604197642e-07
coarse,0.006749875397398242,-2.9892420039587217,gamma_omega,12.404480566067134,12.404480599129679,2.665371155683659e-09
coarse,-0.6691345637894424,0.6080090409241805,alpha,432.15587867768676,432.1562316350584,8.167362497543801e-07
coarse,-0.6691345637894424,0.6080090409241805,beta,-4.530493839510536e-06,-4.529747973352032e-06,7.458661585035706e-10
coarse,-0.6691345637894424,0.6080090409241805,gamma_ll,320877.2745842602,320877.29305419454,5.756074304630193e-08
coarse,-0.6691345637894424,0.6080090409241805,gamma_omega,4.632935233860064,4.632935237958669,8.84667020808599e-10
coarse,0.9221038010461755,5.953879203232535,alpha,1.0000000000000293,1.000000000000029,2.220446049250248e-16
coarse,0.9221038010461755,5.953879203232535,beta,0.0,2.500155335078869e-50,2.500155335078869e-50
coarse,0.9221038010461755,5.953879203232535,gamma_ll,1.0000000000001061,1.0000000000001057,4.440892098500155e-16
coarse,0.9221038010461755,5.953879203232535,gamma_omega,38.511204792746334,38.511204789855114,7.507476651663954e-11
coarse,-0.8425324918355043,5.655346644036342,alpha,1.0000000000015574,1.0000000000015572,2.220446049246855e-16
coarse,-0.8425324918355043,5.655346644036342,beta,0.0,-5.111372027685034e-51,5.111372027685034e-51
coarse,-0.8425324918355043,5.655346644036342,gamma_ll,1.0000000000056515,1.0000000000056506,8.881784196951057e-16
coarse,-0.8425324918355043,5.655346644036342,gamma_omega,35.045550408209444,35.045550408436206,6.4705106939156274e-12
coarse,0.5189854843674926,-1.2639118431532932,alpha,91.38859892859635,91.38867939643205,8.805019077296611e-07
coarse,0.5189854843674926,-1.2639118431532932,beta,-5.6491737321661387e-11,-5.6414541837987675e-11,7.719548367371122e-14
coarse,0.5189854843674926,-1.2639118431532932,gamma_ll,16186.477749120611,16186.477394895366,2.1884022622861393e-08
coarse,0.5189854843674926,-1.2639118431532932,gamma_omega,6.020962232995669,6.020962193333342,6.587373449857276e-09
coarse,-0.02885729936293302,2.415316400651909,alpha,1.443081381153699,1.4430812778849884,7.156125222218735e-08
coarse,-0.02885729936293302,2.415316400651909,beta,1.2837172979843777e-17,2.5158695101434018e-17,1.2321522121590241e-17
coarse,-0.02885729936293302,2.415316400651909,gamma_ll,3.330018112904149,3.3300228252944613,1.415124528580883e-06
coarse,-0.02885729936293302,2.415316400651909,gamma_omega,9.807025854343468,9.807025898968389,4.550301111711939e-09
coarse,0.14585767533225824,-1.8603489114114549,alpha,11.624671716084343,11.624673132877367,1.21878110525338e-07
coarse,0.14585767533225824,-1.8603489114114549,beta,-6.461016797373572e-13,-6.460031874021069e-13,9.849233525024731e-17
coarse,0.14585767533225824,-1.8603489114114549,gamma_ll,462.6454304653585,462.6452679933783,3.511803414000879e-07
coarse,0.14585767533225824,-1.8603489114114549,gamma_omega,7.836485709488181,7.836485669246592,5.135157546351216e-09
coarse,2.096452133446751,3.04497886681024,alpha,1.0004523950808615,1.0004523938827286,1.197591141864168e-09
coarse,2.096452133446751,3.04497886681024,beta,-3.9129304630347685e-05,-3.9125137832658267e-05,4.166797689418372e-09
coarse,2.096452133446751,3.04497886681024,gamma_ll,1.0016421048569755,1.001642100660908,4.189188406837473e-09
coarse,2.096452133446751,3.04497886681024,gamma_omega,12.487713323397468,12.487713327110415,2.973279653872419e-10
coarse,-1.1275393650170762,-5.957280340792815,alpha,1.0000000000000462,1.0000000000000457,4.440892098500421e-16
coarse,-1.1275393650170762,-5.957280340792815,beta,0.0,-7.877003840363948e-45,7.877003840363948e-45
coarse,-1.1275393650170762,-5.957280340792815,gamma_ll,1.0000000000001679,1.0000000000001665,1.3322676295499642e-15
coarse,-1.1275393650170762,-5.957280340792815,gamma_omega,38.55171660336448,38.55171659773656,1.459837664497225e-10
coarse,0.79121563233074,-0.9714197820669828,alpha,64.44861998949747,64.44846469764586,2.409545024204807e-06
coarse,0.79121563233074,-0.9714197820669828,beta,-9.610122617579389e-11,-9.575743648696359e-11,3.4378968883030465e-13
coarse,0.79121563233074,-0.9714197820669828,gamma_ll,8062.383827636274,8062.3868682542725,3.771363486937229e-07
coarse,0.79121563233074,-0.9714197820669828,gamma_omega,5.282635421790772,5.282627417327854,1.5152404584361277e-06
coarse,2.7305357516539175,-1.7258139319705883,alpha,1.0,1.000000000013871,1.387090442506178e-11
coarse,2.7305357516539175,-1.7258139319705883,beta,0.0,-3.665266543407529e-45,3.665266543407529e-45
coarse,2.7305357516539175,-1.7258139319705883,gamma_ll,1.0,1.0000000000501763,5.0176307553329025e-11
coarse,2.7305357516539175,-1.7258139319705883,gamma_omega,6.140717636445866,6.140717598908903,6.112797411259671e-09
coarse,2.0116376584016438,1.4107058231530063,alpha,1.308893860457266,1.3088938256904459,2.6561985765117587e-08
coarse,2.0116376584016438,1.4107058231530063,beta,-0.008980182783353127,-0.008980413094834496,2.303114813688445e-07
coarse,2.0116376584016438,1.4107058231530063,gamma_ll,2.4157839307020708,2.415783982717456,2.153147252584209e-08
coarse,2.0116376584016438,1.4107058231530063,gamma_omega,5.692144282655983,5.692144260288925,3.929460749544495e-09
coarse,1.888236910636084,-0.6185048455988946,alpha,1.7323732121013593,1.7323735681335457,2.055170236484328e-07
coarse,1.888236910636084,-0.6185048455988946,beta,1.692386797481663e-131,1.1010304553165464e-20,1.1010304553165464e-20
coarse,1.888236910636084,-0.6185048455988946,gamma_ll,5.54422782784445,5.544227999533113,3.0967101031464837e-08
coarse,1.888236910636084,-0.6185048455988946,gamma_omega,4.113805755314639,4.113806001779274,5.991158774589045e-08
coarse,-0.21751104221951212,3.8678975319195654,alpha,1.0000412799161669,1.0000412784466435,1.4694627325631608e-09
coarse,-0.21751104221951212,3.8678975319195654,beta,3.559563428836084e-45,-2.5122837264216697e-30,2.5122837264216732e-30
coarse,-0.21751104221951212,3.8678975319195654,gamma_ll,1.0001497843310858,1.000149778999572,5.330715439387049e-09
coarse,-0.21751104221951212,3.8678975319195654,gamma_omega,18.078827907815402,18.07882787342981,1.9019813239509184e-09
coarse,1.603617020337997,5.091365941748903,alpha,1.0000000001425935,1.0000000001425835,9.992007220201614e-15
coarse,1.603617020337997,5.091365941748903,beta,0.0,9.663207785857981e-33,9.663207785857981e-33
coarse,1.603617020337997,5.091365941748903,gamma_ll,1.0000000005173795,1.0000000005173435,3.59712259792443e-14
coarse,1.603617020337997,5.091365941748903,gamma_omega,28.985318751352004,28.985318750825016,1.81812121975237e-11
coarse,0.696882822068603,2.3610021618190284,alpha,1.4215068758457405,1.4215069679141312,6.476816415982219e-08
coarse,0.696882822068603,2.3610021618190284,beta,-2.939313734103926e-10,-2.93829259395297e-10,1.021140150956299e-13
coarse,0.696882822068603,2.3610021618190284,gamma_ll,3.18236707275543,3.1823702403079097,9.953447881558092e-07
coarse,0.696882822068603,2.3610021618190284,gamma_omega,9.585822287429,9.585822309909785,2.3452119765303154e-09
coarse,-1.1106442754335568,-5.520010441798233,alpha,1.0000000000071123,1.0000000000071114,8.881784196938082e-16
coarse,-1.1106442754335568,-5.520010441798233,beta,0.0,2.047853525991367e-40,2.047853525991367e-40
coarse,-1.1106442754335568,-5.520010441798233,gamma_ll,1.000000000025806,1.000000000025803,3.108624468870217e-15
coarse,-1.1106442754335568,-5.520010441798233,gamma_omega,33.5332010946547,33.533201095618594,2.8744462865382966e-11
coarse,2.3333117180053833,-2.752960598789614,alpha,1.0004154536644945,1.000415453751681,8.715027335720037e-11
coarse,2.3333117180053833,-2.752960598789614,beta,0.0,6.937762880128851e-52,6.937762880128851e-52
coarse,2.3333117180053833,-2.752960598789614,gamma_ll,1.0015080303044583,1.0015080306283695,3.2342338787797765e-10
coarse,2.3333117180053833,-2.752960598789614,gamma_omega,10.78633544822736,10.786335455629391,6.862414972791004e-10
coarse,2.363666075782546,2.374615746937767,alpha,1.0019390751521082,1.0019390784579283,3.299422234467141e-09
coarse,2.363666075782546,2.374615746937767,beta,-0.002044141068698009,-0.002044139862207616,1.206490392834103e-09
coarse,2.363666075782546,2.374615746937767,gamma_ll,1.0070486609601803,1.007048673692946,1.2643644964008657e-08
coarse,2.363666075782546,2.374615746937767,gamma_omega,8.910426666823875,8.91042667345176,7.438346408339866e-10
coarse,2.8888007771118724,-3.9351157775379657,alpha,1.0,1.0,0.0
coarse,2.8888007771118724,-3.9351157775379657,beta,0.0,4.6870986169952464e-73,4.6870986169952464e-73
coarse,2.8888007771118724,-3.9351157775379657,gamma_ll,1.0,1.0,0.0
coarse,2.8888007771118724,-3.9351157775379657,gamma_omega,18.549911423037827,18.54991142077448,1.2201379377536523e-10
coarse,1.7133108006320765,-5.183579790011221,alpha,1.0000000000416114,1.0000000000416052,6.217248937642168e-15
coarse,1.7133108006320765,-5.183579790011221,beta,0.0,2.263043558041307e-70,2.263043558041307e-70
coarse,1.7133108006320765,-5.183579790011221,gamma_ll,1.0000000001509806,1.0000000001509588,2.1760371279367674e-14
coarse,1.7133108006320765,-5.183579790011221,gamma_omega,29.932520342753048,29.93252034245831,9.846704391477244e-12
coarse,1.5510969329447288,1.630343794421055,alpha,3.7025721562234297,3.7025594228471204,3.439062298342193e-06
coarse,1.5510969329447288,1.630343794421055,beta,-0.1852414825933519,-0.18524209356510152,6.109717496094458e-07
coarse,1.5510969329447288,1.630343794421055,gamma_ll,4.087719611798208,4.08768631421618,8.145759785582847e-06
coarse,1.5510969329447288,1.630343794421055,gamma_omega,6.827261366804801,6.827261291718085,1.0998072503421749e-08
coarse,-0.6901309388387189,3.480824580621725,alpha,1.000720030891022,1.0007200110729249,1.9803837788369296e-08
coarse,-0.6901309388387189,3.480824580621725,beta,6.799421840081557e-32,-4.137924937479397e-21,4.137924937547391e-21
coarse,-0.6901309388387189,3.480824580621725,gamma_ll,1.0026143800744736,1.0026143083467849,7.15406542165712e-08
coarse,-0.6901309388387189,3.480824580621725,gamma_omega,15.326486859756082,15.326486830734666,1.8935465541926283e-09
coarse,0.6443308714525804,4.08901231560629,alpha,1.0000054261774365,1.000005425989732,1.8770350008245862e-10
coarse,0.6443308714525804,4.08901231560629,beta,6.175607960946914e-73,-4.3035677443110034e-32,4.3035677443110034e-32
coarse,0.6443308714525804,4.08901231560629,gamma_ll,1.000019688210528,1.0000196875294833,6.81031145800445e-10
coarse,0.6443308714525804,4.08901231560629,gamma_omega,19.81212496836331,19.81212495228395,8.115919855986708e-10
coarse,0.53784842839555,5.566851145126121,alpha,1.0000000000034615,1.000000000003461,4.440892098485254e-16
coarse,0.53784842839555,5.566851145126121,beta,0.0,-2.0443386544979201e-50,2.0443386544979201e-50
coarse,0.53784842839555,5.566851145126121,gamma_ll,1.0000000000125597,1.0000000000125575,2.220446049222425e-15
coarse,0.53784842839555,5.566851145126121,gamma_omega,34.052483171679874,34.052483172658405,2.8735967037880685e-11
coarse,2.8019321205974386,-2.252263585401997,alpha,1.0,0.9999999999999721,2.786659791809143e-14
coarse,2.8019321205974386,-2.252263585401997,beta,0.0,1.728281001083967e-53,1.728281001083967e-53
coarse,2.8019321205974386,-2.252263585401997,gamma_ll,1.0,0.9999999999998987,1.0125233984581428e-13
coarse,2.8019321205974386,-2.252263585401997,gamma_omega,8.199678548810859,8.199678548274392,6.542535390049324e-11
coarse,0.8113914428271567,5.336798826710194,alpha,1.0000000000354397,1.0000000000354348,4.884981308177567e-15
coarse,0.8113914428271567,5.336798826710194,beta,0.0,-3.2537578272258086e-44,3.2537578272258086e-44
coarse,0.8113914428271567,5.336798826710194,gamma_ll,1.0000000001285874,1.0000000001285696,1.7763568391718336e-14
coarse,0.8113914428271567,5.336798826710194,gamma_omega,31.544308034362043,31.544308034372968,3.4632538302666497e-13
coarse,-1.427083164803685,-4.411789424728349,alpha,1.0000004493017867,1.0000004492872103,1.457633358573588e-11
coarse,-1.427083164803685,-4.411789424728349,beta,0.0,5.922772660573952e-24,5.922772660573952e-24
coarse,-1.427083164803685,-4.411789424728349,gamma_ll,1.0000016302277142,1.0000016301748258,5.28882741379531e-11
coarse,-1.427083164803685,-4.411789424728349,gamma_omega,22.537527774448506,22.537527765658655,3.900095304641292e-10
coarse,0.5013761356289406,0.031737939207623356,alpha,95.53661941272473,95.37240423307506,0.0017188715767746873
coarse,0.5013761356289406,0.031737939207623356,beta,-0.06680544660726587,-0.06680127594272747,4.17066453839432e-06
coarse,0.5013761356289406,0.031737939207623356,gamma_ll,6085.272811540643,6067.363027149892,0.002943135820761325
coarse,0.5013761356289406,0.031737939207623356,gamma_omega,4.171858648146153,4.171858727619992,1.904998365670276e-08
coarse,-0.55464850266679,-1.7206065773845722,alpha,30.534020205892404,30.537675862398945,0.00011972404818924885
coarse,-0.55464850266679,-1.7206065773845722,beta,0.12630667094569675,0.12663350112796437,0.00032683018226761784
coarse,-0.55464850266679,-1.7206065773845722,gamma_ll,2776.13977323117,2776.126070040678,4.9360592806084786e-06
coarse,-0.55464850266679,-1.7206065773845722,gamma_omega,7.386881195766472,7.386881102444806,1.2633432632424762e-08
coarse,1.9648670402524275,0.09885625035001411,alpha,1.5089446349512967,1.5089446308205527,2.7375053222101495e-09
coarse,1.9648670402524275,0.09885625035001411,beta,-1.9840617368813946e-12,-1.9828869160444807e-12,1.1748208369139188e-15
coarse,1.9648670402524275,0.09885625035001411,gamma_ll,3.802675296336197,3.8026753413547145,1.1838643547020853e-08
coarse,1.9648670402524275,0.09885625035001411,gamma_omega,3.6212661543195552,3.6212661507235406,9.930268707030818e-10
coarse,-0.6307202764060487,1.6959539709071212,alpha,37.12874046352607,36.910314980511025,0.005882921970639423
coarse,-0.6307202764060487,1.6959539709071212,beta,0.2819801526634076,0.2662467426212212,0.01573341004218637
coarse,-0.6307202764060487,1.6959539709071212,gamma_ll,3578.748639402522,3578.747220990264,3.9634307988153706e-07
coarse,-0.6307202764060487,1.6959539709071212,gamma_omega,7.308704574864169,7.308704566149353,1.1923886558545443e-09
coarse,2.5868338586212625,-5.867254219960184,alpha,1.0,1.0,0.0
coarse,2.5868338586212625,-5.867254219960184,beta,0.0,-1.2443419552063723e-90,1.2443419552063723e-90
coarse,2.5868338586212625,-5.867254219960184,gamma_ll,1.0,1.0,0.0
coarse,2.5868338586212625,-5.867254219960184,gamma_omega,37.48717720573995,37.487177206233135,1.3156170980395126e-11
coarse,2.9549123986524606,-3.5157641203806222,alpha,1.0,1.0,0.0
coarse,2.9549123986524606,-3.5157641203806222,beta,0.0,3.098896638495168e-69,3.098896638495168e-69
coarse,2.9549123986524606,-3.5157641203806222,gamma_ll,1.0,1.0,0.0
coarse,2.9549123986524606,-3.5157641203806222,gamma_omega,15.428497728205077,15.428497724234802,2.573338535969603e-10
coarse,1.2960506637418554,5.835526706285723,alpha,1.0000000000000737,1.0000000000000737,0.0
coarse,1.2960506637418554,5.835526706285723,beta,0.0,-1.6890607766344384e-44,1.6890607766344384e-44
coarse,1.2960506637418554,5.835526706285723,gamma_ll,1.0000000000002673,1.0000000000002678,4.440892098499439e-16
coarse,1.2960506637418554,5.835526706285723,gamma_omega,37.11591542971004,37.11591543130805,4.305459246319199e-11
coarse,1.998379363518636,1.135528221442601,alpha,1.4037315915845254,1.4037313734758194,1.5537778539181538e-07
coarse,1.998379363518636,1.135528221442601,beta,-0.0007594465651712342,-0.0007593724290987944,7.413607243985515e-08
coarse,1.998379363518636,1.135528221442601,gamma_ll,2.8840720463411498,2.884072169206563,4.260136758884725e-08
coarse,1.998379363518636,1.135528221442601,gamma_omega,4.981177746150979,4.981177720513886,5.146793518249517e-09
coarse,-0.43406742946964316,-0.6077128474385436,alpha,6.6556202137207965,6.655655095445909,5.2409428411915454e-06
coarse,-0.43406742946964316,-0.6077128474385436,beta,-2.023964257478631,-2.0238743962873875,4.439860581115286e-05
coarse,-0.43406742946964316,-0.6077128474385436,gamma_ll,13.51164959575925,13.512414523296536,5.6612446309026296e-05
coarse,-0.43406742946964316,-0.6077128474385436,gamma_omega,4.632274208078502,4.63227421188861,8.22513629776782e-10
coarse,0.03221726315410156,2.215133440835004,alpha,2.3323419910503618,2.3323451649027174,1.3608005891831667e-06
coarse,0.03221726315410156,2.215133440835004,beta,7.781537060966484e-15,7.923527845314255e-15,1.4199078434777022e-16
coarse,0.03221726315410156,2.215133440835004,gamma_ll,12.56542239188465,12.565459087488826,2.920363759403111e-06
coarse,0.03221726315410156,2.215133440835004,gamma_omega,9.056689138092343,9.056689131053915,7.771524891017605e-10
coarse,-0.3546554213964803,1.6284217104637175,alpha,48.05487751182095,48.054758770579966,2.4709508613934333e-06
coarse,-0.3546554213964803,1.6284217104637175,beta,0.0002114859721284662,0.000211270079573143,2.158925553232135e-07
coarse,-0.3546554213964803,1.6284217104637175,gamma_ll,6928.126930948207,6928.099868533337,3.906166145552538e-06
coarse,-0.3546554213964803,1.6284217104637175,gamma_omega,7.096527967022723,7.096527875921554,1.2837428345010995e-08
coarse,2.6905432239927034,0.6424878384919541,alpha,1.0,1.0000000003113696,3.113695967726926e-10
coarse,2.6905432239927034,0.6424878384919541,beta,-8.375989499746209e-17,-8.373846734667739e-17,2.1427650784697854e-20
coarse,2.6905432239927034,0.6424878384919541,gamma_ll,1.0,1.000000001111618,1.1116179088332956e-09
coarse,2.6905432239927034,0.6424878384919541,gamma_omega,3.571025755113795,3.571025759278235,1.1661747043037245e-09
coarse,0.32297830684638695,3.8441197643997302,alpha,1.000045042216366,1.0000450417137956,5.025477938503328e-10
coarse,0.32297830684638695,3.8441197643997302,beta,3.3555532534309494e-57,-4.8781837669584114e-33,4.8781837669584114e-33
coarse,0.32297830684638695,3.8441197643997302,gamma_ll,1.0001634364566425,1.0001634346335402,1.8228044230668244e-09
coarse,0.32297830684638695,3.8441197643997302,gamma_omega,17.89895795251371,17.898957944842866,4.285637919618943e-10
coarse,2.321553730065419,-1.3129078739942788,alpha,1.0372273610425604,1.0372273757859172,1.4214199616604342e-08
coarse,2.321553730065419,-1.3129078739942788,beta,0.0,-1.493935380667068e-34,1.493935380667068e-34
coarse,2.321553730065419,-1.3129078739942788,gamma_ll,1.1343221273190403,1.1343221493497915,1.9421953158386736e-08
coarse,2.321553730065419,-1.3129078739942788,gamma_omega,5.105677528315536,5.1056775085261945,3.875948218648074e-09
coarse,-0.7548954002746372,-1.740507938351195,alpha,26.03084552219301,26.03091010004273,2.480820289203749e-06
coarse,-0.7548954002746372,-1.740507938351195,beta,-0.005726279975409435,-0.005712590394302673,1.3689581106762425e-05
coarse,-0.7548954002746372,-1.740507938351195,gamma_ll,2245.035297332593,2245.0273934794586,3.520591922890862e-06
coarse,-0.7548954002746372,-1.740507938351195,gamma_omega,7.450538912803415,7.450538874623886,5.124398290993615e-09
coarse,-0.7689590021271686,1.9483585681304394,alpha,7.935791228512111,7.935800559875631,1.1758579896328454e-06
coarse,-0.7689590021271686,1.9483585681304394,beta,0.0002106408235425153,0.00021389779509457766,3.2569715520623633e-06
coarse,-0.7689590021271686,1.9483585681304394,gamma_ll,210.33807627763056,210.33805826903188,8.561739750427853e-08
coarse,-0.7689590021271686,1.9483585681304394,gamma_omega,8.131664446848136,8.131664444805427,2.5120430464419914e-10
coarse,-0.48506657520387453,0.04502823938238354,alpha,295.120471048958,294.90537641554744,0.000728836710805046
coarse,-0.48506657520387453,0.04502823938238354,beta,-0.1926704731524621,-0.19266105885845722,9.414294004889134e-06
coarse,-0.48506657520387453,0.04502823938238354,gamma_ll,63882.10136399351,63799.77623513387,0.0012887041456348459
coarse,-0.48506657520387453,0.04502823938238354,gamma_omega,4.1815313229989135,4.181531335089476,2.8914197683018234e-09
coarse,2.8679870611696705,-5.49087119774237,alpha,1.0,1.0,0.0
coarse,2.8679870611696705,-5.49087119774237,beta,0.0,-1.9687465248295653e-90,1.9687465248295653e-90
coarse,2.8679870611696705,-5.49087119774237,gamma_ll,1.0,1.0,0.0
coarse,2.8679870611696705,-5.49087119774237,gamma_omega,33.212177521585765,33.21217752225721,2.0216728294157417e-11
coarse,-1.2867643234164203,1.3146637439523374,alpha,194.9160826438927,194.9164026680486,1.641856082587215e-06
coarse,-1.2867643234164203,1.3146637439523374,beta,3.678874852231281e-21,-1.2921408270791838e-17,1.292508714564407e-17
coarse,-1.2867643234164203,1.3146637439523374,gamma_ll,63384.45930020699,63384.441077334144,2.87497488275178e-07
coarse,-1.2867643234164203,1.3146637439523374,gamma_omega,6.170932972900094,6.170932926442146,7.528512917459392e-09
coarse,0.13378089085454237,4.871284258004932,alpha,1.0000000059338678,1.0000000059332068,6.610267849393727e-13
coarse,0.13378089085454237,4.871284258004932,beta,0.0,-2.5922873672932755e-47,2.5922873672932755e-47
coarse,0.13378089085454237,4.871284258004932,gamma_ll,1.0000000215301872,1.0000000215277887,2.3985257707594795e-12
coarse,0.13378089085454237,4.871284258004932,gamma_omega,26.794231167461326,26.7942311626724,1.7872976308544314e-10
coarse,0.4992778944743188,-1.0646486132489557,alpha,145.77698262397786,145.7766062879377,2.5815875275632246e-06
coarse,0.4992778944743188,-1.0646486132489557,beta,-1.1167559561298199e-08,-1.1156355956155098e-08,1.1203605143100958e-11
coarse,0.4992778944743188,-1.0646486132489557,gamma_ll,31696.846952595184,31696.85728836463,3.260819431522288e-07
coarse,0.4992778944743188,-1.0646486132489557,gamma_omega,5.5134799600147995,5.513479930895777,5.281423521946475e-09
coarse,-1.4640470183330445,-1.1625291831688322,alpha,17.034686244920824,17.0394743061238,0.0002810771583423862
coarse,-1.4640470183330445,-1.1625291831688322,beta,-0.85989180908922,-0.8600910496038828,0.0001992405146628018
coarse,-1.4640470183330445,-1.1625291831688322,gamma_ll,521.5756271306698,521.7964729925333,0.0004234205940151546
coarse,-1.4640470183330445,-1.1625291831688322,gamma_omega,5.765570299514598,5.765570269591205,5.19001451483777e-09
coarse,0.7044870912375796,-1.885881695484116,alpha,5.9452621525312335,5.945260851875926,2.1877173361432828e-07
coarse,0.7044870912375796,-1.885881695484116,beta,3.3811868764853476e-33,2.7413810628610715e-21,2.74138106285769e-21
coarse,0.7044870912375796,-1.885881695484116,gamma_ll,113.14998600729515,113.14986711424369,1.050756218889251e-06
coarse,0.7044870912375796,-1.885881695484116,gamma_omega,7.904952901967599,7.904952980134166,9.888302627753682e-09
coarse,2.7527521400527535,-3.3213838211913,alpha,1.0,0.9999999999999986,1.4432899320127035e-15
coarse,2.7527521400527535,-3.3213838211913,beta,0.0,4.114913588247965e-64,4.114913588247965e-64
coarse,2.7527521400527535,-3.3213838211913,gamma_ll,1.0,0.9999999999999947,5.329070518200751e-15
coarse,2.7527521400527535,-3.3213838211913,gamma_omega,14.109886833132501,14.109886827753616,3.8121389325515235e-10
coarse,-0.1256213849574852,5.848525033687153,alpha,1.000000000000166,1.000000000000166,0.0
coarse,-0.1256213849574852,5.848525033687153,beta,0.0,8.992170651482083e-56,8.992170651482083e-56
coarse,-0.1256213849574852,5.848525033687153,gamma_ll,1.000000000000603,1.0000000000006026,4.440892098497948e-16
coarse,-0.1256213849574852,5.848525033687153,gamma_omega,37.26779000319221,37.267790003281384,2.3927663360305068e-12
coarse,1.7085347321616964,4.216437001767865,alpha,1.000000389045941,1.0000003890281002,1.7840832975612763e-11
coarse,1.7085347321616964,4.216437001767865,beta,1.3441256256717307e-151,-1.6685277338759387e-21,1.6685277338759387e-21
coarse,1.7085347321616964,4.216437001767865,gamma_ll,1.0000014115978535,1.00000141153312,6.473346047460023e-11
coarse,1.7085347321616964,4.216437001767865,gamma_omega,20.855703134827234,20.85570312000917,7.105041304579954e-10
coarse,-0.062015533700483294,-3.4081575876112606,alpha,1.0011762918735942,1.001176284996539,6.868975227829007e-09
coarse,-0.062015533700483294,-3.4081575876112606,beta,2.15915799528373e-38,8.898575185550914e-29,8.898575183391757e-29
coarse,-0.062015533700483294,-3.4081575876112606,gamma_ll,1.0042729474850214,1.0042729225471594,2.4831757203152712e-08
coarse,-0.062015533700483294,-3.4081575876112606,gamma_omega,14.852489432630868,14.852489423493829,6.151857310412668e-10
coarse,0.368393653582509,-4.374986730695122,alpha,1.000000553255463,1.0000005532116922,4.377074057405038e-11
coarse,0.368393653582509,-4.374986730695122,beta,1.9329038067099918e-69,-3.702655594325193e-45,3.702655594325193e-45
coarse,0.368393653582509,-4.374986730695122,gamma_ll,1.0000020074090685,1.0000020072502527,1.5881553055265792e-10
coarse,0.368393653582509,-4.374986730695122,gamma_omega,22.215484477602544,22.215484457896164,8.870560778120052e-10
coarse,0.6142350413809767,0.13271164861021845,alpha,96.49725009310269,96.38916998413875,0.0011200330461196397
coarse,0.6142350413809767,0.13271164861021845,beta,-0.058831389684312986,-0.058824357549813466,7.032134499519727e-06
coarse,0.6142350413809767,0.13271164861021845,gamma_ll,6137.617360933272,6126.100354344687,0.0018764621369022167
coarse,0.6142350413809767,0.13271164861021845,gamma_omega,4.1885568551602015,4.18855692925022,1.768867443531412e-08
coarse,2.5759551094294455,-1.73265090566386,alpha,1.0000168052851115,1.000016806363571,1.0784414203750854e-09
coarse,2.5759551094294455,-1.73265090566386,beta,0.0,5.7354512692926445e-43,5.7354512692926445e-43
coarse,2.5759551094294455,-1.73265090566386,gamma_ll,1.0000608285354278,1.0000608323916258,3.855963474952251e-09
coarse,2.5759551094294455,-1.73265090566386,gamma_omega,6.223647529299213,6.223647496403245,5.285641189147101e-09
coarse,1.442034240842681,4.635112762717156,alpha,1.0000000173377734,1.0000000173363248,1.4486189774150765e-12
coarse,1.442034240842681,4.635112762717156,beta,0.0,2.876402312119424e-29,2.876402312119424e-29
coarse,1.442034240842681,4.635112762717156,gamma_ll,1.0000000629076213,1.000000062902365,5.256239557127813e-12
coarse,1.442034240842681,4.635112762717156,gamma_omega,24.55137838968687,24.55137838287449,2.7747451331151217e-10
coarse,1.8443328060952746,-3.6585750398499246,alpha,1.0000212361399539,1.000021235958285,1.8166504427957827e-10
coarse,1.8443328060952746,-3.6585750398499246,beta,2.061276217522849e-150,1.3913006672908804e-55,1.3913006672908804e-55
coarse,1.8443328060952746,-3.6585750398499246,gamma_ll,1.0000770538937445,1.0000770532345893,6.591043883274004e-10
coarse,1.8443328060952746,-3.6585750398499246,gamma_omega,16.507919151280518,16.507919141652707,5.83223806026357e-10
coarse,1.1940021378330776,0.29481131709759545,alpha,14.751283428016453,14.751283829907885,2.724450615396924e-08
coarse,1.1940021378330776,0.29481131709759545,beta,-0.0023298343042306405,-0.002329776044237808,5.8259992832647434e-08
coarse,1.1940021378330776,0.29481131709759545,gamma_ll,745.0733988691634,745.0731979116576,2.697150455847849e-07
coarse,1.1940021378330776,0.29481131709759545,gamma_omega,4.203796612410295,4.203796624879096,2.9660809626035364e-09
coarse,0.2146758657272656,-1.0951336106859637,alpha,253.00864956213,253.00848445769807,6.525643775435368e-07
coarse,0.2146758657272656,-1.0951336106859637,beta,-5.4781039321046115e-06,-5.474834768137844e-06,3.2691639667674965e-09
coarse,0.2146758657272656,-1.0951336106859637,gamma_ll,80072.8712045555,80072.87109283832,1.3951938541382022e-09
coarse,0.2146758657272656,-1.0951336106859637,gamma_omega,5.593311132999626,5.593311128862945,7.395764550598607e-10
coarse,2.6191753125780757,-1.2032641273643172,alpha,1.0,0.9999999908084187,9.191581273881866e-09
coarse,2.6191753125780757,-1.2032641273643172,beta,0.0,-3.5319767152776006e-38,3.5319767152776006e-38
coarse,2.6191753125780757,-1.2032641273643172,gamma_ll,1.0,0.9999999684295766,3.1570423386639845e-08
coarse,2.6191753125780757,-1.2032641273643172,gamma_omega,4.6462994550668695,4.646299454429254,1.372307790453782e-10
coarse,-0.01375560626504968,-3.700786155600773,alpha,1.000144761780985,1.0001447618172994,3.6309028752796153e-11
coarse,-0.01375560626504968,-3.700786155600773,beta,8.710207851149404e-46,1.706122921263165e-33,1.706122921262294e-33
coarse,-0.01375560626504968,-3.700786155600773,gamma_ll,1.0005253221601011,1.0005253222915877,1.3141756282824116e-10
coarse,-0.01375560626504968,-3.700786155600773,gamma_omega,16.84468773393521,16.844687733800082,8.021963179581539e-12
coarse,1.9443504899425808,0.5125807507397964,alpha,1.5588547004173596,1.5588547691162946,4.407013364798236e-08
coarse,1.9443504899425808,0.5125807507397964,beta,-7.354776732388322e-08,-7.33948210708704e-08,1.5294625301282177e-10
coarse,1.9443504899425808,0.5125807507397964,gamma_ll,4.153095517348173,4.153095587341946,1.685339842329156e-08
coarse,1.9443504899425808,0.5125807507397964,gamma_omega,3.924358044016868,3.9243580551558317,2.8384167306844352e-09
coarse,0.9017009600461123,4.886556614601009,alpha,1.0000000033210874,1.0000000033207685,3.1885605161339615e-13
coarse,0.9017009600461123,4.886556614601009,beta,0.0,4.6992365878539806e-38,4.6992365878539806e-38
coarse,0.9017009600461123,4.886556614601009,gamma_ll,1.0000000120500885,1.0000000120489312,1.1572964669237384e-12
coarse,0.9017009600461123,4.886556614601009,gamma_omega,26.943080816423002,26.94308081320247,1.195309259197975e-10
coarse,1.7616060714630195,3.2878359557072514,alpha,1.000366081907543,1.0003660768648857,5.040812052662198e-09
coarse,1.7616060714630195,3.2878359557072514,beta,-3.968175586104752e-09,-3.954586592474628e-09,1.3588993630124305e-11
coarse,1.7616060714630195,3.2878359557072514,gamma_ll,1.0013287541846008,1.0013287359168792,1.824348045666473e-08
coarse,1.7616060714630195,3.2878359557072514,gamma_omega,14.028473398581943,14.02847339359578,3.5543158918681413e-10
coarse,1.897174211350619,-1.5571110084523667,alpha,1.4491530489708355,1.4491529771255864,4.9577406012669024e-08
coarse,1.897174211350619,-1.5571110084523667,beta,5.392294703869014e-121,1.9649117593904118e-33,1.9649117593904118e-33
coarse,1.897174211350619,-1.5571110084523667,gamma_ll,3.3333455592060712,3.3333450451133433,1.5422725271420546e-07
coarse,1.897174211350619,-1.5571110084523667,gamma_omega,6.288012976817833,6.288012963118496,2.1786432099600967e-09
coarse,2.5547298243658183,3.4796764297417724,alpha,1.0000000243723017,1.0000000243725662,2.6445511802033236e-13
coarse,2.5547298243658183,3.4796764297417724,beta,-1.9301289288344645e-06,-1.9293228873154914e-06,8.060415189731202e-10
coarse,2.5547298243658183,3.4796764297417724,gamma_ll,1.0000000884260387,1.0000000884270241,9.854338695192755e-13
coarse,2.5547298243658183,3.4796764297417724,gamma_omega,15.190723867946463,15.190723861004683,4.5697496341296266e-10
coarse,0.6744681732477718,5.133513693721776,alpha,1.000000000334285,1.000000000334238,4.7073456228370686e-14
coarse,0.6744681732477718,5.133513693721776,beta,0.0,1.1217759662976049e-43,1.1217759662976049e-43
coarse,0.6744681732477718,5.133513693721776,gamma_ll,1.0000000012129049,1.0000000012127348,1.7008616716627565e-13
coarse,0.6744681732477718,5.133513693721776,gamma_omega,29.416327548532145,29.416327547257797,4.33211024164127e-11
coarse,-1.4,-1.7,alpha,5.008249487021375,5.0082494870213665,1.7734308604269707e-15
coarse,-1.4,-1.7,beta,-1.398558230855746,-1.3985582308557454,4.763003785459128e-16
coarse,-1.4,-1.7,gamma_ll,75.69500786668554,75.69500786668523,4.1302433614257e-15
coarse,-1.4,-1.7,gamma_omega,7.321730673748171,7.3217306737481636,9.70457351439774e-16
coarse,-1.4,-1.4,alpha,4.239676930839843,4.239676930839843,0.0
coarse,-1.4,-1.4,beta,-1.6821010545555752,-1.6821010545555743,5.280172777341188e-16
coarse,-1.4,-1.4,gamma_ll,39.23632919722917,39.23632919722918,3.621861424336699e-16
coarse,-1.4,-1.4,gamma_omega,6.412059974891815,6.412059974891809,8.311011654707213e-16
coarse,-1.4,-1.0999999999999999,alpha,18.193017390840616,18.193017390840595,1.1716738139070222e-15
coarse,-1.4,-1.0999999999999999,beta,-0.8536792503952513,-0.8536792503952515,2.220446049250313e-16
coarse,-1.4,-1.0999999999999999,gamma_ll,562.8658825514045,562.8658825514032,2.423742662240327e-15
coarse,-1.4,-1.0999999999999999,gamma_omega,5.609156726751367,5.609156726751367,0.0
coarse,-1.3048437499999999,-1.60484375,alpha,6.38934918615726,6.388077693018915,0.00019900197990431085
coarse,-1.3048437499999999,-1.60484375,beta,-1.2841322635430392,-1.2842100625056716,6.0584851608451924e-05
coarse,-1.3048437499999999,-1.60484375,gamma_ll,124.45130646478442,124.3985157308698,0.00042418786442838713
coarse,-1.3048437499999999,-1.60484375,gamma_omega,7.024059676696014,7.02405966497776,1.6683021588845106e-09
coarse,-1.3048437499999999,-1.3048437499999999,alpha,4.965917365725525,4.96590487713568,2.514860583690613e-06
coarse,-1.3048437499999999,-1.3048437499999999,beta,-1.6248356235017576,-1.624838082652161,1.5134764204709522e-06
coarse,-1.3048437499999999,-1.3048437499999999,gamma_ll,47.104665362997174,47.10433025221077,7.1141740169386906e-06
coarse,-1.3048437499999999,-1.3048437499999999,gamma_omega,6.143784509156674,6.143784500516548,1.4063198237432921e-09
coarse,-1.3048437499999999,-1.0048437499999998,alpha,19.42309488797452,19.427935109698552,0.0002491993038157688
coarse,-1.3048437499999999,-1.0048437499999998,beta,-0.8391761195651647,-0.8392042288956957,2.810933053098985e-05
coarse,-1.3048437499999999,-1.0048437499999998,gamma_ll,640.3489189936204,640.6404054371166,0.0004551993996558723
coarse,-1.3048437499999999,-1.0048437499999998,gamma_omega,5.383767060827257,5.383767055724374,9.478275161785552e-10
coarse,-1.2096874999999998,-1.5096874999999998,alpha,8.065597639926635,8.062400581774439,0.0003963820531252219
coarse,-1.2096874999999998,-1.5096874999999998,beta,-1.198575146031225,-1.198740239409201,0.00013774136609010572
coarse,-1.2096874999999998,-1.5096874999999998,gamma_ll,190.29329041853114,190.13190360583644,0.0008480951290492004
coarse,-1.2096874999999998,-1.5096874999999998,gamma_omega,6.734436494628108,6.734436460602157,5.052531265659095e-09
coarse,-1.2096874999999998,-1.2096874999999998,alpha,5.7329099924959985,5.7328496820872745,1.0520034119312757e-05
coarse,-1.2096874999999998,-1.2096874999999998,beta,-1.5816582786573643,-1.5816653652664154,4.480493129747351e-06
coarse,-1.2096874999999998,-1.2096874999999998,gamma_ll,54.452893743137075,54.45155458797909,2.4592910788226957e-05
coarse,-1.2096874999999998,-1.2096874999999998,gamma_omega,5.887591961773838,5.887591938929303,3.880115215314875e-09
coarse,-1.2096874999999998,-0.9096874999999998,alpha,19.4766347441235,19.484201420062302,0.0003885001715239175
coarse,-1.2096874999999998,-0.9096874999999998,beta,-0.8282214712416678,-0.8283417295380335,0.00012025829636574947
coarse,-1.2096874999999998,-0.9096874999999998,gamma_ll,708.1616173174804,708.6361453164149,0.0006700843244399565
coarse,-1.2096874999999998,-0.9096874999999998,gamma_omega,5.174762564041861,5.174762553508446,2.0355359108252652e-09
coarse,-1.11453125,-1.41453125,alpha,10.096995151126903,10.092130135355731,0.00048182807838910625
coarse,-1.11453125,-1.41453125,beta,-1.1351186345738795,-1.1353523831356525,0.0002059243453973321
coarse,-1.11453125,-1.41453125,gamma_ll,270.3636276230835,270.0794306060289,0.0010511658670700522
coarse,-1.11453125,-1.41453125,gamma_omega,6.453971038176536,6.453970985554248,8.153474434459647e-09
coarse,-1.11453125,-1.11453125,alpha,6.372000564636601,6.371862883140312,2.160726366744831e-05
coarse,-1.11453125,-1.11453125,beta,-1.549050816428907,-1.5490622393946638,7.374171096065388e-06
coarse,-1.11453125,-1.11453125,gamma_ll,61.02148495240124,61.01885505927786,4.309782243792012e-05
coarse,-1.11453125,-1.11453125,gamma_omega,5.644908137856264,5.644908105396311,5.750306675510946e-09
coarse,-1.11453125,-0.8145312499999999,alpha,18.745278171003786,18.752387048818328,0.00037923565335712183
coarse,-1.11453125,-0.8145312499999999,beta,-0.8198982600290071,-0.8201324473422956,0.00023418731328850306
coarse,-1.11453125,-0.8145312499999999,gamma_ll,765.9634827704488,766.4167733927361,0.0005917914267241735
coarse,-1.11453125,-0.8145312499999999,gamma_omega,4.98331622561544,4.983316216949808,1.7389289107015728e-09
coarse,-1.019375,-1.319375,alpha,12.512840099515275,12.507812448575617,0.00040179934368797765
coarse,-1.019375,-1.319375,beta,-1.0881840984816677,-1.0884524054937248,0.0002465639889715456
coarse,-1.019375,-1.319375,gamma_ll,358.9651011345794,358.6336896065793,0.0009232416381219577
coarse,-1.019375,-1.319375,gamma_omega,6.1839645225962325,6.183964461930533,9.810162867074493e-09
coarse,-1.019375,-1.019375,alpha,6.690104574987054,6.689905882814545,2.9699412061889633e-05
coarse,-1.019375,-1.019375,beta,-1.5244222951980766,-1.524436423964566,9.26827594554027e-06
coarse,-1.019375,-1.019375,gamma_ll,66.68129505590288,66.67754302938506,5.626805110294236e-05
coarse,-1.019375,-1.019375,gamma_omega,5.417116356600746,5.4171163235793625,6.095749412746726e-09
coarse,-1.019375,-0.7193749999999999,alpha,17.81802573310454,17.82192558072236,0.00021887091624154566
coarse,-1.019375,-0.7193749999999999,beta,-0.813575991369681,-0.8139055047577312,0.0003295133880502066
coarse,-1.019375,-0.7193749999999999,gamma_ll,813.9785361803987,814.1748984032438,0.00024123759302859175
coarse,-1.019375,-0.7193749999999999,gamma_omega,4.810474807280333,4.810474809674401,4.976781192759705e-10
coarse,-0.9242187499999999,-1.22421875,alpha,15.166118028074617,15.163339679043574,0.00018319447507267404
coarse,-0.9242187499999999,-1.22421875,beta,-1.0537298283616463,-1.0539942894317733,0.00025097616391689
coarse,-0.9242187499999999,-1.22421875,gamma_ll,448.58387496662266,448.3552146994955,0.0005097380442936825
coarse,-0.9242187499999999,-1.22421875,gamma_omega,5.925818917256161,5.925818860184443,9.631026329874853e-09
coarse,-0.9242187499999999,-0.9242187499999999,alpha,6.624067419020105,6.6238669883541625,3.0257944743577374e-05
coarse,-0.9242187499999999,-0.9242187499999999,beta,-1.5064919788241051,-1.5065069217697806,9.919034343059618e-06
coarse,-0.9242187499999999,-0.9242187499999999,gamma_ll,71.23745020175393,71.23303482732265,6.198108465098382e-05
coarse,-0.9242187499999999,-0.9242187499999999,gamma_omega,5.205516634016778,5.205516609582598,4.6939010535404195e-09
coarse,-0.9242187499999999,-0.6242187499999998,alpha,17.091497759741046,17.090605831469407,5.218549504417066e-05
coarse,-0.9242187499999999,-0.6242187499999998,beta,-0.8090197755345153,-0.809398068197117,0.000378292662601698
coarse,-0.9242187499999999,-0.6242187499999998,gamma_ll,851.0036225543998,850.7585618007538,0.00028796675730998844
coarse,-0.9242187499999999,-0.6242187499999998,gamma_omega,4.657153381143497,4.657153400426768,4.1405703016082624e-09
coarse,-0.8290624999999999,-1.1290624999999999,alpha,17.611154376278918,17.612565954334308,8.015250024102272e-05
coarse,-0.8290624999999999,-1.1290624999999999,beta,-1.0310490524999592,-1.031278051478272,0.00022210289389976864
coarse,-0.8290624999999999,-1.1290624999999999,gamma_ll,523.4453753842434,523.450188662395,9.195378119522065e-06
coarse,-0.8290624999999999,-1.1290624999999999,gamma_omega,5.680960607782133,5.680960563460222,7.801833817577511e-09
coarse,-0.8290624999999999,-0.8290624999999999,alpha,6.2981696852037015,6.298003305597986,2.6417136093798247e-05
coarse,-0.8290624999999999,-0.8290624999999999,beta,-1.4995987201863563,-1.4996128112079081,9.396528125910006e-06
coarse,-0.8290624999999999,-0.8290624999999999,gamma_ll,73.09645543930017,73.09218824632353,5.8377563604091064e-05
coarse,-0.8290624999999999,-0.8290624999999999,gamma_omega,5.011299029101405,5.011299018917306,2.0322273403332755e-09
coarse,-0.8290624999999999,-0.5290625,alpha,16.678806103862932,16.67302963646958,0.00034633578431105363
coarse,-0.8290624999999999,-0.5290625,beta,-0.807833366383292,-0.8082034330400626,0.0003700666567706401
coarse,-0.8290624999999999,-0.5290625,gamma_ll,860.9987818103025,860.2857222652979,0.0008281771822085213
coarse,-0.8290624999999999,-0.5290625,gamma_omega,4.524135456660649,4.524135491547317,7.711234137670158e-09
coarse,-0.73390625,-1.03390625,alpha,19.267700465304177,19.273317507804553,0.00029152635575222863
coarse,-0.73390625,-1.03390625,beta,-1.0364494157725386,-1.0366201210416588,0.00016470197823690287
coarse,-0.73390625,-1.03390625,gamma_ll,506.8604050409535,507.0778897685417,0.0004290821011569092
coarse,-0.73390625,-1.03390625,gamma_omega,5.450780667968143,5.450780640933066,4.959854181408497e-09
coarse,-0.73390625,-0.73390625,alpha,5.906009277769571,5.905885297651045,2.0992198402545347e-05
coarse,-0.73390625,-0.73390625,beta,-1.5464859242854188,-1.5464951383294168,5.9580522870032475e-06
coarse,-0.73390625,-0.73390625,gamma_ll,61.87108795650605,61.86821670887965,4.640693611885922e-05
coarse,-0.73390625,-0.73390625,gamma_omega,4.835528398436534,4.83552840216771,7.716170704437728e-10
coarse,-0.73390625,-0.43390625,alpha,16.489498720937995,16.48074093971741,0.0005311126413724096
coarse,-0.73390625,-0.43390625,beta,-0.8242625641273867,-0.8245680365308824,0.00030547240349565463
coarse,-0.73390625,-0.43390625,gamma_ll,738.7099255690175,737.8631175857713,0.0011463335660393682
coarse,-0.73390625,-0.43390625,gamma_omega,4.412076541114887,4.412076582488729,9.377408062745064e-09
coarse,-0.6387499999999999,-0.93875,alpha,19.80914181877362,19.81740979294145,0.0004173817444223317
coarse,-0.6387499999999999,-0.93875,beta,-1.1398548603579952,-1.1399394289720102,7.419244059581107e-05
coarse,-0.6387499999999999,-0.93875,gamma_ll,270.5524397059637,270.74983960381087,0.0007296178813308683
coarse,-0.6387499999999999,-0.93875,gamma_omega,5.23659150422672,5.236591493304188,2.085809312226559e-09
coarse,-0.6387499999999999,-0.6387499999999999,alpha,5.5561197721870315,5.556034858319423,1.5282944049103004e-05
coarse,-0.6387499999999999,-0.6387499999999999,beta,-1.8362318444442451,-1.8362839669350728,2.8385571781334347e-05
coarse,-0.6387499999999999,-0.6387499999999999,gamma_ll,25.793519414663024,25.79238189054956,4.4101159488031224e-05
coarse,-0.6387499999999999,-0.6387499999999999,gamma_omega,4.679137681905708,4.679137692928964,2.355830675454193e-09
coarse,-0.6387499999999999,-0.33874999999999994,alpha,16.294829784052887,16.28653461679753,0.000509067438278892
coarse,-0.6387499999999999,-0.33874999999999994,beta,-0.9155872877832062,-0.9158586160520162,0.0002713282688100449
coarse,-0.6387499999999999,-0.33874999999999994,gamma_ll,350.1339892735759,349.7381226566474,0.0011306146476946272
coarse,-0.6387499999999999,-0.33874999999999994,gamma_omega,4.321509424529648,4.321509458930495,7.960377757984429e-09
coarse,-0.5435937499999999,-0.8435937499999999,alpha,19.170345155103025,19.176408754643383,0.0003163010102999561
coarse,-0.5435937499999999,-0.8435937499999999,beta,-1.2703805152801788,-1.2704381297565637,4.535214110407928e-05
coarse,-0.5435937499999999,-0.8435937499999999,gamma_ll,136.83568943736176,136.91136655718077,0.0005530510361015669
coarse,-0.5435937499999999,-0.8435937499999999,gamma_omega,5.039597973158895,5.039597971988833,2.3217373201739752e-10
coarse,-0.5435937499999999,-0.5435937499999999,alpha,5.301394444560264,5.301355255538871,7.392210069095736e-06
coarse,-0.5435937499999999,-0.5435937499999999,beta,-2.253053125679414,-2.2530575093947225,1.945677737718413e-06
coarse,-0.5435937499999999,-0.5435937499999999,gamma_ll,10.002961877227863,10.002720469759304,2.413359878026201e-05
coarse,-0.5435937499999999,-0.5435937499999999,gamma_omega,4.542927069845731,4.542927078550262,1.9160623061148343e-09
coarse,-0.5435937499999999,-0.2435937499999999,alpha,16.129888018675352,16.12460976977254,0.00032723406986462643
coarse,-0.5435937499999999,-0.2435937499999999,beta,-1.029213387180819,-1.0293379356848904,0.00012101329580706996
coarse,-0.5435937499999999,-0.2435937499999999,gamma_ll,162.494391499338,162.37745126223876,0.0007196570664392399
coarse,-0.5435937499999999,-0.2435937499999999,gamma_omega,4.252849888221479,4.252849905276525,4.0102629324825665e-09
coarse,-0.44843749999999993,-0.7484374999999999,alpha,18.046813055911183,18.048378175373465,8.67255319502834e-05
coarse,-0.44843749999999993,-0.7484374999999999,beta,-1.2737978381490072,-1.2737940468423166,2.976380220665028e-06
coarse,-0.44843749999999993,-0.7484374999999999,gamma_ll,119.54781725007176,119.56779585722218,0.0001671181257005231
coarse,-0.44843749999999993,-0.7484374999999999,gamma_omega,4.860880252691104,4.860880253191119,1.0286495989035738e-10
coarse,-0.44843749999999993,-0.44843749999999993,alpha,5.174712409759211,5.174709411215266,5.794609839657587e-07
coarse,-0.44843749999999993,-0.44843749999999993,beta,-2.3313298692792888,-2.3313305485891767,2.913829985400367e-07
coarse,-0.44843749999999993,-0.44843749999999993,gamma_ll,7.928057438375177,7.928035349669175,2.786143538156908e-06
coarse,-0.44843749999999993,-0.44843749999999993,gamma_omega,4.4275667960308525,4.427566797324742,2.922348774489114e-10
coarse,-0.44843749999999993,-0.14843749999999994,alpha,16.113097456536565,16.11165025111716,8.981546988756868e-05
coarse,-0.44843749999999993,-0.14843749999999994,beta,-1.039170503612763,-1.039183414482787,1.2424207556978071e-05
coarse,-0.44843749999999993,-0.14843749999999994,gamma_ll,135.47970473615308,135.45458309775276,0.00018542731879469233
coarse,-0.44843749999999993,-0.14843749999999994,gamma_omega,4.206401874457025,4.2064018760030715,3.675461575580099e-10
coarse,-0.35328125,-0.65328125,alpha,17.080133999206186,17.07707357637251,0.00017918025899675373
coarse,-0.35328125,-0.65328125,beta,-1.2109816848444637,-1.2110301285443,4.000366020603825e-05
coarse,-0.35328125,-0.65328125,gamma_ll,120.85847500239929,120.81249673425393,0.00038043064952167404
coarse,-0.35328125,-0.65328125,gamma_omega,4.701385540116744,4.701385539900595,4.597575819066185e-11
coarse,-0.35328125,-0.35328125,alpha,5.124526024947,5.1245149181242695,2.16738536926081e-06
coarse,-0.35328125,-0.35328125,beta,-2.234615824660363,-2.23461884199783,1.3502712339609624e-06
coarse,-0.35328125,-0.35328125,gamma_ll,7.7172667046716645,7.717219473035635,6.120254467974919e-06
coarse,-0.35328125,-0.35328125,gamma_omega,4.333601735011093,4.333601737778911,6.386876653783091e-10
coarse,-0.35328125,-0.05328125,alpha,16.124640643900868,16.127615908673434,0.0001845166561086255
coarse,-0.35328125,-0.05328125,beta,-0.9934675241318808,-0.9934853138263241,1.7789694443326454e-05
coarse,-0.35328125,-0.05328125,gamma_ll,132.40371435627424,132.44947717512645,0.0003456309294244676
coarse,-0.35328125,-0.05328125,gamma_omega,4.1823614144067,4.182361419735843,1.2741946313620355e-09
coarse,-0.25812499999999994,-0.558125,alpha,16.436322978214335,16.43014223595082,0.0003760416652620974
coarse,-0.25812499999999994,-0.558125,beta,-1.1097910809419398,-1.1099599617513798,0.00015217351476339052
coarse,-0.25812499999999994,-0.558125,gamma_ll,123.48224682171565,123.37570859401885,0.000862781739391435
coarse,-0.25812499999999994,-0.558125,gamma_omega,4.561925820956199,4.561925827652069,1.4677727756882724e-09
coarse,-0.25812499999999994,-0.25812499999999994,alpha,5.106449790996633,5.106397728488901,1.0195441033079352e-05
coarse,-0.25812499999999994,-0.25812499999999994,beta,-2.0557683011422365,-2.0557803829141523,5.877010511881731e-06
coarse,-0.25812499999999994,-0.25812499999999994,gamma_ll,7.710564150429132,7.7103536639234385,2.7298457231801603e-05
coarse,-0.25812499999999994,-0.25812499999999994,gamma_omega,4.26145638068533,4.2614564015616985,4.898881115931216e-09
coarse,-0.25812499999999994,0.04187500000000005,alpha,16.097024528857432,16.103416221801037,0.0003970729455090855
coarse,-0.25812499999999994,0.04187500000000005,beta,-0.9147475983430172,-0.9148584511406654,0.00011085279764821987
coarse,-0.25812499999999994,0.04187500000000005,gamma_ll,131.50923547952075,131.59820265704215,0.0006765089706209365
coarse,-0.25812499999999994,0.04187500000000005,gamma_omega,4.180818797582117,4.1808188252657486,6.6215812565917884e-09
coarse,-0.16296874999999988,-0.4629687499999999,alpha,16.037885021102408,16.031055697883623,0.00042582442820851383
coarse,-0.16296874999999988,-0.4629687499999999,beta,-0.9793982300444806,-0.9796680320766084,0.0002698020321277861
coarse,-0.16296874999999988,-0.4629687499999999,gamma_ll,124.47516363970865,124.34107923783532,0.001077198036561277
coarse,-0.16296874999999988,-0.4629687499999999,gamma_omega,4.443179307215691,4.443179332013822,5.581168310704303e-09
coarse,-0.16296874999999988,-0.16296874999999988,alpha,5.093386466060676,5.093287641909558,1.9402445068109166e-05
coarse,-0.16296874999999988,-0.16296874999999988,beta,-1.818061016746498,-1.8180810896665687,1.1040839601027708e-05
coarse,-0.16296874999999988,-0.16296874999999988,gamma_ll,7.686009767041411,7.685617070962301,5.1092321114976e-05
coarse,-0.16296874999999988,-0.16296874999999988,gamma_omega,4.211439107534239,4.211439156956157,1.1735161509306423e-08
coarse,-0.16296874999999988,0.1370312500000001,alpha,15.98081517500083,15.988453752608185,0.00047798422819537805
coarse,-0.16296874999999988,0.1370312500000001,beta,-0.8105984032335712,-0.810809078740546,0.00021067550697473347
coarse,-0.16296874999999988,0.1370312500000001,gamma_ll,129.3169781158055,129.41013663859675,0.0007203889554843845
coarse,-0.16296874999999988,0.1370312500000001,gamma_omega,4.201758589693771,4.201758642810767,1.2641610649680903e-08
coarse,-0.06781250000000005,-0.36781250000000004,alpha,15.737915943101841,15.733067063185038,0.00030810178007900207
coarse,-0.06781250000000005,-0.36781250000000004,beta,-0.8293863307727002,-0.8296876209347354,0.00030129016203517267
coarse,-0.06781250000000005,-0.36781250000000004,gamma_ll,123.03110850932404,122.91522202005598,0.0009419283518792437
coarse,-0.06781250000000005,-0.36781250000000004,gamma_omega,4.345693545122052,4.345693595001182,1.1477829635620067e-08
coarse,-0.06781250000000005,-0.06781250000000005,alpha,5.071149292257601,5.071011804387498,2.7111777267718594e-05
coarse,-0.06781250000000005,-0.06781250000000005,beta,-1.54047393675903,-1.540496839074372,1.4867057984862607e-05
coarse,-0.06781250000000005,-0.06781250000000005,gamma_ll,7.603849114151387,7.603329557525232,6.832810835088915e-05
coarse,-0.06781250000000005,-0.06781250000000005,gamma_omega,4.183744853399923,4.1837449299544005,1.8298075075426296e-08
coarse,-0.06781250000000005,0.23218749999999994,alpha,15.748086660418858,15.75439306511595,0.0004004552954958448
coarse,-0.06781250000000005,0.23218749999999994,beta,-0.6890212456909908,-0.6892843667297843,0.00026312103879355675
coarse,-0.06781250000000005,0.23218749999999994,gamma_ll,124.94808376688405,125.00686816961435,0.000470470622342401
coarse,-0.06781250000000005,0.23218749999999994,gamma_omega,4.245057181855574,4.245057250071694,1.6069540866383263e-08
coarse,0.02734375,-0.27265625,alpha,15.406314360015653,15.405278177672779,6.725699078057222e-05
coarse,0.02734375,-0.27265625,beta,-0.6713294400327489,-0.6715928880173643,0.00026344798461541696
coarse,0.02734375,-0.27265625,gamma_ll,118.8484773508371,118.78728978092013,0.000514836801285585
coarse,0.02734375,-0.27265625,gamma_omega,4.2698885553059975,4.269888627960797,1.7015619627761534e-08
coarse,0.02734375,0.02734375,alpha,5.03332016651692,5.03318344311468,2.7163660907034152e-05
coarse,0.02734375,0.02734375,beta,-1.2455823225264195,-1.245602872496743,1.6498283535151622e-05
coarse,0.02734375,0.02734375,gamma_ll,7.451307423818449,7.450745059529988,7.547189459174672e-05
coarse,0.02734375,0.02734375,gamma_omega,4.178455514410977,4.178455605261076,2.1742507174243965e-08
coarse,0.02734375,0.32734375,alpha,15.400114243959456,15.403066819867563,0.0001917242860237618
coarse,0.02734375,0.32734375,beta,-0.5597177635742543,-0.5599722986202235,0.0002545350459691731
coarse,0.02734375,0.32734375,gamma_ll,118.11928995811154,118.11980081171511,4.324895652126103e-06
coarse,0.02734375,0.32734375,gamma_omega,4.310477598420127,4.3104776652132415,1.5495525176880467e-08
coarse,0.12250000000000005,-0.17749999999999994,alpha,14.963993152016597,14.96696069853365,0.00019831247494615832
coarse,0.12250000000000005,-0.17749999999999994,beta,-0.5177466228362794,-0.5179358967821898,0.00018927394591039537
coarse,0.12250000000000005,-0.17749999999999994,gamma_ll,111.96516822988522,111.96768902011061,2.2514057409479323e-05
coarse,0.12250000000000005,-0.17749999999999994,gamma_omega,4.216058647032697,4.216058730422492,1.9779087912775544e-08
coarse,0.12250000000000005,0.12250000000000005,alpha,4.978018058189035,4.977891413404286,2.5440804607098894e-05
coarse,0.12250000000000005,0.12250000000000005,beta,-0.9579254467903305,-0.9579411168043898,1.5670014059221415e-05
coarse,0.12250000000000005,0.12250000000000005,gamma_ll,7.224134579330997,7.223597894992322,7.429046798358946e-05
coarse,0.12250000000000005,0.12250000000000005,gamma_omega,4.19553741804433,4.1955375047049195,2.0655420552945292e-08
coarse,0.12250000000000005,0.42250000000000004,alpha,14.973192395973589,14.972057248433217,7.58119918820867e-05
coarse,0.12250000000000005,0.42250000000000004,beta,-0.433226315980759,-0.43342810270347126,0.0002017867227122605
coarse,0.12250000000000005,0.42250000000000004,gamma_ll,108.91967439117755,108.86233598809876,0.0005264283372061952
coarse,0.12250000000000005,0.42250000000000004,gamma_omega,4.397661321734614,4.397661372864111,1.1626519947759413e-08
coarse,0.2176562500000001,-0.08234374999999988,alpha,14.381686466309958,14.387193288275625,0.00038290516057123286
coarse,0.2176562500000001,-0.08234374999999988,beta,-0.3808387813546284,-0.3809492301603244,0.00011044880569599513
coarse,0.2176562500000001,-0.08234374999999988,gamma_ll,102.73992653351982,102.787460070222,0.0004626588543127622
coarse,0.2176562500000001,-0.08234374999999988,gamma_omega,4.184371724163686,4.184371800774136,1.830871047749982e-08
coarse,0.2176562500000001,0.2176562500000001,alpha,4.9063775623865675,4.906261176659597,2.3721314858202423e-05
coarse,0.2176562500000001,0.2176562500000001,beta,-0.7013150784897108,-0.7013254010397693,1.0322550058505797e-05
coarse,0.2176562500000001,0.2176562500000001,gamma_ll,6.925077275623423,6.924627264423555,6.49828416285835e-05
coarse,0.2176562500000001,0.2176562500000001,gamma_omega,4.234835254122935,4.234835320434559,1.565860786938847e-08
coarse,0.2176562500000001,0.5176562500000002,alpha,14.536647296439474,14.532347343069198,0.0002958009011699528
coarse,0.2176562500000001,0.5176562500000002,beta,-0.31988007089684484,-0.32001036475452044,0.00013029385767560075
coarse,0.2176562500000001,0.5176562500000002,gamma_ll,97.76581387658105,97.6765033511224,0.0009135148772083879
coarse,0.2176562500000001,0.5176562500000002,gamma_omega,4.506116932374783,4.506116961668919,6.500971112259254e-09
coarse,0.31281250000000016,0.012812500000000171,alpha,13.669029529498943,13.674985631585994,0.00043573701221416827
coarse,0.31281250000000016,0.012812500000000171,beta,-0.2711308979877583,-0.27117916396178693,4.826597402862731e-05
coarse,0.31281250000000016,0.012812500000000171,gamma_ll,91.85115276834827,91.91299987747557,0.0006733405870613286
coarse,0.31281250000000016,0.012812500000000171,gamma_omega,4.17486497440019,4.174865028549975,1.2970427889850789e-08
coarse,0.31281250000000016,0.31281250000000016,alpha,4.8266037733355365,4.826520685547171,1.7214545106042005e-05
coarse,0.31281250000000016,0.31281250000000016,beta,-0.4958820945960543,-0.4958876878179337,5.593221879374166e-06
coarse,0.31281250000000016,0.31281250000000016,gamma_ll,6.568883273080449,6.568574802250533,4.695940193989031e-05
coarse,0.31281250000000016,0.31281250000000016,gamma_omega,4.296061816709176,4.296061855196144,8.958662589380092e-09
coarse,0.31281250000000016,0.6128125000000002,alpha,14.167269934380826,14.161814185157365,0.000385095311145416
coarse,0.31281250000000016,0.6128125000000002,beta,-0.22868757671053083,-0.2287537990415662,6.622233103537045e-05
coarse,0.31281250000000016,0.6128125000000002,gamma_ll,85.37561586168998,85.29020558504993,0.0010004059798340251
coarse,0.31281250000000016,0.6128125000000002,gamma_omega,4.6352054438270365,4.635205454193191,2.2363958367988014e-09
coarse,0.40796875,0.10796875,alpha,12.893345497248001,12.89777191785347,0.0003433104779836972
coarse,0.40796875,0.10796875,beta,-0.19574507642518885,-0.19575763319583567,1.2556770646821036e-05
coarse,0.40796875,0.10796875,gamma_ll,80.6004711759305,80.64918515456922,0.0006043882613589189
coarse,0.40796875,0.10796875,gamma_omega,4.187435820708852,4.187435846139983,6.073198985663278e-09
coarse,0.40796875,0.40796875,alpha,4.767489709975723,4.767444973906412,9.383569138619264e-06
coarse,0.40796875,0.40796875,beta,-0.354400435762398,-0.3544027642767412,2.328514343230559e-06
coarse,0.40796875,0.40796875,gamma_ll,6.224063538262603,6.22390220349134,2.592113179288046e-05
coarse,0.40796875,0.40796875,gamma_omega,4.378782874552159,4.37878288868153,3.2267805587567437e-09
coarse,0.40796875,0.70796875,alpha,13.92304158096702,13.91855831499341,0.0003220033458593201
coarse,0.40796875,0.70796875,beta,-0.1658992872691568,-0.16592455372224427,2.5266453087480212e-05
coarse,0.40796875,0.70796875,gamma_ll,73.00295487698071,72.94703886624578,0.0007659417461821704
coarse,0.40796875,0.70796875,gamma_omega,4.784122376365046,4.784122376594137,4.7885776007468e-11
coarse,0.503125,0.20312500000000006,alpha,12.386614219676394,12.388446397586325,0.00014791595810097715
coarse,0.503125,0.20312500000000006,beta,-0.1553374001690538,-0.15533694228229217,4.578867616455984e-07
coarse,0.503125,0.20312500000000006,gamma_ll,73.41166591924059,73.43298616069605,0.00029042034652789427
coarse,0.503125,0.20312500000000006,gamma_omega,4.221826949794465,4.221826953819863,9.534729492095314e-10
coarse,0.503125,0.503125,alpha,4.869470766756271,4.869459962581014,2.2187575969103683e-06
coarse,0.503125,0.503125,beta,-0.2754815665102931,-0.27548188669646007,3.2018616696882773e-07
coarse,0.503125,0.503125,gamma_ll,6.321363043612351,6.32132691136108,5.715895610121881e-06
coarse,0.503125,0.503125,gamma_omega,4.4823964978039585,4.482396499062742,2.8082819099885265e-10
coarse,0.503125,0.8031250000000001,alpha,14.028568460900415,14.026577371940732,0.0001419310149308555
coarse,0.503125,0.8031250000000001,beta,-0.13242885810556917,-0.13243424888764307,5.390782073899647e-06
coarse,0.503125,0.8031250000000001,gamma_ll,64.46797754353231,64.4477397420988,0.00031392021596836887
coarse,0.503125,0.8031250000000001,gamma_omega,4.95187693425788,4.9518769331476555,2.242028256601618e-10
coarse,0.5982812500000001,0.2982812500000001,alpha,13.769698864166816,13.768640056779532,7.689401182475714e-05
coarse,0.5982812500000001,0.2982812500000001,beta,-0.13719742666462803,-0.1371998176475737,2.3909829456603138e-06
coarse,0.5982812500000001,0.2982812500000001,gamma_ll,91.23278071394745,91.21787831255338,0.00016334481178199216
coarse,0.5982812500000001,0.2982812500000001,gamma_omega,4.277604185303736,4.277604187148017,4.3114815965476757e-10
coarse,0.5982812500000001,0.5982812500000001,alpha,5.856795636622916,5.856799840803436,7.178294721217551e-07
coarse,0.5982812500000001,0.5982812500000001,beta,-0.22881057277233763,-0.2288099726962793,6.000760583158016e-07
coarse,0.5982812500000001,0.5982812500000001,gamma_ll,9.63729446357685,9.63732748819575,3.426752085235577e-06
coarse,0.5982812500000001,0.5982812500000001,gamma_omega,4.606106317366823,4.606106318490022,2.4385006205828867e-10
coarse,0.5982812500000001,0.8982812500000001,alpha,16.045380626571863,16.046612359408023,7.676557289769741e-05
coarse,0.5982812500000001,0.8982812500000001,beta,-0.11797535490244167,-0.11797487707522594,4.778272157252017e-07
coarse,0.5982812500000001,0.8982812500000001,gamma_ll,76.29757362285935,76.30943310677726,0.0001554372354819354
coarse,0.5982812500000001,0.8982812500000001,gamma_omega,5.137269226317919,5.137269226464411,2.851548190287011e-11
coarse,0.6934374999999999,0.39343749999999994,alpha,17.843227359113147,17.837709470808193,0.000309242728005485
coarse,0.6934374999999999,0.39343749999999994,beta,-0.12537389490462036,-0.12538672672831366,1.2831823693298938e-05
coarse,0.6934374999999999,0.39343749999999994,gamma_ll,154.424571594471,154.321445962716,0.0006678058465060355
coarse,0.6934374999999999,0.39343749999999994,gamma_omega,4.354126071502741,4.354126086418204,3.425592940121807e-09
coarse,0.6934374999999999,0.6934374999999999,alpha,8.316706194787216,8.316518832517064,2.2528422402305362e-05
coarse,0.6934374999999999,0.6934374999999999,beta,-0.1922371543454391,-0.19223860718969799,1.4528442588979118e-06
coarse,0.6934374999999999,0.6934374999999999,gamma_ll,21.075914046036058,21.074759529996882,5.477893089968409e-05
coarse,0.6934374999999999,0.6934374999999999,gamma_omega,4.748888640672068,4.748888645393452,9.942080435193882e-10
coarse,0.6934374999999999,0.9934375,alpha,20.382522720017064,20.38668250062348,0.00020408566022739897
coarse,0.6934374999999999,0.9934375,beta,-0.1092048025909968,-0.10920953398882417,4.731397827376083e-06
coarse,0.6934374999999999,0.9934375,gamma_ll,119.28507396521587,119.33173565235809,0.00039117792017990237
coarse,0.6934374999999999,0.9934375,gamma_omega,5.338867453097968,5.3388674486923255,8.252016203966854e-10
coarse,0.78859375,0.48859375,alpha,17.941316532760936,17.934495381013413,0.00038019237524001897
coarse,0.78859375,0.48859375,beta,-0.12597193744460677,-0.12599542949033665,2.3492045729878175e-05
coarse,0.78859375,0.48859375,gamma_ll,150.80707977686174,150.6781060170006,0.0008552235084186542
coarse,0.78859375,0.48859375,gamma_omega,4.450504509681407,4.450504535381907,5.774738647857427e-09
coarse,0.78859375,0.78859375,alpha,9.19223691983765,9.192182128587872,5.960600260507317e-06
coarse,0.78859375,0.78859375,beta,-0.18720955201657466,-0.18721016667379847,6.146572238130421e-07
coarse,0.78859375,0.78859375,gamma_ll,23.887552081848902,23.887144551976082,1.70603447110848e-05
coarse,0.78859375,0.78859375,gamma_omega,4.909454359282727,4.9094543608045305,3.099739841923474e-10
coarse,0.78859375,1.08859375,alpha,19.30275742201921,19.30754190212824,0.0002478651108972058
coarse,0.78859375,1.08859375,beta,-0.11112686995521648,-0.111143008318754,1.6138363537518408e-05
coarse,0.78859375,1.08859375,gamma_ll,108.1586048823996,108.20717288683626,0.00044904429462147837
coarse,0.78859375,1.08859375,gamma_omega,5.5549885845184575,5.554988567059944,3.1428532174575653e-09
coarse,0.88375,0.58375,alpha,15.850964357020585,15.845661609151554,0.00033453787098337737
coarse,0.88375,0.58375,beta,-0.1324944777985093,-0.13252784924777408,3.337144926476854e-05
coarse,0.88375,0.58375,gamma_ll,110.23821850222849,110.1481916588237,0.0008166572775572025
coarse,0.88375,0.58375,gamma_omega,4.565557046135807,4.565557070800812,5.402408709423896e-09
coarse,0.88375,0.88375,alpha,8.81756184584046,8.817435701278178,1.4306059258489927e-05
coarse,0.88375,0.88375,beta,-0.19485063767174823,-0.19485197268052842,1.3350087801899946e-06
coarse,0.88375,0.88375,gamma_ll,19.531097270069544,19.53040577012164,3.540507419236307e-05
coarse,0.88375,0.88375,gamma_omega,5.086208572654621,5.08620856209181,2.0767553904588012e-09
coarse,0.88375,1.18375,alpha,15.483521326012719,15.486147062675055,0.00016958265545998624
coarse,0.88375,1.18375,beta,-0.11844362869506572,-0.11846854222778379,2.4913532718065512e-05
coarse,0.88375,1.18375,gamma_ll,73.65775548404955,73.6773129670977,0.00026551831398657737
coarse,0.88375,1.18375,gamma_omega,5.783688532464591,5.783688495724069,6.3524379672292956e-09
coarse,0.9789062500000001,0.67890625,alpha,13.770258114903317,13.767714453337529,0.00018472141513710275
coarse,0.9789062500000001,0.67890625,beta,-0.14070965806099814,-0.14074446618174571,3.480812074757589e-05
coarse,0.9789062500000001,0.67890625,gamma_ll,75.72879827875626,75.68823489837182,0.0005356400907766677
coarse,0.9789062500000001,0.67890625,gamma_omega,4.697754086897869,4.697754098908568,2.556689618012961e-09
coarse,0.9789062500000001,0.9789062500000001,alpha,8.07701694599641,8.076876303561939,1.741267047131611e-05
coarse,0.9789062500000001,0.9789062500000001,beta,-0.20533117512289728,-0.20533280404875848,1.6289258611967838e-06
coarse,0.9789062500000001,0.9789062500000001,gamma_ll,15.016936949646109,15.016351678880563,3.897404427471041e-05
coarse,0.9789062500000001,0.9789062500000001,gamma_omega,5.277214401008932,5.2772143735773875,5.1981106058644195e-09
coarse,0.9789062500000001,1.2789062500000001,alpha,11.935590503970023,11.936023067233934,3.6241463190955264e-05
coarse,0.9789062500000001,1.2789062500000001,beta,-0.127814331129772,-0.12784136206458302,2.7030934811017593e-05
coarse,0.9789062500000001,1.2789062500000001,gamma_ll,46.8586497305026,46.8571803332204,3.135807989882577e-05
coarse,0.9789062500000001,1.2789062500000001,gamma_omega,6.02277144730792,6.022771390337934,9.459098117933193e-09
coarse,1.0740625000000001,0.7740625000000001,alpha,11.947257222178047,11.947088636889479,1.4110794254540188e-05
coarse,1.0740625000000001,0.7740625000000001,beta,-0.14989699017717065,-0.14992372556664096,2.673538947031706e-05
coarse,1.0740625000000001,0.7740625000000001,gamma_ll,50.94400847989283,50.93547040308524,0.00016759727124651452
coarse,1.0740625000000001,0.7740625000000001,gamma_omega,4.845169310538933,4.8451693063730215,8.598071407993108e-10
coarse,1.0740625000000001,1.0740625000000001,alpha,7.150814847200624,7.150699693768651,1.6103539866938624e-05
coarse,1.0740625000000001,1.0740625000000001,beta,-0.21676012360863908,-0.21676179602250484,1.67241386575534e-06
coarse,1.0740625000000001,1.0740625000000001,gamma_ll,11.36696042239516,11.366554126898832,3.5743548075286266e-05
coarse,1.0740625000000001,1.0740625000000001,gamma_omega,5.480173249191559,5.480173208360099,7.450760794272545e-09
coarse,1.0740625000000001,1.3740625000000002,alpha,9.20482594241442,9.203949933923992,9.516839274399323e-05
coarse,1.0740625000000001,1.3740625000000002,beta,-0.13886701777908492,-0.13889254703853007,2.552925944515616e-05
coarse,1.0740625000000001,1.3740625000000002,gamma_ll,28.994168799456222,28.984869191795916,0.00032074061942002885
coarse,1.0740625000000001,1.3740625000000002,gamma_omega,6.269832633943761,6.269832564060276,1.1145988873519575e-08
coarse,1.1692187500000002,0.8692187500000002,alpha,10.313422582446258,10.314505809885345,0.00010503084019180915
coarse,1.1692187500000002,0.8692187500000002,beta,-0.15957420864742056,-0.1595885934374263,1.4384790005733672e-05
coarse,1.1692187500000002,0.8692187500000002,gamma_ll,33.99373776761457,33.9981640043123,0.00013020741431820263
coarse,1.1692187500000002,0.8692187500000002,gamma_omega,5.005449860346587,5.005449845451663,2.975741405978876e-09
coarse,1.1692187500000002,1.1692187500000002,alpha,6.190380808213911,6.190309911869413,1.1452662880468283e-05
coarse,1.1692187500000002,1.1692187500000002,beta,-0.22782160195614629,-0.22782311691069207,1.5149545457837643e-06
coarse,1.1692187500000002,1.1692187500000002,gamma_ll,8.588506371916266,8.588258025724867,2.891610958225674e-05
coarse,1.1692187500000002,1.1692187500000002,gamma_omega,5.692442275140773,5.692442231176117,7.723338031520375e-09
coarse,1.1692187500000002,1.4692187500000002,alpha,7.236489207026989,7.235256539700875,0.00017034051884127547
coarse,1.1692187500000002,1.4692187500000002,beta,-0.1512687910110071,-0.15129273066356813,2.3939652561033586e-05
coarse,1.1692187500000002,1.4692187500000002,gamma_ll,17.718347155163322,17.709756884257366,0.000484823490065326
coarse,1.1692187500000002,1.4692187500000002,gamma_omega,6.522355239864642,6.52235517110887,1.0541555805250509e-08
coarse,1.2643749999999998,0.9643749999999998,alpha,8.822647556079298,8.82395644630986,0.0001483557200082456
coarse,1.2643749999999998,0.9643749999999998,beta,-0.16833561121041526,-0.16833955890844107,3.947698025807966e-06
coarse,1.2643749999999998,0.9643749999999998,gamma_ll,22.841885218279156,22.84831293378988,0.0002814003944639863
coarse,1.2643749999999998,0.9643749999999998,gamma_omega,5.175834960371363,5.175834941167405,3.7103110285260324e-09
coarse,1.2643749999999998,1.2643749999999998,alpha,5.354445703176871,5.354412264015457,6.245121020506909e-06
coarse,1.2643749999999998,1.2643749999999998,beta,-0.2358392994219322,-0.23584040997515984,1.1105532276289853e-06
coarse,1.2643749999999998,1.2643749999999998,gamma_ll,6.590720918920653,6.590594667368984,1.9155954746284218e-05
coarse,1.2643749999999998,1.2643749999999998,gamma_omega,5.911120432073949,5.911120393331415,6.554177834652082e-09
coarse,1.2643749999999998,1.5643749999999998,alpha,5.851175035183813,5.850206554155989,0.00016551906617055643
coarse,1.2643749999999998,1.5643749999999998,beta,-0.16351368047580936,-0.16353378011401987,2.0099638210507864e-05
coarse,1.2643749999999998,1.5643749999999998,gamma_ll,10.897992929868657,10.8929497160072,0.00046276538202139387
coarse,1.2643749999999998,1.5643749999999998,gamma_omega,6.777885575696661,6.777885519786354,8.248930565504353e-09
coarse,1.3595312499999999,1.0595312499999998,alpha,7.51692952032339,7.517864325980833,0.00012436004021529727
coarse,1.3595312499999999,1.0595312499999998,beta,-0.1727959543691425,-0.172793248369603,2.7059995394984604e-06
coarse,1.3595312499999999,1.0595312499999998,gamma_ll,15.868981254500751,15.873314223151137,0.00027304642817934104
coarse,1.3595312499999999,1.0595312499999998,gamma_omega,5.353265735760406,5.353265718030217,3.31203227110392e-09
coarse,1.3595312499999999,1.3595312499999999,alpha,4.740884045079867,4.740874098828287,2.0979740246747688e-06
coarse,1.3595312499999999,1.3595312499999999,beta,-0.23559828689355383,-0.23559876075171823,4.738581644014861e-07
coarse,1.3595312499999999,1.3595312499999999,gamma_ll,5.296407566209914,5.296362462512491,8.515903819584935e-06
coarse,1.3595312499999999,1.3595312499999999,gamma_omega,6.133243961592189,6.133243933658684,4.554442226911569e-09
coarse,1.3595312499999999,1.65953125,alpha,4.887091183620382,4.886579542796888,0.00010469230146738761
coarse,1.3595312499999999,1.65953125,beta,-0.17189452217455248,-0.17190674243003026,1.2220255477785047e-05
coarse,1.3595312499999999,1.65953125,gamma_ll,6.93982507567033,6.9377439058169,0.0002998879410846544
coarse,1.3595312499999999,1.65953125,gamma_omega,7.03431156332471,7.0343115274678905,5.097417055360861e-09
coarse,1.4546875,1.1546874999999999,alpha,6.448622068797802,6.449018453126649,6.14680662965667e-05
coarse,1.4546875,1.1546874999999999,beta,-0.1673624298036445,-0.16735898653610753,3.4432675369566734e-06
coarse,1.4546875,1.1546874999999999,gamma_ll,11.887448605514047,11.889235347843067,0.00015030494669745638
coarse,1.4546875,1.1546874999999999,gamma_omega,5.534638703782621,5.534638694602674,1.6586352013183835e-09
coarse,1.4546875,1.4546875,alpha,4.349034916258779,4.34904012176646,1.1969339821680337e-06
coarse,1.4546875,1.4546875,beta,-0.2197358781270673,-0.21973589860775153,2.0480684231882762e-08
coarse,1.4546875,1.4546875,gamma_ll,4.6592666316295075,4.6592830460426615,3.52296068282541e-06
coarse,1.4546875,1.4546875,gamma_omega,6.356132483950849,6.3561324719558066,1.8871605214420233e-09
coarse,1.4546875,1.7546875,alpha,4.198368337780392,4.198219559364418,3.543719940810645e-05
coarse,1.4546875,1.7546875,beta,-0.1703362330507293,-0.17034011558145273,3.882530723420263e-06
coarse,1.4546875,1.7546875,gamma_ll,4.737689580192883,4.7371924331744815,0.00010493448546727296
coarse,1.4546875,1.7546875,gamma_omega,7.290255921222932,7.29025590818365,1.788590386306652e-09
coarse,1.54984375,1.24984375,alpha,5.314086343882259,5.314079059648687,1.370740537602703e-06
coarse,1.54984375,1.24984375,beta,-0.14723431420454167,-0.14723443372548525,1.1952094358669285e-07
coarse,1.54984375,1.24984375,gamma_ll,9.870566483667329,9.870527258924367,3.973910010753386e-06
coarse,1.54984375,1.24984375,gamma_omega,5.717246471068546,5.717246471095741,4.7566840384468154e-12
coarse,1.54984375,1.54984375,alpha,3.8742207170435896,3.874221216366116,1.2888334529845075e-07
coarse,1.54984375,1.54984375,beta,-0.18471201700421347,-0.18471201558644876,1.4177647111868197e-09
coarse,1.54984375,1.54984375,gamma_ll,4.547660079600432,4.547660001617829,1.7147852133325376e-08
coarse,1.54984375,1.54984375,gamma_omega,6.577903616885223,6.577903616899794,2.2152126273477002e-12
coarse,1.54984375,1.84984375,alpha,3.461621291018114,3.461623876442749,7.468825782690637e-07
coarse,1.54984375,1.84984375,beta,-0.15343719579343154,-0.15343713560769603,6.018573550647943e-08
coarse,1.54984375,1.84984375,gamma_ll,3.5111962660877265,3.5112029253423653,1.8965771589435872e-06
coarse,1.54984375,1.84984375,gamma_omega,7.545560506739132,7.545560506712975,3.4665223924461723e-12
coarse,1.645,1.345,alpha,3.3391254298645903,3.338999451473437,3.7727960149806416e-05
coarse,1.645,1.345,beta,-0.11568473664214356,-0.11568680505829548,2.0684161519263222e-06
coarse,1.645,1.345,gamma_ll,8.386118918249922,8.385519697725073,7.145385495849091e-05
coarse,1.645,1.345,gamma_omega,5.899401271435199,5.899401256212481,2.580383584144793e-09
coarse,1.645,1.645,alpha,2.5886984266781936,2.5886648439736653,1.2972814516463288e-05
coarse,1.645,1.645,beta,-0.13941512347023968,-0.13941528987514684,1.664049071592455e-07
coarse,1.645,1.645,gamma_ll,4.374986145725831,4.374976664416377,2.1671633093646837e-06
coarse,1.645,1.645,gamma_omega,6.7981113611231905,6.798111343089966,2.6526815660040192e-09
coarse,1.645,1.945,alpha,2.170718103758416,2.1707049128929277,6.076728924637907e-06
coarse,1.645,1.945,beta,-0.12309680403147139,-0.12309613737311388,6.66658357503791e-07
coarse,1.645,1.945,gamma_ll,2.671127576608342,2.671182458614611,2.0546381516750486e-05
coarse,1.645,1.945,gamma_omega,7.801774871776337,7.801774853807231,2.3032074750070476e-09
fine,-0.1892865486659734,3.7961858409105425,alpha,1.000071612820808,1.000071612760272,6.053168579594318e-11
fine,-0.1892865486659734,3.7961858409105425,beta,3.5856773628791994e-44,3.5747603026180426e-44,1.0917060261156769e-46
fine,-0.1892865486659734,3.7961858409105425,gamma_ll,1.0002598551464805,1.0002598549269,2.1952353162471199e-10
fine,-0.1892865486659734,3.7961858409105425,gamma_omega,17.540995559744626,17.5409955590143,4.163548162074632e-11
fine,2.854852249391948,5.281155838682102,alpha,1.0,1.0,0.0
fine,2.854852249391948,5.281155838682102,beta,0.0,-8.777259355421896e-27,8.777259355421896e-27
fine,2.854852249391948,5.281155838682102,gamma_ll,1.0,1.0,0.0
fine,2.854852249391948,5.281155838682102,gamma_omega,30.953133888110457,30.953133888169152,1.896233928998331e-12
fine,-0.8712327043972741,-0.734334149786581,alpha,6.772318152988932,6.772306470276896,1.7250683993401085e-06
fine,-0.8712327043972741,-0.734334149786581,beta,-1.341374718066867,-1.341373549584587,8.71108023794419e-07
fine,-0.8712327043972741,-0.734334149786581,gamma_ll,104.99994772953491,104.99965336633247,2.803460466483475e-06
fine,-0.8712327043972741,-0.734334149786581,gamma_omega,4.836333554669294,4.836333554736233,1.3840744031083863e-11
fine,-0.1547477512588602,-3.1305412265627046,alpha,1.0073500927982475,1.0073500892505642,3.5217977182302754e-09
fine,-0.1547477512588602,-3.1305412265627046,beta,1.9154175811345842e-30,1.717567377533178e-30,1.9785020360140627e-31
fine,-0.1547477512588602,-3.1305412265627046,gamma_ll,1.0268617923438226,1.0268617797494044,1.2264959382976121e-08
fine,-0.1547477512588602,-3.1305412265627046,gamma_omega,13.17541083303191,13.175410833749602,5.447212091780607e-11
fine,0.7779005769635692,4.170884328678007,alpha,1.0000024913693994,1.0000024913657568,3.642632668651575e-12
fine,0.7779005769635692,4.170884328678007,beta,1.1796542330304894e-82,-4.915982146413548e-46,4.915982146413548e-46
fine,0.7779005769635692,4.170884328678007,gamma_ll,1.000009039598159,1.0000090395849426,1.3216197460628556e-11
fine,0.7779005769635692,4.170884328678007,gamma_omega,20.481883971911927,20.481883971351422,2.7365867927269383e-11
fine,2.705151892617404,3.7961679942560433,alpha,1.0000000000000004,1.0000000000000004,0.0
fine,2.705151892617404,3.7961679942560433,beta,-4.4197874576711596e-08,-4.419688278737681e-08,9.917893347849967e-13
fine,2.705151892617404,3.7961679942560433,gamma_ll,1.0,1.0,0.0
fine,2.705151892617404,3.7961679942560433,gamma_omega,17.479256855344726,17.47925685525003,5.417712199787897e-12
fine,0.3247617518449619,4.033831963231087,alpha,1.0000100342690974,1.000010034240731,2.8366135690338905e-11
fine,0.3247617518449619,4.033831963231087,beta,2.3363020299110362e-61,-8.200112357536213e-52,8.200112359872514e-52
fine,0.3247617518449619,4.033831963231087,gamma_ll,1.0000364082635935,1.000036408160673,1.029168139401259e-10
fine,0.3247617518449619,4.033831963231087,gamma_omega,19.36926725244218,19.369267250637716,9.316128929964572e-11
fine,1.5160674689425364,-4.512614027649093,alpha,1.0000000460460596,1.0000000460457916,2.6800782580380846e-13
fine,1.5160674689425364,-4.512614027649093,beta,0.0,-1.6487469440883083e-102,1.6487469440883083e-102
fine,1.5160674689425364,-4.512614027649093,gamma_ll,1.0000001670715208,1.0000001670705483,9.725552070853596e-13
fine,1.5160674689425364,-4.512614027649093,gamma_omega,23.432879190056155,23.43287918929949,3.229069968744524e-11
fine,2.7250655055691437,0.6621939399999821,alpha,1.0,0.9999999999999999,1.1102230246251565e-16
fine,2.7250655055691437,0.6621939399999821,beta,-4.1750647587114804e-17,-4.172621839603115e-17,2.442919108365175e-20
fine,2.7250655055691437,0.6621939399999821,gamma_ll,1.0,0.9999999999999998,2.220446049250313e-16
fine,2.7250655055691437,0.6621939399999821,gamma_omega,3.5874673596602493,3.5874673601111757,1.2569491569328707e-10
fine,2.670580210032207,1.390453696308855,alpha,1.0,1.0000000000010787,1.078692690725802e-12
fine,2.670580210032207,1.390453696308855,beta,-1.1220364283353233e-08,-1.1219272126129847e-08,1.092157223386035e-12
fine,2.670580210032207,1.390453696308855,gamma_ll,1.0,1.0000000000038036,3.803624082365786e-12
fine,2.670580210032207,1.390453696308855,gamma_omega,5.115686329731642,5.1156863276348945,4.0986634622139313e-10
fine,-1.3834883574298478,1.2368321681274441,alpha,254.09869057854831,254.09869304404765,9.70292026985374e-09
fine,-1.3834883574298478,1.2368321681274441,beta,1.792166720207246e-24,1.772206497327237e-24,1.9960222880009195e-26
fine,-1.3834883574298478,1.2368321681274441,gamma_ll,89906.59284505875,89906.5939065062,1.1806113560361583e-08
fine,-1.3834883574298478,1.2368321681274441,gamma_omega,5.959371656724861,5.959371653096677,6.088198864699151e-10
fine,-0.9418438195713232,2.0557711432770702,alpha,4.557553033462757,4.557553457916417,9.313191896151958e-08
fine,-0.9418438195713232,2.0557711432770702,beta,2.270466003096045e-10,2.2685081199440606e-10,1.9578831519844708e-13
fine,-0.9418438195713232,2.0557711432770702,gamma_ll,62.81251184341594,62.81251884809574,1.1151726934575317e-07
fine,-0.9418438195713232,2.0557711432770702,gamma_omega,8.496816685429485,8.49681668345449,2.32439331501557e-10
fine,-1.410679179736701,-2.793190482848235,alpha,1.055851508249364,1.0558514884476582,1.875425254014555e-08
fine,-1.410679179736701,-2.793190482848235,beta,-2.882260116255965e-05,-2.882002217396963e-05,2.5789885900204886e-09
fine,-1.410679179736701,-2.793190482848235,gamma_ll,1.2138410372469024,1.2138409834589492,4.431218878918449e-08
fine,-1.410679179736701,-2.793190482848235,gamma_omega,11.42718720405356,11.427187208074995,3.519182417450906e-10
fine,1.1005794146765688,5.9754127984452285,alpha,1.0000000000000184,1.0000000000000187,2.2204460492502722e-16
fine,1.1005794146765688,5.9754127984452285,beta,0.0,9.978870947890856e-80,9.978870947890856e-80
fine,1.1005794146765688,5.9754127984452285,gamma_ll,1.000000000000067,1.000000000000067,0.0
fine,1.1005794146765688,5.9754127984452285,gamma_omega,38.76808226555604,38.768082265518764,9.614886715996352e-13
fine,2.2634753117911495,2.678014612274575,alpha,1.0012046299123916,1.0012046298357382,7.656112251549117e-11
fine,2.2634753117911495,2.678014612274575,beta,-0.0023750345480765566,-0.002375034311933862,2.361426948080392e-10
fine,2.2634753117911495,2.678014612274575,gamma_ll,1.0043723801742408,1.0043723798984903,2.745500961211327e-10
fine,2.2634753117911495,2.678014612274575,gamma_omega,10.42523675671971,10.42523675700703,2.7559912551668264e-11
fine,0.3182384836995824,4.147868694117706,alpha,1.0000039409000754,1.0000039408980328,2.0425802711006186e-12
fine,0.3182384836995824,4.147868694117706,beta,1.2396564148922918e-63,-1.1483619556325449e-54,1.1483619568722013e-54
fine,0.3182384836995824,4.147868694117706,gamma_ll,1.0000142990452943,1.0000142990378833,7.410854765829879e-12
fine,0.3182384836995824,4.147868694117706,gamma_omega,20.292391475744893,20.29239147554865,9.670681038775873e-12
fine,-1.0049916863659658,3.2365773559775217,alpha,1.0037444917557623,1.0037444869995773,4.738441944601022e-09
fine,-1.0049916863659658,3.2365773559775217,beta,1.5628915363353244e-36,1.555322835307917e-36,7.568701027407348e-39
fine,-1.0049916863659658,3.2365773559775217,gamma_ll,1.0136364348656564,1.0136364178328963,1.680361864014642e-08
fine,-1.0049916863659658,3.2365773559775217,gamma_omega,13.790863361488167,13.790863361714404,1.640483276034741e-11
fine,-1.489769751017426,-4.236888495139576,alpha,1.0000020524991002,1.0000020524901445,8.955706668861408e-12
fine,-1.489769751017426,-4.236888495139576,beta,6.146549043085286e-74,1.5202138550906868e-26,1.5202138550906868e-26
fine,-1.489769751017426,-4.236888495139576,gamma_ll,1.0000074472131988,1.0000074471807048,3.2493765496729795e-11
fine,-1.489769751017426,-4.236888495139576,gamma_omega,21.032979043839333,21.032979042236207,7.62196604237811e-11
fine,2.3809205209417237,-2.5818786184770692,alpha,1.0005814591719007,1.0005814591316475,4.022974220664013e-11
fine,2.3809205209417237,-2.5818786184770692,beta,0.0,2.7431419856755462e-80,2.7431419856755462e-80
fine,2.3809205209417237,-2.5818786184770692,gamma_ll,1.0021109484141013,1.0021109482723398,1.4146287061214928e-10
fine,2.3809205209417237,-2.5818786184770692,gamma_omega,9.889336981598161,9.889336982541097,9.53487981435025e-11
fine,0.8802596746580349,-1.8738359517113832,alpha,4.868603437785172,4.868603425330297,2.5582027010958387e-09
fine,0.8802596746580349,-1.8738359517113832,beta,1.2127223467151727e-44,-1.2513970048648419e-28,1.251397004864842e-28
fine,0.8802596746580349,-1.8738359517113832,gamma_ll,72.74870326422611,72.74870284627553,5.7451274724117916e-09
fine,0.8802596746580349,-1.8738359517113832,gamma_omega,7.855331358136682,7.855331377599231,2.477622905833971e-09
fine,2.20111316432177,-3.032361779598346,alpha,1.0002574131430961,1.0002574129875181,1.5553795741688793e-10
fine,2.20111316432177,-3.032361779598346,beta,0.0,-1.1924700181807092e-85,1.1924700181807092e-85
fine,2.20111316432177,-3.032361779598346,gamma_ll,1.0009342232304081,1.000934222666419,5.634626777390741e-10
fine,2.20111316432177,-3.032361779598346,gamma_omega,12.383865564494583,12.383865565022312,4.2614236151453356e-11
fine,-0.345317247859908,0.5597936494011888,alpha,431.7523835770369,431.7542711837315,4.371965891551763e-06
fine,-0.345317247859908,0.5597936494011888,beta,-0.0026554542729095515,-0.00265539446117438,5.981173517143751e-08
fine,-0.345317247859908,0.5597936494011888,gamma_ll,346675.9905416952,346678.80859069945,8.128768882551993e-06
fine,-0.345317247859908,0.5597936494011888,gamma_omega,4.564377442082169,4.564377443756206,3.667614737199992e-10
fine,-0.2728948413663448,4.135792970043397,alpha,1.0000047989595695,1.0000047989416105,1.795888146239048e-11
fine,-0.2728948413663448,4.135792970043397,beta,6.15626172149466e-50,6.103544478923692e-50,5.2717242570968365e-52
fine,-0.2728948413663448,4.135792970043397,gamma_ll,1.0000174124176924,1.0000174123525316,6.51596310853767e-11
fine,-0.2728948413663448,4.135792970043397,gamma_omega,20.193355931821326,20.193355929998106,9.028814683864505e-11
fine,2.272128913102564,-2.0266155220469324,alpha,1.018434555879768,1.0184345561965442,3.1104223538876995e-10
fine,2.272128913102564,-2.0266155220469324,beta,0.0,5.456468933277347e-65,5.456468933277347e-65
fine,2.272128913102564,-2.0266155220469324,gamma_ll,1.068096277776591,1.0680962791964959,1.329379092408755e-09
fine,2.272128913102564,-2.0266155220469324,gamma_omega,7.50296396193975,7.502963962413541,6.314714915154208e-11
fine,2.5318655889762685,1.402743921061619,alpha,1.0005580991400151,1.0005581004438544,1.3031119930989441e-09
fine,2.5318655889762685,1.402743921061619,beta,-4.476450588673995e-07,-4.476325223838111e-07,1.2536483588420003e-11
fine,2.5318655889762685,1.402743921061619,gamma_ll,1.0019724641887722,1.0019724691312617,4.932759836629078e-09
fine,2.5318655889762685,1.402743921061619,gamma_omega,5.2115456975589805,5.211545697605222,8.872844209445656e-12
fine,2.734398777659049,5.26902785798957,alpha,1.0,1.0,0.0
fine,2.734398777659049,5.26902785798957,beta,0.0,-1.9770294307708014e-28,1.9770294307708014e-28
fine,2.734398777659049,5.26902785798957,gamma_ll,1.0,1.0,0.0
fine,2.734398777659049,5.26902785798957,gamma_omega,30.82519562222528,30.82519562227887,1.738484770308755e-12
fine,0.037802284119540897,-1.7518619279881928,alpha,22.54764804917541,22.54764784820771,8.913022799934195e-09
fine,0.037802284119540897,-1.7518619279881928,beta,-2.8627021596016573e-10,-2.8627131832852996e-10,1.1023683642349707e-15
fine,0.037802284119540897,-1.7518619279881928,gamma_ll,1704.7464092610937,1704.7463824634117,1.5719453576223986e-08
fine,0.037802284119540897,-1.7518619279881928,gamma_omega,7.484907624921329,7.484907624454748,6.233618039835635e-11
fine,-1.2692425008458774,-2.922572531726614,alpha,1.0263167512572493,1.026316748502409,2.6842009082083735e-09
fine,-1.2692425008458774,-2.922572531726614,beta,-7.462994782067656e-08,-7.462422578944342e-08,5.722031233139767e-12
fine,-1.2692425008458774,-2.922572531726614,gamma_ll,1.0979652712515056,1.0979652626135519,7.867237618379414e-09
fine,-1.2692425008458774,-2.922572531726614,gamma_omega,12.060773322891105,12.060773323569476,5.624607302370798e-11
fine,1.5280213373481395,-1.6751039644698524,alpha,2.443984952066569,2.443984952402807,1.3757783089080487e-10
fine,1.5280213373481395,-1.6751039644698524,beta,1.549911298433907e-91,9.466219951131228e-40,9.466219951131228e-40
fine,1.5280213373481395,-1.6751039644698524,gamma_ll,14.032658031893238,14.032658028067072,2.726615329727067e-10
fine,1.5280213373481395,-1.6751039644698524,gamma_omega,7.161768378414318,7.161768380254585,2.569570123651004e-10
fine,2.4438471715367056,1.869690044651069,alpha,1.0032808012924204,1.0032808018998007,6.053941901811507e-10
fine,2.4438471715367056,1.869690044651069,beta,-0.000587846901623358,-0.0005878475224059189,6.207825609897549e-10
fine,2.4438471715367056,1.869690044651069,gamma_ll,1.0119351935051508,1.011935196170112,2.6335294569820268e-09
fine,2.4438471715367056,1.869690044651069,gamma_omega,6.78389535487508,6.783895354473596,5.918195346969062e-11
fine,1.7862038387983068,-2.8495269384857607,alpha,1.0050481357973944,1.0050481357708643,2.639685652468671e-11
fine,1.7862038387983068,-2.8495269384857607,beta,3.646115753143217e-128,-1.113407488036536e-72,1.113407488036536e-72
fine,1.7862038387983068,-2.8495269384857607,gamma_ll,1.0184074747926406,1.0184074747011922,8.979549607408303e-11
fine,1.7862038387983068,-2.8495269384857607,gamma_omega,11.525482365851655,11.525482365807672,3.816117533949321e-12
fine,-0.4437422562296609,-5.193567707072372,alpha,1.0000000002384453,1.0000000002384437,1.5543122341046009e-15
fine,-0.4437422562296609,-5.193567707072372,beta,0.0,1.0633038942451801e-70,1.0633038942451801e-70
fine,-0.4437422562296609,-5.193567707072372,gamma_ll,1.0000000008651644,1.0000000008651586,5.773159723056082e-15
fine,-0.4437422562296609,-5.193567707072372,gamma_omega,30.03633907662117,30.036339076582802,1.2774295706666268e-12
fine,1.7546287550188002,4.587904462932727,alpha,1.0000000127903024,1.0000000127902224,7.993605675060494e-14
fine,1.7546287550188002,4.587904462932727,beta,0.0,-1.3611961665189545e-32,1.3611961665189545e-32
fine,1.7546287550188002,4.587904462932727,gamma_ll,1.0000000464077763,1.000000046407485,2.913225081420113e-13
fine,1.7546287550188002,4.587904462932727,gamma_omega,24.115701969605894,24.115701969091617,2.1325384678273572e-11
fine,0.8083302456378321,2.8386984047822175,alpha,1.0289411209846129,1.0289411034905067,1.7002047840167276e-08
fine,0.8083302456378321,2.8386984047822175,beta,-8.532666228468228e-15,-8.531677409202935e-15,9.888192652930724e-19
fine,0.8083302456378321,2.8386984047822175,gamma_ll,1.1080071051650116,1.108007049486789,5.0250781080228516e-08
fine,0.8083302456378321,2.8386984047822175,gamma_omega,11.63505337357069,11.635053379310943,4.933585204379079e-10
fine,2.7182206484922773,-3.0710320019058015,alpha,1.0,1.0,0.0
fine,2.7182206484922773,-3.0710320019058015,beta,0.0,-3.8848037214194586e-100,3.8848037214194586e-100
fine,2.7182206484922773,-3.0710320019058015,gamma_ll,1.0,1.0,0.0
fine,2.7182206484922773,-3.0710320019058015,gamma_omega,12.522679287492458,12.522679287421296,5.68270014023996e-12
fine,0.4928345881561169,-4.3619535620089405,alpha,1.000000585538966,1.0000005855360616,2.904341731814155e-12
fine,0.4928345881561169,-4.3619535620089405,beta,4.86610091556592e-73,5.77396151862141e-73,9.078606030554899e-74
fine,0.4928345881561169,-4.3619535620089405,gamma_ll,1.000002124545253,1.0000021245347148,1.0538214560828264e-11
fine,0.4928345881561169,-4.3619535620089405,gamma_omega,22.10211139623628,22.102111394979982,5.6840560511184915e-11
fine,0.4367347181696415,-0.5585906118407671,alpha,188.69329596141117,188.69323508163518,3.226387862721299e-07
fine,0.4367347181696415,-0.5585906118407671,beta,-0.0004872792446300601,-0.00048727009567756227,9.14895249783023e-09
fine,0.4367347181696415,-0.5585906118407671,gamma_ll,80794.47290715159,80794.43321533201,4.91268995865102e-07
fine,0.4367347181696415,-0.5585906118407671,gamma_omega,4.555829943418989,4.555829944901899,3.254971790816703e-10
fine,2.2040293061568113,-0.42408819953129306,alpha,1.1202160627613473,1.1202160638258154,9.50234606189423e-10
fine,2.2040293061568113,-0.42408819953129306,beta,0.0,5.403329991665816e-27,5.403329991665816e-27
fine,2.2040293061568113,-0.42408819953129306,gamma_ll,1.486916557701335,1.4869165661483066,5.680864553498653e-09
fine,2.2040293061568113,-0.42408819953129306,gamma_omega,3.5933984153380423,3.5933984162191956,2.452144935358119e-10
fine,0.05150966408876245,-5.969029248872504,alpha,1.000000000000039,1.0000000000000389,2.2204460492502263e-16
fine,0.05150966408876245,-5.969029248872504,beta,0.0,-5.712664638587877e-98,5.712664638587877e-98
fine,0.05150966408876245,-5.969029248872504,gamma_ll,1.0000000000001417,1.0000000000001412,4.440892098499997e-16
fine,0.05150966408876245,-5.969029248872504,gamma_omega,38.69183624326294,38.69183624365785,1.0206611664156122e-11
fine,1.1995579936084901,3.9490628747071703,alpha,1.000009579362582,1.0000095793615145,1.0675802337414061e-12
fine,1.1995579936084901,3.9490628747071703,beta,4.9834020138721016e-107,6.774989864161556e-31,6.774989864161556e-31
fine,1.1995579936084901,3.9490628747071703,gamma_ll,1.000034757668787,1.0000347576649136,3.873211464511021e-12
fine,1.1995579936084901,3.9490628747071703,gamma_omega,18.699294303239963,18.69929430318678,2.8441781229374238e-12
fine,-0.032946530591667855,5.535443385900885,alpha,1.0000000000059017,1.000000000005902,2.2204460492372086e-16
fine,-0.032946530591667855,5.535443385900885,beta,0.0,3.406747541516741e-86,3.406747541516741e-86
fine,-0.032946530591667855,5.535443385900885,gamma_ll,1.0000000000214135,1.000000000021414,4.440892098405531e-16
fine,-0.032946530591667855,5.535443385900885,gamma_omega,33.70380748462496,33.70380748468863,1.889155537709157e-12
fine,1.3093395611043808,2.886464149183629,alpha,1.0119517913800729,1.0119517833914322,7.89428973389701e-09
fine,1.3093395611043808,2.886464149183629,beta,-3.4817429419367213e-09,-3.480695055034148e-09,1.0478869025734143e-12
fine,1.3093395611043808,2.886464149183629,gamma_ll,1.043875972952128,1.0438759453812376,2.6412036653741547e-08
fine,1.3093395611043808,2.886464149183629,gamma_omega,11.834468819040103,11.83446882376683,3.9940343129559626e-10
fine,-0.3078268625058771,4.6138839567910725,alpha,1.0000000719227984,1.00000007192234,4.583000316030438e-13
fine,-0.3078268625058771,4.6138839567910725,beta,0.0,-1.3258464468867073e-59,1.3258464468867073e-59
fine,-0.3078268625058771,4.6138839567910725,gamma_ll,1.000000260961561,1.0000002609598984,1.6626695677857885e-12
fine,-0.3078268625058771,4.6138839567910725,gamma_omega,24.356146137609144,24.356146136912223,2.8613789208607142e-11
fine,1.0275110703109278,-2.123217693357456,alpha,1.9382489787887016,1.9382489931620954,7.4156591675236465e-09
fine,1.0275110703109278,-2.123217693357456,beta,6.375127346210807e-56,-2.457495234063637e-37,2.457495234063637e-37
fine,1.0275110703109278,-2.123217693357456,gamma_ll,7.70828263481135,7.708282720014454,1.1053448370308017e-08
fine,1.0275110703109278,-2.123217693357456,gamma_omega,8.685045523974715,8.685045518620802,6.164519061898415e-10
fine,-0.7893943557961167,-2.523441792786075,alpha,1.250238770678993,1.2502387694024772,1.0210175943223449e-09
fine,-0.7893943557961167,-2.523441792786075,beta,-8.470393687963738e-09,-8.47004523675835e-09,3.484512053885018e-13
fine,-0.7893943557961167,-2.523441792786075,gamma_ll,2.1358152909605743,2.1358153018286106,5.0884719735458025e-09
fine,-0.7893943557961167,-2.523441792786075,gamma_omega,10.240228700228299,10.240228700482769,2.485005268151582e-11
fine,1.668311937826076,-1.6963184687056536,alpha,1.8623517338518698,1.8623517196344752,7.634108174370085e-09
fine,1.668311937826076,-1.6963184687056536,beta,1.6852750626670366e-102,6.418810702059717e-42,6.418810702059717e-42
fine,1.668311937826076,-1.6963184687056536,gamma_ll,6.873567906717512,6.873567767843163,2.0204113967919885e-08
fine,1.668311937826076,-1.6963184687056536,gamma_omega,7.1104874897651165,7.110491195480897,5.211619858398532e-07
fine,0.05398101637550279,0.9730921250623181,alpha,362.4913222211956,362.4915179799858,5.40037176611205e-07
fine,0.05398101637550279,0.9730921250623181,beta,-0.001202696106816018,-0.0012026920480102006,4.0588058172665725e-09
fine,0.05398101637550279,0.9730921250623181,gamma_ll,155729.39557590822,155729.56414620692,1.0824565142510773e-06
fine,0.05398101637550279,0.9730921250623181,gamma_omega,5.309898881170894,5.309898881060062,2.087275761007713e-11
fine,-0.9092090099936292,-1.186509003467343,alpha,13.353312468572888,13.353418741837467,7.958569443326171e-06
fine,-0.9092090099936292,-1.186509003467343,beta,-1.116910613204502,-1.1169141047275846,3.1260541724439636e-06
fine,-0.9092090099936292,-1.186509003467343,gamma_ll,325.6118113943812,325.61602421599264,1.2938171970412098e-05
fine,-0.9092090099936292,-1.186509003467343,gamma_omega,5.827122533629084,5.827122530335729,5.651768781419384e-10
fine,-0.8290206453580747,3.9254434739627424,alpha,1.0000263649175445,1.0000263649176713,1.2678412675914492e-13
fine,-0.8290206453580747,3.9254434739627424,beta,9.881578140500132e-46,9.880637159915343e-46,9.40980584789612e-50
fine,-0.8290206453580747,3.9254434739627424,gamma_ll,1.000095663798291,1.0000956637987506,4.595883662260513e-13
fine,-0.8290206453580747,3.9254434739627424,gamma_omega,18.519215314574428,18.51921531456555,4.794064614787095e-13
fine,0.5795978062294469,5.698485880679485,alpha,1.000000000000762,1.000000000000762,0.0
fine,0.5795978062294469,5.698485880679485,beta,0.0,4.337425199011643e-85,4.337425199011643e-85
fine,0.5795978062294469,5.698485880679485,gamma_ll,1.000000000002765,1.000000000002765,0.0
fine,0.5795978062294469,5.698485880679485,gamma_omega,35.5353275445946,35.53532754459924,1.3056989720133412e-13
fine,0.4330884750698185,3.1926524839537613,alpha,1.0043021929966676,1.004302189222907,3.757594739542828e-09
fine,0.4330884750698185,3.1926524839537613,beta,3.590677869904749e-46,5.161649900812083e-30,5.161649900812082e-30
fine,0.4330884750698185,3.1926524839537613,gamma_ll,1.015676007004687,1.0156759935485573,1.3248447017747096e-08
fine,0.4330884750698185,3.1926524839537613,gamma_omega,13.530689386435881,13.53068938713316,5.153312291236985e-11
fine,-0.42363520906043695,2.165937544148747,alpha,2.837789286760521,2.8377896714537822,1.3556089701264395e-07
fine,-0.42363520906043695,2.165937544148747,beta,4.8541529432238435e-05,4.851755928031268e-05,2.397015192575697e-08
fine,-0.42363520906043695,2.165937544148747,gamma_ll,20.58483591618809,20.58484053482971,2.2437106796951478e-07
fine,-0.42363520906043695,2.165937544148747,gamma_omega,8.881788986425843,8.881788984455039,2.2189268034630924e-10
fine,2.3841060717832465,2.89572909663071,alpha,1.0001013710774247,1.0001013710576545,1.9768181566845855e-11
fine,2.3841060717832465,2.89572909663071,beta,-0.0006000228741358779,-0.0006000229814084594,1.072725814427189e-10
fine,2.3841060717832465,2.89572909663071,gamma_ll,1.0003676375103259,1.0003676374387411,7.15584305739169e-11
fine,2.3841060717832465,2.89572909663071,gamma_omega,11.550025611801301,11.550025612257166,3.946871588515481e-11
fine,0.3297884104430324,-2.1917958590781317,alpha,2.354739124346028,2.354739382856965,1.0978325982202346e-07
fine,0.3297884104430324,-2.1917958590781317,beta,7.427788082520942e-22,1.2076733008462497e-21,4.648944925941555e-22
fine,0.3297884104430324,-2.1917958590781317,gamma_ll,12.878116979129162,12.878119499328898,1.9569629163143255e-07
fine,0.3297884104430324,-2.1917958590781317,gamma_omega,8.969915988180947,8.969915986810259,1.5280950829814232e-10
fine,2.9298691274749524,-0.7094484265892476,alpha,1.0,1.0,0.0
fine,2.9298691274749524,-0.7094484265892476,beta,0.0,-1.3936830380157473e-51,1.3936830380157473e-51
fine,2.9298691274749524,-0.7094484265892476,gamma_ll,1.0,1.0,0.0
fine,2.9298691274749524,-0.7094484265892476,gamma_omega,3.6116099158860377,3.611609915800945,2.3560911521341402e-11
fine,-1.1370066529102372,-2.135037118122483,alpha,3.205354462846589,3.205354994194346,1.657687982741475e-07
fine,-1.1370066529102372,-2.135037118122483,beta,-0.01076167695956225,-0.010761572505121435,1.0445444081561006e-07
fine,-1.1370066529102372,-2.135037118122483,gamma_ll,27.6797629893318,27.679769721836,2.432283904653459e-07
fine,-1.1370066529102372,-2.135037118122483,gamma_omega,8.772838527729348,8.772838525244202,2.8327733413817737e-10
fine,-0.6055745611799839,-2.575579435380582,alpha,1.18816982122525,1.1881698207747475,3.7915667956416413e-10
fine,-0.6055745611799839,-2.575579435380582,beta,1.42155804955615e-11,1.3904058340409151e-11,3.11522155152348e-13
fine,-0.6055745611799839,-2.575579435380582,gamma_ll,1.8110568081531564,1.8110568065671706,8.757239309141691e-10
fine,-0.6055745611799839,-2.575579435380582,gamma_omega,10.456733041944911,10.456733042004597,5.707862060208733e-12
fine,-0.5503851890952678,1.9292514655608155,alpha,9.165304776892336,9.165303619299365,1.2630163415094568e-07
fine,-0.5503851890952678,1.9292514655608155,beta,0.10246726140398371,0.10246684325914285,4.1814484086355463e-07
fine,-0.5503851890952678,1.9292514655608155,gamma_ll,262.4782237226215,262.47822851400474,1.8254402788609827e-08
fine,-0.5503851890952678,1.9292514655608155,gamma_omega,8.067548127418048,8.067548125686038,2.1468853529590765e-10
fine,-0.42995922107357454,2.0666342618116236,alpha,4.3305877827944705,4.330588348613094,1.3065631074704477e-07
fine,-0.42995922107357454,2.0666342618116236,beta,0.0009446057454810783,0.0009445721479157925,3.359756528575116e-08
fine,-0.42995922107357454,2.0666342618116236,gamma_ll,55.8880437613077,55.888053009679034,1.6548031944068055e-07
fine,-0.42995922107357454,2.0666342618116236,gamma_omega,8.533968476104882,8.533968472810907,3.859839510618197e-10
fine,2.033371547011326,3.257297169909924,alpha,1.0001624070017647,1.0001624068621542,1.3958787529830353e-10
fine,2.033371547011326,3.257297169909924,beta,-5.256488868087762e-07,-5.256171380474746e-07,3.174876130153548e-11
fine,2.033371547011326,3.257297169909924,gamma_ll,1.000589364592433,1.0005893640861658,5.059690501011979e-10
fine,2.033371547011326,3.257297169909924,gamma_omega,13.786368129157017,13.786368129021106,9.858349702117158e-12
fine,2.6674612341241426,4.07708388459203,alpha,1.0,1.0,0.0
fine,2.6674612341241426,4.07708388459203,beta,-1.0413415084510983e-10,-1.041337261370048e-10,4.24708105028661e-16
fine,2.6674612341241426,4.07708388459203,gamma_ll,1.0,1.0,0.0
fine,2.6674612341241426,4.07708388459203,gamma_omega,19.68813290173136,19.688132901713036,9.307585054772515e-13
fine,2.38570456355623,-0.7496486004049219,alpha,1.0200823852654601,1.0200823856291217,3.5650213215583584e-10
fine,2.38570456355623,-0.7496486004049219,beta,0.0,-3.43747983589704e-40,3.43747983589704e-40
fine,2.38570456355623,-0.7496486004049219,gamma_ll,1.0721445541525154,1.0721445563329288,2.0336934949105795e-09
fine,2.38570456355623,-0.7496486004049219,gamma_omega,3.862802352238841,3.8628023524690205,5.958871567364949e-11
fine,-0.9334625299615213,3.0940086407368987,alpha,1.0092866330828976,1.0092866276640302,5.3690073535223375e-09
fine,-0.9334625299615213,3.0940086407368987,beta,4.082022696086832e-31,4.057522084044039e-31,2.4500612042792885e-33
fine,-0.9334625299615213,3.0940086407368987,gamma_ll,1.0340034218300103,1.0340034029414993,1.8267358287947724e-08
fine,-0.9334625299615213,3.0940086407368987,gamma_omega,12.971001798183067,12.971001799550232,1.0540158585528169e-10
fine,-0.3353948104730706,2.2955046291381525,alpha,1.8752780996885317,1.8752781594700443,3.187874515199428e-08
fine,-0.3353948104730706,2.2955046291381525,beta,5.363523099858132e-09,5.34905503746952e-09,1.4468062388612536e-11
fine,-0.3353948104730706,2.2955046291381525,gamma_ll,7.045668996730671,7.045669587488957,8.384701099635278e-08
fine,-0.3353948104730706,2.2955046291381525,gamma_omega,9.35204339241533,9.352043392514647,1.0619723061958319e-11
fine,2.4566514711529868,1.9568134966066175,alpha,1.0020560875222793,1.0020560881124785,5.889882115149711e-10
fine,2.4566514711529868,1.9568134966066175,beta,-0.000755862704135903,-0.0007558614545501095,1.2495857934545843e-09
fine,2.4566514711529868,1.9568134966066175,gamma_ll,1.0074736533277737,1.0074736557252506,2.379691891462815e-09
fine,2.4566514711529868,1.9568134966066175,gamma_omega,7.103405204483407,7.103405203738822,1.0482083124871044e-10
fine,-1.0807564178222433,3.1116643351331383,alpha,1.008316253686436,1.0083162450001977,8.61459721934543e-09
fine,-1.0807564178222433,3.1116643351331383,beta,2.70172060990127e-36,2.6877577323827264e-36,1.3962877518543478e-38
fine,-1.0807564178222433,3.1116643351331383,gamma_ll,1.0304214733967065,1.030421442821976,2.9672062660300083e-08
fine,-1.0807564178222433,3.1116643351331383,gamma_omega,13.069434753287243,13.069434755298637,1.5390058990445218e-10
fine,0.8792011537134488,-0.7082635625722684,alpha,47.84912765642031,47.84913229803103,9.700512736143286e-08
fine,0.8792011537134488,-0.7082635625722684,beta,-7.027880832326324e-09,-7.0267886399622645e-09,1.092192364059938e-12
fine,0.8792011537134488,-0.7082635625722684,gamma_ll,6092.28593107553,6092.285996426991,1.0726919501378981e-08
fine,0.8792011537134488,-0.7082635625722684,gamma_omega,4.758692900569851,4.758692900555342,3.0488192427933673e-12
fine,1.3399652401819178,-4.371844037718378,alpha,1.000000225321014,1.000000225320739,2.751132035133278e-13
fine,1.3399652401819178,-4.371844037718378,beta,4.7174660509163004e-126,1.072089771180132e-95,1.072089771180132e-95
fine,1.3399652401819178,-4.371844037718378,gamma_ll,1.000000817545115,1.000000817544117,9.978676387312772e-13
fine,1.3399652401819178,-4.371844037718378,gamma_omega,22.186913054980124,22.186913054745443,1.0577479025539676e-11
fine,0.23598130803365724,5.700672071222417,alpha,1.000000000000866,1.0000000000008662,2.2204460492483902e-16
fine,0.23598130803365724,5.700672071222417,beta,0.0,-1.6197591058211153e-92,1.6197591058211153e-92
fine,0.23598130803365724,5.700672071222417,gamma_ll,1.0000000000031415,1.0000000000031424,8.88178419697335e-16
fine,0.23598130803365724,5.700672071222417,gamma_omega,35.56024797345486,35.560247973456036,3.316908651037092e-14
fine,0.7425098921165025,4.193136760028114,alpha,1.0000021258005578,1.0000021257943437,6.214127103437064e-12
fine,0.7425098921165025,4.193136760028114,beta,7.717014620995757e-81,9.655262114453241e-46,9.655262114453241e-46
fine,0.7425098921165025,4.193136760028114,gamma_ll,1.0000077131781018,1.000007713155554,2.2547567538313045e-11
fine,0.7425098921165025,4.193136760028114,gamma_omega,20.66655218298829,20.666552181875165,5.386121409341844e-11
fine,-0.5936537208498254,3.847398070918512,alpha,1.000048485539542,1.0000484855153808,2.4159946143078456e-11
fine,-0.5936537208498254,3.847398070918512,beta,7.438195576682792e-39,7.449669263943474e-39,1.14736872606814e-41
fine,-0.5936537208498254,3.847398070918512,gamma_ll,1.0001759312101648,1.0001759311225191,8.763025160440148e-11
fine,-0.5936537208498254,3.847398070918512,gamma_omega,17.92386291130717,17.92386291093015,2.1034588519633513e-11
fine,0.4353412109177035,5.135980426046311,alpha,1.0000000003745118,1.0000000003745084,3.3306690726280948e-15
fine,0.4353412109177035,5.135980426046311,beta,0.0,3.016520369833863e-74,3.016520369833863e-74
fine,0.4353412109177035,5.135980426046311,gamma_ll,1.0000000013588624,1.0000000013588504,1.1990408649658376e-14
fine,0.4353412109177035,5.135980426046311,gamma_omega,29.44165712555165,29.44165712546494,2.9451834993088597e-12
fine,1.5485921612129965,-2.0814768722146817,alpha,1.3902300544270931,1.3902300905086638,2.595366896671817e-08
fine,1.5485921612129965,-2.0814768722146817,beta,7.65597479657474e-94,-1.1033867079261916e-47,1.1033867079261916e-47
fine,1.5485921612129965,-2.0814768722146817,gamma_ll,2.9745023130069477,2.97450250681649,6.515696469464191e-08
fine,1.5485921612129965,-2.0814768722146817,gamma_omega,8.357593514085844,8.357593448668762,7.827262886052525e-09
fine,0.7578455506637125,5.319605789599359,alpha,1.0000000000445253,1.000000000044525,2.220446049151447e-16
fine,0.7578455506637125,5.319605789599359,beta,0.0,1.978925629775218e-71,1.978925629775218e-71
fine,0.7578455506637125,5.319605789599359,gamma_ll,1.0000000001615534,1.0000000001615525,8.88178419556637e-16
fine,0.7578455506637125,5.319605789599359,gamma_omega,31.36112091969699,31.36112091969541,5.041138647800278e-14
fine,2.545731122588771,1.0527733572198832,alpha,1.0003438691824458,1.0003438704989438,1.3160454742271282e-09
fine,2.545731122588771,1.0527733572198832,beta,-3.809271026484572e-10,-3.8089591473500917e-10,3.118791344804672e-14
fine,2.545731122588771,1.0527733572198832,gamma_ll,1.0011727936523236,1.0011727984299985,4.772078259260741e-09
fine,2.545731122588771,1.0527733572198832,gamma_omega,4.3344687671146,4.334468767128939,3.3082809812479596e-12
fine,-0.07496009619217103,0.46306183238430876,alpha,279.56999514512876,279.530258270673,0.00014213569104621964
fine,-0.07496009619217103,0.46306183238430876,beta,-0.12144838281373939,-0.12144837250074894,1.0312990447736148e-08
fine,-0.07496009619217103,0.46306183238430876,gamma_ll,56137.44856319653,56124.27035926362,0.00023474889347841558
fine,-0.07496009619217103,0.46306183238430876,gamma_omega,4.442944223993449,4.442944226891745,6.523367567631982e-10
fine,-0.677242886253322,1.2572974202412528,alpha,242.5359200579808,242.53110143209696,1.9867679322266155e-05
fine,-0.677242886253322,1.2572974202412528,beta,0.05110215709999468,0.05104905775536803,5.30993446266545e-05
fine,-0.677242886253322,1.2572974202412528,gamma_ll,82534.28412746331,82534.28426577222,1.675775256074876e-09
fine,-0.677242886253322,1.2572974202412528,gamma_omega,6.0139968215144135,6.013996818903471,4.3414432211126377e-10
fine,2.7889391980599374,-2.206363057865897,alpha,1.0,1.0,0.0
fine,2.7889391980599374,-2.206363057865897,beta,0.0,2.832381237211347e-82,2.832381237211347e-82
fine,2.7889391980599374,-2.206363057865897,gamma_ll,1.0,1.0,0.0
fine,2.7889391980599374,-2.206363057865897,gamma_omega,7.999883510898131,7.99988351011251,9.820409818287108e-11
fine,2.769726689223406,2.4893229630270586,alpha,1.0000000000136835,1.0000000000136833,2.2204460492199296e-16
fine,2.769726689223406,2.4893229630270586,beta,-0.00010283204243114327,-0.00010283209170617033,4.9275027065370444e-11
fine,2.769726689223406,2.4893229630270586,gamma_ll,1.0,1.0,0.0
fine,2.769726689223406,2.4893229630270586,gamma_omega,9.316950229346396,9.316950228664167,7.322453885693446e-11
fine,0.7442368053908583,-0.8631555550102128,alpha,77.9201714185141,77.92017282073546,1.799561438542294e-08
fine,0.7442368053908583,-0.8631555550102128,beta,-4.098983827450005e-09,-4.097937633155844e-09,1.0461942941612189e-12
fine,0.7442368053908583,-0.8631555550102128,gamma_ll,12360.656858228773,12360.657114237385,2.071157020252181e-08
fine,0.7442368053908583,-0.8631555550102128,gamma_omega,5.0570463460681045,5.057046345318972,1.4813633502126945e-10
fine,2.1865345795822853,-5.483932235540762,alpha,1.0000000000002232,1.0000000000002232,0.0
fine,2.1865345795822853,-5.483932235540762,beta,0.0,-7.832822287876168e-142,7.832822287876168e-142
fine,2.1865345795822853,-5.483932235540762,gamma_ll,1.00000000000081,1.0000000000008096,4.440892098497029e-16
fine,2.1865345795822853,-5.483932235540762,gamma_omega,33.13608820240424,33.13608820248722,2.5043476949521475e-12
fine,2.8240502252468334,-0.05667905993993383,alpha,1.0,1.0,0.0
fine,2.8240502252468334,-0.05667905993993383,beta,0.0,-9.39142388924707e-34,9.39142388924707e-34
fine,2.8240502252468334,-0.05667905993993383,gamma_ll,1.0,1.0,0.0
fine,2.8240502252468334,-0.05667905993993383,gamma_omega,3.1236817206746377,3.123681723133128,7.87048912171772e-10
fine,2.161751164477164,-4.744994740862827,alpha,1.000000000519105,1.0000000005191032,1.7763568384781348e-15
fine,2.161751164477164,-4.744994740862827,beta,0.0,2.1182095488391318e-124,2.1182095488391318e-124
fine,2.161751164477164,-4.744994740862827,gamma_ll,1.0000000018834978,1.0000000018834911,6.6613381352043235e-15
fine,2.161751164477164,-4.744994740862827,gamma_omega,25.5788174412641,25.578817441204524,2.3290934311801944e-12
fine,0.30676078298603593,-3.222785447427499,alpha,1.003730665635681,1.0037306650388136,5.946490077394748e-10
fine,0.30676078298603593,-3.222785447427499,beta,2.634626261298333e-43,2.63776726481263e-43,3.1410035142971017e-46
fine,0.30676078298603593,-3.222785447427499,gamma_ll,1.0135858995353926,1.0135858974102525,2.096655118129122e-09
fine,0.30676078298603593,-3.222785447427499,gamma_omega,13.708141519277861,13.708141519389557,8.148117054931923e-12
fine,0.2667386324417138,2.34387880152512,alpha,1.6047138644076029,1.6047139067446765,2.638294250688393e-08
fine,0.2667386324417138,2.34387880152512,beta,-2.9965382389979647e-15,-2.9850679832648793e-15,1.1470255733085403e-17
fine,0.2667386324417138,2.34387880152512,gamma_ll,4.549966935999134,4.549967440132591,1.1079936727834749e-07
fine,0.2667386324417138,2.34387880152512,gamma_omega,9.530613597145857,9.530613598019723,9.169045662566522e-11
fine,-1.135811346973929,2.6331535042306307,alpha,1.1370974992610359,1.1370974667172327,2.8620064004167427e-08
fine,-1.135811346973929,2.6331535042306307,beta,1.004523047185656e-27,1.0022002338591655e-27,2.3228133264905017e-30
fine,-1.135811346973929,2.6331535042306307,gamma_ll,1.565301534905858,1.565301487657163,3.0185043664077655e-08
fine,-1.135811346973929,2.6331535042306307,gamma_omega,10.702753359860685,10.702753364861872,4.67280413919178e-10
fine,-1.3210137620344324,-3.6816705503845073,alpha,1.0001697635902802,1.0001697633630395,2.2720210008065308e-10
fine,-1.3210137620344324,-3.6816705503845073,beta,1.8222188441672227e-56,2.4091268736597953e-17,2.4091268736597953e-17
fine,-1.3210137620344324,-3.6816705503845073,gamma_ll,1.000616065714602,1.0006160648904605,8.236340090991748e-10
fine,-1.3210137620344324,-3.6816705503845073,gamma_omega,16.707971709175176,16.70797170752723,9.86324124123765e-11
fine,2.3950033369497308,2.7531297907958425,alpha,1.000194783465186,1.000194783463357,1.828625224809668e-12
fine,2.3950033369497308,2.7531297907958425,beta,-0.0010940776794850346,-0.0010940775967920452,8.269298939177216e-11
fine,2.3950033369497308,2.7531297907958425,gamma_ll,1.0007066780835574,1.0007066780798453,3.709520268462439e-12
fine,2.3950033369497308,2.7531297907958425,gamma_omega,10.765852884341632,10.765852884893633,5.127332849677382e-11
fine,2.8039991282612133,-3.644690811675459,alpha,1.0,1.0,0.0
fine,2.8039991282612133,-3.644690811675459,beta,0.0,-1.548182301408379e-115,1.548182301408379e-115
fine,2.8039991282612133,-3.644690811675459,gamma_ll,1.0,1.0,0.0
fine,2.8039991282612133,-3.644690811675459,gamma_omega,16.352644271329503,16.352644271173684,9.528640546024843e-12
fine,-0.7993829695680663,5.2321007762228025,alpha,1.0000000001592844,1.0000000001592837,6.661338146689893e-16
fine,-0.7993829695680663,5.2321007762228025,beta,0.0,6.67239947339481e-74,6.67239947339481e-74
fine,-0.7993829695680663,5.2321007762228025,gamma_ll,1.0000000005779408,1.0000000005779381,2.664535257560432e-15
fine,-0.7993829695680663,5.2321007762228025,gamma_omega,30.437975190268578,30.437975190247407,6.955331515856124e-13
fine,1.4650395510135321,-3.257505418335546,alpha,1.000915747050832,1.000915746232183,8.179001588124327e-10
fine,1.4650395510135321,-3.257505418335546,beta,8.935197206335254e-112,-9.027845159211133e-73,9.027845159211133e-73
fine,1.4650395510135321,-3.257505418335546,gamma_ll,1.0033256513780615,1.003325648416145,2.952098838282294e-09
fine,1.4650395510135321,-3.257505418335546,gamma_omega,13.88091064336751,13.880910643207988,1.1492197979451915e-11
fine,-0.5273463356300354,-0.52503193431534,alpha,5.268455605763009,5.268455260341716,6.556405125031374e-08
fine,-0.5273463356300354,-0.52503193431534,beta,-2.287845672298435,-2.287845426004503,1.0765321057187061e-07
fine,-0.5273463356300354,-0.52503193431534,gamma_ll,9.282964598902264,9.282963804224094,8.560607572211826e-08
fine,-0.5273463356300354,-0.52503193431534,gamma_omega,4.5187707535990675,4.5187707535992185,3.3414027748312294e-14
fine,-1.0752277321319081,-5.164625127115089,alpha,1.000000000322213,1.0000000003222096,3.330669072802285e-15
fine,-1.0752277321319081,-5.164625127115089,beta,0.0,-1.6873864399805465e-56,1.6873864399805465e-56
fine,-1.0752277321319081,-5.164625127115089,gamma_ll,1.000000001169103,1.000000001169092,1.1102230233271915e-14
fine,-1.0752277321319081,-5.164625127115089,gamma_omega,29.736628898048288,29.736628897975525,2.446919222248785e-12
fine,1.8161797178640278,5.499357742541184,alpha,1.0000000000010347,1.0000000000010347,0.0
fine,1.8161797178640278,5.499357742541184,beta,0.0,-1.1286833212467733e-52,1.1286833212467733e-52
fine,1.8161797178640278,5.499357742541184,gamma_ll,1.0000000000037543,1.0000000000037548,4.4408920984839536e-16
fine,1.8161797178640278,5.499357742541184,gamma_omega,33.305566932048436,33.30556693204895,1.5360518281854904e-14
fine,0.5842037919585894,2.726369941121117,alpha,1.0645614333834845,1.0645614323013823,1.0164769751194083e-09
fine,0.5842037919585894,2.726369941121117,beta,-1.9775069279650975e-16,-1.8768554196400295e-16,1.0065150832506799e-17
fine,0.5842037919585894,2.726369941121117,gamma_ll,1.2492172257697722,1.2492172222326863,2.8314418697530425e-09
fine,0.5842037919585894,2.726369941121117,gamma_omega,11.111436613099206,11.111436613388356,2.602274101138077e-11
fine,-0.4883523758300663,3.4438732534207492,alpha,1.0009310709550103,1.0009310699951237,9.589937234357113e-10
fine,-0.4883523758300663,3.4438732534207492,beta,2.509861334482175e-31,2.498854568559576e-31,1.1006765922598819e-33
fine,-0.4883523758300663,3.4438732534207492,gamma_ll,1.0033813530327416,1.003381349562783,3.458264928120637e-09
fine,-0.4883523758300663,3.4438732534207492,gamma_omega,15.083754116971464,15.083754116015069,6.340569091666149e-11
fine,-0.0916029675868002,-4.169637890439859,alpha,1.0000035877142484,1.0000035877066829,7.565476636237344e-12
fine,-0.0916029675868002,-4.169637890439859,beta,3.144710680523937e-54,2.9115444321925873e-54,2.331662483313494e-55
fine,-0.0916029675868002,-4.169637890439859,gamma_ll,1.0000130175517592,1.000013017524309,2.7449906953272445e-11
fine,-0.0916029675868002,-4.169637890439859,gamma_omega,20.471947028055684,20.471947027207467,4.1433161930252236e-11
fine,2.800232964920922,-0.04825056279109674,alpha,1.0,1.0,0.0
fine,2.800232964920922,-0.04825056279109674,beta,0.0,-1.8343975017087473e-33,1.8343975017087473e-33
fine,2.800232964920922,-0.04825056279109674,gamma_ll,1.0,1.0,0.0
fine,2.800232964920922,-0.04825056279109674,gamma_omega,3.1273086040370943,3.127308604315805,8.912162740553226e-11
fine,2.1987936682936766,2.1449634836373086,alpha,1.0220036700451343,1.0220036715603957,1.482637994621625e-09
fine,2.1987936682936766,2.1449634836373086,beta,-0.006778257028901672,-0.0067782571502201,1.213184275261625e-10
fine,2.1987936682936766,2.1449634836373086,gamma_ll,1.0815504516374912,1.0815504575240533,5.442706919239076e-09
fine,2.1987936682936766,2.1449634836373086,gamma_omega,8.034927102736313,8.034927102047854,8.568329976487527e-11
fine,2.0410390469191997,-1.013633442574335,alpha,1.3346122261110727,1.334612210583929,1.1634198508833633e-08
fine,2.0410390469191997,-1.013633442574335,beta,7.411676172540444e-136,2.5124869497350623e-35,2.5124869497350623e-35
fine,2.0410390469191997,-1.013633442574335,gamma_ll,2.4877073293036633,2.487707340945158,4.679607903257027e-09
fine,2.0410390469191997,-1.013633442574335,gamma_omega,4.656751945732829,4.656751972070669,5.655839233017824e-09
fine,-1.2170017471312793,-2.905491438674284,alpha,1.0291110863995037,1.0291110771370717,9.000419930331465e-09
fine,-1.2170017471312793,-2.905491438674284,beta,-3.169653332137964e-08,-3.1693290972935816e-08,3.242348443825533e-12
fine,-1.2170017471312793,-2.905491438674284,gamma_ll,1.1086591654251916,1.1086591349854313,2.7456373624330884e-08
fine,-1.2170017471312793,-2.905491438674284,gamma_omega,11.974545100178801,11.974545102479444,1.9212781882164055e-10
fine,0.026246867043762778,4.314620151927848,alpha,1.0000010287185193,1.00000102871373,4.789275156811952e-12
fine,0.026246867043762778,4.314620151927848,beta,7.004628835712742e-60,2.2264220296155032e-60,4.778206806097239e-60
fine,0.026246867043762778,4.314620151927848,gamma_ll,1.000003732561157,1.0000037325437794,1.7377590007725334e-11
fine,0.026246867043762778,4.314620151927848,gamma_omega,21.693576609701577,21.693576608371618,6.13065512242088e-11
fine,-0.5537748346624854,5.570008629305239,alpha,1.0000000000040754,1.0000000000040756,2.2204460492412639e-16
fine,-0.5537748346624854,5.570008629305239,beta,0.0,-7.684346531214032e-78,7.684346531214032e-78
fine,-0.5537748346624854,5.570008629305239,gamma_ll,1.0000000000147873,1.0000000000147877,4.4408920984349574e-16
fine,-0.5537748346624854,5.570008629305239,gamma_omega,34.08764673801619,34.08764673804502,8.456646776275792e-13
fine,1.4405809465049173,0.20686438231967408,alpha,6.029266070878436,6.029266054269606,2.754701761662701e-09
fine,1.4405809465049173,0.20686438231967408,beta,-1.4502360218809324e-05,-1.4501488175514433e-05,8.720432948917478e-10
fine,1.4405809465049173,0.20686438231967408,gamma_ll,116.8073349473536,116.8073351047776,1.3477235608905279e-09
fine,1.4405809465049173,0.20686438231967408,gamma_omega,4.0603330549875905,4.0603330578260195,6.990631085968585e-10
fine,1.7111794319316922,3.5903010405924043,alpha,1.0000523318548125,1.000052331751862,1.0294514967365455e-10
fine,1.7111794319316922,3.5903010405924043,beta,-3.6607885769499904e-13,-3.658356796364293e-13,2.43178058569757e-16
fine,1.7111794319316922,3.5903010405924043,gamma_ll,1.0001898883973275,1.0001898880238553,3.7340123753859367e-10
fine,1.7111794319316922,3.5903010405924043,gamma_omega,16.035111070203644,16.035111068497454,1.0640342538159121e-10
fine,-1.3378677363035683,-0.9611089355271485,alpha,44.56683970772631,44.56925470690623,5.418825287493941e-05
fine,-1.3378677363035683,-0.9611089355271485,beta,-0.5619266266118639,-0.5619152358720307,1.1390739833139207e-05
fine,-1.3378677363035683,-0.9611089355271485,gamma_ll,3334.939267690134,3335.297185845678,0.00010732374019875792
fine,-1.3378677363035683,-0.9611089355271485,gamma_omega,5.28560431815233,5.285604316384683,3.344265607562848e-10
fine,-0.2717202149576634,4.520404144819333,alpha,1.000000169466179,1.0000001694657619,4.172217419491594e-13
fine,-0.2717202149576634,4.520404144819333,beta,0.0,-2.3270568814739155e-58,2.3270568814739155e-58
fine,-0.2717202149576634,4.520404144819333,gamma_ll,1.0000006148837906,1.000000614882277,1.5134550965700068e-12
fine,-0.2717202149576634,4.520404144819333,gamma_omega,23.50437381288746,23.50437381254646,1.4507943063998494e-11
fine,-0.5165203680823155,0.9514170936414628,alpha,433.4958232164489,433.49581663678737,1.5178142884221328e-08
fine,-0.5165203680823155,0.9514170936414628,beta,6.362888575131541e-06,6.35861156951959e-06,4.277005611951259e-09
fine,-0.5165203680823155,0.9514170936414628,gamma_ll,205649.45875533414,205649.45907477842,1.5533436621266742e-09
fine,-0.5165203680823155,0.9514170936414628,gamma_omega,5.2640144068931685,5.264014406796301,1.840181190631013e-11
fine,2.4400946945679545,1.151870024407616,alpha,1.008093703964354,1.0080937045965674,6.271375272577651e-10
fine,2.4400946945679545,1.151870024407616,beta,-5.258772876217246e-08,-5.258660962612536e-08,1.1191360470994675e-12
fine,2.4400946945679545,1.151870024407616,gamma_ll,1.0278864335146856,1.0278864364963753,2.9007969039632047e-09
fine,2.4400946945679545,1.151870024407616,gamma_omega,4.615401221272465,4.615401221420824,3.2144452834583e-11
fine,1.5533520708039403,-2.4431953725411146,alpha,1.0794819563441513,1.0794819559012048,4.1033253562962004e-10
fine,1.5533520708039403,-2.4431953725411146,beta,6.248808931404407e-101,-3.633866980774893e-56,3.633866980774893e-56
fine,1.5533520708039403,-2.4431953725411146,gamma_ll,1.3110977274954843,1.3110977432840156,1.2042223123478211e-08
fine,1.5533520708039403,-2.4431953725411146,gamma_omega,9.748151977932766,9.748151979114732,1.2125031773514745e-10
fine,-0.7176222448824763,-2.035480285114287,alpha,5.036543679288968,5.0365432919691235,7.69019131580397e-08
fine,-0.7176222448824763,-2.035480285114287,beta,0.003503448023743136,0.003502808999528225,6.390242149110874e-07
fine,-0.7176222448824763,-2.035480285114287,gamma_ll,78.38344417836451,78.38345804256875,1.7687669098704968e-07
fine,-0.7176222448824763,-2.035480285114287,gamma_omega,8.427022636750856,8.42702263255739,4.976212016340623e-10
fine,-0.08271127703862446,-5.0012613458953865,alpha,1.0000000016907955,1.0000000016907955,0.0
fine,-0.08271127703862446,-5.0012613458953865,beta,0.0,-1.1357258652932523e-73,1.1357258652932523e-73
fine,-0.08271127703862446,-5.0012613458953865,gamma_ll,1.0000000061348082,1.0000000061348087,4.440892071256605e-16
fine,-0.08271127703862446,-5.0012613458953865,gamma_omega,28.07655707605928,28.076557076054645,1.6513033767904516e-13
fine,1.535257137172219,1.8375764143028581,alpha,3.603210728099764,3.6032075761407616,8.747639924761706e-07
fine,1.535257137172219,1.8375764143028581,beta,-0.15632455429637096,-0.15632469199537427,1.3769900331084273e-07
fine,1.535257137172219,1.8375764143028581,gamma_ll,3.6629745471173445,3.662960405533503,3.860683075836602e-06
fine,1.535257137172219,1.8375764143028581,gamma_omega,7.5142234112126145,7.514223405663957,7.384206231024282e-10
fine,0.6333275118254842,4.499136028148648,alpha,1.0000001590262446,1.0000001590262149,2.9753972328291714e-14
fine,0.6333275118254842,4.499136028148648,beta,0.0,3.001490961324725e-56,3.001490961324725e-56
fine,0.6333275118254842,4.499136028148648,gamma_ll,1.0000005770039755,1.0000005770038671,1.083577046805889e-13
fine,0.6333275118254842,4.499136028148648,gamma_omega,23.313029620444073,23.313029620423297,8.911870285364299e-13
fine,1.1156340271536922,-1.924326209061916,alpha,2.9467737444598083,2.946773742631332,6.205011446072433e-10
fine,1.1156340271536922,-1.924326209061916,beta,5.012458151455828e-61,-3.045529504268541e-35,3.045529504268541e-35
fine,1.1156340271536922,-1.924326209061916,gamma_ll,22.5605610259771,22.560560981431546,1.974487901656691e-09
fine,1.1156340271536922,-1.924326209061916,gamma_omega,8.00017639639252,8.00017641837221,2.7474005685350653e-09
fine,-0.69015566948473,0.1625838436296334,alpha,448.63119177908425,448.6309851431647,4.6059195911053307e-07
fine,-0.69015566948473,0.1625838436296334,beta,-0.005888964880592996,-0.005888867609349281,9.727124371510659e-08
fine,-0.69015566948473,0.1625838436296334,gamma_ll,393335.2467827918,393335.1742401417,1.844295691641902e-07
fine,-0.69015566948473,0.1625838436296334,gamma_omega,4.212081669453854,4.212081674809904,1.2715923228408004e-09
fine,-1.2550509442941873,1.7920996199303953,alpha,19.36430074461719,19.36429887507072,9.654603562974957e-08
fine,-1.2550509442941873,1.7920996199303953,beta,4.5464984244852186e-20,4.5410253539283836e-20,5.473070556834985e-23
fine,-1.2550509442941873,1.7920996199303953,gamma_ll,1273.2928539149052,1273.2926459608393,1.6331990339873727e-07
fine,-1.2550509442941873,1.7920996199303953,gamma_omega,7.616713260223776,7.616713255532611,6.159040822054975e-10
fine,-0.8438244317827256,-0.5581203467000435,alpha,14.604339344905753,14.604475226761712,9.304211080697684e-06
fine,-0.8438244317827256,-0.5581203467000435,beta,-0.8601478048914725,-0.8601518455893582,4.040697885732136e-06
fine,-0.8438244317827256,-0.5581203467000435,gamma_ll,651.6804376025651,651.6903832960221,1.5261611187184154e-05
fine,-0.8438244317827256,-0.5581203467000435,gamma_omega,4.562555117672727,4.562555119071269,3.065259905473189e-10
fine,0.7786440657245572,-0.477443707775028,alpha,67.89169812043757,67.89169829874716,2.626382842509171e-09
fine,0.7786440657245572,-0.477443707775028,beta,-6.228881824140318e-06,-6.228835770950653e-06,4.6053189664315016e-11
fine,0.7786440657245572,-0.477443707775028,gamma_ll,13260.678058026291,13260.678049698254,6.280250076119895e-10
fine,0.7786440657245572,-0.477443707775028,gamma_omega,4.4381307218452415,4.438130722226658,8.59408385930059e-11
fine,0.04732280393225485,-4.310889367606951,alpha,1.000001058960131,1.0000010589553605,4.77040124054465e-12
fine,0.04732280393225485,-4.310889367606951,beta,2.297461715400917e-60,1.0119665259363719e-60,1.2854951894645448e-60
fine,0.04732280393225485,-4.310889367606951,gamma_ll,1.0000038422887259,1.0000038422714175,1.7308310450380085e-11
fine,0.04732280393225485,-4.310889367606951,gamma_omega,21.66157214226017,21.661572140909342,6.236052475493574e-11
fine,1.266933383656537,-4.946041628184994,alpha,1.0000000011757404,1.0000000011757368,3.552713674623432e-15
fine,1.266933383656537,-4.946041628184994,beta,0.0,5.503054793355207e-107,5.503054793355207e-107
fine,1.266933383656537,-4.946041628184994,gamma_ll,1.0000000042660053,1.000000004265992,1.3322676238667271e-14
fine,1.266933383656537,-4.946041628184994,gamma_omega,27.527457072815743,27.5274570727472,2.4899686456249535e-12
fine,2.6815048314731955,-5.8833825006819485,alpha,1.0,1.0,0.0
fine,2.6815048314731955,-5.8833825006819485,beta,0.0,1.1606456417266157e-163,1.1606456417266157e-163
fine,2.6815048314731955,-5.8833825006819485,gamma_ll,1.0,1.0,0.0
fine,2.6815048314731955,-5.8833825006819485,gamma_omega,37.67669324660405,37.67669324670121,2.5787723209120395e-12
fine,1.4774764856166724,-5.998802260307488,alpha,1.0000000000000078,1.0000000000000075,2.2204460492502958e-16
fine,1.4774764856166724,-5.998802260307488,beta,0.0,2.7051388212103964e-135,2.7051388212103964e-135
fine,1.4774764856166724,-5.998802260307488,gamma_ll,1.000000000000028,1.0000000000000284,4.440892098500502e-16
fine,1.4774764856166724,-5.998802260307488,gamma_omega,39.04814794427362,39.04814794390576,9.42073323638044e-12
fine,-0.16939111743868107,-3.2085187073967534,alpha,1.0044731930457178,1.0044731887365068,4.290020896400727e-09
fine,-0.16939111743868107,-3.2085187073967534,beta,7.72002446364634e-32,7.204798551079693e-32,5.152259125666475e-33
fine,-0.16939111743868107,-3.2085187073967534,gamma_ll,1.0163018176293985,1.0163018022201669,1.5162062490817596e-08
fine,-0.16939111743868107,-3.2085187073967534,gamma_omega,13.624809261037282,13.624809261456395,3.076106422176711e-11
fine,-1.3521414077354228,-2.6717282905427346,alpha,1.11071466091321,1.1107146523416556,7.717152439617803e-09
fine,-1.3521414077354228,-2.6717282905427346,beta,-9.478505378465183e-05,-9.478236616952905e-05,2.6876151227770654e-09
fine,-1.3521414077354228,-2.6717282905427346,gamma_ll,1.4458819599718562,1.4458819477620013,8.444572408350368e-09
fine,-1.3521414077354228,-2.6717282905427346,gamma_omega,10.87171684561886,10.871716846986205,1.257708757020143e-10
fine,2.58626701524377,3.9154196584283127,alpha,1.0000000000271796,1.0000000000271798,2.2204460491899623e-16
fine,2.58626701524377,3.9154196584283127,beta,-1.0931580670341469e-09,-1.0929934594828037e-09,1.6460755134312951e-13
fine,2.58626701524377,3.9154196584283127,gamma_ll,1.0000000000986176,1.000000000098618,4.440892098062676e-16
fine,2.58626701524377,3.9154196584283127,gamma_omega,18.39907809416663,18.399078093832205,1.8176130472476057e-11
fine,0.1860586906599282,-5.647043015642103,alpha,1.000000000001618,1.000000000001618,0.0
fine,0.1860586906599282,-5.647043015642103,beta,0.0,2.679406535172732e-94,2.679406535172732e-94
fine,0.1860586906599282,-5.647043015642103,gamma_ll,1.0000000000058709,1.0000000000058709,0.0
fine,0.1860586906599282,-5.647043015642103,gamma_omega,34.95170311532307,34.95170311533748,4.1227766880685913e-13
fine,2.4367766602164376,-2.702613290144527,alpha,1.0001320634888693,1.000132063483025,5.843442296250175e-12
fine,2.4367766602164376,-2.702613290144527,beta,0.0,4.6431001605978545e-85,4.6431001605978545e-85
fine,2.4367766602164376,-2.702613290144527,gamma_ll,1.0004792356782155,1.0004792356570553,2.1150048857532177e-11
fine,2.4367766602164376,-2.702613290144527,gamma_omega,10.485239801106305,10.485239801208355,9.732721998016452e-12
fine,-0.25972127095706976,2.762811154047597,alpha,1.0663319228294341,1.0663318895996534,3.1162698962143794e-08
fine,-0.25972127095706976,2.762811154047597,beta,1.9368618041257685e-20,1.9284434157553943e-20,8.418388370374244e-23
fine,-0.25972127095706976,2.762811154047597,gamma_ll,1.2564755055219592,1.256475418222069,6.947997778075417e-08
fine,-0.25972127095706976,2.762811154047597,gamma_omega,11.284482846341525,11.284482852798734,5.722201176144029e-10
fine,1.6305074647173852,-2.111938100272501,alpha,1.2789992979739948,1.278999343898838,3.5906855722555634e-08
fine,1.6305074647173852,-2.111938100272501,beta,1.4857194551832128e-100,-1.8511140135730002e-50,1.8511140135730002e-50
fine,1.6305074647173852,-2.111938100272501,gamma_ll,2.2960199569296793,2.2960201898172254,1.0143097643106769e-07
fine,1.6305074647173852,-2.111938100272501,gamma_omega,8.4137736847198,8.413773592218368,1.0994048064266427e-08
fine,-0.9148866746704585,1.6208654977135648,alpha,49.989995998808496,49.98999402322967,3.951948357648618e-08
fine,-0.9148866746704585,1.6208654977135648,beta,5.526364214991334e-09,5.525653527516075e-09,7.106874752587204e-13
fine,-0.9148866746704585,1.6208654977135648,gamma_ll,7432.705245563828,7432.70471022942,7.202416751372143e-08
fine,-0.9148866746704585,1.6208654977135648,gamma_omega,7.073573669596887,7.073573667815655,2.5181501373230124e-10
fine,1.0557140414196962,-4.865253547195293,alpha,1.000000003468198,1.0000000034681715,2.6423307894437464e-14
fine,1.0557140414196962,-4.865253547195293,beta,0.0,2.6304312666422766e-100,2.6304312666422766e-100
fine,1.0557140414196962,-4.865253547195293,gamma_ll,1.000000012583858,1.000000012583762,9.592326812052875e-14
fine,1.0557140414196962,-4.865253547195293,gamma_omega,26.735470827394785,26.735470827104862,1.0844123686616404e-11
fine,1.365887103664373,-2.5683206731407955,alpha,1.0621654215466292,1.0621654142187464,6.899003296845179e-09
fine,1.365887103664373,-2.5683206731407955,beta,2.3084080512177264e-89,-1.0743673579195262e-54,1.0743673579195262e-54
fine,1.365887103664373,-2.5683206731407955,gamma_ll,1.239430765735587,1.2394307535478086,9.833367606359622e-09
fine,1.365887103664373,-2.5683206731407955,gamma_omega,10.340800337349679,10.340800340360174,2.9112784951032835e-10
fine,-0.1835038587701019,-1.8312310343428297,alpha,15.299348335326261,15.299347872632902,3.024268413536886e-08
fine,-0.1835038587701019,-1.8312310343428297,beta,1.273747408685762e-07,1.2735649547468212e-07,1.824539389407304e-11
fine,-0.1835038587701019,-1.8312310343428297,gamma_ll,802.4632575668678,802.4631966814112,7.587320170885974e-08
fine,-0.1835038587701019,-1.8312310343428297,gamma_omega,7.743012115669625,7.743012112259465,4.4041777325377414e-10
fine,2.6019736066677774,3.256796165208243,alpha,1.000000000150955,1.0000000001504585,4.964917365374221e-13
fine,2.6019736066677774,3.256796165208243,beta,-3.822790052190163e-05,-3.822797047448183e-05,6.995258020026877e-11
fine,2.6019736066677774,3.256796165208243,gamma_ll,1.0,0.9999999999981792,1.8207657603852567e-12
fine,2.6019736066677774,3.256796165208243,gamma_omega,13.697743627689581,13.697743627498683,1.3936453279581956e-11
fine,1.8723837590039838,-3.5860204987231437,alpha,1.0000326869679204,1.0000326869022642,6.565400115544797e-11
fine,1.8723837590039838,-3.5860204987231437,beta,3.8649488581651266e-151,8.236109366500724e-90,8.236109366500724e-90
fine,1.8723837590039838,-3.5860204987231437,gamma_ll,1.000118603783068,1.000118603544869,2.3817076811302766e-10
fine,1.8723837590039838,-3.5860204987231437,gamma_omega,15.991553597180475,15.991553595589885,9.946443042824387e-11
fine,1.4569642347697846,4.525585103582145,alpha,1.000000046139791,1.0000000461397918,6.661337840398202e-16
fine,1.4569642347697846,4.525585103582145,beta,0.0,-2.283296004670324e-38,2.283296004670324e-38
fine,1.4569642347697846,4.525585103582145,gamma_ll,1.0000001674116126,1.000000167411614,1.3322674065131529e-15
fine,1.4569642347697846,4.525585103582145,gamma_omega,23.55003015246893,23.550030152463066,2.4906678444675785e-13
fine,2.088705686959804,2.952506908207667,alpha,1.000822113133663,1.0008221130598987,7.37037351704364e-11
fine,2.088705686959804,2.952506908207667,beta,-0.00014006557399841334,-0.00014006532724037963,2.467580337110753e-10
fine,2.088705686959804,2.952506908207667,gamma_ll,1.002984553875176,1.0029845536162283,2.581772083421171e-10
fine,2.088705686959804,2.952506908207667,gamma_omega,11.963038902624234,11.963038902830972,1.7281373045988255e-11
fine,2.1893276421419086,-3.283908147768164,alpha,1.0000566845607115,1.000056684496986,6.372185730036564e-11
fine,2.1893276421419086,-3.283908147768164,beta,0.0,-3.2625649372558003e-91,3.2625649372558003e-91
fine,2.1893276421419086,-3.283908147768164,gamma_ll,1.0002056832598896,1.0002056830287138,2.311282060104987e-10
fine,2.1893276421419086,-3.283908147768164,gamma_omega,13.925685953506816,13.925685953259018,1.779432820831743e-11
fine,0.07288326414015378,2.6889371230919608,alpha,1.0973843468139004,1.0973843097233713,3.379903239935626e-08
fine,0.07288326414015378,2.6889371230919608,beta,7.47781934742295e-26,4.946154296018592e-26,2.5316650514043576e-26
fine,0.07288326414015378,2.6889371230919608,gamma_ll,1.3874838529358637,1.3874837775305708,5.434678950610334e-08
fine,0.07288326414015378,2.6889371230919608,gamma_omega,10.947130175861755,10.947130182302903,5.883869065126191e-10
fine,-0.13602378940696447,1.7680708791174489,alpha,21.8303923259999,21.830390194059067,9.765929993544131e-08
fine,-0.13602378940696447,1.7680708791174489,beta,1.640904555624231e-08,1.640884336962633e-08,2.021866159810507e-13
fine,-0.13602378940696447,1.7680708791174489,gamma_ll,1604.213623313467,1604.213373480882,1.557352346410405e-07
fine,-0.13602378940696447,1.7680708791174489,gamma_omega,7.537952100386827,7.537952096356961,5.346101005493387e-10
fine,1.746035078476476,-1.550160615979311,alpha,1.8438337011458026,1.8438337017212332,3.1208378049879255e-10
fine,1.746035078476476,-1.550160615979311,beta,1.0725464557388716e-108,8.929488264804085e-42,8.929488264804085e-42
fine,1.746035078476476,-1.550160615979311,gamma_ll,6.603383055792471,6.603383053402382,3.619491699023695e-10
fine,1.746035078476476,-1.550160615979311,gamma_omega,6.546903862458012,6.546903783575171,1.204887720380874e-08
fine,1.8865218897699005,2.425210208126252,alpha,1.0362071939288544,1.0362071962972916,2.285679194274372e-09
fine,1.8865218897699005,2.425210208126252,beta,-0.016640872548821562,-0.016640872451547946,9.727361624523034e-11
fine,1.8865218897699005,2.425210208126252,gamma_ll,1.1228479009694103,1.1228479048793476,3.482161082967167e-09
fine,1.8865218897699005,2.425210208126252,gamma_omega,9.469324840417876,9.469324840365417,5.539927192829642e-12
fine,0.20322451226993477,-2.3131057417154475,alpha,1.7329048308643569,1.7329049358438462,6.058006617212235e-08
fine,0.20322451226993477,-2.3131057417154475,beta,6.185467760980068e-21,7.887443310284867e-21,1.701975549304799e-21
fine,0.20322451226993477,-2.3131057417154475,gamma_ll,5.661266421974065,5.661267635641621,2.1438092916410244e-07
fine,0.20322451226993477,-2.3131057417154475,gamma_omega,9.415412383286368,9.41541238443709,1.2221686500416388e-10
fine,0.244581302797114,0.5369371957925875,alpha,13.27728540135155,13.277398330834256,8.505464731072663e-06
fine,0.244581302797114,0.5369371957925875,beta,-0.3054548598949169,-0.30545909946160915,4.239566692265662e-06
fine,0.244581302797114,0.5369371957925875,gamma_ll,78.49270511539012,78.4931838599885,6.099224095773911e-06
fine,0.244581302797114,0.5369371957925875,gamma_omega,4.530531484594423,4.530531486734404,4.723464883570351e-10
fine,0.6721892865164865,5.703519629170964,alpha,1.0000000000006772,1.0000000000006772,0.0
fine,0.6721892865164865,5.703519629170964,beta,0.0,2.4206864719312305e-82,2.4206864719312305e-82
fine,0.6721892865164865,5.703519629170964,gamma_ll,1.0000000000024576,1.0000000000024571,4.4408920984897123e-16
fine,0.6721892865164865,5.703519629170964,gamma_omega,35.592720247707256,35.59272024773034,6.486026727988777e-13
fine,2.60990010461773,1.6789631036081865,alpha,1.000000000000371,0.9999999996755806,3.2479041678345084e-10
fine,2.60990010461773,1.6789631036081865,beta,-4.926187729846752e-06,-4.926141156341569e-06,4.6573505182586033e-11
fine,2.60990010461773,1.6789631036081865,gamma_ll,1.0,0.9999999988263573,1.1736427385500292e-09
fine,2.60990010461773,1.6789631036081865,gamma_omega,6.026125021335652,6.026125020736011,9.950693413090808e-11
fine,-0.06913171061932277,4.6158047087332434,alpha,1.0000000698750333,1.0000000698746252,4.081179553349518e-13
fine,-0.06913171061932277,4.6158047087332434,beta,0.0,-2.23198438423071e-64,2.23198438423071e-64
fine,-0.06913171061932277,4.6158047087332434,gamma_ll,1.0000002535315384,1.0000002535300583,1.4801489611658155e-12
fine,-0.06913171061932277,4.6158047087332434,gamma_omega,24.373833838014427,24.373833837392937,2.5498262555560094e-11
fine,-0.448313141047205,-4.623496614585192,alpha,1.000000065804972,1.0000000658049393,3.2640554776068814e-14
fine,-0.448313141047205,-4.623496614585192,beta,0.0,-3.460928619679587e-58,3.460928619679587e-58
fine,-0.448313141047205,-4.623496614585192,gamma_ll,1.0000002387639038,1.0000002387637847,1.1901587982312072e-13
fine,-0.448313141047205,-4.623496614585192,gamma_omega,24.4447594386428,24.444759438601018,1.7093015654848494e-12
fine,1.0245432349467496,-3.336956866240171,alpha,1.0010548556910632,1.0010548541218531,1.5675565492510184e-09
fine,1.0245432349467496,-3.336956866240171,beta,2.5121528679616527e-81,2.5174379399108344e-64,2.5174379399108344e-64
fine,1.0245432349467496,-3.336956866240171,gamma_ll,1.0038313660991982,1.0038313604261415,5.651404093025205e-09
fine,1.0245432349467496,-3.336956866240171,gamma_omega,14.394553157528218,14.394553156623987,6.281760514287869e-11
fine,1.8514294184519944,-0.562392820397716,alpha,1.8682365233512297,1.8682365391842113,8.474827140230769e-09
fine,1.8514294184519944,-0.562392820397716,beta,1.0815305645836249e-129,3.556586886299793e-20,3.556586886299793e-20
fine,1.8514294184519944,-0.562392820397716,gamma_ll,6.872431581443726,6.872431596649655,2.2125980855865187e-09
fine,1.8514294184519944,-0.562392820397716,gamma_omega,4.0753272883131,4.075327289722703,3.4588709106938845e-10
fine,2.8342773453137937,3.0918600719989247,alpha,1.0000000000032707,1.0000000000032707,0.0
fine,2.8342773453137937,3.0918600719989247,beta,-5.268994868531785e-05,-5.2689943879062464e-05,4.806255382832497e-12
fine,2.8342773453137937,3.0918600719989247,gamma_ll,1.0,1.0,0.0
fine,2.8342773453137937,3.0918600719989247,gamma_omega,12.641524497153314,12.641524496902203,1.9863991241300378e-11
fine,2.25815979216015,-2.8243709435299893,alpha,1.000565284668147,1.0005652846718658,3.71670204860028e-12
fine,2.25815979216015,-2.8243709435299893,beta,0.0,5.324331759595982e-84,5.324331759595982e-84
fine,2.25815979216015,-2.8243709435299893,gamma_ll,1.0020521953347767,1.0020521953486936,1.3888366018330772e-11
fine,2.25815979216015,-2.8243709435299893,gamma_omega,11.19631057483988,11.196310575293264,4.049413261270917e-11
fine,1.8705876295397998,5.459641054964891,alpha,1.0000000000013343,1.0000000000013343,0.0
fine,1.8705876295397998,5.459641054964891,beta,0.0,1.0111444260927632e-49,1.0111444260927632e-49
fine,1.8705876295397998,5.459641054964891,gamma_ll,1.000000000004841,1.000000000004841,0.0
fine,1.8705876295397998,5.459641054964891,gamma_omega,32.87032517288867,32.870325172957955,2.1078289247078523e-12
fine,1.685119597940309,1.347553779305784,alpha,2.714820755915074,2.714822349369518,5.869464643207254e-07
fine,1.685119597940309,1.347553779305784,beta,-0.09727114070577444,-0.0972711389249218,1.7808526459051066e-09
fine,1.685119597940309,1.347553779305784,gamma_ll,8.381961007099465,8.381955708944353,6.320901644126072e-07
fine,1.685119597940309,1.347553779305784,gamma_omega,5.8699876511259905,5.869987650160284,1.6451595525794437e-10
fine,-0.6970013792076832,-2.344030099663983,alpha,1.6682081815203094,1.6682082275730177,2.76060918676902e-08
fine,-0.6970013792076832,-2.344030099663983,beta,1.213147155441625e-07,1.2082513598022278e-07,4.89579563939721e-10
fine,-0.6970013792076832,-2.344030099663983,gamma_ll,5.084443352548709,5.084443916498605,1.1091674298555905e-07
fine,-0.6970013792076832,-2.344030099663983,gamma_omega,9.534240580385589,9.534240581212828,8.67650354522735e-11
fine,2.164765122891167,-2.708643574369878,alpha,1.0020965439722125,1.0020965432957252,6.750719924968596e-10
fine,2.164765122891167,-2.708643574369878,beta,0.0,-2.1329186978148455e-77,2.1329186978148455e-77
fine,2.164765122891167,-2.708643574369878,gamma_ll,1.0076227072776658,1.0076227048502537,2.409048577023766e-09
fine,2.164765122891167,-2.708643574369878,gamma_omega,10.62819731926938,10.628197320966775,1.5970669100184859e-10
fine,1.876451752755269,4.126193493674114,alpha,1.0000004911148814,1.0000004911148523,2.9087828959713434e-14
fine,1.876451752755269,4.126193493674114,beta,-1.9914849002089927e-22,-3.4799549115665853e-20,3.4600400625644954e-20
fine,1.876451752755269,4.126193493674114,gamma_ll,1.0000017819406628,1.000001781940557,1.0569304360558272e-13
fine,1.876451752755269,4.126193493674114,gamma_omega,20.104110899075277,20.104110899039377,1.7857129770374652e-12
fine,-0.856132029455671,-2.552041350712437,alpha,1.2140453433584684,1.2140453392046529,3.421466534588794e-09
fine,-0.856132029455671,-2.552041350712437,beta,-2.2472990043109512e-08,-2.2472519719616187e-08,4.703234933250486e-13
fine,-0.856132029455671,-2.552041350712437,gamma_ll,1.942950041935568,1.9429500388950232,1.5649115321141331e-09
fine,-0.856132029455671,-2.552041350712437,gamma_omega,10.358339937689749,10.358339938245877,5.3688872132994505e-11
fine,2.539985286933099,-2.279131723513214,alpha,1.000052259705379,1.0000522597819494,7.656652635205352e-11
fine,2.539985286933099,-2.279131723513214,beta,0.0,-1.6046230289106312e-77,1.6046230289106312e-77
fine,2.539985286933099,-2.279131723513214,gamma_ll,1.0001896261395233,1.0001896264189023,2.793259968968685e-10
fine,2.539985286933099,-2.279131723513214,gamma_omega,8.396422000338939,8.39642200016299,2.095513361947414e-11
fine,1.0720766262502477,-1.0861022254964805,alpha,21.334078059235924,21.334075225670126,1.3281876020757892e-07
fine,1.0720766262502477,-1.0861022254964805,beta,-1.6080607674326573e-15,-1.6096920337961986e-15,1.6312663635413e-18
fine,1.0720766262502477,-1.0861022254964805,gamma_ll,1081.0742736185375,1081.0742952376847,1.999783710210363e-08
fine,1.0720766262502477,-1.0861022254964805,gamma_omega,5.5633199292519775,5.563320689070902,1.3657652874283233e-07
fine,-0.9014888157277147,3.449298765856863,alpha,1.0008967392095245,1.000896739177726,3.17700743107799e-11
fine,-0.9014888157277147,3.449298765856863,beta,9.042754044772142e-38,9.039470818694104e-38,3.283226078038107e-41
fine,-0.9014888157277147,3.449298765856863,gamma_ll,1.0032565611199085,1.0032565610052124,1.1432372824252272e-10
fine,-0.9014888157277147,3.449298765856863,gamma_omega,15.11919351236868,15.119193512355233,8.894006987382748e-13
fine,-1.1059739808067468,-1.1164416547411236,alpha,6.365507236859082,6.3654963116603565,1.7163123563809244e-06
fine,-1.1059739808067468,-1.1164416547411236,beta,-1.5509595462644854,-1.5509603477692964,5.167799591523612e-07
fine,-1.1059739808067468,-1.1164416547411236,gamma_ll,60.977926397875535,60.9777224901534,3.3439595962613923e-06
fine,-1.1059739808067468,-1.1164416547411236,gamma_omega,5.6496367291816645,5.649636726882886,4.068895341400682e-10
fine,2.081611473297407,2.480515363229369,alpha,1.0108438617251765,1.0108438607743595,9.40617059376649e-10
fine,2.081611473297407,2.480515363229369,beta,-0.00931899690680475,-0.009318993268885524,3.637919226279207e-09
fine,2.081611473297407,2.480515363229369,gamma_ll,1.0395507365618093,1.0395507356245015,9.016469845822696e-10
fine,2.081611473297407,2.480515363229369,gamma_omega,9.574088924874669,9.574088925980098,1.1546045228842347e-10
fine,-0.3929563844999415,-3.0962044554921992,alpha,1.0091603306946852,1.009160327894722,2.774547378706988e-09
fine,-0.3929563844999415,-3.0962044554921992,beta,2.654239541687644e-25,1.3209391691796804e-25,1.3333003725079637e-25
fine,-0.3929563844999415,-3.0962044554921992,gamma_ll,1.0335368219469812,1.0335368122133297,9.417808087453611e-09
fine,-0.3929563844999415,-3.0962044554921992,gamma_omega,12.983097963341638,12.983097964060855,5.539638445597748e-11
fine,1.9029033123259738,-1.858292134060993,alpha,1.2478303509423214,1.2478303492996157,1.3164495862476027e-09
fine,1.9029033123259738,-1.858292134060993,beta,1.7251773490683781e-121,3.0899634476056217e-51,3.0899634476056217e-51
fine,1.9029033123259738,-1.858292134060993,gamma_ll,2.12166393695618,2.1216639195080536,8.223793691006141e-09
fine,1.9029033123259738,-1.858292134060993,gamma_omega,7.2577973213328155,7.257797502143043,2.491254842615596e-08
fine,0.03477726105955625,-3.3731128863850572,alpha,1.0014750455919117,1.001475045362007,2.2956614136989266e-10
fine,0.03477726105955625,-3.3731128863850572,beta,8.719423140603278e-40,8.706234533400628e-40,1.3188607202649759e-42
fine,0.03477726105955625,-3.3731128863850572,gamma_ll,1.0053597614088683,1.0053597605809683,8.234862808124957e-10
fine,0.03477726105955625,-3.3731128863850572,gamma_omega,14.628966588181886,14.628966588116588,4.46354844451313e-12
fine,0.6784266379072372,-3.5013738846952527,alpha,1.0004674655701324,1.0004674655464136,2.370772215423847e-11
fine,0.6784266379072372,-3.5013738846952527,beta,5.290707364759885e-62,-4.2348942680692506e-61,4.763965004545239e-61
fine,0.6784266379072372,-3.5013738846952527,gamma_ll,1.0016969120254051,1.001696911939296,8.596324776565564e-11
fine,0.6784266379072372,-3.5013738846952527,gamma_omega,15.461340742578901,15.461340742481118,6.324361940305811e-12
fine,1.0506388749404105,4.455029996876229,alpha,1.0000001622819887,1.0000001622816739,3.1485919868771747e-13
fine,1.0506388749404105,4.455029996876229,beta,0.0,-2.2551815598024985e-45,2.2551815598024985e-45
fine,1.0506388749404105,4.455029996876229,gamma_ll,1.0000005888169792,1.0000005888158365,1.1426408641378693e-12
fine,1.0506388749404105,4.455029996876229,gamma_omega,22.919090950416827,22.91909095002383,1.714717373762528e-11
fine,-0.99896514191713,2.1299589427877113,alpha,3.2729535593521195,3.2729537909588355,7.076382595352223e-08
fine,-0.99896514191713,2.1299589427877113,beta,5.483117884101913e-13,5.480361088177307e-13,2.7567959246061794e-16
fine,-0.99896514191713,2.1299589427877113,gamma_ll,29.099630027062812,29.099633110063948,1.0594640321180539e-07
fine,-0.99896514191713,2.1299589427877113,gamma_omega,8.754952416903215,8.754952415890736,1.1564642973756902e-10
fine,1.0538745871070434,-3.935310100572873,alpha,1.0000128972227067,1.000012897185082,3.762430692166623e-11
fine,1.0538745871070434,-3.935310100572873,beta,2.430361554842402e-96,-7.481715458241643e-79,7.481715458241643e-79
fine,1.0538745871070434,-3.935310100572873,gamma_ll,1.0000467963139534,1.0000467961774413,1.3650574696369818e-10
fine,1.0538745871070434,-3.935310100572873,gamma_omega,18.59359653870702,18.5935965365198,1.176328373942758e-10
fine,-0.19249145170510795,-0.8703442638186445,alpha,375.4713136437662,375.47533264099474,1.0703872925766255e-05
fine,-0.19249145170510795,-0.8703442638186445,beta,-0.11536734162926997,-0.1153674153896208,7.376035082717891e-08
fine,-0.19249145170510795,-0.8703442638186445,gamma_ll,147495.74362228846,147496.85388455307,7.5274190112033774e-06
fine,-0.19249145170510795,-0.8703442638186445,gamma_omega,5.092472220513471,5.0924722201820405,6.508251167348367e-11
fine,1.7494061796580676,-2.7610994898408627,alpha,1.009256503577104,1.0092564992296544,4.307576415005092e-09
fine,1.7494061796580676,-2.7610994898408627,beta,2.7725807012690294e-123,6.489648552697817e-68,6.489648552697817e-68
fine,1.7494061796580676,-2.7610994898408627,gamma_ll,1.033892103785309,1.0338920887085041,1.4582570908934657e-08
fine,1.7494061796580676,-2.7610994898408627,gamma_omega,11.094794331178107,11.09479433525335,3.6731129323530847e-10
fine,2.6242998606557624,-3.552302206471384,alpha,1.0,1.0000000000000024,2.4424906541753444e-15
fine,2.6242998606557624,-3.552302206471384,beta,0.0,-6.35161117947537e-109,6.35161117947537e-109
fine,2.6242998606557624,-3.552302206471384,gamma_ll,1.0,1.0000000000000089,8.881784197001252e-15
fine,2.6242998606557624,-3.552302206471384,gamma_omega,15.695158121589735,15.695158121541878,3.049146063998673e-12
fine,-0.7044812549390769,-1.063766304437321,alpha,35.46284909570392,35.46277660299302,2.044187445585945e-06
fine,-0.7044812549390769,-1.063766304437321,beta,-0.8607166128896258,-0.8607065687109755,1.0044178650248092e-05
fine,-0.7044812549390769,-1.063766304437321,gamma_ll,1478.540287792377,1478.5421429789826,1.254742005253823e-06
fine,-0.7044812549390769,-1.063766304437321,gamma_omega,5.521316407478335,5.521316405019023,4.454212879260162e-10
fine,1.8517821930508087,-2.2349168184404933,alpha,1.0861680286178659,1.0861680407297194,1.1150994322247684e-08
fine,1.8517821930508087,-2.2349168184404933,beta,2.5569625705973107e-120,-1.73764303141095e-58,1.73764303141095e-58
fine,1.8517821930508087,-2.2349168184404933,gamma_ll,1.3393508033355987,1.3393508617549492,4.3617661872267324e-08
fine,1.8517821930508087,-2.2349168184404933,gamma_omega,8.707712443737288,8.707712439523247,4.839434810458144e-10
fine,2.766298407638666,5.9406524834825145,alpha,1.0,1.0,0.0
fine,2.766298407638666,5.9406524834825145,beta,0.0,-6.341000124065624e-43,6.341000124065624e-43
fine,2.766298407638666,5.9406524834825145,gamma_ll,1.0,1.0,0.0
fine,2.766298407638666,5.9406524834825145,gamma_omega,38.353854072580496,38.35385407258595,1.4227952685826178e-13
fine,-0.817679583709197,-3.91128141662824,alpha,1.0000294735472273,1.0000294734587034,8.852124587797078e-11
fine,-0.817679583709197,-3.91128141662824,beta,4.647942957311909e-45,-3.172168847961192e-34,3.1721688480076717e-34
fine,-0.817679583709197,-3.91128141662824,gamma_ll,1.0001069436343952,1.0001069433132284,3.211325277961547e-10
fine,-0.817679583709197,-3.91128141662824,gamma_omega,18.410126135721615,18.410126133279263,1.3266351791055446e-10
fine,-0.07024525773622181,-3.0649765570139085,alpha,1.010995216503692,1.0109952063534215,1.0039879750438045e-08
fine,-0.07024525773622181,-3.0649765570139085,beta,8.78605334741149e-31,8.226298247755377e-31,5.597550996561134e-32
fine,-0.07024525773622181,-3.0649765570139085,gamma_ll,1.040326678227793,1.0403266429736517,3.3887568106929505e-08
fine,-0.07024525773622181,-3.0649765570139085,gamma_omega,12.810724376078733,12.810724378720936,2.062492973347534e-10
fine,0.2858878832786593,-5.1707990367705206,alpha,1.000000000277349,1.0000000002773481,8.881784194537898e-16
fine,0.2858878832786593,-5.1707990367705206,beta,0.0,-7.647707245426801e-86,7.647707245426801e-86
fine,0.2858878832786593,-5.1707990367705206,gamma_ll,1.0000000010063212,1.0000000010063177,3.5527136752253297e-15
fine,0.2858878832786593,-5.1707990367705206,gamma_omega,29.800418075627483,29.800418075601186,8.824435477295763e-13
fine,1.7132353430881615,4.129756802588641,alpha,1.0000007941898958,1.0000007941888718,1.0240689046090676e-12
fine,1.7132353430881615,4.129756802588641,beta,4.975747988305297e-150,-1.183879571266763e-22,1.183879571266763e-22
fine,1.7132353430881615,4.129756802588641,gamma_ll,1.000002881606209,1.0000028816024933,3.71568371167822e-12
fine,1.7132353430881615,4.129756802588641,gamma_omega,20.136568463097657,20.136568462587004,2.5359477423965903e-11
fine,2.6121613582328305,-2.0805155045708985,alpha,1.0,0.9999999999861567,1.3843259871748614e-11
fine,2.6121613582328305,-2.0805155045708985,beta,0.0,4.837022645311422e-75,4.837022645311422e-75
fine,2.6121613582328305,-2.0805155045708985,gamma_ll,1.0,0.9999999999497764,5.0223603054178056e-11
fine,2.6121613582328305,-2.0805155045708985,gamma_omega,7.519179578361445,7.519179577552898,1.075312803343456e-10
fine,2.492714203984579,5.295183675837583,alpha,1.0000000000000353,1.0000000000000353,0.0
fine,2.492714203984579,5.295183675837583,beta,0.0,9.249457656538877e-34,9.249457656538877e-34
fine,2.492714203984579,5.295183675837583,gamma_ll,1.0000000000001288,1.0000000000001288,0.0
fine,2.492714203984579,5.295183675837583,gamma_omega,31.101545550849885,31.101545550885877,1.1572589606867412e-12
fine,2.528606223198686,3.332474904112578,alpha,1.000000258233041,1.0000002582331424,1.014743582467072e-13
fine,2.528606223198686,3.332474904112578,beta,-1.23103878144597e-05,-1.2310312107373988e-05,7.57070857115578e-11
fine,2.528606223198686,3.332474904112578,gamma_ll,1.000000936784868,1.0000009367852511,3.832486290790877e-13
fine,2.528606223198686,3.332474904112578,gamma_omega,14.197954560323177,14.197954560089698,1.6444552833879206e-11
fine,1.9494145883376892,-1.5551202708725604,alpha,1.3555284172584972,1.355528413204604,2.990636839108757e-09
fine,1.9494145883376892,-1.5551202708725604,beta,2.501325911826217e-125,1.6020257466908982e-45,1.6020257466908982e-45
fine,1.9494145883376892,-1.5551202708725604,gamma_ll,2.7257096129464187,2.7257095784598446,1.265232872831493e-08
fine,1.9494145883376892,-1.5551202708725604,gamma_omega,6.200198745779653,6.20019875283994,1.1387195403344732e-09
fine,2.996990728442813,-3.784025774996828,alpha,1.0,1.0,0.0
fine,2.996990728442813,-3.784025774996828,beta,0.0,-2.6710636651332497e-123,2.6710636651332497e-123
fine,2.996990728442813,-3.784025774996828,gamma_ll,1.0,1.0,0.0
fine,2.996990728442813,-3.784025774996828,gamma_omega,17.383771008190408,17.383771008121577,3.959455907504266e-12
fine,-1.1726288072032078,3.1722456474726144,alpha,1.0056688991418008,1.0056688979528532,1.1822455761019348e-09
fine,-1.1726288072032078,3.1722456474726144,beta,1.339968899639786e-40,1.3356843853311287e-40,4.284514308657319e-43
fine,-1.1726288072032078,3.1722456474726144,gamma_ll,1.020683598248316,1.02068359405222,4.111064312562524e-09
fine,-1.1726288072032078,3.1722456474726144,gamma_omega,13.41384148774538,13.413841488000733,1.903653567502724e-11
fine,-0.827521252392543,2.1603767505217526,alpha,2.8987257033476044,2.8987261588574684,1.5714141683848804e-07
fine,-0.827521252392543,2.1603767505217526,beta,7.293880981620558e-08,7.288493336419358e-08,5.387645201199393e-11
fine,-0.827521252392543,2.1603767505217526,gamma_ll,21.688519463010046,21.68852484672495,2.482287881567768e-07
fine,-0.827521252392543,2.1603767505217526,gamma_omega,8.86232280512374,8.862322803058605,2.330241928079978e-10
fine,-0.5995415640117487,-3.45593723908485,alpha,1.000856380979463,1.0008563802494284,7.29410046468814e-10
fine,-0.5995415640117487,-3.45593723908485,beta,2.4136196079387658e-30,1.7751226517060932e-28,1.7509864556267054e-28
fine,-0.5995415640117487,-3.45593723908485,gamma_ll,1.0031098744010407,1.0031098717583116,2.6345360703453226e-09
fine,-0.5995415640117487,-3.45593723908485,gamma_omega,15.16260869188388,15.162608690835151,6.916547969216893e-11
fine,2.4365403544780073,-2.497081579884575,alpha,1.0003778233452738,1.000377823346268,9.937182462972895e-13
fine,2.4365403544780073,-2.497081579884575,beta,0.0,-2.491891878809547e-80,2.491891878809547e-80
fine,2.4365403544780073,-2.497081579884575,gamma_ll,1.001371387423087,1.0013713874273091,4.216395850409463e-12
fine,2.4365403544780073,-2.497081579884575,gamma_omega,9.45044976769515,9.450449767727548,3.428111553772435e-12
fine,1.0118736514068485,-3.2489595770320703,alpha,1.0019153447327445,1.0019153446407678,9.180081830587224e-11
fine,1.0118736514068485,-3.2489595770320703,beta,1.5473896622076e-78,2.2375277756503346e-63,2.237527775650333e-63
fine,1.0118736514068485,-3.2489595770320703,gamma_ll,1.0069626553365731,1.0069626550067334,3.2755903046803557e-10
fine,1.0118736514068485,-3.2489595770320703,gamma_omega,13.855874176550449,13.855874176580572,2.174056930563797e-12
fine,-1.3857114238901356,-2.647397386220746,alpha,1.1267145428967693,1.1267145370345677,5.202916435209532e-09
fine,-1.3857114238901356,-2.647397386220746,beta,-0.00027861988949503034,-0.00027861563547221246,4.2540228178717006e-09
fine,-1.3857114238901356,-2.647397386220746,gamma_ll,1.517693952426825,1.5176939471385753,3.4843978969084677e-09
fine,-1.3857114238901356,-2.647397386220746,gamma_omega,10.764750352049118,10.764750352947667,8.347140077962896e-11
fine,0.5070063572922501,3.390763567480768,alpha,1.0011178444955522,1.0011178428684344,1.6253009401407208e-09
fine,0.5070063572922501,3.390763567480768,beta,1.1591556788454664e-52,-6.107056293467112e-33,6.107056293467112e-33
fine,0.5070063572922501,3.390763567480768,gamma_ll,1.0040604006924785,1.0040603948130569,5.8556453497951255e-09
fine,0.5070063572922501,3.390763567480768,gamma_omega,14.740104754147715,14.740104752968605,7.999333536115533e-11
fine,1.7153518121962046,5.018805195406422,alpha,1.0000000002238567,1.0000000002238556,1.1102230243766257e-15
fine,1.7153518121962046,5.018805195406422,beta,0.0,8.177040654938436e-43,8.177040654938436e-43
fine,1.7153518121962046,5.018805195406422,gamma_ll,1.0000000008122325,1.0000000008122276,4.884981304382948e-15
fine,1.7153518121962046,5.018805195406422,gamma_omega,28.251880141051245,28.251880140989197,2.1962483236679184e-12
fine,0.28974044514058517,-1.6922263983213668,alpha,25.39678077479102,25.396777731192586,1.1984189885437299e-07
fine,0.28974044514058517,-1.6922263983213668,beta,-6.37161563265038e-13,-6.36862076686594e-13,2.994865784440731e-16
fine,0.28974044514058517,-1.6922263983213668,gamma_ll,2123.9056005385296,2123.9052073252883,1.8513687293630015e-07
fine,0.28974044514058517,-1.6922263983213668,gamma_omega,7.292093514697842,7.2920935102138404,6.149127963622134e-10
fine,1.0358569928710595,1.7970165506775437,alpha,5.071376875915565,5.07137678547844,1.783285420679008e-08
fine,1.0358569928710595,1.7970165506775437,beta,-0.005250789445969711,-0.005250788115210308,1.330759403714299e-09
fine,1.0358569928710595,1.7970165506775437,gamma_ll,72.55604250651407,72.5560667019786,3.334727706085501e-07
fine,1.0358569928710595,1.7970165506775437,gamma_omega,7.575891653800702,7.575891652757703,1.3767337549919132e-10
fine,0.11723527250732801,-3.0084843824302663,alpha,1.0151032662469395,1.015103255856276,1.0236065419422916e-08
fine,0.11723527250732801,-3.0084843824302663,beta,7.884237642484362e-34,7.559694359731615e-34,3.2454328275274637e-35
fine,0.11723527250732801,-3.0084843824302663,gamma_ll,1.0556156513006052,1.0556156155638807,3.385391683471021e-08
fine,0.11723527250732801,-3.0084843824302663,gamma_omega,12.505918294433998,12.505918297271437,2.2688767522838331e-10
fine,2.9695250756897904,3.8162761777983203,alpha,1.000000000000001,1.000000000000001,0.0
fine,2.9695250756897904,3.8162761777983203,beta,-2.688181951615314e-07,-2.6881492486153966e-07,3.270299991756548e-12
fine,2.9695250756897904,3.8162761777983203,gamma_ll,1.0,1.0,0.0
fine,2.9695250756897904,3.8162761777983203,gamma_omega,17.628891401377075,17.628891401208243,9.577009444324397e-12
fine,-0.3023758860594301,1.4107032185069084,alpha,133.55239676043465,133.55241159272268,1.1105969185473398e-07
fine,-0.3023758860594301,1.4107032185069084,beta,2.5160513692873496e-05,2.5158583224527404e-05,1.9304683460916487e-09
fine,-0.3023758860594301,1.4107032185069084,gamma_ll,37176.39410621922,37176.39124843724,7.687087584658572e-08
fine,-0.3023758860594301,1.4107032185069084,gamma_omega,6.442219963849383,6.442219959310015,7.046279105772842e-10
fine,1.1789148120318327,1.1251086594424358,alpha,6.300293234383423,6.300293052150603,2.892449814092842e-08
fine,1.1789148120318327,1.1251086594424358,beta,-0.22665624827387545,-0.22665625178656715,3.5126916930749985e-09
fine,1.1789148120318327,1.1251086594424358,gamma_ll,8.806773475810985,8.806772763139099,8.092315396859484e-08
fine,1.1789148120318327,1.1251086594424358,gamma_omega,5.57876624877726,5.578766248911147,2.3999334897783345e-11
fine,0.31052270601214405,3.9382797133703846,alpha,1.0000216761180938,1.000021676048458,6.963434323750152e-11
fine,0.31052270601214405,3.9382797133703846,beta,6.665598936617608e-59,-1.5650777483547253e-49,1.5650777490212851e-49
fine,0.31052270601214405,3.9382797133703846,gamma_ll,1.0000786503586447,1.000078650105999,2.526258130419758e-10
fine,0.31052270601214405,3.9382797133703846,gamma_omega,18.61833298105483,18.61833297864044,1.296782179235105e-10
fine,1.5823466738449858,3.826180775348522,alpha,1.00001248545659,1.0000124854560197,5.702034261973551e-13
fine,1.5823466738449858,3.826180775348522,beta,-1.064662312199454e-21,-1.5472538484531249e-19,1.5366072253311304e-19
fine,1.5823466738449858,3.826180775348522,gamma_ll,1.0000453022424236,1.0000453022403555,2.0680297638860387e-12
fine,1.5823466738449858,3.826180775348522,gamma_omega,17.75207775923023,17.75207775912601,5.87079761485519e-12
fine,-0.9521218754599142,0.9903582561007749,alpha,421.0957949838392,421.09570795730855,2.0666682424038795e-07
fine,-0.9521218754599142,0.9903582561007749,beta,-2.2578016264539816e-14,-2.2785746484602087e-14,2.07730220062271e-16
fine,-0.9521218754599142,0.9903582561007749,gamma_ll,189757.1259930644,189757.131713173,3.014436781769248e-08
fine,-0.9521218754599142,0.9903582561007749,gamma_omega,5.350808890961257,5.350808889187557,3.314824815673557e-10
fine,0.260874549589196,0.6808168509695953,alpha,73.9000610716756,73.89883302821974,1.6617624370598138e-05
fine,0.260874549589196,0.6808168509695953,beta,-0.1192264440478898,-0.11922778642515197,1.342377262167349e-06
fine,0.260874549589196,0.6808168509695953,gamma_ll,2682.5670274667236,2682.4612001209634,3.945002852738698e-05
fine,0.260874549589196,0.6808168509695953,gamma_omega,4.741749293716149,4.74174929397701,5.501378044708184e-11
fine,2.06111051652196,5.692697772950357,alpha,1.0000000000000442,1.0000000000000442,0.0
fine,2.06111051652196,5.692697772950357,beta,0.0,-2.955120299140625e-51,2.955120299140625e-51
fine,2.06111051652196,5.692697772950357,gamma_ll,1.0000000000001603,1.0000000000001603,0.0
fine,2.06111051652196,5.692697772950357,gamma_omega,35.46934799652118,35.46934799659768,2.1569084485791362e-12
fine,2.21768565102193,-4.674003588242677,alpha,1.000000000695683,1.0000000006956828,2.2204460477055864e-16
fine,2.21768565102193,-4.674003588242677,beta,0.0,-2.106808238113359e-124,2.106808238113359e-124
fine,2.21768565102193,-4.674003588242677,gamma_ll,1.0000000025241862,1.0000000025241853,8.881784174581975e-16
fine,2.21768565102193,-4.674003588242677,gamma_omega,24.910329999683356,24.910329999682713,2.5814237542058438e-14
fine,1.1080671685326706,2.177534178714179,alpha,1.6401274770795506,1.6401274912046937,8.612222679399194e-09
fine,1.1080671685326706,2.177534178714179,beta,-0.00010493000707835398,-0.00010492936860949298,6.384688609918773e-10
fine,1.1080671685326706,2.177534178714179,gamma_ll,4.843920838255461,4.843920962264303,2.5600922384704968e-08
fine,1.1080671685326706,2.177534178714179,gamma_omega,8.865441899967486,8.865441899965942,1.7412037785104417e-13
fine,1.4166609142265343,-3.856540030239247,alpha,1.0000139085184867,1.0000139084963136,2.2172843811800642e-11
fine,1.4166609142265343,-3.856540030239247,beta,4.440669215647226e-121,-2.5184504374775493e-85,2.5184504374775493e-85
fine,1.4166609142265343,-3.856540030239247,gamma_ll,1.0000504657522253,1.0000504656717757,8.044558719713175e-11
fine,1.4166609142265343,-3.856540030239247,gamma_omega,17.985666892775395,17.985666891420205,7.53483174288172e-11
fine,0.9525452140856108,-1.500638589837104,alpha,14.3382726361747,14.338272618742751,1.2157635483551336e-09
fine,0.9525452140856108,-1.500638589837104,beta,1.5060542425821608e-49,7.552644087359354e-22,7.552644087359354e-22
fine,0.9525452140856108,-1.500638589837104,gamma_ll,653.2509619232519,653.2509606722738,1.9150038850169708e-09
fine,0.9525452140856108,-1.500638589837104,gamma_omega,6.709230062177958,6.709230066836071,6.942842864619468e-10
fine,1.8944433823195106,0.9780837218785212,alpha,1.7088082364542805,1.708808227965433,4.967700425181612e-09
fine,1.8944433823195106,0.9780837218785212,beta,-0.0006670488239508556,-0.000667044261582762,4.562368093670617e-09
fine,1.8944433823195106,0.9780837218785212,gamma_ll,4.991184409711587,4.991184417858517,1.6322639223037416e-09
fine,1.8944433823195106,0.9780837218785212,gamma_omega,4.740063680391353,4.740063679217605,2.476228778513922e-10
fine,-0.250261153897692,2.591685315099525,alpha,1.1720450493264016,1.172045016445061,2.805467294806258e-08
fine,-0.250261153897692,2.591685315099525,beta,6.542137540273425e-17,6.509298421135262e-17,3.283911913816233e-19
fine,-0.250261153897692,2.591685315099525,gamma_ll,1.7313812750452229,1.7313812683787313,3.850389095153243e-09
fine,-0.250261153897692,2.591685315099525,gamma_omega,10.524496000693288,10.524496005497289,4.564589841109401e-10
fine,2.2987122866241934,-3.778752120456724,alpha,1.0000007106875262,1.000000710687115,4.1122631606774474e-13
fine,2.2987122866241934,-3.778752120456724,beta,0.0,-1.9771407612454857e-105,1.9771407612454857e-105
fine,2.2987122866241934,-3.778752120456724,gamma_ll,1.0000025786294056,1.0000025786279139,1.4916918093659967e-12
fine,2.2987122866241934,-3.778752120456724,gamma_omega,17.360509013266853,17.360509013071034,1.1279535202480645e-11
fine,2.1174971911751577,-1.4703282541131202,alpha,1.1611733594397986,1.1611733614782,1.7554669430396782e-09
fine,2.1174971911751577,-1.4703282541131202,beta,2.922703911181301e-139,-6.753837476759049e-48,6.753837476759049e-48
fine,2.1174971911751577,-1.4703282541131202,gamma_ll,1.6635252072684443,1.6635252087705554,9.029686449032461e-10
fine,2.1174971911751577,-1.4703282541131202,gamma_omega,5.74688786084591,5.746887860565971,4.871151722691848e-11
fine,1.8213177303255508,-1.1296522653356282,alpha,1.9413758318264127,1.941375818450103,6.89011854182046e-09
fine,1.8213177303255508,-1.1296522653356282,beta,9.031173579800318e-116,1.3601331923610302e-32,1.3601331923610302e-32
fine,1.8213177303255508,-1.1296522653356282,gamma_ll,6.963620282864038,6.963620294298678,1.6420539083308014e-09
fine,1.8213177303255508,-1.1296522653356282,gamma_omega,5.204977488845782,5.204977519906143,5.9674343377199125e-09
fine,-0.08255837879234851,-1.5967630276310132,alpha,54.33728156987746,54.33728049175006,1.9841393847703756e-08
fine,-0.08255837879234851,-1.5967630276310132,beta,-2.3192186850320618e-07,-2.3190693190094802e-07,1.4936602258156858e-11
fine,-0.08255837879234851,-1.5967630276310132,gamma_ll,8580.869763988934,8580.869380848806,4.4650500324168826e-08
fine,-0.08255837879234851,-1.5967630276310132,gamma_omega,6.9976718134701015,6.99767181232085,1.6423338952984035e-10
fine,2.083099812020521,-0.1914948595185697,alpha,1.2676301767699265,1.2676301772115166,3.483587768057525e-10
fine,2.083099812020521,-0.1914948595185697,beta,-4.4626235090779044e-18,-4.701372757921355e-18,2.387492488434509e-19
fine,2.083099812020521,-0.1914948595185697,gamma_ll,2.2317372613313236,2.2317372690638155,3.4647859826642746e-09
fine,2.083099812020521,-0.1914948595185697,gamma_omega,3.542211090401161,3.5422110942761473,1.0939455641886588e-09
fine,1.0598403578997346,1.008970311622953,alpha,7.407399891770213,7.407392279336651,1.0276795735288747e-06
fine,1.0598403578997346,1.008970311622953,beta,-0.21340093740364477,-0.21340102512371836,8.772007359381107e-08
fine,1.0598403578997346,1.008970311622953,gamma_ll,12.418637830490255,12.418609588403045,2.274169485800365e-06
fine,1.0598403578997346,1.008970311622953,gamma_omega,5.3308222716515,5.330822269927031,3.2349016344315406e-10
fine,0.4129357529079245,4.191192828568706,alpha,1.0000026383725282,1.0000026383627572,9.771047060063868e-12
fine,0.4129357529079245,4.191192828568706,beta,2.9528292598704766e-67,-4.412824626889757e-53,4.412824626889787e-53
fine,0.4129357529079245,4.191192828568706,gamma_ll,1.0000095729805885,1.0000095729451357,3.545241246009883e-11
fine,0.4129357529079245,4.191192828568706,gamma_omega,20.650599257334378,20.65059925586577,7.11168984196058e-11
fine,2.325843128684005,5.887855171621851,alpha,1.0000000000000007,1.0000000000000007,0.0
fine,2.325843128684005,5.887855171621851,beta,0.0,-5.648157869106916e-51,5.648157869106916e-51
fine,2.325843128684005,5.887855171621851,gamma_ll,1.0000000000000022,1.0000000000000027,4.4408920985006163e-16
fine,2.325843128684005,5.887855171621851,gamma_omega,37.72934803793026,37.729348038049224,3.153146726222619e-12
fine,0.21601631859521842,-0.3241270840152044,alpha,219.6840235993815,219.67969888167443,1.9686082020078145e-05
fine,0.21601631859521842,-0.3241270840152044,beta,-0.11299650024123188,-0.11299678666627126,2.86425039380811e-07
fine,0.21601631859521842,-0.3241270840152044,gamma_ll,38047.168631103516,38045.845442219055,3.4777591396867976e-05
fine,0.21601631859521842,-0.3241270840152044,gamma_omega,4.306276360096999,4.306276360208451,2.5881334939483554e-11
fine,1.7839446648453094,2.516817553064616,alpha,1.0331888584755804,1.0331889034891888,4.356764789612213e-08
fine,1.7839446648453094,2.516817553064616,beta,-0.00513447852555034,-0.005134481615381679,3.0898313395713584e-09
fine,1.7839446648453094,2.516817553064616,gamma_ll,1.1119672295452048,1.1119672424003335,1.1560708263437814e-08
fine,1.7839446648453094,2.516817553064616,gamma_omega,9.938443719292854,9.93844372110102,1.819365398038443e-10
fine,-1.4894608571707568,5.172492483542641,alpha,1.000000000296943,1.0000000002969422,6.661338145772902e-16
fine,-1.4894608571707568,5.172492483542641,beta,0.0,-2.355389195298608e-95,2.355389195298608e-95
fine,-1.4894608571707568,5.172492483542641,gamma_ll,1.0000000010774146,1.0000000010774128,1.7763568374863777e-15
fine,-1.4894608571707568,5.172492483542641,gamma_omega,29.817931419240004,29.817931419227907,4.0569514719958504e-13
fine,1.1035942328824317,-0.19219388975596274,alpha,20.88365242345975,20.883652279757218,6.88110152507219e-09
fine,1.1035942328824317,-0.19219388975596274,beta,-3.781687892157207e-06,-3.78136646322192e-06,3.214289352870413e-10
fine,1.1035942328824317,-0.19219388975596274,gamma_ll,1485.794091475269,1485.7940950066818,2.3767848306835245e-09
fine,1.1035942328824317,-0.19219388975596274,gamma_omega,4.1629669351845955,4.162966939120701,9.45504906695143e-10
fine,1.976512716835697,4.544127591788834,alpha,1.0000000087605838,1.0000000087605534,3.042011060823136e-14
fine,1.976512716835697,4.544127591788834,beta,0.0,-1.7564370892187558e-27,1.7564370892187558e-27
fine,1.976512716835697,4.544127591788834,gamma_ll,1.0000000317865203,1.0000000317864097,1.1057820973776908e-13
fine,1.976512716835697,4.544127591788834,gamma_omega,23.71535315090305,23.715353150678336,9.47540993667445e-12
fine,-0.9866361154629786,2.8640705475300194,alpha,1.037106571713623,1.0371065479607593,2.290301143951384e-08
fine,-0.9866361154629786,2.8640705475300194,beta,7.2375896754912175e-28,7.200621868333436e-28,3.696780715778142e-30
fine,-0.9866361154629786,2.8640705475300194,gamma_ll,1.139568285948552,1.1395682127351703,6.424659470108892e-08
fine,-0.9866361154629786,2.8640705475300194,gamma_omega,11.768727379092807,11.76872738459184,4.672580274366471e-10
fine,2.036087169790485,5.304700688851284,alpha,1.0000000000036273,1.0000000000036273,0.0
fine,2.036087169790485,5.304700688851284,beta,0.0,-4.724950021095536e-43,4.724950021095536e-43
fine,2.036087169790485,5.304700688851284,gamma_ll,1.0000000000131615,1.0000000000131615,0.0
fine,2.036087169790485,5.304700688851284,gamma_omega,31.202559780905112,31.202559780928286,7.427067359068908e-13
fine,-0.31169495195083186,-4.665116703244065,alpha,1.000000044621175,1.0000000446208896,2.853273045970256e-13
fine,-0.31169495195083186,-4.665116703244065,beta,0.0,-1.0094191087791902e-60,1.0094191087791902e-60
fine,-0.31169495195083186,-4.665116703244065,gamma_ll,1.0000001619015308,1.0000001619004957,1.0351717805646e-12
fine,-0.31169495195083186,-4.665116703244065,gamma_omega,24.83061822419491,24.830618223621595,2.3089059322901365e-11
fine,1.611269017371523,1.9284317676643825,alpha,2.64079289678466,2.6407910442924565,7.014909067239326e-07
fine,1.611269017371523,1.9284317676643825,beta,-0.13067406687559222,-0.1306740897854501,2.290985787190003e-08
fine,1.611269017371523,1.9284317676643825,gamma_ll,2.895612603158584,2.895607970572862,1.5998637789614798e-06
fine,1.611269017371523,1.9284317676643825,gamma_omega,7.770170970021443,7.770170968891009,1.454838532003026e-10
fine,0.010171806470355094,-0.5075475659917732,alpha,246.55748656849647,246.54118561154857,6.611422421104612e-05
fine,0.010171806470355094,-0.5075475659917732,beta,-0.23088276637656371,-0.23088400512421392,1.2387476502062622e-06
fine,0.010171806470355094,-0.5075475659917732,gamma_ll,39604.1878463023,39599.83062325782,0.00011001925001956806
fine,0.010171806470355094,-0.5075475659917732,gamma_omega,4.495268087557205,4.495268089215487,3.688949090037544e-10
fine,2.62693719903319,-5.7654356689599355,alpha,1.0,1.0,0.0
fine,2.62693719903319,-5.7654356689599355,beta,0.0,-3.581413215486228e-159,3.581413215486228e-159
fine,2.62693719903319,-5.7654356689599355,gamma_ll,1.0,1.0,0.0
fine,2.62693719903319,-5.7654356689599355,gamma_omega,36.30275560376732,36.30275560387959,3.0926814179858656e-12
fine,2.956029850809662,-0.48888680816770247,alpha,1.0,1.0,0.0
fine,2.956029850809662,-0.48888680816770247,beta,0.0,-2.7390131221838927e-47,2.7390131221838927e-47
fine,2.956029850809662,-0.48888680816770247,gamma_ll,1.0,1.0,0.0
fine,2.956029850809662,-0.48888680816770247,gamma_omega,3.341560978643645,3.3415609801802253,4.5983904116537206e-10
fine,1.5340601463014525,1.6512843180401413,alpha,3.768954859112629,3.768955480342789,1.6482823048427832e-07
fine,1.5340601463014525,1.6512843180401413,beta,-0.19105175987827938,-0.1910517510556901,8.822589270263137e-09
fine,1.5340601463014525,1.6512843180401413,gamma_ll,3.9477163741497523,3.947716484472864,2.7946058196467776e-08
fine,1.5340601463014525,1.6512843180401413,gamma_omega,6.9058418950919656,6.905841894405892,9.934681834881845e-11
fine,2.491695142334649,-2.6134227472724656,alpha,1.0000633579185372,1.0000633579320817,1.3543640758934083e-11
fine,2.491695142334649,-2.6134227472724656,beta,0.0,1.6297419314492673e-83,1.6297419314492673e-83
fine,2.491695142334649,-2.6134227472724656,gamma_ll,1.0002298994395116,1.00022989948921,4.968704453983966e-11
fine,2.491695142334649,-2.6134227472724656,gamma_omega,10.006932812768218,10.006932813240157,4.71611972627632e-11
fine,-0.9545620818940175,2.5422314374782733,alpha,1.2258359158721446,1.2258358885622669,2.2278575247312793e-08
fine,-0.9545620818940175,2.5422314374782733,beta,7.476515343422611e-20,7.432267534134843e-20,4.424780928776782e-22
fine,-0.9545620818940175,2.5422314374782733,gamma_ll,2.0047036835928447,2.0047037342753486,2.528179320776759e-08
fine,-0.9545620818940175,2.5422314374782733,gamma_omega,10.317660288696374,10.317660292743192,3.9222244952707476e-10
fine,0.0888187114799528,1.4733847489028822,alpha,87.43171381721518,87.43171443081133,7.018004291523206e-09
fine,0.0888187114799528,1.4733847489028822,beta,-2.6463887303946295e-07,-2.646333883239813e-07,5.484715481677486e-12
fine,0.0888187114799528,1.4733847489028822,gamma_ll,18740.42344930712,18740.423354231763,5.073276853603477e-09
fine,0.0888187114799528,1.4733847489028822,gamma_omega,6.623658208410265,6.623658208127622,4.26717733993959e-11
fine,1.178225198264884,0.015669472015882313,alpha,15.782669653430457,15.782669506309254,9.321693069832968e-09
fine,1.178225198264884,0.015669472015882313,beta,-4.4045368198331094e-05,-4.4043225634418855e-05,2.142563912238256e-09
fine,1.178225198264884,0.015669472015882313,gamma_ll,857.7613034466201,857.7613054639538,2.3518590839958595e-09
fine,1.178225198264884,0.015669472015882313,gamma_omega,4.101502468786034,4.101502473817898,1.2268342766590928e-09
fine,-1.2215206017290823,-1.8837418061791702,alpha,11.063445873097224,11.063471754184123,2.3393332597602644e-06
fine,-1.2215206017290823,-1.8837418061791702,beta,-0.31991097722952205,-0.31991136305452383,3.858250017807485e-07
fine,-1.2215206017290823,-1.8837418061791702,gamma_ll,418.578129706121,418.5799025461064,4.235386083446188e-06
fine,-1.2215206017290823,-1.8837418061791702,gamma_omega,7.916563521616825,7.916563516728941,6.174249549162968e-10
fine,0.007807113408823785,3.923955518168345,alpha,1.0000261351083177,1.0000261351049717,3.3459027060856526e-12
fine,0.007807113408823785,3.923955518168345,beta,4.206743063061168e-51,4.202518853021316e-51,4.224210039851844e-54
fine,0.007807113408823785,3.923955518168345,gamma_ll,1.000094829925439,1.0000948299133006,1.2137361432357029e-11
fine,0.007807113408823785,3.923955518168345,gamma_omega,18.5076732283874,18.5076732283175,3.776792510210659e-12
fine,0.6934835005349278,3.582482920044182,alpha,1.000259687961597,1.0002596876026484,3.5885545813978126e-10
fine,0.6934835005349278,3.582482920044182,beta,1.2803862928019219e-64,6.51135002667819e-33,6.51135002667819e-33
fine,0.6934835005349278,3.582482920044182,gamma_ll,1.0009424812831706,1.000942479981729,1.3002161917128907e-09
fine,0.6934835005349278,3.582482920044182,gamma_omega,16.01130223554357,16.011302233794105,1.0926446355386136e-10
fine,2.5428990943624443,1.8739215379672638,alpha,1.0001668879091143,1.0001668885642883,6.550645927603787e-10
fine,2.5428990943624443,1.8739215379672638,beta,-0.0001461534732011553,-0.0001461532928480525,1.8035310281349672e-10
fine,2.5428990943624443,1.8739215379672638,gamma_ll,1.000605283336597,1.0006052857732082,2.435137187119843e-09
fine,2.5428990943624443,1.8739215379672638,gamma_omega,6.744310533450785,6.744310533737349,4.248968968252193e-11
fine,2.6944587849729587,1.9610774869226262,alpha,1.0000000000052685,1.0000000000053055,3.708144902228487e-14
fine,2.6944587849729587,1.9610774869226262,beta,-2.662506390810058e-05,-2.6625096120742828e-05,3.221264224871449e-11
fine,2.6944587849729587,1.9610774869226262,gamma_ll,1.0,1.0000000000001372,1.3722356584366935e-13
fine,2.6944587849729587,1.9610774869226262,gamma_omega,7.013641400279339,7.013641398324219,2.787596910579754e-10
fine,2.0067035375352225,-3.469312706294479,alpha,1.0000438503992608,1.0000438503568219,4.243708036719382e-11
fine,2.0067035375352225,-3.469312706294479,beta,8.896845190575662e-160,4.1339719654100046e-91,4.1339719654100046e-91
fine,2.0067035375352225,-3.469312706294479,gamma_ll,1.0001591117411603,1.0001591115872035,1.5393235482582247e-10
fine,2.0067035375352225,-3.469312706294479,gamma_omega,15.173527816951749,15.173527816430012,3.438470778239491e-11
fine,1.0896188890166867,-0.026671225685040767,alpha,22.130003964464233,22.13000395268811,5.321338037991742e-10
fine,1.0896188890166867,-0.026671225685040767,beta,-8.849372930234335e-05,-8.84935779582847e-05,1.513440586503774e-10
fine,1.0896188890166867,-0.026671225685040767,gamma_ll,1664.168205093569,1664.1682052971287,1.2231918199292833e-10
fine,1.0896188890166867,-0.026671225685040767,gamma_omega,4.1210065936550215,4.121006594064156,9.928012748008575e-11
fine,2.352261936369721,-5.487354406043993,alpha,1.0000000000000506,1.0000000000000506,0.0
fine,2.352261936369721,-5.487354406043993,beta,0.0,-1.1900128664612555e-145,1.1900128664612555e-145
fine,2.352261936369721,-5.487354406043993,gamma_ll,1.0000000000001834,1.0000000000001834,0.0
fine,2.352261936369721,-5.487354406043993,gamma_omega,33.173608637594995,33.17360863770064,3.184564426104913e-12
fine,2.167378784898366,3.4515940793018984,alpha,1.000021063586564,1.0000210635852866,1.2773957055986837e-12
fine,2.167378784898366,3.4515940793018984,beta,-6.064094479360194e-08,-6.06408888169251e-08,5.5976676833299646e-14
fine,2.167378784898366,3.4515940793018984,gamma_ll,1.000076427782056,1.0000764277774208,4.634826898269981e-12
fine,2.167378784898366,3.4515940793018984,gamma_omega,15.033400437773423,15.033400437847025,4.895869672890255e-12
fine,1.7176084040565485,3.7212970488229278,alpha,1.000019648342709,1.0000196483282602,1.4448602640585288e-11
fine,1.7176084040565485,3.7212970488229278,beta,-7.6514493736034e-15,-7.643299957653152e-15,8.149415950248486e-18
fine,1.7176084040565485,3.7212970488229278,gamma_ll,1.0000712925677122,1.0000712925152904,5.241810762144892e-11
fine,1.7176084040565485,3.7212970488229278,gamma_omega,16.969538538845203,16.96953853825722,3.464942612532187e-11
fine,0.3040643578140947,3.0790975481558327,alpha,1.0092880575965775,1.0092880550785912,2.4948142851656817e-09
fine,0.3040643578140947,3.0790975481558327,beta,4.029060276420655e-40,-5.629008702463056e-31,5.629008706492117e-31
fine,0.3040643578140947,3.0790975481558327,gamma_ll,1.0340086850731227,1.0340086761649265,8.615204407187849e-09
fine,0.3040643578140947,3.0790975481558327,gamma_omega,12.887357913315833,12.88735791397398,5.106921983947704e-11
fine,-0.6964079513205648,0.14556213065944412,alpha,448.7907965096923,448.7907485840507,1.0678837893085615e-07
fine,-0.6964079513205648,0.14556213065944412,beta,-0.006804658121560855,-0.006804616277379265,4.1844181590186547e-08
fine,-0.6964079513205648,0.14556213065944412,gamma_ll,393264.8804104235,393265.0079407083,3.242859740613571e-07
fine,-0.6964079513205648,0.14556213065944412,gamma_omega,4.205559424276827,4.20555942616754,4.495747587671861e-10
fine,0.008740044187423246,-2.8296477617426903,alpha,1.044357291583901,1.0443572823847342,8.808447871057237e-09
fine,0.008740044187423246,-2.8296477617426903,beta,2.0112326757791654e-27,1.994706739079697e-27,1.6525936699468268e-29
fine,0.008740044187423246,-2.8296477617426903,gamma_ll,1.1679966923499834,1.1679966637626749,2.4475504689044303e-08
fine,0.008740044187423246,-2.8296477617426903,gamma_omega,11.600508397473874,11.600508399582253,1.8174886623291015e-10
fine,0.7753141854437224,-1.7926425433396034,alpha,7.864640748420096,7.864640256603981,6.253510245125356e-08
fine,0.7753141854437224,-1.7926425433396034,beta,1.2483288053860479e-37,2.1224547001253833e-23,2.122454700125371e-23
fine,0.7753141854437224,-1.7926425433396034,gamma_ll,205.41787492085334,205.417849790428,1.2233806504010637e-07
fine,0.7753141854437224,-1.7926425433396034,gamma_omega,7.594228387983624,7.594228410505543,2.9656625270816693e-09
fine,2.197939162270024,3.2521305101967464,alpha,1.0000658362575596,1.0000658362511492,6.410005733397231e-12
fine,2.197939162270024,3.2521305101967464,beta,-3.4908746943430236e-06,-3.490866219182284e-06,8.47516073968052e-12
fine,2.197939162270024,3.2521305101967464,gamma_ll,1.0002388924671841,1.0002388924439252,2.3253395260327958e-11
fine,2.197939162270024,3.2521305101967464,gamma_omega,13.721826656952544,13.721826656984529,2.3309638031343866e-12
fine,0.6854617072200275,2.3297884220353318,alpha,1.5008327553462233,1.5008327722563803,1.1267182830445864e-08
fine,0.6854617072200275,2.3297884220353318,beta,-4.739943713105035e-10,-4.739610216731797e-10,3.334963732388227e-14
fine,0.6854617072200275,2.3297884220353318,gamma_ll,3.742806355721946,3.742806596863702,6.442806091960394e-08
fine,0.6854617072200275,2.3297884220353318,gamma_omega,9.467727367526495,9.467727368301523,8.18599872660348e-11
fine,0.5633182784545578,0.8467456884873084,alpha,12.835072363967772,12.835128439646713,4.368941393629577e-06
fine,0.5633182784545578,0.8467456884873084,beta,-0.13380759943835022,-0.13380758794360526,1.1494744961426662e-08
fine,0.5633182784545578,0.8467456884873084,gamma_ll,48.829246251515706,48.82970505108124,9.395999339665958e-06
fine,0.5633182784545578,0.8467456884873084,gamma_omega,5.034113781090357,5.0341137809640495,2.5090385032615874e-11
fine,1.7838712505815542,-1.8177619313409856,alpha,1.4342561374387144,1.4342561249943042,8.67656051396326e-09
fine,1.7838712505815542,-1.8177619313409856,beta,9.373843876997717e-112,-2.975002705551418e-48,2.975002705551418e-48
fine,1.7838712505815542,-1.8177619313409856,gamma_ll,3.2655030606260578,3.265502963748955,2.966682345283215e-08
fine,1.7838712505815542,-1.8177619313409856,gamma_omega,7.296655173931782,7.296652426515894,3.765308655925606e-07
fine,0.5845612461839269,3.150079204490117,alpha,1.0052035126962904,1.0052035126996692,3.3613618640080096e-12
fine,0.5845612461839269,3.150079204490117,beta,4.7776635788925965e-50,-1.7494510185481154e-27,1.7494510185481154e-27
fine,0.5845612461839269,3.150079204490117,gamma_ll,1.0189769293143847,1.0189769293256103,1.1016625326486097e-11
fine,0.5845612461839269,3.150079204490117,gamma_omega,13.283937365005075,13.28393736501204,5.243246016529017e-13
fine,1.776492818654424,0.6105563013451718,alpha,2.2148596014640725,2.214859638574782,1.6755332749713355e-08
fine,1.776492818654424,0.6105563013451718,beta,-2.540840418400541e-05,-2.5406858061207676e-05,1.5461227977332196e-09
fine,1.776492818654424,0.6105563013451718,gamma_ll,10.713225596697178,10.713225627552898,2.88015215198499e-09
fine,1.776492818654424,0.6105563013451718,gamma_omega,4.210103252046175,4.210103252898538,2.0245646576754532e-10
fine,1.0823590520456312,-5.550172651134857,alpha,1.000000000002599,1.0000000000025993,2.220446049244542e-16
fine,1.0823590520456312,-5.550172651134857,beta,0.0,-1.9652840913277397e-118,1.9652840913277397e-118
fine,1.0823590520456312,-5.550172651134857,gamma_ll,1.0000000000094307,1.0000000000094307,0.0
fine,1.0823590520456312,-5.550172651134857,gamma_omega,33.867072877009186,33.867072877009306,3.566657960606256e-15
fine,-1.0390785661423938,1.9945301022354727,alpha,6.194604094547237,6.194604458982995,5.883116216200071e-08
fine,-1.0390785661423938,1.9945301022354727,beta,3.1041097804594235e-13,3.1042855009521023e-13,1.7572049267876765e-17
fine,-1.0390785661423938,1.9945301022354727,gamma_ll,123.90314099895677,123.90314695421588,4.8063826828742776e-08
fine,-1.0390785661423938,1.9945301022354727,gamma_omega,8.287510228149452,8.287510225695893,2.9605503536006026e-10
fine,1.0636470949287702,5.049126013146779,alpha,1.0000000005507061,1.000000000550706,2.2204460480274998e-16
fine,1.0636470949287702,5.049126013146779,beta,0.0,-8.288965543694501e-59,8.288965543694501e-59
fine,1.0636470949287702,5.049126013146779,gamma_ll,1.0000000019981576,1.0000000019981572,4.4408920896270237e-16
fine,1.0636470949287702,5.049126013146779,gamma_omega,28.55732897101811,28.557328971014012,1.4344054641154135e-13
fine,-0.6381317240747452,-3.6984532136495165,alpha,1.000149906718593,1.0001499066918351,2.6753918613551886e-11
fine,-0.6381317240747452,-3.6984532136495165,beta,1.6047499112890306e-35,4.074008310271813e-34,3.91353331914291e-34
fine,-0.6381317240747452,-3.6984532136495165,gamma_ll,1.000543995240896,1.000543995143884,9.695943060135874e-11
fine,-0.6381317240747452,-3.6984532136495165,gamma_omega,16.828033146866183,16.828033146718365,8.784018711145691e-12
fine,0.5949510258027213,-5.63205956534446,alpha,1.0000000000016072,1.0000000000016072,0.0
fine,0.5949510258027213,-5.63205956534446,beta,0.0,1.588279626637789e-105,1.588279626637789e-105
fine,0.5949510258027213,-5.63205956534446,gamma_ll,1.0000000000058313,1.0000000000058313,0.0
fine,0.5949510258027213,-5.63205956534446,gamma_omega,34.782709627927964,34.78270962798506,1.6413933655267408e-12
fine,0.7942642430296538,5.805929820388874,alpha,1.0000000000001887,1.000000000000189,2.220446049249894e-16
fine,0.7942642430296538,5.805929820388874,beta,0.0,-1.450454812223904e-81,1.450454812223904e-81
fine,0.7942642430296538,5.805929820388874,gamma_ll,1.0000000000006848,1.0000000000006852,4.440892098497585e-16
fine,0.7942642430296538,5.805929820388874,gamma_omega,36.77137445859754,36.771374458654485,1.548565852710479e-12
fine,2.509389029844362,3.2248375254498836,alpha,1.0000010619918438,1.0000010619924364,5.926364211698629e-13
fine,2.509389029844362,3.2248375254498836,beta,-4.047047294520859e-05,-4.0470475405633375e-05,2.4604247878998696e-12
fine,2.509389029844362,3.2248375254498836,gamma_ll,1.000003851658666,1.0000038516608158,2.149827584482107e-12
fine,2.509389029844362,3.2248375254498836,gamma_omega,13.501850085865586,13.501850085926979,4.5469819569972105e-12
fine,1.1749887078615973,-5.621984210909085,alpha,1.0000000000010298,1.0000000000010298,0.0
fine,1.1749887078615973,-5.621984210909085,beta,0.0,-2.003618152208487e-120,2.003618152208487e-120
fine,1.1749887078615973,-5.621984210909085,gamma_ll,1.0000000000037366,1.0000000000037366,0.0
fine,1.1749887078615973,-5.621984210909085,gamma_omega,34.66932003582473,34.66932003583942,4.236286818716054e-13
fine,0.5261595270803294,4.2869610858805025,alpha,1.0000011032802911,1.0000011032752139,5.077266334567886e-12
fine,0.5261595270803294,4.2869610858805025,beta,1.2131620157208126e-72,-2.0107480813997504e-53,2.0107480813997504e-53
fine,0.5261595270803294,4.2869610858805025,gamma_ll,1.0000040030984025,1.0000040030799808,1.8421634859383218e-11
fine,0.5261595270803294,4.2869610858805025,gamma_omega,21.456924834758002,21.45692483330331,6.779585618212754e-11
fine,2.245533293695561,0.41984503518152927,alpha,1.0868839182439687,1.0868839192878346,9.604207635239093e-10
fine,2.245533293695561,0.41984503518152927,beta,-1.0484835825443002e-12,-1.0483177656823036e-12,1.6581686199660042e-16
fine,2.245533293695561,0.41984503518152927,gamma_ll,1.3415048242721976,1.341504833614871,6.964323297703081e-09
fine,2.245533293695561,0.41984503518152927,gamma_omega,3.5566143634179626,3.5566143654810936,5.800828508694167e-10
fine,2.8447453672314715,1.2488752829798244,alpha,1.0,1.0,0.0
fine,2.8447453672314715,1.2488752829798244,beta,-4.1191430528362705e-12,-4.118959071389975e-12,1.8398144629563543e-16
fine,2.8447453672314715,1.2488752829798244,gamma_ll,1.0,1.0,0.0
fine,2.8447453672314715,1.2488752829798244,gamma_omega,4.690424328866098,4.690424328649167,4.6249837232799034e-11
fine,-0.6149347780362208,2.722253242143495,alpha,1.083479046465401,1.0834790405019001,5.504029656816334e-09
fine,-0.6149347780362208,2.722253242143495,beta,2.1407693287899886e-14,2.167230850336323e-14,2.6461521546334536e-16
fine,-0.6149347780362208,2.722253242143495,gamma_ll,1.3279500310399237,1.3279500191774687,8.932907670467758e-09
fine,-0.6149347780362208,2.722253242143495,gamma_omega,11.098246124592242,11.098246125626247,9.316831417405605e-11
fine,2.650501452189925,-4.580237543379638,alpha,1.0,1.0,0.0
fine,2.650501452189925,-4.580237543379638,beta,0.0,-7.924104825574829e-133,7.924104825574829e-133
fine,2.650501452189925,-4.580237543379638,gamma_ll,1.0,1.0,0.0
fine,2.650501452189925,-4.580237543379638,gamma_omega,24.04173383299207,24.041733832981873,4.2410785881695613e-13
fine,0.23230977406831643,-2.6656699358299414,alpha,1.1064964245975888,1.106496391380698,3.001988081938669e-08
fine,0.23230977406831643,-2.6656699358299414,beta,2.8063289983589586e-29,2.682905842593824e-29,1.234231557651347e-30
fine,0.23230977406831643,-2.6656699358299414,gamma_ll,1.4272618963339552,1.4272618376323132,4.112885108368135e-08
fine,0.23230977406831643,-2.6656699358299414,gamma_omega,10.84303904712583,10.843039052880362,5.307121762840299e-10
fine,-0.103339365096482,1.4248074805763569,alpha,121.11071347403816,121.11071345338416,1.705381696399899e-10
fine,-0.103339365096482,1.4248074805763569,beta,-1.0855701575426547e-08,-1.0856360380818822e-08,6.588053922745106e-13
fine,-0.103339365096482,1.4248074805763569,gamma_ll,31816.631809665996,31816.631780725205,9.09612022153859e-10
fine,-0.103339365096482,1.4248074805763569,gamma_omega,6.482416051736827,6.482416051740515,5.688799930709282e-13
fine,2.0029109579756823,-3.7013381732968442,alpha,1.000008388896958,1.000008388896486,4.720628699838426e-13
fine,2.0029109579756823,-3.7013381732968442,beta,1.825529166399278e-164,1.2704421531844446e-96,1.2704421531844446e-96
fine,2.0029109579756823,-3.7013381732968442,gamma_ll,1.0000304381588911,1.0000304381571776,1.7134660614542334e-12
fine,2.0029109579756823,-3.7013381732968442,gamma_omega,16.805315965565132,16.805315965511596,3.1856492633368013e-12
fine,2.9932670113503272,-0.6105059637923542,alpha,1.0,1.0,0.0
fine,2.9932670113503272,-0.6105059637923542,beta,0.0,1.2677818048299444e-50,1.2677818048299444e-50
fine,2.9932670113503272,-0.6105059637923542,gamma_ll,1.0,1.0,0.0
fine,2.9932670113503272,-0.6105059637923542,gamma_omega,3.4716782999300473,3.471678302121536,6.312476499556389e-10
fine,1.7583786240099823,3.388877008617346,alpha,1.0001877293753738,1.0001877290754326,2.9988488579951095e-10
fine,1.7583786240099823,3.388877008617346,beta,-2.95935758206805e-10,-2.958232268948124e-10,1.1253131199257849e-13
fine,1.7583786240099823,3.388877008617346,gamma_ll,1.0006812749200846,1.0006812738325173,1.0868269415576902e-09
fine,1.7583786240099823,3.388877008617346,gamma_omega,14.672768652277323,14.672768651116368,7.912315688138644e-11
fine,2.853935831551347,5.670668848552564,alpha,1.0,1.0,0.0
fine,2.853935831551347,5.670668848552564,beta,0.0,4.859403810347164e-36,4.859403810347164e-36
fine,2.853935831551347,5.670668848552564,gamma_ll,1.0,1.0,0.0
fine,2.853935831551347,5.670668848552564,gamma_omega,35.21899057066337,35.21899057070437,1.1640968463050856e-12
fine,0.6626132970104011,3.95454701390827,alpha,1.0000158789616898,1.0000158789458964,1.5793115836221376e-11
fine,0.6626132970104011,3.95454701390827,beta,5.8618911054773015e-71,2.7010687927940892e-42,2.7010687927940892e-42
fine,0.6626132970104011,3.95454701390827,gamma_ll,1.0000576154319356,1.000057615374633,5.729930577954088e-11
fine,0.6626132970104011,3.95454701390827,gamma_omega,18.744355120656248,18.74435511984032,4.3529205265387306e-11
fine,1.6291821087656264,-2.5096677147581974,alpha,1.0478445665824658,1.0478445615546086,4.79828535834817e-09
fine,1.6291821087656264,-2.5096677147581974,beta,2.7589194511548968e-108,-1.863295882785274e-59,1.863295882785274e-59
fine,1.6291821087656264,-2.5096677147581974,gamma_ll,1.1818046475236479,1.1818046392767798,6.978199057350347e-09
fine,1.6291821087656264,-2.5096677147581974,gamma_omega,9.992628320276355,9.99262832299625,2.721901918918829e-10
fine,-1.2870566955304403,1.7476527429337114,alpha,24.9886797547912,24.988679221670658,2.1334482122379587e-08
fine,-1.2870566955304403,1.7476527429337114,beta,4.161138596402127e-21,4.160476706674196e-21,6.618897279307394e-25
fine,-1.2870566955304403,1.7476527429337114,gamma_ll,2077.066740531381,2077.066674384275,3.184640386873432e-08
fine,-1.2870566955304403,1.7476527429337114,gamma_omega,7.47354215578631,7.4735421550554495,9.779307991503053e-11
fine,1.1232378912660783,-4.268973286582236,alpha,1.0000007575724932,1.000000757570432,2.0612385059814716e-12
fine,1.1232378912660783,-4.268973286582236,beta,1.84619830750482e-108,-5.2224668292173e-88,5.2224668292173e-88
fine,1.1232378912660783,-4.268973286582236,gamma_ll,1.0000027487450203,1.0000027487375414,7.478885825534734e-12
fine,1.1232378912660783,-4.268973286582236,gamma_omega,21.30319408640614,21.303194085606954,3.751486709074407e-11
fine,2.9701195739253476,4.831603940257393,alpha,1.0,1.0,0.0
fine,2.9701195739253476,4.831603940257393,beta,-8.881510595296413e-17,-8.879418846754646e-17,2.0917485417665376e-20
fine,2.9701195739253476,4.831603940257393,gamma_ll,1.0,1.0,0.0
fine,2.9701195739253476,4.831603940257393,gamma_omega,26.40699832079306,26.40699832083368,1.5381595059118506e-12
fine,-1.4644794832559311,4.476141435454863,alpha,1.000000252976681,1.0000002529766647,1.62092520589645e-14
fine,-1.4644794832559311,4.476141435454863,beta,0.0,5.763460782855674e-79,5.763460782855674e-79
fine,-1.4644794832559311,4.476141435454863,gamma_ll,1.0000009178897764,1.0000009178897187,5.773154428931386e-14
fine,-1.4644794832559311,4.476141435454863,gamma_omega,23.10739009129275,23.1073900912689,1.032109936758916e-12
fine,2.817241312036095,-5.960843109463749,alpha,1.0,1.0,0.0
fine,2.817241312036095,-5.960843109463749,beta,0.0,-1.7147405818235368e-168,1.7147405818235368e-168
fine,2.817241312036095,-5.960843109463749,gamma_ll,1.0,1.0,0.0
fine,2.817241312036095,-5.960843109463749,gamma_omega,38.59415224414308,38.594152244615316,1.2235890158338296e-11
fine,0.6357967133219722,-1.1731582433962249,alpha,82.90314833231949,82.90314721523119,1.347461857867022e-08
fine,0.6357967133219722,-1.1731582433962249,beta,-2.7610631348007613e-11,-2.7608688816541403e-11,1.9425314662091157e-15
fine,0.6357967133219722,-1.1731582433962249,gamma_ll,12583.232983621585,12583.233007481245,1.896147070510785e-09
fine,0.6357967133219722,-1.1731582433962249,gamma_omega,5.776647241078473,5.776647240883228,3.3799120721619136e-11
fine,1.7587880673757055,-2.258578320364103,alpha,1.1062990077662818,1.1062990200373366,1.109198756644978e-08
fine,1.7587880673757055,-2.258578320364103,beta,3.0350849503758486e-113,1.1887671174337197e-57,1.1887671174337197e-57
fine,1.7587880673757055,-2.258578320364103,gamma_ll,1.4263920498627747,1.4263921151958698,4.5803042131643475e-08
fine,1.7587880673757055,-2.258578320364103,gamma_omega,8.877202237036997,8.877202231816,5.881354089590153e-10
fine,0.15352805227457678,3.6111587359317774,alpha,1.00027124611009,1.0002712455436054,5.663310218901274e-10
fine,0.15352805227457678,3.6111587359317774,beta,9.08563170804506e-48,2.5625549791601526e-46,2.471698662079702e-46
fine,0.15352805227457678,3.6111587359317774,gamma_ll,1.0009844402785322,1.000984438224889,2.0516235545872445e-09
fine,0.15352805227457678,3.6111587359317774,gamma_omega,16.210970827167074,16.21097082464379,1.5565279481697144e-10
fine,2.812333876986055,-5.327006214182923,alpha,1.0,1.0,0.0
fine,2.812333876986055,-5.327006214182923,beta,0.0,6.57916351129409e-155,6.57916351129409e-155
fine,2.812333876986055,-5.327006214182923,gamma_ll,1.0,1.0,0.0
fine,2.812333876986055,-5.327006214182923,gamma_omega,31.439520802825204,31.439520802834714,3.025050724467245e-13
fine,-0.4612100505700525,1.865791988972136,alpha,12.69149052091735,12.691490054625355,3.674052267301085e-08
fine,-0.4612100505700525,1.865791988972136,beta,0.009554279410150024,0.009554257283434718,2.2126715305478828e-08
fine,-0.4612100505700525,1.865791988972136,gamma_ll,548.8028345509017,548.8027825029537,9.483906550379756e-08
fine,-0.4612100505700525,1.865791988972136,gamma_omega,7.856978552570883,7.8569785472908995,6.720119605966749e-10
fine,2.5720272637167367,3.1862214397456867,alpha,1.0000000418066946,1.000000041807472,7.773781293429246e-13
fine,2.5720272637167367,3.1862214397456867,beta,-6.94204750592312e-05,-6.942076354774402e-05,2.884885128229481e-10
fine,2.5720272637167367,3.1862214397456867,gamma_ll,1.0000001499690991,1.0000001499719111,2.8119724550616207e-12
fine,2.5720272637167367,3.1862214397456867,gamma_omega,13.250427262213687,13.250427262029584,1.3894148131908922e-11
fine,0.7709380699312929,-0.8340995072989621,alpha,71.13425548850458,71.13425844379947,4.154531271202141e-08
fine,0.7709380699312929,-0.8340995072989621,beta,-4.389919679124663e-09,-4.3891070085707805e-09,8.126705538824372e-13
fine,0.7709380699312929,-0.8340995072989621,gamma_ll,10873.263272915883,10873.263456455037,1.687985928564416e-08
fine,0.7709380699312929,-0.8340995072989621,gamma_omega,4.99750715479975,4.9975071574431045,5.289346841228697e-10
fine,0.8973429323215738,-5.043404041849545,alpha,1.0000000006979328,1.0000000006979284,4.440892095401182e-15
fine,0.8973429323215738,-5.043404041849545,beta,0.0,-1.4761171367018096e-100,1.4761171367018096e-100
fine,0.8973429323215738,-5.043404041849545,gamma_ll,1.000000002532349,1.0000000025323335,1.5543122305391582e-14
fine,0.8973429323215738,-5.043404041849545,gamma_omega,28.499626580628288,28.49962658053035,3.436454077965478e-12
fine,1.953963185817229,-2.9357473056198318,alpha,1.0016939212039266,1.0016939199879906,1.2138798018040157e-09
fine,1.953963185817229,-2.9357473056198318,beta,8.501882275441931e-144,-3.58989234558245e-77,3.58989234558245e-77
fine,1.953963185817229,-2.9357473056198318,gamma_ll,1.0061563974341519,1.00615639305224,4.355100216607627e-09
fine,1.953963185817229,-2.9357473056198318,gamma_omega,11.919493689364149,11.91949369139882,1.707011347376028e-10
fine,-0.42399110480083246,3.0160734736689196,alpha,1.0150104454645112,1.0150104337799062,1.1511807699617603e-08
fine,-0.42399110480083246,3.0160734736689196,beta,4.668048400275957e-23,4.644434516488467e-23,2.3613883787489788e-25
fine,-0.42399110480083246,3.0160734736689196,gamma_ll,1.055268863606218,1.0552688237705945,3.774926451483858e-08
fine,-0.42399110480083246,3.0160734736689196,gamma_omega,12.54692111504902,12.546921118139704,2.463300148723714e-10
fine,-1.300780864111065,-4.234501897604488,alpha,1.0000020945992165,1.0000020945913644,7.852146916863102e-12
fine,-1.300780864111065,-4.234501897604488,beta,8.79819359334792e-68,-4.443680133429501e-30,4.443680133429501e-30
fine,-1.300780864111065,-4.234501897604488,gamma_ll,1.0000075999680467,1.0000075999395561,2.8490326732357963e-11
fine,-1.300780864111065,-4.234501897604488,gamma_omega,21.01290167183781,21.01290167041544,6.769022305303757e-11
fine,1.0361128988294817,4.28144409040757,alpha,1.0000007569122604,1.0000007569104146,1.845855403591199e-12
fine,1.0361128988294817,4.28144409040757,beta,1.1116307485168095e-102,3.931279197570119e-41,3.931279197570119e-41
fine,1.0361128988294817,4.28144409040757,gamma_ll,1.0000027463494567,1.000002746342759,6.697735068637578e-12
fine,1.0361128988294817,4.28144409040757,gamma_omega,21.40940769908047,21.40940769826761,3.796746276845701e-11
fine,2.9063495295109885,-2.034866900163727,alpha,1.0,1.0,0.0
fine,2.9063495295109885,-2.034866900163727,beta,0.0,-2.0012324158322227e-81,2.0012324158322227e-81
fine,2.9063495295109885,-2.034866900163727,gamma_ll,1.0,1.0,0.0
fine,2.9063495295109885,-2.034866900163727,gamma_omega,7.255833630293527,7.2558336285547425,2.396394840769434e-10
fine,-0.07678543739208377,0.44086163407403767,alpha,259.28075626626526,259.29382255611,5.0394367992839914e-05
fine,-0.07678543739208377,0.44086163407403767,beta,-0.14243131818025836,-0.14242862104096865,2.6971392897146007e-06
fine,-0.07678543739208377,0.44086163407403767,gamma_ll,44479.24388943467,44483.56797191353,9.721573706620878e-05
fine,-0.07678543739208377,0.44086163407403767,gamma_omega,4.418362479162444,4.418362481913975,6.227489419280852e-10
fine,1.5002140302019034,-3.2733288645749514,alpha,1.0007689510115756,1.0007689509277797,8.373147373899077e-11
fine,1.5002140302019034,-3.2733288645749514,beta,8.288327487539097e-115,2.3125373604372975e-74,2.3125373604372975e-74
fine,1.5002140302019034,-3.2733288645749514,gamma_ll,1.0027921398366726,1.0027921395338864,3.019431729630691e-10
fine,1.5002140302019034,-3.2733288645749514,gamma_omega,13.973954203768415,13.973954203787283,1.3502593520036814e-12
fine,-0.48103101949743676,5.115969759103368,alpha,1.000000000532484,1.0000000005324796,4.440892096135922e-15
fine,-0.48103101949743676,5.115969759103368,beta,0.0,-3.023192597809207e-68,3.023192597809207e-68
fine,-0.48103101949743676,5.115969759103368,gamma_ll,1.0000000019320425,1.000000001932026,1.6431300732706345e-14
fine,-0.48103101949743676,5.115969759103368,gamma_omega,29.236582347753842,29.2365823476601,3.2063222032527315e-12
fine,0.21673696729420877,5.930879221049343,alpha,1.0000000000000593,1.0000000000000593,0.0
fine,0.21673696729420877,5.930879221049343,beta,0.0,-2.9067811148421753e-97,2.9067811148421753e-97
fine,0.21673696729420877,5.930879221049343,gamma_ll,1.000000000000215,1.000000000000215,0.0
fine,0.21673696729420877,5.930879221049343,gamma_omega,38.23785930870397,38.2378593087186,3.8260705996086616e-13
fine,2.3288706752417543,3.6180850484106504,alpha,1.0000017361871947,1.0000017361846307,2.5639446015815515e-12
fine,2.3288706752417543,3.6180850484106504,beta,-1.6792503479539323e-08,-1.679075474617149e-08,1.74873336783386e-12
fine,2.3288706752417543,3.6180850484106504,gamma_ll,1.0000062995165955,1.000006299507294,9.301389906049487e-12
fine,2.3288706752417543,3.6180850484106504,gamma_omega,16.179621975466485,16.17962197503816,2.6473166054602795e-11
fine,-0.8502032261276337,1.9658934934778678,alpha,7.212787467339897,7.212788112734117,8.947916776519116e-08
fine,-0.8502032261276337,1.9658934934778678,beta,5.119338662133108e-07,5.119530575362851e-07,1.9191322974350714e-11
fine,-0.8502032261276337,1.9658934934778678,gamma_ll,171.83338333701747,171.8333937565416,6.06373681776124e-08
fine,-0.8502032261276337,1.9658934934778678,gamma_omega,8.190652976380383,8.190652971734245,5.672487541828042e-10
fine,-0.3884682828397392,-1.3574909394899528,alpha,165.88058877563114,165.88080450678243,1.3005207714679166e-06
fine,-0.3884682828397392,-1.3574909394899528,beta,-0.0047804617448876366,-0.004780403193224525,5.855166311172222e-08
fine,-0.3884682828397392,-1.3574909394899528,gamma_ll,51936.76882434297,51936.88182437852,2.175723251672919e-06
fine,-0.3884682828397392,-1.3574909394899528,gamma_omega,6.290287948751173,6.290287945624917,4.96997231959877e-10
fine,-0.9926221298867668,-3.4328275697312742,alpha,1.0010048995866614,1.0010048983766937,1.2087530062072166e-09
fine,-0.9926221298867668,-3.4328275697312742,beta,2.219879924869681e-40,-2.3201221615740093e-19,2.3201221615740093e-19
fine,-0.9926221298867668,-3.4328275697312742,gamma_ll,1.0036497400673747,1.0036497356902703,4.361187256792951e-09
fine,-0.9926221298867668,-3.4328275697312742,gamma_omega,15.011941864385808,15.01194186304076,8.959845120662302e-11
fine,-0.7859207160384687,-4.973373532337956,alpha,1.0000000022583646,1.0000000022583626,1.9984014398121628e-15
fine,-0.7859207160384687,-4.973373532337956,beta,0.0,-1.2690293638503824e-59,1.2690293638503824e-59
fine,-0.7859207160384687,-4.973373532337956,gamma_ll,1.0000000081941511,1.0000000081941445,6.6613380931669285e-15
fine,-0.7859207160384687,-4.973373532337956,gamma_omega,27.79854507250772,27.79854507249139,5.875064590196051e-13
fine,1.4445947576210507,-2.5355027853821355,alpha,1.06341266592794,1.0634126567180513,8.660691117005577e-09
fine,1.4445947576210507,-2.5355027853821355,beta,1.3893016208941865e-94,-1.5352393601529342e-55,1.5352393601529342e-55
fine,1.4445947576210507,-2.5355027853821355,gamma_ll,1.2445199085328413,1.2445198942181273,1.1502197741159314e-08
fine,1.4445947576210507,-2.5355027853821355,gamma_omega,10.177699047239955,10.177699051357125,4.04528625314548e-10
fine,2.9498000961944024,5.9120666910561095,alpha,1.0,1.0,0.0
fine,2.9498000961944024,5.9120666910561095,beta,0.0,-4.515257175476388e-39,4.515257175476388e-39
fine,2.9498000961944024,5.9120666910561095,gamma_ll,1.0,1.0,0.0
fine,2.9498000961944024,5.9120666910561095,gamma_omega,38.015033927772045,38.01503392792853,4.116340577092782e-12
fine,2.9154990854074363,1.2762103552865014,alpha,1.0,1.0,0.0
fine,2.9154990854074363,1.2762103552865014,beta,-8.785265677671831e-13,-8.784862996182238e-13,4.026814895929969e-17
fine,2.9154990854074363,1.2762103552865014,gamma_ll,1.0,1.0,0.0
fine,2.9154990854074363,1.2762103552865014,gamma_omega,4.745939469076757,4.745939468905883,3.6004247998571435e-11
fine,-0.8037794079154549,-5.173912062428052,alpha,1.000000000292595,1.0000000002925948,2.2204460486006215e-16
fine,-0.8037794079154549,-5.173912062428052,beta,0.0,9.889027986283205e-64,9.889027986283205e-64
fine,-0.8037794079154549,-5.173912062428052,gamma_ll,1.0000000010616392,1.0000000010616388,4.440892093786001e-16
fine,-0.8037794079154549,-5.173912062428052,gamma_omega,29.832614766605356,29.832614766602084,1.0968027186936343e-13
fine,1.2880023308802429,0.972977590611066,alpha,8.934987026657122,8.934965431750774,2.4168928599478647e-06
fine,1.2880023308802429,0.972977590611066,beta,-0.16371041974542921,-0.1637105653003338,1.4555490457368592e-07
fine,1.2880023308802429,0.972977590611066,gamma_ll,23.933551295812347,23.933413654277672,5.750986678640279e-06
fine,1.2880023308802429,0.972977590611066,gamma_omega,5.186049424527311,5.186049424390213,2.643581525846485e-11
fine,0.9667095543112034,-1.4123026933970264,alpha,17.285878538328976,17.285879727494443,6.87940427155671e-08
fine,0.9667095543112034,-1.4123026933970264,beta,1.5550461329771283e-50,-4.538509027552802e-19,4.538509027552802e-19
fine,0.9667095543112034,-1.4123026933970264,gamma_ll,890.9350224647031,890.9349803705377,4.724717784091541e-08
fine,0.9667095543112034,-1.4123026933970264,gamma_omega,6.448727560144641,6.448727568531196,1.3004977139883377e-09
fine,2.1742244962631756,-3.212315219387084,alpha,1.0000999156656458,1.0000999155415353,1.2409810031091874e-10
fine,2.1742244962631756,-3.212315219387084,beta,0.0,-6.276234455940296e-89,6.276234455940296e-89
fine,2.1742244962631756,-3.212315219387084,gamma_ll,1.0003625652892885,1.0003625648391328,4.4999253882620223e-10
fine,2.1742244962631756,-3.212315219387084,gamma_omega,13.476244530484758,13.476244530456817,2.0733014055750063e-12
fine,1.7971695061386574,5.321570161375925,alpha,1.0000000000075873,1.0000000000075873,0.0
fine,1.7971695061386574,5.321570161375925,beta,0.0,-1.8847448588505018e-48,1.8847448588505018e-48
fine,1.7971695061386574,5.321570161375925,gamma_ll,1.0000000000275295,1.000000000027529,4.4408920983783705e-16
fine,1.7971695061386574,5.321570161375925,gamma_omega,31.38188636944536,31.38188636945252,2.28116244463654e-13
fine,-0.9202672340994065,3.670202066390175,alpha,1.000184765357031,1.000184765170976,1.8602057906626115e-10
fine,-0.9202672340994065,3.670202066390175,beta,3.638776657698302e-43,3.6191830775362025e-43,1.9593580162099848e-45
fine,-0.9202672340994065,3.670202066390175,gamma_ll,1.0006705164626688,1.0006705157880986,6.741181701637366e-10
fine,-0.9202672340994065,3.670202066390175,gamma_omega,16.626318598075876,16.62631859704245,6.215612672451741e-11
fine,-0.7488824199418053,-5.257704998228101,alpha,1.0000000001216274,1.0000000001216267,6.661338146940739e-16
fine,-0.7488824199418053,-5.257704998228101,beta,0.0,3.252856999451432e-66,3.252856999451432e-66
fine,-0.7488824199418053,-5.257704998228101,gamma_ll,1.0000000004413074,1.0000000004413048,2.6645352579244965e-15
fine,-0.7488824199418053,-5.257704998228101,gamma_omega,30.706501266520952,30.706501266505853,4.917210529408142e-13
fine,0.006749875397398242,-2.9892420039587217,alpha,1.017304261084473,1.017304246706885,1.4133026429785445e-08
fine,0.006749875397398242,-2.9892420039587217,beta,7.794799937371405e-31,7.522109334945354e-31,2.7269060242605134e-32
fine,0.006749875397398242,-2.9892420039587217,gamma_ll,1.0638568893481537,1.0638568407144786,4.571448996012639e-08
fine,0.006749875397398242,-2.9892420039587217,gamma_omega,12.404480566067134,12.404480569924505,3.10965968362068e-10
fine,-0.6691345637894424,0.6080090409241805,alpha,432.15587867768676,432.15592335119203,1.0337359151198579e-07
fine,-0.6691345637894424,0.6080090409241805,beta,-4.530493839510536e-06,-4.530088108291874e-06,4.0573121866215164e-10
fine,-0.6691345637894424,0.6080090409241805,gamma_ll,320877.2745842602,320877.276861663,7.097426242736122e-09
fine,-0.6691345637894424,0.6080090409241805,gamma_omega,4.632935233860064,4.632935234845421,2.1268537624088814e-10
fine,0.9221038010461755,5.953879203232535,alpha,1.0000000000000293,1.000000000000029,2.220446049250248e-16
fine,0.9221038010461755,5.953879203232535,beta,0.0,2.9662266460463714e-82,2.9662266460463714e-82
fine,0.9221038010461755,5.953879203232535,gamma_ll,1.0000000000001061,1.0000000000001057,4.440892098500155e-16
fine,0.9221038010461755,5.953879203232535,gamma_omega,38.511204792746334,38.51120479288963,3.720869141640807e-12
fine,-0.8425324918355043,5.655346644036342,alpha,1.0000000000015574,1.0000000000015572,2.220446049246855e-16
fine,-0.8425324918355043,5.655346644036342,beta,0.0,-4.526360600854088e-85,4.526360600854088e-85
fine,-0.8425324918355043,5.655346644036342,gamma_ll,1.0000000000056515,1.0000000000056506,8.881784196951057e-16
fine,-0.8425324918355043,5.655346644036342,gamma_omega,35.045550408209444,35.04555040825051,1.1718854361982931e-12
fine,0.5189854843674926,-1.2639118431532932,alpha,91.38859892859635,91.38860277690056,4.210923734927735e-08
fine,0.5189854843674926,-1.2639118431532932,beta,-5.6491737321661387e-11,-5.646950599562838e-11,2.2231326033004752e-14
fine,0.5189854843674926,-1.2639118431532932,gamma_ll,16186.477749120611,16186.47781775083,4.239972416418764e-09
fine,0.5189854843674926,-1.2639118431532932,gamma_omega,6.020962232995669,6.020962229383306,5.999643767059218e-10
fine,-0.02885729936293302,2.415316400651909,alpha,1.443081381153699,1.4430813892416867,5.604664933390835e-09
fine,-0.02885729936293302,2.415316400651909,beta,1.2837172979843777e-17,1.2770509177667403e-17,6.66638021763744e-20
fine,-0.02885729936293302,2.415316400651909,gamma_ll,3.330018112904149,3.330018546172248,1.3010983245191084e-07
fine,-0.02885729936293302,2.415316400651909,gamma_omega,9.807025854343468,9.807025857362422,3.0783583326237876e-10
fine,0.14585767533225824,-1.8603489114114549,alpha,11.624671716084343,11.624671443275384,2.346810009656989e-08
fine,0.14585767533225824,-1.8603489114114549,beta,-6.461016797373572e-13,-6.458260415488195e-13,2.756381885376706e-16
fine,0.14585767533225824,-1.8603489114114549,gamma_ll,462.6454304653585,462.64538648433864,9.506420462667084e-08
fine,0.14585767533225824,-1.8603489114114549,gamma_omega,7.836485709488181,7.8364857038185685,7.234891436481404e-10
fine,2.096452133446751,3.04497886681024,alpha,1.0004523950808615,1.0004523948888837,1.9189095649195898e-10
fine,2.096452133446751,3.04497886681024,beta,-3.9129304630347685e-05,-3.912873125416503e-05,5.733761826537897e-10
fine,2.096452133446751,3.04497886681024,gamma_ll,1.0016421048569755,1.0016421041779993,6.778630863237263e-10
fine,2.096452133446751,3.04497886681024,gamma_omega,12.487713323397468,12.487713323991214,4.7546374731411354e-11
fine,-1.1275393650170762,-5.957280340792815,alpha,1.0000000000000462,1.0000000000000457,4.440892098500421e-16
fine,-1.1275393650170762,-5.957280340792815,beta,0.0,-1.9183240265591378e-73,1.9183240265591378e-73
fine,-1.1275393650170762,-5.957280340792815,gamma_ll,1.0000000000001679,1.0000000000001665,1.3322676295499642e-15
fine,-1.1275393650170762,-5.957280340792815,gamma_omega,38.55171660336448,38.551716603664566,7.783920925777251e-12
fine,0.79121563233074,-0.9714197820669828,alpha,64.44861998949747,64.44861822499008,2.7378513123939075e-08
fine,0.79121563233074,-0.9714197820669828,beta,-9.610122617579389e-11,-9.608693372026822e-11,1.429245552566639e-14
fine,0.79121563233074,-0.9714197820669828,gamma_ll,8062.383827636274,8062.383871364786,5.423769515637859e-09
fine,0.79121563233074,-0.9714197820669828,gamma_omega,5.282635421790772,5.282635182805334,4.523981281688371e-08
fine,2.7305357516539175,-1.7258139319705883,alpha,1.0,0.9999999999999986,1.4432899320127035e-15
fine,2.7305357516539175,-1.7258139319705883,beta,0.0,1.2492489772348638e-70,1.2492489772348638e-70
fine,2.7305357516539175,-1.7258139319705883,gamma_ll,1.0,0.9999999999999949,5.10702591327572e-15
fine,2.7305357516539175,-1.7258139319705883,gamma_omega,6.140717636445866,6.140717636344761,1.6464672081333755e-11
fine,2.0116376584016438,1.4107058231530063,alpha,1.308893860457266,1.308893841192558,1.4718311876178679e-08
fine,2.0116376584016438,1.4107058231530063,beta,-0.008980182783353127,-0.008980211041161446,2.8257808318971067e-08
fine,2.0116376584016438,1.4107058231530063,gamma_ll,2.4157839307020708,2.4157837679146215,6.738493754733203e-08
fine,2.0116376584016438,1.4107058231530063,gamma_omega,5.692144282655983,5.692144279469671,5.597735230769695e-10
fine,1.888236910636084,-0.6185048455988946,alpha,1.7323732121013593,1.732373223781957,6.7425411098873235e-09
fine,1.888236910636084,-0.6185048455988946,beta,1.692386797481663e-131,9.510105745446937e-23,9.510105745446937e-23
fine,1.888236910636084,-0.6185048455988946,gamma_ll,5.54422782784445,5.544227835371053,1.3575564868746568e-09
fine,1.888236910636084,-0.6185048455988946,gamma_omega,4.113805755314639,4.113805755964339,1.5793158163484824e-10
fine,-0.21751104221951212,3.8678975319195654,alpha,1.0000412799161669,1.0000412798291856,8.697772060966244e-11
fine,-0.21751104221951212,3.8678975319195654,beta,3.559563428836084e-45,3.5422849164628743e-45,1.7278512373209476e-47
fine,-0.21751104221951212,3.8678975319195654,gamma_ll,1.0001497843310858,1.0001497840155338,3.1550477127993993e-10
fine,-0.21751104221951212,3.8678975319195654,gamma_omega,18.078827907815402,18.078827906086936,9.560720793535575e-11
fine,1.603617020337997,5.091365941748903,alpha,1.0000000001425935,1.0000000001425922,1.3322676293602152e-15
fine,1.603617020337997,5.091365941748903,beta,0.0,-1.2327082597433985e-47,1.2327082597433985e-47
fine,1.603617020337997,5.091365941748903,gamma_ll,1.0000000005173795,1.0000000005173755,3.9968028865826996e-15
fine,1.603617020337997,5.091365941748903,gamma_omega,28.985318751352004,28.985318751286524,2.259076961536528e-12
fine,0.696882822068603,2.3610021618190284,alpha,1.4215068758457405,1.4215069073186501,2.214052576642094e-08
fine,0.696882822068603,2.3610021618190284,beta,-2.939313734103926e-10,-2.938435146432646e-10,8.78587671280118e-14
fine,0.696882822068603,2.3610021618190284,gamma_ll,3.18236707275543,3.1823675521831896,1.5065130726704748e-07
fine,0.696882822068603,2.3610021618190284,gamma_omega,9.585822287429,9.585822289698246,2.367294172893485e-10
fine,-1.1106442754335568,-5.520010441798233,alpha,1.0000000000071123,1.0000000000071125,2.2204460492345206e-16
fine,-1.1106442754335568,-5.520010441798233,beta,0.0,3.252584429403043e-64,3.252584429403043e-64
fine,-1.1106442754335568,-5.520010441798233,gamma_ll,1.000000000025806,1.0000000000258065,4.4408920983860244e-16
fine,-1.1106442754335568,-5.520010441798233,gamma_omega,33.5332010946547,33.53320109467879,7.183149224040828e-13
fine,2.3333117180053833,-2.752960598789614,alpha,1.0004154536644945,1.0004154536453225,1.9164035554244464e-11
fine,2.3333117180053833,-2.752960598789614,beta,0.0,-1.0314871667517217e-83,1.0314871667517217e-83
fine,2.3333117180053833,-2.752960598789614,gamma_ll,1.0015080303044583,1.0015080302355965,6.875811582463925e-11
fine,2.3333117180053833,-2.752960598789614,gamma_omega,10.78633544822736,10.786335448827598,5.564800801363415e-11
fine,2.363666075782546,2.374615746937767,alpha,1.0019390751521082,1.0019390751671662,1.5028812885359315e-11
fine,2.363666075782546,2.374615746937767,beta,-0.002044141068698009,-0.0020441410505975697,1.8100439116292e-11
fine,2.363666075782546,2.374615746937767,gamma_ll,1.0070486609601803,1.00704866101789,5.7305686509325946e-11
fine,2.363666075782546,2.374615746937767,gamma_omega,8.910426666823875,8.910426666901165,8.674027515435991e-12
fine,2.8888007771118724,-3.9351157775379657,alpha,1.0,1.0,0.0
fine,2.8888007771118724,-3.9351157775379657,beta,0.0,-2.572611506600817e-124,2.572611506600817e-124
fine,2.8888007771118724,-3.9351157775379657,gamma_ll,1.0,1.0,0.0
fine,2.8888007771118724,-3.9351157775379657,gamma_omega,18.549911423037827,18.549911422867837,9.163938318979203e-12
fine,1.7133108006320765,-5.183579790011221,alpha,1.0000000000416114,1.000000000041611,4.4408920983158345e-16
fine,1.7133108006320765,-5.183579790011221,beta,0.0,8.395436661454225e-123,8.395436661454225e-123
fine,1.7133108006320765,-5.183579790011221,gamma_ll,1.0000000001509806,1.0000000001509797,8.881784195660276e-16
fine,1.7133108006320765,-5.183579790011221,gamma_omega,29.932520342753048,29.932520342742723,3.4491535735626224e-13
fine,1.5510969329447288,1.630343794421055,alpha,3.7025721562234297,3.7025716850375394,1.2725907029605057e-07
fine,1.5510969329447288,1.630343794421055,beta,-0.1852414825933519,-0.18524149706577756,1.4472425646783194e-08
fine,1.5510969329447288,1.630343794421055,gamma_ll,4.087719611798208,4.087718833261094,1.904575628252727e-07
fine,1.5510969329447288,1.630343794421055,gamma_omega,6.827261366804801,6.8272613643879625,3.539982073644648e-10
fine,-0.6901309388387189,3.480824580621725,alpha,1.000720030891022,1.0007200302751098,6.154690533914503e-10
fine,-0.6901309388387189,3.480824580621725,beta,6.799421840081557e-32,6.807642264403044e-32,8.220424321486981e-35
fine,-0.6901309388387189,3.480824580621725,gamma_ll,1.0026143800744736,1.002614377843984,2.2246734289354625e-09
fine,-0.6901309388387189,3.480824580621725,gamma_omega,15.326486859756082,15.326486858662014,7.138418905381572e-11
fine,0.6443308714525804,4.08901231560629,alpha,1.0000054261774365,1.0000054261570888,2.034761309636095e-11
fine,0.6443308714525804,4.08901231560629,beta,6.175607960946914e-73,1.4901791233393835e-45,1.4901791233393835e-45
fine,0.6443308714525804,4.08901231560629,gamma_ll,1.000019688210528,1.0000196881367005,7.382593514636515e-11
fine,0.6443308714525804,4.08901231560629,gamma_omega,19.81212496836331,19.812124966395313,9.933297532721369e-11
fine,0.53784842839555,5.566851145126121,alpha,1.0000000000034615,1.0000000000034615,0.0
fine,0.53784842839555,5.566851145126121,beta,0.0,-8.236150978991791e-82,8.236150978991791e-82
fine,0.53784842839555,5.566851145126121,gamma_ll,1.0000000000125597,1.0000000000125597,0.0
fine,0.53784842839555,5.566851145126121,gamma_omega,34.052483171679874,34.0524831717354,1.6306862122123613e-12
fine,2.8019321205974386,-2.252263585401997,alpha,1.0,1.0,0.0
fine,2.8019321205974386,-2.252263585401997,beta,0.0,6.82970845944995e-84,6.82970845944995e-84
fine,2.8019321205974386,-2.252263585401997,gamma_ll,1.0,1.0,0.0
fine,2.8019321205974386,-2.252263585401997,gamma_omega,8.199678548810859,8.199678548656236,1.8857200335983742e-11
fine,0.8113914428271567,5.336798826710194,alpha,1.0000000000354397,1.0000000000354392,4.4408920983432425e-16
fine,0.8113914428271567,5.336798826710194,beta,0.0,-2.8893172015117355e-70,2.8893172015117355e-70
fine,0.8113914428271567,5.336798826710194,gamma_ll,1.0000000001285874,1.0000000001285865,8.881784195859167e-16
fine,0.8113914428271567,5.336798826710194,gamma_omega,31.544308034362043,31.544308034372467,3.3044509717080817e-13
fine,-1.427083164803685,-4.411789424728349,alpha,1.0000004493017867,1.000000449299458,2.328580725613323e-12
fine,-1.427083164803685,-4.411789424728349,beta,0.0,-3.383719871542215e-31,3.383719871542215e-31
fine,-1.427083164803685,-4.411789424728349,gamma_ll,1.0000016302277142,1.000001630219265,8.449227532442405e-12
fine,-1.427083164803685,-4.411789424728349,gamma_omega,22.537527774448506,22.53752777331263,5.039936862052608e-11
fine,0.5013761356289406,0.031737939207623356,alpha,95.53661941272473,95.5321260764258,4.703260725108899e-05
fine,0.5013761356289406,0.031737939207623356,beta,-0.06680544660726587,-0.06680593825908632,4.916518204500786e-07
fine,0.5013761356289406,0.031737939207623356,gamma_ll,6085.272811540643,6084.742280161071,8.718284224914924e-05
fine,0.5013761356289406,0.031737939207623356,gamma_omega,4.171858648146153,4.171858651707666,8.536993131315937e-10
fine,-0.55464850266679,-1.7206065773845722,alpha,30.534020205892404,30.533974834716982,1.4859220998479158e-06
fine,-0.55464850266679,-1.7206065773845722,beta,0.12630667094569675,0.12630288472511755,3.7862205791994175e-06
fine,-0.55464850266679,-1.7206065773845722,gamma_ll,2776.13977323117,2776.1394880267403,1.0273417506718501e-07
fine,-0.55464850266679,-1.7206065773845722,gamma_omega,7.386881195766472,7.386881193680104,2.824423943036947e-10
fine,1.9648670402524275,0.09885625035001411,alpha,1.5089446349512967,1.508944625885083,6.008314400488784e-09
fine,1.9648670402524275,0.09885625035001411,beta,-1.9840617368813946e-12,-1.9840588365829435e-12,2.900298451104797e-18
fine,1.9648670402524275,0.09885625035001411,gamma_ll,3.802675296336197,3.802675297946928,4.2357827961648685e-10
fine,1.9648670402524275,0.09885625035001411,gamma_omega,3.6212661543195552,3.621266154400433,2.233416919400679e-11
fine,-0.6307202764060487,1.6959539709071212,alpha,37.12874046352607,37.061655456259075,0.0018068215196499402
fine,-0.6307202764060487,1.6959539709071212,beta,0.2819801526634076,0.27715774420305356,0.004822408460354033
fine,-0.6307202764060487,1.6959539709071212,gamma_ll,3578.748639402522,3578.7483546482695,7.956810634837892e-08
fine,-0.6307202764060487,1.6959539709071212,gamma_omega,7.308704574864169,7.308704573055299,2.474953486328089e-10
fine,2.5868338586212625,-5.867254219960184,alpha,1.0,1.0,0.0
fine,2.5868338586212625,-5.867254219960184,beta,0.0,6.158741167194558e-161,6.158741167194558e-161
fine,2.5868338586212625,-5.867254219960184,gamma_ll,1.0,1.0,0.0
fine,2.5868338586212625,-5.867254219960184,gamma_omega,37.48717720573995,37.487177205835756,2.555796131676241e-12
fine,2.9549123986524606,-3.5157641203806222,alpha,1.0,1.0,0.0
fine,2.9549123986524606,-3.5157641203806222,beta,0.0,1.979654930849966e-116,1.979654930849966e-116
fine,2.9549123986524606,-3.5157641203806222,gamma_ll,1.0,1.0,0.0
fine,2.9549123986524606,-3.5157641203806222,gamma_omega,15.428497728205077,15.428497727923725,1.8235853916466785e-11
fine,1.2960506637418554,5.835526706285723,alpha,1.0000000000000737,1.0000000000000737,0.0
fine,1.2960506637418554,5.835526706285723,beta,0.0,1.0713151045878804e-70,1.0713151045878804e-70
fine,1.2960506637418554,5.835526706285723,gamma_ll,1.0000000000002673,1.0000000000002678,4.440892098499439e-16
fine,1.2960506637418554,5.835526706285723,gamma_omega,37.11591542971004,37.11591542981608,2.8568416332957494e-12
fine,1.998379363518636,1.135528221442601,alpha,1.4037315915845254,1.4037315764054088,1.0813403873855041e-08
fine,1.998379363518636,1.135528221442601,beta,-0.0007594465651712342,-0.000759440559221858,6.0059493762858185e-09
fine,1.998379363518636,1.135528221442601,gamma_ll,2.8840720463411498,2.884072057609465,3.9070851867722344e-09
fine,1.998379363518636,1.135528221442601,gamma_omega,4.981177746150979,4.981177743842503,4.634398117485049e-10
fine,-0.43406742946964316,-0.6077128474385436,alpha,6.6556202137207965,6.655618032521652,3.2772289806450204e-07
fine,-0.43406742946964316,-0.6077128474385436,beta,-2.023964257478631,-2.0239561670577237,3.997314121305122e-06
fine,-0.43406742946964316,-0.6077128474385436,gamma_ll,13.51164959575925,13.511702289575165,3.899880287869826e-06
fine,-0.43406742946964316,-0.6077128474385436,gamma_omega,4.632274208078502,4.632274209021636,2.0360074059827494e-10
fine,0.03221726315410156,2.215133440835004,alpha,2.3323419910503618,2.332342279981645,1.2388032477735195e-07
fine,0.03221726315410156,2.215133440835004,beta,7.781537060966484e-15,7.785074029977558e-15,3.536969011073524e-18
fine,0.03221726315410156,2.215133440835004,gamma_ll,12.56542239188465,12.565425357348904,2.3600195523387487e-07
fine,0.03221726315410156,2.215133440835004,gamma_omega,9.056689138092343,9.056689137000932,1.2050887350272878e-10
fine,-0.3546554213964803,1.6284217104637175,alpha,48.05487751182095,48.0548751666836,4.880123450446551e-08
fine,-0.3546554213964803,1.6284217104637175,beta,0.0002114859721284662,0.0002114621858271728,2.37863012934002e-08
fine,-0.3546554213964803,1.6284217104637175,gamma_ll,6928.126930948207,6928.126506609088,6.12487506089756e-08
fine,-0.3546554213964803,1.6284217104637175,gamma_omega,7.096527967022723,7.096527965696121,1.8693675915540472e-10
fine,2.6905432239927034,0.6424878384919541,alpha,1.0,1.0000000000001188,1.1879386363489175e-13
fine,2.6905432239927034,0.6424878384919541,beta,-8.375989499746209e-17,-8.372718052996474e-17,3.271446749734497e-20
fine,2.6905432239927034,0.6424878384919541,gamma_ll,1.0,1.000000000000424,4.241051954068098e-13
fine,2.6905432239927034,0.6424878384919541,gamma_omega,3.571025755113795,3.5710257555883285,1.3288431226310275e-10
fine,0.32297830684638695,3.8441197643997302,alpha,1.000045042216366,1.0000450421425378,7.38249515858959e-11
fine,0.32297830684638695,3.8441197643997302,beta,3.3555532534309494e-57,-2.026078862183813e-47,2.0260788625193684e-47
fine,0.32297830684638695,3.8441197643997302,gamma_ll,1.0001634364566425,1.0001634361888136,2.677851043443475e-10
fine,0.32297830684638695,3.8441197643997302,gamma_omega,17.89895795251371,17.89895795114203,7.663470905635392e-11
fine,2.321553730065419,-1.3129078739942788,alpha,1.0372273610425604,1.0372273627062982,1.604024225230066e-09
fine,2.321553730065419,-1.3129078739942788,beta,0.0,-3.0043520757092965e-49,3.0043520757092965e-49
fine,2.321553730065419,-1.3129078739942788,gamma_ll,1.1343221273190403,1.1343221318942076,4.033393377323482e-09
fine,2.321553730065419,-1.3129078739942788,gamma_omega,5.105677528315536,5.1056775265227134,3.5114297156063415e-10
fine,-0.7548954002746372,-1.740507938351195,alpha,26.03084552219301,26.030836475343264,3.4754344571134314e-07
fine,-0.7548954002746372,-1.740507938351195,beta,-0.005726279975409435,-0.005726765228440204,4.852530307688022e-07
fine,-0.7548954002746372,-1.740507938351195,gamma_ll,2245.035297332593,2245.0348989595072,1.7744624605499076e-07
fine,-0.7548954002746372,-1.740507938351195,gamma_omega,7.450538912803415,7.450538907264288,7.43453251344859e-10
fine,-0.7689590021271686,1.9483585681304394,alpha,7.935791228512111,7.935790495666878,9.234683869522526e-08
fine,-0.7689590021271686,1.9483585681304394,beta,0.0002106408235425153,0.0002103910868794649,2.497366630504019e-07
fine,-0.7689590021271686,1.9483585681304394,gamma_ll,210.33807627763056,210.33807567567538,2.8618459847536315e-09
fine,-0.7689590021271686,1.9483585681304394,gamma_omega,8.131664446848136,8.131664446479908,4.528324023618094e-11
fine,-0.48506657520387453,0.04502823938238354,alpha,295.120471048958,295.10290076790807,5.953596166161125e-05
fine,-0.48506657520387453,0.04502823938238354,beta,-0.1926704731524621,-0.19267134032384253,8.671713804253578e-07
fine,-0.48506657520387453,0.04502823938238354,gamma_ll,63882.10136399351,63875.56519271502,0.00010231615959612656
fine,-0.48506657520387453,0.04502823938238354,gamma_omega,4.1815313229989135,4.181531325342303,5.604141883556214e-10
fine,2.8679870611696705,-5.49087119774237,alpha,1.0,1.0,0.0
fine,2.8679870611696705,-5.49087119774237,beta,0.0,3.8003611241416787e-159,3.8003611241416787e-159
fine,2.8679870611696705,-5.49087119774237,gamma_ll,1.0,1.0,0.0
fine,2.8679870611696705,-5.49087119774237,gamma_omega,33.212177521585765,33.212177521687096,3.051004393821803e-12
fine,-1.2867643234164203,1.3146637439523374,alpha,194.9160826438927,194.91610450910545,1.1217757122861285e-07
fine,-1.2867643234164203,1.3146637439523374,beta,3.678874852231281e-21,3.677848059217533e-21,1.0267930137478438e-24
fine,-1.2867643234164203,1.3146637439523374,gamma_ll,63384.45930020699,63384.45840223463,1.4167074500057781e-08
fine,-1.2867643234164203,1.3146637439523374,gamma_omega,6.170932972900094,6.170932969032216,6.267899001571593e-10
fine,0.13378089085454237,4.871284258004932,alpha,1.0000000059338678,1.0000000059338525,1.532107764891391e-14
fine,0.13378089085454237,4.871284258004932,beta,0.0,-7.54413424159681e-75,7.54413424159681e-75
fine,0.13378089085454237,4.871284258004932,gamma_ll,1.0000000215301872,1.0000000215301317,5.551115003609238e-14
fine,0.13378089085454237,4.871284258004932,gamma_omega,26.794231167461326,26.79423116737017,3.4020579654236062e-12
fine,0.4992778944743188,-1.0646486132489557,alpha,145.77698262397786,145.77695056073787,2.1994720570902074e-07
fine,0.4992778944743188,-1.0646486132489557,beta,-1.1167559561298199e-08,-1.11651697032865e-08,2.389858011699164e-12
fine,0.4992778944743188,-1.0646486132489557,gamma_ll,31696.846952595184,31696.84783514173,2.784335445302523e-08
fine,0.4992778944743188,-1.0646486132489557,gamma_omega,5.5134799600147995,5.513479957661921,4.2675021905617017e-10
fine,-1.4640470183330445,-1.1625291831688322,alpha,17.034686244920824,17.034566544796217,7.026846452345245e-06
fine,-1.4640470183330445,-1.1625291831688322,beta,-0.85989180908922,-0.8599021642215509,1.0355132330830408e-05
fine,-1.4640470183330445,-1.1625291831688322,gamma_ll,521.5756271306698,521.566046584698,1.8368469447947872e-05
fine,-1.4640470183330445,-1.1625291831688322,gamma_omega,5.765570299514598,5.765570296340774,5.504788934460496e-10
fine,0.7044870912375796,-1.885881695484116,alpha,5.9452621525312335,5.945262192483411,6.720002674606931e-09
fine,0.7044870912375796,-1.885881695484116,beta,3.3811868764853476e-33,-5.193751156639133e-24,5.19375116002032e-24
fine,0.7044870912375796,-1.885881695484116,gamma_ll,113.14998600729515,113.14997926379789,5.959786213261832e-08
fine,0.7044870912375796,-1.885881695484116,gamma_omega,7.904952901967599,7.904952901403385,7.137480259947506e-11
fine,2.7527521400527535,-3.3213838211913,alpha,1.0,1.0,0.0
fine,2.7527521400527535,-3.3213838211913,beta,0.0,6.954744117855049e-107,6.954744117855049e-107
fine,2.7527521400527535,-3.3213838211913,gamma_ll,1.0,1.0,0.0
fine,2.7527521400527535,-3.3213838211913,gamma_omega,14.109886833132501,14.109886833040362,6.530146580859238e-12
fine,-0.1256213849574852,5.848525033687153,alpha,1.000000000000166,1.000000000000166,0.0
fine,-0.1256213849574852,5.848525033687153,beta,0.0,4.488170520701715e-92,4.488170520701715e-92
fine,-0.1256213849574852,5.848525033687153,gamma_ll,1.000000000000603,1.0000000000006026,4.440892098497948e-16
fine,-0.1256213849574852,5.848525033687153,gamma_omega,37.26779000319221,37.2677900031974,1.391808307013761e-13
fine,1.7085347321616964,4.216437001767865,alpha,1.000000389045941,1.0000003890444942,1.4468420828034645e-12
fine,1.7085347321616964,4.216437001767865,beta,1.3441256256717307e-151,1.137610972503384e-24,1.137610972503384e-24
fine,1.7085347321616964,4.216437001767865,gamma_ll,1.0000014115978535,1.0000014115926044,5.2491270507712625e-12
fine,1.7085347321616964,4.216437001767865,gamma_omega,20.855703134827234,20.855703133810657,4.8743359943019985e-11
fine,-0.062015533700483294,-3.4081575876112606,alpha,1.0011762918735942,1.0011762904357016,1.4362032995307236e-09
fine,-0.062015533700483294,-3.4081575876112606,beta,2.15915799528373e-38,2.185630455146575e-38,2.647245986284501e-40
fine,-0.062015533700483294,-3.4081575876112606,gamma_ll,1.0042729474850214,1.0042729422863874,5.1765149910390845e-09
fine,-0.062015533700483294,-3.4081575876112606,gamma_omega,14.852489432630868,14.852489431369664,8.491535913293558e-11
fine,0.368393653582509,-4.374986730695122,alpha,1.000000553255463,1.0000005532554623,6.661334462331257e-16
fine,0.368393653582509,-4.374986730695122,beta,1.9329038067099918e-69,1.9320992933542112e-69,8.045133557805475e-73
fine,0.368393653582509,-4.374986730695122,gamma_ll,1.0000020074090685,1.0000020074090659,2.6645299102988706e-15
fine,0.368393653582509,-4.374986730695122,gamma_omega,22.215484477602544,22.215484477602807,1.1834124639338446e-14
fine,0.6142350413809767,0.13271164861021845,alpha,96.49725009310269,96.49022538926913,7.279693283267177e-05
fine,0.6142350413809767,0.13271164861021845,beta,-0.058831389684312986,-0.0588318976278672,5.079435542107436e-07
fine,0.6142350413809767,0.13271164861021845,gamma_ll,6137.617360933272,6136.803747443962,0.00013256178113822852
fine,0.6142350413809767,0.13271164861021845,gamma_omega,4.1885568551602015,4.188556859131791,9.481999211206154e-10
fine,2.5759551094294455,-1.73265090566386,alpha,1.0000168052851115,1.0000168053324445,4.7332230955627823e-11
fine,2.5759551094294455,-1.73265090566386,beta,0.0,1.2711113298675072e-65,1.2711113298675072e-65
fine,2.5759551094294455,-1.73265090566386,gamma_ll,1.0000608285354278,1.000060828705341,1.6990285968321787e-10
fine,2.5759551094294455,-1.73265090566386,gamma_omega,6.223647529299213,6.223647527549521,2.811360924035217e-10
fine,1.442034240842681,4.635112762717156,alpha,1.0000000173377734,1.0000000173376724,1.0103029348924891e-13
fine,1.442034240842681,4.635112762717156,beta,0.0,7.556151659453999e-40,7.556151659453999e-40
fine,1.442034240842681,4.635112762717156,gamma_ll,1.0000000629076213,1.000000062907255,3.663735750786115e-13
fine,1.442034240842681,4.635112762717156,gamma_omega,24.55137838968687,24.551378389162604,2.1353866321960054e-11
fine,1.8443328060952746,-3.6585750398499246,alpha,1.0000212361399539,1.0000212361021334,3.7819610325132865e-11
fine,1.8443328060952746,-3.6585750398499246,beta,2.061276217522849e-150,7.698221017020049e-91,7.698221017020049e-91
fine,1.8443328060952746,-3.6585750398499246,gamma_ll,1.0000770538937445,1.0000770537565271,1.3720677627837108e-10
fine,1.8443328060952746,-3.6585750398499246,gamma_omega,16.507919151280518,16.507919149795477,8.995933464156641e-11
fine,1.1940021378330776,0.29481131709759545,alpha,14.751283428016453,14.751281125345004,1.5609973602020486e-07
fine,1.1940021378330776,0.29481131709759545,beta,-0.0023298343042306405,-0.002329822670285107,1.1633945533502665e-08
fine,1.1940021378330776,0.29481131709759545,gamma_ll,745.0733988691634,745.0734236594218,3.327223659504271e-08
fine,1.1940021378330776,0.29481131709759545,gamma_omega,4.203796612410295,4.203796614517394,5.012372334196522e-10
fine,0.2146758657272656,-1.0951336106859637,alpha,253.00864956213,253.00862374132626,1.0205502370264864e-07
fine,0.2146758657272656,-1.0951336106859637,beta,-5.4781039321046115e-06,-5.477813854724521e-06,2.900773800909202e-10
fine,0.2146758657272656,-1.0951336106859637,gamma_ll,80072.8712045555,80072.8717825495,7.218349833881021e-09
fine,0.2146758657272656,-1.0951336106859637,gamma_omega,5.593311132999626,5.593311131976083,1.8299411632451924e-10
fine,2.6191753125780757,-1.2032641273643172,alpha,1.0,1.0000000002982894,2.9828939318576886e-10
fine,2.6191753125780757,-1.2032641273643172,beta,0.0,-6.606930607525251e-55,6.606930607525251e-55
fine,2.6191753125780757,-1.2032641273643172,gamma_ll,1.0,1.0000000010250636,1.0250635895658888e-09
fine,2.6191753125780757,-1.2032641273643172,gamma_omega,4.6462994550668695,4.646299454766785,6.458567827451061e-11
fine,-0.01375560626504968,-3.700786155600773,alpha,1.000144761780985,1.0001447617793922,1.5927174311202397e-12
fine,-0.01375560626504968,-3.700786155600773,beta,8.710207851149404e-46,8.715174610976471e-46,4.96675982706783e-49
fine,-0.01375560626504968,-3.700786155600773,gamma_ll,1.0005253221601011,1.0005253221543096,5.7885485774170524e-12
fine,-0.01375560626504968,-3.700786155600773,gamma_omega,16.84468773393521,16.84468773389626,2.312206713231298e-12
fine,1.9443504899425808,0.5125807507397964,alpha,1.5588547004173596,1.5588547057969815,3.451009165672392e-09
fine,1.9443504899425808,0.5125807507397964,beta,-7.354776732388322e-08,-7.353499553869425e-08,1.2771785188972036e-11
fine,1.9443504899425808,0.5125807507397964,gamma_ll,4.153095517348173,4.153095525811287,2.03778473626989e-09
fine,1.9443504899425808,0.5125807507397964,gamma_omega,3.924358044016868,3.9243580455524905,3.9130534950313746e-10
fine,0.9017009600461123,4.886556614601009,alpha,1.0000000033210874,1.000000003321061,2.642330789832461e-14
fine,0.9017009600461123,4.886556614601009,beta,0.0,9.499247158974266e-59,9.499247158974266e-59
fine,0.9017009600461123,4.886556614601009,gamma_ll,1.0000000120500885,1.0000000120499926,9.592326817172966e-14
fine,0.9017009600461123,4.886556614601009,gamma_omega,26.943080816423002,26.94308081613154,1.08176596240418e-11
fine,1.7616060714630195,3.2878359557072514,alpha,1.000366081907543,1.000366081395279,5.120765470302599e-10
fine,1.7616060714630195,3.2878359557072514,beta,-3.968175586104752e-09,-3.967070814427169e-09,1.1047716775829528e-12
fine,1.7616060714630195,3.2878359557072514,gamma_ll,1.0013287541846008,1.001328752328343,1.853794576824338e-09
fine,1.7616060714630195,3.2878359557072514,gamma_omega,14.028473398581943,14.028473398203444,2.6980769693037878e-11
fine,1.897174211350619,-1.5571110084523667,alpha,1.4491530489708355,1.449153041626654,5.067912937419669e-09
fine,1.897174211350619,-1.5571110084523667,beta,5.392294703869014e-121,4.0556406351545743e-44,4.0556406351545743e-44
fine,1.897174211350619,-1.5571110084523667,gamma_ll,3.3333455592060712,3.3333454838616428,2.2603245638881978e-08
fine,1.897174211350619,-1.5571110084523667,gamma_omega,6.288012976817833,6.288013038990819,9.887540960866335e-09
fine,2.5547298243658183,3.4796764297417724,alpha,1.0000000243723017,1.000000024372461,1.5920597785103132e-13
fine,2.5547298243658183,3.4796764297417724,beta,-1.9301289288344645e-06,-1.9301133143552708e-06,1.5614479193743554e-11
fine,2.5547298243658183,3.4796764297417724,gamma_ll,1.0000000884260387,1.0000000884266174,5.786481892670644e-13
fine,2.5547298243658183,3.4796764297417724,gamma_omega,15.190723867946463,15.190723867802946,9.44768658645005e-12
fine,0.6744681732477718,5.133513693721776,alpha,1.000000000334285,1.0000000003342826,2.4424906533588564e-15
fine,0.6744681732477718,5.133513693721776,beta,0.0,-3.79629212285214e-69,3.79629212285214e-69
fine,0.6744681732477718,5.133513693721776,gamma_ll,1.0000000012129049,1.0000000012128964,8.437694976917068e-15
fine,0.6744681732477718,5.133513693721776,gamma_omega,29.416327548532145,29.41632754846255,2.3658326532842715e-12
fine,-1.4,-1.7,alpha,5.008249487021375,5.008249487021375,0.0
fine,-1.4,-1.7,beta,-1.398558230855746,-1.3985582308557467,4.763003785459128e-16
fine,-1.4,-1.7,gamma_ll,75.69500786668554,75.69500786668529,3.3792900229846633e-15
fine,-1.4,-1.7,gamma_omega,7.321730673748171,7.321730673748178,9.70457351439774e-16
fine,-1.4,-1.4,alpha,4.239676930839843,4.239676930839846,8.379680189680726e-16
fine,-1.4,-1.4,beta,-1.6821010545555752,-1.682101054555575,1.320043194335297e-16
fine,-1.4,-1.4,gamma_ll,39.23632919722917,39.23632919722922,1.2676514985178447e-15
fine,-1.4,-1.4,gamma_omega,6.412059974891815,6.412059974891816,2.7703372182357377e-16
fine,-1.4,-1.0999999999999999,alpha,18.193017390840616,18.19301739084061,3.905579379690074e-16
fine,-1.4,-1.0999999999999999,beta,-0.8536792503952513,-0.8536792503952516,3.3306690738754696e-16
fine,-1.4,-1.0999999999999999,gamma_ll,562.8658825514045,562.8658825514032,2.423742662240327e-15
fine,-1.4,-1.0999999999999999,gamma_omega,5.609156726751367,5.609156726751367,0.0
fine,-1.3048437499999999,-1.60484375,alpha,6.38934918615726,6.389299164930948,7.828845294685029e-06
fine,-1.3048437499999999,-1.60484375,beta,-1.2841322635430392,-1.284137131000557,3.790464312671446e-06
fine,-1.3048437499999999,-1.60484375,gamma_ll,124.45130646478442,124.44910958174216,1.765255106326301e-05
fine,-1.3048437499999999,-1.60484375,gamma_omega,7.024059676696014,7.024059674411331,3.252653961689854e-10
fine,-1.3048437499999999,-1.3048437499999999,alpha,4.965917365725525,4.965914306865901,6.159707055306204e-07
fine,-1.3048437499999999,-1.3048437499999999,beta,-1.6248356235017576,-1.6248360529198866,2.6428404377910766e-07
fine,-1.3048437499999999,-1.3048437499999999,gamma_ll,47.104665362997174,47.10459261711416,1.5443456068817164e-06
fine,-1.3048437499999999,-1.3048437499999999,gamma_omega,6.143784509156674,6.143784507535924,2.6380330273441175e-10
fine,-1.3048437499999999,-1.0048437499999998,alpha,19.42309488797452,19.423177924218177,4.275129382529758e-06
fine,-1.3048437499999999,-1.0048437499999998,beta,-0.8391761195651647,-0.839179437892337,3.3183271722636576e-06
fine,-1.3048437499999999,-1.0048437499999998,gamma_ll,640.3489189936204,640.3530105903585,6.3896363635088115e-06
fine,-1.3048437499999999,-1.0048437499999998,gamma_omega,5.383767060827257,5.3837670599548515,1.620436488592467e-10
fine,-1.2096874999999998,-1.5096874999999998,alpha,8.065597639926635,8.065517750245858,9.90499208404259e-06
fine,-1.2096874999999998,-1.5096874999999998,beta,-1.198575146031225,-1.1985832637999203,6.7728491802355386e-06
fine,-1.2096874999999998,-1.5096874999999998,gamma_ll,190.29329041853114,190.28879963199944,2.359928992676136e-05
fine,-1.2096874999999998,-1.5096874999999998,gamma_omega,6.734436494628108,6.734436489822327,7.136128859693963e-10
fine,-1.2096874999999998,-1.2096874999999998,alpha,5.7329099924959985,5.732901010083918,1.5668154728684074e-06
fine,-1.2096874999999998,-1.2096874999999998,beta,-1.5816582786573643,-1.5816591473548385,5.492320850203787e-07
fine,-1.2096874999999998,-1.2096874999999998,gamma_ll,54.452893743137075,54.45270704304175,3.4286533275446397e-06
fine,-1.2096874999999998,-1.2096874999999998,gamma_omega,5.887591961773838,5.887591958620607,5.355721976009016e-10
fine,-1.2096874999999998,-0.9096874999999998,alpha,19.4766347441235,19.476620675842398,7.223158049859339e-07
fine,-1.2096874999999998,-0.9096874999999998,beta,-0.8282214712416678,-0.8282303012304197,8.829988751957174e-06
fine,-1.2096874999999998,-0.9096874999999998,gamma_ll,708.1616173174804,708.157551765935,5.7409939284897085e-06
fine,-1.2096874999999998,-0.9096874999999998,gamma_omega,5.174762564041861,5.17476256274587,2.504445091223073e-10
fine,-1.11453125,-1.41453125,alpha,10.096995151126903,10.096963338960371,3.1506568097839185e-06
fine,-1.11453125,-1.41453125,beta,-1.1351186345738795,-1.135125496869157,6.045443241404122e-06
fine,-1.11453125,-1.41453125,gamma_ll,270.3636276230835,270.3608274803398,1.0356950630942426e-05
fine,-1.11453125,-1.41453125,gamma_omega,6.453971038176536,6.453971033692314,6.948004346751207e-10
fine,-1.11453125,-1.11453125,alpha,6.372000564636601,6.371988329584771,1.920127235745572e-06
fine,-1.11453125,-1.11453125,beta,-1.549050816428907,-1.5490516955469325,5.675204558583339e-07
fine,-1.11453125,-1.11453125,gamma_ll,61.02148495240124,61.02125800332724,3.719166686531816e-06
fine,-1.11453125,-1.11453125,gamma_omega,5.644908137856264,5.644908135161193,4.774339577106313e-10
fine,-1.11453125,-0.8145312499999999,alpha,18.745278171003786,18.74509102368198,9.983704701495477e-06
fine,-1.11453125,-0.8145312499999999,beta,-0.8198982600290071,-0.8199088295114397,1.056948243260969e-05
fine,-1.11453125,-0.8145312499999999,gamma_ll,765.9634827704488,765.945049269647,2.4065769734950347e-05
fine,-1.11453125,-0.8145312499999999,gamma_omega,4.98331622561544,4.98331622507648,1.081528771904837e-10
fine,-1.019375,-1.319375,alpha,12.512840099515275,12.51287635928958,2.897805295720638e-06
fine,-1.019375,-1.319375,beta,-1.0881840984816677,-1.0881870860193754,2.7454340785116254e-06
fine,-1.019375,-1.319375,gamma_ll,358.9651011345794,358.96633595810584,3.4399542532918287e-06
fine,-1.019375,-1.319375,gamma_omega,6.1839645225962325,6.183964520607918,3.215274594068964e-10
fine,-1.019375,-1.019375,alpha,6.690104574987054,6.690097004325821,1.1316207614048734e-06
fine,-1.019375,-1.019375,beta,-1.5244222951980766,-1.5244227798594046,3.179311464325455e-07
fine,-1.019375,-1.019375,gamma_ll,66.68129505590288,66.68114954938923,2.1821188914354167e-06
fine,-1.019375,-1.019375,gamma_omega,5.417116356600746,5.417116355569829,1.9030744508080599e-10
fine,-1.019375,-0.7193749999999999,alpha,17.81802573310454,17.817816752603964,1.1728600222476537e-05
fine,-1.019375,-0.7193749999999999,beta,-0.813575991369681,-0.8135826018377478,6.6104680668255256e-06
fine,-1.019375,-0.7193749999999999,gamma_ll,813.9785361803987,813.958052131384,2.5165342947306452e-05
fine,-1.019375,-0.7193749999999999,gamma_omega,4.810474807280333,4.810474807492183,4.4039146515157696e-11
fine,-0.9242187499999999,-1.22421875,alpha,15.166118028074617,15.166137151164383,1.260908673566114e-06
fine,-0.9242187499999999,-1.22421875,beta,-1.0537298283616463,-1.0537297150472809,1.0753645042254674e-07
fine,-0.9242187499999999,-1.22421875,gamma_ll,448.58387496662266,448.5849562524103,2.4104428356922088e-06
fine,-0.9242187499999999,-1.22421875,gamma_omega,5.925818917256161,5.92581891721167,7.508079845045169e-12
fine,-0.9242187499999999,-0.9242187499999999,alpha,6.624067419020105,6.624067190224449,3.4540055486398556e-08
fine,-0.9242187499999999,-0.9242187499999999,beta,-1.5064919788241051,-1.5064919921153181,8.822624485161674e-09
fine,-0.9242187499999999,-0.9242187499999999,gamma_ll,71.23745020175393,71.23744501724114,7.277791066916005e-08
fine,-0.9242187499999999,-0.9242187499999999,gamma_omega,5.205516634016778,5.20551663400651,1.9725670729880628e-12
fine,-0.9242187499999999,-0.6242187499999998,alpha,17.091497759741046,17.09146781713393,1.7519007133380426e-06
fine,-0.9242187499999999,-0.6242187499999998,beta,-0.8090197755345153,-0.8090201602494128,3.8471489749447585e-07
fine,-0.9242187499999999,-0.6242187499999998,gamma_ll,851.0036225543998,851.0007118386648,3.4203329550427945e-06
fine,-0.9242187499999999,-0.6242187499999998,gamma_omega,4.657153381143497,4.6571533811791355,7.652348156443387e-12
fine,-0.8290624999999999,-1.1290624999999999,alpha,17.611154376278918,17.61099758240304,8.90310041735349e-06
fine,-0.8290624999999999,-1.1290624999999999,beta,-1.0310490524999592,-1.0310529324751223,3.7631334355520498e-06
fine,-0.8290624999999999,-1.1290624999999999,gamma_ll,523.4453753842434,523.4359923561292,1.7925515355579414e-05
fine,-0.8290624999999999,-1.1290624999999999,gamma_omega,5.680960607782133,5.680960606870341,1.6049953416632463e-10
fine,-0.8290624999999999,-0.8290624999999999,alpha,6.2981696852037015,6.298165785772352,6.191372326051293e-07
fine,-0.8290624999999999,-0.8290624999999999,beta,-1.4995987201863563,-1.499598962930162,1.6187250792845507e-07
fine,-0.8290624999999999,-0.8290624999999999,gamma_ll,73.09645543930017,73.09641155864426,6.003116792074511e-07
fine,-0.8290624999999999,-0.8290624999999999,gamma_omega,5.011299029101405,5.011299028828278,5.450229510743042e-11
fine,-0.8290624999999999,-0.5290625,alpha,16.678806103862932,16.6788810419974,4.493015507280007e-06
fine,-0.8290624999999999,-0.5290625,beta,-0.807833366383292,-0.8078358493103138,2.4829270218740263e-06
fine,-0.8290624999999999,-0.5290625,gamma_ll,860.9987818103025,861.0054706541121,7.768702988762123e-06
fine,-0.8290624999999999,-0.5290625,gamma_omega,4.524135456660649,4.524135457241934,1.2848537532335052e-10
fine,-0.73390625,-1.03390625,alpha,19.267700465304177,19.267474551294818,1.1725011490916534e-05
fine,-0.73390625,-1.03390625,beta,-1.0364494157725386,-1.0364583209418599,8.59199608371149e-06
fine,-0.73390625,-1.03390625,gamma_ll,506.8604050409535,506.84658555423783,2.7264877228929635e-05
fine,-0.73390625,-1.03390625,gamma_omega,5.450780667968143,5.450780665981236,3.6451781134649304e-10
fine,-0.73390625,-0.73390625,alpha,5.906009277769571,5.906000567786668,1.4747662073112617e-06
fine,-0.73390625,-0.73390625,beta,-1.5464859242854188,-1.5464867522610404,5.353916311929255e-07
fine,-0.73390625,-0.73390625,gamma_ll,61.87108795650605,61.87084184027443,3.977887568347099e-06
fine,-0.73390625,-0.73390625,gamma_omega,4.835528398436534,4.835528398497198,1.254554981870699e-11
fine,-0.73390625,-0.43390625,alpha,16.489498720937995,16.489515833629994,1.0377933428451788e-06
fine,-0.73390625,-0.43390625,beta,-0.8242625641273867,-0.8242708772267751,8.313099388312928e-06
fine,-0.73390625,-0.43390625,gamma_ll,738.7099255690175,738.7078589825906,2.7975614722805455e-06
fine,-0.73390625,-0.43390625,gamma_omega,4.412076541114887,4.412076543740009,5.949856756253918e-10
fine,-0.6387499999999999,-0.93875,alpha,19.80914181877362,19.809142606219826,3.97516566566267e-08
fine,-0.6387499999999999,-0.93875,beta,-1.1398548603579952,-1.1398655339978039,9.364034123883817e-06
fine,-0.6387499999999999,-0.93875,gamma_ll,270.5524397059637,270.550506201335,7.146505981653695e-06
fine,-0.6387499999999999,-0.93875,gamma_omega,5.23659150422672,5.236591502650423,3.0101573236089306e-10
fine,-0.6387499999999999,-0.6387499999999999,alpha,5.5561197721870315,5.556110143511287,1.7329856337729036e-06
fine,-0.6387499999999999,-0.6387499999999999,beta,-1.8362318444442451,-1.836233792277928,1.0607776401901706e-06
fine,-0.6387499999999999,-0.6387499999999999,gamma_ll,25.793519414663024,25.793389128079273,5.051136359346566e-06
fine,-0.6387499999999999,-0.6387499999999999,gamma_omega,4.679137681905708,4.679137682988194,2.3134307522993617e-10
fine,-0.6387499999999999,-0.33874999999999994,alpha,16.294829784052887,16.294757695553546,4.4240105785667535e-06
fine,-0.6387499999999999,-0.33874999999999994,beta,-0.9155872877832062,-0.9156004180844585,1.3130301252273213e-05
fine,-0.6387499999999999,-0.33874999999999994,gamma_ll,350.1339892735759,350.1280882207371,1.6853698925480838e-05
fine,-0.6387499999999999,-0.33874999999999994,gamma_omega,4.321509424529648,4.32150942857021,9.34988716737681e-10
fine,-0.5435937499999999,-0.8435937499999999,alpha,19.170345155103025,19.17049785835335,7.965597337448576e-06
fine,-0.5435937499999999,-0.8435937499999999,beta,-1.2703805152801788,-1.2703891962796896,6.833385278170792e-06
fine,-0.5435937499999999,-0.8435937499999999,gamma_ll,136.83568943736176,136.83702275148718,9.743906219935913e-06
fine,-0.5435937499999999,-0.8435937499999999,gamma_omega,5.039597973158895,5.0395979727289895,8.530559202451618e-11
fine,-0.5435937499999999,-0.5435937499999999,alpha,5.301394444560264,5.301387753373959,1.2621559054787852e-06
fine,-0.5435937499999999,-0.5435937499999999,beta,-2.253053125679414,-2.2530534610174238,1.4883715167775478e-07
fine,-0.5435937499999999,-0.5435937499999999,gamma_ll,10.002961877227863,10.002935354760341,2.651461421856639e-06
fine,-0.5435937499999999,-0.5435937499999999,gamma_omega,4.542927069845731,4.542927071133984,2.83573352593414e-10
fine,-0.5435937499999999,-0.2435937499999999,alpha,16.129888018675352,16.129795655815172,5.726193515585697e-06
fine,-0.5435937499999999,-0.2435937499999999,beta,-1.029213387180819,-1.029224966170969,1.1250329906557404e-05
fine,-0.5435937499999999,-0.2435937499999999,gamma_ll,162.494391499338,162.49134459431502,1.8750831920229104e-05
fine,-0.5435937499999999,-0.2435937499999999,gamma_omega,4.252849888221479,4.252849891110488,6.79311310752954e-10
fine,-0.44843749999999993,-0.7484374999999999,alpha,18.046813055911183,18.046863643665482,2.8031405956121425e-06
fine,-0.44843749999999993,-0.7484374999999999,beta,-1.2737978381490072,-1.2737984463786307,4.774930568568725e-07
fine,-0.44843749999999993,-0.7484374999999999,gamma_ll,119.54781725007176,119.54840573963547,4.9226290972751604e-06
fine,-0.44843749999999993,-0.7484374999999999,gamma_omega,4.860880252691104,4.860880252722092,6.374906451925478e-12
fine,-0.44843749999999993,-0.44843749999999993,alpha,5.174712409759211,5.17471171196407,1.3484713458945039e-07
fine,-0.44843749999999993,-0.44843749999999993,beta,-2.3313298692792888,-2.3313300518816593,7.832541115857225e-08
fine,-0.44843749999999993,-0.44843749999999993,gamma_ll,7.928057438375177,7.9280531157027365,5.452372758444126e-07
fine,-0.44843749999999993,-0.44843749999999993,gamma_omega,4.4275667960308525,4.427566796233832,4.584456079310468e-11
fine,-0.44843749999999993,-0.14843749999999994,alpha,16.113097456536565,16.113054706517612,2.653122347685746e-06
fine,-0.44843749999999993,-0.14843749999999994,beta,-1.039170503612763,-1.0391719761206415,1.4170031514559774e-06
fine,-0.44843749999999993,-0.14843749999999994,gamma_ll,135.47970473615308,135.47882277207464,6.509935050145215e-06
fine,-0.44843749999999993,-0.14843749999999994,gamma_omega,4.206401874457025,4.206401874771725,7.481459813850776e-11
fine,-0.35328125,-0.65328125,alpha,17.080133999206186,17.080054527063247,4.652899265488516e-06
fine,-0.35328125,-0.65328125,beta,-1.2109816848444637,-1.210986480651962,3.960264270101485e-06
fine,-0.35328125,-0.65328125,gamma_ll,120.85847500239929,120.85692088295379,1.28590026100383e-05
fine,-0.35328125,-0.65328125,gamma_omega,4.701385540116744,4.701385540250484,2.8446771863739717e-11
fine,-0.35328125,-0.35328125,alpha,5.124526024947,5.124523551758589,4.826179824944898e-07
fine,-0.35328125,-0.35328125,beta,-2.234615824660363,-2.2346164197436393,2.6630227436247307e-07
fine,-0.35328125,-0.35328125,gamma_ll,7.7172667046716645,7.717256486468231,1.3240702731478701e-06
fine,-0.35328125,-0.35328125,gamma_omega,4.333601735011093,4.333601735779356,1.7728063672597857e-10
fine,-0.35328125,-0.05328125,alpha,16.124640643900868,16.124735684209774,5.8941039992937805e-06
fine,-0.35328125,-0.05328125,beta,-0.9934675241318808,-0.9934707836908581,3.2595589772865807e-06
fine,-0.35328125,-0.05328125,gamma_ll,132.40371435627424,132.40493128659935,9.191058808513674e-06
fine,-0.35328125,-0.05328125,gamma_omega,4.1823614144067,4.182361415588387,2.8254056294182783e-10
fine,-0.25812499999999994,-0.558125,alpha,16.436322978214335,16.43625537724763,4.112900847405479e-06
fine,-0.25812499999999994,-0.558125,beta,-1.1097910809419398,-1.1098042042903637,1.1825062076387951e-05
fine,-0.25812499999999994,-0.558125,gamma_ll,123.48224682171565,123.47989558577423,1.9041084867957757e-05
fine,-0.25812499999999994,-0.558125,gamma_omega,4.561925820956199,4.561925822359335,3.075754251397225e-10
fine,-0.25812499999999994,-0.25812499999999994,alpha,5.106449790996633,5.106441573520386,1.6092347097013236e-06
fine,-0.25812499999999994,-0.25812499999999994,beta,-2.0557683011422365,-2.0557700808931587,8.657351712272108e-07
fine,-0.25812499999999994,-0.25812499999999994,gamma_ll,7.710564150429132,7.7105311638621705,4.278100320280004e-06
fine,-0.25812499999999994,-0.25812499999999994,gamma_omega,4.26145638068533,4.261456384298919,8.479703220444997e-10
fine,-0.25812499999999994,0.04187500000000005,alpha,16.097024528857432,16.097161747782184,8.524490007864959e-06
fine,-0.25812499999999994,0.04187500000000005,beta,-0.9147475983430172,-0.9147591447195652,1.1546376547988402e-05
fine,-0.25812499999999994,0.04187500000000005,gamma_ll,131.50923547952075,131.51024848640662,7.702933426510394e-06
fine,-0.25812499999999994,0.04187500000000005,gamma_omega,4.180818797582117,4.180818802018107,1.0610338444631365e-09
fine,-0.16296874999999988,-0.4629687499999999,alpha,16.037885021102408,16.037944420649822,3.7037020365164745e-06
fine,-0.16296874999999988,-0.4629687499999999,beta,-0.9793982300444806,-0.9794112230129154,1.2992968434821783e-05
fine,-0.16296874999999988,-0.4629687499999999,gamma_ll,124.47516363970865,124.47455590956109,4.882340619557462e-06
fine,-0.16296874999999988,-0.4629687499999999,gamma_omega,4.443179307215691,4.4431793101170385,6.529890886685562e-10
fine,-0.16296874999999988,-0.16296874999999988,alpha,5.093386466060676,5.093376702882423,1.9168343730569165e-06
fine,-0.16296874999999988,-0.16296874999999988,beta,-1.818061016746498,-1.8180629347507722,1.0549724440630375e-06
fine,-0.16296874999999988,-0.16296874999999988,gamma_ll,7.686009767041411,7.685969949601348,5.1805086475506344e-06
fine,-0.16296874999999988,-0.16296874999999988,gamma_omega,4.211439107534239,4.211439112876109,1.2684191605312485e-09
fine,-0.16296874999999988,0.1370312500000001,alpha,15.98081517500083,15.980847428776634,2.018281010802393e-06
fine,-0.16296874999999988,0.1370312500000001,beta,-0.8105984032335712,-0.8106118366328934,1.3433399322138051e-05
fine,-0.16296874999999988,0.1370312500000001,gamma_ll,129.3169781158055,129.31589814798326,8.351322757345896e-06
fine,-0.16296874999999988,0.1370312500000001,gamma_omega,4.201758589693771,4.201758595146763,1.297787990301935e-09
fine,-0.06781250000000005,-0.36781250000000004,alpha,15.737915943101841,15.738051774034721,8.630808130576597e-06
fine,-0.06781250000000005,-0.36781250000000004,beta,-0.8293863307727002,-0.82939364987437,7.319101669844841e-06
fine,-0.06781250000000005,-0.36781250000000004,gamma_ll,123.03110850932404,123.0322426179326,9.218063807559084e-06
fine,-0.06781250000000005,-0.36781250000000004,gamma_omega,4.345693545122052,4.345693547781502,6.119735599981153e-10
fine,-0.06781250000000005,-0.06781250000000005,alpha,5.071149292257601,5.071143843921649,1.074378930332863e-06
fine,-0.06781250000000005,-0.06781250000000005,beta,-1.54047393675903,-1.5404751125050593,7.632365606109579e-07
fine,-0.06781250000000005,-0.06781250000000005,gamma_ll,7.603849114151387,7.603820339330642,3.7842440471563944e-06
fine,-0.06781250000000005,-0.06781250000000005,gamma_omega,4.183744853399923,4.183744857251199,9.205331294596935e-10
fine,-0.06781250000000005,0.23218749999999994,alpha,15.748086660418858,15.748007824835716,5.006041993699649e-06
fine,-0.06781250000000005,0.23218749999999994,beta,-0.6890212456909908,-0.6890298651507544,8.619459763603565e-06
fine,-0.06781250000000005,0.23218749999999994,gamma_ll,124.94808376688405,124.94563475081901,1.9600269097460768e-05
fine,-0.06781250000000005,0.23218749999999994,gamma_omega,4.245057181855574,4.245057185126853,7.706087855045193e-10
fine,0.02734375,-0.27265625,alpha,15.406314360015653,15.406378371663248,4.1548968883228444e-06
fine,0.02734375,-0.27265625,beta,-0.6713294400327489,-0.6713302694172727,8.293845238371844e-07
fine,0.02734375,-0.27265625,gamma_ll,118.8484773508371,118.84932952462519,7.170254151209531e-06
fine,0.02734375,-0.27265625,gamma_omega,4.2698885553059975,4.2698885558869435,1.3605646856625344e-10
fine,0.02734375,0.02734375,alpha,5.03332016651692,5.033318824997938,2.6652764730669383e-07
fine,0.02734375,0.02734375,beta,-1.2455823225264195,-1.2455824989086317,1.4160622624399875e-07
fine,0.02734375,0.02734375,gamma_ll,7.451307423818449,7.45130211326798,7.127004922292354e-07
fine,0.02734375,0.02734375,gamma_omega,4.178455514410977,4.178455515076511,1.5927737027905024e-10
fine,0.02734375,0.32734375,alpha,15.400114243959456,15.400058308764192,3.6321285918437896e-06
fine,0.02734375,0.32734375,beta,-0.5597177635742543,-0.5597191758188168,1.412244562515319e-06
fine,0.02734375,0.32734375,gamma_ll,118.11928995811154,118.11819032079129,9.30954902151552e-06
fine,0.02734375,0.32734375,gamma_omega,4.310477598420127,4.310477598866539,1.0356434669355362e-10
fine,0.12250000000000005,-0.17749999999999994,alpha,14.963993152016597,14.963936573331255,3.780988454577112e-06
fine,0.12250000000000005,-0.17749999999999994,beta,-0.5177466228362794,-0.5177480203822492,1.397545969838987e-06
fine,0.12250000000000005,-0.17749999999999994,gamma_ll,111.96516822988522,111.96406706058887,9.834927359613694e-06
fine,0.12250000000000005,-0.17749999999999994,gamma_omega,4.216058647032697,4.216058647694631,1.5700294384998826e-10
fine,0.12250000000000005,0.12250000000000005,alpha,4.978018058189035,4.978016889507506,2.3476843909922759e-07
fine,0.12250000000000005,0.12250000000000005,beta,-0.9579254467903305,-0.9579256156481627,1.6885783216125105e-07
fine,0.12250000000000005,0.12250000000000005,gamma_ll,7.224134579330997,7.224128878490391,7.89138206549371e-07
fine,0.12250000000000005,0.12250000000000005,gamma_omega,4.19553741804433,4.195537418788954,1.7747998501415482e-10
fine,0.12250000000000005,0.42250000000000004,alpha,14.973192395973589,14.97325719275547,4.32751948735067e-06
fine,0.12250000000000005,0.42250000000000004,beta,-0.433226315980759,-0.43322708848502356,7.725042645567726e-07
fine,0.12250000000000005,0.42250000000000004,gamma_ll,108.91967439117755,108.92048194599343,7.414223558714445e-06
fine,0.12250000000000005,0.42250000000000004,gamma_omega,4.397661321734614,4.397661322222907,1.1103469000826007e-10
fine,0.2176562500000001,-0.08234374999999988,alpha,14.381686466309958,14.38161244158759,5.147151729475249e-06
fine,0.2176562500000001,-0.08234374999999988,beta,-0.3808387813546284,-0.38084288604923616,4.104694607764969e-06
fine,0.2176562500000001,-0.08234374999999988,gamma_ll,102.73992653351982,102.737985129313,1.889629740181257e-05
fine,0.2176562500000001,-0.08234374999999988,gamma_omega,4.184371724163686,4.184371728062272,9.317017224186695e-10
fine,0.2176562500000001,0.2176562500000001,alpha,4.9063775623865675,4.906370838961145,1.3703440750608292e-06
fine,0.2176562500000001,0.2176562500000001,beta,-0.7013150784897108,-0.701315645623693,5.671339822210797e-07
fine,0.2176562500000001,0.2176562500000001,gamma_ll,6.925077275623423,6.925051622568663,3.7043709028120867e-06
fine,0.2176562500000001,0.2176562500000001,gamma_omega,4.234835254122935,4.234835257666663,8.368042119887204e-10
fine,0.2176562500000001,0.5176562500000002,alpha,14.536647296439474,14.536766254083567,8.18329300193374e-06
fine,0.2176562500000001,0.5176562500000002,beta,-0.31988007089684484,-0.31988335577166255,3.284874817710559e-06
fine,0.2176562500000001,0.5176562500000002,gamma_ll,97.76581387658105,97.7666548802196,8.602226128012663e-06
fine,0.2176562500000001,0.5176562500000002,gamma_omega,4.506116932374783,4.506116934088796,3.8037471226538547e-10
fine,0.31281250000000016,0.012812500000000171,alpha,13.669029529498943,13.66905985200943,2.2183367460616887e-06
fine,0.31281250000000016,0.012812500000000171,beta,-0.2711308979877583,-0.27113439915244275,3.501164684449609e-06
fine,0.31281250000000016,0.012812500000000171,gamma_ll,91.85115276834827,91.85048585767103,7.260776344540836e-06
fine,0.31281250000000016,0.012812500000000171,gamma_omega,4.17486497440019,4.174864980154915,1.378421753052818e-09
fine,0.31281250000000016,0.31281250000000016,alpha,4.8266037733355365,4.8265951853689115,1.7792980381764754e-06
fine,0.31281250000000016,0.31281250000000016,beta,-0.4958820945960543,-0.4958825949281615,5.003321071894717e-07
fine,0.31281250000000016,0.31281250000000016,gamma_ll,6.568883273080449,6.568851697839611,4.806789757912613e-06
fine,0.31281250000000016,0.31281250000000016,gamma_omega,4.296061816709176,4.296061821028705,1.0054626323288715e-09
fine,0.31281250000000016,0.6128125000000002,alpha,14.167269934380826,14.16731535130099,3.205763733916449e-06
fine,0.31281250000000016,0.6128125000000002,beta,-0.22868757671053083,-0.22869105257613384,3.475865603008721e-06
fine,0.31281250000000016,0.6128125000000002,gamma_ll,85.37561586168998,85.37517145549485,5.2053058785417465e-06
fine,0.31281250000000016,0.6128125000000002,gamma_omega,4.6352054438270365,4.63520544517502,2.908142827804898e-10
fine,0.40796875,0.10796875,alpha,12.893345497248001,12.893446405692652,7.826397320413469e-06
fine,0.40796875,0.10796875,beta,-0.19574507642518885,-0.1957468528253433,1.7764001544462449e-06
fine,0.40796875,0.10796875,gamma_ll,80.6004711759305,80.60105076941831,7.190944163943674e-06
fine,0.40796875,0.10796875,gamma_omega,4.187435820708852,4.187435824928478,1.0076874265586644e-09
fine,0.40796875,0.40796875,alpha,4.767489709975723,4.7674829120012,1.425902295841295e-06
fine,0.40796875,0.40796875,beta,-0.354400435762398,-0.35440075633126317,3.205688651752858e-07
fine,0.40796875,0.40796875,gamma_ll,6.224063538262603,6.224039276461188,3.898064546716985e-06
fine,0.40796875,0.40796875,gamma_omega,4.378782874552159,4.378782877118587,5.86105324827553e-10
fine,0.40796875,0.70796875,alpha,13.92304158096702,13.922990447575296,3.672573368836878e-06
fine,0.40796875,0.70796875,beta,-0.1658992872691568,-0.16590138142530103,2.0941561442444634e-06
fine,0.40796875,0.70796875,gamma_ll,73.00295487698071,73.0016797686992,1.746652972681811e-05
fine,0.40796875,0.70796875,gamma_omega,4.784122376365046,4.7841223766317045,5.573826799296768e-11
fine,0.503125,0.20312500000000006,alpha,12.386614219676394,12.38667152831311,4.6266587220519046e-06
fine,0.503125,0.20312500000000006,beta,-0.1553374001690538,-0.15533765232503163,2.521559778201343e-07
fine,0.503125,0.20312500000000006,gamma_ll,73.41166591924059,73.41224697130542,7.914982687768795e-06
fine,0.503125,0.20312500000000006,gamma_omega,4.221826949794465,4.221826950770966,2.3129812513027918e-10
fine,0.503125,0.503125,alpha,4.869470766756271,4.869468430374175,4.7980205810897e-07
fine,0.503125,0.503125,beta,-0.2754815665102931,-0.27548164724587537,8.073558227517097e-08
fine,0.503125,0.503125,gamma_ll,6.321363043612351,6.321355018395279,1.2695390245503334e-06
fine,0.503125,0.503125,gamma_omega,4.4823964978039585,4.482396498251815,9.991460213879945e-11
fine,0.503125,0.8031250000000001,alpha,14.028568460900415,14.02851420450258,3.867564818618673e-06
fine,0.503125,0.8031250000000001,beta,-0.13242885810556917,-0.1324294108530183,5.527474491173745e-07
fine,0.503125,0.8031250000000001,gamma_ll,64.46797754353231,64.4672709148559,1.0960925149766252e-05
fine,0.503125,0.8031250000000001,gamma_omega,4.95187693425788,4.951876934151131,2.1557336238877364e-11
fine,0.5982812500000001,0.2982812500000001,alpha,13.769698864166816,13.76967029259289,2.074959968854552e-06
fine,0.5982812500000001,0.2982812500000001,beta,-0.13719742666462803,-0.13719761940203964,1.9273741161396352e-07
fine,0.5982812500000001,0.2982812500000001,gamma_ll,91.23278071394745,91.23229771998129,5.2940835780662534e-06
fine,0.5982812500000001,0.2982812500000001,gamma_omega,4.277604185303736,4.277604185643548,7.943973298750198e-11
fine,0.5982812500000001,0.5982812500000001,alpha,5.856795636622916,5.856796869568385,2.105153646759359e-07
fine,0.5982812500000001,0.5982812500000001,beta,-0.22881057277233763,-0.2288105387867382,3.3985599418029366e-08
fine,0.5982812500000001,0.5982812500000001,gamma_ll,9.63729446357685,9.637300122461944,5.871860733568126e-07
fine,0.5982812500000001,0.5982812500000001,gamma_omega,4.606106317366823,4.606106317521174,3.351012500671167e-11
fine,0.5982812500000001,0.8982812500000001,alpha,16.045380626571863,16.04542540948847,2.7910161590601964e-06
fine,0.5982812500000001,0.8982812500000001,beta,-0.11797535490244167,-0.11797537684955012,2.194710845004888e-08
fine,0.5982812500000001,0.8982812500000001,gamma_ll,76.29757362285935,76.297999807101,5.585816447499416e-06
fine,0.5982812500000001,0.8982812500000001,gamma_omega,5.137269226317919,5.137269226278658,7.642394652647833e-12
fine,0.6934374999999999,0.39343749999999994,alpha,17.843227359113147,17.843050145475438,9.931703169083006e-06
fine,0.6934374999999999,0.39343749999999994,beta,-0.12537389490462036,-0.1253748060646438,9.111600234312789e-07
fine,0.6934374999999999,0.39343749999999994,gamma_ll,154.424571594471,154.42087376815536,2.394584150338921e-05
fine,0.6934374999999999,0.39343749999999994,gamma_omega,4.354126071502741,4.3541260738347285,5.355811700885165e-10
fine,0.6934374999999999,0.6934374999999999,alpha,8.316706194787216,8.3166887166527,2.101569311869936e-06
fine,0.6934374999999999,0.6934374999999999,beta,-0.1922371543454391,-0.192237326608219,1.7226277990167738e-07
fine,0.6934374999999999,0.6934374999999999,gamma_ll,21.075914046036058,21.07580481496299,5.182744284768812e-06
fine,0.6934374999999999,0.6934374999999999,gamma_omega,4.748888640672068,4.7488886411791995,1.0678945418062867e-10
fine,0.6934374999999999,0.9934375,alpha,20.382522720017064,20.382553696635433,1.519763711025688e-06
fine,0.6934374999999999,0.9934375,beta,-0.1092048025909968,-0.10920540502525788,6.024342610877476e-07
fine,0.6934374999999999,0.9934375,gamma_ll,119.28507396521587,119.28511639488883,3.5569976652284717e-07
fine,0.6934374999999999,0.9934375,gamma_omega,5.338867453097968,5.33886745205478,1.953949536231626e-10
fine,0.78859375,0.48859375,alpha,17.941316532760936,17.941217859739197,5.499764833811507e-06
fine,0.78859375,0.48859375,beta,-0.12597193744460677,-0.12597304332246675,1.1058778599803976e-06
fine,0.78859375,0.48859375,gamma_ll,150.80707977686174,150.80466017497884,1.6044352072104422e-05
fine,0.78859375,0.48859375,gamma_omega,4.450504509681407,4.4505045122965186,5.875989288560338e-10
fine,0.78859375,0.78859375,alpha,9.19223691983765,9.19222637424794,1.1472277968774036e-06
fine,0.78859375,0.78859375,beta,-0.18720955201657466,-0.18720965163679154,9.962021688125766e-08
fine,0.78859375,0.78859375,gamma_ll,23.887552081848902,23.887480402537292,3.000697240310808e-06
fine,0.78859375,0.78859375,gamma_omega,4.909454359282727,4.909454358950871,6.759535702252256e-11
fine,0.78859375,1.08859375,alpha,19.30275742201921,19.302702628339592,2.8386451955402473e-06
fine,0.78859375,1.08859375,beta,-0.11112686995521648,-0.11112791873246924,1.0487772527656425e-06
fine,0.78859375,1.08859375,gamma_ll,108.1586048823996,108.15753836330269,9.860695763123685e-06
fine,0.78859375,1.08859375,gamma_omega,5.5549885845184575,5.554988581913766,4.688923359441273e-10
fine,0.88375,0.58375,alpha,15.850964357020585,15.850976642342603,7.750520247000539e-07
fine,0.88375,0.58375,beta,-0.1324944777985093,-0.13249524575647725,7.679579679398252e-07
fine,0.88375,0.58375,gamma_ll,110.23821850222849,110.23798165961597,2.1484619013341897e-06
fine,0.88375,0.58375,gamma_omega,4.565557046135807,4.565557047537469,3.070078598286524e-10
fine,0.88375,0.88375,alpha,8.81756184584046,8.81755311125698,9.905894205583146e-07
fine,0.88375,0.88375,beta,-0.19485063767174823,-0.19485072300801562,8.533626738582711e-08
fine,0.88375,0.88375,gamma_ll,19.531097270069544,19.53105096167554,2.3710083137895955e-06
fine,0.88375,0.88375,gamma_omega,5.086208572654621,5.086208571755849,1.7670760270116037e-10
fine,0.88375,1.18375,alpha,15.483521326012719,15.483410816954272,7.1372045234104235e-06
fine,0.88375,1.18375,beta,-0.11844362869506572,-0.1184446239207359,9.952256701806217e-07
fine,0.88375,1.18375,gamma_ll,73.65775548404955,73.65637008057509,1.8808657219513895e-05
fine,0.88375,1.18375,gamma_omega,5.783688532464591,5.78368852986035,4.502734288786628e-10
fine,0.9789062500000001,0.67890625,alpha,13.770258114903317,13.770293997752804,2.605822576962253e-06
fine,0.9789062500000001,0.67890625,beta,-0.14070965806099814,-0.14070980970171834,1.5164072020290575e-07
fine,0.9789062500000001,0.67890625,gamma_ll,75.72879827875626,75.72913059416449,4.388230313734632e-06
fine,0.9789062500000001,0.67890625,gamma_omega,4.697754086897869,4.697754087162218,5.6271260301304765e-11
fine,0.9789062500000001,0.9789062500000001,alpha,8.07701694599641,8.077014006514739,3.639315964121627e-07
fine,0.9789062500000001,0.9789062500000001,beta,-0.20533117512289728,-0.20533120765124518,3.2528347904126065e-08
fine,0.9789062500000001,0.9789062500000001,gamma_ll,15.016936949646109,15.016924757945509,8.118633407774293e-07
fine,0.9789062500000001,0.9789062500000001,gamma_omega,5.277214401008932,5.277214400593354,7.874946189789372e-11
fine,0.9789062500000001,1.2789062500000001,alpha,11.935590503970023,11.935537780292991,4.417349691564501e-06
fine,0.9789062500000001,1.2789062500000001,beta,-0.127814331129772,-0.12781472922899997,3.980992279717377e-07
fine,0.9789062500000001,1.2789062500000001,gamma_ll,46.8586497305026,46.85812957276016,1.1100570448090822e-05
fine,0.9789062500000001,1.2789062500000001,gamma_omega,6.02277144730792,6.022771446376416,1.5466364134230333e-10
fine,1.0740625000000001,0.7740625000000001,alpha,11.947257222178047,11.947244458561435,1.068330276502992e-06
fine,1.0740625000000001,0.7740625000000001,beta,-0.14989699017717065,-0.1498970559243507,6.57471800613596e-08
fine,1.0740625000000001,0.7740625000000001,gamma_ll,50.94400847989283,50.943881867807725,2.4853184679058013e-06
fine,1.0740625000000001,0.7740625000000001,gamma_omega,4.845169310538933,4.8451693105679805,5.995223975581066e-12
fine,1.0740625000000001,1.0740625000000001,alpha,7.150814847200624,7.150814632290806,3.005389211352897e-08
fine,1.0740625000000001,1.0740625000000001,beta,-0.21676012360863908,-0.21676012632320812,2.7145690417729185e-09
fine,1.0740625000000001,1.0740625000000001,gamma_ll,11.36696042239516,11.366959666506643,6.649873740518533e-08
fine,1.0740625000000001,1.0740625000000001,gamma_omega,5.480173249191559,5.480173249166547,4.5640879110646775e-12
fine,1.0740625000000001,1.3740625000000002,alpha,9.20482594241442,9.204832400712565,7.016208873003612e-07
fine,1.0740625000000001,1.3740625000000002,beta,-0.13886701777908492,-0.1388670034304023,1.4348682603193552e-08
fine,1.0740625000000001,1.3740625000000002,gamma_ll,28.994168799456222,28.99421416094494,1.5645038500713094e-06
fine,1.0740625000000001,1.3740625000000002,gamma_omega,6.269832633943761,6.269832633878197,1.045698640031863e-11
fine,1.1692187500000002,0.8692187500000002,alpha,10.313422582446258,10.313369595323502,5.1376856064678625e-06
fine,1.1692187500000002,0.8692187500000002,beta,-0.15957420864742056,-0.1595748294687801,6.20821359542667e-07
fine,1.1692187500000002,0.8692187500000002,gamma_ll,33.99373776761457,33.99326981699784,1.376578886174948e-05
fine,1.1692187500000002,0.8692187500000002,gamma_omega,5.005449860346587,5.005449860055797,5.8094778871305246e-11
fine,1.1692187500000002,1.1692187500000002,alpha,6.190380808213911,6.190377802827486,4.854929798617867e-07
fine,1.1692187500000002,1.1692187500000002,beta,-0.22782160195614629,-0.22782165969401988,5.773787359331095e-08
fine,1.1692187500000002,1.1692187500000002,gamma_ll,8.588506371916266,8.588496175130429,1.1872595065385428e-06
fine,1.1692187500000002,1.1692187500000002,gamma_omega,5.692442275140773,5.6924422737890845,2.374531832809712e-10
fine,1.1692187500000002,1.4692187500000002,alpha,7.236489207026989,7.236498089728711,1.227487731633535e-06
fine,1.1692187500000002,1.4692187500000002,beta,-0.1512687910110071,-0.1512689987431889,2.0773218178948838e-07
fine,1.1692187500000002,1.4692187500000002,gamma_ll,17.718347155163322,17.718372998962337,1.4585897199761722e-06
fine,1.1692187500000002,1.4692187500000002,gamma_omega,6.522355239864642,6.5223552376226905,3.437334261745975e-10
fine,1.2643749999999998,0.9643749999999998,alpha,8.822647556079298,8.822617485824424,3.4083028573252896e-06
fine,1.2643749999999998,0.9643749999999998,beta,-0.16833561121041526,-0.16833637145334096,7.602429256958754e-07
fine,1.2643749999999998,0.9643749999999998,gamma_ll,22.841885218279156,22.841635139888876,1.0948237761050737e-05
fine,1.2643749999999998,0.9643749999999998,gamma_omega,5.175834960371363,5.175834958716706,3.196888750597603e-10
fine,1.2643749999999998,1.2643749999999998,alpha,5.354445703176871,5.354442581081384,5.830847225095321e-07
fine,1.2643749999999998,1.2643749999999998,beta,-0.2358392994219322,-0.23583939178960084,9.236766862485979e-08
fine,1.2643749999999998,1.2643749999999998,gamma_ll,6.590720918920653,6.5907097919043105,1.6882851631830674e-06
fine,1.2643749999999998,1.2643749999999998,gamma_omega,5.911120432073949,5.911120428615611,5.850563432430436e-10
fine,1.2643749999999998,1.5643749999999998,alpha,5.851175035183813,5.851168326274058,1.1465918750520148e-06
fine,1.2643749999999998,1.5643749999999998,beta,-0.16351368047580936,-0.16351413579261312,4.5531680376020844e-07
fine,1.2643749999999998,1.5643749999999998,gamma_ll,10.897992929868657,10.897937699612664,5.067929145205182e-06
fine,1.2643749999999998,1.5643749999999998,gamma_omega,6.777885575696661,6.777885570670073,7.416159477107908e-10
fine,1.3595312499999999,1.0595312499999998,alpha,7.51692952032339,7.516930752851579,1.6396697421617545e-07
fine,1.3595312499999999,1.0595312499999998,beta,-0.1727959543691425,-0.17279636962887043,4.1525972793721166e-07
fine,1.3595312499999999,1.0595312499999998,gamma_ll,15.868981254500751,15.868953969813871,1.7193723051305877e-06
fine,1.3595312499999999,1.0595312499999998,gamma_omega,5.353265735760406,5.353265733552088,4.125179062525329e-10
fine,1.3595312499999999,1.3595312499999999,alpha,4.740884045079867,4.740882264474928,3.755850010501748e-07
fine,1.3595312499999999,1.3595312499999999,beta,-0.23559828689355383,-0.23559836064880169,7.375524785357968e-08
fine,1.3595312499999999,1.3595312499999999,gamma_ll,5.296407566209914,5.296400800797734,1.2773586804331357e-06
fine,1.3595312499999999,1.3595312499999999,gamma_omega,6.133243961592189,6.133243957847753,6.105147448765294e-10
fine,1.3595312499999999,1.65953125,alpha,4.887091183620382,4.887078283424267,2.6396471091271792e-06
fine,1.3595312499999999,1.65953125,beta,-0.17189452217455248,-0.17189500561728877,4.834427362876426e-07
fine,1.3595312499999999,1.65953125,gamma_ll,6.93982507567033,6.939764374304003,8.746815037167762e-06
fine,1.3595312499999999,1.65953125,gamma_omega,7.03431156332471,7.034311558333474,7.095557005293049e-10
fine,1.4546875,1.1546874999999999,alpha,6.448622068797802,6.44863069930746,1.3383494279993121e-06
fine,1.4546875,1.1546874999999999,beta,-0.1673624298036445,-0.1673624709580962,4.1154451707603457e-08
fine,1.4546875,1.1546874999999999,gamma_ll,11.887448605514047,11.887473500594611,2.0942324455214047e-06
fine,1.4546875,1.1546874999999999,gamma_omega,5.534638703782621,5.534638702261487,2.74838796684107e-10
fine,1.4546875,1.4546875,alpha,4.349034916258779,4.349035220138751,6.987296689768299e-08
fine,1.4546875,1.4546875,beta,-0.2197358781270673,-0.2197358899834517,1.1856384402042508e-08
fine,1.4546875,1.4546875,gamma_ll,4.6592666316295075,4.659263873259524,5.920180580278608e-07
fine,1.4546875,1.4546875,gamma_omega,6.356132483950849,6.356132481836434,3.326573866524905e-10
fine,1.4546875,1.7546875,alpha,4.198368337780392,4.198363263820964,1.208555091022989e-06
fine,1.4546875,1.7546875,beta,-0.1703362330507293,-0.17033640696762303,1.7391689371981656e-07
fine,1.4546875,1.7546875,gamma_ll,4.737689580192883,4.737667075168353,4.750210867204445e-06
fine,1.4546875,1.7546875,gamma_omega,7.290255921222932,7.290255918781187,3.3493262934632293e-10
fine,1.54984375,1.24984375,alpha,5.314086343882259,5.314086120481637,4.2039328680218e-08
fine,1.54984375,1.24984375,beta,-0.14723431420454167,-0.14723431852660224,4.322060570549624e-09
fine,1.54984375,1.24984375,gamma_ll,9.870566483667329,9.870565137966011,1.3633476049391106e-07
fine,1.54984375,1.24984375,gamma_omega,5.717246471068546,5.717246471067095,2.5384309477194214e-13
fine,1.54984375,1.54984375,alpha,3.8742207170435896,3.874220747305627,7.81112887744198e-09
fine,1.54984375,1.54984375,beta,-0.18471201700421347,-0.18471201693345687,7.07565950275324e-11
fine,1.54984375,1.54984375,gamma_ll,4.547660079600432,4.54766007496979,1.0182470912192278e-09
fine,1.54984375,1.54984375,gamma_omega,6.577903616885223,6.577903616882302,4.440957168930017e-13
fine,1.54984375,1.84984375,alpha,3.461621291018114,3.4616213902586015,2.8668788131420277e-08
fine,1.54984375,1.84984375,beta,-0.15343719579343154,-0.15343719362170707,2.1717244669261504e-09
fine,1.54984375,1.84984375,gamma_ll,3.5111962660877265,3.5111964939630935,6.48996381151623e-08
fine,1.54984375,1.84984375,gamma_omega,7.545560506739132,7.545560506733576,7.362681685823704e-13
fine,1.645,1.345,alpha,3.3391254298645903,3.3391217657326266,1.0973328317797337e-06
fine,1.645,1.345,beta,-0.11568473664214356,-0.11568484146989205,1.0482774849551735e-07
fine,1.645,1.345,gamma_ll,8.386118918249922,8.386095130186423,2.836599830189002e-06
fine,1.645,1.345,gamma_omega,5.899401271435199,5.899401268761102,4.5328269374324094e-10
fine,1.645,1.645,alpha,2.5886984266781936,2.5886976090323732,3.158520946113684e-07
fine,1.645,1.645,beta,-0.13941512347023968,-0.1394151492957356,2.5825495908460283e-08
fine,1.645,1.645,gamma_ll,4.374986145725831,4.374984593464692,3.548036696523258e-07
fine,1.645,1.645,gamma_omega,6.7981113611231905,6.7981113579505035,4.667012400165175e-10
fine,1.645,1.945,alpha,2.170718103758416,2.170717826172063,1.2787766063868538e-07
fine,1.645,1.945,beta,-0.12309680403147139,-0.1230967720140775,3.201739388891678e-08
fine,1.645,1.945,gamma_ll,2.671127576608342,2.6711280270253734,1.6862430502101752e-07
fine,1.645,1.945,gamma_omega,7.801774871776337,7.801774868798517,3.8168502753096745e-10
