s,l,required_negative_null,worst_direction_cosine,geometry_rho,geometry_pr,geometry_j,geometry_pt,endpoint_rho,endpoint_pr,endpoint_j,endpoint_pt,supply_rho,supply_pr,supply_j,supply_pt
0.0,-2.1,0.03367332546287659,-1.0,0.002333737565835256,-0.006417215729627872,-0.0001456821854782704,0.008657957029985196,0.0,0.0,0.0,0.0,0.023871868738646346,0.005426614189243028,1.19028364370073e-13,0.005426614456633173
0.0,-2.0875,0.027076465146170157,-1.0,0.0025980748332075005,-0.006265975606407043,-0.00013378793518045853,0.007611124201722828,-1.173860135462144e-06,-1.0098856985411383e-06,-7.777730804066477e-08,4.854600423707438e-06,0.019147093953219518,0.003996233849585765,1.2725212982808527e-13,0.003996234119686824
0.0,-2.075,0.021651247406242847,-1.0,0.002841817841495997,-0.006127225417215066,-0.00012253020234117716,0.006670137958059636,-8.535179333010051e-06,-7.331616886359078e-06,-5.691050858228303e-07,3.5079012750955945e-05,0.015289145483725045,0.0028486389482465535,1.3042062533091288e-13,0.0028486392210905482
0.0,-2.0625,0.017222346649407083,-1.0,0.0030659503660693636,-0.006000792877586352,-0.00011192378195276084,0.005827792364113965,-2.5976073671665695e-05,-2.2284932536154e-05,-1.74077366577442e-06,0.00010620112927527803,0.012173184781440966,0.001942214345826083,1.2844712410777987e-13,0.001942214621445649
0.0,-2.0500000000000003,0.013903586997012572,-1.0,0.003271542309311806,-0.005886389320971209,-0.00010197523445382647,0.005076785619546259,-5.5071537324446915e-05,-4.7198091033048244e-05,-3.7049813931887997e-06,0.00022417622416252367,0.009964365418919987,0.0012301036884197732,1.2481521134669614e-13,0.0013830056864329843
0.0,-2.0375,0.011517991283816365,-1.0,0.003459723708155112,-0.005783627887950775,-9.268360466907976e-05,0.004409843481239693,-9.538582540993106e-05,-8.168465619163042e-05,-6.435421196576705e-06,0.0003869076985125558,0.008537720357105039,0.0006609408613284918,1.2186259079987156e-13,0.0011342983664712502
0.0,-2.025,0.009466537054477243,-1.0,0.003631660485442828,-0.005692041154173044,-8.404121569614999e-05,0.003819823618191601,-0.00014486111481558185,-0.00012398262739446932,-9.791672946417515e-06,0.0005859557313032916,0.007324234434877616,0.00020226660734996068,1.1501821379399053e-13,0.0009279384916537205
0.0,-2.0125,0.008540308439599398,-1.0,0.0037885330750679702,-0.0056110985809793585,-7.603450918957283e-05,0.0032998014165130547,-0.00020026005099254632,-0.000171333805348339,-1.3549214229329038e-05,0.0008083570472909951,0.007152905410709829,-0.00018853921084002604,1.1930184178959014e-13,0.0011998967071744663
0.0,-2.0,0.007741150333242919,-1.0,0.003931517468198844,-0.005540222780492233,-6.864490599528539e-05,0.0028431382136737187,-0.00025763611417945864,-0.0002203830522917813,-1.743259645539714e-05,0.0010384844099036055,0.0070586749342203,-0.0005506353661222461,1.2146975723138545e-13,0.0014874151080348941
0.0,-1.9875,0.007137777002941701,-1.0,0.004061769103138422,-0.0054788046497589405,-6.184966406942809e-05,0.002443533276420805,-0.00031280806397061405,-0.0002675788728250186,-2.1149567507127944e-05,0.0012598798441267578,0.007114512046409938,-0.0008947838466633676,1.228222409504608e-13,0.0018325805558206862
0.0,-1.975,0.0065636607270824245,-1.0,0.004180409434054272,-0.005426217005925765,-5.562271202265144e-05,0.002095061062681076,-0.000361817046601799,-0.00030955850887069215,-2.4424156429214138e-05,0.0014570009913454235,0.007155640885083279,-0.0012288092858264137,1.1984156667317735e-13,0.0021571615868416247
0.0,-1.9625000000000001,0.0060143630324064655,-1.0,0.004288515162128101,-0.0053818266642050964,-4.9935442037524486e-05,0.001792195444529166,-0.0004013472747848308,-0.000343502509611236,-2.702696994902383e-05,0.0016168253950667013,0.007174610296067253,-0.0015545259257424384,1.1186074600766164e-13,0.002458605055739582
0.0,-1.9500000000000002,0.005500548317666583,-1.0,0.004387110055161066,-0.005345004968658351,-4.4757447286936675e-05,0.0015298226094682594,-0.00042909351537977056,-0.00036744550458615426,-2.8801184908449044e-05,0.0017302629134125337,0.007180519418808765,-0.0018732395196274748,9.847835855117532e-14,0.0027423943837924804
0.0,-1.9375,0.005880655058740356,-0.013012678630985885,0.004477158703934794,-0.005315136317698588,-4.005719416661914e-05,0.0013032443519060168,-0.00044406094565160105,-0.00038053167546984714,-2.9682954978471215e-05,0.0017933318512339668,0.007258467253260538,-0.002188573056560368,8.051516631217213e-14,0.003053184959096619
0.0,-1.925,0.006567913163101809,-0.0035446483373359626,0.004559562882615446,-0.005291625629604002,-3.580262193996018e-05,0.0011081733930072462,-0.00044678526431601135,-0.00038320518938804617,-2.9715184318525984e-05,0.001808059801661571,0.007455896394543979,-0.0025074372180713383,5.664670394107009e-14,0.0034184569290091173
0.0,-1.9125,0.0073079035397166665,-0.0011195338688323193,0.004635159036138143,-0.005273903606156516,-3.196166626067582e-05,0.0009407222698910817,-0.00043946326903679395,-0.0003773276239683216,-2.9053855133472653e-05,0.0017830755838696276,0.007723635593757228,-0.002835029925582382,2.306376049959099e-14,0.0038165336817627617
0.0,-1.9000000000000001,0.008545569242572954,-0.00014820473862884164,0.004704718005117572,-0.0052614312831419565,-2.850270557802124e-05,0.0007973872025559231,-0.0004259864374951972,-0.0003662161816575296,-2.7966330371696752e-05,0.001733864060794624,0.008344770173020872,-0.003182861669640906,-2.639320548608299e-14,0.00439502657443281
0.0,-1.8875000000000002,0.009240121730952455,0.0003044588559050093,0.004768945393660384,-0.005253702664679093,-2.539493163741136e-05,0.0006750282079504458,-0.0004107764444752514,-0.00035365459757504653,-2.6749976346443174e-05,0.0016781822305873472,0.008616059990242552,-0.0035469313185499183,-9.65269382251018e-14,0.004800629143653247
0.0,-1.875,0.009781549902938731,0.000551051002650126,0.004828483396093774,-0.0052502466557285835,-2.2608647584884044e-05,0.0005708465746137839,-0.0003948872864968522,-0.00034054127728515483,-2.5476836638248204e-05,0.0016201946108887744,0.00879971193005022,-0.003909441635662658,-1.8857061236491056e-13,0.005155859038685589
0.0,-1.8625,0.010307078322210573,0.0006815884502968735,0.004883913270124064,-0.005250627862554454,-2.011549873876643e-05,0.00048236066560936746,-0.00037839925795542923,-0.0003269384752917999,-2.4154634664041048e-05,0.001560113638479089,0.008986743529148123,-0.004267108021457188,-3.091477335085308e-13,0.005504891595243617
0.0,-1.85,0.010822852231359812,0.0007406786764411975,0.004935758484661719,-0.005254446652765733,-1.7888641492039334e-05,0.00040738086519760485,-0.0003613926532464115,-0.00031290844609892666,-2.2791093840750823e-05,0.0014981517501384684,0.00917976935668398,-0.004620173701106436,-4.677781020467391e-13,0.005849459496500837
0.0,-1.8375000000000001,0.011334684212178293,0.0007534301981259008,0.004984488130719138,-0.005261338395428342,-1.590285763071016e-05,0.00034398434621129106,-0.0003439477667652282,-0.00029851344421047996,-2.1393937585306685e-05,0.001434521382647093,0.009381262742247293,-0.004969079689054754,-6.757767575360447e-13,0.006191316193833599
0.0,-1.8250000000000002,0.011848074109238412,0.0007351895882170231,0.0050305208410209995,-0.005270972423623562,-1.4134620536244917e-05,0.00029049020685782245,-0.00032614489290730853,-0.00028381572413040465,-1.9970889314637773e-05,0.001369434972785143,0.009593563615871967,-0.005314440125273061,-9.505029907346855e-13,0.006532227170602695
0.0,-1.8125,0.012369022121432592,0.0006959436645927935,0.005074228624588967,-0.005283050385897337,-1.2562120738410656e-05,0.00024543540441453757,-0.0003080643260680812,-0.0002688775403626457,-1.8529672445673202e-05,0.0013031049573327957,0.00981941038846404,-0.005657036802351493,-1.3130920898237856e-12,0.006874230977626624
0.0,-1.8,0.012901810835810625,0.0006425993489961435,0.005115940808593638,-0.005297304400671625,-1.116525738577696e-05,0.00020755181087607938,-0.0002897863606429758,-0.0002537611474111484,-1.707801039534216e-05,0.0012357437730702338,0.010060461758385321,-0.005997779233124315,-1.7955334642606563e-12,0.007218880484935375
0.0,-1.7875,0.013446180659508042,0.0005801766831451704,0.005155947991636267,-0.0053134951015286844,-9.925602266817775e-06,0.00017574462171567902,-0.0002713886154350447,-0.0002385269969580253,-1.5623308384185327e-05,0.001167562820278445,0.010315453229821513,-0.006337551184703336,-2.435372075093584e-12,0.007566242532517425
0.0,-1.7750000000000001,0.013995097251519756,0.0005123742939508793,0.005194505715049918,-0.005331409430103398,-8.826342243638477e-06,0.00014907227070471232,-0.00025293800687783264,-0.0002232283293980614,-1.4171698847189585e-05,0.0010987693532416608,0.010578780092814448,-0.006676952363861884,-3.2844394187053173e-12,0.00791406105927111
0.0,-1.7625000000000002,0.014536622374238238,0.00044196904172539593,0.0052318380258457265,-0.005350858466751501,-7.852205459745092e-06,0.00012672793636398763,-0.00023449877581250794,-0.00020791658230420954,-1.2728996022953368e-05,0.0010295695897449195,0.010841821260497979,-0.007016051738282711,-4.396903911638058e-12,0.008258294106625168
0.0,-1.75,0.015058876073064525,0.0003709839476358812,0.005268140855280507,-0.005371675311497343,-6.989376053648017e-06,0.00010802267153342798,-0.00021613516308023844,-0.00019264319324942237,-1.1301014150075086e-05,0.0009601697475732611,0.011096259365310968,-0.007354325639915332,-5.844526811943806e-12,0.008594744050523781
0.0,-1.7375,0.015550251916100715,0.0003008665363139234,0.005303585130122275,-0.005393712995810267,-6.225401371457856e-06,9.237014315564501e-05,-0.00019791140952219282,-0.00017745959980665328,-9.893567467153225e-06,0.000890776044511727,0.01133419322683616,-0.007690729119940424,-7.695673940813289e-12,0.008919148223922197
0.0,-1.725,0.015999868351920958,0.00023262253283999794,0.005338319587273901,-0.005416842437900631,-5.549095065081052e-06,7.9272935622738e-05,-0.00017989175597953904,-0.00016241723954885475,-8.512470212786192e-06,0.0008215946983453563,0.011548403154502453,-0.008023778308293854,-1.0035186146023547e-11,0.00922735408859916
0.0,-1.7125000000000001,0.016397854832037005,0.00016692361322860077,0.005372473448737456,-0.005440950622798072,-4.950438914489518e-06,6.831034515875767e-05,-0.0001621404432934453,-0.00014756755004897965,-7.163536625572428e-06,0.0007528319268591887,0.011732504971796214,-0.008351643577411555,-1.2925214628280345e-11,0.00951544180115084
0.0,-1.7000000000000002,0.016735348874295515,0.00010419465007872461,0.005406158705696318,-0.0054659387661892935,-4.420485519943504e-06,5.912757555955629e-05,-0.00014472171230507964,-0.00013296196887998098,-5.852580944110363e-06,0.0006846939478382644,0.011880911171309436,-0.00867224027351066,-1.643028294981773e-11,0.009779751599490377
0.0,-1.6875,0.017010873096039637,4.463510480392716e-05,0.005439472309551988,-0.005491720758568528,-3.951263656162342e-06,5.142623298959294e-05,-0.00012769478268308168,-0.00011864822229533514,-4.584857208307467e-06,0.0006173774097896985,0.01199300443646556,-0.008983458281627995,-2.057285436482585e-11,0.010019084546727609
0.0,-1.675,0.017233669999194616,-1.1790494748358126e-05,0.005472498057671539,-0.005518221667724671,-3.535687544851803e-06,4.495601229868615e-05,-0.00011109878940597808,-0.00010465919127061465,-3.3633786633074836e-06,0.0005510406841089129,0.012075224171777699,-0.009283583509193576,-2.5421165453105818e-11,0.0102359580006529
0.0,-1.6625,0.0176624465579714,-6.47470631964025e-05,0.005505308216357785,-0.005545376326090271,-3.1674709297172947e-06,3.9507464470429186e-05,-9.496784627976625e-05,-9.102404546191523e-05,-2.1905983555631442e-06,0.00048583257291340254,0.012298327110263307,-0.009576967939642104,-3.2912621897188844e-11,0.010518070338655173
0.0,-1.6500000000000001,0.018093912764906364,-0.00011388484956049145,0.00553796511703101,-0.005573128218430285,-2.8410466295369952e-06,3.490573650589012e-05,-7.93360671104438e-05,-7.777195452533276e-05,-1.0689693315272027e-06,0.0004219018783206639,0.012524805942719765,-0.009868829573500161,-4.257814963328028e-11,0.010799411662705372
0.0,-1.6375000000000002,0.0185346561090363,-0.00015907051084573394,0.005570522389636383,-0.0056014283110853375,-2.55149181590077e-06,3.1005178617896426e-05,-6.423756570400858e-05,-6.493208811696322e-05,-9.446376524131653e-10,0.00035939740244819306,0.012758715223649325,-0.010159516236732155,-5.5075702744545753e-11,0.011082308211188987
0.0,-1.625,0.018977743769733643,-0.00020024328500561296,0.005603026169953192,-0.00563023413478169,-2.2944592028146914e-06,2.7684719169775992e-05,-4.9706455866457974e-05,-5.2533615892902304e-05,1.0110226796084868e-06,0.00029846794741348486,0.0129951289282655,-0.010449327792016775,-7.116743593410569e-11,0.011364563577157785
0.0,-1.6125,0.01942013080128465,-0.00023738130647578618,0.005635516058440667,-0.00565950887384296,-2.0661141105017634e-06,2.4843914635223603e-05,-3.57768514037902e-05,-4.060570750924633e-05,1.9644795738027085e-06,0.00023926231533403795,0.013231811999691962,-0.010738312514379261,-9.170964290503582e-11,0.011645192353972506
0.0,-1.6,0.01986097989429529,-0.0002704859582268027,0.005668025999929248,-0.0056892206065655634,-1.8630772254780341e-06,2.239958923204094e-05,-2.2482866122002697e-05,-2.9177532622091023e-05,2.856972998477517e-06,0.00018192930832734705,0.013468045231516106,-0.011026424561047406,-1.1792895328137103e-10,0.011923912533059723
0.0,-1.5875,0.020309970321194214,-0.0002995333668232454,0.005700585139058728,-0.005719341727963325,-1.6823728476424754e-06,2.0282986732718347e-05,-9.855479350916877e-06,-1.827637506155742e-05,3.6863392665514922e-06,0.00012662327881325826,0.013710065148963335,-0.011313801289821802,-1.5158215809170605e-10,0.012204003890496973
0.0,-1.5750000000000002,0.020785513790008956,-0.00032449833694916496,0.0057332183408597085,-0.005749848221951768,-1.5213822930576427e-06,1.8437364686122283e-05,2.0868674843494202e-06,-7.921975353868457e-06,4.451572128428446e-06,7.352078042102379e-05,0.013969729014798702,-0.011601141878622476,-1.958654875993922e-10,0.012491830894700491
0.0,-1.5625,0.021272812267180606,-0.0003455635025793174,0.005765946853992415,-0.005780719239596776,-1.3778021316000978e-06,1.6815968968082065e-05,1.3328867434855936e-05,1.8678118007288902e-06,5.151954693883611e-06,2.280391708224007e-05,0.014236755665704648,-0.011889150110234498,-2.531018775902738e-10,0.012782684383561184
0.0,-1.55,0.02176756448214249,-0.0003628790042826657,0.005798788807692475,-0.005811936655247801,-1.2496068763662672e-06,1.538033377607451e-05,2.3855213551660938e-05,1.107513170198641e-05,5.786770072692117e-06,-2.5345207271489975e-05,0.014508024929442798,-0.012178062167389488,-3.2688447894003067e-10,0.013075196134653227
0.0,-1.5375,0.02226777003778403,-0.0003765913439076535,0.005831759526334527,-0.005843484567023645,-1.1350157786012214e-06,1.409885882076148e-05,3.3650598885823553e-05,1.968212964965661e-05,6.35530137462916e-06,-7.074448870856714e-05,0.014782009704512758,-0.012467956542871864,-4.2135385955215576e-10,0.013368709787619379
0.0,-1.525,0.02277124962012967,-0.0003868531887726415,0.005864872084651621,-0.00587534914883722,-1.032463347413848e-06,1.2945621858225028e-05,4.269971648840282e-05,2.767095094349192e-05,6.8568317094699185e-06,-0.00011321182329739201,0.015057101934720594,-0.012758813598665661,-5.420838962842658e-10,0.013662474446938666
0.0,-1.5125000000000002,0.023275060602009342,-0.0003938247031092127,0.0058981373964417825,-0.005907518132652588,-9.405732405996629e-07,1.1899390133298055e-05,5.098725941045718e-05,3.502374088324426e-05,7.290644186989544e-06,-0.0001525651071063623,0.015331224837417667,-0.013050508342394036,-6.949915275888773e-10,0.013955447157479605
0.0,-1.5,0.02377469120435065,-0.000397676561245066,0.0059315646955091905,-0.005939980767099294,-8.581352049791041e-07,1.0942799462765372e-05,5.849792070304611e-05,4.172264476866646e-05,7.656021916963242e-06,-0.00018862223620388054,0.015601306149629885,-0.013342776901299225,-8.87414677434458e-10,0.01424601347966574
0.0,-1.4875,0.02426661519874067,-0.0003986097913092126,0.005965161575012988,-0.0059727274074558405,-7.840847314862829e-07,1.0061674102451973e-05,6.522354282425639e-05,4.775661738427607e-05,7.953090296081245e-06,-0.00022125281511584032,0.015865005637462327,-0.013635231221041245,-1.1267232553698665e-09,0.014532858600410977
0.0,-1.475,0.024749042842268382,-0.00039695785542053814,0.0059989343625654005,-0.006005749504539806,-7.174851496148463e-07,9.244464489874601e-06,7.118456586028849e-05,5.3141851453653526e-05,8.185343868694116e-06,-0.00025053328219811914,0.01612127779626572,-0.013927438602059963,-1.4228243760112848e-09,0.014815289055912654
0.0,-1.4625,0.025221338439653216,-0.000393059555506316,0.0060328880926782845,-0.006039039245449327,-6.575118839834496e-07,8.481783393238753e-06,7.640857930437109e-05,5.790134918514485e-05,8.35711946606749e-06,-0.0002765917842640903,0.01636987582975518,-0.01421897649190041,-1.7857739756384463e-09,0.015093012148344203
0.0,-1.4500000000000002,0.025685579454065754,-0.00038721050629607015,0.006067026852495764,-0.006072589614592934,-6.034386289013574e-07,7.766023974663346e-06,8.092317264973259e-05,6.205811278709571e-05,8.472753919466998e-06,-0.0002995564681271253,0.016612340963492924,-0.014509492566775929,-2.2304921382508433e-09,0.015366661148987213
0.0,-1.4375,0.02614507820661704,-0.0003796748656906273,0.006101353746108155,-0.006106394113752795,-5.54625221327813e-07,7.091045809602147e-06,8.475593538960191e-05,6.56351444678524e-05,8.53658406015828e-06,-0.0003195554806005984,0.01685099535242532,-0.014798768613420684,-2.7738604958416972e-09,0.01563732374066998
0.0,-1.425,0.02660383108824364,-0.00037069165059732165,0.00613587108227764,-0.0061404467403089425,-5.10507011192885e-07,6.451917143996881e-06,8.793445701720743e-05,6.865544643576054e-05,8.552946719406968e-06,-0.00033671696849788116,0.0170885682958312,-0.015086739330705153,-3.4409285458265764e-09,0.01590636494484365
0.0,-1.4125,0.02706637664410204,-0.0003604790113819313,0.006170580424902428,-0.006174741858063202,-4.7058555393493474e-07,5.8447035169974454e-06,9.048632702577786e-05,7.114202089916622e-05,8.52617872847869e-06,-0.0003511690786323464,0.01732809990100124,-0.015373497068158853,-4.261789798874449e-09,0.016175381381518382
0.0,-1.4,0.027536805441080944,-0.0003492418608285442,0.006205482670639434,-0.006209274120802246,-4.344204598382522e-07,5.266294462625102e-06,9.243913490854188e-05,7.311787006641532e-05,8.460616918639084e-06,-0.0003630399578173675,0.017572286194976663,-0.01565927534689165,-5.280327214379656e-09,0.01644586592943987
0.0,-1.3875000000000002,0.028020326828970914,-0.0003370635251271067,0.006240578158874333,-0.006244038450161077,-4.0162226536405304e-07,4.714261363888844e-06,9.380015275805088e-05,7.458551976826608e-05,8.357950599267257e-06,-0.00037228034859470926,0.017824431331451968,-0.015944411395946233,-6.552876003755377e-09,0.016719665163270052
0.0,-1.375,0.028506019347999602,-0.0003236906311349165,0.006275866643209608,-0.006279029893782159,-3.718461966201704e-07,4.186740662739062e-06,9.449538306414832e-05,7.546559032512615e-05,8.20927899219619e-06,-0.0003781313764197107,0.018076736429505472,-0.016229037087625568,-8.116348600207397e-09,0.016992969520719395
0.0,-1.3625,0.028992214069149057,-0.0003087548973546885,0.006311347426895789,-0.006314243663510791,-3.447867170990608e-07,3.6823375853730373e-06,9.443051091600024e-05,7.565822567981538e-05,8.00305379737234e-06,-0.0003796567624761024,0.018327564464821266,-0.016512993395438814,-1.0020892224602644e-08,0.017264903046026413
0.0,-1.35,0.029478401745488058,-0.00029191410798422264,0.006347019317410008,-0.006349675006500622,-3.2017276081955583e-07,3.2000463586626725e-06,9.351122140277288e-05,7.506356977515373e-05,7.727726714742159e-06,-0.00037592022794761566,0.018576072821639703,-0.0167960605058323,-1.233411024559949e-08,0.01753495494846697
0.0,-1.3375,0.02996362010127587,-0.0002728566451492041,0.006382880751119476,-0.006385319258181776,-2.9776356637635035e-07,2.739183576976636e-06,9.164319961363246e-05,7.358176655396108e-05,7.371749444252095e-06,-0.0003659854940179816,0.018821131513473636,-0.017077977710253853,-1.5119914689550667e-08,0.017802448728351017
0.0,-1.3250000000000002,0.030447366026306558,-0.0002512948338445456,0.006418929689045147,-0.006421171676406116,-2.7734503497086553e-07,2.299331965436792e-06,8.873213063774524e-05,7.111295995905744e-05,6.923573685848625e-06,-0.0003489162818709321,0.019061929244473374,-0.017358448922966212,-1.8460837474766308e-08,0.018066848149162398
0.0,-1.3125,0.03093059648584565,-0.00022696098320458078,0.006455163824783094,-0.006457227596366203,-2.5872654823933897e-07,1.8802922699897917e-06,8.46836995642772e-05,6.75572939332625e-05,6.371651139478166e-06,-0.00032377631269019666,0.01929862871710853,-0.01763717876014483,-2.2444915542498688e-08,0.018328102999173205
0.0,-1.3,0.03141323551213071,-0.00019961336503327942,0.006491580448431787,-0.006493482248898931,-2.417381870473773e-07,1.4820414580663278e-06,7.940359148239477e-05,6.281491241939641e-05,5.704433505087204e-06,-0.00028962930765950813,0.01953070144038749,-0.017913881447864318,-2.717749910584951e-08,0.01858582109629984
0.0,-1.2875,0.031903617643069954,-0.00016931045116024685,0.006528176463026671,-0.006529930737600531,-2.262282995579481e-07,1.104695752846451e-06,7.286855799471262e-05,5.685991954124548e-05,4.919327341159902e-06,-0.00024620389098818456,0.019763543402643295,-0.018188508175993257,-3.287121938292776e-08,0.01884268986656874
0.0,-1.275,0.03240928985140809,-0.00013729033727746166,0.006564948566677467,-0.006566568187047633,-2.120613763814402e-07,7.484773694964448e-07,6.533961675763977e-05,4.996226014646207e-05,4.049558640331307e-06,-0.00019588829898789414,0.020003447577447098,-0.018461496508662772,-3.9884935758378e-08,0.019102087420634777
0.0,-1.2625000000000002,0.032930088264926306,-0.00010500734924993598,0.006601893054549943,-0.00660338951548636,-1.9911619152323343e-07,4.136840928883154e-07,5.714885194103429e-05,4.2465839263665516e-05,3.137308253774255e-06,-0.00014173567099589647,0.020251876075252646,-0.018733543808188712,-4.857666299572404e-08,0.01936510540212317
0.0,-1.25,0.03346558442365516,-7.380434196885989e-05,0.006639005998029432,-0.006640389588662607,-1.8728417557297956e-07,1.006610854052384e-07,4.86283477147534e-05,3.471456192147427e-05,2.2247570326614606e-06,-8.679914634944441e-05,0.020510109016584958,-0.019005365576218323,-5.9445567105948144e-08,0.019632752691187957
0.0,-1.2375,0.03401580481311245,-4.491937773702592e-05,0.006676283060584766,-0.006677563013746856,-1.7646799204773718e-07,-1.9022548421927836e-07,4.011018824865517e-05,2.7052333148507663e-05,1.3540858281657588e-06,-3.4131864385797574e-05,0.02077972547997296,-0.019277691145226115,-7.312987874953108e-08,0.019906193778910605
0.0,-1.225,0.03458126823620406,-1.9490358762273664e-05,0.006713719777018893,-0.006714904399559877,-1.6658028870036838e-07,-4.586131861094479e-07,3.1926457712597234e-05,1.9823057973384566e-05,5.674754914599177e-07,1.3213035557788278e-05,0.02106262705956792,-0.019551268095376193,-9.054308980219474e-08,0.020186762834656244
0.0,-1.2125,0.035162214086641025,1.4350233701377757e-06,0.00675131129034717,-0.006752408076919684,-1.5754260159104305e-07,-7.041665259638659e-07,2.440924027643714e-05,1.337064142472382e-05,-9.289312628328959e-08,5.218241414405703e-05,0.021360525354634122,-0.019826855660333816,-1.1285143348685297e-07,0.020475704201338447
0.0,-1.2000000000000002,0.03576216474176346,1.6901944417900945e-05,0.0067890525065175044,-0.006790068238983879,-1.4928439154681887e-07,-9.265984989164109e-07,1.7890620110032974e-05,8.038988531144702e-06,-5.848391738910465e-07,7.972313203575014e-05,0.021677308368374934,-0.020105250439218757,-1.4186907382188002e-07,0.020775368519501753
0.0,-1.1875,0.036477586776688144,2.65753153510733e-05,0.006826938050416518,-0.006827878884718352,-1.41742193736772e-07,-1.1256903308060964e-06,1.262154610817554e-05,4.080203812742538e-06,-8.790812282100151e-07,9.371517417300982e-05,0.022077919126084863,-0.02038826877659662,-1.8669248860076202e-07,0.021119143265851372
0.0,-1.175,0.03715981175203725,3.122577890974754e-05,0.006864962323016542,-0.0068658338651023075,-1.3485886631948145e-07,-1.301309132712997e-06,8.528426065390453e-06,1.3791897555201357e-06,-9.97935578164452e-07,9.577102260556366e-05,0.02246195992519451,-0.020676663598524155,-2.4118349718865464e-07,0.021457213357574223
0.0,-1.1625,0.03779861703766396,3.20958715485913e-05,0.00690311937531776,-0.006903926747498192,-1.285829212514186e-07,-1.4534231312920587e-06,5.456532501136431e-06,-2.7095166304333693e-07,-9.766179406980572e-07,8.843628366053818e-05,0.0228214803894996,-0.020969033487206516,-3.0549628964344986e-07,0.02178490974716556
0.0,-1.15,0.038394300254850425,3.0350613087128305e-05,0.006941403068865731,-0.006942150967784169,-1.2286792737820298e-07,-1.5821140760637637e-06,3.2511379348722536e-06,-1.0771184654686313e-06,-8.503440327545195e-07,7.425656366505894e-05,0.02315555000303403,-0.021263958131204255,-3.8031479035410414e-07,0.022101063471384002
0.0,-1.1375000000000002,0.038947632554696535,2.7063530945978716e-05,0.0069798070018229335,-0.0069804997490669615,-1.1767197173956862e-07,-1.6875863618897424e-06,1.7575148860568373e-06,-1.2462086742764685e-06,-6.543295712775412e-07,5.577746894625288e-05,0.023463512634855164,-0.021560141105465638,-4.658583184190978e-07,0.022404704324338488
0.0,-1.125,0.03945991391433082,2.323205064999415e-05,0.007018324456958271,-0.007018966043203713,-1.129571696058368e-07,-1.7701723076640967e-06,8.209358741488936e-07,-9.851203119876101e-07,-4.2379027321080183e-07,3.5544605831244855e-05,0.023745019733245994,-0.021856420660660802,-5.620144942912713e-07,0.022695082903751995
0.0,-1.1125,0.03993306662212377,1.9773593951235216e-05,0.007056948512557128,-0.0070575426360185945,-1.0868921035173966e-07,-1.8303329231787085e-06,2.866734186072997e-07,-5.007514011228035e-07,-1.9394185549800575e-07,1.610358064716187e-05,0.024000089280628172,-0.022151780029176827,-6.678123676732946e-07,0.02297170525217298
0.0,-1.1,0.04037310126115681,1.75639738091757e-05,0.007095671963755059,-0.007096222063615386,-1.0483692857450767e-07,-1.8686532966778057e-06,3.8890852872842024e-14,3.579720722231861e-14,-3.508284192624135e-14,-2.7887039193131057e-13,0.024231403804964104,-0.022445385104683364,-7.825697388134664e-07,0.023235500754987377
0.0,-1.0875000000000001,0.04087894233335097,1.8032805054991756e-05,0.007134487351949238,-0.007134996637351003,-1.0137188322179465e-07,-1.885831511017959e-06,-1.704768276338637e-07,3.4975156271106004e-07,1.305674964339386e-07,-1.0800202700048822e-05,0.02450361549918057,-0.02273743308208581,-9.372397374882097e-07,0.02351889902141776
0.0,-1.075,0.041390407457208025,2.075129832527675e-05,0.007173386938575362,-0.007173858413678243,-9.826792820454032e-08,-1.882659707018491e-06,-2.6281007196919585e-07,5.391830893949395e-07,2.0128514882335462e-07,-1.664978069086221e-05,0.024776647289298313,-0.023028545563420412,-1.1221668703868771e-06,0.02380217702047058
0.0,-1.0625,0.041907035100171505,2.5495427555068646e-05,0.007212362793164758,-0.007212799278697024,-9.550074856900962e-08,-1.8599956757073763e-06,-2.9171766720971506e-07,5.984901120844137e-07,2.2342535719936538e-07,-1.848116040612215e-05,0.02505077788525948,-0.023318831088031147,-1.3431882087688498e-06,0.024085532864360402
0.0,-1.05,0.042432549847864175,3.215279581442333e-05,0.007251406623009871,-0.007251810774674662,-9.304733376018371e-08,-1.8187232994003071e-06,-2.7191758644999916e-07,5.578681270150601e-07,2.0826055667593358e-07,-1.722676800064054e-05,0.025329067934385777,-0.023608424197143256,-1.610287304758383e-06,0.024370568456688613
0.0,-1.0375,0.04296702235027644,4.062770683681054e-05,0.007290510006907528,-0.0072908843309390575,-9.088535314438298e-08,-1.759700529407795e-06,-2.1812780278462155e-07,4.4751263042245273e-07,1.670631823670209e-07,-1.3819029629229155e-05,0.025612134444126324,-0.023897482653403777,-1.9339132228555233e-06,0.024657675301869644
0.0,-1.0250000000000001,0.043508158719259796,5.0854352480256366e-05,0.0073296641645672735,-0.007330011030677866,-8.899239878050401e-08,-1.683694698173088e-06,-1.4506628930815779e-07,2.9761911854216527e-07,1.1110566938658864e-07,-9.190371446699774e-06,0.02589902587428605,-0.024186140593183275,-2.3255442324762705e-06,0.02494644864449067
0.0,-1.0125,0.044055837100299,6.285648665276428e-05,0.007368860135204601,-0.007369181787121354,-8.734506924519177e-08,-1.5913071966946083e-06,-6.745101911518079e-08,1.3838308760976817e-07,5.1660452848597046e-08,-4.273219607864071e-06,0.026190246301890745,-0.024474509707219008,-2.8003307974376872e-06,0.025237200129761588
0.0,-1.0,0.04460964981401225,7.674787642449122e-05,0.007408088630982354,-0.007408387194762636,-8.591789025172085e-08,-1.4828931223978629e-06,3.469973175649211e-14,3.38608413317188e-14,-3.21329902382456e-14,-2.675340108985061e-13,0.02648611220089382,-0.024762693125637034,-3.377322061640427e-06,0.02553014309860293
0.0,-0.9875,0.045165122799265066,9.263049712512653e-05,0.007447340221433567,-0.007447617711777116,-8.468210971457763e-08,-1.3584863065672854e-06,4.567917272564749e-08,-9.371560564682856e-08,-3.498549627764523e-08,2.893905251143291e-06,0.026784108433414007,-0.02505075650920011,-4.0727818516679885e-06,0.025824056143893808
0.0,-0.9750000000000001,0.045718333271670644,0.00011083145713766404,0.007486605123036535,-0.007486863447902628,-8.360446625625855e-08,-1.2177453444117442e-06,7.041979028619716e-08,-1.4447363056658882e-07,-5.3934233638568706e-08,4.461294951678898e-06,0.027081572240298776,-0.025338710378497175,-4.903515324394441e-06,0.02611761615414668
0.0,-0.9625000000000001,0.04626911247187043,0.00013184948076378015,0.007525873385921126,-0.007526114349911024,-8.264610652164839e-08,-1.059940091150457e-06,7.816555638865197e-08,-1.6036489972957028e-07,-5.986668410239364e-08,4.952011669248439e-06,0.027378214948334322,-0.025626551739948055,-5.892360957662876e-06,0.026410680018239173
0.0,-0.95,0.04681754976497192,0.0001562563002475845,0.007565134740771646,-0.0075653600479399195,-8.176189817983877e-08,-8.839978146099493e-07,7.286014004028336e-08,-1.4948027196690387e-07,-5.580328755575294e-08,4.615898239027532e-06,0.027673914001620732,-0.025914296723451004,-7.066521032628453e-06,0.026703196647796922
0.0,-0.9375,0.047363632652784836,0.00018464417476792553,0.007604378758057493,-0.007604590015029316,-8.09004235884683e-08,-6.88620775639617e-07,5.844721024836297e-08,-1.199106061097212e-07,-4.476448388527987e-08,3.7027974961918222e-06,0.027968471217341043,-0.026201985402419532,-8.455355543800745e-06,0.026995088773459353
0.0,-0.925,0.04790750153740389,0.00021767551042079254,0.00764359472701884,-0.0076437933669491216,-7.99651591754721e-08,-4.737256797905874e-07,3.887043602016216e-08,-7.974676098915357e-08,-2.977071297760748e-08,2.462552275916938e-06,0.02826178064576706,-0.026489685193996724,-1.009270769724471e-05,0.027286338284254752
0.0,-0.9125000000000001,0.048449407561196235,0.0002560735763206669,0.007682772219840747,-0.007682958440516564,-7.832777467440759e-08,-2.3856580581228684e-07,1.8073486362952664e-08,-3.7079595436331955e-08,-1.3842414719368797e-08,1.14500541337851e-06,0.028553838512077857,-0.026777386877546612,-1.2016152498606136e-05,0.027576936563747427
0.0,-0.8999999999999999,0.0489898185250335,0.00030072402963943196,0.007721900657942068,-0.007722073169628409,-7.521173533923483e-08,2.8234978782154228e-08,3.028400547966729e-14,3.1717612951110323e-14,-2.899719668397154e-14,-2.5624785048718173e-13,0.02884486166952386,-0.027064898044852816,-1.427229634833127e-05,0.02786688147925195
0.0,-0.8875,0.049530344937228,0.0003527661510206758,0.007760968755012676,-0.007761125637512953,-7.024116026717019e-08,3.3426497194028446e-07,-1.22396585313516e-08,2.5111061295083652e-08,9.37429835446635e-09,-7.754199013053731e-07,0.029135906430687464,-0.02735190019176869,-1.6922845607084512e-05,0.028156523244363515
0.0,-0.875,0.050072586643696834,0.00041362070224927735,0.007799964873855271,-0.007800104182816223,-6.332982268431889e-08,6.828278139514549e-07,-1.8868887685569712e-08,3.8711632732625555e-08,1.4451597709943098e-08,-1.1954007042129816e-06,0.029428190421022106,-0.027638001881999785,-2.0048311585688564e-05,0.02844624993371113
0.0,-0.8625,0.05061715999274718,0.0004848587934401451,0.00783887684352937,-0.007838996978224756,-5.457009800773295e-08,1.074178656480696e-06,-2.0944360103044295e-08,4.296968512031887e-08,1.604119349574728e-08,-1.326887850908495e-06,0.029722312813697506,-0.027922801932948726,-2.3740203246557215e-05,0.028736134557036733
0.0,-0.8500000000000001,0.051164706991446915,0.0005683918592891717,0.007877692247952945,-0.007877792146016622,-4.414909428635155e-08,1.5067086392626734e-06,-1.95227787081707e-08,4.005315754824359e-08,1.4952410138392606e-08,-1.236826527329728e-06,0.03001886976240699,-0.02820595267014996,-2.811017961148517e-05,0.029026276590933743
0.0,-0.8374999999999999,0.05171587313029286,0.0006664451805760842,0.007916398386744773,-0.007916477601285006,-3.2288444868243076e-08,1.977966553536718e-06,-1.5660846425344223e-08,3.212998910647976e-08,1.1994572064392722e-08,-9.921619194144918e-07,0.03031843190028891,-0.028487185177318918,-3.328957333713369e-05,0.029316803249904586
0.0,-0.825,0.052271294060459036,0.0007816107496648831,0.007954982492380762,-0.007955041195252505,-1.920342077162675e-08,2.4854151828339575e-06,-1.041526617896044e-08,2.1368118885107754e-08,7.977003700261476e-09,-6.598392131006121e-07,0.03062152580972893,-0.02876633530356925,-3.943287040152575e-05,0.029607875612862093
0.0,-0.8125,0.05283166168921827,0.0009168108448830718,0.007993431443596674,-0.007993470386321698,-5.076671192808913e-09,3.0268220982755643e-06,-4.842740893414644e-09,9.935485974207619e-09,3.709029472512527e-09,-3.06803594325903e-07,0.030928675629004424,-0.029043355536433217,-4.6716864551284477e-05,0.02989971314977078
0.0,-0.8,0.05339765452947123,0.0010752587782727708,0.00803173206245591,-0.008031752514463841,9.957887765420887e-09,3.6001898470905427e-06,2.650689773883463e-14,2.9463859454599235e-14,-2.619234038969597e-14,-2.4902818071149347e-13,0.031240350371655068,-0.02931832919878393,-5.533958273450427e-05,0.030192576895262224
0.0,-0.7875000000000001,0.053969775655867754,0.0012602685331365084,0.008069871095157088,-0.008069874768379906,2.5824903592868985e-08,4.203130706287996e-06,3.2796407008518433e-09,-6.728450992100337e-09,-2.5118692425732677e-09,2.077728192710123e-07,0.031556848125819555,-0.029591469728932153,-6.551106429985932e-05,0.030486708106206746
0.0,-0.7749999999999999,0.05454859573274554,0.001475130833558583,0.008107835005272204,-0.008107823964979229,4.251415998830815e-08,4.831575312417248e-06,5.055936780404892e-09,-1.037271348481043e-08,-3.872327125620951e-09,3.203063367152325e-07,0.03187842713944621,-0.02986312094072418,-7.744694419526424e-05,0.030782395498808967
0.0,-0.7625,0.055135046528148504,0.001723078758325965,0.008145610273684956,-0.008145586827902344,6.008591141099417e-08,5.4776713071196225e-06,5.612057440784552e-09,-1.1513655541653135e-08,-4.298257663707941e-09,3.555382118643072e-07,0.032205537625472874,-0.03013373665530022,-9.136754620611789e-05,0.031080078152981336
0.0,-0.75,0.0557301295768188,0.0020068858336386485,0.008183183157080227,-0.008183149711135141,7.867584613572257e-08,6.126696817283776e-06,5.2311453772185905e-09,-1.073217469001094e-08,-4.006518679058817e-09,3.3140635327806925e-07,0.032538642730896114,-0.030403856922832595,-0.00010747669875065642,0.03138024420292331
0.0,-0.7375,0.05633494235250178,0.002328709436717615,0.008220539964049275,-0.008220498823014172,9.849923546845943e-08,6.752830608743894e-06,4.196343284934748e-09,-8.609168457266258e-09,-3.213967993898125e-09,2.6584866951634965e-07,0.032878254958372766,-0.03067404693498599,-0.0001259524611492821,0.03168341660022888
0.0,-0.7250000000000001,0.05695069312764236,0.0026897993004745854,0.008257666779491904,-0.0082576198800568,1.1985245101562344e-07,7.313763193108672e-06,2.790793859160746e-09,-5.7255343708015045e-09,-2.1374634304504184e-09,1.7680306913897909e-07,0.033224964443880796,-0.030944834383931898,-0.00014692992250195012,0.031990134092452424
0.0,-0.7124999999999999,0.057578661674269185,0.003090546107574675,0.008294549753360393,-0.00829449830846571,1.4310885284103975e-07,7.744501237755653e-06,1.2976397951242962e-09,-2.6621699579990455e-09,-9.938628109402174e-10,8.220746070578654e-08,0.03357944832076641,-0.03121659271460261,-0.00017050142509815737,0.03230089671512867
0.0,-0.7,0.05822028714267245,0.0035307091981209454,0.008331175059261819,-0.008331119104095468,1.6870554570891284e-07,7.951401576650689e-06,2.3788053180837246e-14,2.725375859711606e-14,-2.395759211642815e-14,-2.4722339372918313e-13,0.03394256491974218,-0.03148943066304019,-0.00019672663715996857,0.03261615350379454
0.0,-0.6875,0.05887716966604041,0.004009997829242565,0.008367528773192742,-0.008367466610290652,1.9711821880741126e-07,7.808474785105972e-06,-8.787465593230407e-10,1.8029178282527289e-09,6.730227550588176e-10,-5.567287222920169e-08,0.034315399097381176,-0.031763057604890066,-0.00022566260724730142,0.03293625867394587
0.0,-0.675,0.05955105911729325,0.0045292019409827996,0.008403597176306097,-0.008403524731472545,2.2882345862428515e-07,7.159121334736327e-06,-1.3547040142674049e-09,2.7793946939193797e-09,1.037556743235367e-09,-8.582613645415383e-08,0.03469931014652374,-0.03203665242000863,-0.0002574263083300884,0.03326142548182712
0.0,-0.6625000000000001,0.060243772136340544,0.005091187565067057,0.00843936646694829,-0.00843927658903358,2.6425087264886635e-07,5.827200216942532e-06,-1.5037164365411144e-09,3.0851088703582797e-09,1.1516848708497865e-09,-9.526648818123671e-08,0.035095924964505296,-0.0323087138973842,-0.0002922518975489703,0.03359164836049112
0.0,-0.6499999999999999,0.06095744651670271,0.0057036651515040655,0.008474823073829272,-0.008474704848531125,3.0372222809824577e-07,3.6426220091146605e-06,-1.4016516859053688e-09,2.8757113771691598e-09,1.0735140018143286e-09,-8.880037569343677e-08,0.035507394370487874,-0.03257685133602702,-0.00033065327784648555,0.03392672038229559
0.0,-0.6375,0.06169429252125671,0.006378609145227132,0.008509952852081138,-0.008509792276372982,3.4682277359980137e-07,5.873323600960612e-07,-1.1243776221213751e-09,2.306853233951759e-09,8.611510000412532e-10,-7.123424727374084e-08,0.035936201543953106,-0.03283812786430239,-0.00037340222589990593,0.03426631952676278
0.0,-0.625,0.062455828110870554,0.007131375490306215,0.008544740129611733,-0.008544522821645863,3.917930283982425e-07,-3.1926264704621643e-06,-7.477621049503343e-10,1.5341854603058162e-09,5.72702729442815e-10,-4.737455120513556e-08,0.03638453728116684,-0.03308936579419075,-0.0004214857252170227,0.034609877892248925
0.0,-0.6125,0.06324351861653524,0.007981121321989644,0.00857916888414917,-0.008578880440750187,4.367944303640913e-07,-7.467776749015871e-06,-3.4767299415344977e-10,7.133590758310661e-10,2.6627605393127054e-10,-2.2027735770607506e-08,0.036854660531870184,-0.03332720614497197,-0.00047613656762246373,0.03495677797977778
0.0,-0.6000000000000001,0.06405791154395023,0.008949269855229971,0.008613222418933048,-0.008612849491017885,4.798830508018781e-07,-1.1864384449101142e-05,2.1850508076576268e-14,2.510012724243056e-14,-2.216258112549612e-14,-2.4925314331423745e-13,0.037348316879410204,-0.03354819250633851,-0.0005387434665391503,0.03530612704398345
0.0,-0.5874999999999999,0.06489879743292702,0.010056459377775613,0.008646882610764857,-0.00864641540281029,5.187658447231819e-07,-1.5847600339736472e-05,2.3548733516252424e-10,-4.830583758099551e-10,-1.803644715841445e-10,1.4917182213185976e-08,0.03786656215306263,-0.03374964317027917,-0.0006106744348387311,0.035657108696211505
0.0,-0.575,0.06576270715251462,0.01130978182544644,0.008680129706524754,-0.008679565730555144,5.506993483441243e-07,-1.8752685798518278e-05,3.6301942949608157e-10,-7.44704975400928e-10,-2.780410861756536e-10,2.2996721089970372e-08,0.03840758570871464,-0.03393098528941417,-0.0006924992525939186,0.036008636857890505
0.0,-0.5625,0.06664681570826175,0.012719104741177552,0.008712942565853494,-0.008712289442572482,5.740920230907063e-07,-2.1506583497943766e-05,4.0294686908443214e-10,-8.26621250670141e-10,-3.08621634855558e-10,2.5526251987716316e-08,0.03896926059379322,-0.03409064936970208,-0.0007849430968116652,0.036358974088299044
0.0,-0.55,0.06756119887368922,0.014328377668414764,0.008745329649277895,-0.008744544421271852,6.034846158829423e-07,-3.167809055569193e-05,3.7559838950325523e-10,-7.705137536420477e-10,-2.8767574612375873e-10,2.37936595169299e-08,0.03955553245811991,-0.03422171965956762,-0.0008908419574594309,0.03670652083394685
0.0,-0.5375000000000001,0.06851460040311688,0.016240677846419437,0.008777319452554114,-0.008776268652689946,6.609518441324543e-07,-4.9523476334939754e-05,3.013027263282294e-10,-6.180890363411019e-10,-2.3077304848015694e-10,1.9086828288117194e-08,0.040177439484875635,-0.03430806110501233,-0.001016488474722839,0.03704841830642296
0.0,-0.5249999999999999,0.06953473168300825,0.018689671063171966,0.008808932556412455,-0.008807409727891609,7.607214943061543e-07,-7.3384621515989e-05,2.0038861513503075e-10,-4.110536507917524e-10,-1.5348317042465155e-10,1.2693642911784183e-08,0.04086528998002402,-0.034317661819402295,-0.001176064766505544,0.03738298225971113
0.0,-0.5125,0.07066760274087201,0.022056613718884385,0.008840187989249008,-0.008837916043191901,9.13350861209736e-07,-0.00010190805687691884,9.318479149934213e-11,-1.9111414901846167e-10,-7.1375740457147e-11,5.901987998437209e-09,0.04166656123830673,-0.03420207966133662,-0.0013925056304001802,0.037708581333972015
0.0,-0.5,0.07198814737402603,0.026922616081148657,0.008871128282563305,-0.008867708709842211,1.1363819706988812e-06,-0.00014184174898456808,1.99909968404812e-14,2.2916954320121855e-14,-2.0387077542907288e-14,-2.518414177371651e-13,0.042648116499396815,-0.033893752112798284,-0.0017001414120642005,0.03802351455954307
0.5,-2.1,0.039917406997732593,-1.0,0.0014439174778941451,-0.006987537023460779,-0.0007516143432804278,0.011782443575186558,0.0,0.0,0.0,0.0,0.030582726392571192,0.0022878323730339094,1.1441124850635446e-26,0.009386219947863398
0.5,-2.0875,0.031872830589853816,-1.0,0.0017619434889266602,-0.006813593482774127,-0.0007009250327651819,0.010493774865368306,-2.12333012165588e-06,-1.83281620993807e-06,-7.133658211636798e-07,6.765192404238324e-06,0.024526382615006784,0.0008983307934431251,-4.947089595865361e-25,0.007291422791302111
0.5,-2.075,0.02525196164085317,-1.0,0.0020591894939530012,-0.006650520372012221,-0.0006520562995286564,0.009319849572505408,-1.537154848965202e-05,-1.3260476367974535e-05,-5.150488326924401e-06,4.882947491761863e-05,0.019584925456451595,-0.00018947429120348127,1.203850683300204e-26,0.0055948291294134825
0.5,-2.0625,0.019838859987391617,-1.0,0.0023361449156660595,-0.006498560163657103,-0.0006051589341393921,0.008254869649633487,-4.661158504820989e-05,-4.0192990902128685e-05,-1.558606935841155e-05,0.0001476862234899786,0.015601482094946845,-0.001017378509157899,1.116844217592617e-24,0.004238763645695991
0.5,-2.0500000000000003,0.015788991617336993,-1.0,0.002593447753441921,-0.006357814805517583,-0.0005603518853385775,0.007292590335368547,-9.852505645018187e-05,-8.493543023611691e-05,-3.289741299793781e-05,0.00031148650212326986,0.012787795039548433,-0.0016346189322820831,1.0898828154767315e-26,0.003353625020652576
0.5,-2.0375,0.012887230860988818,-1.0,0.002831859103717804,-0.006228258557909404,-0.0005177233711558322,0.00642647424876029,-0.0001702406093196354,-0.00014674347176205798,-5.6793465696638434e-05,0.0005372220355193996,0.010982830153277489,-0.002096874476316963,-2.5471407857992705e-24,0.0028866942090508443
0.5,-2.025,0.010363463463460263,-1.0,0.003052238630390472,-0.00610975232255029,-0.0004773324595560819,0.005649829652449367,-0.00025806712345334006,-0.0002224575314304615,-8.606488571853977e-05,0.0008131334431635404,0.009443811421871751,-0.0024398721433625883,9.648402212385905e-27,0.002484446705313461
0.5,-2.0125,0.009266527998674574,-1.0,0.0032555208829320517,-0.006002058346040462,-0.00043921104054171046,0.004955931781450186,-0.0003562893457200058,-0.0003071849300282744,-0.00011884605316160222,0.001121246277370503,0.009254492302746185,-0.0027117574661919596,7.15160621541055e-24,0.0027128754671271625
0.5,-2.0,0.008293424172867964,-1.0,0.003442693371699152,-0.005904855351131384,-0.00040336610258510615,0.004338126829538748,-0.0004579904033400533,-0.0003950017873812051,-0.0001528805367259841,0.0014399439074014827,0.00914052838541608,-0.002957245132977335,1.0960125854406187e-26,0.002957245132977335
0.5,-1.9875,0.007542198858248541,-1.0,0.003614776146207226,-0.0058177531202598404,-0.0003697822269730569,0.003789918779204285,-0.000555868523152624,-0.0004796485808819801,-0.00018578213830947176,0.0017464927913381854,0.009195929119686289,-0.003189190308782928,-2.4812501574344992e-23,0.003271103871120774
0.5,-1.975,0.007076852814499781,-0.2488769465145444,0.0037728039372008173,-0.005740307030006268,-0.0003384242194548814,0.0033050397400901732,-0.0006430181614006432,-0.0005551955479117802,-0.00021528424141977856,0.002019442176981594,0.009199119579148323,-0.00341698543121934,1.2281136571204237e-26,0.0035485061953342517
0.5,-1.9625000000000001,0.0076631307058426835,-0.040154598492681666,0.0039178101283928665,-0.005672031396333953,-0.0003092398015014864,0.0028775048398706816,-0.0007136486264885598,-0.0006166563548874416,-0.00023947079430307677,0.0022408267726219725,0.00914182796428641,-0.003642924861653125,8.592010117555444e-23,0.003786638017215125
0.5,-1.9500000000000002,0.008118845127124264,-0.008966313560250724,0.004050813088989541,-0.005612411891438488,-0.00028216229214573596,0.002501652965802727,-0.0007637161550914809,-0.000660530698832589,-0.0002569828635978798,0.0023981074281069245,0.009041524600177635,-0.003868482483794052,1.2484073289071601e-26,0.003995169542071826
0.5,-1.9375,0.008612162771771258,0.002670953695560076,0.004172804823803055,-0.005560916856230508,-0.000257113219937861,0.0021721748390547708,-0.0007914482799183309,-0.0006852587505362893,-0.0002671952992330868,0.002485791366213964,0.00902369786513995,-0.004097678398545712,-2.9042046165105656e-22,0.004239074554426548
0.5,-1.925,0.009267513359992279,0.007740288285018463,0.004284741756190008,-0.005517007312077404,-0.00023400481487236441,0.0018841299750951043,-0.0007977422053556495,-0.0006915725915283081,-0.0002703586561987193,0.00250668000391396,0.009165897523556656,-0.004338320102092087,1.2737248878489687e-26,0.004561268379950293
0.5,-1.9125,0.010017800087949454,0.009856257151393098,0.004387537458568616,-0.005480145563562245,-0.0002127423390924447,0.0016329541220246912,-0.0007864217851426346,-0.0006827320402655351,-0.000267702123727599,0.0024726989026916703,0.009413786326287518,-0.004596113579858434,1.0701678512910142e-21,0.004937686526935859
0.5,-1.9000000000000001,0.011511373329250433,0.010229980226610477,0.004482057272176631,-0.005449802501233496,-0.00019322622729011754,0.001414458714268201,-0.0007643405741519727,-0.0006646345060896044,-0.00026149381733592064,0.0024052708866693587,0.010183094944737896,-0.004884476748346116,1.4871766764178622e-26,0.005583165682343695
0.5,-1.8875000000000002,0.012255829422421375,0.010518466235092536,0.004569114730378997,-0.0054254637400984705,-0.00017535401506768117,0.001224823809331439,-0.0007393483835611549,-0.0006440718010103911,-0.0002543761849099325,0.0023289839054268045,0.010467310922596593,-0.0051979499366245786,-4.402390811114238e-21,0.005991990325644257
0.5,-1.875,0.012782184729609824,0.010658511606085623,0.004649469294760578,-0.005406634376043903,-0.00015902204413360263,0.0010605858630964812,-0.000713296254046062,-0.0006226429901435833,-0.0002469676077367514,0.0022495861354701963,0.01062323381451505,-0.005514417229492743,1.4962605839778387e-26,0.0063317788227173315
0.5,-1.8625,0.013288615676474694,0.010630184096918675,0.0047238254472616896,-0.005392842692757447,-0.00014412694011520734,0.0009186215707915355,-0.0006862924388090686,-0.0006004338824831854,-0.00023929281769046406,0.0021673448827274414,0.010782502808937437,-0.005829610144871555,1.5537590820333165e-20,0.006666495810873741
0.5,-1.85,0.013783732667050031,0.010476614196466246,0.004792832839685245,-0.00538364283629951,-0.0001305668659162658,0.0007961288581936777,-0.0006584451910525464,-0.0005775302870232015,-0.0002313765466451572,0.002082527453126437,0.010949100804879918,-0.006143611865949465,1.4488483882066323e-26,0.006998455153842882
0.5,-1.8375000000000001,0.014275743890015812,0.01022708168073577,0.004857087322283804,-0.005378616583403535,-0.00011824255916388953,0.000690605967332526,-0.0006298627639788687,-0.0005540180127576364,-0.00022324352647491721,0.0019954011525950854,0.01112682416183522,-0.006456755645630586,-7.159734403290394e-20,0.007330000775711456
0.5,-1.8250000000000002,0.014772459516008717,0.009902615470068796,0.00491713265637122,-0.005377374309598292,-0.00010705816599656876,0.0005998294382063775,-0.0006006534107904083,-0.0005299828686804938,-0.00021491848905383097,0.0019062332870612893,0.011319280925021125,-0.006769599435993036,-1.301978485692742e-19,0.007663492709990593
0.5,-1.8125,0.0152824914437808,0.009518770086117772,0.004973462790732444,-0.005379555321623633,-9.69218876545821e-05,0.0005218316517063808,-0.0005709253846895369,-0.0005055106637857776,-0.00020642616625598468,0.0018152911624529464,0.011530680079300302,-0.007082923974029693,-1.2226235786156794e-19,0.008001697683104459
0.5,-1.8,0.015811914919394446,0.009088483257150093,0.005026524528428483,-0.005384827639300562,-8.774645722456123e-05,0.00045487847660784914,-0.000540786938878629,-0.0004806872070674929,-0.0001977912899554654,0.0017228420846979614,0.011763608507186739,-0.0073976852565831195,-1.2070148293022136e-19,0.008346654130804898
0.5,-1.7875,0.016359937162252435,0.008624051907878353,0.00507672037982713,-0.005392887258222152,-7.944946624876532e-05,0.00039744744694507816,-0.0005103436699760794,-0.00045559621579518755,-0.0001890386139299997,0.001629153940520616,0.012016196532405463,-0.007714816445312124,-2.0011265943051004e-19,0.008698153083576505
0.5,-1.7750000000000001,0.016915458802860696,0.008137994425642352,0.005124411720472429,-0.005403457217624092,-7.195356035913101e-05,0.00034820679665413,-0.0004796905482643753,-0.00043031304034058443,-0.00018019297957187514,0.0015344969398307135,0.012279920248930008,-0.008034887199095446,-3.401156825707037e-19,0.009052469827700721
0.5,-1.7625000000000002,0.017459897399355984,0.007642062005837933,0.00516992179890074,-0.00541628619746156,-6.518652335361791e-05,0.0003059955889390314,-0.000448919887442027,-0.0004049109393509507,-0.00017127925017701938,0.001439141873334441,0.012541590979317334,-0.008357773591883777,-5.120485907830526e-19,0.009403191054789258
0.5,-1.75,0.01797480087619338,0.0071456178611710155,0.005213538963809288,-0.005431147163238834,-5.908126797089928e-05,0.000269805102352783,-0.00041812400120754385,-0.00037946317147355283,-0.00016232228904135997,0.0013433595317379808,0.012788452002491775,-0.008682568602299174,-7.415224553710761e-19,0.00974371968844907
0.5,-1.7375,0.01844219559693319,0.006655873737021782,0.00525551963820464,-0.005447835710178977,-5.357575050858216e-05,0.00023876157274400504,-0.0003873952032594371,-0.0003540429953556584,-0.00015334695946082484,0.001247420705747523,0.013008373576977312,-0.009007669080813544,-1.0673657479829681e-18,0.01006741366384706
0.5,-1.725,0.018845303251518092,0.006178096518702061,0.005296091337601286,-0.005466168503223324,-4.8612825234516804e-05,0.00021211033756806454,-0.00035682580729621616,-0.00032872366964453416,-0.0001443781247313415,0.0011515961860692502,0.013190286525855612,-0.009330880108162012,-1.5391744851479528e-18,0.010367856374795365
0.5,-1.7125000000000001,0.019169003193046937,0.005715884555324193,0.005335455352470003,-0.00548598151034831,-4.414005230004179e-05,0.00018920138738132706,-0.0003265081270163912,-0.00030357845298744707,-0.00013544064814883773,0.001056156763409349,0.013324443312968719,-0.00964953659683528,-2.1916826745162935e-18,0.010639046119870887
0.5,-1.7000000000000002,0.01939983366329748,0.005271494934515008,0.005373789471343813,-0.0055071284628918,-4.0109471848260705e-05,0.0001694762971274994,-0.00029653447611847217,-0.00027868060403166394,-0.00012655939300924114,0.000961373228474004,0.013402370563532426,-0.009960624116596801,-3.033771565834725e-18,0.010875434395559347
0.5,-1.6875,0.019536162101433722,0.004845015299698125,0.005411250362619907,-0.005529479203279482,-3.6477354751223904e-05,0.00015245648514476708,-0.00026699454293345194,-0.0002541020969971372,-0.00011775819126499571,0.0008675064602976694,0.013423546102662942,-0.010261087479097182,-4.061373464486357e-18,0.011075417122274752
0.5,-1.675,0.01959373245897424,0.004434324664024015,0.005447975849585235,-0.0055529181808116725,-3.3203939214817654e-05,0.00013773272964924651,-0.00023796751432225626,-0.00022990976839456346,-0.00010905674949461175,0.0007747776912278832,0.013398911419947222,-0.010548411811507055,-5.3204369222752085e-18,0.011243383085368411
0.5,-1.6625,0.01999573269586227,0.004003840537847988,0.005484087015482842,-0.005577343048469582,-3.0253160601013292e-05,0.0001249558619423704,-0.0002095299517782928,-0.000206169170307324,-0.00010047374293311551,0.0006833982419404469,0.013608227352064257,-0.010828639169716393,-7.528819672580023e-18,0.01152239877904694
0.5,-1.6500000000000001,0.020403000568002788,0.003585558094395509,0.005519690005314808,-0.005602663233279926,-2.7592380666826148e-05,0.00011382854688188736,-0.00018175841679496957,-0.00018294585481880055,-9.202784681553338e-05,0.0005935794331111646,0.013822656024070627,-0.01110898856737081,-1.0681327006300146e-17,0.011801811042705446
0.5,-1.6375000000000002,0.020826265283644785,0.0031804443416330137,0.005554877818324059,-0.005628798772967593,-2.519212102174898e-05,0.00010409805941241516,-0.0001547294708656947,-0.0001603053740123747,-8.373773637689177e-05,0.0005055325854158407,0.014048955689735701,-0.01138976143232,-1.5171984565482488e-17,0.012085296156024326
0.5,-1.625,0.021253637795929876,0.002790738577481382,0.005589731813362709,-0.005655679134075286,-2.3025804530267328e-05,9.554996483883123e-05,-0.00012851967548387574,-0.00013831327997142778,-7.562208685221703e-05,0.0004194690195302778,0.014278849529845698,-0.011671197811876581,-2.153031539160653e-17,0.012368973917765213
0.5,-1.6125,0.021679852731968978,0.0024178659798039623,0.0056243229995434916,-0.005683242073009982,-2.1069507466420893e-05,8.800261291114492e-05,-0.00010320559214292162,-0.0001170351247793422,-6.76995734765358e-05,0.0003356000561302824,0.014508615851782966,-0.011953183119007477,-3.0399823934455314e-17,0.012651055283403049
0.5,-1.6,0.022103422584022807,0.002062784296752478,0.0056587134439764035,-0.0057114328576081015,-1.930172432259051e-05,8.130235978043712e-05,-7.886378233623993e-05,-9.653646051949922e-05,-5.9988871484874387e-05,0.0002541370158916574,0.014737111916315394,-0.012235475260649577,-4.284097016250809e-17,0.01293096930910059
0.5,-1.5875,0.022540767060324242,0.0017257357501075058,0.005692957190719013,-0.0057402032276673036,-1.7703146596548387e-05,7.53194365459393e-05,-5.5563663669264926e-05,-7.687584774971159e-05,-5.2509465734732953e-05,0.00017529933704497604,0.014975044032285733,-0.012518117368985374,-6.037744931925918e-17,0.013214203915418483
0.5,-1.5750000000000002,0.023023129726754393,0.0014069617916721963,0.005727101301922175,-0.005769510688378989,-1.6256456238948132e-05,6.994438916214539e-05,-3.3346078195538676e-05,-5.808388092551908e-05,-4.528407957350777e-05,9.933892803990088e-05,0.015242690302209988,-0.012802003463878166,-8.597272413683622e-17,0.013511451425027429
0.5,-1.5625,0.023524232012134112,0.0011082961599670766,0.005761186753881106,-0.005799317852295677,-1.494613403280195e-05,6.508502018267708e-05,-1.224472408062703e-05,-4.01841629768905e-05,-3.833624597106817e-05,2.651581488085544e-05,0.01552197802951717,-0.013088042392122082,-1.2244936282175254e-16,0.013814228742709253
0.5,-1.55,0.024036288752953102,0.0008306691475565406,0.0057952491021662665,-0.005829591726688954,-1.3758282838924398e-05,6.0663769632041066e-05,7.706700509901439e-06,-2.320029683379697e-05,-3.168949789728429e-05,-4.290997642772728e-05,0.015807404696143224,-0.013376450377786717,-1.7447642995884057e-16,0.014119985309618888
0.5,-1.5375,0.02455562213722787,0.0005746859846973239,0.005829319221094532,-0.005860303235032732,-1.2680465355856897e-05,5.6615477971401715e-05,2.647449741047969e-05,-7.15588542620833e-06,-2.5367368322025792e-05,-0.0001086784198814195,0.016096291864712835,-0.013667214848038326,-2.478821726259647e-16,0.01442746160306658
0.5,-1.525,0.025078289821671082,0.00034075859800619505,0.005863423832017397,-0.005891426671250717,-1.1701555817122049e-05,5.288548045639881e-05,4.402496845554056e-05,7.92546831590555e-06,-1.9393390215162387e-05,-0.00017052948947579328,0.01638583909773002,-0.013960184023773277,-3.5154195236340403e-16,0.014735261936376408
0.5,-1.5125000000000002,0.02559905134390469,0.00012912782263412213,0.005897586033557828,-0.005922939284797314,-1.0811604980747978e-05,4.942798770580263e-05,6.0324415479515755e-05,2.2020161462573745e-05,-1.3791096546564165e-05,-0.00022820315920641643,0.016672438146638033,-0.014255055485626365,-4.958692555146442e-16,0.01504150557752193
0.5,-1.5,0.026109945308927296,-6.013029034113379e-05,0.0059318257296971265,-0.0059548208787487,-1.0001717599252511e-05,4.620471262575507e-05,7.533914031683898e-05,3.510459108382708e-05,-8.584020286100527e-06,-0.00028143940306886385,0.01695074031651482,-0.01455132472760124,-6.957671000082763e-16,0.01534333561224083
0.5,-1.4875,0.026604488396447613,-0.00022736940938481183,0.005966160099710706,-0.005987053552052974,-9.263941575167945e-06,4.318370864990313e-05,8.904781598473048e-05,4.716377727461536e-05,-3.789069172357402e-06,-0.00033004239877842544,0.017216485506817484,-0.01484829864810257,-9.6751369305538e-16,0.01563834003596593
0.5,-1.475,0.02707944078064537,-0.00037409254826068275,0.006000603761712867,-0.006019621226013056,-8.591167892525433e-06,4.0338388644788944e-05,0.0001014786002315655,5.821723222957178e-05,6.033499812162548e-07,-0.0003740731389292819,0.01746774360775414,-0.015145209947523447,-1.3351933169333124e-15,0.015925230422345983
0.5,-1.4625,0.02753405354797559,-0.0005019985045599784,0.0060351692880842136,-0.006052509602738569,-7.977040551762403e-06,3.764669785826503e-05,0.00011267202198850774,6.829309116825021e-05,4.6094555924556185e-06,-0.0004136568198353357,0.017704277413314158,-0.015441311781325453,-1.8246479439377445e-15,0.0162035706000485
0.5,-1.4500000000000002,0.027972506568392227,-0.0006126457608234663,0.0060698672441110955,-0.006085705717338539,-7.415875604177569e-06,3.50904176911415e-05,0.00012266861018672017,7.741948931020378e-05,8.245466079195583e-06,-0.0004489186378104864,0.017929097893529373,-0.015735981420554563,-2.4769334728559573e-15,0.016474606769434266
0.5,-1.4375,0.02840117188070088,-0.0007074453773278645,0.0061047065532975715,-0.006119197878788301,-6.9025885331373815e-06,3.265458026488499e-05,0.00013150889375736704,8.562456187498682e-05,1.1527599859271518e-05,-0.0004799837891686381,0.018146606445460643,-0.016028819953330494,-3.339455994951967e-15,0.016740388425862385
0.5,-1.425,0.02882759010340181,-0.0007876707467188002,0.0061396946956016,-0.0061529754980653535,-6.432629199878128e-06,3.032697651004134e-05,0.00013923340163161124,9.293644408215243e-05,1.4472075350518336e-05,-0.0005069774702236904,0.018361902242268975,-0.01631968140506467,-4.490083822843563e-15,0.017003437135812313
0.5,-1.4125,0.02926020254698954,-0.0008544708797189589,0.00617483773111227,-0.006187028789320994,-6.0019236601547215e-06,2.809774278609324e-05,0.00014588266274061644,9.938327115125447e-05,1.709511097077119e-05,-0.0005300248772895456,0.018580601257557734,-0.016608679147599947,-6.02583073559563e-15,0.017266659242135607
0.5,-1.4,0.029706515659063244,-0.0009089056445023864,0.006210140614958458,-0.006221348803877156,-5.606822167166236e-06,2.5959013200927446e-05,0.00015149720601554634,0.00010499317830184672,1.9412925137865234e-05,-0.000549251206680106,0.018807621283741336,-0.016896158788909547,-8.107296910687835e-15,0.017532725263556318
0.5,-1.3875000000000002,0.030177360522892695,-0.0009511161503589882,0.006245607221058218,-0.006255927209354887,-5.24405276840913e-06,2.390462660643506e-05,0.00015604862489652588,0.00010973817269500188,2.1419446422301564e-05,-0.0005645633918985747,0.019049946965651255,-0.017182622933314528,-1.0958724008429295e-14,0.017805414811823444
0.5,-1.375,0.030653084919124912,-0.0009784527811725452,0.006281240496277491,-0.0062907562308350245,-4.910679921537521e-06,2.1929878699486474e-05,0.00015923277085952802,0.00011336574925787121,2.3019444005245992e-05,-0.0005749953152053687,0.019293964497397235,-0.017468214602789658,-1.480531893529298e-14,0.01807802601274307
0.5,-1.3625,0.031130378396611803,-0.0009875630138705587,0.006317042491545403,-0.006325828496526374,-4.604067620068443e-06,2.003131115097059e-05,0.00016067655988948683,0.00011556727485912462,2.4095397220530166e-05,-0.0005793625960502058,0.019537018248312582,-0.017752592799736015,-1.993403464750133e-14,0.01834909164462634
0.5,-1.35,0.03160818945798982,-0.0009753325278304676,0.006353014511222259,-0.006361137025627998,-4.321846564262733e-06,1.8206530738302002e-05,0.0001600069079713366,0.00011603411636743242,2.4529785401985905e-05,-0.0005764808538828041,0.019777991566555936,-0.01803532232515927,-2.6781882157287375e-14,0.018617864739370802
0.5,-1.3375,0.032084638186363645,-0.0009389007900906155,0.006389157187677109,-0.006396675162226427,-4.06188494915034e-06,1.645405254284752e-05,0.00015685073109001187,0.00011445764065146479,2.4205087883444963e-05,-0.0005651657081528831,0.02001523774759831,-0.018315905754412914,-3.5822682022347226e-14,0.01888330011616507
0.5,-1.3250000000000002,0.03255875129807347,-0.0008756249814641875,0.006425470454250933,-0.006432436425647097,-3.822262490184181e-06,1.4773162201001671e-05,0.00015083494523044703,0.00011052921457989213,2.3003783998739152e-05,-0.0005442327783101609,0.020247733546893566,-0.018593792125439188,-4.7760883426533565e-14,0.01914463571115514
0.5,-1.3125,0.03303234952361199,-0.0007830501791854258,0.006461953737111635,-0.006468414595387979,-3.601247337945367e-06,1.3163792923278749e-05,0.000141586466377576,0.00010394020502138428,2.080835308170014e-05,-0.000512497683804355,0.020476318012850804,-0.018868435091443002,-6.342348300602408e-14,0.01940204114428095
0.5,-1.3,0.033505229801114374,-0.0006589498119336976,0.006498605819208953,-0.0065046034817703375,-3.3972755736768885e-06,1.1626413832307284e-05,0.0001287322105163336,9.438197884461185e-05,1.75012744661598e-05,-0.0004687760440851855,0.020700475935085075,-0.019139306001375197,-8.400854498718606e-14,0.01965501616154385
0.5,-1.2875,0.033987809135187654,-0.0005038671899133543,0.006535425067175776,-0.0065409970713240385,-3.2089330085778825e-06,1.0161926741151045e-05,0.00011215481620561194,8.175550895846997e-05,1.3049671482459196e-05,-0.0004127109084109517,0.020927004598752838,-0.019406324571531013,-1.1132960721383912e-13,0.019906939430379772
0.5,-1.275,0.034489720202654346,-0.0003287709925959925,0.006572409327965885,-0.006577589352163804,-3.0349390279936147e-06,8.771569158310052e-06,9.275981230013484e-05,6.68001924327541e-05,7.759243446976726e-06,-0.0003472550452742807,0.02116339483517454,-0.01967033638288861,-1.4852648330159173e-13,0.020161997948764106
0.5,-1.2625000000000002,0.03501115776305001,-0.0001465154849071082,0.006609556006481998,-0.006614374329201104,-2.8741322624533537e-06,7.456821840281661e-06,7.170845022858552e-05,5.0465032377485945e-05,2.0203336726005257e-06,-0.000276188652976386,0.021411060890806077,-0.01993268711886661,-1.9931590555278425e-13,0.020421589186198998
0.5,-1.25,0.035551807690251236,3.0931000306185896e-05,0.006646862142480137,-0.006651346046347287,-2.7254578787454892e-06,6.219319783544024e-06,5.016198141964464e-05,3.3699031902685196e-05,-3.776714527781978e-06,-0.00020329192981847214,0.021671064873825203,-0.02019476414090239,-2.6942767308379826e-13,0.020686954194572116
0.5,-1.2375,0.03611228263112017,0.0001924436316005306,0.0066843242878322495,-0.00668849841572434,-2.587956311818085e-06,5.06076594583459e-06,2.928165730199547e-05,1.7451194118373552e-05,-9.24155784128263e-06,-0.00013234507410175272,0.021945075505997884,-0.020457990970069492,-3.664760721278978e-13,0.020959654315256822
0.5,-1.225,0.03669421941863287,0.0003276788153466854,0.006721938724060904,-0.0067258253929465455,-2.4607532733636245e-06,3.982847530730042e-06,1.0228729304319799e-05,2.6705221345715233e-06,-1.3983852955013721e-05,-6.712828412743645e-05,0.022235429506360732,-0.020723837929151688,-5.024500116673378e-13,0.021241607262811074
0.5,-1.2125,0.03729878809472883,0.0004270148223098428,0.006759701308104227,-0.006763320785648514,-2.343050890983053e-06,2.9871549695615807e-06,-5.835551144700506e-06,-9.693980938700212e-06,-1.7613256556087446e-05,-1.1421758196732084e-05,0.022544139890991383,-0.02099381432166327,-6.934576343383416e-13,0.021534587455548208
0.5,-1.2000000000000002,0.03793376622729015,0.00048146060031645585,0.006797607536265564,-0.006800978284561953,-2.2341198514475418e-06,2.0751041423973603e-06,-1.7749932616382544e-05,-1.869331199142025e-05,-1.9739425331615812e-05,3.099430538914789e-05,0.022877595738141503,-0.0212695171983555,-9.668881443498579e-13,0.021842600328668492
0.5,-1.1875,0.03879967711573472,0.00048513036308108696,0.006835652609651266,-0.006838791499883101,-2.133292424202087e-06,1.2478626278387786e-06,-2.4696291990690556e-05,-2.366037951099326e-05,-2.0097423675779946e-05,5.743689320701712e-05,0.02336961891908239,-0.021554228482334892,-1.4640543569643146e-12,0.022234209352768892
0.5,-1.175,0.03960644353955984,0.0004480964211354056,0.00687383142234632,-0.006876753923685065,-2.0399562699298343e-06,5.062810013734263e-07,-2.722901938216988e-05,-2.505573837452249e-05,-1.8923946811036e-05,6.961173134576685e-05,0.023825628255355835,-0.0218492041071772,-2.1357240280910916e-12,0.022612762709931407
0.5,-1.1625,0.040334218707981366,0.0003819077498290603,0.006912138466496341,-0.006914858812127774,-1.9535489324633093e-06,-1.4916965380311666e-07,-2.6245633214012214e-05,-2.3621855056536673e-05,-1.6581097666909105e-05,7.032173077231178e-05,0.024231967485491352,-0.022151876956004006,-3.0055514307622305e-12,0.022970158835398886
0.5,-1.15,0.0409842040763061,0.0002971441395061154,0.006950568025785572,-0.006953099358598961,-1.873552942045571e-06,-7.184527700904764e-07,-2.2643651909408966e-05,-2.0101196031564326e-05,-1.3430979172924256e-05,6.236980245356558e-05,0.024589025286272367,-0.022459641534908047,-4.1101308174304884e-12,0.02330529877828236
0.5,-1.1375000000000002,0.04155827099966968,0.0002036494056209424,0.006989114025859259,-0.006991468526024174,-1.7994914477759109e-06,-1.2020126465320824e-06,-1.732059389155192e-05,-1.5236227774134267e-05,-9.83569425860673e-06,4.855885735644281e-05,0.024897569761628515,-0.022770093610941868,-5.4748615853898635e-12,0.023617373351219956
0.5,-1.125,0.04205903150057258,0.00011066062359178639,0.007027770066173305,-0.0070299590625668915,-1.7309243210968792e-06,-1.600810928456675e-06,-1.117397758363222e-05,-9.769416758774764e-06,-6.15734585348136e-06,3.1691806447856565e-05,0.025158792285078908,-0.0230810404099332,-7.122129902553441e-12,0.023905890152042943
0.5,-1.1125,0.042489987546385354,2.6919383938069994e-05,0.00706652953650094,-0.00706856360372715,-1.667444673300373e-06,-1.916352254781913e-06,-5.1013214088416995e-06,-4.443229460014696e-06,-2.7580368870734193e-06,1.4571560694721622e-05,0.02537440398998199,-0.02339050977654249,-9.04129024954484e-12,0.024170726472005324
0.5,-1.1,0.04286251320361456,-3.9232987239182765e-05,0.007105385458338527,-0.007107274500884085,-1.608675736405321e-06,-2.150698241943509e-06,-1.437903717652855e-10,-1.32352382567735e-10,1.2971109207075987e-10,1.0310639516978386e-09,0.025551271001419816,-0.023696808389847154,-1.1226340529416433e-11,0.024414476011899944
0.5,-1.0875000000000001,0.04337005954079765,-8.174703292855485e-05,0.007144330628204053,-0.00714608395311332,-1.5542680661618274e-06,-2.306469319984089e-06,3.4309939449893475e-06,2.9840925703006902e-06,1.8419028339666009e-06,-9.825416206649101e-06,0.025817295119090818,-0.024000108607723447,-1.4586408307525407e-11,0.024701182725226856
0.5,-1.075,0.04388275722154658,-0.00010319824625962356,0.007183357539338537,-0.0071849839186601495,-1.5038970283760298e-06,-2.386834202439639e-06,5.289358856066609e-06,4.600401237044837e-06,2.8394386644079602e-06,-1.5147593795716194e-05,0.026085618798668678,-0.02430149570769793,-1.8972230104561725e-11,0.02498796691473099
0.5,-1.0625,0.04440023261829644,-0.0001081089520042528,0.0072224583557421234,-0.007223966079865465,-1.4572605408511584e-06,-2.3954871293004023e-06,5.87117509808824e-06,5.106434057567272e-06,3.1517452077504924e-06,-1.6813859110994733e-05,0.02635625561766823,-0.024601250914795716,-2.4680846555776407e-11,0.025274982054981823
0.5,-1.05,0.044930746176019935,-0.00010077546606825633,0.0072616250606312195,-0.007263021983539015,-1.4140770386870999e-06,-2.3366133968269325e-06,5.472666826282564e-06,4.759831441585469e-06,2.9378304693285894e-06,-1.5672569560230185e-05,0.026634955070967456,-0.02489971509358707,-3.224332893156382e-11,0.02556527901645856
0.5,-1.0375,0.04547509973124078,-8.529285191483484e-05,0.0073008493166702455,-0.007302142894040547,-1.3740836455046122e-06,-2.2148440081091376e-06,4.390058195877851e-06,3.8182337988168745e-06,2.3567024544766212e-06,-1.2572082551167861e-05,0.026922476057397383,-0.025197282692297183,-4.228368345540809e-11,0.025859439852655045
0.5,-1.0250000000000001,0.04602932137778647,-6.55600493060389e-05,0.007340122496995561,-0.007341319818011146,-1.3370345245454875e-06,-2.035200638290256e-06,2.9195733621023844e-06,2.5392815389789305e-06,1.5673691685289613e-06,-8.360755491553104e-06,0.027216404876134012,-0.025494317772378518,-5.562115928502198e-11,0.026156444789729977
0.5,-1.0125,0.04659403521812534,-4.5280362921816514e-05,0.0073794357180335494,-0.007380543531687023,-1.3026994001776082e-06,-1.803032370616686e-06,1.3574364801844087e-06,1.1806150717890539e-06,7.288386168199623e-07,-3.886945789131148e-06,0.02751740143989675,-0.025791154969320655,-7.334927394743317e-11,0.026456795881215005
0.5,-1.0,0.04716936694618884,-2.7974141621595402e-05,0.007418779843486802,-0.007419804580106849,-1.2708622313914604e-06,-1.5239459372324646e-06,-1.2829464773745755e-10,-1.2519303525845262e-10,1.1880468402898026e-10,9.891483525029955e-10,0.02782579526279488,-0.026088122909295613,-9.70374612884385e-11,0.026760826684537938
0.5,-0.9875,0.0477492178437032,-1.625748920463407e-05,0.0074581454883318405,-0.0074590932770078775,-1.2413200254777323e-06,-1.2037313432152437e-06,-9.19496338333079e-07,-7.997446707932777e-07,-4.933846070006891e-07,2.633970935104474e-06,0.028137727294636452,-0.02638543336416703,-1.2838283094326592e-10,0.027066717819301127
0.5,-0.9750000000000001,0.04832777302500911,-9.729475827403354e-06,0.007497522928739201,-0.00749839961126061,-1.213881785816784e-06,-8.482848901358066e-07,-1.4174411514797026e-06,-1.2328320768510089e-06,-7.606753351808486e-07,4.06003727313881e-06,0.028449289361079107,-0.02668307934541901,-1.6959278533082606e-10,0.027372515707249603
0.5,-0.9625000000000001,0.048904528956552874,-7.294772217214536e-06,0.007536902259783053,-0.007537713401667499,-1.188367579715721e-06,-4.6353162491345953e-07,-1.5733357658629693e-06,-1.368421951591145e-06,-8.443594412593114e-07,4.506504886421428e-06,0.02876007154757099,-0.026980948387639796,-2.2349518736283422e-10,0.027677962965511633
0.5,-0.95,0.049479441953744555,-7.910832448156533e-06,0.007576273306839766,-0.007577024205979966,-1.1646077228455058e-06,-5.534923664952635e-08,-1.466553213258234e-06,-1.275548835396376e-06,-7.870429866389362e-07,4.20069049891823e-06,0.029069969284422084,-0.02727893167861674,-2.940076411140097e-10,0.0279829564866554
0.5,-0.9375,0.05005218056961854,-1.058453613320176e-05,0.00761562559592333,-0.007616321289332389,-1.142442071076812e-06,3.7050473325513956e-07,-1.176466525440862e-06,-1.0232472686493991e-06,-6.313320327225881e-07,3.3699108345951476e-06,0.02937868444223761,-0.0275769255322988,-3.8578755423017623e-10,0.028287298778322586
0.5,-0.925,0.05062264310290966,-1.4368974498961432e-05,0.007654948452980939,-0.007655593722079279,-1.1217194121978206e-06,8.084606251446394e-07,-7.824487341862133e-07,-6.805517917329086e-07,-4.198326409131287e-07,2.2414826174180984e-06,0.02968607059114378,-0.027874831020303515,-5.052088566533653e-10,0.028590870381410595
0.5,-0.9125000000000001,0.05119082650729711,-1.836054661207974e-05,0.007694230911138974,-0.007694830285977393,-1.1022969530070315e-06,1.2531978783380477e-06,-3.638728712696477e-07,-3.164969450295966e-07,-1.951508726134196e-07,1.0427225713529957e-06,0.02999204523735251,-0.028172554917796386,-6.598742114529611e-10,0.028893586512618245
0.5,-0.8999999999999999,0.05175664361481863,-2.1696277646068642e-05,0.007733461779008335,-0.007734019541787047,-1.0840398926140627e-06,1.6996984892166197e-06,-1.1196846652004618e-10,-1.1726892215229717e-10,1.0721077368059101e-10,9.474203657433176e-10,0.03029646834800175,-0.028470008872660903,-8.600622907437368e-10,0.02919533588535924
0.5,-0.8875,0.05232172439447695,-2.372946256012745e-05,0.007772629645818072,-0.007773149834011982,-1.0668210756075225e-06,2.143291818375111e-06,2.4623443682226237e-07,2.1414141087718538e-07,1.3233926852452356e-07,-7.045637845935509e-07,0.030600356124148662,-0.028767133136448127,-1.1186092153185212e-09,0.029496599508883614
0.5,-0.875,0.052887612820789416,-2.4547174256765078e-05,0.007811722818684507,-0.007812209228052968,-1.0505207171742379e-06,2.5796901351847086e-06,3.796607846936834e-07,3.30188127338065e-07,2.0395784263235926e-07,-1.0866826846382353e-06,0.03090473400876779,-0.029063918852279425,-1.4532878066657102e-09,0.02979788831198303
0.5,-0.8625,0.05345430290152407,-2.4407497440901294e-05,0.007850729359262669,-0.00785118554697285,-1.0350261925221261e-06,3.005014624830861e-06,4.2143500961919013e-07,3.6652062810059933e-07,2.2637919576965703e-07,-1.2063185938974966e-06,0.031209607078142066,-0.029360381392009225,-1.8849653955169637e-09,0.03009921505011204
0.5,-0.8500000000000001,0.05402180528451267,-2.3557480909819564e-05,0.007889637157448302,-0.00789006644551056,-1.02023188027148e-06,3.4158118816160244e-06,3.9282504607022865e-07,3.4163666080489966e-07,2.110195906088858e-07,-1.1243808265005176e-06,0.031514992342144825,-0.029656534365402762,-2.4418281801761016e-09,0.03040059743853053
0.5,-0.8374999999999999,0.05459004798985118,-2.2233757673623012e-05,0.007928433869143811,-0.007928839348314799,-1.006039053099206e-06,3.8090612009610728e-06,3.150988285182441e-07,2.7403397309107673e-07,1.6929528982251375e-07,-9.017786965764791e-07,0.03182085272111358,-0.029952388967824952,-3.1575293775167414e-09,0.030702024852888542
0.5,-0.825,0.05515897274509031,-2.0662952646393194e-05,0.007967106885661381,-0.00796749141993422,-9.923558027291554e-07,4.182173218050435e-06,2.0952429143468623e-07,1.8221031259924535e-07,1.126225560830116e-07,-5.994215182545746e-07,0.03212716159937578,-0.03024795296242471,-4.077156511767965e-09,0.031003490079072906
0.5,-0.8125,0.05572850644006567,-1.906225144336778e-05,0.008005643372921903,-0.008006009604689415,-9.790969931823946e-07,4.532980693193786e-06,9.736936929100053e-08,8.466342696951637e-08,5.2417652062847815e-08,-2.782186056639861e-07,0.032433883956909354,-0.03054323018817616,-5.25441198319691e-09,0.03130497966644495
0.5,-0.8,0.056298560540001236,-1.7639716947635772e-05,0.00804403034915736,-0.00804438070510089,-9.66184229149566e-07,4.859722368724547e-06,-9.800344136616105e-11,-1.0893615799798437e-10,9.684043449156374e-11,9.207270661013273e-10,0.03274097631481744,-0.03083821969954095,-6.7606620407007734e-09,0.03160647345706058
0.5,-0.7875000000000001,0.05686862627715759,-1.655099603973392e-05,0.008082254584794273,-0.008082591282521694,-9.535458305983474e-07,5.161020990571162e-06,-6.610433541829171e-08,-5.751806322621454e-08,-3.533615639573352e-08,1.899588166578032e-07,0.03304811332597955,-0.03113290932350845,-8.679326622527565e-09,0.03190780468742801
0.5,-0.7749999999999999,0.05743821707618644,-1.577127380516264e-05,0.008120302643712673,-0.008120627699139578,-9.411168050295189e-07,5.4358566701026024e-06,-1.0185390780495275e-07,-8.861137701016622e-08,-5.452777708608611e-08,2.923446032384393e-07,0.03335496822020803,-0.03142726895596336,-1.1119575340682074e-08,0.032208796851858484
0.5,-0.7625,0.05800722801933766,-1.5233426920648201e-05,0.008158160964079042,-0.008158476199524818,-9.288388057725764e-07,5.683536807224898e-06,-1.130454448938494e-07,-9.834533436791403e-08,-6.053700056096973e-08,3.2439867778662657e-07,0.03366146735691209,-0.031721256154913814,-1.4210583974249836e-08,0.03250939379706821
0.5,-0.75,0.05857554125716752,-1.4872409314583783e-05,0.008195815756230405,-0.008196122809174505,-9.16660070038267e-07,5.903663824793414e-06,-1.0537767097748354e-07,-9.167639215752035e-08,-5.6422805744788886e-08,3.024416312809877e-07,0.033967530887229015,-0.03201482146101035,-1.812096888741155e-08,0.03280953271350911
0.5,-0.7375,0.05914302639506546,-1.4625335874716086e-05,0.008233253046084061,-0.008233553378515331,-9.04535326485755e-07,6.096101954325657e-06,-8.454931034835649e-08,-7.356100723704718e-08,-4.5244171561947766e-08,2.4279405470014315e-07,0.03427307316200464,-0.032307907938348444,-2.304781091911354e-08,0.03310914412412452
0.5,-0.7250000000000001,0.059709538822414934,-1.4430855165716094e-05,0.008270458644649292,-0.008270753552919275,-8.92425666073268e-07,6.260944285232658e-06,-5.625908729896928e-08,-4.895563646455624e-08,-3.006007693685046e-08,1.6177653902271306e-07,0.03457800174944934,-0.03260045063484916,-2.9246373709629055e-08,0.033408151132425776
0.5,-0.7124999999999999,0.06027490862178529,-1.422935696297313e-05,0.00830741834698937,-0.00830770897207309,-8.802983703296264e-07,6.398481217115307e-06,-2.6205726121822623e-08,-2.2816736698108975e-08,-1.3929500793900823e-08,7.570967522731629e-08,0.034882210265271225,-0.03289237623352352,-3.701317559842522e-08,0.033706465668970245
0.5,-0.7,0.060838958761554,-1.3962138710469478e-05,0.008344117675533268,-0.008344405013588393,-8.681266901624514e-07,6.509171413932073e-06,-8.795110941883166e-11,-1.007647957681976e-10,8.857794249641888e-11,9.140542925763628e-10,0.03518559040068529,-0.03318360274268451,-4.672932563229987e-08,0.034003994370243026
0.5,-0.6875,0.06140161998919208,-1.3582611236628672e-05,0.008380542079840765,-0.008380826992948296,-8.558895725025095e-07,6.593616236753037e-06,1.7599796610935566e-08,1.528324506689801e-08,9.58161806476139e-09,-4.9738684342735165e-08,0.03548810967410523,-0.03347404087374578,-5.8837487124333113e-08,0.034300678139095916
0.5,-0.675,0.06196275473220796,-1.3087083069408426e-05,0.00841667679115792,-0.008416960018130736,-8.435713308539914e-07,6.652538587022545e-06,2.718020857271084e-08,2.3615949444295014e-08,1.4722829232610218e-08,-7.71727073992365e-08,0.035789697862902564,-0.03376359561867938,-7.390258159688387e-08,0.03459643618128378
0.5,-0.6625000000000001,0.06252212769729554,-1.2481375648144809e-05,0.008452507028125078,-0.008452789195260324,-8.311612578933876e-07,6.686766997004615e-06,3.0180259474571705e-08,2.6225427573321753e-08,1.6331858822583167e-08,-8.576113313739393e-08,0.03609022358617348,-0.0340521646436528,-9.257295983159172e-08,0.03489115347769538
0.5,-0.6499999999999999,0.06307948617303101,-1.1768330280188662e-05,0.008488017851130403,-0.008488299482794488,-8.186531781869383e-07,6.697225834530182e-06,2.8126924015182864e-08,2.4439758690877174e-08,1.5228354211220493e-08,-7.98770798176738e-08,0.03638954665549965,-0.034339636952086784,-1.1566925269965419e-07,0.035184706336199925
0.5,-0.6375,0.06363456075513298,-1.0948819116348437e-05,0.008523194171172699,-0.008523475700100966,-8.060449428962692e-07,6.684932622753417e-06,2.2547176893209104e-08,1.9587022033860313e-08,1.2231962775062518e-08,-6.389366570054259e-08,0.03668751855522847,-0.034625892964799974,-1.441295199001811e-07,0.035476962642807655
0.5,-0.625,0.0641870651733071,-1.0019847868244032e-05,0.00855802096354632,-0.008558302740757133,-7.933378627818763e-07,6.651003880283248e-06,1.496799280731518e-08,1.2995296839170157e-08,8.162331890649534e-09,-4.218400904646691e-08,0.03698398226546272,-0.034910805028380905,-1.7913159066156766e-07,0.035767782085051186
0.5,-0.6125,0.06473669760085123,-8.975967973417784e-06,0.008592482956203044,-0.008592765260422387,-7.80536079938346e-07,6.59667169158409e-06,6.9163464561658474e-09,5.992662343705669e-09,3.839108934521816e-09,-1.9121228115913097e-08,0.03727877290176613,-0.03519423761134657,-2.2201403637884956e-07,0.036057016526813666
0.5,-0.6000000000000001,0.06528314065093135,-7.80670820424161e-06,0.008626564925673848,-0.008626847972181266,-7.676458712414826e-07,6.523314565146934e-06,-8.078746157416216e-11,-9.280221563416696e-11,8.194128321965399e-11,9.215588306523928e-10,0.037571717629671326,-0.03547604807026012,-2.7444387188564307e-07,0.03634451041687672
0.5,-0.5874999999999999,0.06582603634282867,-6.4958470143250576e-06,0.008660251546766503,-0.008660535495574741,-7.546748719879311e-07,6.432508191113396e-06,-4.819120702251011e-09,-4.213673535252455e-09,-2.4627363810199705e-09,1.4495376596604317e-08,0.037862618591331866,-0.03575608651461053,-3.383017698954792e-07,0.036630092127509825
0.5,-0.575,0.06636501528108553,-5.0100073593852615e-06,0.008693527487922934,-0.008693812451205934,-7.41631197822686e-07,6.32610434168851e-06,-7.385110842254066e-09,-6.445152044760262e-09,-3.841340153173025e-09,2.1847822240680863e-08,0.03815127103391858,-0.036034196373331495,-4.1590856072197387e-07,0.036913583375107556
0.5,-0.5625,0.06689972119145032,-3.3097058092979816e-06,0.008726377425886247,-0.008726663474566564,-7.285224291899455e-07,6.206349076573792e-06,-8.187901912983872e-09,-7.143094107070968e-09,-4.273498822518923e-09,2.415063588546217e-08,0.038437480735736815,-0.0363102152034578,-5.09872053588012e-07,0.03719480826723284
0.5,-0.55,0.0674297866812801,-1.347657103839723e-06,0.008758785932324606,-0.008759073101723905,-7.153544133120593e-07,6.076053557142839e-06,-7.636637945840863e-09,-6.663356085097868e-09,-3.978841178337022e-09,2.2575557653528073e-08,0.038721047678641936,-0.03658397638247951,-6.233837481505355e-07,0.037473586049481616
0.5,-0.5375000000000001,0.06795484066508627,9.27750833848732e-07,0.008790737743390804,-0.008791026037840719,-7.021298191326957e-07,5.9388304425268e-06,-6.140462972225481e-09,-5.361794341754246e-09,-3.176996009906676e-09,1.82943276674584e-08,0.039001771214657914,-0.036855309628165626,-7.60006344892948e-07,0.03774973387034035
0.5,-0.5249999999999999,0.06847449182351766,3.5781345651023576e-06,0.008822217432851309,-0.008822506829161652,-6.888463965476698e-07,5.799403528107489e-06,-4.108521023538112e-09,-3.5942652399533546e-09,-2.087592106507216e-09,1.2478686049832855e-08,0.0392794384943758,-0.037124042537011875,-9.240564457458108e-07,0.03802306179450717
0.5,-0.5125,0.06898834774672734,6.670567640330632e-06,0.00885320977066508,-0.008853500220368968,-6.754949069729313e-07,5.663984846195745e-06,-1.94995613117928e-09,-1.7166251426085554e-09,-9.302582574180401e-10,6.300372923231509e-09,0.03955383757284806,-0.03739000118428905,-1.1203201587361656e-06,0.03829337957600031
0.5,-0.5,0.06949601292553048,1.028472333482639e-05,0.008883699480003206,-0.00888399091037136,-6.620567657865549e-07,5.5406896433772405e-06,-7.391232654938386e-11,-8.4730412633108e-11,7.537674808151286e-11,9.311284102340934e-10,0.039824755632531225,-0.03765301191635741,-1.3545406293498898e-06,0.03856049659830854
1.285,-2.1,0.1025807200179242,-1.0,-0.003630157213147696,-0.0079702065033053,-0.004697824653807064,0.013125780559232532,0.0,0.0,0.0,0.0,0.07125768012941562,0.010327026864441445,1.752816528554058e-57,0.02000657752180765
1.285,-2.0875,0.087101564339205,-1.0,-0.0032678563772200395,-0.007853884891154852,-0.0045997950275082165,0.01130761052931199,-1.1318976678877851e-05,-3.4846083167390826e-06,-7.159738771860524e-06,-9.833561749876086e-08,0.05811012864745258,0.008699227430900427,-6.623304769716153e-44,0.014508028022427975
1.285,-2.075,0.07465430380037237,-1.0,-0.0029149369936143426,-0.007732683181245899,-0.004495520407392496,0.009588972287708756,-8.179323519776927e-05,-2.53207460115599e-05,-5.175542158364925e-05,-1.2242270665621777e-06,0.04786713658726584,0.007359131047837924,-4.662994029007206e-57,0.0103164429894838
1.285,-2.0625,0.06460121292510762,-1.0,-0.002573696165578039,-0.007607473122857712,-0.004385323524992894,0.007976248346901794,-0.0002477136774044633,-7.705987083079844e-05,-0.0001568857611457575,-5.487362642319577e-06,0.04002253148349116,0.006265410173721706,1.7435708751716173e-43,0.00719892617178901
1.285,-2.0500000000000003,0.057236140400977034,-1.0,-0.0022462827664043437,-0.007479078895053137,-0.0042695014677836055,0.006474346669530697,-0.0005232604875699415,-0.0001634951528773904,-0.00033186721212682187,-1.5839982408506563e-05,0.03495374935681101,0.0053685165118423075,1.088268397216908e-56,0.005368516797314656
1.285,-2.0375,0.052030401723658186,-1.0,-0.0019346302908011133,-0.007348266751628431,-0.004148317773015804,0.005086705079529613,-0.0009041162471641162,-0.00028365372515543085,-0.0005744785017001264,-3.5588359317178013e-05,0.03217638613371121,0.004611209977205625,-5.264226994714107e-43,0.004611210265640382
1.285,-2.025,0.04703548150473653,-1.0,-0.0016403665628790876,-0.0072157379664130284,-0.004021996747916179,0.0038153070206607817,-0.0013714431781087575,-0.00043198174361820505,-0.0008733612363513684,-6.784121338643929e-05,0.02972508032410699,0.0039604505499347565,1.7345989347759845e-56,0.00396045084135686
1.285,-2.0125,0.045002987245378934,-1.0,-0.0013646927235897318,-0.0070821254821917335,-0.0038907213173650966,0.0026607006712889513,-0.0018960479512525935,-0.0005996301905294559,-0.001210511879307898,-0.00011496310946661609,0.030324388956352203,0.003367039348912924,1.831015227663727e-42,0.004802754802487597
1.285,-2.0,0.04260086524992563,-1.0,-0.001108221715765175,-0.006947996087587144,-0.0037546361216499635,0.0016220126236300778,-0.0024425790487259806,-0.0007757658696095944,-0.0015638048081651982,-0.00017809831373774852,0.030595180826431905,0.002786148911507453,-5.911874181280794e-56,0.005470641664940452
1.285,-1.9875,0.04013560696555856,-1.0,-0.0008707686592974983,-0.006813858583959563,-0.003613858080900137,0.0006969473326846289,-0.0029736232207449444,-0.0009488485561004811,-0.001909490577501976,-0.0002568280086937266,0.030751454471720317,0.00221326202063028,-6.801305235045167e-42,0.006073075361911544
1.285,-1.975,0.03708862875823022,-1.0,-0.0006510875390876194,-0.006680180154823779,-0.0034684971736367565,-0.00011823484026319002,-0.003453589129347682,-0.001107831779544633,-0.002224617926491467,-0.0003490211909809153,0.030182242214040117,0.0016487812648804338,-5.31272725228775e-55,0.0063041134786622575
1.285,-1.9625000000000001,0.03357304607282891,-1.0,-0.00044655845596415717,-0.0065474117819317975,-0.003318690568202946,-0.0008287635570654714,-0.003852287823458456,-0.0012432612317364493,-0.0024893324867317976,-0.000450937001071504,0.028913895432263945,0.0011020132949216208,2.3499162325597235e-41,0.006172055152559342
1.285,-1.9500000000000002,0.03007597925617992,-0.48210103423612233,-0.00025284559037293703,-0.006416024134837214,-0.003164653274320817,-0.0014414222583537752,-0.0041481412415869875,-0.0013482613069652402,-0.002689009560734408,-0.0005576336583643367,0.027105995208343406,0.0005816026681354624,-7.772386177144877e-55,0.00575218277281321
1.285,-1.9375,0.027685926417015568,-0.11449030007383208,-6.357375090323061e-05,-0.006286554272778145,-0.003006747725180645,-0.0019646087337450643,-0.004330971490383865,-0.0014194167963317648,-0.002816182756725131,-0.0006637365999184206,0.025310870652356755,8.903431275395076e-05,-7.54117576468024e-41,0.00531976352989077
1.285,-1.925,0.026232063442602135,0.01090899153698327,0.0001298879326750166,-0.006159661302366558,-0.002845572523286796,-0.0024083497971480895,-0.004404345199185076,-0.0014575732725819873,-0.00287223468062834,-0.0007646158456367616,0.02400481748018778,-0.00038495314555097183,-1.850780542552311e-54,0.005117454285514324
1.285,-1.9125,0.025710175915262954,0.05466654706771653,0.0003383976968015314,-0.006036186924226898,-0.0026820663096127958,-0.002784200172929359,-0.004387468802591591,-0.0014685962165638113,-0.002868820301320396,-0.0008580200373306928,0.023294797146423595,-0.000852793664934016,2.5251537553525486e-40,0.005204855936756042
1.285,-1.9000000000000001,0.0286277258828484,0.05656270430571375,0.0005745835286728848,-0.00591721172781384,-0.0025176157609615437,-0.003104929354206203,-0.004316652155042278,-0.0014641454510744838,-0.002828998020454312,-0.0009462120237072433,0.024889993601559798,-0.0013467917701763493,3.726362548867415e-53,0.006452638011835075
1.285,-1.8875000000000002,0.029543873945910144,0.06149178703712901,0.0008517555788131331,-0.0058040927305813795,-0.0023541471362891844,-0.00338388888677474,-0.0042347366292883985,-0.0014583087117261842,-0.0027806165572517747,-0.0010358541516175008,0.025192763820154302,-0.0018697943615537992,-9.938300883789976e-40,0.0070633432318884535
1.285,-1.875,0.029653004538385618,0.06635303609996054,0.0011820463578293616,-0.00569846292631976,-0.002194170193083411,-0.003633978803201162,-0.0041504879517306826,-0.0014531507867947342,-0.002730216614976919,-0.0011286763713362503,0.02501659310790054,-0.0023906369549294053,4.621575716856866e-53,0.007428075000597054
1.285,-1.8625,0.02965334451550513,0.06952442593979513,0.001573814757650776,-0.005602170609921578,-0.0020407356439052136,-0.0038662211521542037,-0.004062607947707675,-0.001447145584008778,-0.0026779705949446656,-0.001224478980936864,0.024827373202222797,-0.0029025613365073633,3.5352777769441955e-39,0.007776348453263655
1.285,-1.85,0.029574729734044854,0.07119068419295535,0.0020286689763340565,-0.005517141767115377,-0.0018972688768530161,-0.004088111552795915,-0.003969798442557907,-0.0014387670110969561,-0.002624050898469929,-0.0013230622784927196,0.024640358626298747,-0.0034062247405892017,2.9329589955708643e-52,0.008116049142956824
1.285,-1.8375000000000001,0.029451848877876767,0.07143883647796297,0.002538857590862054,-0.005445163275608116,-0.0017672607129529702,-0.004302126670291226,-0.0038707612616199235,-0.0014264889757879132,-0.0025686299268676297,-0.0014242265620771943,0.02447089819038835,-0.0039029105560258125,-1.2539348884276422e-38,0.008455420547525044
1.285,-1.8250000000000002,0.029324956471252953,0.07035421684571955,0.0030860698879337386,-0.005387611068997253,-0.0016538336196739423,-0.0045049253761769645,-0.003764198230232259,-0.001408785385810291,-0.0025118800814526816,-0.0015277721297636622,0.024334562924899435,-0.004394622644632612,5.885743209870146e-52,0.00880314123127053
1.285,-1.8125,0.029243615797570982,0.06805473324025532,0.0036426156074265245,-0.005345177568983393,-0.0015592527158840436,-0.004687760575243862,-0.00364881117373345,-0.0013841301488927312,-0.002453973763540004,-0.0016334992796255025,0.02425007569535936,-0.004884050911695596,4.4600347456384924e-38,0.00916981558553057
1.285,-1.8,0.0292509134553213,0.06472595849554838,0.004175340957421409,-0.005317673586511104,-0.0014844958796580972,-0.004838319569580586,-0.0035233019174620373,-0.0013509971727638773,-0.002395083374444514,-0.001741208309736086,0.02423013734591096,-0.005374546952080547,5.323895321133965e-52,0.00956336907605518
1.285,-1.7875,0.02926210374515582,0.060084360480920224,0.004850171052595355,-0.0053052544748415234,-0.0014312854888871248,-0.005043769637475778,-0.003387746724107305,-0.0013092294152087488,-0.002335380651578994,-0.0018506767912791979,0.02427031627810449,-0.005867738168965592,-1.5995449840326548e-37,0.009982290417893176
1.285,-1.7750000000000001,0.029310362552101545,0.054161364857964446,0.005516677166665049,-0.005312448227815518,-0.0014085893620871663,-0.005234969834186896,-0.0032477196057615217,-0.0012641460342378652,-0.002275034676747679,-0.001961591387880248,0.02434310718131713,-0.006361057238610388,-1.95811371887343e-50,0.010411345836087535
1.285,-1.7625000000000002,0.029451877801063567,0.0480618295571377,0.005905727706112899,-0.005333597325250354,-0.001408440783586913,-0.005277510031454182,-0.0031101690118677037,-0.0012224352379181255,-0.0022142138678526726,-0.0020736160362750515,0.024401277727439864,-0.0068487357764213525,5.7527103360387655e-37,0.010823875867787467
1.285,-1.75,0.02959645493154563,0.04233592061155874,0.006034095996629686,-0.005361529427121042,-0.001419110446138217,-0.005178732460716111,-0.0029820433918688683,-0.0011907852343164282,-0.0021530866427960757,-0.002186414673199427,0.02439702436606706,-0.0073232086105991185,-2.4529221173090104e-50,0.01119217860846796
1.285,-1.7375,0.02963260830609337,0.03735676735482192,0.00596238154269476,-0.005390288550160477,-0.0014299407347483607,-0.004968343009593703,-0.002870291195208033,-0.00117588423149967,-0.002091821419479992,-0.002299651235389187,0.02428355647823969,-0.007775230962136849,-2.038150322278594e-36,0.01148830706879579
1.285,-1.725,0.02943838930816704,0.03332578562376232,0.005777734961028955,-0.005416002769947802,-0.0014332628251930077,-0.004690287912517001,-0.0027818608713282155,-0.0011844204375347487,-0.0020305866158065213,-0.002412989659580149,0.02401623540401614,-0.00819351110171863,-1.6138666408902064e-49,0.011684545198977256
1.285,-1.7125000000000001,0.02889462423329378,0.03026773429477085,0.005574750612426915,-0.0054372041078603805,-0.0014255466155582697,-0.004393414648280716,-0.0027237008696724295,-0.0012230820604885633,-0.0019695506496777665,-0.0025260938825081287,0.023554684779789913,-0.008565264466155425,6.964621258024055e-36,0.011754604400270615
1.285,-1.7000000000000002,0.027893816769166295,0.028029940612630286,0.005439982570261201,-0.005454688203550709,-0.0014077244288764857,-0.004123662900937354,-0.0027027596396836926,-0.00129855730842801,-0.0019088819389958282,-0.0026386278409089425,0.022863436269288266,-0.008876419565146083,-4.460029954321172e-49,0.011674040234548294
1.285,-1.6875,0.02639669098294948,0.026254566443001958,0.0054427012682864715,-0.005471093618430323,-0.0013848509621555624,-0.0039191772696435985,-0.0027214592177586283,-0.001413016155341906,-0.0018487367617717873,-0.0027502471802534683,0.02194112185978494,-0.009119293305926085,-2.2398271714300395e-35,0.01143862039927152
1.285,-1.675,0.024516561106977353,0.02450018105349808,0.005532540058876436,-0.005490066543977283,-0.0013645450141278768,-0.0037585246325509414,-0.002764115988108274,-0.001550555638906727,-0.0017892228364526437,-0.0028605743809528134,0.020830984253975945,-0.009301343260248798,-1.407031276567744e-48,0.011073877964851628
1.285,-1.6625,0.02464013749527822,0.02208745625250521,0.005484841465358077,-0.005509781660015973,-0.0013429297934768394,-0.003529700274384355,-0.0028105199218972756,-0.0016907545627208708,-0.0017304357415943749,-0.002969223632153148,0.021023076624777134,-0.009459327556004558,7.587199342968755e-35,0.011343386594848598
1.285,-1.6500000000000001,0.024804048400571595,0.01996666322663981,0.005450728751063316,-0.00552922165439652,-0.0013175826317996576,-0.0033088682238393077,-0.002840460990290275,-0.0018131917303827333,-0.0016724710557529583,-0.003075809123000644,0.02123104208778386,-0.009632967475121004,-3.525410316007698e-48,0.011624051015658558
1.285,-1.6375000000000002,0.025068124462705125,0.01807786225984351,0.005431097948442143,-0.005548713358654763,-0.0012891843504899709,-0.0030977624963204175,-0.00283372916445192,-0.0018974459454907118,-0.0016154243574843716,-0.003179945042641472,0.021473206888480666,-0.009843802387654322,-2.8629856989652744e-34,0.011936029511529484
1.285,-1.625,0.025363281927800303,0.016408908702309998,0.005425240451785732,-0.00556855964855578,-0.0012584533394324358,-0.0028971429942586738,-0.002770114415546853,-0.0019230960116432016,-0.001559391225344592,-0.0032812455802218045,0.02168156444223196,-0.010113237951550518,-1.7455436296783539e-46,0.012256236876569062
1.285,-1.6125,0.025659183643941964,0.014931771070073747,0.005431577944147089,-0.005589015325381681,-0.001226074556719788,-0.002707161809199724,-0.0026294067147397187,-0.0018697207324385985,-0.0015044672378895986,-0.0033793249248878056,0.02181409626623206,-0.010461696985751515,1.047570082988942e-33,0.012574078256501978
1.285,-1.6,0.025948177955264093,0.013615047909570608,0.00544817790358988,-0.00561027833937756,-0.0011926597023992663,-0.002527629103805557,-0.0023913960331951633,-0.001716898911475299,-0.0014507479736753685,-0.0034737972657856477,0.021844014845952563,-0.010909260790205388,-2.2996910178692147e-45,0.012886391323898336
1.285,-1.5875,0.026333515871269253,0.012412358799624285,0.005473079936127309,-0.005632490739546667,-0.0011587297827100058,-0.0023581898701981194,-0.002044367048922746,-0.001452678537686598,-0.001398342565046979,-0.00356420652534973,0.021828088706248652,-0.011464283460071651,-3.580947367109671e-33,0.013225916645394924
1.285,-1.5750000000000002,0.027012317895601903,0.011267724062177142,0.005504478917560373,-0.0056557445828293775,-0.0011247122870784673,-0.0021984318261620917,-0.0016105832673117524,-0.001098984341345427,-0.0013474143595059098,-0.0036498155591673494,0.021915863857911794,-0.012112354556156463,-2.951593335388779e-44,0.013660390610067304
1.285,-1.5625,0.02780989764898755,0.010215240601261446,0.005540810319417562,-0.005680090062623564,-0.0010909469437363753,-0.0020479449851008424,-0.0011208029005963405,-0.0006862102380595859,-0.0012981402583427358,-0.00372981695611404,0.022019038433735674,-0.012826287947027207,1.188098860456021e-32,0.014132227876719304
1.285,-1.55,0.028672660860788308,0.009260011833270573,0.005580774267657348,-0.005705544030604535,-0.0010576958044957619,-0.0019063498890592382,-0.0006057841610107215,-0.0002447501434369131,-0.001250697162848036,-0.0038034033050653223,0.022130923974788604,-0.01357673843668087,-3.581170245914924e-43,0.014623561535811673
1.285,-1.5375,0.029574287784396074,0.008402285158427338,0.005623324624383795,-0.005732097737665805,-0.0010251548922227602,-0.0017733070274990061,-9.628526078907674e-05,0.00019500202691477572,-0.0012052619743123888,-0.0038697671948967273,0.022263411534245457,-0.014333614869336942,-3.829482498775244e-32,0.015125432991658442
1.285,-1.525,0.030486502383732687,0.007642921787084786,0.005667641028961846,-0.005759723652413062,-0.0009934657631715193,-0.0016485159244960413,0.0003769355878344138,0.0006026523573876661,-0.0011620115940263697,-0.003928101214483782,0.022427369880254826,-0.015066365257115773,-4.286892748630458e-42,0.015628135051990264
1.285,-1.5125000000000002,0.03137184759297302,0.006983802802609341,0.0057130944769523025,-0.005788380916889037,-0.0009627261002404652,-0.0015317092662688035,0.0007831201726255385,0.0009478069323739164,-0.001121122923280559,-0.003977597952702014,0.02262783438692386,-0.015743904431191752,1.240875303171309e-31,0.016118769984632464
1.285,-1.5,0.03217357612895603,0.006428247414980126,0.005759212966986301,-0.005818019830118152,-0.0009329989457625956,-0.0014226452292846919,0.0010915102813501376,0.0012000718362657299,-0.0010827728633655313,-0.00401744999842695,0.022857311448173337,-0.016334426380180407,-5.27337988291816e-41,0.01657780935176245
1.285,-1.4875,0.03283612722513034,0.005973673500543171,0.005805650050057761,-0.005848585176637966,-0.0009043204818137082,-0.0013210997284976243,0.0012803261337769641,0.0013379209747479725,-0.0010470517245443507,-0.004047017510781423,0.02309918552058571,-0.016818471785408847,-4.221447754163709e-31,0.016987330773266824
1.285,-1.475,0.03332878312396002,0.005604869661819173,0.00585215777701636,-0.0058800187661249784,-0.0008767064276421635,-0.0012268594122090417,0.0013637016776866422,0.0013752995386763468,-0.0010137034529700134,-0.004066330929877481,0.023321286902165374,-0.017202633587725613,-6.877025307966685e-40,0.017334655988321783
1.285,-1.4625,0.033650033141873474,0.005301413131247049,0.005898564379146948,-0.005912261442073319,-0.0008501572020953214,-0.0011397157062323405,0.0013647492928627488,0.0013350205401992526,-0.0009823854037679998,-0.00407558826607448,0.023500646534363206,-0.01750684831468815,1.5006249783674945e-30,0.017618373257311935
1.285,-1.4500000000000002,0.033836125126295837,0.005042897651404614,0.005944755950790792,-0.0059452542750793895,-0.0008246620267637166,-0.0010594599435325021,0.0013065813590888656,0.001239896991465095,-0.0009527549320637926,-0.00407498752973177,0.023639356166137927,-0.01775150904222501,-9.205130440956581e-39,0.0178498251786478
1.285,-1.4375,0.03393993818332818,0.004810308940616149,0.005990662193996142,-0.005978939665328032,-0.0008002021474689462,-0.0009858794728498511,0.0012123102561485666,0.001112741904622269,-0.0009244693929828711,-0.004064726731208712,0.023750345201301266,-0.017957861334541782,-5.396674740791164e-30,0.01804619441439123
1.285,-1.425,0.034022939384443014,0.00458614549226521,0.00603624513150636,-0.006013261969207926,-0.0007767533341029541,-0.0009187546058563132,0.0011050483638254337,0.0009763682918191809,-0.0008971861416507166,-0.004045003880864652,0.0238519643668342,-0.01814814749697862,-1.241237108163883e-37,0.01822786873792063
1.285,-1.4125,0.0341529859636262,0.0043542953871753675,0.006081490453657037,-0.006048167976706066,-0.0007542877977685721,-0.0008578562567574132,0.001007908061903044,0.0008535891652042307,-0.0008705625331928106,-0.0040160169890589474,0.023966501469736952,-0.018345652583376268,1.946944109162764e-29,0.01841772132340068
1.285,-1.4,0.03438931814448878,0.004100823012006152,0.006126400852988716,-0.006083607168180707,-0.0007327756456000659,-0.0008029441455279406,0.000944001730164976,0.0007672175369258181,-0.0008442559227346334,-0.003977964066150953,0.024110200846415426,-0.01857461999945719,-1.6777255980530083e-36,0.018636079180634244
1.285,-1.3875000000000002,0.034856058295055135,0.0038217493184424197,0.0061709909826200456,-0.006119531871281008,-0.0007121859698057923,-0.0007537654735774652,0.0009294249954532797,0.0007334461019924447,-0.000818221787345259,-0.003930339262987476,0.024349633608368358,-0.018850754339215733,-7.075372841824307e-29,0.018924159220950146
1.285,-1.375,0.03541733085950645,0.00356682283702512,0.0062152838300237115,-0.006155897500671954,-0.0006924876496552509,-0.0007100540033356817,0.0009522064728438803,0.0007419862868529938,-0.0007936080918681241,-0.0038698212923651523,0.024601572487148355,-0.019169693242889484,-2.2942240463934346e-35,0.019238242339864823
1.285,-1.3625,0.03604258013382146,0.0033872534452054153,0.006259307762039634,-0.0061926624464377624,-0.000673649931189796,-0.0006715294997476747,0.0009933580244711727,0.0007759292008164481,-0.00077186092309026,-0.003792385007568069,0.024861019756060476,-0.0195156992396467,2.5529970581302666e-28,0.019568032957629166
1.285,-1.35,0.03672124727761959,0.0033284857548470303,0.006303094613859169,-0.006229788228623963,-0.0006556428353370362,-0.0006378975173118376,0.001033891512469552,0.0008183659531917891,-0.0007544263677986964,-0.003694005261880314,0.02513643846768636,-0.0198726910587903,-3.1001070064158923e-34,0.019909790856310717
1.285,-1.3375,0.03743536963276187,0.0034313323199638324,0.006346678100280816,-0.006267239385033756,-0.000638437434505839,-0.0006088495244999143,0.0010548187989734136,0.0008523876532880001,-0.0007427505127804634,-0.0035706569085859757,0.02543144177053897,-0.020224365598932176,-9.225844108180258e-28,0.020257236614779482
1.285,-1.3250000000000002,0.03817502152187401,0.0037314227417083387,0.006390092872885435,-0.0063049835589687525,-0.0006220060308498589,-0.000584063376987707,0.001037151746117153,0.0008610854104140614,-0.0007382794448225918,-0.003418314800969151,0.025755073912106293,-0.020554225484503714,-4.274049967451131e-33,0.02060670629525629
1.285,-1.3125,0.038955174695006214,0.004258487903223002,0.00643337374013664,-0.006342991412884789,-0.0006063222607592024,-0.0005632041471198718,0.0009619022160351631,0.0008275503338789555,-0.0007424592507121109,-0.003232953792313913,0.026132964105872215,-0.020845826518689783,3.4734739431070156e-27,0.020962852020704616
1.285,-1.3,0.03977117955534664,0.00503793778997952,0.006476555236996558,-0.0063812366386470564,-0.0005913611469651564,-0.000545925326299339,0.0008100820708618424,0.000734873532991665,-0.0007567360172360511,-0.0030105487359043657,0.026577627377861734,-0.02108282356806114,-6.305445498244733e-32,0.021323815604916196
1.285,-1.2875,0.040552423290224196,0.006060610473573,0.006519671278667341,-0.0064196958576377,-0.0005770991136379161,-0.0005318704081659412,0.0005705308149764845,0.0005724711356316086,-0.0007814316788699505,-0.002749645975635412,0.027051122378014693,-0.021257812711624947,-1.4108717575206078e-26,0.021666978563284887
1.285,-1.275,0.04122674982504023,0.0071928508097045445,0.006562755155620615,-0.00645834871740966,-0.0005635139781077385,-0.0005206748582096848,0.00026339852173798395,0.00035505934395994995,-0.0008123715608433817,-0.002459077817845259,0.027494474615713083,-0.021381473124176865,-9.803089758013786e-31,0.021968244807379866
1.285,-1.2625000000000002,0.04179346611656597,0.008281041705414464,0.006605839388643951,-0.006497177734402141,-0.0005505849284568266,-0.0005119684645600069,-8.333709324983982e-05,0.0001036793787083079,-0.0008442568360744231,-0.002150248059482951,0.02788983401244095,-0.021473640515117496,5.791167432041895e-26,0.022228656271627057
1.285,-1.25,0.042248214402051835,0.009187849477277724,0.0066489558885562275,-0.00653616835850482,-0.0005382924969363413,-0.0005053780541455556,-0.0004416983143832101,-0.00016062753939172984,-0.0008717886774811566,-0.0018345604974974994,0.0282169276017711,-0.02155418723583169,-1.4944731906264065e-29,0.02244805933386402
1.285,-1.2375,0.04259744386783192,0.009787922611854512,0.006692136018091147,-0.006575308874904059,-0.0005266185334658622,-0.0005005305459810576,-0.0007837074260583065,-0.00041682018960854337,-0.0008896682579816595,-0.0015234189288379494,0.02846268995019858,-0.021643046273407678,-2.282432207550999e-25,0.022629932242031872
1.285,-1.225,0.04285977748930516,0.00996426099758168,0.00673541077462523,-0.0066145903858205,-0.000515546185462732,-0.0004970562974529547,-0.001081386712671335,-0.0006438573512105324,-0.0008925967504940138,-0.0012282271504533294,0.028622118234782497,-0.02176032726181701,-2.1548453175944044e-28,0.022781870564580343
1.285,-1.2125,0.04305164526734228,0.009606498059966702,0.006778811004191879,-0.006654006800148346,-0.0005050598866504227,-0.0004945926874094341,-0.0013067584586184968,-0.0008206978034660936,-0.0008752753279362977,-0.0009603889592926644,0.028688662314278076,-0.021926335857091486,8.382199345805592e-25,0.022910792213839327
1.285,-1.2000000000000002,0.043259323690075596,0.008602870733604516,0.006822367520095962,-0.006693554730516972,-0.0004951453557824959,-0.0004927878608137538,-0.0014318449482959806,-0.0009263003256436133,-0.0008324051632265931,-0.0007313081523049989,0.02870211099988075,-0.022161901065718047,-2.8784625118655756e-27,0.023047044047550952
1.285,-1.1875,0.04581929797322911,0.006770577443736298,0.006866111350629441,-0.0067332335521657315,-0.0004857896051132199,-0.0004913045480140979,-0.0014374819506712206,-0.0009460643834037925,-0.0007608095305697109,-0.0005494575569277051,0.030205131191661187,-0.022491133725057486,-3.563537817102015e-24,0.02397405104807832
1.285,-1.175,0.047965871130326035,0.004507841660477003,0.006910073690091048,-0.006773045239851216,-0.000476980954880947,-0.0004898238521372712,-0.0013397591729965447,-0.0008911521879765218,-0.000665800109317408,-0.0004115861225516079,0.0313618579580493,-0.022915718674851173,-5.21537492414898e-26,0.024774757138927992
1.285,-1.1625,0.04952297340401389,0.0020050484286931406,0.006954285959344151,-0.0068129944483742,-0.00046870904689750106,-0.00048804888783675153,-0.0011635798070955157,-0.000779166636983998,-0.0005548106801081718,-0.00031151182905587267,0.03207555873667723,-0.023411140746408356,1.4606776118091914e-23,0.025388570737051072
1.285,-1.15,0.05053408800869242,-0.0005865497917822038,0.006998779481914474,-0.006853088418421925,-0.00046096484507282906,-0.0004857081330917305,-0.0009338470447916899,-0.0006277106280484129,-0.00043527502358048863,-0.0002430526563196681,0.03239595129001184,-0.02395282347900783,-7.322585701101812e-25,0.025828092700255247
1.285,-1.1375000000000002,0.05104297328401053,-0.003128445807064932,0.007043584839722448,-0.00689333688354736,-0.0004537406041374223,-0.0004825583469192479,-0.0006754640779086411,-0.00045438705879197096,-0.0003146269203728533,-0.0002000265842221666,0.03237262507912035,-0.024517334429544246,-5.24429813130993e-23,0.026106430150203506
1.285,-1.125,0.05109384957675638,-0.005487173597534007,0.007088730927237571,-0.006933752134897073,-0.0004470297796156011,-0.00047838688641345937,-0.0004133340982699131,-0.0002767988268368558,-0.00020030015112374643,-0.00017625159264253448,0.03205517484333255,-0.025082361039597444,-8.502890359830048e-24,0.026237250616857204
1.285,-1.1125,0.050732560354993905,-0.007528520330765872,0.007134243182331232,-0.006974348905709004,-0.0004408268379870395,-0.00047301324575621225,-0.00017236029769908067,-0.00011254882980527204,-9.972849647166275e-05,-0.00016554566145994307,0.03149397760633374,-0.02562666941073469,1.1176217674275445e-22,0.02623515067859532
1.285,-1.1,0.05008249611499379,-0.009108045625327599,0.007180140993721064,-0.007015144291639409,-0.00043512691409056006,-0.000466289629632176,2.2554131980299422e-05,2.0760034680588114e-05,-2.034573705508869e-05,-0.00016172677055356107,0.030790696372439082,-0.02613038112501851,-7.998324150896638e-23,0.02614104589933189
1.285,-1.0875000000000001,0.051034749928520175,-0.009983641244059753,0.007226434010880577,-0.007056157676375967,-0.00042992524127092875,-0.00045810037633936757,0.0001525309488728332,0.00010974095219449937,3.2409468648255336e-05,-0.00015962439482537804,0.031217236338430904,-0.026588324886704515,-7.056266527315382e-22,0.026588324886704515
1.285,-1.075,0.05188192843055581,-0.010335302758391403,0.007273117020253548,-0.007097410552833611,-0.0004252162647691161,-0.0004483600710905788,0.00022279171079579482,0.00015787144109411807,6.107895080372225e-05,-0.00015811398926866304,0.03162853383282649,-0.027008447817082244,-1.1169204810216167e-21,0.027008447817082244
1.285,-1.0625,0.05261743712259018,-0.010283788082944386,0.007320163270064678,-0.007138926249516538,-0.00042099232818332575,-0.00043701025768202843,0.0002445829254946235,0.00017284510293306968,7.019966173743247e-05,-0.00015708250389950522,0.032010255851560136,-0.027397782547485178,-2.7762612737645068e-21,0.027397782547485178
1.285,-1.05,0.0533338168482579,-0.009934196043694903,0.007367516416067054,-0.0071807296132618435,-0.0004172418206606052,-0.0004240148093907546,0.0002291511007147627,0.00016235553926498224,6.430855377550785e-05,-0.00015641688873399378,0.032413982517216826,-0.027763684966308672,-1.6665414557379096e-20,0.027785817909912042
1.285,-1.0375,0.05404025398989418,-0.009390895772664451,0.007415081391486045,-0.007222846320151705,-0.0004139466889155382,-0.000409354294260378,0.00018774274420165347,0.00013409635164348253,4.7942579244069765e-05,-0.0001560040937882178,0.0328355140883961,-0.02811399504932062,-5.2138838277609034e-20,0.0281743907943345
1.285,-1.0250000000000001,0.05469434568649043,-0.008755142208961088,0.0074627160075412535,-0.007265302088197425,-0.0004110792897312487,-0.0003930201526261137,0.0001316043637007376,9.576114162219754e-05,2.5638690469239422e-05,-0.00015573106907826662,0.03323612777089967,-0.02845686920651183,-9.943926048424127e-20,0.02854821694786156
1.285,-1.0125,0.05530891022760041,-0.008118624693465321,0.007510225988987191,-0.007308121511918563,-0.0004085987095419304,-0.0003750102506210575,7.198246695745534e-05,5.5043510754753346e-05,1.9338397771376244e-06,-0.00015548476462022912,0.03361400105198449,-0.028800105643713526,-1.5111034477013894e-19,0.028910294251952455
1.285,-1.0,0.05588997004047088,-0.007568532525262719,0.007557368467359869,-0.007351326420136482,-0.00040644696678885116,-0.0003553284650059835,2.0123561717250578e-05,1.9637060594778383e-05,-1.8635020506113385e-05,-0.00015515213043019473,0.033963231333146424,-0.02914995991674965,-2.316128348010555e-19,0.02926087211106216
1.285,-0.9875,0.05643666061354613,-0.007172880166156599,0.0076791603711186965,-0.007394930078818719,-0.00040511813375029165,-0.00037167243268254965,-1.5102286096071217e-05,-4.390439377350596e-06,-3.248984527585416e-05,-0.00015464509646478968,0.03430022490612837,-0.02951211869278766,-3.6774692178289636e-19,0.02961099821035502
1.285,-0.9750000000000001,0.05696812825238374,-0.007173514440825044,0.007939944523169403,-0.00743987146471972,-0.0004183470190778706,-0.00045664206170531886,-3.4330777845242886e-05,-1.7474547974253903e-05,-3.9888218313270214e-05,-0.00015397551244278866,0.03465611374906842,-0.02989661649944423,-5.628665934146143e-19,0.029980908375394903
1.285,-0.9625000000000001,0.05768943567172882,-0.007397406712135225,0.007954732798072269,-0.007487292392593454,-0.0004377130152922301,-0.0004167130189614681,-4.057405671463213e-05,-2.1676656081801328e-05,-4.204663062100838e-05,-0.0001531802080235039,0.035039844060779465,-0.03031081881271912,-8.283197031463028e-19,0.030378438749628558
1.285,-0.95,0.058541650161096595,-0.007546698656909862,0.007828129827526358,-0.007537073712599106,-0.00044909836980705454,-0.0003038181116262472,-3.684426588860652e-05,-1.9058154585862482e-05,-4.018157320171547e-05,-0.00015229601286624725,0.03545084412316793,-0.030750179598846784,-1.2342774262663786e-18,0.030801172060743894
1.285,-0.9375,0.05945695421910769,-0.007468932412542588,0.007655333605959075,-0.007588131196332267,-0.00044543219024577866,-0.00016625864597152277,-2.615354855153391e-05,-1.1680434372307256e-05,-3.550953705803842e-05,-0.00015135975663033057,0.035880284930504526,-0.031205056985836626,-1.8590896708177854e-18,0.031240195869181548
1.285,-0.925,0.060361933300243045,-0.007137263807415561,0.007516315658947864,-0.007638813013669691,-0.00042604539793102126,-4.53211629795141e-05,-1.1514047887782071e-05,-1.6048863270054254e-06,-2.9247013192624086e-05,-0.00015040826897506606,0.03631246725832908,-0.03165805314620383,-2.7587037840627338e-18,0.03167955079999493
1.285,-0.9125000000000001,0.061194314607223625,-0.0066210714997610685,0.0074688668770350785,-0.007687426227039321,-0.00039550787497904193,2.8688730842598842e-05,4.062092918281328e-06,9.107098664173299e-06,-2.2610492608119313e-05,-0.00014947837955976557,0.036731724122285904,-0.032091400953072176,-4.034561830241917e-18,0.03210309339922613
1.285,-0.8999999999999999,0.06192225674142054,-0.006047575724883197,0.007542562618125383,-0.007732821372001106,-0.0003618866215843354,3.9918039733106846e-05,1.756273068228876e-05,1.8394129715359284e-05,-1.6816466307170892e-05,-0.00014860691804374112,0.03713078190869,-0.032496080942606406,-5.986950562180722e-18,0.032502912840056034
1.285,-0.8875,0.06253484518683447,-0.005565452185129253,0.007736112002572994,-0.007774841987959534,-0.000334552537926857,-1.1396385465746787e-05,2.661240135244245e-05,2.4630483851232663e-05,-1.2824426979978378e-05,-0.0001478234128576836,0.03750415204006519,-0.0328691513270786,-8.973764792940612e-18,0.03287482921296368
1.285,-0.875,0.0630686015431774,-0.005315225307275636,0.008010997012371039,-0.007814471241269872,-0.0003218605926789028,-0.00010566126363528667,3.1382357407227354e-05,2.793310973867518e-05,-1.0565874066950967e-05,-0.00014712818751779977,0.03785980580268716,-0.033222256859845,-1.3376698762646298e-17,0.03322822271777016
1.285,-0.8625,0.0637032592046163,-0.005217805213663809,0.008061313502260224,-0.007853477921056331,-0.00031863818349013074,-8.902023968234725e-05,3.268053045769881e-05,2.8854623955118772e-05,-9.715308696050377e-06,-0.00014651426431167513,0.03821146015246648,-0.03356903316029403,-1.97330420276705e-17,0.03357631414919494
1.285,-0.8500000000000001,0.06433847522891892,-0.005105532075885968,0.008102497187558143,-0.007892463322772877,-0.0003154540825402719,-6.894015070387267e-05,3.1314852114912084e-05,2.794764307799527e-05,-9.947231995238356e-06,-0.00014597466552689547,0.038562535871703205,-0.03391324512606132,-2.9140968662990444e-17,0.03392259643245711
1.285,-0.8374999999999999,0.06497128485215141,-0.004983261898641203,0.008143553340521224,-0.007931419933591964,-0.0003122790567253274,-5.00675875916969e-05,2.809325398992239e-05,2.5764783684736564e-05,-1.0936145092476658e-05,-0.00014550241345104637,0.0389130492608322,-0.034256007036746756,-4.3019118039987553e-17,0.034267628833059886
1.285,-0.825,0.06560236652072324,-0.004856427289493204,0.008184466637690981,-0.007970334208236627,-0.0003091016379309532,-3.252024112528375e-05,2.3823667693785127e-05,2.2858662352774594e-05,-1.2356549115726971e-05,-0.00014509053037171338,0.0392626356297464,-0.034597839186953756,-6.346099911001973e-17,0.03461150302927311
1.285,-0.8125,0.06623213751861769,-0.004730273685441391,0.008225221370751419,-0.008009191657309064,-0.00030591121347449667,-1.639346581586901e-05,1.9314024837555567e-05,1.9781895659541273e-05,-1.3882945192951053e-05,-0.0001447320385764822,0.039610809595704226,-0.03493913911479689,-9.318896784450995e-17,0.034954192467955086
1.285,-0.8,0.06686131691478425,-0.004609826584754021,0.008265801564639255,-0.008047976988023146,-0.0003026980550896935,-1.7599219767269484e-06,1.5372257032289002e-05,1.7087100182468476e-05,-1.518983445211064e-05,-0.00014441996035293846,0.03995725621850377,-0.035280453958347884,-1.3669050623203497e-16,0.035295824679224826
1.285,-0.7875000000000001,0.06749218972541907,-0.004498800217611491,0.008306191061516463,-0.008086674214092152,-0.0002994533396893243,1.1330298483859233e-05,1.2635518733213109e-05,1.5210118471228255e-05,-1.6020489484008297e-05,-0.00014414852191397873,0.0403028870012631,-0.03562217645017374,-1.9979055938340996e-16,0.03563706197956888
1.285,-0.7749999999999999,0.06812636244819167,-0.004396462818778106,0.008346373567873829,-0.008125266729801925,-0.0002961691609907437,2.284910754724178e-05,1.1057855772245127e-05,1.4119696964453271e-05,-1.639326873080998e-05,-0.00014391676517374284,0.04064876980428432,-0.03596429591395178,-2.916949794823861e-16,0.03597844420442202
1.285,-0.7625,0.06876347916849816,-0.00430110901044452,0.008386332661451298,-0.00816373734627114,-0.0002928385321520073,3.27894644136942e-05,1.0422536825474758e-05,1.3667808073016392e-05,-1.6395302097522485e-05,-0.00014372493597168175,0.04099485733838237,-0.036306608986114916,-4.2429348743752207e-16,0.036319857342659315
1.285,-0.75,0.06940317151261041,-0.004211113444836893,0.008426051794262243,-0.008202068323687653,-0.00028945537904732097,4.1164084645955515e-05,1.0512830568991603e-05,1.3706424207790406e-05,-1.611371948915261e-05,-0.00014357328014724628,0.04134110666611494,-0.0366489149573375,-6.165775535973945e-16,0.03666119010224431
1.285,-0.7375,0.0700450549511247,-0.004124927830196715,0.008465514528607011,-0.008240241638203262,-0.000286014524269365,4.800387265309613e-05,1.1112005678885298e-05,1.4087517779648148e-05,-1.563565081070714e-05,-0.0001434620435398872,0.041687478733800215,-0.03699100607533897,-8.930075610621386e-16,0.03700232936310576
1.285,-0.7250000000000001,0.0706887148409056,-0.0040410777007990496,0.008504704261641158,-0.00827823873728213,-0.00028251166266803085,5.335613807763919e-05,1.2003330831245491e-05,1.4663061199462437e-05,-1.5048225967192878e-05,-0.0001433914719890555,0.04203392962117773,-0.037332661789541706,-1.2920591440070974e-15,0.03734315292007464
1.285,-0.7124999999999999,0.07133357509992926,-0.003958160748359553,0.008543604534135583,-0.008316040879559764,-0.0002789433282547394,5.728265626894775e-05,1.2970074702161831e-05,1.5285026878106098e-05,-1.4438574863616612e-05,-0.00014336181133420191,0.04238032096288382,-0.03767365135508412,-1.863146446349438e-15,0.03768348611174939
1.285,-0.7,0.07197915254367793,-0.0038748374470978114,0.008582198903123173,-0.008353629039436514,-0.00027530685386521184,5.985762893959976e-05,1.3795505967723923e-05,1.5805387226451955e-05,-1.3893827404985171e-05,-0.0001433733074147773,0.04272658770161372,-0.03801373537028291,-2.683961382126142e-15,0.03802318624258995
1.285,-0.6875,0.07262483386821596,-0.003790102492623878,0.0086204711714497,-0.008390984167828203,-0.0002716003239301833,6.116559952156644e-05,1.4308533760806076e-05,1.6107382731943828e-05,-1.3482607386123086e-05,-0.00014342537405244852,0.04307254165248809,-0.038352711685029676,-3.8538802135181755e-15,0.03836206753438993
1.285,-0.675,0.07326957671124876,-0.003704085256595669,0.008658405044053871,-0.008428086881032056,-0.00026782252193896885,6.129937118317061e-05,1.4520629041421187e-05,1.6199326188309638e-05,-1.3199514161125937e-05,-0.00014351409699774626,0.04341756229917331,-0.038690460962165725,-5.5271191583304594e-15,0.03869976914993974
1.285,-0.6625000000000001,0.07391305575606613,-0.00361717119763079,0.008695984470996539,-0.008464917834921943,-0.0002639728730927973,6.035797049591499e-05,1.4488903226366824e-05,1.612079846584829e-05,-1.3020640973907066e-05,-0.00014363472998341772,0.04376146866600342,-0.03902689931010524,-7.900180776496262e-15,0.039036167621126244
1.285,-0.6499999999999999,0.07455492464573768,-0.0035297396131028355,0.008733193666199986,-0.008501457775897177,-0.0002600513838619296,5.844469371430247e-05,1.4270467732440548e-05,1.5911380434858716e-05,-1.2922081068379819e-05,-0.00014378252674220952,0.0441040726497061,-0.03936193180820729,-1.1277343330309075e-14,0.03937113011286603
1.285,-0.6375,0.07519481785962835,-0.003442162801684775,0.008770016824975458,-0.008537687290013215,-0.00025605857912626396,5.5665265417366325e-05,1.3922433976439925e-05,1.5610652965639818e-05,-1.2879927688457523e-05,-0.00014395274100686848,0.04444517871228795,-0.0396954525874064,-1.604427003909563e-14,0.03970451448425557
1.285,-0.625,0.07583235350817247,-0.0033548052982683347,0.00880643837956693,-0.008573587089537205,-0.0002519954387037935,5.2126134529806954e-05,1.3501913375162525e-05,1.5258196928490539e-05,-1.287027407805352e-05,-0.00014414062651014166,0.04478458469413069,-0.04002734539344567,-2.2794407650423243e-14,0.04003616982290434
1.285,-0.6125,0.07646713488622511,-0.0032680232262441732,0.008842443004951326,-0.00860913804929081,-0.0002478633336569876,4.793292498292666e-05,1.3066017345405905e-05,1.4893593193709786e-05,-1.2869213481081139e-05,-0.0001443414369847757,0.045122081635298676,-0.040357483816777465,-3.2276498466936705e-14,0.04036593663425739
1.285,-0.6000000000000001,0.07709875378479548,-0.0031821637030360044,0.008878015490989615,-0.008644321107974764,-0.00024366396404858616,4.318905378625898e-05,1.2671857303967621e-05,1.4556422631596479e-05,-1.285283914145372e-05,-0.00014455042616351766,0.045457454798707976,-0.04068573212626919,-4.5635425355204986e-14,0.04069364762093913
1.285,-0.5874999999999999,0.07772689209543931,-0.003097495872299587,0.00891314082490632,-0.008679117379496086,-0.000239399298709224,3.799452286173072e-05,1.2364277129630585e-05,1.4277855896000741e-05,-1.2802168961088151e-05,-0.00014476305136230323,0.04579056295997342,-0.04101193304857821,-6.431040311307622e-14,0.04101916137379276
1.285,-0.575,0.07835118658154336,-0.0030140143589986765,0.008947804143390876,-0.008713508131174387,-0.0002350715180622498,3.2444888993313645e-05,1.2139050549119009e-05,1.405542277497757e-05,-1.2717919473915504e-05,-0.00014497558422982393,0.04612127641276675,-0.04133589642149828,-9.049108192554537e-14,0.04134232555790286
1.285,-0.5625,0.0789711418577369,-0.002931650555418009,0.008981990770005041,-0.008747474846852,-0.00023068296054108993,2.6630408150320074e-05,1.1979683751142434e-05,1.3878242840133136e-05,-1.2605731871870391e-05,-0.0001451844999979605,0.04644938896855001,-0.041657412185578814,-1.2691772263021903e-13,0.04166293955736088
1.285,-0.55,0.07958625969613196,-0.0028503380799627534,0.009015686118979667,-0.008780999153257198,-0.00022623607336476795,2.063535178614686e-05,1.1869682924410406e-05,1.3735435663073635e-05,-1.2471247346887436e-05,-0.00014538627389859327,0.046774690793426665,-0.041976264198473355,-1.7773333325356467e-13,0.041980797662422055
1.285,-0.5375000000000001,0.08019612609929792,-0.0027700110070692087,0.009048875865706846,-0.008814063011631065,-0.00022173336784667857,1.4537485620850823e-05,1.1792554257632478e-05,1.3616120815405245e-05,-1.2320107090901267e-05,-0.00014557738116360288,0.04709702604358932,-0.04229223048908953,-2.4810598379278223e-13,0.04229571815690564
1.285,-0.5249999999999999,0.0808001590749057,-0.0026906063749431827,0.00908154576074374,-0.008846648550162681,-0.0002171773796771607,8.407703514050466e-06,1.1731803939518176e-05,1.3509417868734144e-05,-1.2157952295846477e-05,-0.00014575429702486984,0.04741612402097466,-0.04260508450276424,-3.4579873796833016e-13,0.04260745938469682
1.285,-0.5125,0.08139785836621614,-0.002612060492275761,0.009113681665648595,-0.008878738115763202,-0.00021257063429112508,2.3098029766890512e-06,1.1670938158777067e-05,1.3404446394666542e-05,-1.1990424153657716e-05,-0.00014591349671427476,0.04773176542607224,-0.04291459515493777,-4.804541066079492e-13,0.04291580303968351
1.285,-0.5,0.08198872654287247,-0.0025343095258788407,0.009145269683804892,-0.008910314418889724,-0.00020791561737273624,-3.6996088424403544e-06,1.159346310411868e-05,1.3290325964808596e-05,-1.1823163856269588e-05,-0.00014605145546369797,0.048043729384258826,-0.04322052826696445,-6.664803937525746e-13,0.04322052826696445
