case,s,node,fraction,l,velocity,heat,required_negative_null_plus,required_negative_null_minus,required_before_plus,required_before_minus,fd_error,spline_error,geometry_rho,geometry_p_l,geometry_j_l,geometry_p_omega,reservoir_rho,reservoir_p_l,reservoir_j_l,reservoir_p_omega,endpoint_rho,endpoint_p_l,endpoint_j_l,endpoint_p_omega,remainder_rho,remainder_p_l,remainder_j_l,remainder_p_omega,magnetic,string,buffer,rest_mass,sigma,fast_speed2,extra_enthalpy_at_speed_half,gas_pressure
energy_matched_n64,0.0,0,0.0,-2.1,4.062611865024905e-12,0.24999999999999967,1.3161221531528633,1.3167048819161025,0.0037921137928360756,0.004374842534749157,1.1680849602343363e-06,8.156199696563587e-06,0.002333737565835256,-0.006417215729627872,-0.0001456821854782704,0.008657957029985196,0.6609331610250281,0.6513968783456622,5.331487588775967e-12,0.0,0.0,0.0,0.0,0.0,-0.6585994234591929,-0.65781409407529,-0.00014568219080975797,0.008657957029985196,0.6514200036627594,2.312531709734192e-05,0.009490032045171213,0.007592025636136973,137.28510094846723,0.9927685629678019,3.8990299899313854,0.001138803845420544
energy_matched_n64,0.0,1,0.015625,-2.075,7.1905488688585095e-12,0.2500693431968559,1.0466657684845544,1.0471536129035932,0.003025618584988992,0.003513462974010409,8.476045179747413e-07,6.266481909325376e-06,0.002841817841495997,-0.006127225417215066,-0.00012253020234117716,0.006670137958059636,0.5260581862796289,0.5175819636349451,7.504345499463565e-12,0.0,-8.535179333010051e-06,-7.331616886359078e-06,-5.691050858228303e-07,3.5079012750955945e-05,-0.5232078332587999,-0.5237018574352739,-0.00012196110475969982,0.00663505894530868,0.5176053236004795,2.3359965534443452e-05,0.008429502713614711,0.006743228093297274,122.8080329731626,0.9919229796646816,3.0972024388892625,0.001011739828150659
energy_matched_n64,0.0,2,0.03125,-2.0500000000000003,1.1149721362387773e-11,0.25279541277083833,0.8391026421588903,0.8394957232084526,0.002316036877180633,0.0027091178894231836,5.84367000810472e-07,4.634810757369115e-06,0.003271542309311806,-0.005886389320971209,-0.00010197523445382647,0.005076785619546259,0.4221553987985585,0.414631206501811,9.329937488877477e-12,0.0,-5.5071537324446915e-05,-4.7198091033048244e-05,-3.7049813931887997e-06,0.00022417622416252367,-0.4188287849519223,-0.42047039773174916,-9.827026239057516e-05,0.004852609395383735,0.41465480431502877,2.3597813217786843e-05,0.007476996670311899,0.005968250357634087,110.9148024530902,0.9910646315046738,2.4804518292198603,0.0009043500472589986
energy_matched_n64,0.0,3,0.046875,-2.025,1.5281764148929053e-11,0.26835052329185083,0.6662738720597914,0.6665708702714173,0.0016430378410206997,0.0019400360120196297,3.770827802897572e-07,3.286896232569843e-06,0.003631660485442828,-0.005692041154173044,-8.404121569614999e-05,0.003819823618191601,0.33567888063300205,0.32895195360608215,1.0156731654947644e-11,0.0,-0.00014486111481558185,-0.00012398262739446932,-9.791672946417515e-06,0.0005859557313032916,-0.3319023590327436,-0.3345200121328607,-7.424955290646413e-05,0.00323386788688831,0.3289757925805576,2.383897447545533e-05,0.006679249077968956,0.005266090844220074,98.50681977579235,0.9899504375453544,1.9671755064053764,0.0008424427790668031
energy_matched_n64,0.0,4,0.0625,-2.0,1.866456956205699e-11,0.3031437263147146,0.5244252658412517,0.5246301151184872,0.0010282615267423727,0.0012331107649019256,2.2110885572641792e-07,2.2195732860778167e-06,0.003931517468198844,-0.005540222780492233,-6.864490599528539e-05,0.0028431382136737187,0.2647422825528056,0.2586547217812418,9.768979795965072e-12,0.0,-0.00025763611417945864,-0.0002203830522917813,-1.743259645539714e-05,0.0010384844099036055,-0.26055312897042726,-0.26397456150944226,-5.1212319308868046e-05,0.0018046538037701132,0.2586788053437485,2.408356250668323e-05,0.0060393936465504795,0.004634480084272716,85.66383331925981,0.9884611612283971,1.5460334384159404,0.0008276697322111163
energy_matched_n64,0.0,5,0.078125,-1.975,2.0220174078879455e-11,0.34203822262809236,0.40951548959636075,0.40964028385181495,0.000512034905212127,0.0006368291275858763,1.0958230466269481e-07,1.4092311710380001e-06,0.004180409434054272,-0.005426217005925765,-5.562271202265144e-05,0.002095061062681076,0.20725719204326354,0.20174626266442527,8.270121053052556e-12,0.0,-0.000361817046601799,-0.00030955850887069215,-2.4424156429214138e-05,0.0014570009913454235,-0.20271496556260749,-0.20686292116148036,-3.119856386355835e-05,0.0006380600713356526,0.20177059435323022,2.433168880498192e-05,0.0054622660012282965,0.004070126997226373,73.87798188805093,0.9866449392092981,1.2051613001181531,0.0008098236209196869
energy_matched_n64,0.0,6,0.09375,-1.9500000000000002,1.8555335392498658e-11,0.36517894939104134,0.31754522364598525,0.31760904871905826,0.00012944336877438492,0.00019326841828833547,3.4546295809689126e-08,8.201522411950286e-07,0.004387110055161066,-0.005345004968658351,-4.4757447286936675e-05,0.0015298226094682594,0.16116861508120142,0.15624716520778895,5.889756262133881e-12,0.0,-0.00042909351537977056,-0.00036744550458615426,-2.8801184908449044e-05,0.0017302629134125337,-0.1563524115106606,-0.16122472467186116,-1.5956268268243894e-05,-0.00020044030394427434,0.15627174867036983,2.4583462580903464e-05,0.0048722829482506485,0.003568970170851231,64.14723870931094,0.9846501552512144,0.9327582090739683,0.0007526651718327235
energy_matched_n64,0.0,7,0.109375,-1.925,1.1447341873687834e-11,0.4153755130576828,0.24492801465815403,0.24495236441985993,0.0,0.0,4.1444224021386367e-08,4.1166509864203407e-07,0.004559562882615446,-0.005291625629604002,-3.580262193996018e-05,0.0011081733930072462,0.12475642659514595,0.12028169065057652,2.8050351001965882e-12,0.0,-0.00044678526431601135,-0.00038320518938804617,-2.9715184318525984e-05,0.001808059801661571,-0.1197500784482145,-0.12519011109079248,-6.087440426469296e-06,-0.0006998864086543248,0.12030652964076306,2.4838990186522608e-05,0.004425057964196423,0.0031264197545970134,54.37512033251314,0.981941348497389,0.717414119880382,0.0007387200788411666
energy_matched_n64,0.0,8,0.125,-1.9000000000000001,-5.113071157460653e-12,0.5951168610802896,0.18845945113575382,0.18846159663271986,0.0,0.0,4.8171167388311176e-08,1.4354403641159835e-07,0.004704718005117572,-0.0052614312831419565,-2.850270557802124e-05,0.0007973872025559231,0.09655648395373012,0.09213952927163507,-9.648161427504289e-13,0.0,-0.0004259864374951972,-0.0003662161816575296,-2.7966330371696752e-05,0.001733864060794624,-0.09142577951111736,-0.0970347443731195,-5.363742415083474e-07,-0.0009364768582387009,0.09216462764617844,2.5098374543363693e-05,0.004366757933008311,0.0027375786937960975,42.21192429720286,0.9768582395654912,0.5486210079440623,0.0008835111325403099
energy_matched_n64,0.0,9,0.140625,-1.875,-3.856036599476478e-11,0.7799235167719684,0.14464072980936518,0.14462925703079463,0.0,0.0,4.897730754554325e-08,2.0478123202802984e-08,0.004828483396093774,-0.0052502466557285835,-2.2608647584884044e-05,0.0005708465746137839,0.07463331697951021,0.0703153417447169,-5.589273330856452e-12,0.0,-0.0003948872864968522,-0.00034054127728515483,-2.5476836638248204e-05,0.0016201946108887744,-0.06940994629691959,-0.07522504712316033,2.868194642637491e-06,-0.0010493480362749905,0.07034070345929204,2.5361714575139664e-05,0.004267251805643027,0.00239743548834167,32.9676834942214,0.9705602532427589,0.4177769689501092,0.0009734400202275515
energy_matched_n64,0.0,10,0.15625,-1.85,-1.0259201415689735e-10,0.8784015055593142,0.11069578105149382,0.11067617119653105,0.0,0.0,5.0833698975335205e-08,1.1087595311852234e-07,0.004935758484661719,-0.005254446652765733,-1.7888641492039334e-05,0.00040738086519760485,0.05751970701553093,0.053521882039722836,-1.1391980276360973e-11,0.0,-0.0003613926532464115,-0.00031290844609892666,-2.2791093840750823e-05,0.0014981517501384684,-0.0522225558776228,-0.05846342024638964,4.902463740691764e-06,-0.0010907708849408634,0.05354751114436915,2.562910464631751e-05,0.003946566766515453,0.0021010240647887047,27.1362499672838,0.9644586609387258,0.31733850009969944,0.0009426832469881545
energy_matched_n64,0.0,11,0.171875,-1.8250000000000002,-2.2212562755501428e-10,0.9926193411224576,0.08473103576859516,0.0847076906178799,0.0,0.0,4.724820417046803e-08,1.51799591714772e-07,0.0050305208410209995,-0.005270972423623562,-1.4134620536244917e-05,0.00029049020685782245,0.044407082843160715,0.04068178938451197,-1.8900419141520218e-11,0.0,-0.00032614489290730853,-0.00028381572413040465,-1.9970889314637773e-05,0.001369434972785143,-0.039050417109232405,-0.045668946084005124,5.836287678811999e-06,-0.0010789447659273203,0.040707690018519156,2.5900634007186e-05,0.0036734921906343763,0.001843549399939614,22.162938101408805,0.9568275839782528,0.24057264792048058,0.0009161010795461978
energy_matched_n64,0.0,12,0.1875,-1.8,-4.4195761128179773e-10,1.132647606921195,0.06498315223004858,0.06495950110251175,0.0,0.0,4.0979074010483955e-08,1.614144289918706e-07,0.005115940808593638,-0.005297304400671625,-1.116525738577696e-05,0.00020755181087607938,0.03442088809747978,0.03091262248477651,-2.887464227358804e-11,0.0,-0.0002897863606429758,-0.0002537611474111484,-1.707801039534216e-05,0.0012357437730702338,-0.029015160928243168,-0.03595616573803699,5.912781884207475e-06,-0.0010281919621941543,0.030938798871022292,2.617638624578087e-05,0.003455912840211701,0.0016204800216388507,17.904849052343028,0.9471035184025413,0.18217688038592203,0.0008986895300325047
energy_matched_n64,0.0,13,0.203125,-1.7750000000000001,-8.417694595622283e-10,1.2995446623935185,0.050019707679154556,0.04999832608321377,0.0,0.0,3.384236974638961e-08,1.527275822950933e-07,0.005194505715049918,-0.005331409430103398,-8.826342243638477e-06,0.00014907227070471232,0.02684202305646704,0.023506256445939535,-4.23816440266288e-11,0.0,-0.00025293800687783264,-0.0002232283293980614,-1.4171698847189585e-05,0.0010987693532416608,-0.02139457933453929,-0.028614437546644875,5.345398985195135e-06,-0.0009496970825369485,0.023532712884686273,2.6456438746733693e-05,0.0032828537330340316,0.0014276103381340806,14.336741626887658,0.93479710199676,0.1379134235750836,0.0008873435599653807
energy_matched_n64,0.0,14,0.21875,-1.75,-1.5619001406354045e-09,1.4711026799960718,0.03868083856328935,0.038663591767388046,0.0,0.0,2.6930403808822414e-08,1.3460235267863645e-07,0.005268140855280507,-0.005371675311497343,-6.989376053648017e-06,0.00010802267153342798,0.02107362036470801,0.017903838700743517,-6.087889879593946e-11,0.0,-0.00021613516308023844,-0.00019264319324942237,-1.1301014150075086e-05,0.0009601697475732611,-0.015589344346347265,-0.023082870818991436,4.311698975325864e-06,-0.0008521470760398331,0.017930579562900367,2.674086215685145e-05,0.0031162999396507894,0.0012610969041787219,11.507608324062451,0.9200486636540917,0.10446717743775141,0.0008686540736777716
energy_matched_n64,0.0,15,0.234375,-1.725,-2.8471643320616906e-09,1.6066077724978434,0.030050146050751122,0.030038292204992812,0.0,0.0,2.0816806594098802e-08,1.1276206674930593e-07,0.005338319587273901,-0.005416842437900631,-5.549095065081052e-06,7.9272935622738e-05,0.01663743963214301,0.013670565640630619,-8.629187158857872e-11,0.0,-0.00017989175597953904,-0.00016241723954885475,-8.512470212786192e-06,0.0008215946983453563,-0.01111922828888957,-0.018924990838982397,2.9634614395767296e-06,-0.0007423217627226184,0.013697595360487626,2.7029719857012457e-05,0.002912814551798363,0.001117473285597967,9.405058315182318,0.9038928980781519,0.0792727576111274,0.0008280355581025986
energy_matched_n64,0.0,16,0.25,-1.7000000000000002,-5.120588391003045e-09,1.6587650013294049,0.023425583835806892,0.023419854969894623,0.0,0.0,1.5729596204495683e-08,9.06707557479222e-08,0.005406158705696318,-0.0054659387661892935,-4.420485519943504e-06,5.912757555955629e-05,0.01316857316904619,0.010472049854496653,-1.2105389981043278e-10,0.0,-0.00014472171230507964,-0.00013296196887998098,-5.852580944110363e-06,0.0006846939478382644,-0.007617692751044792,-0.015805026651805967,1.4322164780666694e-06,-0.0006255663722787081,0.010499372921936437,2.7323067439785407e-05,0.0026418771796699663,0.0009936482458393298,7.948418649233391,0.8882484113452079,0.060354360351948654,0.0007560505641106204
energy_matched_n64,0.0,17,0.265625,-1.675,-9.106173940586738e-09,1.6005519994779065,0.018297972150726673,0.018298660713548794,0.0,0.0,1.1685497163898802e-08,7.024534790929754e-08,0.005472498057671539,-0.005518221667724671,-3.535687544851803e-06,4.495601229868615e-05,0.010415000319009798,0.008053350483751396,-1.6817601480571814e-10,0.0,-0.00011109878940597808,-0.00010465919127061465,-3.3633786633074836e-06,0.0005510406841089129,-0.004831403471932281,-0.013466912960205453,-1.721407055295135e-07,-0.0005060846718102268,0.008080971435943433,2.7620952192039283e-05,0.00230640793087432,0.0008868916796654556,7.007408644211586,0.8751156529618503,0.04617942068478628,0.0006551227172292091
energy_matched_n64,0.0,18,0.28125,-1.6500000000000001,-1.603107246236188e-08,1.4780057334333772,0.014342024288096363,0.01434911166956941,0.0,0.0,8.586497555528939e-09,5.239540229516024e-08,0.00553796511703101,-0.005573128218430285,-2.8410466295369952e-06,3.490573650589012e-05,0.008246454445030343,0.006221058454039046,-2.3192974763513653e-10,0.0,-7.93360671104438e-05,-7.777195452533276e-05,-1.0689693315272027e-06,0.0004219018783206639,-0.00262915326088889,-0.011716414717943997,-1.7718453682621573e-06,-0.00038699614181477376,0.006248981866620764,2.7923412581721375e-05,0.001969549165827852,0.000794812190809164,6.345596215664062,0.8638640117642788,0.03552434203389673,0.0005496008180107824
energy_matched_n64,0.0,19,0.296875,-1.625,-2.7954829197292267e-08,1.5610069783904623,0.011463064393763139,0.011476285030371604,0.0,0.0,6.635772587665345e-09,3.7411025573914295e-08,0.005603026169953192,-0.00563023413478169,-2.2944592028146914e-06,2.7684719169775992e-05,0.00671656589239192,0.004828140926606314,-3.227303072579107e-10,0.0,-4.9706455866457974e-05,-5.2533615892902304e-05,1.0110226796084868e-06,0.00029846794741348486,-0.0010638332665722696,-0.010405841445495102,-3.30515915211592e-06,-0.0002707832282437089,0.0048563714043542375,2.8230477747932285e-05,0.0018319640102897388,0.0007153295659666998,5.301819661387524,0.8413156748792424,0.027306264415835686,0.0005175494225640552
energy_matched_n64,0.0,20,0.3125,-1.6,-4.829945728577626e-08,1.8072537300907876,0.009360340934208629,0.009379219318997347,0.0,0.0,5.165639393664434e-09,2.522775919828511e-08,0.005668025999929248,-0.0056892206065655634,-1.8630772254780341e-06,2.239958923204094e-05,0.005636313036525621,0.0037639328821851468,-4.5402677622656227e-10,0.0,-2.2482866122002697e-05,-2.9177532622091023e-05,2.856972998477517e-06,0.00018192930832734705,5.4195829525630415e-05,-0.009423975956128618,-4.719596197179325e-06,-0.0001595297190953061,0.0037924750491785497,2.8542166993425224e-05,0.00181529582035362,0.0006466447264440585,4.178354851761599,0.8068884754663317,0.020939554474717677,0.0005283160061105894
energy_matched_n64,0.0,21,0.328125,-1.5750000000000002,-8.269296265603833e-08,1.9473993322962337,0.007681518087919636,0.007705407364395283,0.0,2.2740682065512592e-05,4.025411136365786e-09,1.559900398429145e-08,0.0057332183408597085,-0.005749848221951768,-1.5213822930576427e-06,1.8437364686122283e-05,0.004735562326299838,0.0029471056266350817,-6.353025741307855e-10,0.0,2.0868674843494202e-06,-7.921975353868457e-06,4.451572128428446e-06,7.352078042102379e-05,0.000995569147075521,-0.00868903187323298,-5.972319118911958e-06,-5.50834157349015e-05,0.002975964115913732,2.8858489278702013e-05,0.0017307397211073507,0.0005872091040201808,3.4389505014765245,0.7747215249038323,0.016125044974375044,0.0005105033834277996
energy_matched_n64,0.0,22,0.34375,-1.55,-1.4029600998943248e-07,1.9965167835065798,0.006332817481768869,0.006360959454773305,3.400543891085689e-05,6.215094670709043e-05,3.1415206087556657e-09,8.202386458016291e-09,0.005798788807692475,-0.005811936655247801,-1.2496068763662672e-06,1.538033377607451e-05,0.0039811938512074084,0.002317616424254705,-8.836979493277552e-10,0.0,2.3855213551660938e-05,1.107513170198641e-05,5.786770072692117e-06,-2.5345207271489975e-05,0.0017937397429334048,-0.008140628211204492,-7.0354932511090555e-06,4.0725541047564485e-05,0.002346795866971543,2.9179442716962516e-05,0.0016052185415187763,0.000535694827525818,2.92395808579575,0.745155279914972,0.012475556660310482,0.0004754820104082316
energy_matched_n64,0.0,23,0.359375,-1.525,-2.3586418108651943e-07,1.9989264047414397,0.005257117863963343,0.005288670145719908,6.506914150372582e-05,9.66263217312609e-05,2.45540524544674e-09,2.701214604791213e-09,0.005864872084651621,-0.00587534914883722,-1.032463347413848e-06,1.2945621858225028e-05,0.0033617145602165915,0.0018303317130075414,-1.224617742397257e-09,0.0,4.269971648840282e-05,2.767095094349192e-05,6.8568317094699185e-06,-0.00011321182329739201,0.002460457807946627,-0.007733351812788253,-7.88807043914137e-06,0.00012615744515561704,0.0018598367270765501,2.950501406929776e-05,0.001472372819070453,0.0004909666395089137,2.526312226071537,0.7164176238829415,0.009686647543388847,0.0004362195616649269
energy_matched_n64,0.0,24,0.375,-1.5,-3.929170623274006e-07,2.003457032678502,0.004411497941032934,0.004445547780092686,9.160832281793142e-05,0.00012566495130570082,1.9213978342397242e-09,1.2231055849223546e-09,0.0059315646955091905,-0.005939980767099294,-8.581352049791041e-07,1.0942799462765372e-05,0.0028686438137272077,0.0014512424097737862,-1.697357004526357e-09,0.0,5.849792070304611e-05,4.172264476866646e-05,7.656021916963242e-06,-0.00018862223620388054,0.0030044229610789366,-0.007432945821641747,-8.51245976493782e-06,0.0001995650356666459,0.0014810775880128037,2.9835178239684844e-05,0.001357731047474051,0.0004520560915976274,2.181695101939709,0.6857021279662047,0.007528734480602771,0.0004024063750509438
energy_matched_n64,0.0,25,0.390625,-1.475,-6.485545429992165e-07,2.050787539012613,0.003758719632337888,0.0037943214915026713,0.0001133359012517299,0.00014894721732496574,1.5043265053776844e-09,3.856596866179038e-09,0.0059989343625654005,-0.006005749504539806,-7.174851496148463e-07,9.244464489874601e-06,0.0024906849361052245,0.0011546940665267073,-2.3642271131098976e-09,0.0,7.118456586028849e-05,5.3141851453653526e-05,8.185343868694116e-06,-0.00025053328219811914,0.0034370648605998875,-0.007213585422520167,-8.900464791195853e-06,0.00025977774668799376,0.001184863964294725,3.016989776955129e-05,0.0012756510740394137,0.0004181382865003697,1.8576615320720786,0.6500635261465327,0.005833532711728936,0.0003795306479488419
energy_matched_n64,0.0,26,0.40625,-1.4500000000000002,-1.0607004012917128e-06,2.149276868699028,0.0032576608698530705,0.003293952371691879,0.00013039166243726131,0.00016669643263073474,1.3492871830786044e-09,5.4486266641187015e-09,0.006067026852495764,-0.006072589614592934,-6.034386289013574e-07,7.766023974663346e-06,0.002205905127498441,0.0009213574457400357,-3.3170886663748746e-09,0.0,8.092317264973259e-05,6.205811278709571e-05,8.472753919466998e-06,-0.0002995564681271253,0.00378019855234759,-0.007056005173120065,-9.072875459701981e-06,0.00030732249210178864,0.0009518665680684423,3.0509122331924883e-05,0.0012235294370945549,0.0003885112322944147,1.5559357040543058,0.6087538515097354,0.004487669971316099,0.00036672140585203533
energy_matched_n64,0.0,27,0.421875,-1.425,-1.718892375812975e-06,2.281722739773093,0.002868064224363146,0.0029042993032472493,0.00014303865402307128,0.00017929246894547068,1.243530108308644e-09,6.213268399095981e-09,0.00613587108227764,-0.0061404467403089425,-5.10507011192885e-07,6.451917143996881e-06,0.0019883006913623993,0.0007367155109585268,-4.684009574122428e-09,0.0,8.793445701720743e-05,6.865544643576054e-05,8.552946719406968e-06,-0.00033671696849788116,0.0040596359338980325,-0.00694581769770323,-9.05876972102573e-06,0.00034316888564187806,0.0007675682991759359,3.0852788225460476e-05,0.0011898796039529502,0.0003625777368490373,1.290161284597138,0.5633495305655253,0.0034155301911026653,0.00035979854667028563
energy_matched_n64,0.0,28,0.4375,-1.4,-2.7602181240663984e-06,2.42230339656426,0.002556712975818622,0.0025922665704739044,0.00015155838038081367,0.000187138529894723,1.1631054113280721e-09,6.33321945708498e-09,0.006205482670639434,-0.006209274120802246,-4.344204598382522e-07,5.266294462625102e-06,0.0018152716160457559,0.0005898697019627377,-6.63871465685741e-09,0.0,9.243913490854188e-05,7.311787006641532e-05,8.460616918639084e-06,-0.0003630399578173675,0.004297771919685136,-0.006872261692831399,-8.888398663820479e-06,0.0003683062522799926,0.000621070519813364,3.120081786895082e-05,0.0011630002783451167,0.00033982968298856353,1.0680487896307507,0.5164524139788068,0.002563422840535068,0.00035456725076369244
energy_matched_n64,0.0,29,0.453125,-1.375,-4.392678189789353e-06,2.5236615520872094,0.0022913900257714804,0.0023256770058634564,0.00015596197358419225,0.0001902864743394577,1.0916118369439767e-09,5.9643940682816945e-09,0.006275866643209608,-0.006279029893782159,-3.718461966201704e-07,4.186740662739062e-06,0.0016627519877394571,0.0004726573041161856,-9.380165822426815e-09,0.0,9.449538306414832e-05,7.546559032512615e-05,8.20927899219619e-06,-0.0003781313764197107,0.004518619272406002,-0.00682715278822347,-8.571745022993934e-06,0.0003823181170824498,0.0005042104233722478,3.155311929726611e-05,0.0011269884450287393,0.00031983447569224624,0.8947925342027618,0.4722377347656416,0.0018982740952047474,0.0003454069319398039
energy_matched_n64,0.0,30,0.46875,-1.35,-6.929227475932956e-06,2.5993595807100274,0.0020646005012490034,0.0020967391753925987,0.0001551346813174173,0.00018732627921966416,1.0176680454058394e-09,5.240300461718125e-09,0.006347019317410008,-0.006349675006500622,-3.2017276081955583e-07,3.2000463586626725e-06,0.001530534664797279,0.00037890469325498164,-1.3230939662808238e-08,0.0,9.351122140277288e-05,7.506356977515373e-05,7.727726714742159e-06,-0.00037592022794761566,0.004722973431209956,-0.006803643269530757,-8.034668535898906e-06,0.0003791202743062783,0.0004108142788233358,3.19095856600342e-05,0.0010878108002222286,0.000302223430538063,0.7553046517637271,0.4302983251396265,0.0013770748727177863,0.0003346149700820666
energy_matched_n64,0.0,31,0.484375,-1.3250000000000002,-1.0837129871040201e-05,2.7322273961047996,0.001889742152924088,0.0019184703138560735,0.0001476852405161332,0.00017648891539941115,9.338309247155753e-10,4.275687637869709e-09,0.006418929689045147,-0.006421171676406116,-2.7734503497086553e-07,2.299331965436792e-06,0.0014382606353792798,0.00030375852005303,-1.8878487823042554e-08,0.0,8.873213063774524e-05,7.111295995905744e-05,6.923573685848625e-06,-0.0003489162818709321,0.004891936923028122,-0.006796043156418203,-7.182040232996447e-06,0.0003512156138363689,0.00033602861457320476,3.2270094724763414e-05,0.0010699619258767229,0.0002866818691147828,0.6281132186976918,0.3857921006256015,0.0009462097615625057,0.00033104979502766375
energy_matched_n64,0.0,32,0.5,-1.3,-1.6809229994191197e-05,2.9144760200130957,0.0017527641707950413,0.0017764399013630917,0.00013222796098466647,0.00015601264775320478,8.359570503533008e-10,3.169310587698438e-09,0.006491580448431787,-0.006493482248898931,-2.417381870473773e-07,1.4820414580663278e-06,0.0013770852782495544,0.00024339645346057632,-2.7239050122004428e-08,0.0,7.940359148239477e-05,6.281491241939641e-05,5.704433505087204e-06,-0.00028962930765950813,0.005035091578699837,-0.006799693614778904,-5.9189326420125766e-06,0.00029111134911757446,0.0002760309613892271,3.263450838651823e-05,0.0010684198080159414,0.0002729406956521264,0.5167088055056137,0.3406776591722644,0.0005877659603194211,0.0003328979410565907
energy_matched_n64,0.0,33,0.515625,-1.275,-2.586653791582982e-05,3.100890609505897,0.001633539551214616,0.0016504282389442255,0.00010839825724084214,0.00012544473730769312,7.228407468349859e-10,2.0058376476094582e-09,0.006564948566677467,-0.006566568187047633,-2.120613763814402e-07,7.484773694964448e-07,0.0013302269447960397,0.00019483545300911427,-3.944808431043951e-08,0.0,6.533961675763977e-05,4.996226014646207e-05,4.049558640331307e-06,-0.00019588829898789414,0.005169382005123788,-0.006811365900203209,-4.222171932402307e-06,0.0001966367763573906,0.00022783812417541486,3.300267218668607e-05,0.0010693861474135524,0.00026076924484030536,0.4261101094800426,0.298791872133493,0.0002976425976389367,0.0003352659017907484
energy_matched_n64,0.0,34,0.53125,-1.25,-3.950545030071011e-05,3.291136301549228,0.0015306738663492263,0.0015400927957771925,7.990241785293453e-05,8.955058268587228e-05,5.959568766056071e-10,8.569901366820762e-10,0.006639005998029432,-0.006640389588662607,-1.8728417557297956e-07,1.006610854052384e-07,0.0012950288068079427,0.0001556280239858629,-5.730885124286952e-08,0.0,4.86283477147534e-05,3.471456192147427e-05,2.2247570326614606e-06,-8.679914634944441e-05,0.005295348843506735,-0.006830732174569944,-2.3547323569915704e-06,8.689980743484965e-05,0.00018900243656566246,3.337441484381154e-05,0.0010726519531344563,0.00024996921042736326,0.352402167382193,0.26057497975201266,6.13626662595184e-05,0.00033813316712281603
energy_matched_n64,0.0,35,0.546875,-1.225,-5.990839520747318e-05,3.602588700147518,0.0014727749076064508,0.0014753705781956207,5.146602666664503e-05,5.440224978728618e-05,4.5916945539111284e-10,2.1790300889908817e-10,0.006713719777018893,-0.006714904399559877,-1.6658028870036838e-07,-4.586131861094479e-07,0.0012974797893511541,0.00012365881532291556,-8.513813286784907e-08,0.0,3.1926457712597234e-05,1.9823057973384566e-05,5.674754914599177e-07,1.3213035557788278e-05,0.005384313529955141,-0.006858386272856177,-6.489176472924371e-07,-1.3671648743897725e-05,0.0001574083580223507,3.3749547799924066e-05,0.00110632187842839,0.00024036948563162537,0.28456159295332856,0.2215242885310735,-0.00016187173029428594,0.00035136567750762815
energy_matched_n64,0.0,36,0.5625,-1.2000000000000002,-9.024417761336168e-05,4.317706717258822,0.0015230153912266938,0.001520733537504437,2.7816450672241692e-05,2.6074231542864778e-05,3.1827431556162613e-10,1.1717996297130567e-09,0.0067890525065175044,-0.006790068238983879,-1.4928439154681887e-07,-9.265984989164109e-07,0.0013979725144346554,9.695660882335733e-05,-1.3490864821998555e-07,0.0,1.7890620110032974e-05,8.038988531144702e-06,-5.848391738910465e-07,7.972313203575014e-05,0.005373189371972816,-0.006895063836338381,5.704634305642132e-07,-8.064973053466655e-05,0.00013108446143487548,3.412786478623814e-05,0.0012327601760388218,0.00023182176859018027,0.2126682285537222,0.1753721451145455,-0.000446253407429569,0.00039638862116865955
energy_matched_n64,0.0,37,0.578125,-1.175,-0.0001350943806847955,5.185102408354649,0.001616796016271439,0.0016124770209724663,1.2505311330366214e-05,9.053004482986332e-06,1.8032668917587404e-10,1.9699736601054466e-09,0.006864962323016542,-0.0068658338651023075,-1.3485886631948145e-07,-1.301309132712997e-06,0.001529777932086724,7.407942862855235e-05,-2.1667211289820827e-07,0.0,8.528426065390453e-06,1.3791897555201357e-06,-9.97935578164452e-07,9.577102260556366e-05,0.0053266559648644275,-0.00694129248348638,1.079748824743179e-06,-9.707233173827665e-05,0.00010858854076992665,3.45091414125592e-05,0.0013866802206330537,0.00022419680857021346,0.15661655680118278,0.13540922951538248,-0.0007351489760134937,0.00045014411577096674
energy_matched_n64,0.0,38,0.59375,-1.15,-0.0002010554239481854,5.736887651456803,0.001648371896331917,0.0016441403869280654,4.376870598593583e-06,1.4669661770883164e-06,6.592522968501546e-11,2.590571355045697e-09,0.006941403068865731,-0.006942150967784169,-1.2286792737820298e-07,-1.5821140760637637e-06,0.001588796578643771,5.4537644598379166e-05,-3.3040124558660924e-07,0.0,3.2511379348722536e-06,-1.0771184654686313e-06,-8.503440327545195e-07,7.425656366505894e-05,0.0053493553522870885,-0.00699561149391708,1.0578773509629258e-06,-7.58386777411227e-05,8.943071295459363e-05,3.489313478517697e-05,0.0014644726644750378,0.00021738119147027133,0.12213367326545684,0.10884057414482771,-0.000927888386747476,0.0004774017873392527
energy_matched_n64,0.0,39,0.609375,-1.125,-0.0002975827703290353,5.91414794457537,0.001609947638283594,0.0016067903826814693,1.099068014812341e-06,0.0,7.488805235655871e-11,3.0240448617143463e-09,0.007018324456958271,-0.007018966043203713,-1.129571696058368e-07,-1.7701723076640967e-06,0.0015696172611549067,3.827434752002146e-05,-4.784807969261855e-07,0.0,8.209358741488936e-07,-9.851203119876101e-07,-4.2379027321080183e-07,3.5544605831244855e-05,0.005447886259929215,-0.007056255270411747,7.893139005311506e-07,-3.7314778138908955e-05,7.355378829084785e-05,3.5279583158467485e-05,0.00146078374731795,0.00021127458640280274,0.10070455455969465,0.09149099469292069,-0.0010194610175728628,0.0004767422988754123
energy_matched_n64,0.0,40,0.625,-1.1,-0.0004381644430343964,5.744959164292568,0.0015113604818647712,0.0015091338476524985,3.404261480311285e-07,7.597737219977916e-07,1.4598863599020473e-10,3.2773962840762065e-09,0.007095671963755059,-0.007096222063615386,-1.0483692857450767e-07,-1.8686532966778057e-06,0.0014845305416968364,2.5166523126784027e-05,-6.614954465598645e-07,0.0,3.8890852872842024e-14,3.579720722231861e-14,-3.508284192624135e-14,-2.7887039193131057e-13,0.005611141422019332,-0.007121388586777967,5.566585530681988e-07,-1.8686530178074138e-06,6.0834438908843766e-05,3.566820562584365e-05,0.0013880276073183642,0.00020578739967270728,0.08765594947549268,0.08059161494750576,-0.0010230209738653017,0.0004525059335705522
energy_matched_n64,0.0,41,0.640625,-1.075,-0.0006419348005884317,5.472384671066554,0.0014037310436976955,0.0014013298453630738,1.4874196625056074e-07,1.3469542743621404e-06,2.0999264741676627e-10,3.3641397418143864e-09,0.007173386938575362,-0.007173858413678243,-9.826792820454032e-08,-1.882659707018491e-06,0.0013869030234132946,1.4879572996783613e-05,-8.998526606832939e-07,0.0,-2.6281007196919585e-07,5.391830893949395e-07,2.0128514882335462e-07,-1.664978069086221e-05,0.005786746725234037,-0.007189277169764421,6.00299583655399e-07,1.4767120983843718e-05,5.093769720614044e-05,3.605870185609512e-05,0.0012999060467043207,0.00020083881177756317,0.07837135204545569,0.07267566214254564,-0.0009942798634674781,0.00042295864538929314
energy_matched_n64,0.0,42,0.65625,-1.05,-0.0009358641072879292,5.344995628638823,0.0013350552204050492,0.0013312723990684039,8.748642448329466e-08,1.2927179862277637e-06,2.5133390518936617e-10,3.347799785398274e-09,0.007251406623009871,-0.007251810774674662,-9.304733376018371e-08,-1.8187232994003071e-06,0.001325624106064011,6.8496014673601135e-06,-1.247013224597392e-06,0.0,-2.7191758644999916e-07,5.578681270150601e-07,2.0826055667593358e-07,-1.722676800064054e-05,0.00592605443453231,-0.007259218244269037,9.457053341612746e-07,1.5408044701240233e-05,4.329918631396289e-05,3.645075188152099e-05,0.0012458730008336081,0.0001963552181518023,0.06950818628382122,0.06499079406333357,-0.0009860778829498308,0.0004049755102106248
energy_matched_n64,0.0,43,0.671875,-1.0250000000000001,-0.001357679083818906,5.406577377876501,0.0013101402989397044,0.0013038455087803818,9.922280349151264e-08,8.996150761598832e-07,2.7597395133341127e-10,3.203945028706839e-09,0.0073296641645672735,-0.007330011030677866,-8.899239878050401e-08,-1.683694698173088e-06,0.0013059844430867026,5.090418335147855e-07,-1.773795607997719e-06,0.0,-1.4506628930815779e-07,2.9761911854216527e-07,1.1110566938658864e-07,-9.190371446699774e-06,0.006023824787769879,-0.0073308176916299225,1.5736975398306263e-06,7.506676748526686e-06,3.735064953290663e-05,3.684401594458779e-05,0.0012317873693640114,0.00019226917848798306,0.060644637965708764,0.057177150380945445,-0.0010076834721665716,0.00040059205107035743
energy_matched_n64,0.0,44,0.6875,-1.0,-0.001959671376567146,5.644271500252925,0.001323203757101757,0.0013132167728569784,1.267281326052935e-07,4.703995650802159e-07,2.9341021966004146e-10,3.3035853313154726e-09,0.007408088630982354,-0.007408387194762636,-8.591789025172085e-08,-1.4828931223978629e-06,0.0013224801240886443,-4.568422958118487e-06,-2.5826639193134136e-06,0.0,3.469973175649211e-14,3.38608413317188e-14,-3.21329902382456e-14,-2.675340108985061e-13,0.006085608506859011,-0.007403818771838378,2.4967460611946828e-06,-1.482892854863852e-06,3.266465027944689e-05,3.723813441012334e-05,0.0012525722782265167,0.00018851912932498852,0.05215611242122633,0.049570697547158135,-0.0010565843765498353,0.00040806636516848655
energy_matched_n64,0.0,45,0.703125,-0.9750000000000001,-0.0028135070525209566,5.950637683375143,0.0013518429822834209,0.0013368346299004474,1.2493056057695148e-07,2.436114910477109e-07,3.131452740739817e-10,2.6622309107696237e-09,0.007486605123036535,-0.007486863447902628,-8.360446625625855e-08,-1.2177453444117442e-06,0.0013528188260331015,-8.664290966980245e-06,-3.781758328361033e-06,0.0,7.041979028619716e-08,-1.4447363056658882e-07,-5.3934233638568706e-08,4.461294951678898e-06,0.006133715877213147,-0.007478054683305081,3.7520880957433427e-06,-5.679040296090642e-06,2.8957796779570363e-05,3.763272775027839e-05,0.0012862176614995247,0.00018505031050258306,0.045027832607756585,0.04308768743067291,-0.0011124708808221025,0.0004198647201095059
energy_matched_n64,0.0,46,0.71875,-0.95,-0.00401600682793171,6.21852226709073,0.0013756625475961131,0.0013538456767633244,9.676981509907451e-08,2.0060425759541783e-07,3.3812121948352303e-10,4.180682911775607e-09,0.007565134740771646,-0.0075653600479399195,-8.176189817983877e-08,-8.839978146099493e-07,0.0013765566907969994,-1.1951265653628233e-05,-5.480176318821294e-06,0.0,7.286014004028336e-08,-1.4948027196690387e-07,-5.580328755575294e-08,4.615898239027532e-06,0.006188505189834606,-0.007553259302014325,5.4542177081972076e-06,-5.499896053637482e-06,2.605412253050024e-05,3.8027396609643124e-05,0.0013124531632313413,0.00018181742947788915,0.03970293685201439,0.03818680840916533,-0.0011561284280483398,0.00042908851285644166
energy_matched_n64,0.0,47,0.734375,-0.925,-0.005695536933932876,6.4333539065053795,0.0013924459393652075,0.0013612833944889658,5.737471291669422e-08,2.5815249770815265e-07,3.165421015302346e-10,1.9651329684034742e-08,0.00764359472701884,-0.0076437933669491216,-7.99651591754721e-08,-4.737256797905874e-07,0.0013912771375784812,-1.4570234256706975e-05,-7.840830665258282e-06,0.0,3.887043602016216e-08,-7.974676098915357e-08,-2.977071297760748e-08,2.462552275916938e-06,0.006252278719004339,-0.007629143385931425,7.790636219060418e-06,-2.9362779557075253e-06,2.3806829960631368e-05,3.842172195798504e-05,0.0013290039279192179,0.0001787892712542754,0.035826575769275594,0.034587426705738195,-0.0011861629481554298,0.000434983875386131
energy_matched_n64,0.0,48,0.75,-0.8999999999999999,-0.00801882346413532,6.601419691421513,0.001404440766557113,0.0013604083239227673,2.2088335658082955e-08,3.2293516102623555e-07,4.947289357753432e-10,1.7605606803721088e-08,0.007721900657942068,-0.007722073169628409,-7.521173533923483e-08,2.8234978782154228e-08,0.0013988538849426648,-1.6601851451066126e-05,-1.1083322364928424e-05,0.0,3.028400547966729e-14,3.1717612951110323e-14,-2.899719668397154e-14,-2.5624785048718173e-13,0.00632304677296912,-0.00770547131820906,1.1008110658586387e-05,2.8235235030004716e-08,2.2124538681558067e-05,3.881526533806465e-05,0.0013378252057176015,0.000175996755872773,0.0330753802320395,0.03201642480784937,-0.0012050779736282533,0.00043822402096049405
energy_matched_n64,0.0,49,0.765625,-0.875,-0.01120039939268498,6.744877043486848,0.0014188390695197518,0.0013569844597354974,3.5888652103774737e-09,3.147145467874254e-07,4.595024308405414e-10,1.2174857531403509e-08,0.007799964873855271,-0.007800104182816223,-6.332982268431889e-08,6.828278139514549e-07,0.0014056971542281361,-1.7944541306510184e-05,-1.5541433866457863e-05,0.0,-1.8868887685569712e-08,3.8711632732625555e-08,1.4451597709943098e-08,-1.1954007042129816e-06,0.00639428658851482,-0.007782198353142445,1.54636524460636e-05,1.8782285181644366e-06,2.10889576429344e-05,3.920756921588391e-05,0.0013452265571028787,0.00017369243559962828,0.03135376347067103,0.03040059054534361,-0.0012186928112452723,0.0004409332684160516
energy_matched_n64,0.0,50,0.78125,-0.8500000000000001,-0.015509226122034741,6.875283564043938,0.0014425071862831118,0.0013559675801721595,2.2254336673739413e-09,2.386314513663505e-07,2.401944450831201e-10,1.9493301165221963e-08,0.007877692247952945,-0.007877792146016622,-4.414909428635155e-08,1.5067086392626734e-06,0.0014174912341054858,-1.837427932036744e-05,-2.169400303216286e-05,0.0,-1.95227787081707e-08,4.005315754824359e-08,1.4952410138392606e-08,-1.236826527329728e-06,0.006460220536626167,-0.007859457919853803,2.1634901527738116e-05,2.7435351665924012e-06,2.0887420921623167e-05,3.959815744050853e-05,0.0013566691985448364,0.00017226925068945583,0.030792209248985705,0.02987237289212758,-0.0012313446730150973,0.0004449315086019807
energy_matched_n64,0.0,51,0.796875,-0.825,-0.021265040917377312,6.977211275059681,0.0014778371761632202,0.0013574224977524025,1.5294875505031843e-08,1.2401657339258477e-07,7.91834289033772e-11,2.410895127513777e-08,0.007954982492380762,-0.007955041195252505,-1.920342077162675e-08,2.4854151828339575e-06,0.0014352450942892072,-1.7684913055845095e-05,-3.0130850027176276e-05,0.0,-1.041526617896044e-08,2.1368118885107754e-08,7.977003700261476e-09,-6.598392131006121e-07,0.006519747813357734,-0.007937377650315545,3.010366960270439e-05,3.1452543959345696e-06,2.1660889005732774e-05,3.998653582028113e-05,0.0013729569357044903,0.0001721098875739904,0.031553632080409226,0.030588455218535482,-0.0012429916016700937,0.0004504605802867121
energy_matched_n64,0.0,52,0.8125,-0.8,-0.02881629835636019,7.033364813313668,0.001526366834458405,0.0013601121049482286,4.0367891817341084e-08,5.362359862959745e-10,4.1691017592002214e-10,2.4102374230072618e-08,0.00803173206245591,-0.008031752514463841,9.957887765420887e-09,3.6001898470905427e-06,0.001458979648925679,-1.5760631286264147e-05,-4.1553724463586405e-05,0.0,2.650689773883463e-14,2.9463859454599235e-14,-2.619234038969597e-14,-2.4902818071149347e-13,0.006572752413503724,-0.00801599188320704,4.156368237754417e-05,3.6001900961187235e-06,2.341413701356741e-05,4.037219282179225e-05,0.0013939958945683585,0.00017352577991455013,0.033592834964291544,0.032501033122440424,-0.001253511072486954,0.0004574650865742251
energy_matched_n64,0.0,53,0.828125,-0.7749999999999999,-0.03848628969225073,7.02579286325053,0.0015883466752255888,0.00136144161365073,7.641590454822652e-08,0.0,7.620289323028668e-10,1.9340356987916795e-08,0.008107835005272204,-0.008107823964979229,4.251415998830815e-08,4.831575312417248e-06,0.0014875177169905484,-1.2607215482709504e-05,-5.667987890660082e-05,0.0,5.055936780404892e-09,-1.037271348481043e-08,-3.872327125620951e-09,3.203063367152325e-07,0.006620312232344875,-0.008095206376783034,5.6726265393714755e-05,4.511268975702016e-06,2.5965986675361185e-05,4.0754600397391814e-05,0.0014186157316784748,0.00017675708255245458,0.03660749855725737,0.03531471517252906,-0.0012628198116263077,0.00046553070097168
energy_matched_n64,0.0,54,0.84375,-0.75,-0.050473684625327676,6.942635797002567,0.0016634823090949885,0.0013588250405453127,1.2641775523054492e-07,0.0,1.2352270451325363e-09,5.473879911353239e-09,0.008183183157080227,-0.008183149711135141,7.867584613572257e-08,6.126696817283776e-06,0.0015195540522862558,-8.36143049170478e-06,-7.608163477260416e-05,0.0,5.2311453772185905e-09,-1.073217469001094e-08,-4.006518679058817e-09,3.3140635327806925e-07,0.006663623873648595,-0.008174777548468746,7.616431713741894e-05,5.795290464005707e-06,2.8931664015311795e-05,4.113321494630837e-05,0.0014456490528853437,0.00018201124788208345,0.04002584715504449,0.038485435015421815,-0.001272059068793473,0.00047424444304045146
energy_matched_n64,0.0,55,0.859375,-0.7250000000000001,-0.06470909705765698,6.782540682421191,0.0017516861783717817,0.001351279651613274,1.9414565327791763e-07,0.0,2.1267327935304656e-09,2.7737775297439945e-08,0.008257666779491904,-0.0082576198800568,1.1985245101562344e-07,7.313763193108672e-06,0.0015547888224955266,-3.2560733273845635e-06,-9.997964177518084e-05,0.0,2.790793859160746e-09,-5.7255343708015045e-09,-2.1374634304504184e-09,1.7680306913897909e-07,0.0067028751662025175,-0.008254358081195045,0.00010010163168962691,7.1369601239696925e-06,3.178181274277468e-05,4.150747841357919e-05,0.0014750299389957534,0.0001895306429078458,0.043093108692305905,0.0413128112276865,-0.0012843390625391054,0.00048355887560031305
energy_matched_n64,0.0,56,0.875,-0.7,-0.08071647114962274,6.547435946980359,0.0018521176615648029,0.0013395239113530443,2.814560240244452e-07,0.0,3.779188063097354e-09,7.338419405412462e-08,0.008331175059261819,-0.008331119104095468,1.6870554570891284e-07,7.951401576650689e-06,0.001593383555624651,2.4931859495826747e-06,-0.0001279797319832732,0.0,2.3788053180837246e-14,2.725375859711606e-14,-2.395759211642815e-14,-2.4722339372918313e-13,0.00673779150361338,-0.008333612290072304,0.0001281484375529397,7.951401823874083e-06,3.403993313520935e-05,4.187681952999099e-05,0.0015071367306150863,0.00019968857519328455,0.04517165887307002,0.04321936831101527,-0.0013028971318038301,0.0004935596424609424
energy_matched_n64,0.0,57,0.890625,-0.675,-0.09760118490422694,6.2411211651561125,0.001963996160982975,0.0013267562782195543,3.8455166088956133e-07,0.0,5.928011360695731e-09,1.5333890729043455e-07,0.008403597176306097,-0.008403524731472545,2.2882345862428515e-07,7.159121334736327e-06,0.00163654774413775,8.899495606386308e-06,-0.00015908218478897422,0.0,-1.3547040142674049e-09,2.7793946939193797e-09,1.037556743235367e-09,-8.582613645415383e-08,0.006767050786872361,-0.008412427006473626,0.00015930997069085528,7.2449474711904806e-06,3.561354106891199e-05,4.2240655195082754e-05,0.001543166938141198,0.00021311160287813369,0.046156433485815634,0.04412001112684592,-0.0013294856917277261,0.0005045787304784468
energy_matched_n64,0.0,58,0.90625,-0.6499999999999999,-0.11430421213379595,5.867707883163566,0.002088179568306493,0.0013182264498367811,4.885461897380809e-07,0.0,5.027688835135963e-09,4.875237099793449e-08,0.008474823073829272,-0.008474704848531125,3.0372222809824577e-07,3.6426220091146605e-06,0.0016868087317203002,1.6511028589792573e-05,-0.00019218563090333155,0.0,-1.4016516859053688e-09,2.8757113771691598e-09,1.0735140018143286e-09,-8.880037569343677e-08,0.006788015743760658,-0.008491218752832295,0.00019248827961742797,3.7314223848080972e-06,3.714179346992205e-05,4.2598392003971284e-05,0.001585100919122565,0.00023080494192370896,0.046863632494115195,0.044765746979350374,-0.0013622501583030328,0.0005171645483090394
energy_matched_n64,0.0,59,0.921875,-0.625,-0.13007425417168383,5.095891514268956,0.0021168581929851137,0.001253083380979385,5.659191088227635e-07,0.0,3.0466137015522987e-09,5.530724507441613e-09,0.008544740129611733,-0.008544522821645863,3.917930283982425e-07,-3.1926264704621643e-06,0.0016601702390428652,2.501706948189904e-05,-0.0002155524826757633,0.0,-7.477621049503343e-10,1.5341854603058162e-09,5.72702729442815e-10,-4.737455120513556e-08,0.006884570638330973,-0.008569541425313222,0.0002159437030014321,-3.1452519192570287e-06,3.992866898033284e-05,4.294942791733851e-05,0.0015492543137262899,0.00025414729085973287,0.05154566119528279,0.049018947153175715,-0.0013096822998442928,0.0005025209144070005
energy_matched_n64,0.0,60,0.9375,-0.6000000000000001,-0.1447399893875447,3.314613370210563,0.0017623473704236337,0.0009820657123072608,5.868382777158804e-07,0.0,1.4321802291880894e-08,7.249889899665667e-07,0.008613222418933048,-0.008612849491017885,4.798830508018781e-07,-1.1864384449101142e-05,0.0013428087428704926,2.977072636316724e-05,-0.00019459053145612872,0.0,2.1850508076576268e-14,2.510012724243056e-14,-2.216258112549612e-14,-2.4925314331423745e-13,0.007270413676040705,-0.008642620217406152,0.00019507041452909317,-1.1864384199847999e-05,4.48988489776592e-05,4.329315407236871e-05,0.0012264517083625877,0.0002842552977818112,0.0732174755377899,0.0682224033866953,-0.0009570586144966325,0.0003868565741108048
energy_matched_n64,0.0,61,0.953125,-0.575,-0.15858344462847804,1.5485043047454088,0.0012704236443367841,0.000668113756937005,5.375971237053351e-07,0.0,2.227377655535158e-08,1.7127391930428759e-06,0.008680129706524754,-0.008679565730555144,5.506993483441243e-07,-1.8752685798518278e-05,0.0009379592394599702,3.18738188320795e-05,-0.00015002649446051454,0.0,3.6301942949608157e-10,-7.44704975400928e-10,-2.780410861756536e-10,2.2996721089970372e-08,0.0077421701040453535,-0.008711438804682248,0.00015057747184994482,-1.877568251960825e-05,5.1711057285761814e-05,4.362895673076599e-05,0.0008188275071663587,0.0003212972823477958,0.12630512979397462,0.11214112983493074,-0.0005085611634517877,0.00023091820840721067
energy_matched_n64,0.0,62,0.96875,-0.55,-0.17195640384000022,0.713722724586745,0.0010534847305882185,0.0005237065791884531,4.2192166185129273e-07,0.0,4.104269196834339e-08,1.813117137500357e-06,0.008745329649277895,-0.008744544421271852,6.034846158829423e-07,-3.167809055569193e-05,0.0007507247204349096,3.865655737483302e-05,-0.00013184076555831226,0.0,3.7559838950325523e-10,-7.705137536420477e-10,-2.8767574612375873e-10,2.37936595169299e-08,0.007994604553244597,-0.008783200208132932,0.00013244453784994132,-3.170188421520886e-05,5.994191280813719e-05,4.39562193582241e-05,0.0006241557243436281,0.0003642104497938194,0.19207358186508036,0.16112560901196063,-0.00026450424749480496,0.0001372099442875868
energy_matched_n64,0.0,63,0.984375,-0.5249999999999999,-0.18581884252259753,0.556163853664255,0.0011579663608083472,0.0005428410488559747,0.0,0.0,6.555473558089654e-08,3.1553602975362377e-07,0.008808932556412455,-0.008807409727891609,7.607214943061543e-07,-7.3384621515989e-05,0.0007946879631269537,5.7238780891088334e-05,-0.0001530204530106166,0.0,2.0038861513503075e-10,-4.110536507917524e-10,-1.5348317042465155e-10,1.2693642911784183e-08,0.008014244392896885,-0.008864648097729046,0.00015378132798809317,-7.339731515890078e-05,7.307902225826502e-05,4.4274324827892994e-05,0.0006489005325800793,0.0004169872800040507,0.2252395200469234,0.1838330517108176,-0.0002104263990304892,0.00012698068866049124
energy_matched_n64,0.0,64,1.0,-0.5,-0.20214036673420838,0.548586207161991,0.00145547256325332,0.0006359436390846201,0.0,0.0,1.1590163513327569e-07,1.3160253683877686e-06,0.008871128282563305,-0.008867708709842211,1.1363819706988812e-06,-0.00014184174898456808,0.0009522973015558604,9.683037229129612e-05,-0.00020374584905108906,0.0,1.99909968404812e-14,2.2916954320121855e-14,-2.0387077542907288e-14,-2.518414177371651e-13,0.007918830980987454,-0.008964539082156425,0.000204882231042175,-0.00014184174873272667,0.00010022776938204179,4.4582657738505494e-05,0.0007663016137875534,0.0004948394931089515,0.26158830303554226,0.20734838964987823,-0.00016493499749530266,0.00014891962172307996
energy_matched_n64,0.5,0,0.0,-2.1,3.4806602869821435e-25,0.24999999999999967,2.099559208943907,2.1025656663170285,0.004040390859005778,0.007046848232127489,1.0738546462017717e-06,1.0865920723891753e-05,0.0014439174778941451,-0.006987537023460779,-0.0007516143432804278,0.011782443575186558,1.0537854725460765,1.0417333455388245,7.293789130731875e-25,0.0,0.0,0.0,0.0,0.0,-1.0523415550681823,-1.0487208825622854,-0.0007516143432804278,0.011782443575186558,1.0417564892122761,2.314367345161252e-05,0.012005839660348544,0.009604671728278839,173.54162952098474,0.9942707077804623,6.238533095613308,0.0014407007592418235
energy_matched_n64,0.5,1,0.015625,-2.0752140042023153,-0.001644190610059086,0.2606970219673815,1.7306774657038633,1.7219454116368336,0.0032752971848301893,0.005866690396136416,7.837204717888596e-07,8.570017100101995e-06,0.00205427286986622,-0.0066532192144226196,-0.0006528767470270396,0.009339013680570368,0.8663598498896067,0.8553805949902585,-0.0028308618195839992,0.0,-1.5006703094615487e-05,-1.2945850978480854e-05,-5.028444200482917e-06,4.7672770390297115e-05,-0.8642905703166458,-0.8620208683537027,0.0021830135167574425,0.00929134091018007,0.8553993174979269,2.337698409049171e-05,0.010932500931167198,0.008671790874945098,156.487398973695,0.9936502856322681,5.121463404056394,0.0013513107967467555
energy_matched_n64,0.5,2,0.03125,-2.050457348137717,-0.0035922947053698678,0.29022109248787287,1.4437345300131752,1.4252929683093347,0.002539527735244843,0.004658768483637952,5.397138193707213e-07,6.433018335399304e-06,0.002584371509179305,-0.006362766659143263,-0.0005619533310787688,0.007326062798513219,0.7205220242325705,0.7103925768192432,-0.005140200613058413,0.0,-9.626197538023763e-05,-8.298506514232249e-05,-3.214314398049141e-05,0.0003043543062009443,-0.7178413907480109,-0.7166723584132441,0.004610390425960136,0.007021708492312274,0.7103977248722829,2.3613168486530926e-05,0.010082221076354063,0.0078143359576559,140.92087834463103,0.9929538203845408,4.252304128157343,0.0013418781128348134
energy_matched_n64,0.5,3,0.046875,-2.0257510576639017,-0.0060358544006772616,0.33868228984719995,1.197574121315691,1.1706318484391345,0.001816025457518806,0.0033980632840005932,3.4323583903393684e-07,4.547353729244391e-06,0.003039489617171627,-0.006116564611308653,-0.00047969544042300707,0.0056940905582105635,0.5954774491698986,0.5860184913367544,-0.007131077675759608,0.0,-0.0002524320665035929,-0.0002175985568737335,-8.418598380256024e-05,0.0007954440430378084,-0.5921855274862234,-0.5919174573911893,0.006735568219139162,0.004898646515172755,0.5859993013114241,2.3852121240557207e-05,0.009411253590663186,0.007030236869524439,124.53161434153434,0.9920338792323717,3.5065845542778815,0.0013865479707892035
energy_matched_n64,0.5,4,0.0625,-2.0011154788581815,-0.009058633986824842,0.4009747868836774,0.9889004780271738,0.9547755353058988,0.0011370925588155404,0.0021635656313840324,1.9226361101451483e-07,2.969649143665272e-06,0.003426618815971848,-0.005913112920473609,-0.00040647258579768175,0.004390336037669366,0.48954375061849337,0.48064392695294317,-0.00878785394846087,0.0,-0.0004489629579030228,-0.00038720205149895187,-0.0001498543176555588,0.0014116643515210906,-0.4856681688446185,-0.4861698378219178,0.008531235680318749,0.002978671686148275,0.48058841473073477,2.4093730240450836e-05,0.008851636205069492,0.0063181980774679285,108.58747548967118,0.9908748696369573,2.8746788521793394,0.0014472592287049714
energy_matched_n64,0.5,5,0.078125,-1.976573925645276,-0.012758363432444828,0.45196587558858975,0.8136488802143783,0.7737145241967293,0.0005558338935891937,0.0010775328600656521,8.545471930163778e-08,1.7314379433764834e-06,0.0037536438568205543,-0.005749543588573202,-0.00034225179092871143,0.0033628165712640155,0.40057686490361333,0.39228815392511296,-0.010114013746031367,0.0,-0.0006328487483419947,-0.0005463676065832296,-0.0002118270493095968,0.00198758568396202,-0.3961903722984508,-0.39749132990710295,0.009983589004412253,0.0013752308873019956,0.3921834535012262,2.433783924572368e-05,0.008240035300008977,0.005675088814789589,95.18975082565457,0.9896038819997308,2.3448606857073484,0.0014438266904675862
energy_matched_n64,0.5,6,0.09375,-1.9521425521557465,-0.017367054011465502,0.4671285725198003,0.6677172320032441,0.6230387990467843,0.00011782775263686302,0.00024648563803777003,3.388669860254073e-08,8.478923844731749e-07,0.004028824857381171,-0.005622039095604959,-0.00028665713902502153,0.0025626398262851144,0.32636112184733507,0.3188347369823418,-0.011201772710465156,0.0,-0.0007567033129421374,-0.0006543542299443344,-0.0002544926676747948,0.002376038094286217,-0.3215755936770118,-0.32380242184800245,0.011169608239114929,0.00018660173199889748,0.31866477953807515,2.4584347420210436e-05,0.007477216170152982,0.005096496864832254,85.23620884737784,0.9884039429218205,1.9045114610582978,0.0013344753216864569
energy_matched_n64,0.5,7,0.109375,-1.9278362137427143,-0.022545939901893956,0.4944186588546539,0.5469168863401622,0.49960649183486316,0.0,0.0,4.0380876125973436e-08,3.038392245757922e-07,0.004260177385258178,-0.00552633292488501,-0.00023908265383331285,0.0019460951180465128,0.2651883748090806,0.2582968305707776,-0.011796469605601377,0.0,-0.0007980441648170457,-0.0006916276671553227,-0.0002702116745567016,0.002507330597983982,-0.26013015325900535,-0.26313153582850735,0.011827598626324765,-0.0005612354799374693,0.2580557012289654,2.483315297013617e-05,0.006841877932362744,0.004578287277011428,75.43417283384638,0.9869168467071159,1.5414923294414296,0.0012594290391254445
energy_matched_n64,0.5,8,0.125,-1.9036679216705066,-0.02847491674450191,0.655921726273202,0.44809144133441137,0.3995487113902213,0.0,0.0,6.644990784964583e-08,3.566649257229562e-08,0.004455130894725714,-0.005458061080487923,-0.00019877788128643106,0.0014754169975467152,0.21556175695866486,0.20869725172573247,-0.01207095256996438,0.0,-0.0007714111320019437,-0.0006704513758412738,-0.00026350779736956774,0.0024268817455079168,-0.21033521493193721,-0.21348486143037915,0.012135682486047517,-0.0009514647479612016,0.20837861651522635,2.508415895046847e-05,0.006814336915031348,0.004115132259522686,61.158882841726275,0.9839121947775947,1.2434573621763267,0.0014430787346366943
energy_matched_n64,0.5,9,0.140625,-1.8796399570691387,-0.03559684246315514,0.8379914664961021,0.367573710396848,0.3183807349170981,0.0,0.0,7.727844446455377e-08,4.4343119282594726e-08,0.004620378390442645,-0.005413011234857539,-0.00016491123364859673,0.0011187915627007383,0.17519712590950062,0.16834124039160203,-0.0122134050698754,0.0,-0.0007230835557905603,-0.0006306929327539111,-0.00024975003371067073,0.00227940442175378,-0.1698536639632674,-0.17312355869370566,0.012298243869937475,-0.0011606128590530417,0.16793181910366964,2.5337368278653482e-05,0.006805210781341178,0.0037025257763108393,49.353892039350896,0.9801405619407034,1.0007857038406767,0.001596923186353323
energy_matched_n64,0.5,10,0.15625,-1.8557641980247404,-0.04412391469178705,0.9327579022305919,0.30240140583368263,0.25298018656834736,0.0,0.0,7.791182145104603e-08,1.6043574083395712e-08,0.004761636409074235,-0.00538734202743802,-0.0001366604285505674,0.0008503615726654912,0.14241416933821485,0.1359104784659525,-0.012256909795380315,0.0,-0.0006713844480008968,-0.000588172773515272,-0.00023505544950406786,0.0021219428505609744,-0.13698114848113974,-0.14070964771987524,0.012355304816333816,-0.0012715812778954832,0.13539524829634325,2.5592672587032986e-05,0.006452505527088264,0.00333849651818339,41.966720594950424,0.9767261735093294,0.8059189842509712,0.001575060956150288
energy_matched_n64,0.5,11,0.171875,-1.832076195053209,-0.05422105508596267,1.0421052120560914,0.25049841421952396,0.20109988487659256,0.0,0.0,7.234233718187225e-08,5.8801638465290004e-08,0.004883628085855596,-0.005377634653652813,-0.00011325509059016177,0.0006495276792629313,0.11634285680369685,0.11012319375302701,-0.012243234039259598,0.0,-0.0006172593389164216,-0.0005436482375464272,-0.00021965338706340858,0.0019569458685980454,-0.11084196937892483,-0.11495718016913341,0.012349632335732845,-0.001307418189335114,0.10948520237631175,2.58496905577754e-05,0.0061679636695543385,0.0030203946560344616,35.50124749169365,0.9726036760736038,0.6507432505883162,0.0015629681312541604
energy_matched_n64,0.5,12,0.1875,-1.808618619207454,-0.06568065361763052,1.1761216969375659,0.2090870206030885,0.1601745858791966,0.0,0.0,6.354686001952374e-08,1.3667333180174615e-07,0.0049902692107257444,-0.005380876270298008,-9.39739165715012e-05,0.0004999348780904485,0.09566028568881083,0.08963935275521705,-0.012118323547337589,0.0,-0.0005616059539176177,-0.0004978363085399426,-0.00020375905020688086,0.0017867335713149218,-0.09010841052416746,-0.09452239271697511,0.012228108680972969,-0.0012867986932244733,0.08886952127608588,2.6107932207876402e-05,0.005968717069178052,0.0027428231966887553,29.77843320300791,0.9675097171644762,0.5272484105873373,0.0015694329863460085
energy_matched_n64,0.5,13,0.203125,-1.7854177060963496,-0.07807726645185396,1.3358941499912502,0.17569494201738814,0.12793110467089006,0.0,0.0,5.358617698164982e-08,1.8836694745568957e-07,0.005084829659034867,-0.005394480887090976,-7.814717632376135e-05,0.00038870956534509614,0.07917576257521401,0.07328425480051223,-0.011831535654141884,0.0,-0.0005052494407260453,-0.0004513958189172252,-0.0001875708588064021,0.0016134455901463925,-0.07358568347545309,-0.07822733986868599,0.011940959336624524,-0.0012247360248012964,0.07238684789635405,2.636705764487492e-05,0.005838773659412019,0.0024995882880368917,24.795223147472928,0.9612331324182413,0.42848231371871226,0.0015895653128729277
energy_matched_n64,0.5,14,0.21875,-1.7624854961402594,-0.09150300303551039,1.4992698461471428,0.14867885193943783,0.10245636841871439,0.0,0.0,4.3768295629725146e-08,1.9775167107272769e-07,0.005169973443375561,-0.005416302295663603,-6.517906837202729e-05,0.0003059502892948533,0.06597112543195051,0.060203921470686525,-0.011449531070972702,0.0,-0.000448884151470475,-0.00040488142437848467,-0.00017126887758018363,0.001439030931473754,-0.06035226783710448,-0.06521534234197164,0.01155562088018086,-0.0011330806421789006,0.05918288185883667,2.6626864492528204e-05,0.00571395023227895,0.002286247817972732,20.71522482800211,0.9539493600494301,0.3493833409207411,0.001599727979011961
energy_matched_n64,0.5,15,0.234375,-1.7398392843470434,-0.10622265071460613,1.6256748232385239,0.12678966645737008,0.08224220971624922,0.0,0.0,3.484118370623412e-08,1.607306294533397e-07,0.005247776903764138,-0.0054445822667420225,-5.456314399641561e-05,0.0002442158614830725,0.05531873856510093,0.049752325419207495,-0.011036400447637701,0.0,-0.00039313652926715174,-0.00035879473120950246,-0.00015502688163892818,0.0012653744173869194,-0.04967782513206964,-0.05483811295474001,0.011136864185280213,-0.001021158555903847,0.04860689678373415,2.688707442259527e-05,0.005512638997048235,0.002099513217805437,17.634710638502145,0.9463367036172889,0.2861287417053567,0.0015710099992610309
energy_matched_n64,0.5,16,0.25,-1.7174962898990793,-0.12223927585173354,1.6679849360232415,0.1089077377268278,0.06613336705022324,0.0,0.0,2.715726527110964e-08,8.242954898746114e-08,0.005319854449197085,-0.005477894353690732,-4.58721969562454e-05,0.00019794685006002558,0.04661756912123928,0.04139713695745417,-0.01060045723323816,0.0,-0.00033859009448730545,-0.0003136035001742741,-0.00013900763286922306,0.0010942406755604663,-0.04095912457755489,-0.04656142781097063,0.010693592669151137,-0.0008962938255004407,0.04012849213338365,2.7147391817786284e-05,0.005166137380149554,0.0019363442838061624,15.535201323748762,0.939522961927065,0.23560481542015235,0.0014801223530041977
energy_matched_n64,0.5,17,0.265625,-1.6954776309906114,-0.13976649086411044,1.599261343481246,0.09425583196408034,0.05324217632537938,0.0,0.0,2.081084826615156e-08,2.5669345042622378e-08,0.005387435634213583,-0.005515082101720084,-3.875157394584073e-05,0.0001630292208468178,0.03944788126068089,0.03472901717326624,-0.01016880061300845,0.0,-0.00028579285024613667,-0.00026974790647763577,-0.0001233648706126334,0.0009272951569550262,-0.03377465277622117,-0.03997435136850869,0.010253413909675243,-0.0007642659361082084,0.033335167052354245,2.7407457065004538e-05,0.004664049173284639,0.0017943748461391646,14.294517837974713,0.9346170954459837,0.19534695314084083,0.0013245696256462618
energy_matched_n64,0.5,18,0.28125,-1.6738142303021522,-0.1586470246530033,1.4655094003928373,0.08229047447922055,0.0429915616748785,0.0,0.0,1.57420588879078e-08,1.4269304764979985e-07,0.005451426021835092,-0.0055551943448944015,-3.291070854029301e-05,0.0001364421345994443,0.03358830410218608,0.02941182630528873,-0.009749401734855084,0.0,-0.0002352433761414844,-0.0002276372773431119,-0.00010823717477072438,0.0007660480534739149,-0.027901634704209505,-0.03473938337284002,0.009824728201085516,-0.0006296059188744706,0.027892779500858837,2.7666772951691722e-05,0.004121144250993937,0.0016715183687141093,13.53642474132356,0.9312072935542919,0.16323553275415909,0.0011477278652346284
energy_matched_n64,0.5,19,0.296875,-1.6525391714269948,-0.1786014428968697,1.5369203892173846,0.07297991608549761,0.03510268842070824,0.0,0.0,1.2998170114027208e-08,7.125228665915383e-08,0.005512494277596214,-0.0055974514061988495,-2.8110876623034603e-05,0.00011596822044386185,0.029178843015871574,0.02515246249299235,-0.00940368630213037,0.0,-0.00018734213532809168,-0.00018761824903553776,-9.373149069000938e-05,0.0006116881064923103,-0.02347900660294727,-0.030562295650155658,0.009469306916197346,-0.0004957198860484484,0.02350087534201496,2.7924791132620134e-05,0.003970530940613988,0.0015650987541784302,11.837648764616288,0.9221041159222049,0.13703472111147577,0.001117867445538073
energy_matched_n64,0.5,20,0.3125,-1.6316721218063155,-0.19939193641989866,1.7716653571379275,0.06563375690605638,0.028960045893787468,0.0,0.0,1.088408463096463e-08,2.685479917812568e-08,0.00557116479786757,-0.0056412425002609415,-2.4154523241780137e-05,9.997730730698442e-05,0.025827749130498227,0.021691444984779807,-0.009112651145140878,0.0,-0.00014240308849822804,-0.0001499673292512534,-7.993113116813055e-05,0.0004651475164332228,-0.020114181244132428,-0.027182720155789496,0.009168427753067228,-0.0003651702091262384,0.019902636931244208,2.8181104213043587e-05,0.004079941937292327,0.0014720182314885769,9.756333417064601,0.9070315170396698,0.11533587965017292,0.0011829489046969973
energy_matched_n64,0.5,21,0.328125,-1.6112146810836583,-0.2206327101768032,1.9009275434209625,0.05924262973961132,0.023929025329173112,0.0,0.0,9.121648207599531e-09,4.980130442931653e-08,0.005627867500104544,-0.005686112715808648,-2.0879383170600254e-05,8.727696199040968e-05,0.022915932547915994,0.01882719653093665,-0.008782383855915543,0.0,-0.00010065648755162174,-0.00011489027261291502,-6.689662986461126e-05,0.0003271090178411662,-0.01718740856025983,-0.024398418974132384,0.008828401102609552,-0.00023983205585075655,0.016917950894628202,2.843551563520214e-05,0.004031864985708941,0.001389853736558447,8.392121737505772,0.8935277855261737,0.09747584038206027,0.0011842527717514488
energy_matched_n64,0.5,22,0.34375,-1.5911626765786957,-0.24206658224094443,1.9404504930089639,0.05358907953585585,0.01979433614534342,0.0,0.0,7.65712368250987e-09,2.5769182667985478e-08,0.005682935583597161,-0.005731715674159065,-1.8155082955513313e-05,7.700502205513997e-05,0.020358576652719486,0.016429179167944653,-0.008412165153679098,0.0,-6.228030488100038e-05,-8.254776574540218e-05,-5.467577690452171e-05,0.00019811347584159066,-0.014613360764241325,-0.022078347076358314,0.008448685847628108,-0.0001211084537864507,0.014421562998729093,2.8687898781910237e-05,0.0038720216872110184,0.0013168124055878178,7.449112718744513,0.8816443769555257,0.08265735630516355,0.001141398310389501
energy_matched_n64,0.5,23,0.359375,-1.5715039476204664,-0.2634313800138784,1.9353500701083919,0.04857421929030829,0.016409942554582002,1.571257434835287e-05,0.0,6.440841829498389e-09,1.5278876960633314e-08,0.005736638745796431,-0.0057777984345175806,-1.587686908666135e-05,6.853693881304083e-05,0.018131232792565025,0.014400005639756578,-0.00801363414181917,0.0,-2.733047660899714e-05,-5.298672198860652e-05,-4.331191119906486e-05,7.864426057754044e-05,-0.012367263570159596,-0.02012481735228555,0.008041069183931573,-1.010732176449961e-05,0.01231790116925593,2.893823040510507e-05,0.0036733506919982353,0.001251418265032556,6.706629560901095,0.8702415897770133,0.07023405632353735,0.0010823413129170908
energy_matched_n64,0.5,24,0.375,-1.5522233453211862,-0.28429310325129287,1.9353712341070335,0.04413104038734254,0.01366473548623037,5.084882367834273e-05,0.0,5.429576833276828e-09,1.3035711443460892e-08,0.005789190770273146,-0.005824174195181499,-1.396117888075146e-05,6.142117470243119e-05,0.01622168712133896,0.012663126994307796,-0.007597688724008721,0.0,4.243561996839411e-06,-2.6153165765493476e-05,-3.284868015007314e-05,-3.0821319596088785e-05,-0.010436739913062654,-0.0184611480237238,0.007616576225278043,9.224249429851998e-05,0.010532343021642096,2.9186532220097178e-05,0.003500187062590976,0.0011924171709258317,6.018160077333491,0.8575125119716642,0.059693871067261595,0.0010313211427424012
energy_matched_n64,0.5,25,0.390625,-1.5332962059091322,-0.30477802959269745,1.9818898720420517,0.04024158309218393,0.011439925797189117,8.243579196114985e-05,3.85256309803299e-05,4.5865770426437025e-09,8.87334646605247e-09,0.005840783659484398,-0.005870725378105622,-1.2340734006987339e-05,5.5327989979409844e-05,0.014616935637409569,0.011163338095806214,-0.007189436783503499,0.0,3.251431358092155e-05,-1.9753207314051497e-06,-2.3318274252192326e-05,-0.00012992926468164732,-0.008808666291506092,-0.01703208815318043,0.007200414323748704,0.00018525725466105717,0.009001588677755405,2.943295870664644e-05,0.003394731624190067,0.0011384496979646313,5.303269698029841,0.8413521794390996,0.050614800442342366,0.001004314549501455
energy_matched_n64,0.5,26,0.40625,-1.5146928830516166,-0.32541465613739035,2.082316646801828,0.036895292990756126,0.009624201618829348,0.00011054138556277875,9.540421422245913e-05,3.881413529992217e-09,2.5704657931316832e-09,0.0058915878449998255,-0.005917383765098161,-1.0961699555441826e-05,5.001660051942624e-05,0.01328599283722201,0.009870781667678104,-0.006813988550146615,0.0,5.7556958602870384e-05,1.9619921191413064e-05,-1.474599239052173e-05,-0.00021839900873066507,-0.007451961950825056,-0.01580778535396768,0.006817772842981695,0.00026841560925009133,0.007683087670505382,2.9677743797352357e-05,0.003355855681949199,0.0010887446250634864,4.578914231521884,0.8207536523236336,0.042742670341083096,0.001000877615572686
energy_matched_n64,0.5,27,0.421875,-1.496394616212655,-0.34659231687935227,2.218185134329762,0.03405832957603344,0.008132872165052653,0.00013523221782498713,0.00014572460426877113,3.2896551142858055e-09,2.3840227413181835e-10,0.005941718408746393,-0.005964082482260036,-9.781848728476271e-06,4.531387056453122e-05,0.012186218517149102,0.008768903942347066,-0.006483987449356143,0.0,7.942665232534934e-05,3.868768520788656e-05,-7.1587521175302645e-06,-0.0002959345303934257,-0.0063239267607280575,-0.014771674109814989,0.006481364352745197,0.00034124840095795694,0.006551524701715253,2.992099205717351e-05,0.0033574725906876917,0.001043281368393661,3.9026526798083805,0.7960287898593126,0.03595167561960383,0.0010110964828949707
energy_matched_n64,0.5,28,0.4375,-1.4783986947535215,-0.36923277344729505,2.3628231426482817,0.03172754207865368,0.006889414537370232,0.00015660744444642545,0.0001894715375855612,2.7917656788764567e-09,5.646784412524403e-09,0.0059912271126611565,-0.0060107339046451685,-8.768033106622134e-06,4.109596100447036e-05,0.011283076164683825,0.007852362652312136,-0.006217747908605645,0.0,9.82229050863622e-05,5.530979394561906e-05,-5.520098218382012e-07,-0.0003625468177986837,-0.005390071957109031,-0.013918406350902924,0.006209531885320861,0.0004036427788031541,0.005586728948910349,3.016260148879381e-05,0.0033703883093941034,0.001002249647520822,3.315184148567545,0.7682601795031258,0.03014998538406799,0.0010241167139191701
energy_matched_n64,0.5,29,0.453125,-1.460728060434773,-0.3954758077337524,2.4698583661587956,0.029918032010512186,0.00580875432082161,0.00017483930690035955,0.00022700495104634107,2.372221362054172e-09,5.934930697236538e-09,0.006040079614535036,-0.006057196878144158,-7.894394646589589e-06,3.727647389847323e-05,0.010536719372474915,0.007125751664218633,-0.006040360833459139,0.0,0.00011416095547778266,6.964390988644615e-05,5.1470163899057985e-06,-0.0004189153665361362,-0.004610800713417662,-0.013252592452249237,0.006027319422422644,0.00045619184043460944,0.0047673372069094964,3.0402122306440073e-05,0.003350163463643399,0.0009655043837861598,2.8460325943169833,0.7399918031174174,0.02525385977781358,0.001023969589315567
energy_matched_n64,0.5,30,0.46875,-1.4434311017259178,-0.4265770086667991,2.561304820045531,0.028693049764203643,0.004863930975731588,0.00019010510504429185,0.00025872040814794853,2.0185097404298857e-09,3.1720435137125064e-09,0.006088157585156804,-0.006103270030894974,-7.1404682431115675e-06,3.3796173348178375e-05,0.00996749967836076,0.006586577935010738,-0.005974433522893928,0.0,0.00012745587641751173,8.184443444043828e-05,1.00133575328026e-05,-0.00046575902382298704,-0.004006797969621467,-0.01277169240034615,0.005957279697118014,0.0004995551971711654,0.004068660698558236,3.06387442222357e-05,0.0033196442549055538,0.0009321426900107676,2.4512630788951766,0.7102510074890839,0.02109231993644386,0.001019300784974799
energy_matched_n64,0.5,31,0.484375,-1.4265469798755113,-0.4626681577647798,2.7326924491804303,0.02819667910352584,0.004063046461010206,0.00020261130252834455,0.00028506735757483943,1.9139795520104483e-09,1.4840625619132522e-08,0.006135356318453771,-0.006148780082265191,-6.488583721965213e-06,3.0609523258744064e-05,0.009653956610261511,0.006232066841954918,-0.0060540221743905324,0.0,0.0001383365532251121,9.207901301506011e-05,1.4125430039658498e-05,-0.0005038532899295619,-0.003656936845032853,-0.012472925937235169,0.006033408160628908,0.000534462813188306,0.00346193531872752,3.087176326499628e-05,0.0033601462417765992,0.0009001937040150122,2.060586099310429,0.6732651957658349,0.01741146567058852,0.0010396605095215495
energy_matched_n64,0.5,32,0.5,-1.4100893826757535,-0.5036499903680886,2.990260753219387,0.028360364926620744,0.003373635197567086,0.00021259086592288843,0.00030654453424561277,1.922018377675019e-09,8.884591575618751e-09,0.00618163328750253,-0.006193626882053946,-5.9230638124943705e-06,2.767845908779581e-05,0.009563342613171854,0.006044089748837811,-0.006270170849344096,0.0,0.0001470447010606045,0.00010052940447223057,1.7565353268186705e-05,-0.0005340261803675374,-0.0035287540267299284,-0.012338246035363987,0.006246682432263415,0.0005617046394553332,0.0029172190774720184,3.110081651263161e-05,0.0034570512313087803,0.0008663722611409775,1.6876921296694867,0.6279335758136207,0.014046263233523329,0.0010799765051768958
energy_matched_n64,0.5,33,0.515625,-1.3940159285773577,-0.5486301865241521,3.2965472757746714,0.028884411148892217,0.002758723827927509,0.00022028738101006296,0.00032367176142803665,1.9246084372471356e-09,1.5612443499640847e-09,0.006227098764723146,-0.006237870628866075,-5.429308894517004e-06,2.496532251953719e-05,0.009579284991000594,0.005970302926190218,-0.00655726792534567,0.0,0.00015382308132177853,0.00010738462575434289,2.0416786209976424e-05,-0.0005571155340848431,-0.0035060093075992265,-0.012315558180810635,0.006531421830241177,0.0005820808566043803,0.0024041141303074508,3.132632908846748e-05,0.0035463294066334387,0.0008253905238349862,1.3558323859089543,0.5755215838014008,0.010878355375211264,0.001118074623042297
energy_matched_n64,0.5,34,0.53125,-1.3781687338284387,-0.596441740550561,3.623561058022638,0.02952207644020768,0.002208230684610745,0.00022555392954972783,0.00033615930136767554,1.9153800255179558e-09,8.01666815708615e-09,0.006272191608731729,-0.00628190381749199,-4.992558094835634e-06,2.2423149637038727e-05,0.009612014188348884,0.0059722827586016275,-0.006856112781853721,0.0,0.0001585755142556826,0.00011256889244275846,2.2658784859651302e-05,-0.0005728778396720373,-0.0034983980938728372,-0.012366755468536376,0.006828461438899234,0.000595300989309076,0.0019145613060878306,3.1550388505984444e-05,0.003576630652735289,0.0007735662204631747,1.0705949212975834,0.517047014017919,0.007910737183791695,0.001136440345917789
energy_matched_n64,0.5,35,0.546875,-1.362369168205712,-0.6572042664389441,4.043778202713179,0.030097847561286542,0.0016205276574118872,0.0002276326347746835,0.0003424504845160334,1.8894300687993207e-09,9.695480322366131e-09,0.006317418110377231,-0.006326196841418616,-4.600991345661251e-06,2.001183322899046e-05,0.009546795872467482,0.006027350177236373,-0.007148034438404001,0.0,0.0001606811461425883,0.00011558168246138419,2.4103471089676233e-05,-0.0005793720390533437,-0.00339005890823284,-0.012469128701116373,0.007119329975968663,0.0005993838722823341,0.0013614068961100797,3.1775448445318775e-05,0.0034558947983404685,0.0006851797718784409,0.787875196180064,0.44067684246832295,0.0047125465783200106,0.0011066827557863394
energy_matched_n64,0.5,36,0.5625,-1.3456477775709788,-0.7298317358652344,4.806796740126037,0.031707272217961956,0.001108253670514786,0.00022537214353895565,0.00034032323589636756,1.839511825422167e-09,3.479445796631867e-09,0.006365579217840146,-0.006373484899829611,-4.228909950322399e-06,1.7588203632898953e-05,0.009727439244550336,0.0063974760099703735,-0.007678492409951145,0.0,0.00015920918106429474,0.00011573282666390146,2.4508863139030576e-05,-0.0005735585492284436,-0.003521069207774484,-0.012886693736463886,0.007649754636861792,0.0005911467528613426,0.0008254839925044887,3.2015426916786974e-05,0.003265932380746388,0.0005624327020400409,0.5055119924533371,0.33577413862347916,0.0016869715742805443,0.0010563582426772258
energy_matched_n64,0.5,37,0.578125,-1.3275483208404841,-0.7621079197207725,5.633050490375575,0.03225703169017685,0.000909287181059093,0.0002165318493530354,0.0003253121956200347,1.755945589907088e-09,7.46220888519311e-09,0.006418053612157677,-0.006425128139346794,-3.869549440551973e-06,1.5110040291039596e-05,0.009802989492907263,0.006509247920224173,-0.007864131213846189,0.0,0.00015231154801629188,0.0001115359472811266,2.3325537126197857e-05,-0.0005493383338565248,-0.003537247428765879,-0.013045912006852093,0.00783693612727944,0.0005644483741475644,0.0005482084512082621,3.2277210779602366e-05,0.003229187151123887,0.00048683289171541416,0.339533403022159,0.2534713970223722,6.006355612568539e-05,0.0010519307094543238
energy_matched_n64,0.5,38,0.59375,-1.3087623218889883,-0.7684806520075114,6.0468102887837345,0.031154916867464466,0.0008233639672875232,0.00019890347682966302,0.0002928229305880837,1.6345315795290573e-09,4.917975558772634e-09,0.006472895610973067,-0.006479213783619793,-3.5385376008800716e-06,1.2696516469583678e-05,0.009509325576774542,0.006233951636892578,-0.0076063680884838406,0.0,0.0001381376851938228,0.0001014073458683239,1.9941325838725096e-05,-0.0005007342559137433,-0.003174567650995299,-0.012814572766380695,0.007582888225044235,0.0005134307723833269,0.00042115602785439696,3.255109900900833e-05,0.0032102717418639464,0.0004555638097670475,0.2623802978185676,0.20784568506968057,-0.0006833355747375646,0.0010485411707418717
energy_matched_n64,0.5,39,0.609375,-1.2898117958717612,-0.7595812981348274,6.010200257744806,0.027529849549009597,0.0007505491106135683,0.00017102926877709255,0.00023979109910910736,1.4759898579316599e-09,3.810464276378931e-09,0.006528603077102328,-0.0065342511574106015,-3.2426478913521763e-06,1.0427227896823437e-05,0.008530892162744939,0.005403896983123542,-0.006712015567182011,0.0,0.00011546763292168434,8.429447071314239e-05,1.3947809691651524e-05,-0.0004239001123035455,-0.002117756718564296,-0.012022442611247287,0.0066948251095990076,0.00043432734020036894,0.00033840505113349296,3.2829565631234125e-05,0.0030613360483589293,0.00043669737465442483,0.2210832432557671,0.18105501363387325,-0.0010309057415579716,0.0009996804944988466
energy_matched_n64,0.5,40,0.625,-1.2699406483370004,-0.7751165857114567,5.644536500544914,0.02115725686906266,0.0005040094770335391,0.00013283122646200448,0.00016657828254642342,1.2729328503439518e-09,1.314911140747101e-09,0.006587424958877583,-0.006592455115154877,-2.9683259793758323e-06,8.230229654766713e-06,0.006516657634553749,0.004164270783990136,-0.005171748612028385,0.0,8.437334088957385e-05,6.030125733734671e-05,5.468438041728908e-06,-0.00031895369031634664,-1.3606016565740307e-05,-0.010817027156482358,0.00516331184800728,0.00032718391997111333,0.00018868649154605627,3.312383386932846e-05,0.0022861391828249574,0.00034406300313610626,0.16506999483110948,0.14168247020646885,-0.0011540202335486196,0.0007447859476354603
energy_matched_n64,0.5,41,0.640625,-1.24335583600265,-0.797666539363863,5.270065013385629,0.014083051626194786,0.0002374082967536162,7.635410790354612e-05,5.996773671880164e-05,9.508657655869505e-10,7.399641082672952e-10,0.006666755313917883,-0.006671071648182304,-2.6510376443419958e-06,5.593572192827008e-06,0.0042942489592672035,0.002797820079895824,-0.0034573142395641064,0.0,3.890665147728141e-05,2.4937936569472528e-05,-6.7476304405281164e-06,-0.00016509829257540986,0.0023335997031733984,-0.0094938296646476,0.0034614108323602925,0.00017069186476823686,7.355720493862595e-05,3.352101000930883e-05,0.001429386859352763,0.0002279700220494111,0.10292133925441739,0.09331702596668674,-0.0009880436297210072,0.0004643427937203709
energy_matched_n64,0.5,42,0.65625,-1.205453090796044,-0.7860601617968577,5.061357953184478,0.009169025249207636,7.304971871468884e-05,8.580330687632994e-06,0.0,4.270473286619055e-10,5.347938718583593e-10,0.0067810536805939375,-0.006784530772695663,-2.2806062668362387e-06,2.462617189749385e-06,0.0028706411636601793,0.0017752982957928048,-0.0022572527295335104,0.0,-1.313705304456637e-05,-1.5242014548979689e-05,-1.902175935656276e-05,1.436701220723981e-05,0.003923549569978325,-0.008544587053939488,0.002273993882623237,-1.1904395017490424e-05,3.505559395064503e-05,3.409374395135005e-05,0.0010271553799646748,0.00016945961414884504,0.06825762612828964,0.06389622171542768,-0.0008168218162608046,0.00033306600402826326
energy_matched_n64,0.5,43,0.671875,-1.1585707636204774,-0.7253137276943057,5.1869022190674565,0.006496393473007352,9.225811524557611e-05,0.0,0.0,2.5953033645775836e-10,3.423753944796665e-09,0.0069242054773301686,-0.006926865040370317,-1.9277354456386213e-06,-3.3739230025941407e-07,0.002196210710017515,0.0011435137315405452,-0.0015873007827196814,0.0,-2.5353208439211616e-05,-2.270500203253302e-05,-1.5660792166401244e-05,6.862324826332812e-05,0.004753347975751865,-0.00804767376987833,0.001601033839440444,-6.896064056358753e-05,2.7034329174287172e-05,3.4811645320243025e-05,0.0009830736878364834,0.00015889594711982708,0.05499959872546979,0.05213234089559279,-0.0008208677127907603,0.00031913035118003144
energy_matched_n64,0.5,44,0.6875,-1.109752823719312,-0.6154884648179797,5.64743433497584,0.005143947346447042,0.0002855698983809927,0.0,0.0,7.556566011728792e-10,5.972036696463332e-09,0.007075061039439456,-0.0070770624066988025,-1.6541374893936805e-06,-1.9747341449394007e-06,0.00197864717215228,0.000741340875248002,-0.0012141642284929795,0.0,-3.865635965160584e-06,-3.36515628045027e-06,-2.084271012926388e-06,1.1053022369463133e-05,0.005100279503252337,-0.007815038125666354,0.0012145943620165123,-1.3027756514402533e-05,2.96054649850404e-05,3.5568666769089176e-05,0.0011661689633660995,0.00017543143784516045,0.0507738859720386,0.04832046803777317,-0.0009885361734558572,0.00037992603801806336
energy_matched_n64,0.5,45,0.703125,-1.0636672378954566,-0.49851537102693644,6.03338706237849,0.004341508798145429,0.0005075535323381742,3.263074871751227e-06,2.1698175862075263e-05,1.0087741067226905e-09,7.225301592816225e-09,0.007218804255837292,-0.007220322720979593,-1.4614650458694703e-06,-2.397605511332048e-06,0.0019342771928693365,0.0004777733470055525,-0.0009630975916993948,0.0,5.8629124858206586e-06,5.099247738791358e-06,3.1473102017115386e-06,-1.679019581349092e-05,0.005278664150482135,-0.007703195315723937,0.0009584888164518138,1.4392590302158873e-05,3.394470791725881e-05,3.6290314172879e-05,0.0013839232175180253,0.00019676483111822685,0.04905576767204816,0.04676183019412537,-0.0011802549700144723,0.0004519824629639705
energy_matched_n64,0.5,46,0.71875,-1.0199050964870409,-0.3971703036053038,6.2544510105215565,0.0036816829691682113,0.000695836045701252,3.2721959340259163e-07,1.0508210154014586e-05,1.0057202766812667e-09,5.48584930537148e-10,0.007356141948409704,-0.007357301990595716,-1.3227246764780559e-06,-1.946599415654258e-06,0.001887380983067618,0.0002959608094934054,-0.0007490069785068927,0.0,2.2771435852982935e-06,1.980529102398362e-06,1.2225229636749427e-06,-6.520898436405012e-06,0.005466483821756788,-0.0076552433291915195,0.0007464617308667398,4.574299020750754e-06,3.5457486808898046e-05,3.698000637156645e-05,0.0015174601608310802,0.00020917642956444515,0.04673267572241072,0.0446462375793875,-0.001304715239977692,0.0004962086472585417
energy_matched_n64,0.5,47,0.734375,-0.9766552578014394,-0.3012061184948035,6.421546428007585,0.003117484778359836,0.0008991470780098122,0.0,0.0,8.232419696818167e-10,5.837070434657303e-09,0.007492308213125142,-0.007493193985975883,-1.217400858569966e-06,-8.971651107776285e-07,0.0018449603387170402,0.00016503675726321112,-0.0005550650747241233,0.0,-1.3728723292885927e-06,-1.1940683168796219e-06,-7.367512219527009e-07,3.932396406704214e-06,0.00564872074673739,-0.007657036674922214,0.000554584425087506,-4.829561517481842e-06,3.5511718597159065e-05,3.7663958003629166e-05,0.0016045956654465706,0.0002162077244967591,0.044262513431725985,0.042386385475303066,-0.0013915253538636162,0.000525154409898085
energy_matched_n64,0.5,48,0.75,-0.9344219299638213,-0.2047328721995077,6.582871784305677,0.0027176612223314264,0.001185071930984869,0.0,0.0,5.608410734291603e-10,2.6538482551875976e-09,0.007625311822074437,-0.007625994664737793,-1.1372109352026626e-06,4.774360995341149e-07,0.001875212642896341,7.750170523779182e-05,-0.00038370174768780535,0.0,-1.086026619666921e-06,-9.445875196735924e-07,-5.827860840366723e-07,3.110899837905552e-06,0.005751185205797763,-0.007702551782455911,0.0003831473228366394,-2.6334637383714373e-06,3.7277470045436793e-05,3.83321256797402e-05,0.0017210466862990698,0.00022696502529043577,0.0433195337955626,0.04152086910322435,-0.001497381866026449,0.0005637051368963966
energy_matched_n64,0.5,49,0.765625,-0.8945975799569961,-0.11706860131305703,6.73923611967818,0.0024906690744310803,0.0015600013078395736,0.0,3.0521480721464273e-06,3.1427198988909283e-10,2.9724526483171453e-10,0.007750398307315449,-0.007750939349424658,-1.076477819716433e-06,1.892033706657264e-06,0.001994300384822543,3.0266466798656083e-05,-0.00023380884592688554,0.0,1.2157657510660113e-07,1.0572082981240042e-07,6.542645929249751e-08,-3.475563576795967e-07,0.005755976345917799,-0.007781311537053126,0.00023266694164787661,2.239590064336861e-06,4.185538246589557e-05,3.8960590234520025e-05,0.0018861127375548467,0.00024370786837206316,0.04438269423932401,0.04249658145824615,-0.0016349804427594735,0.0006182076083453033
energy_matched_n64,0.5,50,0.78125,-0.8579864975901177,-0.04671037382576882,6.876699443703649,0.0023768979819246256,0.0019763458088425134,0.0,3.736248046150143e-06,1.3168297286451105e-10,7.738971768364724e-11,0.00786479022873037,-0.007865236332505786,-1.0296088031218085e-06,3.1551884897760337e-06,0.0021614795332274865,1.3914519211647381e-05,-0.00010139224582138422,0.0,4.1811034753446987e-07,3.6362882148510894e-07,2.2459374773441914e-07,-1.1967965249695563e-06,0.005702892585155349,-0.007879514480538918,0.000100138043270528,4.35198501474559e-06,4.87138192073662e-05,3.953536970106992e-05,0.0020684942746137,0.00026260926792975197,0.04710075324377073,0.044982064140302855,-0.0017762113593695027,0.0006783847536139521
energy_matched_n64,0.5,51,0.796875,-0.8240174106528729,0.005300335386965691,6.979991500071877,0.002304031423981987,0.0023578294885921443,0.0,2.95651816780487e-06,1.482767637497076e-11,2.6723211468101447e-09,0.007970141213934858,-0.007970524216655641,-9.91299257676802e-07,4.210582351289822e-06,0.002313748476384911,1.6423798833638122e-05,1.2350347602894932e-05,0.0,2.006695016047594e-07,1.7450884612898775e-07,1.0786929196758689e-07,-5.740620997024895e-07,0.005656192068048342,-0.007987122524335408,-1.3449516152539322e-05,4.784644450992311e-06,5.642309145235617e-05,4.006475360315901e-05,0.0022171951703449542,0.00027784430225583366,0.05089591769548893,0.04843097859500554,-0.0018786566216308172,0.0007274591838408372
energy_matched_n64,0.5,52,0.8125,-0.7917534566386418,0.04376138842044278,7.0346972549990445,0.002234054296160555,0.0026657666621956217,0.0,2.1177262456362957e-06,5.0601985059573406e-11,1.584245254427983e-09,0.008069266852197875,-0.008069607961268344,-9.578197597605468e-07,5.061422423852869e-06,0.002421396299238912,2.82615821423246e-05,0.0001069955272843742,0.0,-4.732584447458777e-08,-4.118542914293912e-08,-2.525553536797285e-08,1.3617822415801686e-07,0.005647917878803438,-0.008097828357981526,-0.00010792809150876678,4.925244199694852e-06,6.41421881221716e-05,4.0562878808588586e-05,0.00231200895947941,0.000287753089643909,0.05548610688482311,0.05256924418321868,-0.0019271558307463804,0.0007587317177897693
energy_matched_n64,0.5,53,0.828125,-0.7605359450414994,0.07404265981910789,7.025845219880162,0.00216115217717,0.0029117078396338086,0.0,1.8355191580468963e-06,8.015363882431833e-11,2.3902728160184563e-09,0.008164091307163947,-0.008164405153103297,-9.269198883285082e-07,5.7199550282598225e-06,0.002491808017811033,4.4519345638891056e-05,0.0001867724785129191,0.0,-1.129439289730568e-07,-9.825705839559404e-08,-6.048278529545944e-08,3.2410836487110817e-07,0.005672396233281887,-0.008208826241683792,-0.00018763891561595215,5.395846663388714e-06,7.172962246148035e-05,4.103940791269299e-05,0.0023652098563467557,0.00029469916146502407,0.06065391810287155,0.05718539956120616,-0.0019348321215778737,0.0007761636955826263
energy_matched_n64,0.5,54,0.84375,-0.7301938186908825,0.09989786226851469,6.942311662979469,0.0020932042901553173,0.0031298043489190503,0.0,1.8904075932123546e-06,8.762702114905354e-11,5.231530947752145e-10,0.008255028538603578,-0.008255325553428106,-8.974577015217916e-07,6.195787856113412e-06,0.002547836701082207,6.349880756924247e-05,0.0002582892163371939,0.0,-6.855443790175624e-08,-5.964950089199446e-08,-3.665934778241584e-08,1.9698799601608667e-07,0.005707260391959273,-0.008318764711496457,-0.0002591500146909333,5.998799860097325e-06,7.919268402005044e-05,4.1496417009903554e-05,0.002401345059493157,0.0003023483793372469,0.06595693834751541,0.06187580002036875,-0.0019261889553728543,0.0007877590005691984
energy_matched_n64,0.5,55,0.859375,-0.7009098705061277,0.12322636800210457,6.782320940059054,0.0020355987061596815,0.0033452140609384643,0.0,2.0207235812995632e-06,8.462221782608542e-11,4.949512052827517e-09,0.0083414554389598,-0.008341742985630058,-8.690146485620109e-07,6.502007990409708e-06,0.0026058367129462552,8.428538793499737e-05,0.0003265356182379564,0.0,-1.7327068358549366e-09,-1.5312956012253578e-09,-7.941918228003851e-10,5.624242111157004e-09,0.0057356204587203806,-0.008426026842269453,-0.0003274038386946956,6.496383748298551e-06,8.597836053470154e-05,4.1930770858489284e-05,0.00243768978329428,0.0003132342911671004,0.07054085480762927,0.06589272561700142,-0.0019218196200860708,0.0007991467711854786
energy_matched_n64,0.5,56,0.875,-0.6729710492812974,0.14431879082280957,6.547393888659233,0.001984519439108669,0.003553672308124847,0.0,2.049015068126802e-06,7.966470508476728e-11,3.727657227465105e-09,0.008422513717952763,-0.008422796733130181,-8.415634349756768e-07,6.659749998442408e-06,0.0026638602564304044,0.00010490013407956428,0.0003914314512733751,0.0,2.8074308978813955e-08,2.439362039141302e-08,1.5202545693811117e-08,-7.973277290415093e-08,0.005758625387213379,-0.008527721260830137,-0.0003922882172540446,6.739482771346559e-06,9.074737333740762e-05,4.2338152995634316e-05,0.002474283816359571,0.0003278328722285778,0.07335243656156212,0.06833956309499185,-0.0019297995763351253,0.000810282416810557
energy_matched_n64,0.5,57,0.890625,-0.6465237393604231,0.1628188741875928,6.241128598314634,0.0019220722172242142,0.0037126828420831243,0.0,1.991182256688442e-06,7.773062482879149e-11,2.2416060146952818e-09,0.008497834618595237,-0.008498116181923813,-8.151568734564199e-07,6.6960451087244475e-06,0.0026954896005160116,0.00012155616065057284,0.0004468229493299252,0.0,2.6863872436357073e-08,2.334128607291929e-08,1.4550011345810668e-08,-7.625883823040583e-08,0.005802318154206789,-0.008619695683860458,-0.00044765265621472746,6.7723039469548535e-06,9.152165910789208e-05,4.2716708028397477e-05,0.002488500023808644,0.000343661901597472,0.07355568272635045,0.06851594557214953,-0.0019393700691612917,0.0008136801028421637
energy_matched_n64,0.5,58,0.90625,-0.6213375030441999,0.17700210663572222,5.86772575787829,0.0018290483077425354,0.00374548442633169,0.0,1.8983858042673506e-06,8.073955985226841e-11,2.100999759341608e-09,0.008568156754057135,-0.008568438659807392,-7.895965062917663e-07,6.637139462233599e-06,0.0026581506178611014,0.00012881032699361427,0.00047831254783635364,0.0,1.2589632185482149e-08,1.092679995398114e-08,6.885304643173084e-09,-3.537154988812662e-08,0.0059099935465638485,-0.008697259913600961,-0.00047910902964728855,6.672511012121725e-06,8.721814421989002e-05,4.307014582361002e-05,0.0024431999992202665,0.000355750955316985,0.07139664722308874,0.06663885630792193,-0.0019198911339009263,0.0007971331990621068
energy_matched_n64,0.5,59,0.921875,-0.5968430956444765,0.17233993925663668,5.095915714651849,0.0017674643319819164,0.0035504325369624537,0.0,1.807813791564475e-06,8.830330536536437e-11,2.3675549825912616e-09,0.00863511048085276,-0.008635393742142672,-7.643773215294993e-07,6.5019606827613345e-06,0.002536225375801812,0.00012244263380713043,0.0004449783567809731,0.0,-1.504994605891548e-09,-1.3314320630086167e-09,-6.828573682028352e-10,5.001280895885671e-09,0.0060988866100455535,-0.008757835044517739,-0.0004457420512451344,6.4969594018654485e-06,8.916174977235147e-05,4.340665894337194e-05,0.002326969424107938,0.0003817259839264094,0.07663336599837992,0.07117870244279167,-0.001791998925473829,0.0007547831554839592
energy_matched_n64,0.5,60,0.9375,-0.5750581257647449,0.07490047349604244,3.314635580402272,0.001887457381767888,0.0025515920885695723,0.0,1.7468516305795112e-06,9.623276869012633e-11,3.3234800183163234e-09,0.008693373721769319,-0.008693658680141254,-7.416920076765891e-07,6.326631952224025e-06,0.0021356156538009543,8.363793917244382e-05,0.00016529582198279794,0.0,-7.377576343940968e-09,-6.438600258784519e-09,-3.837290053452411e-09,2.1826226964117953e-08,0.006557765445544709,-0.008777290180713439,-0.0001660336767004211,6.3048057252599075e-06,0.0001149567011008355,4.369949726182079e-05,0.001964578720104869,0.0004553290036888128,0.11702936606653166,0.10476838803140405,-0.0012748385134998563,0.0006196824809500264
energy_matched_n64,0.5,61,0.953125,-0.5576082545486675,0.10390516959319002,1.5485309521428863,0.0010972097667513263,0.0016685995195499092,0.0,1.7095849997286495e-06,9.899954719480103e-11,1.1749309945568572e-09,0.008739113561022874,-0.008739400045880755,-7.23376083850422e-07,6.156435788684728e-06,0.0013089429780176463,7.369036706541639e-05,0.0001421282947335587,0.0,-8.110834754342043e-09,-7.0759555727267094e-09,-4.232617763406165e-09,2.3931368018237125e-08,0.007430178693839982,-0.0088130833369906,-0.00014284743819964571,6.132504420666491e-06,0.00010285189607921464,4.392939358207955e-05,0.0011473938237880712,0.0004502177314437974,0.17927915236575623,0.15202435488332314,-0.0005302824473127834,0.00032357869288023966
energy_matched_n64,0.5,62,0.96875,-0.5355157359859533,0.0466799086313783,0.7137170497063656,0.0008811871340951594,0.0010652470952535616,0.0,1.6715406313937493e-06,8.71605522894276e-11,3.139837630092144e-10,0.008795766763295902,-0.008796055234877054,-7.000252655664944e-07,5.916704351644779e-06,0.0009208928039421393,5.204678543358904e-05,4.5317982623220835e-05,0.0,-5.843132131291661e-09,-5.103150387441188e-09,-3.0175991868036814e-09,1.7443381304053632e-08,0.007874879802485895,-0.008848096917160255,-4.601499028960052e-05,5.899260970340726e-06,9.414549086857514e-05,4.421414472319645e-05,0.0007804177290621574,0.00045539473928667335,0.2412694826441515,0.19437316877411615,-0.00021554478385070648,0.00017156088263450443
energy_matched_n64,0.5,63,0.984375,-0.5183912872386155,0.027985496113637667,0.5561316929346996,0.0009391387729060681,0.0010532573870520763,0.0,1.6450644070998341e-06,5.4405361846435077e-11,3.908439516540056e-09,0.008838664684952644,-0.008838954645777388,-6.817969163913379e-07,5.726842867373343e-06,0.0009335187282914396,6.239494064713268e-05,2.78493268532021e-05,0.0,-2.9570950520077197e-09,-2.592689191179462e-09,-1.470233091395297e-09,9.183025945380654e-09,0.007905148913756257,-0.00890134699373533,-2.8529653536502043e-05,5.717659841427962e-06,0.00010604532377685748,4.442976035814246e-05,0.000782264266928022,0.000502697985318167,0.2711240389217854,0.2132947144574206,-0.00014599232426687708,0.00015307364107707832
energy_matched_n64,0.5,64,1.0,-0.5,-0.0006237113275382494,0.5485562639206987,0.0009433874826688324,0.0009436827646540878,0.0,1.615536010485232e-06,1.7633062055234512e-11,8.698160578642631e-10,0.008883699480003206,-0.00888399091037136,-6.620567657865549e-07,5.5406896433772405e-06,0.0008917854448039455,5.145840713210032e-05,-5.883116462207856e-07,0.0,-7.391232654938386e-11,-8.4730412633108e-11,7.537674808151286e-11,9.311284102340934e-10,0.007991914109111587,-0.008935449232773047,-7.382049631385076e-08,5.539758514967007e-06,9.61141578580872e-05,4.465611766262474e-05,0.0007510148023465957,0.00048497740756615806,0.25595809179199164,0.20379508955334055,-0.00017432985519807238,0.00014594481425518485
energy_matched_n64,1.285,0,0.0,-2.1,2.148462123772825e-56,0.24999999999999967,16.009184906563135,16.027976205178362,0.002204714408838869,0.020996013024067124,5.61980155633357e-07,2.1666563543205203e-05,-0.003630157213147696,-0.0079702065033053,-0.004697824653807064,0.013125780559232532,8.02022844637888,7.986751745775416,3.4390390658825366e-55,0.0,0.0,0.0,0.0,0.0,-8.023858603592029,-7.994721952278721,-0.004697824653807064,0.013125780559232532,7.9867751509493585,2.3405173943253624e-05,0.033429890255578666,0.026743912204462945,477.82239725519605,0.9979115429734858,47.88722101544057,0.004011586830669435
energy_matched_n64,1.285,1,0.015625,-2.0804464862307355,-0.020495391170046003,0.3246587504174929,15.507460969456513,14.304890685162928,0.0017682550561897246,0.019831458721460686,6.65842489852575e-07,8.692292890475142e-07,-0.0030674073152516528,-0.007786036145703317,-0.0045417013749477105,0.010325136610840276,7.4647118305229005,7.430664139897993,-0.305158371989714,0.0,-4.0941688426584835e-05,-1.2644883703180163e-05,-2.590045862997045e-05,-4.962720238497216e-07,-7.467738296149726,-7.438437531159994,0.3006425710733963,0.010325632882864127,7.424433395079459,2.3595384212155472e-05,0.03400049985648474,0.02566736515783314,436.72495559875927,0.9977154603885171,44.51259987062027,0.004874637710661382
energy_matched_n64,1.285,2,0.03125,-2.0608512021870466,-0.04052577769222194,0.5060522781809799,15.193767968700579,12.93590895319596,0.0013673210266686563,0.018145133703575032,7.887630163114223e-07,8.607035167784369e-06,-0.0025296731515749324,-0.007590702565102294,-0.004370362147354641,0.007771707866287312,7.046085938196038,7.00899629538711,-0.5686592070453811,0.0,-0.00027770614336993703,-8.644220818544623e-05,-0.00017590897812804667,-6.434118486399704e-06,-7.048337905204243,-7.016500555744027,0.5644647538761545,0.007778141984773712,6.985974726269309,2.3787489556526087e-05,0.037042067829816436,0.024595472790995075,377.1914007806042,0.9973558362301841,41.87880628978604,0.006903659831850381
energy_matched_n64,1.285,3,0.046875,-2.0412609899425496,-0.059900815726418956,0.7301101857496389,14.841024451118704,11.690619423877562,0.001010063396024218,0.015771803183384683,9.398370901820413e-07,4.40750698607606e-06,-0.002026638356803298,-0.007387836632074934,-0.004185329177419633,0.005492054085946569,6.649143561131681,6.6082874430767475,-0.7912916917571253,0.0,-0.0007793327455158286,-0.00024420895365795224,-0.000494894230579516,-2.8463393943355545e-05,-6.650390866742969,-6.6154310707551645,0.7876012568102851,0.005520517479889925,6.560912406118571,2.3980855610168762e-05,0.040808156343715145,0.02358702739272839,321.54907224222177,0.9968996965545477,39.32466628036771,0.009058301593823162
energy_matched_n64,1.285,4,0.0625,-2.02171743726619,-0.07828569571196697,0.9313361792818836,14.439324152443765,10.562777502993805,0.0007093804277508364,0.012825196358672065,1.13017367582742e-06,5.275493545302615e-06,-0.001566136451532556,-0.007180731351563218,-0.0039879963368078235,0.003500804104378711,6.269027018455378,6.225256520870197,-0.9721656163452204,0.0,-0.0015050262175108832,-0.00047455319237343956,-0.0009590423540775162,-7.870444812612076e-05,-6.2690881286894,-6.231962699029387,0.9691366623624901,0.0035795085525048317,6.149174034047312,2.4174799953297057e-05,0.04372214798527716,0.0226382897262009,281.2841691180389,0.9964574704875433,36.85132205629859,0.010666859758660545
energy_matched_n64,1.285,5,0.078125,-2.002257442327926,-0.095210016634516,1.0401286296486365,13.977196822998174,9.548665649401421,0.0004781791046419128,0.009596950856159903,1.372819176856041e-06,6.446485492770347e-06,-0.0011531142768593768,-0.006972233986640652,-0.0037795628646491095,0.0018011021328045772,5.901153385169887,5.85674028604951,-1.1094124863370678,0.0,-0.002343936976504756,-0.0007438463065943646,-0.0014998699267696118,-0.00016550792247169418,-5.899962562470241,-5.862968673729556,1.1071327933991884,0.0019666100552762716,5.751137473338325,2.436856750850381e-05,0.04436436198536017,0.021745865109005835,259.2683503590628,0.9961578117407651,34.46246047804459,0.011235098760294979
energy_matched_n64,1.285,6,0.09375,-1.9829110990051342,-0.110518356916643,1.014698341414206,13.457098860269419,8.639483097711611,0.0003236594940460493,0.006448268370076353,1.6825513440088882e-06,3.1992288472491555e-06,-0.0007881620612628687,-0.0067647063776175775,-0.0035610204930642984,0.0003851629988764081,5.543538544113796,5.501366470944658,-1.205935092858459,0.0,-0.003157507839136216,-0.001009396667683029,-0.0020298682740567224,-0.0002892751200463658,-5.541169198335923,-5.507121780654592,1.2044039406394513,0.0006744381189227738,5.368113067264086,2.4561330265674466e-05,0.042122950508607475,0.020907820115163997,254.87830279919052,0.9960918921649062,32.16655545307591,0.010581769173626554
energy_matched_n64,1.285,7,0.109375,-1.9637066706451602,-0.12461023322638158,0.9216446126419922,12.899314527305158,7.8192204483149625,0.00024265412632302422,0.003710296468548111,2.075193055983346e-06,5.221544962489492e-06,-0.0004657470977787036,-0.0065601760202748235,-0.003333340730523716,-0.0007645616936560471,5.198003366037729,5.159287646474895,-1.270890430333105,0.0,-0.0038180191420897416,-0.0012314286785282177,-0.0024664301449674442,-0.00044080512592765557,-5.194651093993418,-5.164616393816642,1.2700235197475487,-0.0003237565677283915,5.000946445665151,2.4752119240883826e-05,0.038666215324351494,0.02012141842980574,258.6726631357488,0.9961489977885072,29.967012458666556,0.009398426324174798
energy_matched_n64,1.285,8,0.125,-1.9446667432132132,-0.1380786409852711,0.9423023372195667,12.33977115465144,7.0792678772900395,0.00021869404219945158,0.001600492062257917,2.5664312878707213e-06,4.792184749663475e-06,-0.00017199673866477867,-0.006360515019415211,-0.003097726019828333,-0.0016750423774923905,4.8731616429793085,4.835448279939204,-1.3154712688453651,0.0,-0.004240101797565273,-0.0013828169082860324,-0.0027522765148137165,-0.0006032784153804185,-4.869093537920408,-4.840425978050333,1.3151258193403506,-0.001071763962111972,4.653834734744682,2.4939862816231093e-05,0.03766348331447327,0.019391153783189636,247.12715475025183,0.9959698082984648,27.885344925153618,0.009226630488314201
energy_matched_n64,1.285,9,0.140625,-1.9258286868435046,-0.15195621929711045,1.0408731879639062,11.831677378439506,6.412301433613452,0.00022110782085618935,0.00016429321348937747,3.1688523284938153e-06,6.0643615026612085e-06,0.00011672710299746018,-0.006167978269310205,-0.002856342245940483,-0.002381167772125622,4.580039808714467,4.54175689679484,-1.354829782554672,0.0,-0.00440257359707171,-0.0014559770520682525,-0.002870545897782186,-0.0007581533956953834,-4.575520508014398,-4.5464688980120815,1.3548439862065138,-0.0016230143764302389,4.335907208461998,2.5123215291586536e-05,0.03823266548904456,0.018733484135380157,226.8168935124043,0.9956105098942298,25.977210585282943,0.009684504671055288
energy_matched_n64,1.285,10,0.15625,-1.907251986276126,-0.16723144383871397,1.1002117350996177,11.427931313400157,5.816177714155819,0.00020638329227420753,0.0,3.887350513989522e-06,7.398440388982699e-06,0.0004334193069868148,-0.005985616608552096,-0.0026130402704689273,-0.002924802823028711,4.3302722096222155,4.292059414387692,-1.402696653048987,0.0,-0.004361589232141544,-0.00146771830134383,-0.002854787032566077,-0.0008953332729271788,-4.325477201083087,-4.2965773126949,1.4029383998110843,-0.002029469550101532,4.057509728398834,2.530056825525387e-05,0.038162194098011366,0.018170641302602403,212.6455160297123,0.9953193494598738,24.306896176294995,0.009836793364432004
energy_matched_n64,1.285,11,0.171875,-1.8890250105869966,-0.1849852129142275,1.1891510430469452,11.18839844451359,5.291062875627718,0.00012377267323215695,0.0,4.713085140034719e-06,1.1167687141461972e-05,0.0008153145000494405,-0.005817527356501092,-0.0023739591766340625,-0.0033516488799648298,4.139645403572981,4.10078682686403,-1.4739212207016732,0.0,-0.004244829348988918,-0.0014589538738202447,-0.0027866306964288963,-0.0010247434155192768,-4.134585259723943,-4.105145400346711,1.474333892221468,-0.002326905464445553,3.8281586661934583,2.5470159725301224e-05,0.03880763638949899,0.017727253910943035,197.28893704174806,0.994956854301007,22.93014436077125,0.010236620261667584
energy_matched_n64,1.285,12,0.1875,-1.8712636663507831,-0.20605012700536157,1.3014824958764015,11.14917409621128,4.829373496721156,0.0,0.0,5.618308038064443e-06,1.089548135689393e-05,0.0012924772657683565,-0.005668614617377968,-0.002147471726387621,-0.003704844806060442,4.0153017035989675,3.975172128737014,-1.5793828360568578,0.0,-0.004124659417550108,-0.0014515138038223275,-0.002714785542060765,-0.001157009184829179,-4.009884566915649,-3.9793892295505695,1.579950149872531,-0.002547835621231263,3.6497657251381463,2.563036073576066e-05,0.040078314140482026,0.017414129463200746,182.13169907022692,0.9945394489043837,21.858516036688396,0.01083727686095376
energy_matched_n64,1.285,13,0.203125,-1.854078454099961,-0.2299903778913659,1.4378988191572408,11.296637340864677,4.424267003533725,0.0,0.0,6.557293712815271e-06,1.3488462243714961e-05,0.00187359062177658,-0.005543531475439585,-0.0019427661060157082,-0.004016584942692527,3.9521299597712667,3.910094828144511,-1.717393533437455,0.0,-0.004000701392436741,-0.0014418551778028396,-0.0026418170012985,-0.0012906035022902142,-3.9462556677570535,-3.9141965044421476,1.718092584332738,-0.0027259814404023124,3.515136620585606,2.5780184563378595e-05,0.04198357125762761,0.017221211531716046,167.45295911180844,0.9940636246150103,21.04883615225601,0.01163987154187788
energy_matched_n64,1.285,14,0.21875,-1.8375501154164073,-0.2556423389435546,1.576475645649376,11.586543091442046,4.068074642594358,0.0,0.0,7.474231621109814e-06,2.5955792804709284e-05,0.0025367224975001556,-0.005445423775881867,-0.001767750706115399,-0.004301286842553945,3.936936774402597,3.892761111834656,-1.8788160080271636,0.0,-0.0038711724833114364,-0.001426548014121356,-0.0025688548908733085,-0.0014238160829981616,-3.9305288794217854,-3.896779987596416,1.8796171122119216,-0.002877470759555783,3.412482112707976,2.591960997694428e-05,0.04412382334798935,0.01712565124475235,154.6775348906149,0.9935764656043491,20.430768852899867,0.012492298043818812
energy_matched_n64,1.285,15,0.234375,-1.8217193631348596,-0.28117244474019626,1.6770304088197803,11.94720865410037,3.7566379041596054,0.0,0.0,8.315442284878918e-06,1.5649679783679392e-05,0.0032325286409399224,-0.005375002138486242,-0.0016271213030026265,-0.004555301887531888,3.9503738118996212,3.904544864997172,-2.0467730213671027,0.0,-0.00373482169615841,-0.0014030495681938593,-0.00249678742109112,-0.0015553173093152948,-3.943406461562523,-3.9085168175674645,2.047642687485191,-0.002999984578216593,3.329074740403099,2.604965199358552e-05,0.0457768475984617,0.017099860893490297,145.44796835311004,0.9931716362388255,19.928671594820134,0.013129741547461956
energy_matched_n64,1.285,16,0.25,-1.8065838689083014,-0.3068083091949902,1.6931610022851624,12.400491644985525,3.4843121314507544,0.0,0.0,9.040582544149293e-06,3.43287204954165e-05,0.0038998053249884508,-0.005330346855758603,-0.0015213970739727733,-0.0047638570301972135,3.99608532496482,3.9498463704223132,-2.2281400618502163,0.0,-0.003590749964836632,-0.0013695987349269445,-0.0024262136074490116,-0.0016842421350210211,-3.988594769674995,-3.953807118543145,2.2290448783836925,-0.0030796148951761923,3.2662606573215065,2.6171925078710883e-05,0.04618661069234981,0.017149591373542175,141.43755553219316,0.9929793796568351,19.55137733323669,0.013272926903841355
energy_matched_n64,1.285,17,0.265625,-1.7921854818940246,-0.3337161158133089,1.599154561707148,12.943875225800046,3.2251282731346542,0.0,0.0,9.731101863790642e-06,7.491641938799955e-05,0.004535253433521196,-0.005307634286366619,-0.0014478272312319388,-0.0049371779602200815,4.0666853685349516,4.021809088368463,-2.428776721452478,0.0,-0.003439455099447193,-0.0013256331894635198,-0.0023578439451023164,-0.0018094563017714404,-4.058710660001983,-4.025791089465367,2.429686738166348,-0.003127721658448641,3.2113134424156464,2.6287708086641646e-05,0.04482370475031805,0.017245494135168876,143.28639099796231,0.9930693394360794,19.22305694974356,0.012729554961394952
energy_matched_n64,1.285,18,0.28125,-1.7784707441428331,-0.35864947337978265,1.4424265791414048,13.973210752584048,3.1079309031633757,0.0,0.0,1.0149978190318772e-05,1.8982727330531593e-05,0.005358893650159075,-0.005308735055052174,-0.0014121398643940977,-0.005196472023074581,4.2942175456428995,4.25096670000466,-2.7154402570972955,0.0,-0.003286647878773567,-0.0012766112999649788,-0.0022918451222663314,-0.0019306692214547006,-4.285572004113966,-4.254998823759746,2.716319962355168,-0.0032658028016198807,3.277101881228708,2.6399426255114754e-05,0.0431980467857287,0.01768652828897492,151.72453965262898,0.9934522637797797,19.619413240586518,0.011985557054541362
energy_matched_n64,1.285,19,0.296875,-1.7658983126371803,-0.42269006914828594,1.494115983060817,16.515002134786116,2.7134228795825504,0.0,0.0,1.034185073114837e-05,5.237194874444049e-05,0.005827373902309838,-0.005326887803688146,-0.0014069191036512022,-0.005280697860831935,4.832192325342509,4.786900650663023,-3.449570946591462,0.0,-0.0031469229179692947,-0.001233059804606464,-0.002230786313080816,-0.0020430697449339407,-4.82321802852223,-4.790994478662105,3.4503948138008917,-0.0032376281158979945,3.32882777384999,2.6505133628994522e-05,0.045238664412227556,0.018138155851401095,147.16737627427574,0.9932508759678049,19.92772797868771,0.012655428583992363
energy_matched_n64,1.285,20,0.3125,-1.7542953966348587,-0.45598144164187526,1.7126207348867217,20.382355282136878,2.8396383484653267,0.0,0.0,1.0407879688222044e-05,2.1029645205564856e-05,0.006016356130731258,-0.005351574440723711,-0.0014149341980194937,-0.005227152583286226,5.834628987768218,5.781257295234552,-4.384920051649645,0.0,-0.003024575876184928,-0.001200110135474935,-0.002174115966263581,-0.0021475871213062956,-5.825588055761302,-5.7854087595398,4.385679233417888,-0.0030795654619799307,3.7818417353216636,2.6606722683175393e-05,0.05331847908829912,0.01965570726588348,141.8585751127173,0.9930000701798196,22.63773193284168,0.01535748597341601
energy_matched_n64,1.285,21,0.328125,-1.7445584214698813,-0.48552579577841065,1.8311636704381287,18.718898408334134,2.2393961601027517,0.0,0.0,1.0392267453233732e-05,2.027625344306564e-05,0.0060227339226561465,-0.00537422915664751,-0.0014243421105562455,-0.005098499343199328,5.268074685434725,5.215833923777619,-4.119173480830091,0.0,-0.002930973686796413,-0.0011818465410975115,-0.002126423338309494,-0.002235675462135723,-5.259120977825273,-5.2200263063931684,4.119875562057845,-0.002862823881063605,3.2158956371447167,2.6695596454409e-05,0.05218737046419807,0.018433187388322895,123.24421056435126,0.9919513352335878,19.2431864524041,0.015225517958792577
energy_matched_n64,1.285,22,0.34375,-1.732422518052908,-0.40869722226339006,1.8621238043367643,15.940864119104925,2.8034409906913407,0.0,0.0,1.0301011253798995e-05,2.0594620774182573e-05,0.005895624341160882,-0.005401238239276215,-0.001432495613201975,-0.004860810474295264,4.715778117721145,4.660876135781702,-3.2837213429751384,0.0,-0.002831165500210985,-0.0011761470026180687,-0.0020669347414595135,-0.0023456958524684405,-4.707051327879773,-4.6651012270183605,3.284355782103396,-0.0025151146218268233,3.318855155442707,2.6811221953591192e-05,0.054848359495538235,0.019163517459458105,121.01930434993909,0.9918045754700249,19.858282573160704,0.01605093365431583
energy_matched_n64,1.285,23,0.359375,-1.7231683528531208,-0.42222316923605346,1.854773749568365,14.782745978306265,2.434768041331223,0.0,0.0,1.019158382350397e-05,2.0395528130419914e-05,0.0057469214266611885,-0.005419396114867853,-0.0014328491522427886,-0.0046468027465824185,4.333010680674972,4.2800331761973185,-3.0864057069465676,0.0,-0.0027712797256324953,-0.0011880420161211266,-0.0020216264494354527,-0.002429585697488184,-4.324492479522679,-4.284264530296065,3.0869944842437604,-0.0022172170490942344,2.9769080798955576,2.6902833460715457e-05,0.052923698810733465,0.018538666617183026,112.49811131083719,0.9911892806985898,17.80852478056261,0.015476593606037614
energy_matched_n64,1.285,24,0.375,-1.7108923837619316,-0.6197702161413606,1.8523614130266808,18.32377030175288,1.0047453406531854,0.0,0.0,1.001084814456106e-05,1.979483501278207e-05,0.005551940727466187,-0.005439621435305825,-0.0014237523468801575,-0.004356307789885913,4.85714706434386,4.811172436831526,-4.329218268661752,0.0,-0.0027187756227879433,-0.0012305850574052723,-0.0019617239600502345,-0.0025406058348182415,-4.848876347993606,-4.815381473209426,4.329756240274923,-0.0018157019550676715,2.1280789233255635,2.7028585658724245e-05,0.045920570341017444,0.01609914162044791,92.68521307648952,0.9893259569236017,12.722552969612362,0.013425475088790124
energy_matched_n64,1.285,25,0.390625,-1.7022511053158869,-0.11426494803291831,1.9096682663726827,4.883087294613946,3.0823700857019674,0.0,0.0,9.867533859194907e-06,2.3093478469719646e-05,0.00545584784514124,-0.005451716295914212,-0.001411503347716734,-0.004168406877134661,2.0145501655821714,1.972168075697483,-0.4496710325609186,0.0,-0.0027034719143458814,-0.0012819476581248563,-0.0019197730147927942,-0.002618418930468486,-2.0063908458226845,-1.9763378443352724,0.4501793022279947,-0.0015499879466661752,1.920813558180321,2.711965031962653e-05,0.042327850584050385,0.01454731148331837,90.75885175724493,0.989101868856799,11.482553498497877,0.01244273484141415
energy_matched_n64,1.285,26,0.40625,-1.6821062666547026,0.014973457095303472,2.008374356559485,3.472113723579539,3.684857994336198,0.0,0.0,9.493411143457996e-06,1.8367727084535844e-05,0.005499281746298502,-0.005478795746836588,-0.0013754340605009415,-0.003858564393396933,1.813034261622931,1.7696809217762268,0.05363360719166693,0.0,-0.0027381099341014163,-0.0014707285077257056,-0.0018229735630031312,-0.0027980342861114883,-1.804796869942531,-1.7736889890153376,-0.05318606768916474,-0.001060530107285445,1.7689051802858191,2.7339025743289184e-05,0.04329866179521752,0.014392710701315729,81.70715245897972,0.9879091472711993,10.570132419919696,0.012838148823258826
energy_matched_n64,1.285,27,0.421875,-1.6741279747793978,-0.7559061211557737,2.174790812737586,12.99190318526996,0.24592260276087963,0.0,0.0,9.208654689661123e-06,1.8223404175903186e-05,0.00552882586937643,-0.005491457528363619,-0.0013631705938954887,-0.0037423584831025357,3.3289438523068724,3.2943343617094887,-3.1860732191808783,0.0,-0.0027674654720169474,-0.0015604861879114152,-0.0017850970402872675,-0.0028682128814251687,-3.320647560965479,-3.298265333049941,3.18649514562727,-0.000874145601677367,0.8859895416000575,2.7428719875851423e-05,0.034554633157632506,0.010884066130907201,51.280506296120706,0.9808724117104772,5.281382616442713,0.010375451652750098
energy_matched_n64,1.285,28,0.4375,-1.6581331118415459,0.17248857105531545,2.3249721537786883,1.0749903322805636,2.1604009916405653,0.0,0.0,8.767644027433616e-06,1.7344207763503316e-05,0.005471290694921789,-0.005516587496196331,-0.0013344659148672939,-0.0034515300599976106,0.8294781645309651,0.7927326753503844,0.2717282862880314,0.0,-0.0028238840273981975,-0.0017365906946613977,-0.0017100873628983686,-0.003006713659266955,-0.8211829898086451,-0.7965126721519193,-0.27135266484000037,-0.0004448164007306555,0.7458902649945758,2.7613461323697702e-05,0.036690262257933016,0.011034757754658519,40.65875897811564,0.9759954443067945,4.438651327709522,0.011123836775766217
energy_matched_n64,1.285,29,0.453125,-1.6396191421138082,0.10148637425654256,2.4195518035179266,1.4627339264305257,2.1988991934056643,0.0,0.0,8.22936494896797e-06,1.6277392886429425e-05,0.00543342260917916,-0.005545391727056757,-0.0012941825545328051,-0.0031328248452376197,0.9387294219505297,0.8967002161744997,0.18437216102434012,0.0,-0.002838320080426916,-0.00188672724438488,-0.0016250268350882766,-0.0031624797471537652,-0.9304576792609236,-0.9003588806571715,-0.18404131674378466,2.9654901916145553e-05,0.8780167888206538,2.7834782357705277e-05,0.04197353621131396,0.012274572406867156,41.836684162149986,0.9766555227240583,5.226127196712609,0.012794669846257276
energy_matched_n64,1.285,30,0.46875,-1.6278479460591038,-0.9408804547201994,2.5240394451597585,11.232089016712829,0.0052366003645349934,0.0,0.0,7.881875839740524e-06,1.5569848202191643e-05,0.005425436841486874,-0.005563992643526025,-0.0012656235912686486,-0.002941913946721113,2.8215192514168588,2.8017191313513035,-2.806406664229017,0.0,-0.0027906618841697637,-0.0019234681473495057,-0.001572063449324944,-0.003258435159848591,-2.8133031526912022,-2.80535965584748,2.8067131040870734,0.00031652121312747807,0.1612539322029481,2.797922124080472e-05,0.019744161623074106,0.005602707327862792,16.33434078198569,0.942311045307288,0.9477794315946144,0.006051435957613084
energy_matched_n64,1.285,31,0.484375,-1.6174948672781055,0.3135734650888482,2.7279090953543186,0.6173132809664518,2.269768610745029,0.0,0.0,7.577431615828946e-06,1.4983745961408626e-05,0.0054277029780867795,-0.005580754400898146,-0.0012391693664638584,-0.0027818070334097557,0.7429118773271343,0.7050740259969837,0.41340093819006307,0.0,-0.002696173330313437,-0.0019018355608755252,-0.001526275111882677,-0.0033405445605144963,-0.734788001018734,-0.7087529448370062,-0.4131138324446442,0.0005587375271047406,0.5754705697470063,2.810840926133919e-05,0.03778163451162779,0.01013480574371056,30.462979020661358,0.9682166142200549,3.41504178397041,0.011687668149100062
energy_matched_n64,1.285,32,0.5,-1.5941721012861454,0.4331303912863308,2.974804658586923,0.21908284358476104,1.416471623008135,0.0,0.0,6.908287109263361e-06,1.3651753074601751e-05,0.005458869760168305,-0.005620509665570604,-0.0011768764394504724,-0.002447399810691174,0.42628608092430575,0.39517864178981554,0.2995964607624818,0.0,-0.002242351638115103,-0.0016067776849604818,-0.0014261423460887955,-0.003516494873919572,-0.41858485952602237,-0.39919237377042566,-0.2993471948558435,0.0010690950632283977,0.2654427155427106,2.8406030948643986e-05,0.03105062707259288,0.007811862403228551,17.097414163143007,0.9447434870537146,1.5616056661836706,0.009695094029103693
energy_matched_n64,1.285,33,0.515625,-1.5776059389758574,-0.5935719051334087,3.2687771492322906,7.22797520062708,0.4671188227251868,0.0,0.0,6.455144212443899e-06,1.2737526173933929e-05,0.005497477972884999,-0.005650807783323951,-0.0011317933448943707,-0.002230959182587761,1.9524127741929331,1.8978661718542331,-1.6899879867923187,0.0,-0.0017066587531901908,-0.0011786054282816013,-0.0013579010280491775,-0.0036324040380072745,-1.945208637466858,-1.9023383742092754,1.6902140944754733,0.0014014448554195134,0.894765405244025,2.862236268270245e-05,0.05448935761333445,0.012764629238875582,32.84184084508499,0.9704507800099403,5.3141030738508155,0.017166375578761817
energy_matched_n64,1.285,34,0.53125,-1.5729419236662492,-0.05191033709258725,3.5158275303777717,2.2805747232342224,1.8513658366340575,0.0,0.0,6.331609607989133e-06,1.2501588394566408e-05,0.005510159487864523,-0.0056596770792181695,-0.001119127727145389,-0.002173027773393066,1.062869597149762,1.005518411817188,-0.1070821662802671,0.0,-0.001532972503194258,-0.001034274120969463,-0.0013391830969195601,-0.0036633946641954434,-1.055826465158703,-1.0101438147754367,0.10730222165004127,0.0014903668908023775,0.999988424407647,2.8683938672217577e-05,0.05729381745522942,0.01268733517164162,34.90737635658712,0.9721505690065113,5.942636728990653,0.018161430461933466
energy_matched_n64,1.285,35,0.546875,-1.551291734297522,0.7185774749695093,3.947834934441253,0.030246731859451037,1.142980123673927,0.0,0.0,5.783607188730375e-06,1.1408589915954705e-05,0.005576508719234263,-0.005702862370519468,-0.0010611018925921047,-0.0019205804690403507,0.30624698816086554,0.2811901687017844,0.2783777559218452,0.0,-0.0006592739121865572,-0.0002908088350596664,-0.0012555098608183568,-0.003796119842545599,-0.3000112055294447,-0.28660222223724424,-0.278183347953619,0.0018755393735052483,0.08118315708829646,2.8973324509973423e-05,0.0249988728100612,0.0050524872275037325,6.4949454085484195,0.8665767466618981,0.46210006971971757,0.007992573893815512
energy_matched_n64,1.285,36,0.5625,-1.5283953993380537,0.36336191744678853,4.744014771845338,0.3226976704309439,1.4749471677093007,0.0011903140109066207,0.0005041118059749237,5.251473197168469e-06,1.0353364245423158e-05,0.005655467540392864,-0.005752115638911668,-0.0010019830157705118,-0.0016816126398526009,0.4760377828050511,0.4219374233566304,0.2882339248708221,0.0,0.00025373544130927655,0.0004968293686126923,-0.001173533567003436,-0.003913096194451873,-0.47063605070596753,-0.42818636836415475,-0.2880623743195892,0.0022314835545992717,0.31723347698122123,2.9285238866232534e-05,0.054041788970688384,0.009408365249263934,11.740302570415826,0.9215089284989123,1.849359072916639,0.017467948862221545
energy_matched_n64,1.285,37,0.578125,-1.520265519731919,-0.9856939442782728,5.514080582236664,7.3148925846538475,0.0014189535483484228,0.0016974775984683306,0.0010393569063747608,5.0743098951875135e-06,1.0006263313436063e-05,0.005684751733919387,-0.0057704590126395625,-0.0009817070717954533,-0.0016033485983895867,1.8368663029866574,1.819921048862019,-1.8282038776033516,0.0,0.0005403313619449472,0.0007423786117564238,-0.0011462372448188458,-0.003947931886248748,-1.831721882614683,-1.826433886486415,1.8283684077763749,0.0023445832878591613,0.01790095514165801,2.939733931966785e-05,0.016886459445999487,0.00259230128224809,2.120154932287936,0.6795030946534685,0.09051927140394858,0.005496168642768248
energy_matched_n64,1.285,38,0.59375,-1.5082473472069107,0.6202476063281286,5.957535314365017,0.06416089621212384,1.1273283676980883,0.0023263341925107493,0.0017051927523197394,4.823498889585179e-06,9.505950445893793e-06,0.00572872960936002,-0.005798356944072888,-0.0009524966161304365,-0.0014937468949210598,0.3194641467190503,0.2742647217636404,0.26594715323153884,0.0,0.0009005563048695049,0.0010455798328328715,-0.001107781976178189,-0.003992279050424555,-0.31463597341455984,-0.2811086585405462,-0.2657918678714911,0.002498532155503495,0.10934120084630018,2.9564284301791412e-05,0.045140296386806285,0.006487972298696991,4.844505224748976,0.8288991177960747,0.6109069086909948,0.01473592874564674
energy_matched_n64,1.285,39,0.609375,-1.4833889631800674,0.8241760798017516,6.024399589765485,0.01004020133678285,0.7604902170191254,0.002997758825031581,0.0024348868423097747,4.345103773396343e-06,8.556565735953585e-06,0.005820947618107534,-0.005858830219373375,-0.0008951209328649491,-0.0012893097423056434,0.2036898056425473,0.17885908070173623,0.1877532219162661,0.0,0.0013182534181846188,0.0013601868142202175,-0.0010358389285454008,-0.004054491321585788,-0.19918711144262438,-0.1860780977353298,-0.18761250392058565,0.0027651815792801445,0.02414728035123448,2.99140585947178e-05,0.02477089682362162,0.0035264077031882824,1.9496492616454275,0.660976641188125,0.12011278528378526,0.008089624724233264
energy_matched_n64,1.285,40,0.625,-1.4607632528296168,0.39217695039875056,5.784515254047327,0.18981523929266658,0.9826931868381992,0.0029593025950320887,0.002432809893522935,3.953982305889524e-06,7.77931715691127e-06,0.0059049970784254445,-0.005916801901900705,-0.0008465522115903329,-0.0011281577391970168,0.32222074233328457,0.26133741448787084,0.19835111006176046,0.0,0.0013596847215282982,0.0013245666992739527,-0.0009781753869676213,-0.004076089990947916,-0.3176754299763874,-0.2685787830890455,-0.19821948688638316,0.0029479322517508995,0.18357891845298882,3.0237417346114172e-05,0.060822853010721545,0.008964951913762365,6.036511257392956,0.8578841185041318,1.0406506577072114,0.01983382290485354
energy_matched_n64,1.285,41,0.640625,-1.4538402637461194,-0.9841466782997416,5.839648493009816,5.664866692492309,0.0027102333717885507,0.0028660332039113436,0.002348771151334411,3.842166686696992e-06,7.556621943280439e-06,0.005930592739729571,-0.005935041827841844,-0.0008323835111053981,-0.0010833958607151424,1.4253334380780285,1.405847622676397,-1.4154097992669858,0.0,0.0013293655448919442,0.0012735875446186608,-0.0009616990242496313,-0.004076209276411996,-1.420732210883191,-1.4130562520488574,1.41553911478013,0.0029928134156968532,0.012907107573596284,3.0337278707398656e-05,0.019425140844216756,0.002840078823359041,1.3289074892282167,0.5706141164364614,0.05801750459736095,0.006336634434317017
energy_matched_n64,1.285,42,0.65625,-1.4429181894007215,0.5941861065017536,6.24083388597156,0.051433530890496626,0.7546637790615879,0.002671723023938379,0.0021680910445252303,3.672829038250079e-06,7.219112469475722e-06,0.005970801985702458,-0.005964257132632234,-0.0008106787412238304,-0.0010169675683193366,0.22485302279579208,0.17577572514601833,0.17593347003762608,0.0,0.0012561236255098816,0.001170328261792148,-0.0009365867360771177,-0.004070347750802348,-0.22013834443559951,-0.1829103105404427,-0.1758075620427728,0.003053380182483011,0.07126899726512999,3.049568411159958e-05,0.0490163062815505,0.006769428363287689,2.907970945658763,0.7441127342282656,0.37859767730922944,0.016027136681031125
energy_matched_n64,1.285,43,0.671875,-1.42028614071846,0.8028617881805304,6.614589512731622,0.008290959105947238,0.5107994452870817,0.0022040732364839765,0.0017283945672497945,3.3478668741556902e-06,6.570994835380754e-06,0.006053347368156218,-0.006026359568808154,-0.0007681674776372814,-0.0008950707023070686,0.14203887903302448,0.1155400892616231,0.12574604121259214,0.0,0.0010659810729755008,0.0009272406282394484,-0.0008870871449458269,-0.004035150046352468,-0.13705151273784377,-0.12249368945867069,-0.1256271215452836,0.0031400793440453994,0.014614224969535978,3.082721247729593e-05,0.02643713534644679,0.0034719055179854145,1.1055830957494541,0.5250721750099996,0.061248214470769086,0.008660393652078562
energy_matched_n64,1.285,44,0.6875,-1.395539424583846,0.7664200468000009,6.743745354444172,0.009818640026066083,0.45681274386498194,0.0018557320052922615,0.0014174537126676327,3.0291363597037893e-06,5.934540336411005e-06,0.006142348362116126,-0.006096373415731003,-0.0007253240614525037,-0.0007847505237487646,0.1304283721296639,0.10125072695688016,0.11185809553288512,0.0,0.0009333196429985797,0.0007492481623664901,-0.0008348936346086609,-0.003962195889076443,-0.12521934341054636,-0.10809634853497765,-0.11174852595972896,0.003177445365327678,0.015551634836134375,3.119469252700794e-05,0.029115255787729746,0.003759841582474088,1.0682808318440682,0.5165066636002205,0.0641945532290765,0.009543241029569603
energy_matched_n64,1.285,45,0.703125,-1.3742385943950026,-0.5608736366321805,7.245587449867614,1.8879802075552585,0.1507217652845375,0.001839773014813458,0.0014362893552327923,2.7822428142875583e-06,5.441385782094764e-06,0.006217972807756192,-0.006158125916776238,-0.0006913158916612646,-0.0007075619371244199,0.5469326887304727,0.4707802665044022,-0.4342137396527851,0.0,0.0009543797647536315,0.0007434983112494481,-0.0007921868065564311,-0.003865629052372176,-0.5416690956874702,-0.47768189073242784,0.4343146105676802,0.003158067115247756,0.22727274234758824,3.1515077902565074e-05,0.07608939207026552,0.009227892194811077,5.973835147420048,0.8566068771542518,1.287547062015264,0.024990087036905684
energy_matched_n64,1.285,46,0.71875,-1.3718029452174878,-0.12124998963041242,8.986135938208012,0.7319152743944279,0.4498719251863265,0.00184961273410247,0.0014491064353733681,2.755507929991588e-06,5.387439475258195e-06,0.006226567950758945,-0.006165264241617711,-0.000687588935278945,-0.0006997186238726042,0.33745319700222537,0.251791043203414,-0.07041071072734309,0.0,0.0009617396784248243,0.0007489236154543286,-0.0007877155099612205,-0.0038517863980240532,-0.33218836872989127,-0.25870523106048604,0.07051083730202537,0.0031520677741514493,0.24328529720739916,3.1551949545554154e-05,0.08559904989972025,0.008571788971168441,5.68429900781397,0.8503956811580398,1.3741127333446748,0.028246893651531282
energy_matched_n64,1.285,47,0.734375,-1.343663405824785,0.8011649020413838,8.743198852386561,0.004527394296234291,0.20808637331608276,0.002011140363034381,0.0016076421420621627,2.467121665168312e-06,4.80976029578091e-06,0.006325211541621083,-0.006248734696699343,-0.0006468225204083,-0.000622619313382906,0.06060676354025676,0.043890729013353495,0.05099061931020517,0.0,0.0010481424455641333,0.0008377256519058784,-0.0007476970756513546,-0.00363484974714155,-0.05532969444419981,-0.05097718936195872,-0.050889744754962114,0.003012230433758644,0.0030708159076516285,3.1981418988150894e-05,0.016652071688926958,0.001709096975358159,0.3688208848744764,0.26944422674285684,0.001772823756982813,0.005492219110178966
energy_matched_n64,1.285,48,0.75,-1.2813805166386518,-0.9602830665361292,10.199338190311034,0.2285327277515485,0.0004380899069152122,0.0012478371800781532,0.0003447893131517201,1.9446602320047357e-06,3.7615632604119653e-06,0.006540765355394943,-0.006438595664762433,-0.0005703651404006617,-0.0005260551285879351,0.05904109817649763,0.05464799740611931,-0.056797897494426715,0.0,0.00042687980596686564,0.0004716031312805809,-0.00079612710713227,-0.002610394905315052,-0.05292721262706955,-0.06155819620216232,0.057023659461158324,0.002084339776727117,0.00013889255867990556,3.2954331313403995e-05,0.004327192107751506,0.0003863792694013939,0.06419523571930198,0.06032279939301896,-0.003493836755672073,0.0014308973066921725
energy_matched_n64,1.285,49,0.765625,-1.1646650354274968,-0.9740757631760275,4.181578098173725,0.08276010660880945,0.0,0.0,0.0,1.2725393328085269e-06,2.4083392819824676e-06,0.0069466090036446665,-0.006806065002842614,-0.0004701037439165756,-0.000488389572191237,0.02173498440120354,0.020618147257292475,-0.021169262935795387,0.0,-0.0011986264104515123,-0.0008018819092157865,-0.0005748544435125833,-0.00032640817691367824,-0.013589748987107363,-0.026622330350919304,0.021274013635391394,-0.00016198139527755874,3.2538975164553477e-05,3.485766793095937e-05,0.0010471218080491454,0.0002020855014070345,0.06214936011155313,0.058512825451427886,-0.0008518879570618245,0.00033604034821885605
energy_matched_n64,1.285,50,0.78125,-1.0176046476154061,-0.7684839398294588,7.083047032712381,0.03184839054151879,0.0013701658175295558,0.0,0.0008093544162318069,6.995046970843105e-07,5.4055007199099725e-06,0.007490853911273485,-0.007290589853938776,-0.0004095682689311183,-0.00038256734938463824,0.010324119739674887,0.006317925952088863,-0.008040617145233001,0.0,9.603038850161446e-05,7.146615659351985e-05,1.1492695304573053e-05,-0.00015558936600596312,-0.002929296216903017,-0.013679981962621157,0.00761955618099731,-0.00022697798337867513,0.00017625681110173966,3.7416001441830456e-05,0.003931361784702363,0.0004863712618263882,0.0896670521586625,0.08228848617660728,-0.0028738209180919254,0.0012903966709540372
energy_matched_n64,1.285,51,0.796875,-0.8624304647248193,-0.30821011397347475,6.982984931463415,0.012852919792196313,0.004279318149301547,0.0,0.0004714986313480484,4.3268333584436935e-08,4.955343482234906e-06,0.008061542944974064,-0.007853694866012981,-0.00031862042357790613,-8.890544408708724e-05,0.007540404600758886,0.0011720287727584227,-0.0024523069277819056,0.0,3.2679552441197724e-05,2.8854123751506267e-05,-9.713906519692316e-06,-0.00014651106351199194,0.0004884587917739804,-0.00905457776252291,0.0021434004107236918,5.7605619424904694e-05,0.00045656319428444926,4.03602192356296e-05,0.0062876553895292045,0.000787632125515809,0.1452252599736179,0.12680934052831092,-0.003548276223822509,0.0020629971757641576
energy_matched_n64,1.285,52,0.8125,-0.7381222776547338,0.21595288440949653,7.022217822985145,0.006582656179063336,0.017956047708511374,0.0,0.0003409741771572049,3.475332210206572e-08,2.2437693719426998e-07,0.008463556286278633,-0.00823834527933716,-0.00028618725201849193,4.769900897060333e-05,0.01089481070149071,0.0015746160536875358,0.002572823388087961,0.0,1.107347372075556e-05,1.406272182982527e-05,-1.5662757744443635e-05,-0.00014346662137021025,-0.002442327888932833,-0.009827024054854522,-0.0028433478823620094,0.0001911656303408136,0.0010613438236400897,4.2336401686363055e-05,0.009235521844430444,0.001151242966498486,0.2298394918052501,0.18688576300950832,-0.0028674589025899054,0.0030306716749192385
energy_matched_n64,1.285,53,0.828125,-0.664243180104202,-0.44646569866459296,7.01691562311251,0.10213787989191297,0.015363138147181377,0.0,0.0003026268825046403,3.0550512701219e-08,1.8362114844033546e-07,0.008690765732159903,-0.008459798639859286,-0.00026451404022331056,6.054995685849986e-05,0.03933993613231038,0.019610893641756832,-0.021945159254695236,0.0,1.4505832345498634e-05,1.614050543508715e-05,-1.3040221710974458e-05,-0.00014361616909269333,-0.030663676232495968,-0.028086832787051208,0.0216936854361829,0.0002041661259511932,0.009856591570077339,4.345878727377455e-05,0.019642124916005997,0.002450085025140889,1.0036176444479679,0.5009027781468166,0.03949742450445804,0.006445503498386162
energy_matched_n64,1.285,54,0.84375,-0.6520240689107234,-0.048611218165728796,6.941533340092387,0.14174949611276189,0.11755106423847522,0.0,0.0002941512047700386,2.991060107579435e-08,2.1047146618034557e-07,0.00872719432990477,-0.008495561582266116,-0.0002606912316001083,5.8816068582762666e-05,0.09083073566964713,0.03902090859475995,-0.006297365615350941,0.0,1.4316132506017956e-05,1.595252634411713e-05,-1.293358482082952e-05,-0.00014375694885345797,-0.08211785747224837,-0.04753242270337018,0.006049607968571662,0.00020257301743622065,0.03875842525801435,4.3639277051594096e-05,0.05172254852078395,0.006512917128946064,1.4987051630852972,0.5997927187354744,0.18082800302730218,0.016967480085262863
energy_matched_n64,1.285,55,0.859375,-0.6280312797926396,-0.5467735887731432,6.780491393736598,0.2247044156154296,0.019627683247073938,0.0,0.0002764550741962568,2.870964911465268e-08,1.160859718930536e-07,0.008797643770887684,-0.008564912608260138,-0.0002529871522936485,5.304844849876865e-05,0.07823778592084937,0.04413204090792119,-0.05150929932794644,0.0,1.360747534981092e-05,1.5346289758921896e-05,-1.2870916436112475e-05,-0.00014409369615247695,-0.0694537496253115,-0.05271229980594025,0.05126918309208891,0.0001971421446512456,0.01601210525711755,4.398879792769588e-05,0.034017767417072804,0.004372187525900687,0.9413965978896905,0.48490689584652313,0.06205486412563251,0.01115194169296791
energy_matched_n64,1.285,56,0.875,-0.6066607871421449,-0.2257442499264813,6.546447058916226,0.17852245609428252,0.07175816253320345,0.0,0.00026019882284737856,2.770973396223897e-08,5.569183178464883e-08,0.00885911495978647,-0.008625620328583772,-0.0002459099101152528,4.577924330593632e-05,0.08650224678072983,0.038843953679410244,-0.02692411837489199,0.0,1.2873219953682021e-05,1.473026485194134e-05,-1.2864925493026141e-05,-0.00014443833453643034,-0.07765600504089704,-0.04748430427284596,0.026691073390269764,0.00019021757784236666,0.032810283072061124,4.4294300122668776e-05,0.04756970450107426,0.006303589507710126,1.3794612943757165,0.5797368075018999,0.14929199393129247,0.015578132966172525
energy_matched_n64,1.285,57,0.890625,-0.5913152261413464,-0.11062578916163959,6.240056770267311,0.2110245608999651,0.13599516186591956,0.0,0.00024864849692629267,2.703699434301876e-08,7.879236331747084e-08,0.008902468257266646,-0.008668539079243833,-0.00024070774800140062,3.9621950773975506e-05,0.11765865829410135,0.056058327177790836,-0.018985236051449455,0.0,1.244866333943397e-05,1.4356425733533116e-05,-1.2821455063331653e-05,-0.00014469800149461874,-0.10876863870017414,-0.0647412226827682,0.018757349758511385,0.00018431995226859423,0.054002580518445725,4.451006126649969e-05,0.061511310993777484,0.008495970811497713,1.7558585452327184,0.6371366731685588,0.26250417211689686,0.0201126145212482
energy_matched_n64,1.285,58,0.90625,-0.5788098706290379,-0.2181749618834651,5.866709958498636,0.20334839425177376,0.08427003258035215,0.0,0.00023939981535839116,2.6518752171619808e-08,4.207235153483541e-08,0.00893728895737795,-0.008703070265857068,-0.0002363971301931996,3.416846710886056e-05,0.09792224409404515,0.046094870131581624,-0.02999324073031652,0.0,1.2199959646069869e-05,1.4117922310967856e-05,-1.274681773208227e-05,-0.0001449110272115423,-0.08899715509631329,-0.054812058319749654,0.0297695904178554,0.00017907949432040287,0.039595779518691095,4.4683540207861854e-05,0.051738006882047854,0.00753461369342008,1.530626396527467,0.6048409194766153,0.18583667023009873,0.0168802466536895
energy_matched_n64,1.285,59,0.921875,-0.5604240548537794,-0.19386629613122341,5.094937459333678,0.16284866224740838,0.07476774599689637,0.0,0.00022599051478561992,2.5808273488789335e-08,8.302029006653148e-08,0.008987621127506236,-0.008753073515358261,-0.00022994841316643835,2.5645104101895584e-05,0.08204016580956378,0.03697677504526523,-0.022237592686359133,0.0,1.1958440783578563e-05,1.3852438687756864e-05,-1.2584789435308809e-05,-0.00014521859914873528,-0.07306450312284113,-0.04574370099931125,0.022020229062628002,0.00017086370325063087,0.032710589903582256,4.493458729626184e-05,0.044973521589706016,0.007378832332534335,1.454659930881169,0.592611592579742,0.15129001783178753,0.0145876240657317
energy_matched_n64,1.285,60,0.9375,-0.5470189955098284,-0.07600489230752304,3.3134831096379176,0.15269191450298494,0.11328129670533624,0.0,0.00021629470003330196,2.5330123146552475e-08,6.485064123121204e-08,0.009023647667256387,-0.00878892671692083,-0.00022516724012554555,1.9187692848869434e-05,0.08664084484382976,0.04655492753194849,-0.010065385185237665,0.0,1.184892262779425e-05,1.3705256090086908e-05,-1.2436504300057335e-05,-0.00014543294992841338,-0.07762904609920117,-0.05535755950495941,0.009852654449412176,0.00016462064277728282,0.045835023504880876,4.511448997010772e-05,0.0399956883319411,0.00927224874083219,2.2919982336334193,0.6962331298409333,0.2350144526973441,0.012615363901822219
energy_matched_n64,1.285,61,0.953125,-0.5346616071275566,-0.1681145442000338,1.5473482770243858,0.19694808613423168,0.10041178632328027,0.0,0.00020737229889761856,2.4919720864949313e-08,5.458931699204252e-08,0.009056340385082715,-0.008821504859386911,-0.00022070341788838857,1.3145984113753982e-05,0.08821861117394152,0.06067079149076102,-0.024342494320159936,0.0,1.177791434102855e-05,1.3591175408226753e-05,-1.2284050466305237e-05,-0.00014561892558539463,-0.07917404870319983,-0.06950588752555616,0.024134074952737852,0.0001587649096991486,0.05662374204830248,4.527789486706829e-05,0.027457263893446406,0.010778763210784763,4.1244999697014695,0.8048590094814156,0.3122851883963685,0.007741965922448204
energy_matched_n64,1.285,62,0.96875,-0.525071066395944,-0.014957066625202584,0.7126710337928043,0.1212578813545823,0.1149996601668908,0.0,0.00020043436763066564,2.462143479896317e-08,8.273431951758684e-08,0.009081361517964646,-0.008846464676240074,-0.00021720342774343357,8.442520218661942e-06,0.06823126418127536,0.05010716127785884,-0.0017695998299370277,0.0,1.1732134022127701e-05,1.3510009304807109e-05,-1.2158894729281539e-05,-0.0001457533379379268,-0.059161634797332836,-0.05896713596340372,0.0015645552969228756,0.00015419585815658874,0.050126096306348546,4.540305104599722e-05,0.018033296801324518,0.01052934068802973,5.559282571411663,0.8475443024274553,0.28272328103676675,0.003961796901982638
energy_matched_n64,1.285,63,0.984375,-0.5118410711414534,0.19945115355564005,0.5553533231362471,0.05751815825951399,0.13068172456610638,0.0,0.00019081092683712948,2.5222375443572675e-08,3.76983068450192e-08,0.00911536060411656,-0.008880415601323318,-0.0002123264320016384,1.9903480382816505e-06,0.05451854098317389,0.03979127926474041,0.01809054669567749,0.0,1.1667413318416282e-05,1.3398754370733028e-05,-1.1981551031027688e-05,-0.00014592133033453287,-0.04541484779237574,-0.04868509362043446,-0.0182908915766481,0.00014791167837281452,0.036228672104121305,4.557324628595659e-05,0.014636115225861545,0.009410154598409173,4.9505858002684215,0.83194931834192,0.20273591739886626,0.0028619811883025957
energy_matched_n64,1.285,64,1.0,-0.5,-1.381821693818242e-10,0.5475872518400151,0.09793010381984647,0.09871447357945067,0.0,0.00018211343118669152,2.5732534871999336e-08,4.6160181347446515e-08,0.009145269683804892,-0.008910314418889724,-0.00020791561737273624,-3.6996088424403544e-06,0.05719160053907262,0.04134075963642218,-1.361541528336113e-11,0.0,1.159346310411868e-05,1.3290325964808596e-05,-1.1823163856269588e-05,-0.00014605145546369797,-0.04805792431837185,-0.05026436438127671,-0.00019609243990105138,0.00014235184662125762,0.04138648272652862,4.572309010643602e-05,0.01575939472243757,0.010183202726502381,5.252293435813783,0.8400586904203989,0.23255950163673414,0.003059781309210339
