case,s,node,fraction,l,velocity,heat,required_negative_null_plus,required_negative_null_minus,required_before_plus,required_before_minus,fd_error,spline_error,geometry_rho,geometry_p_l,geometry_j_l,geometry_p_omega,reservoir_rho,reservoir_p_l,reservoir_j_l,reservoir_p_omega,endpoint_rho,endpoint_p_l,endpoint_j_l,endpoint_p_omega,remainder_rho,remainder_p_l,remainder_j_l,remainder_p_omega,magnetic,string,buffer,rest_mass,sigma,fast_speed2,extra_enthalpy_at_speed_half,gas_pressure
equilibrated_n128,0.0,0,0.0,-2.1,4.062611865024905e-12,0.2500000000000001,14.209510769312804,14.210093498285566,0.0037921137928360756,0.004374842534749157,1.1680849602343363e-06,8.156199696563587e-06,0.002333737565835256,-0.006417215729627872,-0.0001456821854782704,0.008657957029985196,7.107627469157379,7.098091186478014,5.771232116158998e-11,0.0,0.0,0.0,0.0,0.0,-7.105293731591543,-7.1045084022076415,-0.00014568224319059156,0.008657957029985196,7.09811431179511,2.312531709734192e-05,0.009490032045171215,0.007592025636136972,1495.909450676054,0.9993319569199404,42.57919583872549,0.001138803845420546
equilibrated_n128,0.0,1,0.007812499999999999,-2.0875,5.498436997148726e-12,0.2500013300521971,12.683301394130101,12.68383623504047,0.003398296711620703,0.003933137343110375,1.0007677966614517e-06,4.187344465268923e-06,0.0025980748332075005,-0.006265975606407043,-0.00013378793518045853,0.007611124201722828,6.344448790703233,6.335454306854686,6.97196483118732e-11,0.0,-1.173860135462144e-06,-1.0098856985411383e-06,-7.777730804066477e-08,4.854600423707438e-06,-6.341849542009891,-6.341719272575395,-0.00013371022759206617,0.0076062696012991204,6.33547754910328,2.3242248593872733e-05,0.008947999351359957,0.007158391864260104,1416.0657148774571,0.9992943164247775,38.003917295268316,0.0010737639844692263
equilibrated_n128,0.0,2,0.015625,-2.075,7.1905488688585095e-12,0.2500694152871206,11.396456779078049,11.396944623794772,0.003025618584988992,0.003513462974010409,8.476045179747413e-07,6.266481909325376e-06,0.002841817841495997,-0.006127225417215066,-0.00012253020234117716,0.006670137958059636,5.700953691893858,5.692477468763053,8.192502354467885e-11,0.0,-8.535179333010051e-06,-7.331616886359078e-06,-5.691050858228303e-07,3.5079012750955945e-05,-5.698103338873029,-5.6985973625633815,-0.00012196117918037787,0.00663505894530868,5.692500828728588,2.3359965534443452e-05,0.008429503199735958,0.006743228093297394,1350.613599365357,0.999260143579149,34.14657546917179,0.0010117400938853657
equilibrated_n128,0.0,3,0.0234375,-2.0625,9.099786902919063e-12,0.2506337057868361,10.2137324452176,10.214173177622422,0.002666215488735196,0.0031069475218831414,7.088198299759138e-07,3.1424161290776256e-06,0.0030659503660693636,-0.006000792877586352,-0.00011192378195276084,0.005827792364113965,5.1095251926050596,5.101541037309643,9.291852674381694e-11,0.0,-2.5976073671665695e-05,-2.2284932536154e-05,-1.74077366577442e-06,0.00010620112927527803,-5.106433266165318,-5.107519545254693,-0.00011018310120551315,0.0057215912348386865,5.101564515791958,2.347848231634792e-05,0.007937198330784706,0.006346541192723586,1285.4824342754189,0.9992226866272269,30.601449896420966,0.0009541793499582763
equilibrated_n128,0.0,4,0.03125,-2.0500000000000003,1.1149721362387773e-11,0.25279831892537685,9.130809835507256,9.13120291692662,0.002316036877180633,0.0027091178894231836,5.84367000810472e-07,4.634810757369115e-06,0.003271542309311806,-0.005886389320971209,-0.00010197523445382647,0.005076785619546259,4.56800900423752,4.560484794596115,1.017801623152797e-10,0.0,-5.5071537324446915e-05,-4.7198091033048244e-05,-3.7049813931887997e-06,0.00022417622416252367,-4.5646823903908835,-4.566323985826053,-9.827035484079998e-05,0.004852609395383735,4.560508392409332,2.3597813217786843e-05,0.007477014014969963,0.0059682503576342465,1219.8742394433382,0.9991809148168643,27.355573340441023,0.0009043595125024175
equilibrated_n128,0.0,5,0.0390625,-2.0375,1.3247861607911672e-11,0.2582056243638155,8.142926607113582,8.143271600278874,0.0019743373312490955,0.0023193300651391073,4.7395526113751946e-07,2.261441890234403e-06,0.003459723708155112,-0.005783627887950775,-9.268360466907976e-05,0.004409843481239693,4.0740279765189005,4.066924293479134,1.0785020902954833e-10,0.0,-9.538582540993106e-05,-8.168465619163042e-05,-6.435421196576705e-06,0.0003869076985125558,-4.070472866985336,-4.072626236710892,-8.624829132271208e-05,0.0040229357827271375,4.066948011451689,2.371797255418857e-05,0.007056247094658,0.0056081827628340465,1152.7226745023177,0.9991332405766998,24.39463182161548,0.0008663202461359474
equilibrated_n128,0.0,6,0.046875,-2.025,1.5281764148929053e-11,0.2683696007809092,7.245003670664777,7.245300669278541,0.0016430378410206997,0.0019400360120196297,3.770827802897572e-07,3.286896232569843e-06,0.003631660485442828,-0.005692041154173044,-8.404121569614999e-05,0.003819823618191601,3.6250438302679244,3.618316802777214,1.1069132883983326e-10,0.0,-0.00014486111481558185,-0.00012398262739446932,-9.791672946417515e-06,0.0005859557313032916,-3.621267308667666,-3.623884861303993,-7.424965344106131e-05,0.00323386788688831,3.6183406417516895,2.383897447545533e-05,0.006679349541759596,0.005266090844220215,1083.441020455558,0.9990778659409436,21.703364500968377,0.0008424970832801972
equilibrated_n128,0.0,7,0.0546875,-2.0125,1.713032289884763e-11,0.28377047139192685,6.4317117606044105,6.4319617022248705,0.0013260010596500154,0.0015759422394909905,2.9307248417334564e-07,1.550622847822699e-06,0.0037885330750679702,-0.0056110985809793585,-7.603450918957283e-05,0.0032998014165130547,3.2183888136655394,3.2119969460995303,1.1015458442892728e-10,0.0,-0.00020026005099254632,-0.000171333805348339,-1.3549214229329038e-05,0.0008083570472909951,-3.214400020539479,-3.2174367108751616,-6.248540511482822e-05,0.00249144436922206,3.212020906932672,2.3960833143041388e-05,0.006343945899722811,0.004941651207200921,1012.6255670222586,0.9990134424066099,19.26578149569631,0.000831539926681438
equilibrated_n128,0.0,8,0.0625,-2.0,1.8664569562056994e-11,0.30319897535808943,5.69758432324667,5.697789172910125,0.0010282615267423727,0.0012331107649019256,2.2110885572641792e-07,2.2195732860778167e-06,0.003931517468198844,-0.005540222780492233,-6.864490599528539e-05,0.0028431382136737187,2.851321939377365,2.8452341225552105,1.0632376688209799e-10,0.0,-0.00025763611417945864,-0.0002203830522917813,-1.743259645539714e-05,0.0010384844099036055,-2.8471327857949866,-2.850553962283411,-5.121241586365513e-05,0.0018046538037701132,2.8452582061177165,2.408356250668323e-05,0.00603964969714173,0.004634480084272758,942.1931233741049,0.9989397717442822,17.06550958700916,0.0008278053399775617
equilibrated_n128,0.0,9,0.0703125,-1.9875,1.974720389798791e-11,0.323814783498107,5.03708784264952,5.037250643433582,0.0007552484167002853,0.000918048802949486,1.6027358046635798e-07,1.0012674952503825e-06,0.004061769103138422,-0.0054788046497589405,-6.184966406942809e-05,0.002443533276420805,2.5210659193149483,2.5152666751167776,9.945348664032576e-11,0.0,-0.00031280806397061405,-0.0002675788728250186,-2.1149567507127944e-05,0.0012598798441267578,-2.516691342147839,-2.5204779008937117,-4.0700196015786786e-05,0.0011836534322940471,2.515290882293279,2.420717650145696e-05,0.0057508298451679095,0.0043441347814319325,874.7575393512061,0.9988581314404203,15.085994463914508,0.0008231007403078932
equilibrated_n128,0.0,10,0.078125,-1.975,2.0220174078879458e-11,0.34213390699399393,4.444718474368125,4.444843268949949,0.000512034905212127,0.0006368291275858763,1.0958230466269481e-07,1.4092311710380001e-06,0.004180409434054272,-0.005426217005925765,-5.562271202265144e-05,0.002095061062681076,2.2248588792344988,2.2193475604081394,8.986262785205124e-11,0.0,-0.000361817046601799,-0.00030955850887069215,-2.4424156429214138e-05,0.0014570009913454235,-2.220316652753843,-2.224464218905194,-3.119864545606515e-05,0.0006380600713356526,2.219371892096944,2.433168880498192e-05,0.00546265544874926,0.004070126997226444,812.5615510328756,0.9987708367010087,13.310768697132914,0.0008100255088232973
equilibrated_n128,0.0,11,0.0859375,-1.9625000000000001,1.990374852703441e-11,0.35575681577892104,3.915064714693099,3.915156348893127,0.00030264477350392684,0.00039427866185792943,6.801501557015394e-08,5.949501499465971e-07,0.004288515162128101,-0.0053818266642050964,-4.9935442037524486e-05,0.001792195444529166,1.9599895145534325,1.9547725555219995,7.791843978595406e-11,0.0,-0.0004013472747848308,-0.000343502509611236,-2.702696994902383e-05,0.0016168253950667013,-1.9552996521165196,-1.9598108796765934,-2.290855000694044e-05,0.00017537004946246472,1.9547970126350525,2.4457113053552996e-05,0.005168044805326242,0.0038119261103305257,756.4938332656939,0.998679857239644,11.723614031004988,0.0007854618718146083
equilibrated_n128,0.0,12,0.09375,-1.9500000000000002,1.8555335392498658e-11,0.3652964955816762,3.4428768766565727,3.442940701961612,0.00012944336877438492,0.00019326841828833547,3.4546295809689126e-08,8.201522411950286e-07,0.004387110055161066,-0.005345004968658351,-4.4757447286936675e-05,0.0015298226094682594,1.7238346514039107,1.7189127820116503,6.388133329868968e-11,0.0,-0.00042909351537977056,-0.00036744550458615426,-2.8801184908449044e-05,0.0017302629134125337,-1.7190184478333699,-1.7238903414757225,-1.595632625982093e-05,-0.00020044030394427434,1.7189373654742308,2.4583462580903464e-05,0.004872702467098786,0.0035689701708512783,705.5375849770235,0.9985846471281036,10.308751490378286,0.0007528800377720849
equilibrated_n128,0.0,13,0.1015625,-1.9375,1.588103482802005e-11,0.3744756009245906,3.0231042899772698,3.0231457871260625,0.0,3.413347101864088e-05,3.689413953945203e-08,3.082449502992725e-07,0.004477158703934794,-0.005315136317698588,-4.005719416661914e-05,0.0013032443519060168,1.513876372502176,1.5092352810568477,4.8010141459164134e-11,0.0,-0.00044406094565160105,-0.00038053167546984714,-2.9682954978471215e-05,0.0017933318512339668,-1.5089551528525897,-1.5141698856990764,-1.0374287198289387e-05,-0.00049008749932795,1.5092599918074996,2.471075065239887e-05,0.004591669944023426,0.0033406703916276674,657.3904528011518,0.9984811444398298,9.050968280900975,0.0007203881761483238
equilibrated_n128,0.0,14,0.109375,-1.925,1.1447341873687834e-11,0.384450761835335,2.6509168415723634,2.650941191444238,0.0,0.0,4.1444224021386367e-08,4.1166509864203407e-07,0.004559562882615446,-0.005291625629604002,-3.580262193996018e-05,0.0011081733930072462,1.3277024982032288,1.323324446011787,3.0347211746787255e-11,0.0,-0.00044678526431601135,-0.00038320518938804617,-2.9715184318525984e-05,0.001808059801661571,-1.3226961500562975,-1.3282328664520031,-6.087467968645942e-06,-0.0006998864086543248,1.3233492850019737,2.4838990186522608e-05,0.0043283742110689725,0.003126419754597083,611.4763744861829,0.9983672839612158,7.935767335800773,0.0006900452989329334
equilibrated_n128,0.0,15,0.1171875,-1.9125,4.717860687708489e-12,0.5032323497144447,2.3220340687205994,2.322045700008932,0.0,0.0,4.550055229726041e-08,1.165329664332311e-07,0.004635159036138143,-0.005273903606156516,-3.196166626067582e-05,0.0009407222698910817,1.1633328604329245,1.1588850702548277,1.0955900683483506e-11,0.0,-0.00043946326903679395,-0.0003773276239683216,-2.9053855133472653e-05,0.0017830755838696276,-1.1582582381277495,-1.1637816462370159,-2.9078220831038523e-06,-0.000842353313978546,1.1589100384488338,2.4968194006026856e-05,0.004397853790084656,0.002925598155814087,527.0343643809612,0.9981061838632939,6.949062376902917,0.0008172162986991616
equilibrated_n128,0.0,16,0.125,-1.9000000000000001,-5.113071157460652e-12,0.6641808548949949,2.0318979497228677,2.0319000951821313,0.0,0.0,4.8171167388311176e-08,1.4354403641159835e-07,0.004704718005117572,-0.0052614312831419565,-2.850270557802124e-05,0.0007973872025559231,1.0183702672968495,1.0137642444967785,-1.039044836033238e-11,0.0,-0.0004259864374951972,-0.0003662161816575296,-2.7966330371696752e-05,0.001733864060794624,-1.0132395628542368,-1.018659459598263,-5.363648158761298e-07,-0.0009364768582387009,1.013789342871322,2.5098374543363693e-05,0.004555826050984014,0.002737578693796158,445.0518222276522,0.9977581080265386,6.078180231176948,0.0009702751124744709
equilibrated_n128,0.0,17,0.1328125,-1.8875000000000002,-1.9042116402397505e-11,0.7340916176206957,1.7761700040659039,1.7761645837517583,0.0,0.0,4.9133453266896054e-08,3.316958029097629e-09,0.004768945393660384,-0.005253702664679093,-2.539493163741136e-05,0.0006750282079504458,0.8904698532636095,0.8859771144162534,-3.382730994124602e-11,0.0,-0.0004107764444752514,-0.00035365459757504653,-2.6749976346443174e-05,0.0016781822305873472,-0.8852901314254739,-0.8908771624833574,1.3550785363417566e-06,-0.0010031540226369015,0.8860023439603609,2.5229544107616258e-05,0.00444227975914097,0.0025617330214859767,398.895338429425,0.9974993456939821,5.311571784003024,0.000988334376284975
equilibrated_n128,0.0,18,0.140625,-1.875,-3.856036599476479e-11,0.7798441766738049,1.5513870920097557,1.5513756190142065,0.0,0.0,4.897730754554325e-08,2.0478123202802984e-08,0.004828483396093774,-0.0052502466557285835,-2.2608647584884044e-05,0.0005708465746137839,0.7780064029190773,0.7736886178970509,-5.983392791492407e-11,0.0,-0.0003948872864968522,-0.00034054127728515483,-2.5476836638248204e-05,0.0016201946108887744,-0.7727830322364867,-0.7785983232754944,2.8682488872920763e-06,-0.0010493480362749905,0.7737139796116261,2.5361714575139664e-05,0.004267061592876097,0.0023974354883417016,362.6448612334772,0.9972500642615765,4.63801681607688,0.0009733566019170646
equilibrated_n128,0.0,19,0.1484375,-1.8625,-6.550245946000607e-11,0.8273702324210609,1.354225139439991,1.354208982541383,0.0,0.0,5.080062272135987e-08,7.136646784048229e-08,0.004883913270124064,-0.005250627862554454,-2.011549873876643e-05,0.00048236066560936746,0.6793537088238217,0.675201975307682,-8.872672878614461e-11,0.0,-0.00037839925795542923,-0.0003269384752917999,-2.4154634664041048e-05,0.001560113638479089,-0.6740913962957422,-0.6801256646949447,4.039224652003404e-06,-0.0010777529728697214,0.675227470205353,2.5494897671040603e-05,0.004100743720797721,0.0022440683601180783,329.31951674073423,0.9969726281696369,4.04726407751132,0.0009575707124403664
equilibrated_n128,0.0,20,0.15625,-1.85,-1.0259201415689737e-10,0.8776333046318572,1.1815785639735885,1.1815589536791695,0.0,0.0,5.0833698975335205e-08,1.1087595311852234e-07,0.004935758484661719,-0.005254446652765733,-1.7888641492039334e-05,0.00040738086519760485,0.5929602913623966,0.5889640803952237,-1.212560018797398e-10,0.0,-0.0003613926532464115,-0.00031290844609892666,-2.2791093840750823e-05,0.0014981517501384684,-0.5876631402244884,-0.5939056186018906,4.902573604713368e-06,-0.0010907708849408634,0.58898970949987,2.562910464631751e-05,0.0039449527578803425,0.002101024064788742,298.6041890227042,0.9966622629567966,3.5299933042413394,0.0009419927035304067
equilibrated_n128,0.0,21,0.1640625,-1.8375000000000001,-1.531615414385563e-10,0.9317199772897455,1.0306264534069023,1.0306044884554575,0.0,0.0,4.9524189297232846e-08,1.039326245990172e-07,0.004984488130719138,-0.005261338395428342,-1.590285763071016e-05,0.00034398434621129106,0.5174168376856975,0.5135642441917491,-1.579066516943401e-10,0.0,-0.0003439477667652282,-0.00029851344421047996,-2.1393937585306685e-05,0.001434521382647093,-0.512088401788213,-0.5185270691429669,5.491237861248217e-06,-0.001090537036435802,0.5135900085383216,2.5764346572620116e-05,0.0038010648008031164,0.0019677100436348498,270.2348081147191,0.9963131575664984,3.0777389864291265,0.0009274779005651569
equilibrated_n128,0.0,22,0.171875,-1.8250000000000002,-2.2212562755501433e-10,0.9908498074715331,0.898817790410257,0.8987944445362237,0.0,0.0,4.724820417046803e-08,1.51799591714772e-07,0.0050305208410209995,-0.005270972423623562,-1.4134620536244917e-05,0.00029049020685782245,0.45144882887181204,0.4477267976358635,-1.9972995032019063e-10,0.0,-0.00032614489290730853,-0.00028381572413040465,-1.9970889314637773e-05,0.001369434972785143,-0.4460921631378837,-0.45271395433535666,5.8364685083431776e-06,-0.0010789447659273203,0.4477526982698707,2.5900634007186e-05,0.0036702299679340898,0.0018435493999396386,243.9916311412514,0.9959182279192899,2.68284595965129,0.0009147395590557484
equilibrated_n128,0.0,23,0.1796875,-1.8125,-3.1546713976006885e-10,1.05660119388612,0.7838593087585314,0.7838354375621254,0.0,0.0,4.431605619980867e-08,1.1356970432954607e-07,0.005074228624588967,-0.005283050385897337,-1.2562120738410656e-05,0.00024543540441453757,0.3939106728592624,0.39030482040618825,-2.4739421861598326e-10,0.0,-0.0003080643260680812,-0.0002688775403626457,-1.8529672445673202e-05,0.0013031049573327957,-0.3885283799086054,-0.3953189932517229,5.967799101481162e-06,-0.0010576695529182583,0.3903308583834878,2.6037977299592546e-05,0.0035537764984749816,0.001727985235562284,219.67102239040017,0.995468367395195,2.3384313738024516,0.0009045208133685478
equilibrated_n128,0.0,24,0.1875,-1.8,-4.419576112817978e-10,1.1303143841687922,0.683695662965436,0.6836720107441203,0.0,0.0,4.0979074010483955e-08,1.614144289918706e-07,0.005115940808593638,-0.005297304400671625,-1.116525738577696e-05,0.00020755181087607938,0.3437752527213007,0.34027076804945366,-3.0231934534666165e-10,0.0,-0.0002897863606429758,-0.0002537611474111484,-1.707801039534216e-05,0.0012357437730702338,-0.3383695255520641,-0.3453143113027141,5.913055328910547e-06,-0.0010281919621941543,0.34029694443569936,2.617638624578087e-05,0.0034521318993554757,0.0016204800216388865,197.15176265381626,0.9949533630859139,2.0383295347148405,0.0008971518104268252
equilibrated_n128,0.0,25,0.1953125,-1.7875,-6.122252502628512e-10,1.2121102058578295,0.5964932490480136,0.5964704567619562,0.0,0.0,3.743646420051555e-08,1.0945310429660436e-07,0.005155947991636267,-0.0053134951015286844,-9.925602266817775e-06,0.00017574462171567902,0.3001252047597538,0.29670901664773175,-3.653969805666318e-10,0.0,-0.0002713886154350447,-0.0002385269969580253,-1.5623308384185327e-05,0.001167562820278445,-0.2946978681526825,-0.3017839847523024,5.698071514348119e-06,-0.000991818198562766,0.29673533251813716,2.631587040550887e-05,0.0033635563712111315,0.0015205193494899976,176.44142078777784,0.9943643372806623,1.7770484387376118,0.0008920649630637116
equilibrated_n128,0.0,26,0.203125,-1.7750000000000001,-8.417694595622285e-10,1.2998386139030014,0.5206196695656841,0.5205982863851967,0.0,0.0,3.384236974638961e-08,1.527275822950933e-07,0.005194505715049918,-0.005331409430103398,-8.826342243638477e-06,0.00014907227070471232,0.2621422134277021,0.25880602716896073,-4.385183189469466e-10,0.0,-0.00025293800687783264,-0.0002232283293980614,-1.4171698847189585e-05,0.0010987693532416608,-0.2566947697057744,-0.26391420826966605,5.345795121870055e-06,-0.0009496970825369485,0.2588324836077075,2.6456438746733693e-05,0.003283273381247952,0.001427610338134112,157.66733594954368,0.9936975055765859,1.549711628264997,0.0008875098926569083
equilibrated_n128,0.0,27,0.2109375,-1.7625000000000002,-1.1492861465141477e-09,1.3892378207935179,0.4546294784705994,0.45460996921690733,0.0,0.0,3.031249616152745e-08,9.795877368090015e-08,0.0052318380258457265,-0.005350858466751501,-7.852205459745092e-06,0.00012672793636398763,0.22910048164947666,0.2258426371114876,-5.228598238439168e-10,0.0,-0.00023449877581250794,-0.00020791658230420954,-1.2728996022953368e-05,0.0010295695897449195,-0.22363414484781843,-0.23098557899593491,4.87731342303212e-06,-0.0009028416533809319,0.22586923521146005,2.6598099972486258e-05,0.0032046483380440394,0.001341284785530352,140.96350762113235,0.9929559362349037,1.352010762930716,0.0008810874289567487
equilibrated_n128,0.0,28,0.21875,-1.75,-1.5619001406354045e-09,1.4754041578782287,0.39724740960065585,0.39723016056457383,0.0,0.0,2.6930403808822414e-08,1.3460235267863645e-07,0.005268140855280507,-0.005371675311497343,-6.989376053648017e-06,0.00010802267153342798,0.2003596176135664,0.19718441136916126,-6.209240747768876e-10,0.0,-0.00021613516308023844,-0.00019264319324942237,-1.1301014150075086e-05,0.0009601697475732611,-0.19487534159520564,-0.2023634434874092,4.312259020501846e-06,-0.0008521470760398331,0.19721115223131808,2.674086215685145e-05,0.0031217245200914124,0.0012610969041787388,126.34756908373402,0.9921474747637902,1.1801451888678172,0.0008707578695820738
equilibrated_n128,0.0,29,0.2265625,-1.7375,-2.1121860172159268e-09,1.552830304505221,0.34735333970460225,0.34733866410317205,0.0,0.0,2.3753216299738917e-08,8.328657022741977e-08,0.005303585130122275,-0.005393712995810267,-6.225401371457856e-06,9.237014315564501e-05,0.1753571345342964,0.17227411051323158,-7.342618549367521e-10,0.0,-0.00019791140952219282,-0.00017745959980665328,-9.893567467153225e-06,0.000890776044511727,-0.16985563799465195,-0.1774903639092352,3.6689003575503055e-06,-0.000798405901356082,0.1723009952463116,2.688473308000976e-05,0.00302925455490485,0.001186625898932192,113.75801678160629,0.991286011835643,1.0307767169229647,0.0008548089960302848
equilibrated_n128,0.0,30,0.234375,-1.725,-2.847164332061691e-09,1.6155765813156469,0.3039648414411805,0.3039529844759016,0.0,0.0,2.0816806594098802e-08,1.1276206674930593e-07,0.005338319587273901,-0.005416842437900631,-5.549095065081052e-06,7.9272935622738e-05,0.15359979774960633,0.15062290135383635,-8.661720178908583e-10,0.0,-0.00017989175597953904,-0.00016241723954885475,-8.512470212786192e-06,0.0008215946983453563,-0.14808158640635288,-0.15587732655218814,2.9642413197230316e-06,-0.0007423217627226184,0.15064993107369337,2.7029719857012457e-05,0.0029228369560559465,0.001117473285597987,103.08473126532465,0.9903924428891412,0.9009767494861042,0.0008318663724465843
equilibrated_n128,0.0,31,0.2421875,-1.7125000000000001,-3.823053689733659e-09,1.6574152028288958,0.266223775699718,0.26621491923410123,0.0,0.0,1.8140205072797325e-08,6.803620053151831e-08,0.005372473448737456,-0.005440950622798072,-4.950438914489518e-06,6.831034515875767e-05,0.134656946113633,0.13180363217255842,-1.0186930969855885e-09,0.0,-0.0001621404432934453,-0.00014756755004897965,-7.163536625572428e-06,0.0007528319268591887,-0.1291223322216021,-0.1370970152453075,2.2141164041798957e-06,-0.0006845215817004311,0.1318308080018382,2.717582927977336e-05,0.0027989622825150165,0.0010532649469060912,94.19977455600524,0.9894957734441723,0.7881858857285141,0.0008008709576129014
equilibrated_n128,0.0,32,0.25,-1.7000000000000002,-5.120588391003045e-09,1.6718864003692664,0.23338106096726804,0.2333753278009735,0.0,0.0,1.5729596204495683e-08,9.06707557479222e-08,0.005406158705696318,-0.0054659387661892935,-4.420485519943504e-06,5.912757555955629e-05,0.11815282968725067,0.11544326831756219,-1.1961494676270543e-09,0.0,-0.00014472171230507964,-0.00013296196887998098,-5.852580944110363e-06,0.0006846939478382644,-0.11260194926924928,-0.1207762451148715,1.4332915736344863e-06,-0.0006255663722787081,0.11547059138500196,2.7323067439785407e-05,0.0026549152348089187,0.0009936482458393432,86.98627351340856,0.9886345908279931,0.6901686330752029,0.0007610083601529292
equilibrated_n128,0.0,33,0.2578125,-1.6875,-6.835866043043367e-09,1.6556005037849348,0.20478796278189165,0.20478542280279827,0.0,0.0,1.358149066207372e-08,5.368933084718547e-08,0.005439472309551988,-0.005491720758568528,-3.951263656162342e-06,5.142623298959294e-05,0.10376373162537317,0.10121705572293364,-1.4012212037105838e-09,0.0,-0.00012769478268308168,-0.00011864822229533514,-4.584857208307467e-06,0.0006173774097896985,-0.0981965645331381,-0.10659012825920684,6.349947733488347e-07,-0.0005659511768001056,0.10124452716300951,2.7471440075892795e-05,0.002491733022287758,0.0009382936246383362,81.26434594509884,0.9878440655120826,0.6049754299557693,0.000712802225153076
equilibrated_n128,0.0,34,0.265625,-1.675,-9.106173940586738e-09,1.6107510871314283,0.17988437417379974,0.17988505685088643,0.0,0.0,1.1685497163898802e-08,7.024534790929754e-08,0.005472498057671539,-0.005518221667724671,-3.535687544851803e-06,4.495601229868615e-05,0.09121272260210257,0.08884202728086397,-1.639609871263133e-09,0.0,-0.00011109878940597808,-0.00010465919127061465,-3.3633786633074836e-06,0.0005510406841089129,-0.08562912575502506,-0.09425558975731803,-1.7066927167305612e-07,-0.0005060846718102268,0.08886964823305599,2.7620952192039283e-05,0.002315453416854459,0.0008868916796654755,76.7621992186613,0.9871402813957451,0.5309024359814815,0.0006585819780642833
equilibrated_n128,0.0,35,0.2734375,-1.6625,-1.2094185233798415e-08,1.542434373340237,0.15818553745642872,0.1581894372870709,0.0,0.0,1.0026515108307193e-08,4.098552776886941e-08,0.005505308216357785,-0.005545376326090271,-3.1674709297172947e-06,3.9507464470429186e-05,0.08026122464600147,0.07807218650775755,-1.914913603192725e-09,0.0,-9.496784627976625e-05,-9.102404546191523e-05,-2.1905983555631442e-06,0.00048583257291340254,-0.07466094858336392,-0.0835265387883859,-9.749576605509578e-07,-0.00044632510844297337,0.07809995811616724,2.7771608409706254e-05,0.0021334949214244486,0.0008391543725950629,73.21316524533655,0.9865253018558882,0.466466253775579,0.0006011451726555785
equilibrated_n128,0.0,36,0.28125,-1.6500000000000001,-1.6031072462361887e-08,1.4565637878076925,0.13926996021243077,0.13927703958298887,0.0,0.0,8.586497555528939e-09,5.239540229516024e-08,0.00553796511703101,-0.005573128218430285,-2.8410466295369952e-06,3.490573650589012e-05,0.07070189924457985,0.06869354557336646,-2.234658476799665e-09,0.0,-7.93360671104438e-05,-7.777195452533276e-05,-1.0689693315272027e-06,0.0004219018783206639,-0.0650845980604384,-0.0741889018372714,-1.769842639532993e-06,-0.00038699614181477376,0.06872146898594815,2.7923412581721375e-05,0.0019525068460499336,0.0007948121908091816,70.39306328167483,0.9859930369417741,0.41037630706963896,0.0005429868396530799
equilibrated_n128,0.0,37,0.2890625,-1.6375000000000002,-2.118949069377307e-08,1.4523472378838536,0.12283738056656919,0.1228475723350755,0.0,0.0,7.521919974037838e-09,3.0198449856921135e-08,0.005570522389636383,-0.0056014283110853375,-2.55149181590077e-06,3.1005178617896426e-05,0.062422509338183295,0.06051823084501105,-2.6050516699973687e-09,0.0,-6.423756570400858e-05,-6.493208811696322e-05,-9.446376524131653e-10,0.00035939740244819306,-0.05678774938284291,-0.06605472706797944,-2.5479421265783595e-06,-0.00032839222383029663,0.06054630721315932,2.8076368148310794e-05,0.0018481257568756292,0.0007536150380035043,65.52184772914651,0.9849673448026933,0.36142971752208025,0.0005136073987620471
equilibrated_n128,0.0,38,0.296875,-1.625,-2.7954829197292274e-08,1.5692780548099758,0.10857427268968364,0.10858748246738376,0.0,0.0,6.635772587665345e-09,3.7411025573914295e-08,0.005603026169953192,-0.00563023413478169,-2.2944592028146914e-06,2.7684719169775992e-05,0.055275125598377724,0.05338078408708684,-3.037457396533575e-09,0.0,-4.9706455866457974e-05,-5.2533615892902304e-05,1.0110226796084868e-06,0.00029846794741348486,-0.04962239297255807,-0.05895848460597563,-3.3024444250266447e-06,-0.0002707832282437089,0.05340901456483468,2.8230477747932285e-05,0.001837880555795011,0.0007153295659667093,58.12022375059251,0.9830853143550564,0.318616206833213,0.0005198213308596411
equilibrated_n128,0.0,39,0.3046875,-1.6125,-3.6779491411659543e-08,1.7076780797562532,0.0961174655692849,0.09613357379452374,0.0,0.0,5.854244645477069e-09,2.132864601486718e-08,0.005635516058440667,-0.00565950887384296,-2.0661141105017634e-06,2.4843914635223603e-05,0.04903759874277634,0.04714031068263872,-3.5373745937034184e-09,0.0,-3.57768514037902e-05,-4.060570750924633e-05,1.9644795738027085e-06,0.00023926231533403795,-0.043366305832931884,-0.05275921384897243,-4.027056309710769e-06,-0.00021441840069881435,0.04716869642621453,2.8385743575956782e-05,0.0018405165729857118,0.0006797398061262128,51.255932294808744,0.9808634167244712,0.2811716619843015,0.0005298249948485664
equilibrated_n128,0.0,40,0.3125,-1.6,-4.829945728577627e-08,1.8206051585425147,0.08519754681908878,0.08521641055229537,0.0,0.0,5.165639393664434e-09,2.522775919828511e-08,0.005668025999929248,-0.0056892206065655634,-1.8630772254780341e-06,2.239958923204094e-05,0.04355922913146959,0.04167821534633026,-4.1169223087042104e-09,0.0,-2.2482866122002697e-05,-2.9177532622091023e-05,2.856972998477517e-06,0.00018192930832734705,-0.037868720265418335,-0.047338258420273734,-4.7159333016468465e-06,-0.0001595297190953061,0.0417067575133235,2.8542166993425224e-05,0.001823929451152441,0.0006466447264440643,45.732862624671455,0.9786017816192567,0.24841661562878853,0.0005315573360408871
equilibrated_n128,0.0,41,0.3203125,-1.5875,-6.325770741541429e-08,1.9034642348974884,0.07561137855305004,0.07563283426441027,0.0,1.3621587205102641e-06,4.559255849592714e-09,1.4231298440934475e-08,0.005700585139058728,-0.005719341727963325,-1.6823728476424754e-06,2.0282986732718347e-05,0.038738502379330804,0.03689297929490723,-4.784274139143199e-09,0.0,-9.855479350916877e-06,-1.827637506155742e-05,3.6863392665514922e-06,0.00012662327881325826,-0.03302806176092116,-0.042594044647809,-5.363927840054824e-06,-0.00010634029208053992,0.03692167904379437,2.869974888744458e-05,0.0017881235866487005,0.000615858657791193,41.296562854464604,0.9763574169503836,0.21974195067611751,0.0005253373043852318
equilibrated_n128,0.0,42,0.328125,-1.5750000000000002,-8.269296265603834e-08,1.9579158400577534,0.06718685502169966,0.06721072461548813,0.0,2.2740682065512592e-05,4.025411136365786e-09,1.559900398429145e-08,0.0057332183408597085,-0.005749848221951768,-1.5213822930576427e-06,1.8437364686122283e-05,0.03449131356706812,0.03269668147830324,-5.555974365220944e-09,0.0,2.0868674843494202e-06,-7.921975353868457e-06,4.451572128428446e-06,7.352078042102379e-05,-0.028760182093692757,-0.03843860772490114,-5.967398447120867e-06,-5.50834157349015e-05,0.03272553996758148,2.8858489278702013e-05,0.0017369151102074522,0.0005872091040201938,37.6823712054331,0.9741484306975592,0.1946163246952814,0.0005127979585798762
equilibrated_n128,0.0,43,0.3359375,-1.5625,-1.0781277842886542e-07,1.9891867260999208,0.059776808738206004,0.059802901993990416,1.6909551188977978e-05,4.3028578490912815e-05,3.5554137810950293e-09,8.696572872191809e-09,0.005765946853992415,-0.005780719239596776,-1.3778021316000978e-06,1.6815968968082065e-05,0.030746736431433306,0.029013149869824954,-6.442879380731671e-09,0.0,1.3328867434855936e-05,1.8678118007288902e-06,5.151954693883611e-06,2.280391708224007e-05,-0.024994118444875747,-0.03479573692122246,-6.5233139461029775e-06,-5.9879481141580035e-06,0.029042168257506995,2.901838768273268e-05,0.0016755497862428615,0.0005605370088167761,34.6658374414874,0.9719619649576271,0.1725774597587991,0.0004960094030819517
equilibrated_n128,0.0,44,0.34375,-1.55,-1.4029600998943243e-07,2.002872381504889,0.053253467359190586,0.05328158300108255,3.400543891085689e-05,6.215094670709043e-05,3.1415206087556657e-09,8.202386458016291e-09,0.005798788807692475,-0.005811936655247801,-1.2496068763662672e-06,1.538033377607451e-05,0.027443214537626943,0.025776232449700655,-7.466476066166033e-09,0.0,2.3855213551660938e-05,1.107513170198641e-05,5.786770072692117e-06,-2.5345207271489975e-05,-0.02166828094348613,-0.03159924423665044,-7.028910472992217e-06,4.0725541047564485e-05,0.025805411892416568,2.9179442716962516e-05,0.0016086232024923473,0.0005356948275258324,32.08384891183283,0.969773770800823,0.15322384815200704,0.0004767430217745993
equilibrated_n128,0.0,45,0.3515625,-1.5375,-1.8208477944101675e-07,2.0047655141482528,0.0475059866728846,0.04753591337751483,5.007713491813763e-05,8.003840353105915e-05,2.7768692822602303e-09,4.497273606475036e-09,0.005831759526334527,-0.005843484567023645,-1.1350157786012214e-06,1.409885882076148e-05,0.024527329062877308,0.02292856319309781,-8.640995674605598e-09,0.0,3.3650598885823553e-05,1.968212964965661e-05,6.35530137462916e-06,-7.074448870856714e-05,-0.018729220135428604,-0.028791729889771113,-7.481676157555776e-06,8.484334752932863e-05,0.022957904845558312,2.9341652462075673e-05,0.0015400825648553393,0.0005125466721458627,29.813862411610067,0.9675470738902494,0.13620734650849453,0.00045650154599378366
equilibrated_n128,0.0,46,0.359375,-1.525,-2.358641810865195e-07,2.0008434297620528,0.04243802883134219,0.04246954603453483,6.506914150372582e-05,9.66263217312609e-05,2.45540524544674e-09,2.701214604791213e-09,0.005864872084651621,-0.00587534914883722,-1.032463347413848e-06,1.2945621858225028e-05,0.02195263187193117,0.020420307829389847,-9.994258722879996e-09,0.0,4.269971648840282e-05,2.767095094349192e-05,6.8568317094699185e-06,-0.00011321182329739201,-0.01613045950376795,-0.026323327929170557,-7.879300798160887e-06,0.00012615744515561704,0.02044981284345678,2.950501406929776e-05,0.0014733140144027105,0.0004909666395089246,27.76029094075678,0.9652298371369088,0.12122556304633798,0.0004365681552068896
equilibrated_n128,0.0,47,0.3671875,-1.5125000000000002,-3.0472508490439996e-07,1.997255656093307,0.03796596649704793,0.03799884518626393,7.89293016493285e-05,0.00011185417135968533,2.1718046215590814e-09,1.4146387983620637e-09,0.0058981373964417825,-0.005907518132652588,-9.405732405996629e-07,1.1899390133298055e-05,0.019678788802090716,0.018208225303060706,-1.1545123589965396e-08,0.0,5.098725941045718e-05,3.502374088324426e-05,7.290644186989544e-06,-0.0001525651071063623,-0.01383163866505939,-0.02415076717659654,-8.21967230399924e-06,0.00016446449723966038,0.018237894827178358,2.9669524121161043e-05,0.0014112244507876923,0.00047083886485249486,25.846908784777153,0.962751763787158,0.10801614451228246,0.000418044819838915
equilibrated_n128,0.0,48,0.375,-1.5,-3.929170623274006e-07,2.000495260716531,0.03401714080956472,0.03405114411841215,9.160832281793142e-05,0.00012566495130570082,1.9213978342397242e-09,1.2231055849223546e-09,0.0059315646955091905,-0.005939980767099294,-8.581352049791041e-07,1.0942799462765372e-05,0.017670784171911362,0.016254721655015254,-1.3329910087485059e-08,0.0,5.849792070304611e-05,4.172264476866646e-05,7.656021916963242e-06,-0.00018862223620388054,-0.011797717397105218,-0.022236425066883215,-8.50082721185486e-06,0.0001995650356666459,0.016284556833249697,2.9835178239684844e-05,0.001356392160416731,0.0004520560915976314,24.011576162820806,0.9600185132879998,0.09635094883908145,0.0004019105562084087
equilibrated_n128,0.0,49,0.3828125,-1.4875,-5.053081814341604e-07,2.016713996051755,0.03052819352061553,0.03056308072453592,0.0001030716425962502,0.00013802034270652032,1.700097316398308e-09,7.494168999085051e-10,0.005965161575012988,-0.0059727274074558405,-7.840847314862829e-07,1.0061674102451973e-05,0.015897958302851952,0.014527132827072388,-1.537404746882675e-08,0.0,6.522354282425639e-05,4.775661738427607e-05,7.953090296081245e-06,-0.00022125281511584032,-0.00999802027066322,-0.020547616851912504,-8.721800980098701e-06,0.0002313144892182923,0.014557134798510524,3.000197144590321e-05,0.0013108215328877563,0.00043451965768161855,22.21070440678675,0.9569164303472151,0.0860319872581754,0.000388928042401284
equilibrated_n128,0.0,50,0.390625,-1.475,-6.485545429992165e-07,2.0480327600695976,0.027442333406565884,0.02747787382534913,0.0001133359012517299,0.00014894721732496574,1.5043265053776844e-09,3.856596866179038e-09,0.0059989343625654005,-0.006005749504539806,-7.174851496148463e-07,9.244464489874601e-06,0.01433190052385039,0.01299706153281877,-1.772432249729854e-08,0.0,7.118456586028849e-05,5.3141851453653526e-05,8.185343868694116e-06,-0.00025053328219811914,-0.008404150727145279,-0.01905595288881223,-8.885104695811664e-06,0.00025977774668799376,0.013027231430576824,3.016989776955129e-05,0.0012744991954925051,0.00041813828650037337,20.44290255599998,0.9533645224853111,0.07688888938796844,0.00037910539758152887
equilibrated_n128,0.0,51,0.3984375,-1.4625,-8.302452579769478e-07,2.092696085784215,0.024708819891114925,0.024744796765722277,0.00012243181856045688,0.00015849034396066064,1.4185580971634462e-09,2.168085759484377e-09,0.0060328880926782845,-0.006039039245449327,-6.575118839834496e-07,8.481783393238753e-06,0.012946424902215904,0.011639922344942138,-2.0412698212913473e-08,0.0,7.640857930437109e-05,5.790134918514485e-05,8.35711946606749e-06,-0.0002765917842640903,-0.006989945388841992,-0.01773686293957661,-8.994218651838028e-06,0.0002850735676573291,0.011670261295531972,3.0338950606782032e-05,0.0012458246560601964,0.0004028280249671841,18.73499812154638,0.9493285991799404,0.06877574311713162,0.0003718577487845638
equilibrated_n128,0.0,52,0.40625,-1.4500000000000002,-1.0607004012917128e-06,2.148414860791604,0.022283520710343712,0.022319731489405092,0.00013039166243726131,0.00016669643263073474,1.3492871830786044e-09,5.4486266641187015e-09,0.006067026852495764,-0.006072589614592934,-6.034386289013574e-07,7.766023974663346e-06,0.011718647417172242,0.010434434635168164,-2.3497783022739274e-08,0.0,8.092317264973259e-05,6.205811278709571e-05,8.472753919466998e-06,-0.0002995564681271253,-0.005732543737326211,-0.01656908236254819,-9.052694765345616e-06,0.00030732249210178864,0.010464943757475169,3.0509122331924883e-05,0.0012231945373402213,0.0003885112322944233,17.11084122437416,0.9447844532669103,0.06156646800751078,0.00036659851383499456
equilibrated_n128,0.0,53,0.4140625,-1.4375,-1.351634516365446e-06,2.2127278438282705,0.020128182016949218,0.020164438772627174,0.00013724902893912235,0.00017361386606506676,1.2919803331257922e-09,2.989972209933152e-09,0.006101353746108155,-0.006106394113752795,-5.54625221327813e-07,7.091045809602147e-06,0.010628693465521706,0.009362185481764394,-2.702036199758586e-08,0.0,8.475593538960191e-05,6.56351444678524e-05,8.53658406015828e-06,-0.0003195554806005984,-0.004612095654803153,-0.015534214739985041,-9.064188919488507e-06,0.0003266465264102005,0.009392865886380749,3.068040465287567e-05,0.001205147174451557,0.00037511648450604823,15.587915045571574,0.9397151482116514,0.05515204814383294,0.00036279589274710065
equilibrated_n128,0.0,54,0.421875,-1.425,-1.7188923758129754e-06,2.2830066611697477,0.018209570185266997,0.018245699782923203,0.00014303865402307128,0.00017929246894547068,1.243530108308644e-09,6.213268399095981e-09,0.00613587108227764,-0.0061404467403089425,-5.10507011192885e-07,6.451917143996881e-06,0.009659260062164514,0.008407209360446314,-3.105431654829225e-08,0.0,8.793445701720743e-05,6.865544643576054e-05,8.552946719406968e-06,-0.00033671696849788116,-0.003611323436904081,-0.014616311547191018,-9.03239941405156e-06,0.00034316888564187806,0.008438062148618393,3.0852788225460476e-05,0.001190345125267273,0.00036257773684904694,14.177505278939602,0.9341130191278795,0.04943802776644309,0.0003599681231666191
equilibrated_n128,0.0,55,0.4296875,-1.4125,-2.1803865866178078e-06,2.3564591908647357,0.016498804381066597,0.01653464883274292,0.00014779625252089095,0.00018378330965054544,1.2013101041418256e-09,3.341449966304865e-09,0.006170580424902428,-0.006174741858063202,-4.7058555393493474e-07,5.8447035169974454e-06,0.008795275023721745,0.007555661802097292,-3.565136333348149e-08,0.0,9.048632702577786e-05,7.114202089916622e-05,8.52617872847869e-06,-0.0003511690786323464,-0.002715180925845096,-0.01380154568105966,-8.961112919080144e-06,0.0003570137821493438,0.007586688065025594,3.102626300603302e-05,0.0011775606956123824,0.00035083420612332946,12.885430183418594,0.9279820656046971,0.04434256769454118,0.0003576785344973444
equilibrated_n128,0.0,56,0.4375,-1.4,-2.7602181240663984e-06,2.4290563950958823,0.014970379324794053,0.01500579586249858,0.00015155838038081367,0.000187138529894723,1.1631054113280721e-09,6.33321945708498e-09,0.006205482670639434,-0.006209274120802246,-4.344204598382522e-07,5.266294462625102e-06,0.008023217960970908,0.006795521177537638,-4.090295234561175e-08,0.0,9.243913490854188e-05,7.311787006641532e-05,8.460616918639084e-06,-0.0003630399578173675,-0.0019101744252400165,-0.0130779131684063,-8.854134426131725e-06,0.0003683062522799926,0.006826721995293686,3.120081786895082e-05,0.001165295147695366,0.00033982968298857107,11.71672603081729,0.9213634077217175,0.03979503682406675,0.000355397391599154
equilibrated_n128,0.0,57,0.4453125,-1.3875000000000002,-3.485535381874677e-06,2.4908476631299314,0.013600312538171089,0.013635163365100558,0.00015432681808379834,0.00018936510954232355,1.1270560120742152e-09,3.3298089401635406e-09,0.006240578158874333,-0.006244038450161077,-4.0162226536405304e-07,4.714261363888844e-06,0.007329461232121248,0.006116430755701516,-4.68661322638521e-08,0.0,9.380015275805088e-05,7.458551976826608e-05,8.357950599267257e-06,-0.00037228034859470926,-0.001182683226004966,-0.012435054725630858,-8.712706732367458e-06,0.0003769946099585981,0.006147807196494121,3.1376440955958385e-05,0.0011502775945078153,0.0003295124008580953,10.689258359630427,0.9144513732835642,0.03573656558445691,0.00035196145345162236
equilibrated_n128,0.0,58,0.453125,-1.375,-4.392678189789355e-06,2.5336520884168383,0.012368385697022737,0.012402495618673823,0.00015596197358419225,0.0001902864743394577,1.0916118369439767e-09,5.9643940682816945e-09,0.006275866643209608,-0.006279029893782159,-3.718461966201704e-07,4.186740662739062e-06,0.006702803217729304,0.005509513216157151,-5.3644776044904025e-08,0.0,9.449538306414832e-05,7.546559032512615e-05,8.20927899219619e-06,-0.0003781313764197107,-0.000521431957583844,-0.011864008700264436,-8.527480412771455e-06,0.0003823181170824498,0.005541066335218773,3.155311929726611e-05,0.0011301837629776206,0.0003198344756922491,9.80560244578296,0.9074554144465805,0.032116214248335016,0.0003465575790262543
equilibrated_n128,0.0,59,0.4609375,-1.3625,-5.522457838104205e-06,2.5570724298046947,0.011259370963557476,0.01129251706312266,0.00015628929218187485,0.00018968065423976044,1.0554945339361093e-09,3.0463860833015977e-09,0.006311347426895789,-0.006314243663510791,-3.447867170990608e-07,3.6823375853730373e-06,0.006135893632823499,0.004967065407305752,-6.131562317544175e-08,0.0,9.443051091600024e-05,7.565822567981538e-05,8.00305379737234e-06,-0.0003796567624761024,8.10232831562896e-05,-0.011356967296496358,-8.28652489129596e-06,0.00038333910006147545,0.004998796246124473,3.173083915733347e-05,0.0011053665472030778,0.00031075176820725275,9.044594770436987,0.9004439678399794,0.02888741092954376,0.00033933496090173297
equilibrated_n128,0.0,60,0.46875,-1.35,-6.929227475932955e-06,2.5822961000935574,0.010266064314668423,0.010297975672728684,0.0001551346813174173,0.00018732627921966416,1.0176680454058394e-09,5.240300461718125e-09,0.006347019317410008,-0.006349675006500622,-3.2017276081955583e-07,3.2000463586626725e-06,0.005628631250661747,0.004482158262768266,-7.005996049647016e-08,0.0,9.351122140277288e-05,7.506356977515373e-05,7.727726714742159e-06,-0.00037592022794761566,0.000624876845345488,-0.010906896839044042,-7.977839515065245e-06,0.0003791202743062783,0.00451406784794284,3.19095856600342e-05,0.001082653816573409,0.0003022234305380657,8.338894259348441,0.8929209420056365,0.02600175327108363,0.0003327626578412344
equilibrated_n128,0.0,61,0.4765625,-1.3375,-8.673884463184043e-06,2.6451401668504175,0.009385740928133152,0.009416098627382073,0.00015232444720863694,0.0001830024992511507,9.773168519308665e-10,2.5693076127236526e-09,0.006382880751119476,-0.006385319258181776,-2.9776356637635035e-07,2.739183576976636e-06,0.005184939060166604,0.004048317244361114,-8.008819839841355e-08,0.0,9.164319961363246e-05,7.358176655396108e-05,7.371749444252095e-06,-0.0003659854940179816,0.0011062984913392396,-0.010507218269096851,-7.589424812230032e-06,0.00036872467759495824,0.004080406586796919,3.208934313048107e-05,0.0010724431295445278,0.0002942117670254563,7.609553316882899,0.8838499556023366,0.02340999639123699,0.00033057656639338533
equilibrated_n128,0.0,62,0.484375,-1.3250000000000002,-1.0837129871040201e-05,2.73482565406555,0.008602544588302606,0.008630981765494322,0.0001476852405161332,0.00017648891539941115,9.338309247155753e-10,4.275687637869709e-09,0.006418929689045147,-0.006421171676406116,-2.7734503497086553e-07,2.299331965436792e-06,0.004794961543857799,0.0036597145550828943,-9.162442289103912e-08,0.0,8.873213063774524e-05,7.111295995905744e-05,6.923573685848625e-06,-0.0003489162818709321,0.0015352360145496026,-0.010151999191448068,-7.109294297928451e-06,0.0003512156138363689,0.0036919846488147117,3.2270094724763414e-05,0.001070706799325377,0.0002866818691147892,6.896350431585809,0.8733592171897605,0.02108120109356289,0.00033131589859240144
equilibrated_n128,0.0,63,0.4921875,-1.3125,-1.3509233577888172e-05,2.8254840140338935,0.007898728220564205,0.007924830541168914,0.00014104400970521406,0.0001675655204560841,8.867895916172581e-10,1.9656502033521298e-09,0.006455163824783094,-0.006457227596366203,-2.5872654823933897e-07,1.8802922699897917e-06,0.004445994624589815,0.0033114799911960965,-1.047975365400647e-07,0.0,8.46836995642772e-05,6.75572939332625e-05,6.371651139478166e-06,-0.00032377631269019666,0.0019244855006290019,-0.009836264881495561,-6.525580151177441e-06,0.00032565660496018645,0.003343931812547837,3.245182276747407e-05,0.001069610987858769,0.00027960147890694923,6.252613053727096,0.8621186608754615,0.018993979887428254,0.00033217393689240297
equilibrated_n128,0.0,64,0.5,-1.3,-1.68092299941912e-05,2.9171405313435144,0.007265844503542786,0.0072891495640311395,0.00013222796098466647,0.00015601264775320478,8.359570503533008e-10,3.169310587698438e-09,0.006491580448431787,-0.006493482248898931,-2.417381870473773e-07,1.4820414580663278e-06,0.004133896403891567,0.0029994803255264605,-1.199065700461194e-07,0.0,7.940359148239477e-05,6.281491241939641e-05,5.704433505087204e-06,-0.00028962930765950813,0.0022782804530578253,-0.009555777486844788,-5.8262651220884615e-06,0.00029111134911757446,0.0030321148318974422,3.263450838651823e-05,0.0010691470615920675,0.0002729406956521337,5.672025749913802,0.850120482521681,0.017123541929792586,0.0003331561685494916
equilibrated_n128,0.0,65,0.5078125,-1.2875,-2.08701487059178e-05,3.0099061406992944,0.006696336261360752,0.0067163696098500566,0.00012119164082838191,0.0001417738633912533,7.812719682285282e-10,1.29304597797785e-09,0.006528176463026671,-0.006529930737600531,-2.262282995579481e-07,1.104695752846451e-06,0.003854917759002982,0.002719952424492605,-1.372185183918906e-07,0.0,7.286855799471262e-05,5.685991954124548e-05,4.919327341159902e-06,-0.00024620389098818456,0.0026003901460289764,-0.00930674308163438,-5.008337122325959e-06,0.000247308586741031,0.002752770553474846,3.2818131846012396e-05,0.0010693290708183507,0.0002666718454990741,5.14859387740795,0.8373611886004791,0.015447294250030727,0.00033427526903846114
equilibrated_n128,0.0,66,0.515625,-1.275,-2.5866537915829815e-05,3.1037628534953123,0.0061835403496657265,0.006199958290676145,0.00010839825724084214,0.00012544473730769312,7.228407468349859e-10,2.0058376476094582e-09,0.006564948566677467,-0.006566568187047633,-2.120613763814402e-07,7.484773694964448e-07,0.003605484153789868,0.0024693436691068005,-1.5713476410795917e-07,0.0,6.533961675763977e-05,4.996226014646207e-05,4.049558640331307e-06,-0.00019588829898789414,0.0028941247961299594,-0.009085874116300895,-4.104485252604787e-06,0.0001966367763573906,0.0025023463372289534,3.300267218668607e-05,0.001070135140309693,0.0002607692448403111,4.676692210116162,0.8238410745225981,0.013943942883064027,0.00033553040137819284
equilibrated_n128,0.0,67,0.5234375,-1.2625000000000002,-3.199343391376445e-05,3.198580158795662,0.005721458056540295,0.005734083689658471,9.443830325052165e-05,0.0001077840010317116,6.609295503493233e-10,6.007264985939588e-10,0.006601893054549943,-0.00660338951548636,-1.9911619152323343e-07,4.136840928883154e-07,0.0033822758561593215,0.0022443838647989455,-1.800161657534577e-07,0.0,5.714885194103429e-05,4.2465839263665516e-05,3.137308253774255e-06,-0.00014173567099589647,0.003162468346449587,-0.00889023921954897,-3.1564082795440302e-06,0.0001421493550887848,0.0022775719665934337,3.3188107553823433e-05,0.0010715157762527289,0.00025520907919502164,4.251121667211446,0.8095644962400881,0.012593916023307873,0.0003369103870289871
equilibrated_n128,0.0,68,0.53125,-1.25,-3.950545030071011e-05,3.2942416183246563,0.005304790620593724,0.005313613204412969,7.990241785293453e-05,8.955058268587228e-05,5.959568766056071e-10,8.569901366820762e-10,0.006639005998029432,-0.006640389588662607,-1.8728417557297956e-07,1.006610854052384e-07,0.0031823262143192573,0.0020421491979146864,-2.0639525342317293e-07,0.0,4.86283477147534e-05,3.471456192147427e-05,2.2247570326614606e-06,-8.679914634944441e-05,0.003408051435995421,-0.008717253348498767,-2.205645954811267e-06,8.689980743484965e-05,0.00207552360460476,3.337441484381154e-05,0.0010734281867169466,0.0002499692104273655,3.8670935425176367,0.7945385698334612,0.011379713440911614,0.0003384059531141888
equilibrated_n128,0.0,69,0.5390625,-1.2375,-4.868722187712632e-05,3.3906262575281128,0.004928851861698638,0.004934027013733205,6.53813669188253e-05,7.150358219967929e-05,5.284772209781372e-10,6.979012598130717e-11,0.006676283060584766,-0.006677563013746856,-1.7646799204773718e-07,-1.9022548421927836e-07,0.0030029755801485544,0.0018600213830081151,-2.367658115717598e-07,0.0,4.011018824865517e-05,2.7052333148507663e-05,1.3540858281657588e-06,-3.4131864385797574e-05,0.0036331972921875566,-0.008564636729903478,-1.293788008641736e-06,3.3941638901578296e-05,0.001893582941507432,3.356157002678651e-05,0.0010758310570868665,0.0002450290673778621,3.520223605804563,0.7787720061645029,0.010285666591957725,0.0003400079136663102
equilibrated_n128,0.0,70,0.546875,-1.225,-5.99083952074732e-05,3.5187348174996105,0.0045967026490668925,0.004598549811351671,5.146602666664503e-05,5.440224978728618e-05,4.5916945539111284e-10,2.1790300889908817e-10,0.006713719777018893,-0.006714904399559877,-1.6658028870036838e-07,-4.586131861094479e-07,0.002849178575685137,0.0016955135162971791,-2.722652089655906e-07,0.0,3.1926457712597234e-05,1.9823057973384566e-05,5.674754914599177e-07,1.3213035557788278e-05,0.0038326147436211584,-0.00843024097383044,-4.617905711946955e-07,-1.3671648743897725e-05,0.0017292630477861316,3.3749547799924066e-05,0.0010861659637881077,0.00024036948563162754,3.1841598898112426,0.7610033970176239,0.00928941232292868,0.0003443239948819383
equilibrated_n128,0.0,71,0.5546875,-1.2125,-7.358261985437584e-05,3.831001929410717,0.004338504227072576,0.004337497461700828,3.8747369323058925e-05,3.900596722428994e-05,3.888144643063027e-10,6.845691002004846e-10,0.00675131129034717,-0.006752408076919684,-1.5754260159104305e-07,-7.041665259638659e-07,0.002753492482594006,0.0015456316935190215,-3.163408182448853e-07,0.0,2.440924027643714e-05,1.337064142472382e-05,-9.289312628328959e-08,5.218241414405703e-05,0.003973409567476727,-0.008311410411863429,2.5169134293713184e-07,-5.28865806700209e-05,0.001579569992146269,3.3938321904433576e-05,0.001139984145266117,0.00023597261229104324,2.771213965923246,0.7348333960798785,0.008337435807611497,0.00036371288813444856
equilibrated_n128,0.0,72,0.5625,-1.2000000000000002,-9.024417761336165e-05,4.32314472783958,0.004145205548847105,0.00414197731636562,2.7816450672241692e-05,2.6074231542864778e-05,3.1827431556162613e-10,1.1717996297130567e-09,0.0067890525065175044,-0.006790068238983879,-1.4928439154681887e-07,-9.265984989164109e-07,0.00270946132317029,0.001407184768328521,-3.7150333802704216e-07,0.0,1.7890620110032974e-05,8.038988531144702e-06,-5.848391738910465e-07,7.972313203575014e-05,0.004061700563237182,-0.008205291995843545,8.070581203712698e-07,-8.064973053466655e-05,0.0014413125995887458,3.412786478623814e-05,0.0012340208252692927,0.00023182176859018545,2.335961549553618,0.7002363531037072,0.0074138547722631815,0.0003968236825839736
equilibrated_n128,0.0,73,0.5703125,-1.1875,-0.00011049178958032981,4.810465589706421,0.0039694661102302456,0.003964771215394351,1.9117262291699133e-05,1.6167906153806158e-05,2.48465048826747e-10,1.2166687337691742e-09,0.006826938050416518,-0.006827878884718352,-1.41742193736772e-07,-1.1256903308060964e-06,0.0026711627241611463,0.0012783133544283982,-4.3638467450048785e-07,0.0,1.262154610817554e-05,4.080203812742538e-06,-8.790812282100151e-07,9.371517417300982e-05,0.004143153780147195,-0.008110272442959494,1.173723708973731e-06,-9.484086450381591e-05,0.001312631454118407,3.431814790693245e-05,0.001324213073918884,0.00022790137097873956,1.9825079210761722,0.6647117035520992,0.006551575650791558,0.0004283301692549074
equilibrated_n128,0.0,74,0.578125,-1.175,-0.00013509438068479555,5.222307120106003,0.0037947710308974636,0.0037892754247839913,1.2505311330366214e-05,9.053004482986332e-06,1.8032668917587404e-10,1.9699736601054466e-09,0.006864962323016542,-0.0068658338651023075,-1.3485886631948145e-07,-1.301309132712997e-06,0.002622641875515344,0.0011586021944187082,-5.108248165229926e-07,0.0,8.528426065390453e-06,1.3791897555201357e-06,-9.97935578164452e-07,9.577102260556366e-05,0.004233792021435808,-0.008025815249276536,1.3739015283679633e-06,-9.707233173827665e-05,0.0011931112668217055,3.45091414125592e-05,0.0013950213982715188,0.00022419680857021943,1.710527549326502,0.6310681290627447,0.005763646202658714,0.0004529967533141645
equilibrated_n128,0.0,75,0.5859375,-1.1625,-0.0001649150092096332,5.545289831110113,0.003618902403913615,0.0036131288762018747,7.689023057418287e-06,4.296882979631733e-06,1.1479186278075311e-10,1.6478611696407821e-09,0.00690311937531776,-0.006903926747498192,-1.285829212514186e-07,-1.4534231312920587e-06,0.0025619665063288076,0.0010480561807104107,-5.953469084884313e-07,0.0,5.456532501136431e-06,-2.7095166304333693e-07,-9.766179406980572e-07,8.843628366053818e-05,0.004335696336487815,-0.00795171197654556,1.44338192793507e-06,-8.988970679183024e-05,0.0010827568969668802,3.4700814438110726e-05,0.001444508696742176,0.00022069438237499415,1.4991351722683834,0.5998615796790484,0.0050520326850591055,0.0004702635503102213
equilibrated_n128,0.0,76,0.59375,-1.15,-0.0002010554239481854,5.77629502847209,0.003441910645279435,0.003436237312932364,4.376870598593583e-06,1.4669661770883164e-06,6.592522968501546e-11,2.590571355045697e-09,0.006941403068865731,-0.006942150967784169,-1.2286792737820298e-07,-1.5821140760637637e-06,0.0024894887086658922,0.0009466633520521664,-6.908569813913927e-07,0.0,3.2511379348722536e-06,-1.0771184654686313e-06,-8.503440327545195e-07,7.425656366505894e-05,0.004448663222264967,-0.007887737201370867,1.4183330867677094e-06,-7.58386777411227e-05,0.0009815563479368,3.489313478517697e-05,0.0014730390870433718,0.00021738119147027616,1.3326955904570634,0.5713114029576134,0.004416299000577429,0.0004803198114298775
equilibrated_n128,0.0,77,0.6015625,-1.1375000000000002,-0.0002447542894978568,5.9130626870282255,0.0032638477310423216,0.0032585095297899,2.2773686548846103e-06,1.3073825673272007e-07,7.127119727723397e-11,1.9632482727378613e-09,0.0069798070018229335,-0.0069804997490669615,-1.1767197173956862e-07,-1.6875863618897424e-06,0.0024056182321606115,0.0008543563447996915,-7.978927135675018e-07,0.0,1.7575148860568373e-06,-1.2462086742764685e-06,-6.543295712775412e-07,5.577746894625288e-05,0.004572431254776265,-0.007833609885192376,1.3345503131054744e-06,-5.746505530814262e-05,0.0008894422187315519,3.508606921952461e-05,0.00148108974892187,0.0002142450916438251,1.2010645801566096,0.5456743936478009,0.0038555635634674418,0.00048336613556141604
equilibrated_n128,0.0,78,0.609375,-1.125,-0.0002975827703290354,5.954303994563859,0.0030847844207336963,0.0030798726654426792,1.099068014812341e-06,0.0,7.488805235655871e-11,3.0240448617143463e-09,0.007018324456958271,-0.007018966043203713,-1.129571696058368e-07,-1.7701723076640967e-06,0.0023108390038841854,0.0007710121373963996,-9.171057191492156e-07,0.0,8.209358741488936e-07,-9.851203119876101e-07,-4.2379027321080183e-07,3.5544605831244855e-05,0.004706664517199937,-0.0077889930602881245,1.2279388227541805e-06,-3.7314778138908955e-05,0.0008062914476400065,3.5279583158467485e-05,0.001469267700170851,0.00021127458640280458,1.0975419217971627,0.5232514832679933,0.0033684809856691887,0.00047962909769264203
equilibrated_n128,0.0,79,0.6171875,-1.1125,-0.00036130991300745624,5.899906553983447,0.002904846570164538,0.0029003111872996142,5.505507692442116e-07,2.0954018865914722e-07,1.0481810240894502e-10,2.1688955070234277e-09,0.007056948512557128,-0.0070575426360185945,-1.0868921035173966e-07,-1.8303329231787085e-06,0.0022057461965987804,0.0006964526366543451,-1.0485930710845993e-06,0.0,2.866734186072997e-07,-5.007514011228035e-07,-1.9394185549800575e-07,1.610358064716187e-05,0.004850915642539741,-0.007753494521271817,1.1338457162308653e-06,-1.793391357034058e-05,0.000731925898748278,3.547364096100421e-05,0.0014383462780224274,0.00020845880545904534,1.0177325306595821,0.5043941727632715,0.0029532091144672404,0.0004693781492618607
equilibrated_n128,0.0,80,0.625,-1.1,-0.0004381644430343963,5.759210539613172,0.0027258730458215737,0.0027215196508749017,3.404261480311285e-07,7.597737219977916e-07,1.4598863599020473e-10,3.2773962840762065e-09,0.007095671963755059,-0.007096222063615386,-1.0483692857450767e-07,-1.8686532966778057e-06,0.0020927215102261466,0.0006304247381870761,-1.1931856301597684e-06,0.0,3.8890852872842024e-14,3.579720722231861e-14,-3.508284192624135e-14,-2.7887039193131057e-13,0.0050029504534900215,-0.007726646801838259,1.0883487366681027e-06,-1.8686530178074138e-06,0.0006660924210014028,3.566820562584365e-05,0.001390960360787383,0.00020578739967271195,0.9577446486316071,0.4892081555687235,0.002605594165221034,0.00045350496073721415
equilibrated_n128,0.0,81,0.6328125,-1.0875000000000001,-0.0005306586637609704,5.592416673487069,0.002559416737684317,0.002554918026188988,2.2468137753038158e-07,1.1524388961533147e-06,1.8102445157380586e-10,2.2313126028395247e-09,0.007134487351949238,-0.007134996637351003,-1.0137188322179465e-07,-1.885831511017959e-06,0.001984058769196864,0.0005724200526029465,-1.3566172534879645e-06,0.0,-1.704768276338637e-07,3.4975156271106004e-07,1.305674964339386e-07,-1.0800202700048822e-05,0.005150599059580008,-0.0077077664415166605,1.1246778738322311e-06,8.914371189030863e-06,0.0006082825717757678,3.586323907352037e-05,0.001339912238446878,0.00020325053843086793,0.9079439000883246,0.47587557477255654,0.002309783192207729,0.00043636042596353143
equilibrated_n128,0.0,82,0.640625,-1.075,-0.000641934800588432,5.460145399786498,0.0024159599597653254,0.0024109629553074135,1.4874196625056074e-07,1.3469542743621404e-06,2.0999264741676627e-10,3.3641397418143864e-09,0.007173386938575362,-0.007173858413678243,-9.826792820454032e-08,-1.882659707018491e-06,0.0018911394695658404,0.000521574139850222,-1.5488041915058184e-06,0.0,-2.6281007196919585e-07,5.391830893949395e-07,2.0128514882335462e-07,-1.664978069086221e-05,0.00528251027908149,-0.00769597173661786,1.2492511144779235e-06,1.4767120983843718e-05,0.0005576318474750071,3.605870185609512e-05,0.0012974479260034284,0.00020083881177756585,0.8595826257053705,0.46224492196431255,0.002048343158846614,0.0004221196754656319
equilibrated_n128,0.0,83,0.6484375,-1.0625,-0.0007755371116418931,5.372804496266476,0.0022952899911819684,0.0022894567231285163,1.0540576560473296e-07,1.381110188678233e-06,2.332253680783212e-10,2.2774415408927667e-09,0.007212362793164758,-0.007212799278697024,-9.550074856900962e-08,-1.8599956757073763e-06,0.0018147082438685954,0.00047692185530950567,-1.7772431191314527e-06,0.0,-2.9171766720971506e-07,5.984901120844137e-07,2.2342535719936538e-07,-1.848116040612215e-05,0.005397946266963372,-0.007690319624118615,1.4583170133630778e-06,1.6621164730414773e-05,0.0005131750304221093,3.625455343059901e-05,0.0012652772816978913,0.00019854324456982124,0.8111661180440597,0.4478695300020661,0.0018137729008347646,0.0004113741712860197
equilibrated_n128,0.0,84,0.65625,-1.05,-0.0009358641072879293,5.331982555326873,0.002195621054049498,0.0021886227633112327,8.748642448329466e-08,1.2927179862277637e-06,2.5133390518936617e-10,3.347799785398274e-09,0.007251406623009871,-0.007251810774674662,-9.304733376018371e-08,-1.8187232994003071e-06,0.0017538255631113445,0.00043760624336366494,-2.0508805750025285e-06,0.0,-2.7191758644999916e-07,5.578681270150601e-07,2.0826055667593358e-07,-1.722676800064054e-05,0.005497852977484977,-0.007689974886165342,1.749572684566411e-06,1.5408044701240233e-05,0.0004740550758996674,3.645075188152099e-05,0.001243317815984637,0.00019635521815180578,0.7625645990188643,0.4326449081317914,0.0016010126394133675,0.0004041025822121706
equilibrated_n128,0.0,85,0.6640625,-1.0375,-0.0011278766297981692,5.338750430716248,0.0021153243197604863,0.002106834700678341,8.781178814393146e-08,1.1196059301895469e-06,2.652063704102761e-10,1.901932381579612e-09,0.007290510006907528,-0.0072908843309390575,-9.088535314438298e-08,-1.759700529407795e-06,0.0017075885654600997,0.00040288723590014777,-2.3803533060477967e-06,0.0,-2.1812780278462155e-07,4.4751263042245273e-07,1.670631823670209e-07,-1.3819029629229155e-05,0.005583139569250214,-0.0076942190794696275,2.122404770536393e-06,1.205932909982136e-05,0.00043953180534013936,3.664725418485625e-05,0.0012314068211902395,0.00019426649379081118,0.7138693692070044,0.4165249592723084,0.0014057840108505967,0.00040025312599640677
equilibrated_n128,0.0,86,0.671875,-1.0250000000000001,-0.0013576790838189055,5.393629781220534,0.002052903941396612,0.0020425863433703602,9.922280349151264e-08,8.996150761598832e-07,2.7597395133341127e-10,3.203945028706839e-09,0.0073296641645672735,-0.007330011030677866,-8.899239878050401e-08,-1.683694698173088e-06,0.0016751158504622143,0.0003721298729814463,-2.7794975747301434e-06,0.0,-1.4506628930815779e-07,2.9761911854216527e-07,1.1110566938658864e-07,-9.190371446699774e-06,0.005654693380394368,-0.007702438522777854,2.5793995065630507e-06,7.506676748526686e-06,0.0004089701152603134,3.684401594458779e-05,0.0012292979455915919,0.0001922691784879857,0.6653718355699343,0.3995334983806944,0.0012245227459702886,0.0003997419847987058
equilibrated_n128,0.0,87,0.6796875,-1.0125,-0.0016321492855995697,5.4965615779719315,0.0020069704847701497,0.0019944672172963994,1.145729410598357e-07,6.70595029434991e-07,2.849330281440468e-10,2.56469044582712e-09,0.007368860135204601,-0.007369181787121354,-8.734506924519177e-08,-1.5913071966946083e-06,0.0016555330496256543,0.0003447932174223723,-3.264822390531263e-06,0.0,-6.745101911518079e-08,1.3838308760976817e-07,5.1660452848597046e-08,-4.273219607864071e-06,0.005713394536598061,-0.007714113387631336,3.1258168684374743e-06,2.6819124111694624e-06,0.00038182888039137294,3.704099164653301e-05,0.0012366578489102166,0.00019035574958657916,0.6175174171705667,0.3817686354504643,0.001054315433438021,0.0004024522830321346
equilibrated_n128,0.0,88,0.6875,-1.0,-0.0019596713765671465,5.643244589379343,0.001975541577035171,0.0019604611044632364,1.267281326052935e-07,4.703995650802159e-07,2.9341021966004146e-10,3.3035853313154726e-09,0.007408088630982354,-0.007408387194762636,-8.591789025172085e-08,-1.4828931223978629e-06,0.0016472788658016852,0.00032042391109867634,-3.8560360011023695e-06,0.0,3.469973175649211e-14,3.38608413317188e-14,-3.21329902382456e-14,-2.675340108985061e-13,0.00576080976514597,-0.007728811105895173,3.7701181429836387e-06,-1.482892854863852e-06,0.00035765448894542137,3.723813441012334e-05,0.0012523786858827622,0.0001885191293249927,0.5711602935709849,0.3635277036392213,0.0008935482477897662,0.00040800037241437597
equilibrated_n128,0.0,89,0.6953125,-0.9875,-0.0023496696085700615,5.806968935543309,0.0019527111821804977,0.0019346442243292053,1.300606837539975e-07,3.288471375017271e-07,3.0256498474632275e-10,7.933733859438414e-10,0.007447340221433567,-0.007447617711777116,-8.468210971457763e-08,-1.3584863065672854e-06,0.0016447692809203778,0.00029867896842384614,-4.566436076260028e-06,0.0,4.567917272564749e-08,-9.371560564682856e-08,-3.498549627764523e-08,2.893905251143291e-06,0.005802525261340463,-0.007746202964595315,4.5167394628230955e-06,-4.252391557710576e-06,0.0003361036350389354,3.7435396231157236e-05,0.001271219520034217,0.0001867526548264984,0.5287892920805506,0.3458876215445713,0.0007454022901993956,0.0004145946704753561
equilibrated_n128,0.0,90,0.703125,-0.9750000000000001,-0.0028135070525209574,5.961286461125468,0.0019330494839797172,0.0019115368682986807,1.2493056057695148e-07,2.436114910477109e-07,3.131452740739817e-10,2.6622309107696237e-09,0.007486605123036535,-0.007486863447902628,-8.360446625625855e-08,-1.2177453444117442e-06,0.0016427812908713338,0.00027932761424205295,-5.4078241528768016e-06,0.0,7.041979028619716e-08,-1.4447363056658882e-07,-5.3934233638568706e-08,4.461294951678898e-06,0.005843753412374916,-0.007766046588514115,5.378153920259112e-06,-5.679040296090642e-06,0.00031694512704093843,3.763272775027839e-05,0.0012881882211287238,0.00018505031050258716,0.4920789087222484,0.3297941589052039,0.0006134825411169068,0.0004205351487672296
equilibrated_n128,0.0,91,0.7109375,-0.9625000000000001,-0.003363904434678408,6.102140950614468,0.0019155225949525018,0.0018900132209947894,1.1320580171860264e-07,2.0432349139562164e-07,3.252421360299996e-10,1.02939455831179e-08,0.007525873385921126,-0.007526114349911024,-8.264610652164839e-08,-1.059940091150457e-06,0.0016404245963434546,0.00026218454698363476,-6.4001229118473384e-06,0.0,7.816555638865197e-08,-1.6036489972957028e-07,-5.986668410239364e-08,4.952011669248439e-06,0.0058853706240212834,-0.007788138531994929,6.377343489428083e-06,-6.011951760398896e-06,0.00029999309606544203,3.7830078483652976e-05,0.001302579892392514,0.0001834066518040333,0.4606137371189258,0.3153562953799755,0.0004973786840001384,0.0004255852522245094
equilibrated_n128,0.0,92,0.71875,-0.95,-0.00401600682793171,6.229385420392749,0.001899842234358783,0.0018696721545334357,9.676981509907451e-08,2.0060425759541783e-07,3.3812121948352303e-10,4.180682911775607e-09,0.007565134740771646,-0.0075653600479399195,-8.176189817983877e-08,-8.839978146099493e-07,0.0016375457872349023,0.0002470627201748601,-7.568478566960865e-06,0.0,7.286014004028336e-08,-1.4948027196690387e-07,-5.580328755575294e-08,4.615898239027532e-06,0.005927516093396703,-0.007812273287842813,7.542519956336779e-06,-5.499896053637482e-06,0.00028505972172290116,3.8027396609643124e-05,0.0013144282738407555,0.00018181742947789148,0.4337394856700054,0.30252321987722425,0.0003959300564966516,0.00042975949902493513
equilibrated_n128,0.0,93,0.7265625,-0.9375,-0.004786649970033481,6.3431928892309895,0.0018857555719535978,0.0018501389641714372,7.752169655601427e-08,2.2206545536876798e-07,3.502350443533238e-10,2.580055284998774e-08,0.007604378758057493,-0.007604590015029316,-8.09004235884683e-08,-6.88620775639617e-07,0.001634035369314408,0.00023376210517214718,-8.940287885243306e-06,0.0,5.844721024836297e-08,-1.199106061097212e-07,-4.476448388527987e-08,3.7027974961918222e-06,0.005970284941532836,-0.007838232209595354,8.904151945540117e-06,-4.391418271831439e-06,0.00027194394032974215,3.822462918633285e-05,0.0013238240057695954,0.00018027907284187274,0.41084606283695474,0.29120545016145705,0.00030783963620885737,0.0004330911678719755
equilibrated_n128,0.0,94,0.734375,-0.925,-0.005695536933932876,6.443971996800045,0.0018730309876955177,0.0018310433439068787,5.737471291669422e-08,2.5815249770815265e-07,3.165421015302346e-10,1.9651329684034742e-08,0.00764359472701884,-0.0076437933669491216,-7.99651591754721e-08,-4.737256797905874e-07,0.0016298125873284994,0.0002220668148673866,-1.0547105393357567e-05,0.0,3.887043602016216e-08,-7.974676098915357e-08,-2.977071297760748e-08,2.462552275916938e-06,0.0060137432692543204,-0.007865780435055519,1.0496910947159702e-05,-2.9362779557075253e-06,0.0002604284653970577,3.842172195798504e-05,0.0013309023285451426,0.00017878927125427935,0.3913562397651546,0.28127680645699416,0.00023166846383720343,0.00043562811167182014
equilibrated_n128,0.0,95,0.7421875,-0.9125000000000001,-0.006764441032940053,6.532251982123428,0.001861675624220732,0.001812236441085174,3.8243846833337356e-08,2.9618528665349254e-07,4.309656520210724e-10,3.937255267684048e-08,0.007682772219840747,-0.007682958440516564,-7.832777467440759e-08,-2.3856580581228684e-07,0.0016249439925813023,0.00021184482550490647,-1.2424281143844574e-05,0.0,1.8073486362952664e-08,-3.7079595436331955e-08,-1.3842414719368797e-08,1.14500541337851e-06,0.006057810153773082,-0.007894766186426035,1.2359795783889534e-05,-1.3835712191907968e-06,0.00025037940174597883,3.8618619558246614e-05,0.0013358619279599023,0.00017735226212961977,0.37485820428815203,0.2726522656074478,0.00016641448251597068,0.00043743873749175734
equilibrated_n128,0.0,96,0.75,-0.8999999999999999,-0.008018823464135317,6.608748683920638,0.0018523623899592881,0.0017941904038301913,2.2088335658082955e-08,3.2293516102623555e-07,4.947289357753432e-10,1.7605606803721088e-08,0.007721900657942068,-0.007722073169628409,-7.521173533923483e-08,2.8234978782154228e-08,0.0016199247502219037,0.00020317913492449386,-1.461820823861626e-05,0.0,3.028400547966729e-14,3.1717612951110323e-14,-2.899719668397154e-14,-2.5624785048718173e-13,0.006101975907689881,-0.00792525230458462,1.4542996532274222e-05,2.8235235030004716e-08,0.00024187717943133114,3.881526533806465e-05,0.0013391150846212808,0.0001759967558727753,0.3612492790337541,0.2653806944824809,0.00011214799196670598,0.0004386614145467334
equilibrated_n128,0.0,97,0.7578125,-0.8875,-0.0094867205382324,6.6794997123008955,0.0018470337937666595,0.0017785746194779863,1.0522985797801056e-08,3.289848202843472e-07,5.037121473017327e-10,1.8265391433553524e-09,0.007760968755012676,-0.007761125637512953,-7.024116026717019e-08,3.3426497194028446e-07,0.0016163640262601968,0.00019627042645908513,-1.719440903078995e-05,0.0,-1.22396585313516e-08,2.5111061295083652e-08,9.37429835446635e-09,-7.754199013053731e-07,0.00614461696841101,-0.007957421175033333,1.7114793572168315e-05,1.1096848732456576e-06,0.00023511890945909504,3.9011601553305035e-05,0.0013420703966945022,0.0001747601337291277,0.35038237940154127,0.25946901021977403,6.864306006006799e-05,0.0004397712295131722
equilibrated_n128,0.0,98,0.765625,-0.875,-0.01120039939268498,6.7495302049565264,0.0018477458049747258,0.0017670988101540423,3.5888652103774737e-09,3.147145467874254e-07,4.595024308405414e-10,1.2174857531403509e-08,0.007799964873855271,-0.007800104182816223,-6.332982268431889e-08,6.828278139514549e-07,0.001615856535170981,0.00019140662068740358,-2.0239530125565157e-05,0.0,-1.8868887685569712e-08,3.8711632732625555e-08,1.4451597709943098e-08,-1.1954007042129816e-06,0.006184127207571975,-0.00799154951513636,2.0161748705170895e-05,1.8782285181644366e-06,0.0002303874990823609,3.920756921588391e-05,0.0013460347760518097,0.00017369243559963137,0.34232027757579,0.25502131145185053,3.629021844235559e-05,0.000441207163404357
equilibrated_n128,0.0,99,0.7734375,-0.8625,-0.01319488355837376,6.817298618979076,0.001855465181661364,0.0017603511870523422,9.374373960683188e-10,2.8338260340998926e-07,3.6835352999603624e-10,1.2632616632146659e-08,0.00783887684352937,-0.007838996978224756,-5.457009800773295e-08,1.074178656480696e-06,0.0016188790828364787,0.00018888694149997144,-2.384910994375889e-05,0.0,-2.0944360103044295e-08,4.296968512031887e-08,1.604119349574728e-08,-1.326887850908495e-06,0.006220018705052994,-0.008027926889409847,2.377849865225541e-05,2.401066507389191e-06,0.0002279753635357327,3.940310826444003e-05,0.0013511859248076282,0.0001728456325727634,0.3374448465605355,0.25230561651071576,1.666625640676803e-05,0.0004430250882397855
equilibrated_n128,0.0,100,0.78125,-0.8500000000000001,-0.015509226122034743,6.8802650524873785,0.0018709295513697599,0.0017586175664053912,2.2254336673739413e-09,2.386314513663505e-07,2.401944450831201e-10,1.9493301165221963e-08,0.007877692247952945,-0.007877792146016622,-4.414909428635155e-08,1.5067086392626734e-06,0.0016256884005761993,0.00018896472986885843,-2.8137097745516957e-05,0.0,-1.95227787081707e-08,4.005315754824359e-08,1.4952410138392606e-08,-1.236826527329728e-06,0.006252023370155454,-0.00806679692904303,2.8077996241092215e-05,2.7435351665924012e-06,0.000228126502698014,3.959815744050853e-05,0.0013575273558263242,0.00017226925068945814,0.3360912054094908,0.251548100944564,1.123166036175985e-05,0.0004452221703677346
equilibrated_n128,0.0,101,0.7890625,-0.8374999999999999,-0.018184650471125826,6.936024406257056,0.0018948036537384453,0.0017620350414025159,7.117649049133174e-09,1.8424971677967636e-07,8.703130335116453e-11,1.9992239597635244e-08,0.007916398386744773,-0.007916477601285006,-3.2288444868243076e-08,1.977966553536718e-06,0.0016364945581568342,0.0001918291057307328,-3.323643610091504e-05,0.0,-1.5660846425344223e-08,3.212998910647976e-08,1.1994572064392722e-08,-9.921619194144918e-07,0.006279919489434365,-0.008108338837004845,3.319215308398241e-05,2.9701284729512096e-06,0.00023101736719812724,3.979265444079552e-05,0.0013650801435445101,0.00017201057779865574,0.338467112411843,0.2528766745728583,2.1024059644253424e-05,0.00044780183007256955
equilibrated_n128,0.0,102,0.796875,-0.825,-0.02126504091737731,6.982437441819902,0.001927586274838705,0.0017704924192858068,1.5294875505031843e-08,1.2401657339258477e-07,7.91834289033772e-11,2.410895127513777e-08,0.007954982492380762,-0.007955041195252505,-1.920342077162675e-08,2.4854151828339575e-06,0.0016513995868282173,0.00019757010450959067,-3.930064431269646e-05,0.0,-1.041526617896044e-08,2.1368118885107754e-08,7.977003700261476e-09,-6.598392131006121e-07,0.006303593320818724,-0.00815263266788098,3.927346388822457e-05,3.1452543959345696e-06,0.00023672091052048304,3.998653582028113e-05,0.0013738564106780648,0.00017210988757399416,0.34460793526981437,0.25628878592082976,4.646905244483335e-05,0.0004507651137631233
equilibrated_n128,0.0,103,0.8046875,-0.8125,-0.02479450823867524,7.017538340734068,0.0019696045560242646,0.00178363876846919,2.6464068773033154e-08,6.160687143431891e-08,2.488545519317416e-10,2.1065802993498848e-08,0.007993431443596674,-0.007993470386321698,-5.076671192808913e-09,3.0268220982755643e-06,0.0016704016155724216,0.00020617601120420038,-4.6500232589434026e-05,0.0,-4.842740893414644e-09,9.935485974207619e-09,3.709029472512527e-09,-3.06803594325903e-07,0.006323034670765146,-0.008199656333011873,4.6491446888768706e-05,3.3336256926014673e-06,0.0002452027979287185,4.0179737124557136e-05,0.0013838661301191068,0.00017260486589608292,0.354373580785035,0.26165127983346337,8.735065745320444e-05,0.00045411257281983004
equilibrated_n128,0.0,104,0.8125,-0.8,-0.028816298356360195,7.039529350712481,0.0020208846931533395,0.0018007776344261864,4.0367891817341084e-08,5.362359862959745e-10,4.1691017592002214e-10,2.4102374230072618e-08,0.00803173206245591,-0.008031752514463841,9.957887765420887e-09,3.6001898470905427e-06,0.0016933103490488883,0.00021750036267697247,-5.5016806767830496e-05,0.0,2.650689773883463e-14,2.9463859454599235e-14,-2.619234038969597e-14,-2.4902818071149347e-13,0.006338421713380515,-0.008249252877170278,5.502676468178826e-05,3.6001900961187235e-06,0.00025628717478032867,4.037219282179225e-05,0.0013950656007283312,0.000173525779914554,0.3674195315926751,0.2686955415685268,0.0001426574479536408,0.00045782717626090995
equilibrated_n128,0.0,105,0.8203125,-0.7875000000000001,-0.03336966215986862,7.045409196401877,0.002080926222289618,0.0018207099751110802,5.689795819764037e-08,0.0,5.847431093094653e-10,1.8071344554634746e-08,0.008069871095157088,-0.008069874768379906,2.5824903592868985e-08,4.203130706287996e-06,0.0017195504144242502,0.00023126745986357252,-6.502572502179906e-05,0.0,3.2796407008518433e-09,-6.728450992100337e-09,-2.5118692425732677e-09,2.077728192710123e-07,0.006350317401092137,-0.008301135499792486,6.50540617946345e-05,3.995357887016984e-06,0.0002696614098014068,4.05638364135122e-05,0.0014071552817336538,0.00017490164233821337,0.38327171606700944,0.2770762328291853,0.00021081317707478714,0.0004618053240048207
equilibrated_n128,0.0,106,0.828125,-0.7749999999999999,-0.03848628969225072,7.03270060643538,0.0021488877895336294,0.0018419676239934475,7.641590454822652e-08,0.0,7.620289323028668e-10,1.9340356987916795e-08,0.008107835005272204,-0.008107823964979229,4.251415998830815e-08,4.831575312417248e-06,0.0017483949944194354,0.00024704906941378223,-7.66836548979315e-05,0.0,5.055936780404892e-09,-1.037271348481043e-08,-3.872327125620951e-09,3.203063367152325e-07,0.006359434954915988,-0.008354862661679527,7.673004138504542e-05,4.511268975702016e-06,0.00028485240045411175,4.0754600397391814e-05,0.0014198367242108693,0.0001767570825524569,0.40124670054921957,0.28634979150491535,0.00028927767851380124,0.0004659440115760419
equilibrated_n128,0.0,107,0.8359375,-0.7625,-0.044186646777769,7.000745830213819,0.002223878124810911,0.0018631363060716132,9.942095743631917e-08,0.0,9.684796203290023e-10,9.902621038614307e-09,0.008145610273684956,-0.008145586827902344,6.008591141099417e-08,5.4776713071196225e-06,0.0017792513928061764,0.00026428517001579876,-9.012107051574975e-05,0.0,5.612057440784552e-09,-1.1513655541653135e-08,-4.298257663707941e-09,3.555382118643072e-07,0.006366353268821338,-0.0084098604842626,9.018545468482445e-05,5.122133095255315e-06,0.0003012474384604673,4.09444163547824e-05,0.001433077390080813,0.00017911797481042014,0.4204203353504581,0.29598304451669827,0.0003744072406819908,0.00047022991013454527
equilibrated_n128,0.0,108,0.84375,-0.75,-0.05047368462532768,6.949435119901003,0.0023046863571400448,0.0018827148025687868,1.2641775523054492e-07,0.0,1.2352270451325363e-09,5.473879911353239e-09,0.008183183157080227,-0.008183149711135141,7.867584613572257e-08,6.126696817283776e-06,0.001811446281426149,0.0002822932454026649,-0.00010541020627799976,0.0,5.2311453772185905e-09,-1.073217469001094e-08,-4.006518679058817e-09,3.3140635327806925e-07,0.006371731644508701,-0.008465432224363117,0.00010549288864281455,5.795290464005707e-06,0.0003181060188410067,4.113321494630837e-05,0.001446886606130867,0.00018201124788208667,0.43971105612990224,0.3054161835166375,0.00046174950691517305,0.0004746634942261561
equilibrated_n128,0.0,109,0.8515625,-0.7375,-0.057329628619102624,6.8788446849211375,0.0023898218276841797,0.0018992354707102481,1.5787254664876368e-07,0.0,1.6047220438713213e-09,8.892261476360972e-09,0.008220539964049275,-0.008220498823014172,9.849923546845943e-08,6.752830608743894e-06,0.0018442475401442917,0.00030032666291319765,-0.00012254487604002062,0.0,4.196343284934748e-09,-8.609168457266258e-09,-3.213967993898125e-09,2.6584866951634965e-07,0.006376288227561699,-0.008520816876758913,0.00012264658924348296,6.486981939227544e-06,0.0003346221366550319,4.13209259743826e-05,0.0014612790252823285,0.0001854686929010018,0.4579852729910781,0.3141220158222275,0.0005464537946478628,0.0004792463126102266
equilibrated_n128,0.0,110,0.859375,-0.7250000000000001,-0.06470909705765698,6.789152978682791,0.0024776118936169493,0.0019114545861301838,1.9414565327791763e-07,0.0,2.1267327935304656e-09,2.7737775297439945e-08,0.008257666779491904,-0.0082576198800568,1.1985245101562344e-07,7.313763193108672e-06,0.001876940601316835,0.0003176424727323459,-0.0001414173369572453,0.0,2.790793859160746e-09,-5.7255343708015045e-09,-2.1374634304504184e-09,1.7680306913897909e-07,0.006380723387381209,-0.008575256627254776,0.00014153932687169138,7.1369601239696925e-06,0.0003499989629631233,4.150747841357919e-05,0.0014762831717573311,0.0001895306429078483,0.47416236892613656,0.3216486724400266,0.0006237106060214088,0.00048398351111760067
equilibrated_n128,0.0,111,0.8671875,-0.7124999999999999,-0.07253874545494447,6.680643914597497,0.002566438470244384,0.0019185777605759142,2.3539600645871675e-07,0.0,2.8464116974826164e-09,3.342131451100692e-08,0.008294549753360393,-0.00829449830846571,1.4310885284103975e-07,7.744501237755653e-06,0.0019089466059269327,0.0003336143189080623,-0.0001618210747014655,0.0,1.2976397951242962e-09,-2.6621699579990455e-09,-9.938628109402174e-10,8.220746070578654e-08,0.006385601849793665,-0.008628109965203815,0.0001619651774171175,7.662293777049866e-06,0.00036356882160737175,4.16928004463247e-05,0.001491946686126221,0.0001942476051116876,0.4873750851665664,0.3276746330008525,0.0006894662435180093,0.0004888853832154214
equilibrated_n128,0.0,112,0.875,-0.7,-0.08071647114962274,6.553592349483357,0.002655090901385628,0.0019205243876766788,2.814560240244452e-07,0.0,3.779188063097354e-09,7.338419405412462e-08,0.008331175059261819,-0.008331119104095468,1.6870554570891284e-07,7.951401576650689e-06,0.0019399916662828523,0.0003478719333636105,-0.00018347292285757086,0.0,2.3788053180837246e-14,2.725375859711606e-14,-2.395759211642815e-14,-2.4722339372918313e-13,0.006391183392955179,-0.008678991037486332,0.00018364162842723737,7.951401823874083e-06,0.00037493946600903146,4.187681952999099e-05,0.0015083660938592606,0.00019968857519328908,0.49714650512956376,0.332062696219927,0.0007412707021949283,0.0004939766181746069
equilibrated_n128,0.0,113,0.8828125,-0.6875,-0.0891161109948451,6.408751526541605,0.0027431819679136268,0.0019181253021939362,3.31651661284018e-07,0.0,4.868374266576086e-09,9.00523374973824e-08,0.008367528773192742,-0.008367466610290652,1.9711821880741126e-07,7.808474785105972e-06,0.0019702936523632885,0.000360421221421314,-0.00020606772123387033,0.0,-8.787465593230407e-10,1.8029178282527289e-09,6.730227550588176e-10,-5.567287222920169e-08,0.0063972359995760125,-0.008727889634629794,0.0002062641664299227,7.864147657335174e-06,0.00038411672990729226,4.205946240391062e-05,0.0015257535061341525,0.00020593935437950532,0.5035108598643045,0.3348900718347638,0.000778946873309601,0.0004993189123952453
equilibrated_n128,0.0,114,0.890625,-0.675,-0.09760118490422694,6.246795282846608,0.0028315672825263093,0.0019131819658701186,3.8455166088956133e-07,0.0,5.928011360695731e-09,1.5333890729043455e-07,0.008403597176306097,-0.008403524731472545,2.2882345862428515e-07,7.159121334736327e-06,0.0020006515565942126,0.00037179408774687357,-0.00022936854326216665,0.0,-1.3547040142674049e-09,2.7793946939193797e-09,1.037556743235367e-09,-8.582613645415383e-08,0.006402946974415898,-0.008775321598614112,0.0002295963291640477,7.2449474711904806e-06,0.0003916481013398124,4.2240655195082754e-05,0.001544376158457173,0.0002131116028781384,0.5071926281626461,0.33651480154925045,0.0008055124495817011,0.000504989485175464
equilibrated_n128,0.0,115,0.8984375,-0.6625000000000001,-0.10603348938997627,6.0681191799242775,0.0029226007918267743,0.0019084050132181756,4.3790185328003134e-07,0.0,6.588791988845496e-09,2.4961701455409444e-08,0.00843936646694829,-0.00843927658903358,2.6425087264886635e-07,5.827200216942532e-06,0.002032452238653043,0.0003831389603917081,-0.0002532858454643717,0.0,-1.5037164365411144e-09,3.0851088703582797e-09,1.1516848708497865e-09,-9.526648818123671e-08,0.006406915732011683,-0.008822418634534158,0.0002535489446521497,5.922466705123769e-06,0.0003987025017786678,4.242032339463728e-05,0.001564472631472061,0.00022134214090725358,0.509695719513503,0.3376148669731618,0.0008277423791999458,0.0005110523557123118
equilibrated_n128,0.0,116,0.90625,-0.6499999999999999,-0.11430421213379599,5.873033786455793,0.0030208589245832944,0.001907468834612259,4.885461897380809e-07,0.0,5.027688835135963e-09,4.875237099793449e-08,0.008474823073829272,-0.008474704848531125,3.0372222809824577e-07,3.6426220091146605e-06,0.002067903789383408,0.000396376841452825,-0.0002780448737786625,0.0,-1.4016516859053688e-09,2.8757113771691598e-09,1.0735140018143286e-09,-8.880037569343677e-08,0.00640692068609755,-0.008871084565695327,0.00027834752249275893,3.7314223848080972e-06,0.0004071935332216857,4.2598392003971284e-05,0.0015863301639226404,0.00023080494192371208,0.513378037538903,0.33922656785331207,0.0008568310354074738,0.0005175829773173968
equilibrated_n128,0.0,117,0.9140625,-0.6375,-0.12233089746041238,5.610967770357989,0.0031163086128184496,0.0019045480678224452,5.325300126561946e-07,0.0,1.735506136371634e-09,6.632914444549365e-08,0.008509952852081138,-0.008509792276372982,3.4682277359980137e-07,5.873323600960612e-07,0.0020969722250182427,0.000413615508534749,-0.0003025941746264014,0.0,-1.1243776221213751e-09,2.306853233951759e-09,8.611510000412532e-10,-7.123424727374084e-08,0.006412981751440517,-0.008923410091760965,0.00030294013624900115,6.58566607369802e-07,0.00041937367706518854,4.2774785478779866e-05,0.0015978071455259335,0.00024169035472992645,0.5249365397313299,0.34423500654251193,0.000918434916865198,0.0005204160493147086
equilibrated_n128,0.0,118,0.921875,-0.625,-0.13007425417168386,5.100451826486181,0.003150209582941762,0.0018654315657906045,5.659191088227635e-07,0.0,3.0466137015522987e-09,5.530724507441613e-09,0.008544740129611733,-0.008544522821645863,3.917930283982425e-07,-3.1926264704621643e-06,0.002072174628232587,0.00043586246767611124,-0.00032080328396212046,0.0,-7.477621049503343e-10,1.5341854603058162e-09,5.72702729442815e-10,-4.737455120513556e-08,0.006472566249141251,-0.008980386823507434,0.0003211945042877893,-3.1452519192570287e-06,0.0004370836476962501,4.294942791733851e-05,0.0015504133047217988,0.00025414729085973726,0.5638285563792669,0.3605437143856098,0.0010720885814557016,0.0005029176333998593
equilibrated_n128,0.0,119,0.9296875,-0.6125,-0.13753343040631152,4.297666189294402,0.003092234180847426,0.0017760802323280455,5.849785957189039e-07,0.0,8.492344299953185e-09,1.333184800670581e-07,0.00857916888414917,-0.008578880440750187,4.367944303640913e-07,-7.467776749015871e-06,0.0019710551927178024,0.0004633900915828351,-0.000328601958975535,0.0,-3.4767299415344977e-10,7.133590758310661e-10,2.6627605393127054e-10,-2.2027735770607506e-08,0.006608114039104362,-0.009042271245692098,0.0003290384871298451,-7.445749013245264e-06,0.0004613185798969276,4.312224297023184e-05,0.0014214206151945043,0.0002683107172865914,0.6490951024145681,0.39360683411416214,0.0013464908641870614,0.0004569245498624995
equilibrated_n128,0.0,120,0.9375,-0.6000000000000001,-0.14473998938754476,3.3174038039121023,0.002959988576396391,0.001650577937327922,5.868382777158804e-07,0.0,1.4321802291880894e-08,7.249889899665667e-07,0.008613222418933048,-0.008612849491017885,4.798830508018781e-07,-1.1864384449101142e-05,0.0018097436984002414,0.0004959124863301284,-0.00032687277669415286,0.0,2.1850508076576268e-14,2.510012724243056e-14,-2.216258112549612e-14,-2.4925314331423745e-13,0.006803478720510956,-0.009108761977373113,0.0003273526597671173,-1.1864384199847999e-05,0.0004918940781727083,4.329315407236871e-05,0.0012272449039253755,0.000284255297781815,0.8016233379325871,0.4449450232213755,0.0017241195651108742,0.0003871351662939817
equilibrated_n128,0.0,121,0.9453125,-0.5874999999999999,-0.15174863369284902,2.3461814143113906,0.002805466878922683,0.0015199196783695526,5.704368927804564e-07,0.0,1.939015605269609e-08,2.998066008005506e-07,0.008646882610764857,-0.00864641540281029,5.187658447231819e-07,-1.5847600339736472e-05,0.0016302956522958253,0.0005328650818759003,-0.00032086785392908783,0.0,2.3548733516252424e-10,-4.830583758099551e-10,-1.803644715841445e-10,1.4917182213185976e-08,0.007016586722981696,-0.009179280001627814,0.00032138680013828256,-1.586251752194966e-05,0.0005276359077627786,4.346208431657394e-05,0.0010105064017867772,0.00030198793091878106,1.0442999803461173,0.5108349999442393,0.0021553090447898942,0.0003067526262037718
equilibrated_n128,0.0,122,0.953125,-0.575,-0.15858344462847798,1.549532437921279,0.0026886204980905663,0.0014161178705136522,5.375971237053351e-07,0.0,2.227377655535158e-08,1.7127391930428759e-06,0.008680129706524754,-0.008679565730555144,5.506993483441243e-07,-1.8752685798518278e-05,0.0014796746494902364,0.0005732588924670284,-0.00031757467950479823,0.0,3.6301942949608157e-10,-7.44704975400928e-10,-2.780410861756536e-10,2.2996721089970372e-08,0.007200454694015088,-0.009252823878317197,0.00031812565689422857,-1.877568251960825e-05,0.0005665257625951385,4.362895673076599e-05,0.0008191578435616756,0.00032129728234780297,1.3831907172661626,0.5803944716824286,0.0025799967320091557,0.00023104526739958764
equilibrated_n128,0.0,123,0.9609375,-0.5625,-0.16529058635798813,1.0092592045425535,0.0026572630410571034,0.0013613856173613687,4.952543340571884e-07,0.0,7.488328238344931e-08,1.901104681550118e-06,0.008712942565853494,-0.008712289442572482,5.740920230907063e-07,-2.1506583497943766e-05,0.0013923275661584748,0.0006176503100061553,-0.0003233949552792081,0.0,4.0294686908443214e-10,-8.26621250670141e-10,-3.08621634855558e-10,2.5526251987716316e-08,0.0073206145967481505,-0.009329938925957387,0.0003239693559239336,-2.1532109749931484e-05,0.0006079898623364737,4.379369411363406e-05,0.0006870898679250519,0.0003419617868972167,1.7697535379834577,0.6389570457131509,0.0029608493060937903,0.00017229896674208573
equilibrated_n128,0.0,124,0.96875,-0.55,-0.1719564038400002,0.7139067176518658,0.0027383772783030197,0.0013648222068895612,4.2192166185129273e-07,0.0,4.104269196834339e-08,1.813117137500357e-06,0.008745329649277895,-0.008744544421271852,6.034846158829423e-07,-3.167809055569193e-05,0.001382260270387397,0.0006701250951302999,-0.0003427849955617355,0.0,3.7559838950325523e-10,-7.705137536420477e-10,-2.8767574612375873e-10,2.37936595169299e-08,0.007363069003292109,-0.009414668745888399,0.0003433887678533646,-3.170188421520886e-05,0.0006551372393614176,4.39562193582241e-05,0.0006242227365406486,0.0003642104497938275,2.0990495892286547,0.6773204264056655,0.003306600699627857,0.00013723988678547488
equilibrated_n128,0.0,125,0.9765625,-0.5375000000000001,-0.17871648836721712,0.5913209429224786,0.002937915808541674,0.0014237815468673436,2.712485838824855e-07,0.0,9.106343663258431e-09,4.2071555051658414e-07,0.008777319452554114,-0.008776268652689946,6.609518441324543e-07,-4.9523476334939754e-05,0.001444310915638778,0.0007375888787162092,-0.0003778723828014017,0.0,3.013027263282294e-10,-6.180890363411019e-10,-2.3077304848015694e-10,1.9086828288117194e-08,0.00733300823561261,-0.00951385691331712,0.00037853356541858263,-4.954256316322787e-05,0.0007141733086589943,4.411645524800417e-05,0.0006184891264265606,0.00038866397704205314,2.3094126578595406,0.6978315781729139,0.0036665507255274053,0.00012474976118825865
equilibrated_n128,0.0,126,0.984375,-0.5249999999999999,-0.1858188425225975,0.5562084907797605,0.0032673762946021073,0.0015372531201679352,0.0,0.0,6.555473558089654e-08,3.1553602975362377e-07,0.008808932556412455,-0.008807409727891609,7.607214943061543e-07,-7.3384621515989e-05,0.0015706527709580798,0.0008331849756128237,-0.00043176991863106643,0.0,2.0038861513503075e-10,-4.110536507917524e-10,-1.5348317042465155e-10,1.2693642911784183e-08,0.00723827958506576,-0.009640594292450781,0.000432530793608543,-7.339731515890078e-05,0.0007972283139246157,4.4274324827892994e-05,0.0006489191456894699,0.0004169872800040563,2.4570959855948424,0.7107398798972209,0.004134450737858225,0.00012698945500341904
equilibrated_n128,0.0,127,0.9921875,-0.5125,-0.19353855145600896,0.5486439670008549,0.0037622434271679093,0.0017137802316318693,0.0,0.0,4.708782857880921e-09,1.0214478127898636e-07,0.008840187989249008,-0.008837916043191901,9.13350861209736e-07,-0.00010190805687691884,0.0017641612077289883,0.0009761226656573663,-0.0005112023766470598,0.0,9.318479149934213e-11,-1.9111414901846167e-10,-7.1375740457147e-11,5.901987998437209e-09,0.007076026688335228,-0.009814038517735118,0.00051211579888401,-0.00010191395886491727,0.000921615049339348,4.4429751159122754e-05,0.0006991790397533764,0.0004514782316993267,2.636277682650304,0.7249934995967774,0.004830511256282712,0.00013588257071352243
equilibrated_n128,0.0,128,1.0,-0.5,-0.20214036673420838,0.546667090371635,0.0044742092286115765,0.0019656870731583906,0.0,0.0,1.1590163513327569e-07,1.3160253683877686e-06,0.008871128282563305,-0.008867708709842211,1.1363819706988812e-06,-0.00014184174898456808,0.002038942499023996,0.0011844252245391744,-0.0006259941568722106,0.0,1.99909968404812e-14,2.2916954320121855e-14,-2.0387077542907288e-14,-2.518414177371651e-13,0.006832185783519318,-0.010052133934404302,0.0006271305388632966,-0.00014184174873272667,0.0011024691938340597,4.4582657738505494e-05,0.00076535195900781,0.0004948394931089601,2.8809469443660487,0.7423309273908795,0.005849463203996548,0.0001484709064043746
equilibrated_n128,0.5,0,0.0,-2.1,3.4806602869821435e-25,0.2500000000000001,21.829534221654864,21.83254067902799,0.004040390859005778,0.007046848232127489,1.0738546462017717e-06,1.0865920723891753e-05,0.0014439174778941451,-0.006987537023460779,-0.0007516143432804278,0.011782443575186558,10.918654272407187,10.906839558388675,7.596712962062493e-24,0.0,0.0,0.0,0.0,0.0,-10.917210354929292,-10.913827095412136,-0.0007516143432804278,0.011782443575186558,10.906862702062128,2.314367345161252e-05,0.011768426671606366,0.009414741337285093,1853.5804328673892,0.9994607944836053,65.42940778570116,0.001412211200592764
equilibrated_n128,0.5,1,0.007812499999999999,-2.0873569891850097,0.0012942714014199453,0.2528488815973523,19.71299172115353,19.81809182021574,0.0036428797241476727,0.0064413518312913375,9.203618716643186e-07,5.745032932213956e-06,0.001765460971556042,-0.006811665709526857,-0.0007003553187085794,0.01047970581043348,9.885873774010866,9.874625880896051,0.02557540673876725,0.0,-2.1946215748682764e-06,-1.8943386764424904e-06,-7.372919226633921e-07,6.992079267645192e-06,-9.884106118417735,-9.881435652266902,-0.026275024765553167,0.010472713731165834,9.87461604167332,2.326229479106982e-05,0.011201368525238254,0.008940717982648297,1763.108859319185,0.9994331415577234,59.23649488151469,0.0013550195136231968
equilibrated_n128,0.5,2,0.015625,-2.0747228493320025,0.0025688647956014074,0.2608827218911802,17.937632580992222,18.125449683741316,0.003260588302314857,0.005843321952912145,7.78424097640576e-07,8.507333564963457e-06,0.0020655480166579636,-0.006647030013379745,-0.0006509946216797573,0.009295078156613675,9.01886825023689,9.008120927002263,0.0463085922746248,0.0,-1.5852042353796407e-05,-1.3674826754483372e-05,-5.31120903043532e-06,5.035272438709984e-05,-9.016786850177878,-9.014754282188889,-0.04695427568727412,0.009244725432226574,9.008025348128681,2.338163884907423e-05,0.010700559956931172,0.00848656244641179,1683.65494598137,0.9994064066339606,54.037451528815154,0.0013233027494514698
equilibrated_n128,0.5,3,0.0234375,-2.0620973618467398,0.003819930649686184,0.2734736139012637,16.284093930404893,16.53712841521481,0.0028845108759259818,0.005235099936718948,6.485662208659954e-07,4.429702818916151e-06,0.0023447354629428673,-0.006493851636625482,-0.0006036825179566944,0.008222307295920012,8.20842438967561,8.19812697772792,0.06267097393728048,0.0,-4.7957582081087874e-05,-4.1353185279061294e-05,-1.6035252758452828e-05,0.00015193932197452706,-8.206031696630586,-8.204579476179266,-0.06325862120247873,0.008070367973945485,8.197911080674555,2.3501720826526758e-05,0.010250408506040198,0.008049172275064463,1599.5286579737422,0.9993752064388114,49.17721607554129,0.001309921785175627
equilibrated_n128,0.5,4,0.03125,-2.0494802623387733,0.005044225053810936,0.2904554546744319,14.749548035336842,15.052221297900696,0.002510624640935686,0.004609705130743772,5.310536337881783e-07,6.352659944343364e-06,0.0026037314283781643,-0.0063522056370464075,-0.0005585355213565197,0.007254707970535106,7.453608138193809,7.443716363539119,0.07514354551851145,0.0,-0.00010112941266590416,-8.717991016260982e-05,-3.376539890449822e-05,0.0003196934542407533,-7.450903277352765,-7.449981389266003,-0.07566831564096348,0.0069350145162943525,7.443360945140426,2.3622556241415062e-05,0.009844529542204853,0.0076287248091709775,1512.1821542064986,0.9993391410299017,44.650321141300346,0.0013109588605291515
equilibrated_n128,0.5,5,0.0390625,-2.0368712549499466,0.00623826684029458,0.3120504471867674,13.330420767694893,13.669020843919274,0.002139124861444205,0.003969073339253997,4.259063637887875e-07,3.277205782051436e-06,0.0028433672417513514,-0.006222035422029818,-0.000515637905823572,0.006385328612795169,6.753097075093479,6.743569631613255,0.08419253193664245,0.0,-0.00017431434747575833,-0.0001502547324536072,-5.815078637112385e-05,0.0005500311033277598,-6.750079393504253,-6.749641412302831,-0.08465001905609489,0.005835297509467409,6.743068160294035,2.3744160961935297e-05,0.009479955158298496,0.00722529776093971,1422.5949485407293,0.9992975530005743,40.44892900660591,0.0013243600643033024
equilibrated_n128,0.5,6,0.046875,-2.024269995125551,0.007399176454637377,0.3382773315158376,12.022525058657422,12.385172160599339,0.001773524578308859,0.0033220853561594147,3.3292428109829575e-07,4.529591208199228e-06,0.0030645710986001457,-0.006103168411184502,-0.00047504357407972654,0.005607095695799966,6.10525043386159,6.096050370799557,0.0902746352910169,0.0,-0.00026358054950687904,-0.00022721179584334034,-8.79033796170876e-05,0.000830439488517721,-6.101922282213483,-6.101926327414898,-0.09066177548547953,0.004776656207282245,6.095406279394849,2.386655118814811e-05,0.009152329959658532,0.006838888879102426,1331.9900629155782,0.9992498068606658,36.56328534640943,0.0013473706605427998
equilibrated_n128,0.5,7,0.0546875,-2.0116761165806416,0.008524563376272672,0.36813430848770595,10.821128165674853,11.197695477088242,0.001419675534798731,0.0026824826308606596,2.5171523818263986e-07,2.3142112835234513e-06,0.00326834245342501,-0.0059953326416963045,-0.00043677845491892086,0.004912941510165062,5.5081298719444725,5.499230870354246,0.09382612607933166,0.0,-0.0003629650260926437,-0.00031294607934895566,-0.00012107668090343874,0.001142174170220104,-5.504498564464955,-5.504913256916593,-0.09414182785334714,0.003770767339944958,5.498455033339514,2.3989743380331105e-05,0.008851022103465124,0.006469410238859351,1242.4452157196401,0.999195782823917,32.98187917793362,0.0013741284343904716
equilibrated_n128,0.5,8,0.0625,-1.9990892057597325,0.009611482328609205,0.39904518769215763,9.721115330132937,10.103081378882509,0.0010847566342132484,0.002066749512748493,1.8172431975015113e-07,3.0734077441198562e-06,0.0034557291632859176,-0.005898172683883597,-0.00040084300670403827,0.004295908851353841,4.959564186730207,4.950958414704037,0.0952460139677587,0.0,-0.0004653388194159519,-0.0004013516277008563,-0.00015534478707022708,0.0014629626551182781,-4.9556431187475045,-4.956455235760219,-0.0954915121873925,0.0028329461962355628,4.9500670730782215,2.4113754305205744e-05,0.00855754451756068,0.0061167034437801596,1156.8895874091772,0.9991363597955505,29.691844893951767,0.0013951629495813419
equilibrated_n128,0.5,9,0.0703125,-1.9865088331228158,0.010659424732700363,0.4270333703299518,8.717020718872035,9.097428547553715,0.0007762770771688222,0.0014920434003378759,1.2226714337813457e-07,1.5440595427431564e-06,0.0036278061366837454,-0.005811265843015901,-0.0003672150806312927,0.0037492399044269653,4.457193988013135,4.448896484960987,0.09492301558962787,0.0,-0.0005632553881430904,-0.00048604407943571634,-0.00018827349983902928,0.001769625709404181,-4.453002926488308,-4.454221706724567,-0.09510195717042014,0.0019796141950227846,4.447908898821845,2.423860093563897e-05,0.00824902585027158,0.005780541662010525,1078.4082822762418,0.9990735664934021,26.6792043670808,0.0013994284982175274
equilibrated_n128,0.5,10,0.078125,-1.973934536475476,0.01166518518291386,0.4478365924918239,7.803233421608669,8.176432920364503,0.0005011303546607301,0.0009742351741691519,7.897593613456766e-08,1.9643535054793618e-06,0.0037856570047079255,-0.005734136992768802,-0.000335852736245339,0.0032664444216203023,3.998525162225697,3.990570325996474,0.0931815984840812,0.0,-0.0006497529683634841,-0.000561044255282452,-0.00021757653136823354,0.002040541155769045,-3.9940897522526257,-3.9957434187339604,-0.0932998746889583,0.0012259032658512572,3.9895077096949123,2.4364300394061706e-05,0.007906107628434,0.00546063531577625,1009.2217048366018,0.9990101182787774,23.92914015054104,0.001378175005819485
equilibrated_n128,0.5,11,0.0859375,-1.9613658235520717,0.012629503346764069,0.4587718033777966,6.973995419931134,7.335626015129444,0.00026473554452143477,0.0005261234065782575,5.120657085421615e-08,9.538265834476735e-07,0.003930358094067303,-0.005666272698472709,-0.0003066971362116756,0.0028413525023216614,3.5809933191570975,3.573421968897641,0.09034230183406343,0.0,-0.0007190839242503848,-0.0006214012046051756,-0.00024135017069746992,0.0022578789572282607,-3.57634387713878,-3.5784668403915085,-0.09040764879957763,0.0005834735450934007,3.5723054813644217,2.4490870149447743e-05,0.00752236851915634,0.005156645132390304,949.782099153278,0.9989482343000667,21.42631051966737,0.001329148704525038
equilibrated_n128,0.5,12,0.09375,-1.9488022052203031,0.013551365590079464,0.460804642933347,6.223569515721373,6.570335057138742,7.029577961077996e-05,0.0001558747925639837,2.8211670358331553e-08,1.1554531817868814e-06,0.0040629643550094095,-0.005607133993017648,-0.0002796754534149684,0.0024681532407059815,3.2019999503914107,3.1948392507525587,0.0866699906011039,0.0,-0.0007673480822099964,-0.0006637362697108605,-0.00025828070017666746,0.0024095460340587734,-3.1971696379541914,-3.1997826484758654,-0.0866913853543422,5.860720664720804e-05,3.193689372351679,2.461832744627196e-05,0.00711146298395901,0.004868182079212825,898.1806920898084,0.9988878764759996,19.15502477112611,0.0012596427803237315
equilibrated_n128,0.5,13,0.1015625,-1.9362431462280587,0.014429288637961443,0.4587867870419541,5.546278348779823,5.875788089983586,0.0,0.0,2.6717981100547045e-08,5.209158314180284e-07,0.00418449906861886,-0.005556167792175135,-0.0002547034777834786,0.002141417527507536,2.8589468010984564,2.8521944529966916,0.08239055153458254,0.0,-0.0007930107577275305,-0.000686692679272689,-0.0002678197114251009,0.0024907881470653684,-2.85396929127211,-2.857063928109594,-0.08237743530094091,-0.00034937061955783244,2.851030362637593,2.47466900348656e-05,0.006702854721693823,0.004594814527546891,850.6913788270597,0.998825865771499,17.099479321103864,0.0011843680474677362
equilibrated_n128,0.5,14,0.109375,-1.923688116785266,0.015266480416363155,0.4559107312266663,4.936515196858933,5.2472451500703325,0.0,0.0,4.6175481339385746e-08,5.90666077842153e-07,0.004295944203351907,-0.005512816878340702,-0.00023168829428252749,0.0018561127630503408,2.549257286281382,2.54289457856148,0.07772112261535101,0.0,-0.0007972877700967139,-0.0006912762831210599,-0.0002703226067834701,0.0025053984632070338,-2.5441640543079336,-2.5477161191566995,-0.07768248830285006,-0.0006492857001566929,2.541732926540533,2.4875975398262822e-05,0.006312955769105122,0.004336087119700113,805.243381865427,0.9987596797412635,15.244084603474091,0.0011115637852807023
equilibrated_n128,0.5,15,0.1171875,-1.9111365975533041,0.016062478217377198,0.5632408612117333,4.389257677741822,4.680341405039522,0.0,0.0,6.027019053755564e-08,2.184382207172722e-07,0.004398233971876717,-0.005476528621221981,-0.00021053064447335018,0.0016076061893914406,2.2708163705335624,2.264370337484879,0.07282754796838864,0.0,-0.0007843844247953071,-0.0006810768523199364,-0.00026714678843700016,0.002466494480911397,-2.2656337521368903,-2.2691657892537815,-0.07277093182442498,-0.0008588882915199565,2.263225552782951,2.5006200938094425e-05,0.0063960206468062185,0.00409151321815398,707.6980134243523,0.9985889617565482,13.5729572960509,0.0012595643986917098
equilibrated_n128,0.5,16,0.125,-1.8985880661378485,0.01681624967336577,0.7182734045777687,3.8989412685347826,4.169996340975876,0.0,0.0,6.981700847617442e-08,2.1531147852398708e-07,0.004492250071678327,-0.0054467619001535685,-0.00019112704267706804,0.0013916601493087202,2.0208110199326477,2.0141272050407597,0.06783334626993479,0.0,-0.000761574100643151,-0.0006623579459102851,-0.00026070520233850285,0.0023968181805546643,-2.015557195760326,-2.018911608995003,-0.06776376811027335,-0.0010051580312459441,2.013011639937546,2.5137383842107357e-05,0.006633540124204248,0.0038605847628970943,606.9192624892805,0.9983550447210618,12.071436299501073,0.0014622529008171817
equilibrated_n128,0.5,17,0.1328125,-1.8860420227171697,0.01753279944660415,0.7861275895769244,3.4600804530445535,3.711184689160505,0.0,0.0,7.55741849571643e-08,1.912722346762881e-08,0.004578818450805468,-0.005422992961464106,-0.00017337172527685495,0.0012044219157766871,1.7963616884188838,1.7898046857695487,0.0628562138799636,0.0,-0.0007363622394644373,-0.0006416153570971066,-0.0002535265762525904,0.00231987822624369,-1.7910465077286137,-1.7945860633739157,-0.06277605902898786,-0.001115456310467003,1.7887279099186846,2.5269541066204483e-05,0.006506463567202754,0.003642776476424018,549.8310691956094,0.9981845613729445,10.725860995944906,0.00148899359300974
equilibrated_n128,0.5,18,0.140625,-1.8734979670589265,0.01821644008616339,0.8294942269663698,3.0682354637514937,3.2998532575623054,0.0,0.0,7.823556508320881e-08,1.8852042015351025e-08,0.004658707885643647,-0.005404719880571509,-0.00015715828263214492,0.0010424078419937065,1.5954841151279382,1.5891443469490238,0.05799334913914265,0.0,-0.0007100995755589702,-0.0006200138394313831,-0.0002460589690719519,0.00223984884532958,-1.5901153076667356,-1.593929052990164,-0.05790444845270284,-0.0011974410033358733,1.5881133172683233,2.5402689288518277e-05,0.006288962800337359,0.0034375417575192844,505.0477694614864,0.9980239019706298,9.522390940809602,0.001470001792550519
equilibrated_n128,0.5,19,0.1484375,-1.860955360503935,0.018866533474298647,0.874302063417307,2.7190661704318777,2.931880983195119,0.0,0.0,7.84245279539502e-08,1.0214089095404808e-07,0.0047326298188048775,-0.005391465954948948,-0.0001423810546258624,0.0009024841123801061,1.4161135927563386,1.4099816822454443,0.05329964930585813,0.0,-0.0006828947990891977,-0.0005976395253396201,-0.0002383271696735547,0.0021569979751243033,-1.4106980681384447,-1.4147755086750538,-0.053203703190810435,-0.0012545138627441971,1.4090016394732272,2.5536845580044912e-05,0.006080836819734036,0.0032443206132138575,463.42359817998016,0.9978467933069748,8.447929000019629,0.0014499627255834238
equilibrated_n128,0.5,20,0.15625,-1.8484135994924773,0.01948389227141727,0.921515231036398,2.408422303676241,2.6032882468345755,0.0,0.0,7.669331126278819e-08,1.517806845130129e-07,0.00480123901903861,-0.005382782108772066,-0.00012893632924685915,0.0007818454515280534,1.256219629067025,1.2502835375465353,0.04881790532257689,0.0,-0.0006548562149252047,-0.0005745782329601854,-0.0002303558622401746,0.002071592431201239,-1.2507635338330612,-1.255091741422347,-0.048716485789583576,-0.0012897469796731855,1.249358046765729,2.5672027414858257e-05,0.005884747465660158,0.003062555721968507,424.60889071493045,0.9976504250220897,7.490263533128714,0.001430308059480959
equilibrated_n128,0.5,21,0.1640625,-1.8358720736136696,0.020075560057789214,0.9722264823278516,2.132451786056571,2.3103967724727386,0.0,0.0,7.352204864981716e-08,1.66967147460762e-07,0.004865134643736424,-0.005378248474963884,-0.00011672341036281795,0.0006779930233542989,1.1139214478436577,1.10816672509646,0.044591692863792984,0.0,-0.0006260919069391405,-0.0005509155997507246,-0.00022216967011385506,0.00198389837854324,-1.108430221292982,-1.112994057971673,-0.04448624660404195,-0.0013059053551889412,1.1072973301406308,2.5808252336254005e-05,0.005703106242525415,0.002891709595032891,388.3137655350092,0.9974313777509877,6.638080874601259,0.0014122968200119637
equilibrated_n128,0.5,22,0.171875,-1.8233302417507513,0.02065242727836923,1.0276659985205239,1.8876016716091228,2.049788464001693,0.0,0.0,6.932200102447925e-08,2.1501407208770335e-07,0.004924862016520015,-0.005377475089916358,-0.00010564545863878629,0.0005887111612182268,0.9874779361449488,0.9818879658273234,0.040654845858224944,0.0,-0.0005967099691502363,-0.0005267372711105528,-0.00021379321872120452,0.001894182006673958,-0.9819563641592786,-0.9867387036461293,-0.04054669809814253,-0.001305470845455731,0.9810742901165456,2.5945536822547392e-05,0.005538079243980458,0.0027312581302942835,354.30128277160765,0.9971854872231272,5.880907661455293,0.0013970277248221594
equilibrated_n128,0.5,23,0.1796875,-1.8107876517193722,0.021224941024606668,1.0894294265238036,1.6706163053341176,1.8182707310535406,0.0,0.0,6.44387720067155e-08,1.9292159472012165e-07,0.004980915336312958,-0.005380101932420311,-9.561006630200844e-05,0.0005120432408801991,0.875278801519771,0.8698344776885708,0.03702324752899144,0.0,-0.0005668186185964569,-0.0005021289920235244,-0.00020525116543770243,0.0018027098501361524,-0.8697310675648616,-0.8747124506289676,-0.03691360642985575,-0.0012906666092559532,0.869074745339549,2.6083896320278382e-05,0.005392156038559552,0.002580683496704894,322.3477729964623,0.9969073546085288,5.209056315998734,0.0013856806859022354
equilibrated_n128,0.5,24,0.1875,-1.7982439153138539,0.021801097682245085,1.1588789943845457,1.4785198590452706,1.6128644857357124,0.0,0.0,5.91575922610256e-08,2.3258342721639005e-07,0.005033740694523915,-0.005385798269317186,-8.652963384436963e-05,0.00044626778436079086,0.7758363915160402,0.7705174260857052,0.03369619523631915,0.0,-0.0005365261867370629,-0.00047717659931009076,-0.0001965681975531226,0.0017097487680461506,-0.7702661246347793,-0.7754260477557122,-0.0335861566726104,-0.0012634809836853597,0.7698090353870137,2.622334517563221e-05,0.005266518739983378,0.0024394691660264913,292.3407561593309,0.9965909953560738,4.613587693582099,0.0013788494767399792
equilibrated_n128,0.5,25,0.1953125,-1.7856986756371223,0.02238666338212357,1.2361571378770875,1.3086048043375678,1.4308165239995352,0.0,0.0,5.3708623462122174e-08,1.9364617391304543e-07,0.0050837394414270575,-0.005394261831393865,-7.832161358809088e-05,0.0003898755559591574,0.6877849116117635,0.6825731301988309,0.030662377355256214,0.0,-0.0005059371432272573,-0.0004519628887825996,-0.00018776905335243,0.0016155666840080214,-0.6821952350271092,-0.6875154291414423,-0.030552929915491873,-0.001225691128048864,0.6819130657757423,2.636389725931624e-05,0.005159053618413608,0.002307106925102497,264.35587462858285,0.9962314759324635,4.08631934103604,0.001375775058033363
equilibrated_n128,0.5,26,0.203125,-1.7731515861294822,0.022986213075067766,1.3191412582958972,1.1584120262992939,1.2696005170312723,0.0,0.0,4.827316390750621e-08,2.222430694772239e-07,0.0051312715388380364,-0.0054052176902982425,-7.090865062176545e-05,0.00034154794583663947,0.6098749794534006,0.6047590541147327,0.027905092601904713,0.0,-0.0004751455749476683,-0.00042656247936263836,-0.00017887856953185925,0.0015204339422503553,-0.6042685623396149,-0.6097377093256683,-0.02779712268299462,-0.0011788859964137158,0.60414412727618,2.650556587437232e-05,0.005062914206918928,0.00218309867448055,238.65469671619667,0.9958273298470581,3.6198018494501616,0.0013738583215957521
equilibrated_n128,0.5,27,0.2109375,-1.7606022972246829,0.023604045373663958,1.40361205976249,1.025720230044473,1.1269198088522794,0.0,0.0,4.298952599056296e-08,1.7926532074741394e-07,0.005176658777514411,-0.005418416809563529,-6.421862908954025e-05,0.0003001367069369367,0.540972513491409,0.5359510405240934,0.025405597679863418,0.0,-0.00044424391450306223,-0.0004010486846722233,-0.00016992160700139217,0.0014246213759716681,-0.5353516107993915,-0.5409684086489847,-0.025299894701951563,-0.0011244846690347315,0.5353780140079062,2.6648364193299853e-05,0.004968176238928879,0.0020669626027004554,215.52295581339192,0.9953815520564857,3.2072999078085083,0.001369412017510318
equilibrated_n128,0.5,28,0.21875,-1.7480504465092028,0.024244547125309945,1.4847131089334646,0.9085304390777134,1.000697605460113,0.0,0.0,3.795929496820888e-08,1.9660460981793656e-07,0.005220188062924481,-0.00543363457112272,-5.818463504226809e-05,0.00026464510530569216,0.4800543124577076,0.47513508281039996,0.023144529997219034,0.0,-0.0004133246494147854,-0.0003754948579777809,-0.00016092303666134458,0.0013283999339217586,-0.4744207997453683,-0.4801932225235449,-0.023041791595599957,-0.0010637548286160665,0.4746007464672407,2.6792305051625518e-05,0.004865645037204447,0.0019582321273674008,195.08235509918012,0.9949001020540875,2.84273883376624,0.001359177691187639
equilibrated_n128,0.5,29,0.2265625,-1.7354956508537045,0.024912365301740045,1.556991331206203,0.8050524884348766,0.8890666798359443,0.0,0.0,3.325296514777561e-08,1.569511270474726e-07,0.005262114534150954,-0.0054506691407295955,-5.274485001711193e-05,0.0002342105277161304,0.4262021554245428,0.42140132883115194,0.021102710741011367,0.0,-0.0003824803295625576,-0.00034997439730035073,-0.00015190774076154356,0.0012320406965913972,-0.4205575605608293,-0.4265020235745812,-0.021003547850266938,-0.0009978301688752667,0.4209025477936522,2.6937401337153015e-05,0.004746951790716443,0.001856459868589846,177.33592686439593,0.9943926049137569,2.520668334971197,0.0013403062920665457
equilibrated_n128,0.5,30,0.234375,-1.7229374940920594,0.025612525537735287,1.6145646554288784,0.7136857475031461,0.7903515788324552,0.0,0.0,2.8915235243855012e-08,1.6423012438274587e-07,0.005302664574958666,-0.005469339805405439,-4.784238683265515e-05,0.00020808854963855948,0.3785936652932368,0.37393468695349097,0.01926151605704877,0.0,-0.0003518035660975711,-0.00032456074327630595,-0.00014290061155414912,0.0011358148637641125,-0.37293919715218055,-0.3790794660156201,-0.019166457832327278,-0.0009277263141255531,0.37346843454740375,2.7083665819486152e-05,0.0046048110081068835,0.0017612151983105334,162.20793161322075,0.9938728468027531,2.2362057962763155,0.0013103980028534353
equilibrated_n128,0.5,31,0.2421875,-1.7103755151031417,0.026350349184851424,1.6512682205357911,0.6330058732434234,0.7030562681655075,0.0,0.0,2.4970030464263517e-08,1.315377199996061e-07,0.005342038660530227,-0.0054894853088316336,-4.3425083801473477e-05,0.0001856384662111661,0.3364959766584618,0.3320083618142662,0.017603100197872222,0.0,-0.0003213870355450441,-0.0002993273810190302,-0.00013392655115269548,0.001039993755402605,-0.33083255096238656,-0.3371985197420788,-0.017512598730521,-0.0008543552891914388,0.33157174508891524,2.7231111598922497e-05,0.004433152620997729,0.0016720875642306154,149.58733589203226,0.9933593353380196,1.9849973179124936,0.001267492668668114
equilibrated_n128,0.5,32,0.25,-1.697809192358812,0.027131390655556028,1.660706154896664,0.5617466497357495,0.625846269315476,0.0,0.0,2.1424761186380125e-08,1.306313064832051e-07,0.005380414010860026,-0.005510962200130422,-3.944526746292126e-05,0.00016631023361838486,0.29925668144363526,0.2949749011929356,0.01611047009223947,0.0,-0.00029132346746293226,-0.00027434783276559935,-0.00012501046477076148,0.0009448487483521433,-0.2935849439653123,-0.30021151556030046,-0.016024904894931632,-0.0007785385147337584,0.29456518148720406,2.737975198567942e-05,0.004227020746728256,0.0015886837931911443,139.37247964311487,0.9928760964931131,1.763164068176496,0.001209976570409084
equilibrated_n128,0.5,33,0.2578125,-1.6852379276678635,0.027961297797491822,1.6395170789931826,0.4987913638320644,0.5575410215987993,0.0,0.0,1.8274104692840316e-08,1.060999069428688e-07,0.005417947173407274,-0.005533643358934243,-3.585949526704692e-05,0.00014963276433211563,0.2663021436314096,0.2622597478799045,0.014767730536539849,0.0,-0.0002617013996902268,-0.0002496935817190066,-0.0001161755901231692,0.0008506352252536601,-0.2606224950583121,-0.2675436976571198,-0.014687414441683727,-0.0007010024609215445,0.261874352569594,2.7529601014912873e-05,0.003987336549475208,0.0015106310852120485,131.3530219083516,0.9924444490531356,1.567258778868089,0.0011383410382856615
equilibrated_n128,0.5,34,0.265625,-1.6726610318306607,0.028845719342839842,1.5899343908663603,0.4431582893625178,0.4970997505425191,0.0,0.0,1.5503353578889302e-08,9.912048195824552e-08,0.005454776204415586,-0.005557416391636119,-3.262828711402803e-05,0.00013520349882232226,0.23713149861026975,0.2333529115310363,0.013560178157766004,0.0,-0.00023259921574356028,-0.00022543116026458343,-0.00010744114987971056,0.0007575700230050006,-0.2314441231901106,-0.23868489676240784,-0.013485365295000322,-0.0006223665241826783,0.2329894391109898,2.7680673331394485e-05,0.0037232257325706367,0.0014375753091278806,125.15461368501354,0.992073218958945,1.3942134089333682,0.001056054429995379
equilibrated_n128,0.5,35,0.2734375,-1.6600777233913022,0.029790142302682152,1.517134382843245,0.3939834649932862,0.4436039223034023,0.0,0.0,1.3847180348539045e-08,8.24510872815857e-08,0.005491022855660152,-0.005582182323002897,-2.971585470876684e-05,0.00012267917235439182,0.2113051704816855,0.2078030840785979,0.012474224261095356,0.0,-0.00020409391781001305,-0.000201626461471901,-9.882578827509542e-05,0.000665864483320816,-0.20561005370821533,-0.2131836399401289,-0.012405114327529028,-0.0005431853109664242,0.20745930814728095,2.7832984536631722e-05,0.0034464204340143197,0.0013691841236229086,120.39117810454519,0.991762169083335,1.2413094284496713,0.0009674916177651756
equilibrated_n128,0.5,36,0.28125,-1.6474871323706946,0.030799741269996947,1.427111534001479,0.3505036398966807,0.3962396833433019,0.0,0.0,1.2455112561107762e-08,7.150412011882495e-08,0.005526794369280292,-0.005607854174085072,-2.7089830763751626e-05,0.00011176766646415165,0.18843445727600214,0.18521075278363552,0.0114972692103868,0.0,-0.00017626270615412056,-0.0001783455382970222,-9.034817949524387e-05,0.0005757303299174658,-0.18273140020056772,-0.19064026141942358,-0.011434010861655308,-0.0004639626634533142,0.1848846264175097,2.7986550865652582e-05,0.003167731390635237,0.001305144549913917,116.72998977380723,0.9915059875404619,1.1061400271144228,0.000876665226064215
equilibrated_n128,0.5,37,0.2890625,-1.634888308921835,0.03187966756920736,1.4191577697497277,0.3121478462240245,0.35440401658331294,0.0,0.0,1.1188185562900632e-08,6.154645724746536e-08,0.005562185135074748,-0.0056343556772137544,-2.4721002541858535e-05,0.00010222085175969598,0.1682885778448971,0.16522002077496098,0.010621348638604153,0.0,-0.0001491830749360679,-0.0001556546833922805,-8.202705132391035e-05,0.0004873799324246319,-0.16257720963488628,-0.17069872176878245,-0.010564042589822102,-0.00038515908066493593,0.1649095571006312,2.8141389405526305e-05,0.0030122742911251796,0.0012451747995901948,109.4917269562675,0.9909495486445262,0.9864450683126621,0.0008325200381656941
equilibrated_n128,0.5,38,0.296875,-1.6222804399427015,0.03303496490242324,1.5328502756413005,0.2783308279033173,0.3174727975693624,0.0,0.0,1.0039014789603451e-08,4.860699154201416e-08,0.005597277724329066,-0.0056616197530105754,-2.258308586393804e-05,9.382845681725439e-05,0.15058112149981237,0.14751290341707368,0.009836790673481952,0.0,-0.00012293333842474863,-0.0001336208708029548,-7.388134283461396e-05,0.0004010279909621735,-0.14486091043705857,-0.1530409022992813,-0.009785492416511277,-0.00030719953414491913,0.14721624289754795,2.8297515125246143e-05,0.0030116230524882756,0.0011890252974885193,97.76538453304396,0.9898749951237681,0.8802858343327994,0.0008473938159785623
equilibrated_n128,0.5,39,0.3046875,-1.6096629725164564,0.034271090957466645,1.6685943441312623,0.2483929408225713,0.2847313386006765,0.0,0.0,8.999476080150115e-09,4.379686758477553e-08,0.00563214388191542,-0.005689587066976434,-2.0652476285527434e-05,8.64126054570131e-05,0.1349021264395291,0.13181247493869858,0.009129877252608913,0.0,-9.759288168791004e-05,-0.00011231196997691552,-6.593028436813624e-05,0.00031689238349762687,-0.1291723896759258,-0.1373897500356981,-0.009084599444526305,-0.00023047977804061377,0.13152803902448437,2.8454939540481354e-05,0.003032741621749608,0.0011364565874986484,86.73870406975522,0.9886025214231001,0.7861354925251566,0.0008689594163825002
equilibrated_n128,0.5,40,0.3125,-1.597035385877139,0.0355955068030604,1.7795268570527962,0.22182162695580815,0.2556277433778179,0.0,0.0,8.061152904047242e-09,3.063649946515208e-08,0.005666846417735648,-0.005718205554240484,-1.890796202691765e-05,7.98228984879322e-05,0.12095878188976153,0.11787958196636217,0.008490814403103302,0.0,-7.32415787832946e-05,-9.179624703218624e-05,-5.8193259627778535e-05,0.00023519269620357486,-0.11521869389324257,-0.12350599127357045,-0.008451529105502441,-0.00015536979771564266,0.11760596079767437,2.861367316139236e-05,0.0030219725770765917,0.0010872255360327284,77.83390338468558,0.9873151022965296,0.7026137922089696,0.0008769392273453651
equilibrated_n128,0.5,41,0.3203125,-1.5843970419706812,0.0370184916497709,1.861123229203721,0.1982115598238292,0.22972947213975559,0.0,0.0,7.215617054377732e-09,2.928615012306947e-08,0.0057014406168158695,-0.005747429830018054,-1.733048448121814e-05,7.39322847455513e-05,0.10854142700889415,0.10550517491307546,0.007912838839046994,0.0,-4.9946127994897375e-05,-7.212902538447001e-05,-5.06912445466155e-05,0.0001561646139281242,-0.10279004026408338,-0.11118047571770903,-0.007879478078981596,-8.223232918257289e-05,0.10524102728222387,2.8773727637668133e-05,0.0029787046405433744,0.0010410962415527895,70.66227772285998,0.9860456570489247,0.6284674590527999,0.0008716092945688919
equilibrated_n128,0.5,42,0.328125,-1.571747121940569,0.03855334249536789,1.915097335481624,0.1772112711873394,0.20666253061414716,1.5251062334120362e-05,0.0,6.454685866526255e-09,1.7380843223327967e-08,0.005735975496170235,-0.005777220731479618,-1.5902933732959886e-05,6.863357208772658e-05,0.09747171117857645,0.09450502954377231,0.0073903602986717335,0.0,-2.7746061969554913e-05,-5.333899494530526e-05,-4.3448375702758605e-05,8.007565629492168e-05,-0.09170798962043666,-0.10022891128030662,-0.007362814856701935,-1.1442084207195107e-05,0.09424904156834431,2.8935116330839316e-05,0.00290881140214247,0.0009978436626240077,64.80244233017353,0.9848029956854435,0.5625854380079234,0.0008555031323901435
equilibrated_n128,0.5,43,0.3359375,-1.5590845802495594,0.040215760293466435,1.9467291664458648,0.15851489642020616,0.18610145614518236,3.8679163292495316e-05,0.0,5.770544556082946e-09,1.7890596245998328e-08,0.005770494641863902,-0.00580754464235928,-1.4609962611631141e-05,6.383644036560537e-05,0.08759611377416793,0.08471714191043224,0.006918519213843254,0.0,-6.677730128661689e-06,-3.54516722726251e-05,-3.6489245210833086e-05,7.19808512545382e-06,-0.08181894140217537,-0.0904892348805189,-0.006896639931244052,5.663835524015155e-05,0.08446800625537697,2.909785523439688e-05,0.002820776153266844,0.0009572566713584553,59.88990381782083,0.9835769160846116,0.503987261378995,0.0008319740607355929
equilibrated_n128,0.5,44,0.34375,-1.5464081313488445,0.04202059701880858,1.961659280134577,0.14185534359738589,0.16775957500946787,6.0867020243021416e-05,0.0,5.155861285653651e-09,8.342901244878147e-09,0.005805037088387007,-0.005838373040649007,-1.3437818491217663e-05,5.946489213668637e-05,0.07878004852893426,0.07599934524837325,0.006492458600082319,0.0,1.3222289517597064e-05,-1.8492715660224402e-05,-2.9838565553042428e-05,-6.219440547173457e-05,-0.07298823373006486,-0.08181922557336203,-0.006476057853020494,0.00012165929760842093,0.07575579022485111,2.9261962973213932e-05,0.002722179354614587,0.0009191399472835012,55.658191732614036,0.9823503015288719,0.45181256199449205,0.0008039443574095586
equilibrated_n128,0.5,45,0.3515625,-1.5337162979093295,0.04397611826178744,1.9657171960609605,0.12700218261891924,0.15138463680849631,8.176699567169859e-05,3.717877698697334e-05,4.603838767679169e-09,9.376991499350843e-09,0.005839637790834081,-0.005869681802871223,-1.2374192556953745e-05,5.545508840905758e-05,0.07090623308068073,0.06822770374669772,0.006106760602065451,0.0,3.191697322621462e-05,-2.4880989340211416e-06,-2.352124722813506e-05,-0.00012782584018021753,-0.06509851226307285,-0.07409489745063493,-0.006095613547394269,0.0001832809285892751,0.06798857958077041,2.942746050555265e-05,0.002619674412971948,0.0008833190219389012,51.90612943662663,0.981098598392123,0.4053118030716505,0.0007739437014694335
equilibrated_n128,0.5,46,0.359375,-1.5210075385853363,0.04607848127297117,1.9649075105599416,0.11375792447835628,0.1367544811177918,0.00010133559401265266,7.671788763823585e-05,4.108232903171638e-09,2.893392247520991e-09,0.00587432786297483,-0.005901450416589225,-1.1408084536053735e-05,5.1753518312158015e-05,0.06387273793682181,0.06129443812042679,0.005755293586452481,0.0,4.9368547751716494e-05,1.2535639459332527e-05,-1.756251112965794e-05,-0.0001894167582668167,-0.0580477786215987,-0.06720842417647535,-0.0057491391598588765,0.0002411702765789747,0.06105883730195124,2.9594369268257883e-05,0.002519111077858527,0.0008496423813850358,48.47649461639206,0.979788382185251,0.3638339127338489,0.0007441816144030259
equilibrated_n128,0.5,47,0.3671875,-1.5082804330355384,0.048308319384181286,1.965396917889021,0.10195359703109595,0.12367389766912927,0.00011953248128313134,0.00011369916806824556,3.663353983010542e-09,3.4737852774627243e-09,0.005909134597314652,-0.005933661090881411,-1.052967830027016e-05,4.8315448089934305e-05,0.057591150917104594,0.05510598060833233,0.005431533487812052,0.0,6.553818785089002e-05,2.655114325803963e-05,-1.1988006603991604e-05,-0.0002466829706245891,-0.05174755450764083,-0.06106619284247178,-0.0054300751595083305,0.0002949984187145234,0.05487335506279862,2.976270894140018e-05,0.0024256448908894154,0.0008179832103609795,45.24434328281096,0.978375733570603,0.3268144854859023,0.0007166007170369995
equilibrated_n128,0.5,48,0.375,-1.4955339115669066,0.050628109344100496,1.9736768039944352,0.09144408592294992,0.11197142845351044,0.00013632001795583077,0.00014794648696647635,3.264048260842589e-09,3.5452002455655524e-10,0.005944081282762966,-0.005966297765327249,-9.730226512248198e-06,4.510360938113947e-05,0.05198472807466664,0.049580895861102384,0.005128929015387466,0.0,8.038634403878033e-05,3.95304258580901e-05,-6.823609259586811e-06,-0.0002993374667691248,-0.04612103313594246,-0.05558672405228772,-0.005131835632640128,0.0003444410761502643,0.04935116037617945,2.9932494086241353e-05,0.0023439672253917827,0.0007882387293209586,42.10908739812319,0.9768030348041297,0.2937629950316849,0.000692965044693242
equilibrated_n128,0.5,49,0.3828125,-1.4827675235993953,0.052980166614444095,1.995543580935595,0.08210328305928512,0.10149575415898286,0.00015168116297892785,0.00017937040110518898,2.9056609522973287e-09,1.0034253819963005e-10,0.005979186815613089,-0.0059993450030861725,-9.001943642001902e-06,4.208709369847592e-05,0.046985900462426906,0.044648092364665014,0.004841195465392868,0.0,9.390221601098722e-05,5.146537855798788e-05,-2.0796341104366233e-06,-0.0003472434243975389,-0.041100615862824805,-0.05069890274630918,-0.0048481177749244335,0.0003893305180960148,0.04442170875281826,3.0103730522848844e-05,0.0022776006367161905,0.0007603296614382187,39.00746077843111,0.9750046621169439,0.2642526518801934,0.0006745934576942851
equilibrated_n128,0.5,50,0.390625,-1.4699817219858962,0.05529196712345394,2.0328368731877364,0.07381654137284091,0.09211069006322856,0.00016562844214810998,0.00020800868091851074,2.584006566011543e-09,2.8825484534034107e-11,0.006014465252121395,-0.006032786905429872,-8.337906153837372e-06,3.9240420425776547e-05,0.04253201905098441,0.04024477810551702,0.004562942112904313,0.0,0.00010611872478526328,6.237818343957014e-05,2.2571535387628235e-06,-0.00039049175799456596,-0.036623672523648274,-0.04633994319438646,-0.004573537172596913,0.0004297321784203425,0.04002276047121264,3.027641098855638e-05,0.0022266881234902836,0.0007341931718041496,35.94824084162973,0.9729351120047564,0.23790987470378558,0.0006615355991632995
equilibrated_n128,0.5,51,0.3984375,-1.4571780026133494,0.057491446365574586,2.083732306859222,0.06647550912436516,0.08369406503451372,0.0001781784642236337,0.0002339135661379157,2.2953146310705774e-09,1.6606383412552423e-09,0.00604992553832838,-0.006066606258836973,-7.731953081292698e-06,3.6542721435322245e-05,0.03856419189851323,0.03631454916574545,0.00429070520205857,0.0,0.00011707211863815348,7.229317603402826e-05,6.2018223972777975e-06,-0.0004291909332177826,-0.032631338478823,-0.04245344860061645,-0.004304638977537141,0.00046573365465310486,0.03609832083068227,3.0450512931439386e-05,0.002188741706904903,0.0007097703331889187,32.98545526573701,0.9705756479593738,0.21440118327718874,0.0006528585686387913
equilibrated_n128,0.5,52,0.40625,-1.4443588146492645,0.059523777720732196,2.1458702661926083,0.0599766147711379,0.0761383896363511,0.00018934998872402703,0.0002571424191208469,2.0361898634205233e-09,1.0399768341959846e-09,0.00608557206199079,-0.006100784558609759,-7.178588095537883e-06,3.397701458682805e-05,0.035028350559497184,0.032805905440324884,0.004023495608704095,0.0,0.0001267989234755259,8.12347838279425e-05,9.76951950366708e-06,-0.00046345028676340324,-0.029069577420981915,-0.038987924782762584,-0.0040404437163033,0.0004974273013502313,0.03259703778116592,3.062599911388195e-05,0.002161193120944501,0.0006869937213145649,30.165779693875866,0.9679135253530493,0.193421033566051,0.0006476045248958299
equilibrated_n128,0.5,53,0.4140625,-1.4315272816398537,0.061360920265122736,2.2167206532241948,0.0542209065653868,0.0693490390798199,0.00019916432953031291,0.00027775848359403387,1.911787825392545e-09,1.6133085903985954e-09,0.006121405534926201,-0.006135302429244305,-6.672889314470043e-06,3.1529564646663426e-05,0.031874876254458555,0.029671635161582624,0.0037623845900923466,0.0,0.00013533650531634116,8.922800692772854e-05,1.2975649201460196e-05,-0.0004933820797180334,-0.0258888072248487,-0.03589616559775466,-0.003782033128608277,0.0005249116443646968,0.029471574601855618,3.080282111238064e-05,0.0021416354506511607,0.0006657822302675084,27.522494169486066,0.964939952514047,0.17468781216048254,0.0006448866642369111
equilibrated_n128,0.5,54,0.421875,-1.4186868642648678,0.06300443941204646,2.293590322469046,0.049115225242457185,0.06324228403949825,0.00020764562112260724,0.00029583135577827683,1.917976374489277e-09,2.6607135772310276e-09,0.006157424019918676,-0.006170140264606278,-6.2104329975141744e-06,2.9189341461865684e-05,0.02905838481895451,0.02686863133357276,0.003509718265596347,0.0,0.00014272346746716587,9.629877629567414e-05,1.5836000666403228e-05,-0.0005191029665509397,-0.023043684266503002,-0.03313507037447471,-0.0035317646992602644,0.0005482923080128054,0.02667848442537786,3.098092362321597e-05,0.0021277916381353085,0.0006460401658395102,25.076218880865202,0.9616508818027371,0.15794311491413185,0.0006438803007112908
equilibrated_n128,0.5,55,0.4296875,-1.4058409722790364,0.06448921152729199,2.373630103414523,0.0445728608636117,0.05774387820602517,0.0002148209087345954,0.0003114371057615779,1.923522199915364e-09,4.797545324773851e-10,0.006193624194512143,-0.006205279167394903,-5.787229235593676e-06,2.6947557879183606e-05,0.026537521249014037,0.02435771927855631,0.003268600286346621,0.0,0.00014899986322513414,0.00010247417114019309,1.8366820021151957e-05,-0.0005407347979114649,-0.020492896917727026,-0.030665472617091405,-0.0032927543356033664,0.0005676823557906486,0.024178090073078806,3.11602497868783e-05,0.002117481470883964,0.0006276566801857785,22.836648542653286,0.958047793580939,0.14295105896758886,0.0006438112017493067
equilibrated_n128,0.5,56,0.4375,-1.392992520484659,0.0658871861111729,2.4528488066119296,0.040513437726014886,0.0527873159459666,0.00022070586249483995,0.00032462814018823405,1.924427347938819e-09,4.1751072989495985e-09,0.006230002762351101,-0.006240702086549615,-5.3996674691442715e-06,2.4797271773027456e-05,0.02427418752916477,0.02210352230548443,0.0030424889855645803,0.0,0.00015419507560284892,0.00010777260154017398,2.0580901954204256e-05,-0.000558366274883335,-0.01819837984241652,-0.02845199699357422,-0.0030684695549879288,0.0005831635466563625,0.02193440201491081,3.13407474594715e-05,0.0021079837287614053,0.000610505656872315,20.810788732035306,0.954151130787342,0.12949842836070347,0.0006437238561358471
equilibrated_n128,0.5,57,0.4453125,-1.380143462587309,0.06729949170393712,2.5229510763820238,0.036863083756809065,0.04831048976893283,0.00022505272427080636,0.0003349019654351957,1.9173557394321224e-09,1.1587040009624434e-09,0.006266557885606766,-0.006276395019161434,-5.044471172697234e-06,2.2733046928834988e-05,0.022232036273372283,0.020074773144645668,0.002834389192739844,0.0,0.0001581120397491885,0.00011202817154914405,2.24178391184001e-05,-0.0005713696648102019,-0.016123590427514704,-0.026463196335356244,-0.0028618515030309414,0.0005941027117390368,0.01991554256871562,3.1522376032480945e-05,0.002094218376661661,0.000594450031026933,19.019547140506393,0.9500488201365626,0.11739903703563206,0.0006418273303772954
equilibrated_n128,0.5,58,0.453125,-1.3672944417755382,0.06884041909320718,2.576953952094849,0.03355932992336817,0.044258825685764946,0.0002273794278020742,0.0003412626736232985,1.899567470842482e-09,5.1366036298978156e-09,0.006303290396438938,-0.006312348033935112,-4.718663211537947e-06,2.075068481678695e-05,0.02038023476621371,0.018244521987640164,0.0026464031291438856,0.0,0.00016035229747890585,0.00011491111573760595,2.3752148243768138e-05,-0.0005784799098305989,-0.01423729666725368,-0.02467178113731288,-0.0026748739405991918,0.0005992305946473859,0.018094047599025838,3.1705111885518654e-05,0.002072302554802511,0.0005793484016166503,17.462746988458147,0.9458368789527831,0.10649198303935252,0.0006367785275064909
equilibrated_n128,0.5,59,0.4609375,-1.3544445342749747,0.07062203629157943,2.6148564255951303,0.03055419056439828,0.04058816737022657,0.00022719662953601797,0.0003426996492669908,1.86886612285733e-09,2.7723305344849888e-09,0.0063402046616375125,-0.006348555977108491,-4.419538004317146e-06,1.8847011911701793e-05,0.01869631983352548,0.016589910994385445,0.0024796184465243304,0.0,0.00016051057578540212,0.00011608624814512404,2.445621692842605e-05,-0.0005784103865707164,-0.01251662574767337,-0.02305455321963906,-0.0025084942014570737,0.0005972573984824182,0.0164466842430146,3.1888952548866604e-05,0.002042630934042309,0.0005650655775923442,16.10343206784505,0.9415322026577326,0.09663747452404531,0.0006287711208638369
equilibrated_n128,0.5,60,0.46875,-1.3415913283126701,0.07273632908079472,2.658235661893166,0.02782002982385704,0.037272160942385134,0.0002240141173543865,0.0003382012652786668,1.8235516482183428e-09,5.359877499718966e-09,0.006377308671053975,-0.0063850184357760985,-4.144643422812498e-06,1.7019748148407057e-05,0.017173304946802498,0.01509168274500206,0.002334485992650953,0.0,0.00015818040562737404,0.00011521752096702946,2.440214355825758e-05,-0.000569870345407798,-0.010954176681375896,-0.021591918701745188,-0.002363032779632023,0.000586890093556205,0.014953954719913764,3.2073916307665645e-05,0.0020174743691851052,0.0005514883554934911,14.824430930395353,0.9368065743154647,0.08770625395029748,0.0006222406063073645
equilibrated_n128,0.5,61,0.4765625,-1.3287313842759982,0.07524471416832315,2.743286574605421,0.025342989329464587,0.03429540176675741,0.00021733851943258378,0.00032675018134374715,1.7623955822824132e-09,3.963265993625051e-09,0.006414612713475361,-0.006421738312178184,-3.891769088663456e-06,1.5267445949981757e-05,0.015813786653490758,0.013733364544232077,0.002210750193845414,0.0,0.00015295228064972764,0.00011196647103561479,2.3461146389127387e-05,-0.0005515588062800377,-0.009552126220665123,-0.020267069327445875,-0.002238103109323205,0.0005668262522300194,0.013599277313768017,3.2260035969401366e-05,0.002015902037319874,0.0005385379925212832,13.492002152890473,0.9309964220643905,0.07957976184528823,0.0006240114491044172
equilibrated_n128,0.5,62,0.484375,-1.3158609726440536,0.07817464109887486,2.859581082414982,0.023093377975676302,0.031615960906119185,0.00020667135773728247,0.0003073192429459262,1.6846259235275872e-09,4.84213654163342e-09,0.006452127530090068,-0.006458719886519594,-3.658936009857184e-06,1.3589468709315727e-05,0.014596672445124144,0.012501001695431996,0.0021054837613085596,0.0,0.00014441208322478642,0.00010599086068729289,2.1503035292303745e-05,-0.0005221594807869758,-0.008288956998258861,-0.019065712442638882,-0.0021306457326107204,0.0005357489494962915,0.012368853606661595,3.244734860940329e-05,0.0020307760524733397,0.0005261648891704747,12.181405814390235,0.924135557763627,0.07218234558749623,0.0006314830365822968
equilibrated_n128,0.5,63,0.4921875,-1.3029764087620452,0.08151599940242098,2.9815655243482437,0.021041959079800967,0.029188207908302097,0.00019150759384322627,0.0002788684050536455,1.5899236666353525e-09,4.433916924783066e-09,0.006489863266227274,-0.006495967661773478,-3.44437552994655e-06,1.198591145990544e-05,0.013496513482626196,0.011383382011976901,0.0020147220043226772,0.0,0.00013213991817821724,9.694368572401454e-05,1.839582727265826e-05,-0.0004803370861048709,-0.007138790134577139,-0.017976293359474392,-0.002036562207125282,0.0004923229975647763,0.011251785824792917,3.2635890516425285e-05,0.002047859689616446,0.0005143352977850759,10.988824949135378,0.9165889898098714,0.06546285525914106,0.00063956017588038
equilibrated_n128,0.5,64,0.5,-1.290074254891849,0.08522281370354094,3.1086381971438537,0.01917550206772274,0.026986278496694507,0.0001714828098560281,0.0002406602459223159,1.478426289796433e-09,3.6702537262384757e-09,0.006527828929917009,-0.006533485720937599,-3.24650690057071e-06,1.0457507475015011e-05,0.012503611499251334,0.010371207255068121,0.0019353997482263686,0.0,0.00011583731929810468,8.457741757047738e-05,1.4047852116001249e-05,-0.0004251490586770001,-0.006091619888632429,-0.016989270393576197,-0.0019526941072429407,0.0004356065661520151,0.010239092737200674,3.282569431752641e-05,0.002066752855548158,0.000503026247719956,9.908386200811604,0.9083274114437204,0.059367803567655884,0.0006481071582464644
equilibrated_n128,0.5,65,0.5078125,-1.2771514621979942,0.0892244198421569,3.2326802563303385,0.017479821455573148,0.02498418653951192,0.00014743948178336182,0.0001945456827701717,1.3507354638676557e-09,3.901250283761288e-09,0.006566032060166799,-0.0065712773043185325,-3.063915897774913e-06,9.005530008922709e-06,0.011605236717593304,0.009455774697672463,0.0018643147207379907,0.0,9.624835621971699e-05,6.949898190531627e-05,8.712634348927547e-06,-0.00035902606722317844,-0.005135453013646222,-0.016096550983896313,-0.001876091270984693,0.0003680315972321011,0.009322449084771717,3.301678646029745e-05,0.00208342844700025,0.0004922243875814393,8.949142552214175,0.8994888258207285,0.05385126606163006,0.0006557123431078023
equilibrated_n128,0.5,66,0.515625,-1.2642055756705743,0.09343270937815469,3.3489727514819547,0.015943316235336315,0.023161209830671593,0.00012082066170580061,0.00014366409538539874,1.2079189254023549e-09,1.992290783404602e-09,0.006604478025890492,-0.006609344031055984,-2.89533643707111e-06,7.63170064933151e-06,0.010791179968824182,0.008628840685634171,0.001798762540413919,0.0,7.463591073314269e-05,5.274046264696493e-05,2.815521982828425e-06,-0.00028607757940590317,-0.004261337853666834,-0.01529092517933712,-0.0018044733988338186,0.00029370928005523466,0.008493986612131247,3.3209184175881984e-05,0.0020959209148382445,0.0004819347084030451,8.10525488056097,0.8901733105643287,0.04886799875794924,0.0006617017192199986
equilibrated_n128,0.5,67,0.5234375,-1.2512353952608544,0.09775051959899003,3.4559451881408734,0.014555979512571265,0.021500826103114285,9.309013598551891e-05,9.119985364253835e-05,1.051522129124232e-09,2.009392328933725e-09,0.006643168104488621,-0.006647683921622613,-2.7396391018283765e-06,6.338136321247517e-06,0.010053529902569474,0.007882727910459271,0.0017366842182215,0.0,5.228073034662334e-05,3.534844733341329e-05,-3.2122096875735176e-06,-0.0002104712586749804,-0.0034626425284274764,-0.014565760279415297,-0.0017362116476357548,0.0002168093949962279,0.007746369010754647,3.340288500589191e-05,0.002103996222098423,0.0004721773121666832,7.3634818631269185,0.8804325738531437,0.04437421784242946,0.0006660101769395083
equilibrated_n128,0.5,68,0.53125,-1.2382410991924415,0.10208135680392481,3.552099566781707,0.01330754312145908,0.019988442943177216,6.573096117467651e-05,4.037875625454896e-05,8.835542055898451e-10,2.907293147747631e-11,0.006682098951839143,-0.006686290801856709,-2.5958130793275454e-06,5.12722188324715e-06,0.00938481714270093,0.007210121030902605,0.0016765630066595653,0.0,3.0480083406308972e-05,1.8382925290738386e-05,-8.933864309359432e-06,-0.00013642879763611126,-0.0027331982742680953,-0.013914794758050051,-0.0016702249554295336,0.00014155601951935842,0.007072573069128574,3.359786471304632e-05,0.0021075003823722307,0.00046297326133888027,6.711811896487147,0.8703287873948902,0.040327938032399216,0.0006685983161762041
equilibrated_n128,0.5,69,0.5390625,-1.2252242183186566,0.10633838043022689,3.6360298227228016,0.012187327061406116,0.018611124429410424,4.024543285229595e-05,0.0,7.064674264197914e-10,1.0798836529639938e-09,0.0067212626994242325,-0.006725154340336331,-2.4629490142271555e-06,4.001462961593489e-06,0.008777895639560728,0.006603973622571905,0.0016173938167894067,0.0,1.0547637498559888e-05,2.9172048649784815e-06,-1.3907423802557056e-05,-6.822564056690332e-05,-0.002067180577635056,-0.013332045167773213,-0.0016059493420010767,7.222710352849681e-05,0.00646577666041063,3.379407683397518e-05,0.002106333863320875,0.00045434001588967284,6.139365437743661,0.8599315291085531,0.03668832609914291,0.0006694439672958896
equilibrated_n128,0.5,70,0.546875,-1.2121875246075404,0.11044748736061921,3.7375928571978063,0.011195222404831997,0.017374068134692076,1.8152593301861015e-05,0.0,5.231034200558019e-10,1.9168088488366194e-09,0.0067606471530714946,-0.006764260194927327,-2.3402238383010854e-06,2.963330756707187e-06,0.008239771780805354,0.006057413150267801,0.0015600575597715094,0.0,-6.188795383300531e-06,-9.963907783650987e-06,-1.7686351144791273e-05,-1.0183735281387097e-05,-0.0014729358323505599,-0.012811709437411476,-0.0015447114324650194,1.3147066038094284e-05,0.005919100166858348,3.399145420525054e-05,0.002114375722127054,0.00044629747339193385,5.59891045372367,0.8484598318142483,0.03340022527902303,0.0006733907657098366
equilibrated_n128,0.5,71,0.5546875,-1.1991353492411754,0.11434537253108033,4.008275823782822,0.010370636291846796,0.01634689812002291,9.840124375624573e-07,0.0,3.3663582373259066e-10,3.837493297997862e-09,0.006800234778692593,-0.006803588962820711,-2.2268918446290358e-06,2.0151401559863424e-06,0.00782976804001604,0.005563203360593598,0.0015116595606002024,0.0,-1.8391114199923715e-05,-1.916726460298035e-05,-1.9820995400802928e-05,3.334080119959607e-05,-0.001011142147123524,-0.012347625058811328,-0.0014940654570440286,-3.1325661043609726e-05,0.005424541988397543,3.4189903400945496e-05,0.0021981848726205498,0.0004389105053244111,4.935473859330782,0.8315214549503974,0.03034906705776471,0.0007035159417692495
equilibrated_n128,0.5,72,0.5625,-1.1860759900455704,0.11796599204948002,4.4459018530064345,0.009696169723362884,0.015511666895795438,0.0,0.0,2.172482558432387e-10,3.498537586513497e-09,0.0068399953415969475,-0.006843108824432492,-2.122292362165794e-06,1.1590452802985444e-06,0.0075365395625951554,0.005113441723923592,0.0014717862507878136,0.0,-2.5190764759378662e-05,-2.3985695015753288e-05,-2.003425004184063e-05,5.949144646668986e-05,-0.0006713534562388292,-0.011932564853340332,-0.0014538742931081386,-5.8332401186391315e-05,0.004974210266549568,3.438926778494336e-05,0.0023543193031016754,0.0004323102704838433,4.2256037743022725,0.8086345534045928,0.027490942296195732,0.0007583122085345049
equilibrated_n128,0.5,73,0.5703125,-1.1730234056927824,0.12121138548318734,4.8792902144612365,0.009102986573053272,0.014761802446117751,0.0,0.0,2.397221518513071e-10,4.655806389116265e-09,0.006879880424201238,-0.006882770041412962,-2.025845502024893e-06,3.9689684261001105e-07,0.007279563393082271,0.004702224236851501,0.0014313001314403006,0.0,-2.7284494843640583e-05,-2.4998242716343843e-05,-1.862200867620517e-05,7.041509744597414e-05,-0.00037239847403739215,-0.01155999603554812,-0.0014147039682661203,-7.001820060336413e-05,0.004563323664994388,3.458930011703369e-05,0.002508160555996704,0.0004266094144880626,3.638781141090861,0.7844261305751452,0.024871781433969627,0.0008118663918227881
equilibrated_n128,0.5,74,0.578125,-1.159994478242399,0.12398057428344571,5.244213396933071,0.00856560965140396,0.014056289121917427,0.0,0.0,2.5781792672985304e-10,4.447602215864229e-09,0.006919831746451356,-0.006922513185454808,-1.9370164904452197e-06,-2.701755183697595e-07,0.007030317183301858,0.004326715045237881,0.0013867356112742726,0.0,-2.570470146805043e-05,-2.3059579414445948e-05,-1.600276013635085e-05,6.933205899803502e-05,-8.478073538245156e-05,-0.011226168651278243,-0.0013726698676283671,-6.960223451640478e-05,0.004189576471449552,3.4789703676759604e-05,0.0026340227307104576,0.0004218341948409696,3.1811240067161646,0.7608298633588255,0.022503436097986853,0.0008554889041192745
equilibrated_n128,0.5,75,0.5859375,-1.147006414763206,0.1261801356578398,5.528739617571401,0.008077012250125016,0.013383961624714974,0.0,0.0,3.6982155780987657e-10,3.90960410732763e-09,0.0069597889205346595,-0.006962276828817437,-1.8552928978787304e-06,-8.42038111009584e-07,0.006783631247398535,0.00398489018067574,0.0013374789220952617,0.0,-2.1491812682846858e-05,-1.903058625421123e-05,-1.2596871345651e-05,5.949036281710308e-05,0.00019764948581897125,-0.010928136423238966,-0.0013267373436474895,-6.033240092811266e-05,0.0038511170806321245,3.4990171785866716e-05,0.002728760723151063,0.0004179613344981468,2.8226125126757244,0.738398805350002,0.020377941760641685,0.000888247345566656
equilibrated_n128,0.5,76,0.59375,-1.1340759979417836,0.12773251531721339,5.73104256248043,0.007632719648747425,0.012738885884527354,0.0,0.0,5.193356244322425e-10,4.753140565912236e-09,0.006999692009985077,-0.007002000082248271,-1.7801809080181313e-06,-1.3196270832273959e-06,0.0065381779192698955,0.0036747649392661827,0.0012835824678154703,0.0,-1.5680909327392463e-05,-1.3767254834490604e-05,-8.821089778506043e-06,4.412418223504551e-05,0.00047719500004257415,-0.010662997766679963,-0.0012765415589449825,-4.5443809318272906e-05,0.0035460001221602174,3.519040012518195e-05,0.0027930321797533485,0.00041494793025407634,2.5391759879210296,0.7174483542460355,0.018482968553207958,0.0009104617588030915
equilibrated_n128,0.5,77,0.6015625,-1.1212187680903594,0.12857513476688004,5.8499825496139195,0.00722776037610992,0.012115130109781998,0.0,0.0,6.522103867526155e-10,2.8139964737206987e-09,0.00703948414599938,-0.007041625193180783,-1.7112029240797433e-06,-1.704961512103733e-06,0.006292343353510544,0.0033943583487653158,0.001225214267176476,0.0,-9.288096254876084e-06,-8.109410256429617e-06,-5.08303668253603e-06,2.641128620136969e-05,0.0007564288887437114,-0.01042787413168967,-0.0012218424334180197,-2.8116247713473425e-05,0.0032722163591337064,3.539009988891095e-05,0.002827204804967408,0.0004127316798970175,2.3148067330562054,0.6983232868366918,0.01680609334983483,0.0009223172838293152
equilibrated_n128,0.5,78,0.609375,-1.1084483193616324,0.12864455887631607,5.885202413012768,0.006857286953582894,0.011506865975173645,0.0,0.0,7.664662377318318e-10,4.705817112704047e-09,0.007079113865002134,-0.007081099870094232,-1.6478970685324143e-06,-2.001090229941668e-06,0.006044434193083648,0.0031418247596540316,0.001162523143989526,0.0,-3.2980504581664486e-06,-2.8704429933409673e-06,-1.776285660370743e-06,9.433953907067764e-06,0.0010379777223766531,-0.010220054186754923,-0.0011623947553976875,-1.1435044137009431e-05,0.003027861492427967,3.5589009815975534e-05,0.002831431413797666,0.0004112343027775581,2.1387496639848598,0.6814017978323155,0.015335737540770139,0.0009239013832386753
equilibrated_n128,0.5,79,0.6171875,-1.0957757376405242,0.1278719340982462,5.837279019297181,0.006516755670578984,0.010908537918566025,0.0,9.006513298249437e-06,8.607721387061619e-10,2.125790046915998e-09,0.0071185370287008614,-0.007120379193422624,-1.5898179544126619e-06,-2.21198283276723e-06,0.005792794585675908,0.002915479008983525,0.001095628905304171,0.0,1.3536811062467067e-06,1.1773540850619098e-06,7.268387381762747e-07,-3.876192772855214e-06,0.0013243887619187062,-0.01003703555649121,-0.00109794556199676,1.6642099400879844e-06,0.0028111657275506513,3.5786905742315085e-05,0.002805741765207753,0.0004103594071982397,2.0038663304015767,0.6670957059975724,0.014061252600096155,0.0009152412748130671
equilibrated_n128,0.5,80,0.625,-1.0832088812790106,0.126219507748559,5.713092894005195,0.0062026466832294,0.010318205626459225,2.004168156215174e-06,1.723625219859331e-05,9.344631123708176e-10,4.708214165825837e-09,0.007157719341727432,-0.007159428124098047,-1.5365369024338014e-06,-2.3423818362368698e-06,0.0055374230955944235,0.0027133828490724845,0.0010250817147968614,0.0,4.231284378692338e-06,3.6801434280972175e-06,2.2714841081607323e-06,-1.2117370726543103e-05,0.0016160649617543163,-0.009876491116598628,-0.001028889735807456,9.774988890306233e-06,0.0026199811526261014,3.5983612997325654e-05,0.002752073020527285,0.00040995604618921505,1.904005550059224,0.6556480410377982,0.012967813895229323,0.0008970016293497128
equilibrated_n128,0.5,81,0.6328125,-1.0707498843015644,0.12371411265276364,5.564300801229731,0.005924457098801222,0.009758482681198354,3.0804616485389673e-06,2.1089166461675147e-05,9.875138548650264e-10,2.240909291551931e-09,0.00719664428040889,-0.007198229408410004,-1.4876356881211988e-06,-2.3976225276248043e-06,0.005296049659152862,0.0025333354167918188,0.0009540042193959988,0.0,5.61556654642637e-06,4.884119507566705e-06,3.0145405151628465e-06,-1.608182106211636e-05,0.0018949790547096012,-0.009736448944709389,-0.0009585063955992829,1.3684198534491557e-05,0.0024514906777351876,3.617904641293702e-05,0.0026903561495351686,0.0004098465672126371,1.8224283637381977,0.645695170567398,0.012018587916875956,0.0008759734907101743
equilibrated_n128,0.5,82,0.640625,-1.0583965124224743,0.12041457418833683,5.4478691463736215,0.005693551770586059,0.009254431276879875,3.2295762495620014e-06,2.1527556371846895e-05,1.0204576230207463e-09,4.968356826075595e-09,0.007235309105968367,-0.007236779610588682,-1.4427167891361002e-06,-2.3833878725039558e-06,0.005088715436096429,0.0023728975213258337,0.0008856453815428827,0.0,5.833979067981172e-06,5.074082622408751e-06,3.1317782414351233e-06,-1.6707333172293832e-05,0.0021407596908039573,-0.009614751214536924,-0.0008902198765734539,1.4323945299789876e-05,0.002302626100093561,3.637319026808094e-05,0.002643071534234432,0.0004099139536231028,1.7423865152862905,0.6353540996406171,0.011172685066326935,0.0008598326602714283
equilibrated_n128,0.5,83,0.6484375,-1.0461449100135503,0.11638831687596167,5.373663928203947,0.005507406565934897,0.008806491964930427,2.6995668837056257e-06,1.946671405491451e-05,1.034295204768593e-09,3.2023308386778246e-09,0.00727371636001532,-0.007275080632915427,-1.4014143313280637e-06,-2.3055399884681e-06,0.004916396885081683,0.0022294692398816696,0.0008205795629560803,0.0,5.197961136169511e-06,4.520906433033295e-06,2.790372461474158e-06,-1.488583886520828e-05,0.0023521215137974677,-0.00950907077923013,-0.0008247713497488825,1.258029887674018e-05,0.002170529421228589,3.6566055542189604e-05,0.0026137955341156358,0.0004100930898708656,1.6608257171599892,0.62417681340387,0.010409380993255897,0.0008498179071809267
equilibrated_n128,0.5,84,0.65625,-1.0339901661611333,0.11174973109354752,5.342820197533621,0.005361017492026782,0.008411357272988139,1.7262275657602811e-06,1.5776748891979875e-05,1.0304147553624587e-09,5.357258451314132e-09,0.007311872130904891,-0.0073131379800650985,-1.3633936567661252e-06,-2.1700211430912874e-06,0.004776758324224841,0.0021006775700537494,0.0007590723149087842,0.0,4.003560846891176e-06,3.4820782217706278e-06,2.1492366747887727e-06,-1.1465191331956947e-05,0.002531110245833158,-0.009417297628340619,-0.0007625849452403392,9.29517018886566e-06,0.0020526091142492957,3.675767126715907e-05,0.002602565411636775,0.00041031675667690715,1.5773736983297515,0.6120081458703319,0.009713089273858999,0.0008459584853603234
equilibrated_n128,0.5,85,0.6640625,-1.0219258270172318,0.10669795805016605,5.356038534695037,0.005248799724747849,0.008066505274767663,5.339225175362688e-07,1.1285649869753793e-05,1.0105092170991772e-09,4.8164592696559355e-09,0.007349787575755161,-0.007350962270682003,-1.328347250376285e-06,-1.982760872044783e-06,0.004667392357847123,0.001984350355716987,0.0007017384556668993,0.0,2.5324819576704905e-06,2.202609309133599e-06,1.359584587678096e-06,-7.252162962065808e-06,0.0026798627359503682,-0.009337515235708124,-0.0007044263875049538,5.269402090021025e-06,0.0019464243875008222,3.6948092088770995e-05,0.0026091458179525956,0.0004104987412694757,1.492001232057001,0.5987160892474525,0.00906940050705234,0.0008481872543719362
equilibrated_n128,0.5,86,0.671875,-1.0099435273496276,0.1014667047945853,5.413531157476786,0.005165439803619354,0.0077699242652160775,0.0,6.783365620908772e-06,9.764871818334244e-10,5.543820146947215e-09,0.0073874800870021825,-0.007388570396916138,-1.295991749637993e-06,-1.7495838781821317e-06,0.004586000221557554,0.0018786217838897272,0.0006492594470739433,0.0,1.0534745107942245e-06,9.162445456843515e-07,5.656765755995266e-07,-3.016427954001052e-06,0.002800426390933834,-0.00926810842535155,-0.0006511211153991808,1.2668440758189203e-06,0.001849880971465465,3.713740422708535e-05,0.002633103629213655,0.00041055443008864584,1.4050954553717356,0.5842160868224507,0.008466182199579135,0.0008563632800801058
equilibrated_n128,0.5,87,0.6796875,-0.9980335301158982,0.09627604815640074,5.514955076993558,0.0051065067177608735,0.007519833227759757,0.0,3.0269220554766397e-06,9.303932881439776e-10,6.663101540405916e-09,0.007424971585501664,-0.007425983818088158,-1.26606762266276e-06,-1.4761467880287128e-06,0.004530497009332474,0.0017819896826553187,0.0006021598068582442,0.0,-1.7592640809833415e-07,-1.5302540587196994e-07,-9.42469811858768e-08,5.044580479506947e-07,0.002894650502577289,-0.009207820475337605,-0.000603331627499721,-1.9806048359794073e-06,0.0017613418327793074,3.732571668692231e-05,0.0026738558933033095,0.00041041816278143976,1.3174545697773767,0.5684920804742836,0.007894195103372536,0.0008702865260734588
equilibrated_n128,0.5,88,0.6875,-0.9861851637941179,0.09138604752709904,5.656742564629158,0.005066473946782713,0.007313628965456481,0.0,5.022181326131519e-07,8.743358254575715e-10,5.209124780270899e-09,0.007462287092985613,-0.007463227132175044,-1.2383380743179672e-06,-1.1678983370366791e-06,0.004497727977977991,0.001693235121588289,0.0005610818238787942,0.0,-9.903302311955432e-07,-8.613524049172118e-07,-5.314072846702105e-07,2.8368324144677673e-06,0.0029655494452388177,-0.009155600901358415,-0.000561788754668442,-4.0047307515044465e-06,0.0016794732256774697,3.7513154312759414e-05,0.0027294665477641832,0.00041003035963374973,1.230623784016107,0.5516949083186234,0.007347372806300635,0.0008892901002343256
equilibrated_n128,0.5,89,0.6953125,-0.9743866754171252,0.08710227947877941,5.815244735488955,0.005032622004015466,0.007139493375249298,0.0,0.0,8.104210346030533e-10,7.399037021795138e-09,0.007499455161242463,-0.007500328500324116,-1.2125864442717303e-06,-8.300420440048503e-07,0.004476454189391458,0.001611408445818856,0.0005262739735663612,0.0,-1.4324225225062367e-06,-1.2458621370776253e-06,-7.687172021750047e-07,4.102942496660498e-06,0.003024433394373512,-0.009110491084005894,-0.0005267178428084579,-4.932984540665348e-06,0.0016032686427151944,3.769985962432313e-05,0.002789646024323956,0.0004093244091143874,1.149442351277332,0.5347630517256078,0.006829965831967211,0.0009098619684762013
equilibrated_n128,0.5,90,0.703125,-0.9626248647033198,0.08365176629225181,5.9649786430272425,0.0049929988367272485,0.006985143680097006,0.0,0.0,7.407004365475363e-10,4.247828085515822e-09,0.007536508909444381,-0.007537320679390053,-1.1886134965723234e-06,-4.6750055113886275e-07,0.004455201656646879,0.001535999353439595,0.0004976918889829575,0.0,-1.5732094979147031e-06,-1.3683121221047543e-06,-8.442916370903929e-07,4.506143262144081e-06,0.003082880462295417,-0.009071951720707544,-0.0004980362108424394,-4.9736438132829434e-06,0.0015322525463181203,3.788599846127708e-05,0.0028434303062847294,0.00040824680907404297,1.077749324772574,0.5187099867740503,0.006350084971623992,0.0009282720278715837
equilibrated_n128,0.5,91,0.7109375,-0.950885823605889,0.08117657613282463,6.101959000117793,0.00494438886445816,0.006848622659414321,0.0,0.0,6.671276711146061e-10,5.259051519520691e-09,0.007573483721370117,-0.007574238720804918,-1.1662371719179218e-06,-8.492397506485542e-08,0.004431748211833846,0.0014667718289564757,0.00047568705636697725,0.0,-1.481087950044424e-06,-1.2881903388378531e-06,-7.948447998547871e-07,4.242316541986883e-06,0.0031432165974863155,-0.009039722359422556,-0.0004760584487390404,-4.327240517051739e-06,0.0014662289300572504,3.807174764734785e-05,0.002888832887582676,0.00040676563854209264,1.0151012447688967,0.5037470188676869,0.005908540692760827,0.0009438525852246508
equilibrated_n128,0.5,92,0.71875,-0.9391550588740364,0.07982915386144732,6.22612912843042,0.00488457867556168,0.006729595152763314,0.0,0.0,5.915271226216388e-10,2.8423702813725515e-09,0.007610416629527615,-0.007611119352311044,-1.145290835706331e-06,3.1330608386608057e-07,0.00440531738158744,0.0014033527173254305,0.0004607649053977455,0.0,-1.2225656984541122e-06,-1.063341835348331e-06,-6.560769330433465e-07,3.5019343307569176e-06,0.0032063218136386285,-0.009013408727801125,-0.0004612541193004085,-3.188628246890837e-06,0.0014048275375677342,3.825729276925529e-05,0.0029254500787234995,0.0004048433160727275,0.9604180551805699,0.4899047183546307,0.005503515146682906,0.0009564750524584113
equilibrated_n128,0.5,93,0.7265625,-0.9274168709750572,0.07965471438542432,6.337781002249888,0.004812749674977417,0.0066266116012247455,0.0,3.661189908635006e-07,5.155652413258936e-10,2.01666090147707e-09,0.007647348188658319,-0.007648002846269778,-1.1256204232442559e-06,7.230920541950584e-07,0.004375362221460553,0.0013452773872377301,0.00045280293676779976,0.0,-8.630092251530334e-07,-7.506189835073419e-07,-4.63075629211877e-07,2.4721999427517187e-06,0.003272848976422919,-0.008992529614524,-0.0004534654815618321,-1.7491078885566602e-06,0.001347652335894581,3.8442837257971004e-05,0.0029531991597068824,0.0004024648812497104,0.9126728425781763,0.4771714337450121,0.005132714855660604,0.0009661169501691231
equilibrated_n128,0.5,94,0.734375,-0.915655891348609,0.08051005362118713,6.437470283327096,0.004730538173853265,0.006536599563365394,0.0,1.449024903140964e-06,4.4074286360050234e-10,1.3803515077067633e-09,0.007684317623507941,-0.007684928171532669,-1.1070854173130556e-06,1.1405560561293408e-06,0.004341782025685259,0.001292050431779186,0.00045065904049890367,0.0,-4.6750567648913926e-07,-4.066312033550361e-07,-2.507785381845454e-07,1.3395167023820198e-06,0.003343003103499171,-0.0089765719721085,-0.0004515153473780322,-1.9896064625267892e-07,0.0012943964259205791,3.8628577656832514e-05,0.002972474438592406,0.0003996620255755418,0.8709218213048999,0.46550412282725084,0.004793904116931069,0.0009729127177408117
equilibrated_n128,0.5,95,0.7421875,-0.9038577490102205,0.08221463287688717,6.5258891888076604,0.004639198291737299,0.006455212746111297,0.0,2.4501025490184656e-06,3.683876886054083e-10,1.006378300557489e-10,0.0077213605395655355,-0.007721930702579698,-1.0895578481188562e-06,1.5619995653370688e-06,0.004303864673579862,0.0012429609555361396,0.0004529685072231385,0.0,-1.0175356050202906e-07,-8.851964536388847e-08,-5.445147775787013e-08,2.920388155961513e-07,0.0034175976195461753,-0.008964803138470473,-0.00045400361359349944,1.2699607497409174e-06,0.0012445350083840124,3.881469237401507e-05,0.0029832743332956916,0.00039640157574102376,0.8343416456837518,0.4548452834001654,0.004483935717008383,0.0009768675356553085
equilibrated_n128,0.5,96,0.75,-0.8920043436829828,0.08456153163094622,6.603836298983341,0.004539386674821655,0.006376838279519154,0.0,3.184458596255478e-06,2.996141134218397e-10,2.5710526940005704e-10,0.007758523600473165,-0.007759056878551876,-1.0729138775066364e-06,1.984057754057058e-06,0.004260012817036055,0.0011972455732991625,0.00045819771529384047,0.0,1.7158945312837146e-07,1.4921930334820425e-07,9.227200302747086e-08,-4.90788179012842e-07,0.003498339193983982,-0.008956451671154386,-0.00045936290117437454,2.4748459330698998e-06,0.0011975010883911795,3.9001415687064314e-05,0.0029847644123627624,0.00039253401769864983,0.802409117068793,0.4451870052531294,0.004200242117984315,0.0009777137525488727
equilibrated_n128,0.5,97,0.7578125,-0.8800711617481801,0.08724623718308472,6.676393265001766,0.004434213507094134,0.006297176585593449,0.0,3.60823289561071e-06,2.35317855758353e-10,5.157839029820242e-10,0.007795872750030285,-0.007796372420998413,-1.0570303091155246e-06,2.4037717444400575e-06,0.00421021578957583,0.0011543480413680441,0.000464502260876983,0.0,3.3778096309057916e-07,2.937634686996379e-07,1.8147843873035178e-07,-9.667434569490728e-07,0.0035853191794913645,-0.008951014225835156,-0.00046574076962482884,3.37051520138913e-06,0.0011530110455906704,3.918907864717852e-05,0.002977489590913429,0.00038787611422781167,0.774485357805702,0.43645632487123887,0.003940576682630593,0.0009756537196755049
equilibrated_n128,0.5,98,0.765625,-0.8680267125342628,0.08995370756957603,6.748050658716127,0.004326686321197877,0.00621208146282117,0.0,3.768308300642995e-06,1.761858067886356e-10,3.2774224385302177e-10,0.007833494567317321,-0.007833963693593899,-1.0417844394522575e-06,2.8185597333284404e-06,0.004154261744878495,0.0011138810118354874,0.00047008519890327116,0.0,4.129061295815352e-07,3.5910288938146105e-07,2.2180206309951783e-07,-1.1818933600470988e-06,0.0036788199163092445,-0.008948203808318768,-0.00047134878540582297,4.000453093375539e-06,0.0011109732213778708,3.937811605731432e-05,0.0029616245009283803,0.0003822412412335891,0.7502458336832465,0.4286516895197611,0.0037042148273388445,0.0009707635472014057
equilibrated_n128,0.5,99,0.7734375,-0.8558311771754455,0.09246125539513152,6.817208889012935,0.00421757313550009,0.006117024654645136,0.0,3.713126351998736e-06,1.227167388389235e-10,4.208189811427763e-10,0.007871499970001566,-0.007871941408013382,-1.0270526469099625e-06,3.226187364072871e-06,0.004090333931186699,0.0010757502628092877,0.00047361366714857543,0.0,4.135771077122636e-07,3.5968595709769785e-07,2.2215999077606087e-07,-1.183813490327566e-06,0.0037807524617071544,-0.008948051356779767,-0.00047486287978626147,4.410000854400437e-06,0.001071528433558541,3.9569084986102194e-05,0.002935445498405206,0.0003755106893114966,0.7300618826959588,0.4219859936791983,0.00349372510294604,0.000962469694512016
equilibrated_n128,0.5,100,0.78125,-0.8434399198955657,0.09460405601368889,6.881271066318051,0.004108916369862471,0.006011138847027012,0.0,3.4923465998461306e-06,7.526018471739406e-11,5.438795931465401e-10,0.007910012579749203,-0.00791042900184328,-1.0127143766074227e-06,3.624553853585134e-06,0.004018451144226069,0.0010404929190806615,0.00047435121856021796,0.0,3.5681034622224134e-07,3.1031269771065256e-07,1.9168635430974184e-07,-1.0212373052528925e-06,0.0038912046251769116,-0.008951232233621653,-0.0004755556192911351,4.645791158838026e-06,0.001035379976305916,3.9762606476087324e-05,0.002898433012193232,0.00036776212717516807,0.7144411976749109,0.4167195694106167,0.0033138468456422646,0.0009505900727755112
equilibrated_n128,0.5,101,0.7890625,-0.8308105957587887,0.09629370719435654,6.937777121139152,0.004004376192331036,0.005898181737120979,0.0,3.1588847367493417e-06,3.4055958347025935e-11,2.842538556051017e-10,0.007949145998868739,-0.007949539927332029,-9.986586235942768e-07,4.011385311776681e-06,0.003941156302805856,0.0010092412932983857,0.0004723126281399942,0.0,2.6071052952432835e-07,2.2672962895154762e-07,1.400994338972725e-07,-7.460148625383658e-07,0.004007728985533358,-0.008959007950259366,-0.0004734513861974858,4.757400174315047e-06,0.0010037198108262888,3.9959251446212404e-05,0.0028519965066150454,0.00035929410250381974,0.7038716972466251,0.41310134934693027,0.0031703223583426873,0.0009355775627218492
equilibrated_n128,0.5,102,0.796875,-0.8179104799871798,0.09754759941597078,6.984536088003929,0.003907902358337624,0.005785147225802786,0.0,2.771538011799032e-06,8.887566030346683e-12,9.143417952467263e-10,0.00798898088928836,-0.007989354732719006,-9.847889985008717e-07,4.383997534074566e-06,0.003862597803080675,0.0009832813853504836,0.0004682482496799137,0.0,1.4535832830951714e-07,1.264018800902755e-07,7.817818787589156e-08,-4.1565525354788096e-07,0.004126237727879375,-0.00897276251994958,-0.0004693112168662904,4.799652787622446e-06,0.000977764317462882,4.0159424799403816e-05,0.0027989975681313823,0.00035055230977497023,0.698653209702958,0.41129831899303976,0.0030675883366459095,0.0009183645545483678
equilibrated_n128,0.5,103,0.8046875,-0.8047220127915704,0.09851406153083515,7.019538668557283,0.003822482613405382,0.005680666849409521,0.0,2.3974340624787445e-06,2.9166576436545914e-11,8.471655591043699e-10,0.008029547639438063,-0.008029903720885356,-9.71026200074947e-07,4.739216171673705e-06,0.0037874364263274637,0.0009637193423273428,0.00046355682334611726,0.0,3.3643513826368e-08,2.923779152547261e-08,1.8209454842662307e-08,-9.571256374168555e-08,0.004242077569596773,-0.008993652301004225,-0.00046454605900103483,4.834928735415391e-06,0.0009584157565935432,4.0363279684358206e-05,0.002742990524631404,0.0003420384436059922,0.6988108402031995,0.41135294387432375,0.0030075040149298553,0.0009001132954221669
equilibrated_n128,0.5,104,0.8125,-0.791246837399597,0.09927100232115375,7.0409836270643815,0.003750943109453208,0.005591295027024356,0.0,2.109021460630445e-06,5.131774245118229e-11,1.7716701229329273e-09,0.00807081485237604,-0.00807115542352292,-9.57309352716624e-07,5.073445134071846e-06,0.0037197875379637755,0.0009510840098524841,0.00045915722887373346,0.0,-4.975368018411046e-08,-4.329704417278165e-08,-2.65588336628409e-08,1.4313140657426799e-07,0.004351077068092448,-0.00902219613633123,-0.0004600879793927872,4.930313727497578e-06,0.0009460736694277216,4.057065790853654e-05,0.0026875622122942183,0.0003342330163748137,0.7040385261408424,0.4131588079380384,0.002988879804272111,0.0008819986756258557
equilibrated_n128,0.5,105,0.8203125,-0.7775066791065907,0.09991706472251165,7.0461958515589895,0.0036939299598209717,0.0055206189620541635,0.0,1.929677085903757e-06,6.755889930807105e-11,2.957743877844975e-09,0.008112687487679614,-0.008113014725621925,-9.435953687504626e-07,5.382901723771969e-06,0.003661952454534327,0.0009451758519982433,0.0004557804892178445,0.0,-9.683627286016949e-08,-8.424726445417133e-08,-5.183402829705813e-08,2.7797407673030144e-07,0.004450831869418147,-0.009058106330355715,-0.0004566722505582979,5.104927647041667e-06,0.0009404166853577865,4.0781081999980524e-05,0.0026352144385361235,0.00032751060092895177,0.713730671482047,0.4164777367640899,0.0030072856736105954,0.0008648368855510746
equilibrated_n128,0.5,106,0.828125,-0.7635403122984619,0.10048425027074578,7.032945650636017,0.0036508672007465885,0.005468735433943501,0.0,1.8436284313662635e-06,7.845232919213624e-11,2.6103361956976412e-09,0.008155017804463566,-0.008155333792222474,-9.298561853231138e-07,5.663971107566958e-06,0.0036146492858837153,0.0009450471849586651,0.0004535976673348769,0.0,-1.1291199731601329e-07,-9.822925892752488e-08,-6.046522097191931e-08,3.240162761842461e-07,0.004540481430577167,-0.009100282747922211,-0.0004544670582992281,5.339954831382712e-06,0.000940461572822083,4.099380939012215e-05,0.0025876144821448052,0.0003221252320983808,0.7268946586220675,0.42092588276465853,0.0030551549547876925,0.0008491713234380484
equilibrated_n128,0.5,107,0.8359375,-0.7494003566532108,0.10080736951236094,7.00060268318408,0.0036217735168422097,0.0054322255350257725,0.0,1.8311438707565972e-06,8.475971740608528e-11,5.029370025962808e-09,0.00819761674412692,-0.008197923442653897,-9.160775302538255e-07,5.913527739470451e-06,0.0035777195204847938,0.0009491689697060388,0.0004517529504820911,0.0,-1.0463356945763926e-07,-9.102921436211607e-08,-5.602346645415357e-08,3.003107297896877e-07,0.004620001857211583,-0.009147001383145574,-0.0004526130045458908,5.613217009680763e-06,0.0009448368330922018,4.1207889993710253e-05,0.0025461347707913333,0.00031824287139553623,0.7421734653885179,0.4260043446494621,0.0031228862277618776,0.0008354524695034368
equilibrated_n128,0.5,108,0.84375,-0.7351495151985399,0.10150817606220731,6.949070443749518,0.0035946347311587613,0.005406817106817025,0.0,1.869623278513405e-06,8.739227153865771e-11,2.3699398549040848e-09,0.008240267238172155,-0.008240566456526925,-9.022581619853347e-07,6.1291991122551685e-06,0.003546191181669169,0.0009543844258199994,0.00045218593802467103,0.0,-7.962700859410009e-08,-6.927984745180656e-08,-4.2602272090378806e-08,2.2869760418201472e-07,0.004694155683511579,-0.009194881602499472,-0.000453045593914566,5.900501508073154e-06,0.0009499060885128327,4.142223250269615e-05,0.0025089622908437766,0.0003156296460822805,0.757210335109002,0.4309161629544088,0.0031904742402332196,0.0008230852686253442
equilibrated_n128,0.5,109,0.8515625,-0.7208293619835896,0.10556393595831784,6.87841765014561,0.0035231316153183307,0.005386930430369862,0.0,1.9345549799793996e-06,8.733766709045671e-11,1.4329035810444079e-09,0.008282818334457112,-0.008283111694178311,-8.883827840543057e-07,6.309849539016273e-06,0.0035018408163375665,0.0009529831528157166,0.00046508595311830017,0.0,-4.614612999750585e-08,-4.0159900388607624e-08,-2.4632139471745676e-08,1.3281501512274724e-07,0.004781023664249543,-0.00923605468709364,-0.0004659497037628827,6.177034523893525e-06,0.0009455229274416921,4.16360783960689e-05,0.0024655855067297117,0.00031295440483332875,0.7669763833871728,0.43406147959766817,0.0032075520579204412,0.0008086208347085201
equilibrated_n128,0.5,110,0.859375,-0.7063947445068529,0.11799217265461037,6.78879264616772,0.0033382841699049455,0.005367957521328743,0.0,2.0007748487183587e-06,8.55572055099123e-11,3.9721849750723367e-10,0.008325376499826533,-0.008325665403569117,-8.743604527582651e-07,6.4558644112522854e-06,0.003417903570689224,0.0009349519624733411,0.0005065506066587295,0.0,-1.2604355373360702e-08,-1.0986932931293415e-08,-6.6292555384643085e-09,3.675819580126715e-08,0.004907485533492682,-0.009260606379109526,-0.0005074183378559492,6.419106215451018e-06,0.0009170329181487229,4.184996231455611e-05,0.002399251683586772,0.00030803897248019095,0.764432447351918,0.43324551670945954,0.0031029458253055654,0.0007865675606770292
equilibrated_n128,0.5,111,0.8671875,-0.6917011530310194,0.14023759509059874,6.680430035510686,0.003037736587210342,0.005347533416705987,0.0,2.043096892586271e-06,8.291913255195973e-11,1.3894290226566303e-09,0.008368331686741632,-0.008368617326526414,-8.600107511122327e-07,6.568120688079836e-06,0.0032917134804352024,0.0009006122807897818,0.0005765822792942083,0.0,1.263546624775175e-08,1.0965482150860168e-08,6.9173285907337264e-09,-3.5522428589578225e-08,0.005076605570840182,-0.009269240572798347,-0.0005774492073739113,6.603643116669414e-06,0.000861819612932851,4.206584436314506e-05,0.002306969510919132,0.0003003698360967801,0.7471443457347547,0.4276374459607377,0.0028639481666779738,0.0007559536816749677
equilibrated_n128,0.5,112,0.875,-0.6766513223940402,0.16567188293578508,6.553507147838201,0.002723809632657893,0.0053216226575790735,0.0,2.0515434915373226e-06,8.023115189182968e-11,4.069171057484493e-09,0.008411920327732456,-0.008412203739223325,-8.452037225615279e-07,6.646189151502057e-06,0.0031590727093177406,0.0008633108274869616,0.0006485937886414164,0.0,2.6324846163078356e-08,2.287197674763508e-08,1.4263866317126444e-08,-7.472347956142887e-08,0.005252821293568552,-0.009275537438687035,-0.0006494532562302952,6.720912631063486e-06,0.0007981419855722911,4.228491231000739e-05,0.0022111920572107637,0.0002927371370587241,0.721911046097987,0.4192499070924166,0.0025776598562229835,0.0007241456430395694
equilibrated_n128,0.5,113,0.8828125,-0.6613422540940261,0.18751969348969047,6.408739116165274,0.002479680860197163,0.005302189615448405,0.0,2.031176508084938e-06,7.828468616339804e-11,1.8973046624063384e-09,0.008455809667215257,-0.0084560917641976,-8.300069425161233e-07,6.688719615641703e-06,0.0030558794599679583,0.0008347172774136832,0.0007047808507793392,0.0,3.01790576056595e-08,2.622440119410594e-08,1.6331090955135826e-08,-8.575736976172885e-08,0.005399900028189693,-0.009290835266012477,-0.0007056271888128106,6.774476985403432e-06,0.0007450624824792489,4.2505494181110815e-05,0.0021361511941920533,0.0002883285753079283,0.6975746702808183,0.4109242924586188,0.002334223700683441,0.000699077944371737
equilibrated_n128,0.5,114,0.890625,-0.645986277975401,0.20631391972611987,6.246814664189639,0.0022988414794585348,0.005315514722285241,0.0,1.989451726272339e-06,7.774062481082832e-11,1.8091934887154833e-09,0.008499350051369108,-0.008499631606995833,-8.146156198301296e-07,6.695706924597918e-06,0.0029885645323382993,0.0008182822144403908,0.0007533392618901395,0.0,2.6646355385396404e-08,2.3152111087157715e-08,1.443319670681255e-08,-7.563573790305114e-08,0.005510758872675423,-0.009317936973547311,-0.0007541683107066764,6.771342662500969e-06,0.0007055821629531865,4.272432451693253e-05,0.0020848336688640435,0.0002876896630413793,0.6768714199993083,0.40365135449657047,0.002148659308855076,0.0006817116313698429
equilibrated_n128,0.5,115,0.8984375,-0.6307590580585295,0.22413494723281066,6.068144710929906,0.0021633679333222383,0.005390559860284954,0.0,1.935044237727117e-06,7.899544675603218e-11,4.8513965287163e-10,0.008542019789446841,-0.008542301413482169,-7.992044011409497e-07,6.669247882930196e-06,0.002959064494355466,0.0008175830037994281,0.0008059886589461659,0.0,1.861096671025207e-08,1.616364666324968e-08,1.0118393372078649e-08,-5.261880091137014e-08,0.005582936684124665,-0.009359900580928261,-0.0008067979817406789,6.721866683841566e-06,0.0006798715594756841,4.293878121939855e-05,0.002055603928117241,0.00029082651985584484,0.6614810860946241,0.39812736457293113,0.0020236254287368635,0.0006714859459708447
equilibrated_n128,0.5,116,0.90625,-0.6158824560998057,0.22914494296610644,5.87305173048773,0.002175946544424103,0.0055374701004551365,0.0,1.8770384109501882e-06,8.20781654846205e-11,4.1489838318041527e-10,0.008583194511361499,-0.008583476649230551,-7.840092175081153e-07,6.613311981252465e-06,0.0030133120904722284,0.0008430971867004139,0.0008395918924357715,0.0,9.054850149399627e-09,7.85254777553617e-09,4.987354478773296e-09,-2.524668521814134e-08,0.005569873366039121,-0.009426581688478741,-0.0008403808890077584,6.6385586664706065e-06,0.0006938546763722158,4.314572597880207e-05,0.00208392345181421,0.0003032020612576314,0.6659118652061464,0.39972814835780274,0.0020792046064190845,0.0006799362774689468
equilibrated_n128,0.5,117,0.9140625,-0.6019425345848083,0.19724455753580952,5.610973257352743,0.002547192554652802,0.005670415615906174,0.0,1.825034517209683e-06,8.64475098400085e-11,2.9753599498041864e-09,0.008621294013779016,-0.00862157693312561,-7.696545506040898e-07,6.535902163517284e-06,0.003203406860244741,0.0009051126908056422,0.0007800355151692907,0.0,8.757671015389341e-10,7.391154089217388e-10,5.955934482022077e-10,-1.8184929786467756e-09,0.005417886277767173,-0.009526690363046661,-0.000780805765313343,6.537720656495931e-06,0.0007945921471424629,4.3337216388604384e-05,0.0022116197366618905,0.00033453769219261636,0.7185612734147336,0.4181179248773436,0.002555933146192887,0.0007203387804976752
equilibrated_n128,0.5,118,0.921875,-0.5895975367465683,0.13889890798550622,5.100446910655742,0.003214200764644325,0.005626515824052893,0.0,1.7854050033261025e-06,9.105140565259873e-11,1.157682524147906e-10,0.008654627094354156,-0.008654910882707824,-7.568567379674507e-07,6.4488893069974865e-06,0.0034129703420633668,0.0010071120145184814,0.0006023240312338596,0.0,-4.186813400703376e-09,-3.6637735057240315e-09,-2.123119684923164e-09,1.2683889679923439e-08,0.005241660939104191,-0.0096620192334528,-0.0006030787648521421,6.436205417317563e-06,0.0009669546157784427,4.350475145177222e-05,0.0023188488246413392,0.0003801113030901017,0.83399539073273,0.4547423591940035,0.0034828788700293164,0.0007521800204192552
equilibrated_n128,0.5,119,0.9296875,-0.578588691517084,0.10302998933075523,4.2976604879824185,0.003605724168250045,0.005456284182261459,0.0,1.755500985931433e-06,9.50911216342367e-11,1.8406415024778026e-09,0.008684017052882211,-0.008684301715959984,-7.453829484874124e-07,6.358126253045085e-06,0.003417614288131448,0.0011131180479402565,0.0004618981726019119,0.0,-6.846829059032196e-09,-5.9770646661185815e-09,-3.552047545818287e-09,2.03051732330362e-08,0.005266409611579822,-0.009797413786835574,-0.0004626400035028535,6.337821079812048e-06,0.001109181153328026,4.3652469182839974e-05,0.0022171913018255124,0.00041852272467349374,1.0005281478551604,0.5001320021054757,0.004437895618142644,0.0007127299591333253
equilibrated_n128,0.5,120,0.9375,-0.5683049863722752,0.08353474558569869,3.3174048203451467,0.0036637474433355017,0.005124683373005397,0.0,1.7314253578988396e-06,9.800335311688159e-11,1.3487669669554146e-09,0.008711175921908128,-0.00871146146009711,-7.346177941576827e-07,6.263460418988697e-06,0.003205338650249396,0.0011886062150928372,0.0003645035411526327,0.0,-8.00832342671045e-09,-6.9870373393982365e-09,-4.1765293165307236e-09,2.363462388923004e-08,0.005505845279982159,-0.009900060688152608,-0.0003652339824174739,6.239825795099467e-06,0.001201946478354101,4.378897383653532e-05,0.0019291544874834882,0.000446831966831701,1.2460862892551405,0.5547811298328946,0.005282524382641119,0.0006085529961175352
equilibrated_n128,0.5,121,0.9453125,-0.5586186162331283,0.06408092140999738,2.3461890418210665,0.0036299265681096434,0.004695358478530455,0.0,1.7115287679299495e-06,9.903372896120683e-11,1.0293148860844513e-09,0.008736488585185723,-0.008736774979610241,-7.244397594711368e-07,6.166868641908488e-06,0.0029145295332289934,0.0012478418417668337,0.00026563778738334813,0.0,-8.142543541574027e-09,-7.103556754477179e-09,-4.249537616444926e-09,2.4021880598716083e-08,0.005821967194500272,-0.00998460971782032,-0.00026635797760520284,6.142846761309772e-06,0.0012747357274394344,4.391619984943884e-05,0.001578855291763282,0.00047183684843580615,1.6147594198019202,0.6175556372693919,0.006069559072873324,0.0004792826871954285
equilibrated_n128,0.5,122,0.953125,-0.5493750382219111,0.05170646275254931,1.5495456907469067,0.003529038852812943,0.004343808843670552,0.0,1.6945212569415708e-06,9.737757762429334e-11,2.7076372780780118e-09,0.008760394429419642,-0.008760681655206227,-7.146945632973736e-07,6.069323156725813e-06,0.00264205432441794,0.0012940964937518122,0.00020298175212192916,0.0,-7.58087330549126e-09,-6.6148412843200246e-09,-3.948970824352192e-09,2.241603712858284e-08,0.0061183476858750075,-0.010054771534116755,-0.0002036924977144022,6.046907119597231e-06,0.0013276373807139853,4.4036355367713056e-05,0.001259885119930702,0.0004941606359529921,2.107553077199626,0.6782034046861234,0.00670593916435321,0.00035535403454647516
equilibrated_n128,0.5,123,0.9609375,-0.5405393900143142,0.04048423341532294,1.0092749771186118,0.003477070156055189,0.004091658983997996,0.0,1.6796057960659026e-06,9.218995298887679e-11,6.22695812893599e-10,0.008783011456430116,-0.008783299478454186,-7.053506220235271e-07,5.9726011926066e-06,0.0024537070248824154,0.0013303818269932853,0.0001529452631631139,0.0,-6.569158317237685e-09,-5.73471486113675e-09,-3.4067994357854472e-09,1.952117933629351e-08,0.0063293110007060175,-0.01011367557073261,-0.00015364720698570164,5.953080013270307e-06,0.0013683399888850575,4.415003362543552e-05,0.0010350251306382595,0.0005151236851227456,2.644071044035918,0.7255816398978682,0.0071750148026720854,0.0002595507381807327
equilibrated_n128,0.5,124,0.96875,-0.5320306933986765,0.029990051337272478,0.713920145866996,0.0034898186237513054,0.003937660231002564,0.0,1.6660680893420018e-06,8.260379200450288e-11,5.614261078180672e-10,0.008804570498022841,-0.008804859278967453,-6.963253275647228e-07,5.877768719789844e-06,0.0023582096470094543,0.0013552509173986706,0.00011126679925254796,0.0,-5.29319942489669e-09,-4.6247763770688535e-09,-2.7227672980464555e-09,1.5869444871327742e-08,0.006446366144212812,-0.010160105571589747,-0.00011196040181281465,5.861899274918517e-06,0.0013961724147352678,4.425839435831505e-05,0.0009144419408941537,0.0005335382416148555,3.0536053789704165,0.7533060309254889,0.007462592547517453,0.00020104830546941406
equilibrated_n128,0.5,125,0.9765625,-0.5237953771863159,0.021679177401136285,0.5913262849970418,0.003552585081131941,0.0038772991963649467,0.0,1.653363120630157e-06,6.77546328004531e-11,2.4931460158766745e-09,0.008825225609325462,-0.0088255151096512,-6.875628966974795e-07,5.786065340941827e-06,0.002338750268272047,0.0013759096821032199,8.049294143452406e-05,0.0,-3.899503342720868e-09,-3.4124492186013447e-09,-1.975522970126796e-09,1.1880429017796019e-08,0.006486479240556758,-0.010201421379305202,-8.117852880825141e-05,5.774184911924031e-06,0.001418526873545021,4.4362212198699055e-05,0.000874116161771429,0.0005493003980469373,3.2456255486005965,0.7644634486596185,0.007637045079498698,0.00017631071520995013
equilibrated_n128,0.5,126,0.984375,-0.5157714765796717,0.01415128296626168,0.5562006192860991,0.003636163931031075,0.0038507142903271368,0.0,1.6410155609563984e-06,4.6773721261416377e-11,4.592569676046183e-09,0.008845146441141991,-0.008845436621200522,-6.789966611006229e-07,5.698622480546508e-06,0.0023522168583199584,0.0013909367752770313,5.295982058459515e-05,0.0,-2.504221379348489e-09,-2.198755035209613e-09,-1.2274216804449404e-09,7.886794656823111e-09,0.006492932087043412,-0.010236371197722518,-5.363758982401533e-05,5.6907356858896855e-06,0.0014346496653321575,4.446233946206122e-05,0.0008723554041188044,0.0005605674443947941,3.289140317257152,0.7668530460576103,0.0077355425878741415,0.00017071333131373127
equilibrated_n128,0.5,127,0.9921875,-0.5078687014110475,0.006294856854463449,0.5486208320875825,0.003714943782791037,0.0038123796055560284,0.0,1.6285566749732636e-06,1.8671866431344475e-11,5.1537349261115815e-09,0.008864565731934376,-0.00886485655474493,-6.7052746679388e-07,5.616388535157234e-06,0.002364379462132258,0.0013989936737485518,2.368895650012327e-05,0.0,-1.2001315897629047e-09,-1.0643862411521518e-09,-5.282756691887166e-10,4.154273901141305e-09,0.0065001874699337076,-0.01026384916410724,-2.4358955691247964e-05,5.612234261256093e-06,0.001443404501283952,4.455994612560065e-05,0.0008762658961325048,0.0005658363092993363,3.294444089755348,0.7671409898232091,0.007784161111571207,0.00017029503402991156
equilibrated_n128,0.5,128,1.0,-0.5,-0.0006237113275382494,0.5466340413272345,0.0037679507771049485,0.0037612079927831278,0.0,1.615536010485232e-06,1.7633062055234512e-11,8.698160578642631e-10,0.008883699480003206,-0.00888399091037136,-6.620567657865549e-07,5.5406896433772405e-06,0.002365086723626291,0.0013992013895923327,-2.347828222989718e-06,0.0,-7.391232654938386e-11,-8.4730412633108e-11,7.537674808151286e-11,9.311284102340934e-10,0.006518612830289241,-0.01028319221523328,1.6856960804550816e-06,5.539758514967007e-06,0.0014438560428879,4.465611766262474e-05,0.0008765730987087083,0.0005667618035592198,3.2943197664059367,0.7671342484034592,0.007786563158618691,0.00017004151586247506
equilibrated_n128,1.2849999999999135,0,0.0,-2.1,1.9873274644899212e-56,0.2500000000000001,75.76175376075396,75.78054505937205,0.002204714407682936,0.02099601302575248,5.619802707444027e-07,2.166656571253242e-05,-0.0036301572134148125,-0.007970206503302896,-0.004697824654517386,0.01312578055944269,37.89082394777238,37.868725098573904,1.505590325171752e-54,0.0,0.0,0.0,0.0,0.0,-37.8944541049858,-37.876695305077206,-0.004697824654517386,0.01312578055944269,37.868748503747845,2.340517394325355e-05,0.022052038850592565,0.017641631080474052,3434.489550858946,0.9997089206690354,227.19043898363648,0.002646244662071108
equilibrated_n128,1.2849999999999135,1,0.007812499999999999,-2.085178880196834,0.008373068001328175,0.2827129493462698,70.45690559374289,72.87489924285045,0.001870677616031352,0.020147386924855296,6.39292246723544e-07,1.0202987053228169e-05,-0.0032015434031519305,-0.00783172136700038,-0.00458089454243571,0.01098074160178805,35.83845735788517,35.816436028141055,0.5999292349496801,0.0,-1.8523662060543943e-05,-5.708837648442866e-06,-1.1717215229724296e-05,-1.812813450182689e-07,-35.841640377626256,-35.824262040670405,-0.604498412276886,0.010980922883133069,35.81143632906873,2.354920789963028e-05,0.021974231328321363,0.017131059088099528,3259.402870025616,0.9996932894369609,214.84664374308403,0.002872965977904669
equilibrated_n128,1.2849999999999135,2,0.015625,-2.0703792749684187,0.01696177041364221,0.367913954822197,66.06290889426258,70.71847502546338,0.0015574256811194467,0.01904808908064869,7.261003302271377e-07,3.081912351966809e-06,-0.002787315846131305,-0.007686820297722526,-0.004455458777722087,0.008980183332009173,34.20159664309253,34.17879255938956,1.1595188669503191,0.0,-0.00013080847963316893,-4.057028333659425e-05,-8.279292783977599e-05,-2.2912843341418455e-06,-34.20425315045903,-34.18643880940394,-1.1638915328002015,0.008982474616343314,34.159148760480974,2.3693902919079072e-05,0.022756695897138468,0.01663605800417206,3002.118489861817,0.9996670128057298,204.93213586698872,0.0035316899448919214
equilibrated_n128,1.2849999999999135,3,0.0234375,-2.0556029152177806,0.02576856076593211,0.48646810345416475,61.79419517836091,68.52115570394027,0.0012668916333953301,0.01757647191908871,8.260342091977527e-07,1.2063514092724645e-06,-0.0023912008427701904,-0.0075369727374456,-0.004322094655642915,0.007133590804603372,32.58615090171646,32.56210285765788,1.6776627363234147,0.0,-0.00038608833206184984,-0.00012040347191191892,-0.00024469958421956923,-1.0236900668904443e-05,-32.58815601422717,-32.569519426923414,-1.681740131394838,0.0071438277052722765,32.51889574266565,2.3839173457079544e-05,0.02400036571167127,0.016145900242259266,2709.8666856440323,0.9996311142833781,195.08937409028223,0.004379481316370606
equilibrated_n128,1.2849999999999135,4,0.03125,-2.0408511965482186,0.034798217019476906,0.6205123160440584,57.662422594859954,66.29234889769864,0.0010031391955560836,0.015715200863107265,9.43376162552273e-07,4.842888474487252e-06,-0.002016537929080752,-0.007383533221510418,-0.004181319188286585,0.005447377511714888,30.9972269799058,30.971799596344162,2.153803560292784,0.0,-0.0007925252813445491,-0.00024837583991494815,-0.0005033037713987904,-2.918694910186641e-05,-30.998450992553536,-30.978934753725756,-2.1574815757096717,0.005476564460816754,30.89687505754853,2.3984912766946203e-05,0.02537941373609915,0.015661351959394262,2434.798169793927,0.9995894569540281,185.3558709315551,0.005238322951287334
equilibrated_n128,1.2849999999999135,5,0.0390625,-2.02612513727621,0.04405711989720635,0.754159457616707,53.67719614917296,64.04127335719674,0.0007716232382877827,0.013527566352764088,1.083107724269422e-06,9.637645545812826e-06,-0.0016661064392367686,-0.007227720315938431,-0.0040335723649360285,0.003924961694340379,29.439383463877956,29.41270169451137,2.5878303162273264,0.0,-0.0013265422766195547,-0.00041768968302970924,-0.0008445865863169522,-6.435692417155701e-05,-29.439723028040575,-29.41951172514428,-2.5910193020059453,0.003989318618511936,29.2987134749816,2.4130985887927368e-05,0.026633507394795843,0.015183059487067113,2200.139323798302,0.9995456898210903,175.76564734249482,0.005992681995943035
equilibrated_n128,1.2849999999999135,6,0.046875,-2.0114253179847768,0.053553720462391645,0.8736573738954847,49.84623447836806,61.77702960466924,0.0005779386961425794,0.011132430874106067,1.2509289420287173e-06,5.251025168850681e-06,-0.001341884738580322,-0.0070706065016625415,-0.0038792086273440494,0.0025668682631206003,27.916694926356932,27.889081930376587,2.9800601585308018,0.0,-0.0019427036904436,-0.0006146027646749398,-0.0012405855828531774,-0.00011975653699639113,-27.91609410740507,-27.895537934113577,-2.982698781575293,0.0026866248001169916,27.729512898915747,2.427723022898435e-05,0.027564441519877476,0.0147115699507903,2011.9771248707675,0.9995032233662048,166.34951295197462,0.006570882822517453
equilibrated_n128,1.2849999999999135,7,0.0546875,-1.9967518870284506,0.06329368785850999,0.9672721383865572,46.176224270614256,59.5082709089302,0.0004264250542460298,0.008679144662539068,1.4532618669354722e-06,4.187043748854263e-06,-0.0010447202952756415,-0.0069131219228896305,-0.0037185020184320903,0.001370834279664765,26.43288605921542,26.404808745698414,3.3309484796769144,0.0,-0.002583558636692675,-0.0008214987230800473,-0.0016553221163588304,-0.0001971123076541178,-26.431347220874002,-26.410900368898222,-3.333011659578988,0.0015679465873188827,26.194005155790556,2.4423437591075452e-05,0.028028466641831867,0.014247376402544486,1869.1001181417882,0.9994652692707202,157.13600246810148,0.0069287558654977325
equilibrated_n128,1.2849999999999135,8,0.0625,-1.9821045915229796,0.0732776244545182,1.0253840185953518,42.6731771607506,57.24328701758303,0.0003188635483609313,0.006323481914875193,1.697205584034328e-06,3.098059786829123e-06,-0.0007738852120334894,-0.006756075881886755,-0.003551670785398156,0.0003318807488017337,24.991446031176363,24.963464885258837,3.64102630961648,0.0,-0.003188986462012837,-0.0010198019002893453,-0.0020505161937695907,-0.0002951551280549206,-24.989030929926383,-24.969201159240434,-3.6425274642081087,0.0006270358768566543,24.696683696072878,2.4569359138802625e-05,0.027932007199262202,0.013790968499215107,1768.3429278741714,0.9994348184378246,148.152170169238,0.007040981215853768
equilibrated_n128,1.2849999999999135,9,0.0703125,-1.9674828967492968,0.08349226402523421,1.041223887340462,39.34333098314937,54.98964341017364,0.0002533952101465499,0.004205403910909622,1.9904063292995253e-06,3.596523454192993e-06,-0.00052650909794113,-0.00660019920138866,-0.0033789298105238487,-0.0005576698000661915,23.595771539158847,23.568486257942133,3.9105901045808755,0.0,-0.003704702467877863,-0.0011926062709238408,-0.0023909276353330806,-0.0004094412098594882,-23.59259334578891,-23.5738938508726,-3.911578106756066,-0.00014822859020670326,23.242006951122175,2.4714686180390846e-05,0.027235851844355043,0.013342902762048801,1706.7214995839654,0.9994144244244488,139.4248058548887,0.00689971163489316
equilibrated_n128,1.2849999999999135,10,0.078125,-1.9528861635467782,0.09390702078958196,1.0124736800990923,36.19311825022629,52.75438989799591,0.0002237058244478284,0.0024292128399674598,2.340768683397297e-06,4.424581245878953e-06,-0.00029691060622594824,-0.0064462114765107235,-0.0032005791959007707,-0.0013082402407778196,22.24922299851083,22.223204616268063,4.139766535188526,0.0,-0.004089701459669393,-0.0013269612908596348,-0.002649202442020863,-0.000532857144412906,-22.24543020765739,-22.228323866453714,-4.140317911942406,-0.0007753830963649136,21.834476333233713,2.485904961181075e-05,0.025968664143545917,0.012903852805800293,1681.601811517156,0.9994056823229625,130.98088933525875,0.006518909320341352
equilibrated_n128,1.2849999999999135,11,0.0859375,-1.9383138930330275,0.10446664385478009,0.9434970627079741,33.22924949913168,50.54385283561588,0.00021848860914893548,0.0010465041195671671,2.7559340467480514e-06,5.193258164094827e-06,-7.591969921888058e-05,-0.006294913766370943,-0.0030171367088009152,-0.0019330780343133356,20.955106560881376,20.93081211012804,4.328443830243446,0.0,-0.0043225152330682555,-0.0014158218681635173,-0.0028101328311963573,-0.0006569454374704904,-20.95085996534753,-20.93569120202625,-4.32865083412105,-0.0012761325968428452,20.478659112087115,2.500201853988447e-05,0.024244446716252623,0.012474650557213392,1689.348439398202,0.9994084059968393,122.84771022580644,0.00594192827070391
equilibrated_n128,1.2849999999999135,12,0.09375,-1.9237659961060856,0.11509454483733261,0.8476713341553755,30.45755396131625,48.3639635225654,0.0002212165599991319,4.224521567343549e-05,3.2424081383656406e-06,6.2049743493001325e-06,0.00014960817934013757,-0.006147304196653164,-0.0028295160572541387,-0.002448274010284496,19.716476640013592,19.694150371039395,4.4766471331483695,0.0,-0.0044062390617873,-0.0014597260676894428,-0.002874258893335563,-0.000774175199294919,-19.711920792772467,-19.698837949168357,-4.476602390312288,-0.0016740988109895773,19.178937849950383,2.5143098056792764e-05,0.0222759827780835,0.012056247432266682,1721.938649442647,0.9994195962808522,115.05135111692421,0.005250292958666375
equilibrated_n128,1.2849999999999135,13,0.1015625,-1.9092429896036647,0.125697070537675,0.747742518331177,27.881829627579222,46.22009659740358,0.000210332059309413,0.0,3.804296059037142e-06,7.236471704252789e-06,0.0003967336898611908,-0.006004703332571568,-0.002639240020026826,-0.0028725428166356225,18.53580345020514,18.515392337527146,4.5847882461061875,0.0,-0.004372334502438203,-0.0014683103811570755,-0.002860743670123983,-0.0008812691537071447,-18.53103438201284,-18.51992873047856,-4.584566742456091,-0.0019912736629284777,17.939123167714513,2.5281758483282313e-05,0.020360549161032533,0.011649627417929787,1762.1453160062777,0.9994328317746008,107.61437845712605,0.00456500691536522
equilibrated_n128,1.2849999999999135,14,0.109375,-1.894746064406077,0.136181169060251,0.6699496964944527,25.501997314024514,44.117276983368974,0.00016011854241547874,0.0,4.4415732747167536e-06,8.611908286426488e-06,0.0006853377627009238,-0.00586886447115354,-0.002448656420056863,-0.003226500408786222,17.414522364093333,17.39567519228867,4.654180180449954,0.0,-0.00428242280396807,-0.001461511589744829,-0.0028089195338947435,-0.0009834897153330447,-17.409554603526665,-17.40008254517008,-4.653819917336116,-0.0022430106934531774,16.761888911758486,2.5417460538962947e-05,0.018796336883584102,0.01125563058758072,1783.5271857036769,0.9994396274777929,100.55253713366733,0.004018745101251
equilibrated_n128,1.2849999999999135,15,0.1171875,-1.8802768935940626,0.14647181868270476,0.7372733898306976,23.313871185485358,42.0615027396871,4.6051702367244304e-05,0.0,5.1481447716035175e-06,9.724659821823932e-06,0.0010354778405344328,-0.005742026369486564,-0.0022610941605455247,-0.0035311552692222047,16.35378290824124,16.33483927064061,4.687398522549429,0.0,-0.004186421508202093,-0.0014553433163703338,-0.002751728159539295,-0.001089116268896956,-16.348561008892503,-16.339125953693728,-4.686907888550435,-0.0024420390003252485,15.648293033883409,2.5549731230726305e-05,0.01889253813816447,0.010874821573135133,1656.5580462979274,0.999396702877324,93.8708656651623,0.004210943871226924
equilibrated_n128,1.2849999999999135,16,0.125,-1.8658373410223568,0.15653605513804733,0.8753257806834498,21.30618888205079,40.05585402585821,0.0,0.0,5.910072877669641e-06,1.4116743900895092e-05,0.0014629612374159452,-0.005626856399561862,-0.002080871114832822,-0.003805458820753754,15.351074467459357,15.331318508909776,4.688027505352976,0.0,-0.004086499506962087,-0.0014489180698155656,-0.002692090515953842,-0.0011986205523615131,-15.345525006714979,-15.335496447239523,-4.687416285951856,-0.002606838268392241,14.597498855062929,2.5678219768325886e-05,0.019704602110047556,0.0105072954859429,1481.6334553255995,0.9993255244602717,87.56528852826752,0.0047005615631400665
equilibrated_n128,1.2849999999999135,17,0.1328125,-1.8514287606331181,0.16639611286362554,0.9300265934794958,19.4628114665242,38.10221941188496,0.0,0.0,6.704715646842739e-06,3.119002684916694e-05,0.001973639349570675,-0.005526231077281277,-0.001913050170143585,-0.004063144085455977,14.402014850158558,14.382368588171914,4.660569229368719,0.0,-0.003980697473637674,-0.0014398933799650716,-0.0026302931986735526,-0.0013116597245060987,-14.39606051333535,-14.38645492586923,-4.65985198634019,-0.002751484360949878,13.606893787507238,2.5802834101386462e-05,0.019594656318443374,0.01015253177580195,1388.837197894593,0.9992804912679594,81.62176806872498,0.004778116547262782
equilibrated_n128,1.2849999999999135,18,0.140625,-1.8370511552722721,0.17613843548699432,0.959592260669134,17.76618081213296,36.205444679805126,0.0,0.0,7.501568006587113e-06,2.6313289650371427e-05,0.0025580068852756456,-0.005442840570557197,-0.0017628841808182355,-0.004309640601671473,13.503747668445289,13.484473273020075,4.61061969688578,0.0,-0.0038670728660565867,-0.0014259563155495478,-0.002566614148557327,-0.0014279046083257535,-13.497322588693958,-13.488490157275084,-4.609815966918041,-0.0028817359933457198,12.672391856740228,2.5923755136579215e-05,0.01922254791494377,0.009809463070843075,1318.4924197159737,0.9992421328193646,76.01512859252642,0.004738892815064406
equilibrated_n128,1.2849999999999135,19,0.1484375,-1.8227025900180558,0.1859004167935785,0.9898105095453578,16.197851708874396,34.36943465109545,0.0,0.0,8.265199870760923e-06,1.553983325870093e-05,0.0031885977342470373,-0.005378671052330521,-0.0016349884089026095,-0.00454035813210284,12.6527553388884,12.633846279498368,4.54376206610392,0.0,-0.003743691202041259,-0.0014048205178857549,-0.002501318957558053,-0.0015470462963218994,-12.645823049952112,-12.637820130032813,-4.542895735555264,-0.0029933118357809412,11.789185059252771,2.6041653975273678e-05,0.018856976082075837,0.009476769768586846,1250.3791708638557,0.9992008816965446,70.71625337943455,0.004698108904212688
equilibrated_n128,1.2849999999999135,20,0.15625,-1.8083788240188028,0.1958513817257213,1.0215030740383415,14.740729393444798,32.597145199186045,0.0,0.0,8.95993788355403e-06,2.7142554200291092e-05,0.003822556499247926,-0.0053344963413062135,-0.0015324101201064952,-0.004741617599970438,11.845481682321653,11.82692650564651,4.465006199560469,0.0,-0.003608613577035921,-0.0013742179177654347,-0.0024346582452654695,-0.0016688010959847804,-11.838050512245369,-11.83088678407005,-4.464103951435311,-0.003072816503985658,10.952475029532513,2.6157483835047985e-05,0.018502861707478162,0.009153021801008262,1183.8682256492177,0.9991560242916868,65.6963473154876,0.004658343978791518
equilibrated_n128,1.2849999999999135,21,0.1640625,-1.794073225502166,0.2061581853389862,1.0556006178479946,13.381305055542667,30.89058284741447,0.0,0.0,1.337383023941683e-05,7.446525579722727e-05,0.0044194797228660244,-0.005309535270294995,-0.0014558847163098903,-0.0048993932473606686,11.079031882389312,11.060814071885297,4.378230429930441,0.0,-0.003460027590947149,-0.0013320307525205887,-0.0023668666787989446,-0.0017929103203023103,-11.0711523750755,-11.06479157640307,-4.377319447967952,-0.0031064829270583583,10.158232303951493,2.6272496590618136e-05,0.018165265510830766,0.008836962468832081,1118.423762966173,0.9991066832480398,60.93122855819813,0.004622098976996296
equilibrated_n128,1.2849999999999135,22,0.171875,-1.7797770590835624,0.21696080340276325,1.0930112570178094,12.110273422396604,29.251387272455588,0.0,0.0,1.0122456895950323e-05,1.8940568323543017e-05,0.005293945014708152,-0.005307649105191703,-0.00141397915007441,-0.00517900791630251,10.351650530652467,10.33374877221542,4.2861626453626025,0.0,-0.003301318596373446,-0.0012813409359016465,-0.002298161997930842,-0.0019190544125064991,-10.343055267041386,-10.33777508038471,-4.2852784625147455,-0.0032599535037960104,9.40384586981976,2.638865712464159e-05,0.017848981122801304,0.008527895424811577,1053.7123441524348,0.999051874185844,56.40522623779575,0.00459150627990222
equilibrated_n128,1.2849999999999135,23,0.1796875,-1.7654800884600503,0.22833993356610696,1.1355983961679916,10.924030937747325,27.681807431847737,0.0,0.0,1.03460081131981e-05,5.329225426835022e-05,0.005838097105863599,-0.005327682184817159,-0.0014070555664800408,-0.0052808889520920615,9.662711929478332,9.645091753715624,4.190265816067236,0.0,-0.00314236680533812,-0.0012317166700408376,-0.0022287481086128644,-0.0020468257067655584,-9.65373146556713,-9.6491877192304,-4.189444123525103,-0.003234063245326503,8.688313244373,2.650872249403377e-05,0.017567158317719118,0.008225871656974798,989.1540893793313,0.9989900561834504,52.11231230792028,0.004571790202398347
equilibrated_n128,1.2849999999999135,24,0.1875,-1.7511714082968068,0.24030078426408344,1.185468878471335,9.821751618667124,26.182058448713008,0.0,0.0,1.0409322372576836e-05,5.6082487350690886e-05,0.006031757421821893,-0.00535879803408124,-0.0014179558885648682,-0.00519332285893615,9.012075782257439,8.994688817009598,4.090817575128306,0.0,-0.0029934626558738766,-0.0011931435333579822,-0.0021588235054007926,-0.0021758202130341717,-9.003050562179743,-8.99885447151032,-4.090076707511471,-0.003017502645901978,8.011688780277595,2.663485262502842e-05,0.01733369554258959,0.007931339454586035,924.4063114634213,0.9989193935813787,48.05279898612298,0.004568190224941648
equilibrated_n128,1.2849999999999135,25,0.1953125,-1.7368404581209376,0.25276197439564335,1.2436954850772137,8.804689626808482,24.75092822047634,0.0,0.0,1.0342112077520865e-05,2.374869796934083e-05,0.005954631525169583,-0.0053917446351066465,-0.001430353521689309,-0.0049549395856975965,8.399809690097106,8.38260279230037,3.9872178831242526,0.0,-0.0028649815748864787,-0.0011756902901170498,-0.0020885882289778603,-0.002305631751943439,-8.390990076997051,-8.38681884664536,-3.986559648416964,-0.0026493078337541573,7.374812496338845,2.6768522580491597e-05,0.01715336075157622,0.007645137615894392,859.8679411159908,0.998838381646895,44.231721617281494,0.004581991430573072
equilibrated_n128,1.2849999999999135,26,0.203125,-1.7224778691095868,0.26557488936982493,1.3091911345615577,7.874094092978997,23.38574262432989,0.0,0.0,1.018235383321714e-05,2.0360197191168425e-05,0.005735267705394954,-0.005420649037613287,-0.0014326289449331584,-0.004630338192025015,7.825629126118233,7.808560894762871,3.8784977538075918,0.0,-0.0027674640917344185,-0.0011895794671459058,-0.002018249914802133,-0.0024358404532475115,-7.817126394321104,-7.812791964333338,-3.877912132837723,-0.0021944977387775037,6.778556192657628,2.6909783321550303e-05,0.017014411788718046,0.007368126238692037,796.8017086729226,0.9987465557053475,40.65432274415705,0.0046078764905784775
equilibrated_n128,1.2849999999999135,27,0.2109375,-1.7080760731461413,0.27855319625262126,1.3788457577799367,7.0300271549226805,22.083587276693,0.0,0.0,9.96531082331914e-06,1.9678874695065914e-05,0.005515258511212292,-0.005443714838603211,-0.001420215000934547,-0.004292680092978122,7.288891226695232,7.271944448375398,3.763917843898205,0.0,-0.00271167574785386,-0.0012452398423264575,-0.0019480284565592297,-0.0025660037805838765,-7.280664292436166,-7.276142923371674,-3.76339003044258,-0.0017266763123942454,6.223520160575503,2.705805022532268e-05,0.016892662219385228,0.00710120114519335,736.8311850140095,0.9986446764242135,37.32422830123363,0.0046358388453449206
equilibrated_n128,1.2849999999999135,28,0.21875,-1.6936294522174216,0.29149731689828623,1.4490834735404774,6.2707334144339075,20.841551756769235,0.0,0.0,9.71540183384613e-06,1.9419644276505096e-05,0.005420636984728399,-0.005462959749997975,-0.0013962367857643615,-0.004009272617541143,6.788489912854266,6.771671130571329,3.643186505174942,0.0,-0.002708041690139152,-0.0013527388991546516,-0.0018781563768752324,-0.0026956514556933063,-6.780361234179399,-6.7757813514221725,-3.6427045855838314,-0.0013136211618478364,5.709719251687393,2.7212334602863493e-05,0.016764357613729904,0.006845155665312945,681.1736403202433,0.9985340975656425,34.24155115251063,0.004656456980828179
equilibrated_n128,1.2849999999999135,29,0.2265625,-1.679134344328252,0.3042172341995625,1.517576176881062,5.592787510068476,19.65770241385247,0.0,0.0,9.384714922570231e-06,2.683589236828713e-05,0.005539073071108278,-0.005483414775408135,-0.001370794897477825,-0.0038296256005681565,6.323112868827244,6.306440119763344,3.5166667622188297,0.0,-0.0027486004447962497,-0.001503767889619644,-0.0018088311703092596,-0.002824250699007636,-6.3148251953113395,-6.310419766649132,-3.5162287259459983,-0.0010053749015605205,5.2366368560028915,2.7372243289706684e-05,0.0166180045773158,0.006600795133795425,630.2365403306119,0.9984158078056188,31.40320313144003,0.004665373203126974
equilibrated_n128,1.2849999999999135,30,0.234375,-1.6645887756375746,0.31654379612077577,1.5803774254071021,4.991763778808961,18.53103079846774,0.0,0.0,8.949411793089494e-06,1.77089826465561e-05,0.005491922602769264,-0.005506515216932114,-0.0013468184244261345,-0.003567446376776217,5.891171562317937,5.874682508148261,3.385210141032538,0.0,-0.0028033642320673445,-0.001668010209942759,-0.0017402045422702272,-0.0029512012905078496,-5.8828762754831,-5.87852101315525,-3.384816754914694,-0.0006162450862683675,4.803142777571816,2.7538132541217977e-05,0.016433977904592497,0.006368827188913938,584.5380595564233,0.9982921690850335,28.802422687526303,0.004655267100451418
equilibrated_n128,1.2849999999999135,31,0.2421875,-1.6499920411069966,0.32835171857241496,1.6308307503055222,4.46119131436759,17.459745000783343,0.0,0.0,8.533248084716637e-06,1.6887314374663606e-05,0.005450711652743566,-0.005529234014557514,-0.0013175654448757822,-0.0033087305926011255,5.490638509106987,5.474404856314069,3.249993290590326,0.0,-0.0028404705163096195,-0.0018132596910940036,-0.001672434431263639,-0.0030758762478090363,-5.482347326937934,-5.478120830637533,-3.249638421603938,-0.0002328543447920892,4.4072916838508,2.7709850882452294e-05,0.016178233091154407,0.006149476962467313,544.8421541485301,0.9981679685374246,26.427571870013644,0.004613589089697668
equilibrated_n128,1.2849999999999135,32,0.25,-1.6353442471518418,0.3395600372610837,1.6608401205182552,3.9939702667888657,16.442012238210346,0.0,0.0,8.103253936012599e-06,1.601520302794545e-05,0.005429141264497134,-0.005552102957642529,-0.0012840311145221415,-0.003062405069552689,5.119235131740054,5.1033671609457585,3.112332147619143,0.0,-0.0028273808770659797,-0.0019066210022876205,-0.0016056858782956054,-0.003197628445705589,-5.110978609598491,-5.107012642901113,-3.1120104928553696,0.00013522337615289991,4.046571427853393,2.7886922058603353e-05,0.015812196950180466,0.0059425580771462145,511.8291203433573,0.9980500327295562,24.263616370170176,0.004526285975472669
equilibrated_n128,1.2849999999999135,33,0.2578125,-1.6206457734011162,0.35012317554530364,1.6651181989654065,3.5829665665210246,15.475995042609386,0.0,0.0,7.669795706955265e-06,1.5168524059978004e-05,0.005426159014370253,-0.005575604669356919,-0.0012473285962496935,-0.0028297624429243088,4.774675517530092,4.759301237301922,2.9735499187693923,0.0,-0.0027308815080148954,-0.0019145144137805447,-0.0015401283435517478,-0.003315795639707697,-4.766518477007707,-4.762962327557498,-2.9732571190220902,0.00048603319678338806,3.7182205659887333,2.80688888306726e-05,0.015318142450508833,0.005747640932569259,485.4662473601977,0.9979443589243313,22.29400525348189,0.004387174935335977
equilibrated_n128,1.2849999999999135,34,0.265625,-1.6058970125275127,0.3600266947956041,1.6435996899145222,3.221391954985724,14.560055665961432,0.0,0.0,7.240926974644117e-06,1.4295115748704998e-05,0.0054391944951051475,-0.005600136413510548,-0.0012085173474941703,-0.0026110439710385494,4.454824268069223,4.4400583692124815,2.8349333448472667,0.0,-0.002517087068251871,-0.0018026816582809517,-0.0014759344508340642,-0.003429702825614688,-4.446867986505866,-4.443855823967712,-2.834665927743927,0.0008186588545761385,3.419434942429377,2.825532810286982e-05,0.01470938820053507,0.00556415112948159,464.93231340580047,0.9978537655122257,20.501900266375728,0.004201541693750497
equilibrated_n128,1.2849999999999135,35,0.2734375,-1.5910981345868547,0.3692752147099106,1.598203487558408,2.903019693223528,13.69238724324305,0.0,0.0,6.82260781716907e-06,1.347932624611893e-05,0.005465170623908471,-0.0056259933301503464,-0.0011685225961478552,-0.0024059523358126627,4.1576506395177955,4.1435857536766605,2.697586648786575,0.0,-0.0021545050197853063,-0.0015392426476234895,-0.0014132838778424797,-0.0035386386301763427,-4.1500309638741015,-4.147672504359187,-2.6973418875048805,0.00113268629436368,3.1474623106282444,2.8445880835733636e-05,0.01400799407946359,0.005391415316983978,449.3808739172127,0.997779657046041,18.870765869690004,0.003977646336842696
equilibrated_n128,1.2849999999999135,36,0.28125,-1.5762488490163837,0.37789519908250674,1.524692054476588,2.622143727364679,12.871247249540477,0.0,0.0,6.4190070945581434e-06,1.266778188770308e-05,0.005501096405455287,-0.0056533727946220325,-0.001128104521668661,-0.002213969482657244,3.881297930930354,3.868039706332557,2.562500207055409,0.0,-0.0016569465395066952,-0.0011374786599928004,-0.0013524310331278987,-0.003641501365384036,-3.874139887985392,-3.872555600467186,-2.5622758805439494,0.001427531882726792,2.899711820688678,2.8640250289542015e-05,0.01320094409721932,0.005228734361409516,439.31885467183827,0.9977289185112337,17.38506998003485,0.0037099685435042426
equilibrated_n128,1.2849999999999135,37,0.2890625,-1.5613485599171315,0.3859296307424545,1.5140392990459446,2.373857231087391,12.096039216978355,0.0,0.0,6.032842456619655e-06,1.1905360384667843e-05,0.00554435740378357,-0.005682388372044533,-0.0010878590795023318,-0.0020345355815887447,3.6246740578470797,3.6118563660840106,2.4307513281647,0.0,-0.0010739489758285908,-0.0006462818906500256,-0.0012936907714613663,-0.0037368759136928364,-3.618055751467468,-3.616892472565405,-2.430545496472741,0.0017023403321040917,2.673786241771877,2.8838193200335254e-05,0.01276001537666814,0.005075503545831782,419.08824759896936,0.9976195477837918,16.029957435254595,0.0035803837775845587
equilibrated_n128,1.2849999999999135,38,0.296875,-1.546396752781437,0.39343084665152295,1.6035111132528603,2.1537078771212688,11.365284864404089,0.0,0.0,5.66570688687127e-06,1.1180434001500927e-05,0.005592814607680401,-0.005713086490493428,-0.0010482355447241402,-0.0018671356028508303,3.3864230772631405,3.373526489748156,2.3030833975315788,0.0,-0.0004569949433164885,-0.0001164731881143051,-0.0012373862555977344,-0.003823309814414154,-3.3803732677121436,-3.379123103050535,-2.302894246820705,0.001956174211563324,2.4674514782694574,2.9039521215772132e-05,0.012838508472551684,0.0049312286040181655,384.38288739611596,0.9974051779860891,14.791870361144193,0.0036481466299895316
equilibrated_n128,1.2849999999999135,39,0.3046875,-1.5313932363048555,0.40046409254913007,1.696182064048423,1.957526794216184,10.676118256656373,0.0009906341691675227,0.00029348057949145183,5.318349712775047e-06,1.0486157820935663e-05,0.005644797433490961,-0.005745462455136429,-0.0010095600650250666,-0.0017113277785536798,3.1645840843632462,3.1515963836987027,2.179822154007466,0.0,0.00014134164638864618,0.00040005070629537233,-0.0011838484624440843,-0.0038993190187190186,-3.159080628576144,-3.1577418968601347,-2.1796478656100473,0.002187991240165339,2.2786851269518067,2.924407619443972e-05,0.012929212512155314,0.004795378132863029,352.48629795658724,0.9971710360322855,13.659181549198685,0.003716877177987269
equilibrated_n128,1.2849999999999135,40,0.3125,-1.5163377481987226,0.4071061509488217,1.748011803127428,1.7817959637661955,10.026390491329519,0.001920840534295576,0.0012754153637612997,4.990897491305088e-06,9.840560398287346e-06,0.005699049473998806,-0.005779475701627661,-0.0009720584075014249,-0.0015667367830177375,2.9576898858969747,2.944805213701855,2.0613099881834644,0.0,0.0006673912113949681,0.0008503105100046142,-0.001133414700134994,-0.003963390046421537,-2.9526582276343705,-2.9514349999134875,-2.061148631890831,0.0023966532634038,2.105662690240708,2.945174058401033e-05,0.012825768713951038,0.0046672902566700855,328.3487699182201,0.9969637050709242,12.621150372730296,0.0037091147763205733
equilibrated_n128,1.2849999999999135,41,0.3203125,-1.501229565283604,0.4134456614757979,1.7580108596581694,1.6234904070554168,9.414250607267348,0.002608114039307025,0.002005911407229157,4.6830301905567695e-06,9.22697891716541e-06,0.0057546575896201555,-0.005815062373221048,-0.0009358769709099913,-0.0014330363958341941,2.7645806388313114,2.751982855606803,1.9478406007110025,0.0,0.0010663766794607526,0.0011802312602064461,-0.0010864276289294583,-0.0040139803302368555,-2.759892357921152,-2.7589781492402303,-1.947690050052983,0.0025809439344026616,1.9466862724262715,2.9662429845284646e-05,0.012538458364819196,0.004546196154707392,310.5144533379551,0.9967898760738555,11.66757917619281,0.0036300326222015356
equilibrated_n128,1.2849999999999135,42,0.328125,-1.4860671600105002,0.4196064190506987,1.7347245036214205,1.479837573074274,8.837940588767449,0.002966863972510489,0.002398807428480202,4.394119713514721e-06,8.654309402277537e-06,0.005810981353180204,-0.00585214537316449,-0.0009011010210842699,-0.0013099304860848904,2.5841920187770233,2.5720142264433434,1.8396677680593012,0.0,0.0012947979420441015,0.001346873738466958,-0.0010431151570918415,-0.004049747953430583,-2.579675835365887,-2.5792132455549748,-1.8395257539232936,0.002739817467345693,1.8001076981382758,2.987609328702718e-05,0.012118040147106794,0.004431174010785967,297.09551648383587,0.9966453705450005,10.788528148682548,0.003499234539269373
equilibrated_n128,1.2849999999999135,43,0.3359375,-1.47084775902638,0.4257735038159535,1.7009255232976612,1.3482881201052472,8.296007880883531,0.0030351487343584964,0.0024938592032615224,4.123335718841589e-06,8.115994417151433e-06,0.005867590956548972,-0.005890642295917871,-0.0008677695515346745,-0.0011971351709302836,2.415557251866621,2.4038262446589576,1.737065262577345,0.0,0.0013720429480854276,0.0013694096813556826,-0.001003091934308918,-0.004070511673907814,-2.4110617038581577,-2.411086296636231,-1.7369299401945708,0.0028733765029775303,1.6642599741734312,3.0092719009555307e-05,0.011670821769644475,0.00432104538572953,285.2001353498742,0.9965059415545785,9.973889023270942,0.0033569943309100106
equilibrated_n128,1.2849999999999135,44,0.34375,-1.4555665929984682,0.4321666560049034,1.6748213142710366,1.22660996926443,7.7868003966177355,0.0028919003644953816,0.002372391947894193,3.869717874165589e-06,7.611548432060432e-06,0.005924217490855568,-0.005930472734998918,-0.000835886595467705,-0.0010943628169921458,2.257703323030929,2.2463697137539596,1.640177483942477,0.0,0.001338319305940026,0.0012875716061114117,-0.0009657636996180021,-0.004076459906487928,-2.2531174248460135,-2.25358775809507,-1.6400476068383265,0.0029820970894957827,1.537570007601314,3.0312337310797306e-05,0.011272984602346915,0.004214481371971241,272.788451654801,0.9963475449970374,9.214147061005537,0.0032324574330060774
equilibrated_n128,1.2849999999999135,45,0.3515625,-1.440216638691589,0.4389917578296343,1.6671719678990529,1.1131212718526307,7.308427375016606,0.0026176765656860147,0.0021173225487472434,3.6322385197542356e-06,7.138458388834985e-06,0.005980711947569535,-0.005971562733645323,-0.0008054311472079864,-0.0010013140413570243,2.109715321673393,2.0986915022040096,1.5489516142952287,0.0,0.001234700784839824,0.0011419479863010165,-0.0009305196514426791,-0.004067768294740338,-2.104969310510663,-2.105805012923956,-1.548826525790994,0.003066454253383314,1.4187450452775365,3.0535026039059036e-05,0.010962749417305226,0.00411025218817842,258.83015131915346,0.996151331956961,8.501507522247914,0.003140565619215802
equilibrated_n128,1.2849999999999135,46,0.359375,-1.4247888142390275,0.4463988863604791,1.6802446019518948,1.0068181489929198,6.8589409326704995,0.00229494180592321,0.0018134772948161341,3.409853192939266e-06,6.695106837233643e-06,0.006037012374256904,-0.00601384701259787,-0.0007763656981156417,-0.0009176746872510723,1.9708139182212374,1.9600114130601027,1.4631510620471717,0.0,0.0011032580735448186,0.0009741168384838872,-0.0008967318258924107,-0.004044590529156122,-1.9658801639205254,-1.9669993769111844,-1.463030695919395,0.00312691584190505,1.3068931692898729,3.07609047799507e-05,0.010740983351574482,0.0040074638500353045,243.3470244785921,0.9959074598836065,7.830618032387663,0.003081932494722129
equilibrated_n128,1.2849999999999135,47,0.3671875,-1.4092728501116036,0.4544694926334858,1.7172618823318078,0.9073001342657814,6.436712228740333,0.0020085588250184725,0.0015481171819453582,3.20154499439812e-06,6.280158557816183e-06,0.006093116725029573,-0.006057268296422966,-0.000748643897672655,-0.0008431161729074041,1.840451274259995,1.8297765692395807,1.3824681340294063,0.0,0.000987298556062298,0.0008268878760262241,-0.0008637543084409335,-0.004007052997527281,-1.8353454560910278,-1.83666072541203,-1.382353023618638,0.0031639368246198767,1.201517967906435,3.099012116060033e-05,0.010612724778092553,0.003905668734801993,226.4296856895193,0.995603036617809,7.198495082660517,0.0030584567421220853
equilibrated_n128,1.2849999999999135,48,0.375,-1.3936583179305793,0.4632143476922134,1.7816128975317744,0.8145760923571306,6.040355602800496,0.0018447030610245,0.0014097276819131238,3.006353659447056e-06,5.88904481649364e-06,0.006149061701677364,-0.0061017752032206645,-0.000722216463543568,-0.0007772939740009898,1.718242326798694,1.7075963054086505,1.306553621455619,0.0,0.0009307569755492106,0.0007437448943763003,-0.0008309603083214121,-0.003955163368771038,-1.7130240220725659,-1.7144418255062475,-1.3064448776108413,0.0031778693947700485,1.1024131447567236,3.1222835536758874e-05,0.01058357571897061,0.003804834140782781,208.32527191744748,0.9952227459644988,6.603895292821371,0.0030719079811400637
equilibrated_n128,1.2849999999999135,49,0.3828125,-1.377935519763051,0.47257041767143915,1.8683642593586507,0.7288440788349639,5.668599836431399,0.001828287795516359,0.0014196911585546389,2.82339221520031e-06,5.524626233082558e-06,0.00620490730144077,-0.006147319968700474,-0.0006970351859290624,-0.0007198426533541391,1.603894588138591,1.5932033800175551,1.2350410885583494,0.0,0.0009445037532737713,0.0007370730565020234,-0.0007991843451694925,-0.0038854046061800704,-1.5986341845904242,-1.6000877730427576,-1.2349389393991088,0.0031655619528259313,1.0095909561613419,3.1459205194679714e-05,0.010628289710646622,0.0037053486759812872,189.98182843096748,0.994763899747868,6.046917447257405,0.0031121637335948314
equilibrated_n128,1.2849999999999135,50,0.390625,-1.3620968155897955,0.4823930028118144,1.9649331539034858,0.6503440422956914,5.320116263552379,0.0019014985242582717,0.0015088297609254302,2.651858089544948e-06,5.18071564919835e-06,0.0062607236167299945,-0.006193854493970625,-0.0006730563114246864,-0.0006703699700422402,1.497142913910354,1.4863820748710888,1.1675412225050048,0.0,0.0009947770384295391,0.0007772562269216806,-0.0007712235022578968,-0.003789560277639139,-1.4918769673320535,-1.493353185591981,-1.1674430553141717,0.003119190307596899,0.9232000580036722,3.1699363349573244e-05,0.010697440312565946,0.003607987012618554,172.6020489068246,0.9942396993221162,5.528502907709467,0.0031601846172040087
equilibrated_n128,1.2849999999999135,51,0.3984375,-1.3461373790291866,0.4925202783927203,2.0618046610863945,0.5791489100342817,4.993800886355399,0.0019984350702054463,0.0015988577940537838,2.491031060842565e-06,4.857700480920268e-06,0.006316582429907577,-0.006241327818053867,-0.0006502419256259541,-0.000628446758251343,1.3977490635115553,1.3869271882511554,1.1037628883993171,0.0,0.0010433359721587676,0.0008305650718245564,-0.0007501362446638698,-0.0036587426161507337,-1.3924758170538063,-1.3939990811410339,-1.1036629940802793,0.003030295857899391,0.8433335265826152,3.194340544426884e-05,0.010757988449510503,0.0035136103182014677,156.78275367938093,0.9936621717096404,5.0492431710461805,0.0032034755226114124
equilibrated_n128,1.2849999999999135,52,0.40625,-1.330055422154723,0.5027918207542547,2.1561343744308097,0.5151219066792496,4.688654149062144,0.0020501293508631896,0.0016078596651693926,2.3402629370497183e-06,4.556800853890326e-06,0.006372552574593707,-0.006289685213675099,-0.0006285599496752771,-0.0005935956409740455,1.3054634749678866,1.2945955583947935,1.043493628017147,0.0,0.0010501612038122247,0.0008617006651226736,-0.0007391273710987263,-0.0034836767386118117,-1.3001410835971052,-1.3017469442735912,-1.0433830605957235,0.002890081097637766,0.7699676886016767,3.2191383087499206e-05,0.01080353380691802,0.003423027198855047,142.53996930312368,0.9930332993322004,4.609002597803142,0.003239656868751689
equilibrated_n128,1.2849999999999135,53,0.4140625,-1.3138521413747386,0.5130476756547423,2.25090089825702,0.4579741815306404,4.40382917832998,0.0019844218900986763,0.0014501724938082515,2.1989634595024135e-06,4.27218511477815e-06,0.0064286974174987375,-0.006338868181460882,-0.000607983504056899,-0.0005652815513161034,1.2200488108468428,1.209135571891514,0.9865973115489075,0.0,0.0009733971275024827,0.0008337293004888367,-0.0007415458531295052,-0.003254719641773638,-1.2145935105568466,-1.2163081693734636,-0.9864637491998349,0.0026894380904575344,0.7029965576971665,3.244330303713308e-05,0.010848352349254556,0.003337029546200849,129.6043002779999,0.9923432842726354,4.2071309938337444,0.003273952856957154
equilibrated_n128,1.2849999999999135,54,0.421875,-1.2975322206387458,0.5230918078326379,2.3468423368185896,0.40737698003996203,4.138507838857623,0.0017261355101325588,0.001036640595444927,2.06659225883421e-06,4.006075839436268e-06,0.006485071416401473,-0.006388813066759063,-0.0005884908405399933,-0.0005429065891315504,1.1412627956939174,1.1302982257020868,0.9329550884330872,0.0,0.0007694750956208714,0.0007081713068102817,-0.0007608645692119012,-0.002961933737949383,-1.1355471993731368,-1.1373952100756561,-0.9327827147044153,0.0024190271488178324,0.6423097609842306,3.2699117266061966e-05,0.010899171757298664,0.0032565536886506275,117.86395797535826,0.9915870208511204,3.842959394148085,0.0033087163403214626
equilibrated_n128,1.2849999999999135,55,0.4296875,-1.2811044887117193,0.5326807781454949,2.4486963774212507,0.363013951443099,3.8918193303966016,0.0012380861068578722,0.0003310858218557402,1.942650766720462e-06,3.757529522061681e-06,0.006541716712559376,-0.006439449223818621,-0.0005700651782272544,-0.0005258082820711713,1.068836984669097,1.0577950702863965,0.8824280948096263,0.0,0.0004200711995037856,0.00046678225359377494,-0.0007968152494777874,-0.0026039677064347544,-1.0627153391560413,-1.064701301763809,-0.8822013447383756,0.002078159424363583,0.5877755447961105,3.2958710352136154e-05,0.010975996961995948,0.003182650996433385,107.10198751535104,0.9907494762771313,3.515677271814667,0.0033510469049480105
equilibrated_n128,1.2849999999999135,56,0.4375,-1.2645818275413916,0.5416077758728413,2.5658701295554245,0.32450391042295923,3.6630231298962874,0.0005878441536991265,0.0,1.8266681074234625e-06,3.523538172806734e-06,0.006598662497361363,-0.006490699345430852,-0.00055269351961229,-0.0005132615358929182,1.0024633462193067,0.9912851539633555,0.834916216956701,0.0,-2.4027670081063044e-05,0.00014701079897268656,-0.0008391056079812965,-0.0022024662071685164,-0.9958406560518641,-0.9979228641077591,-0.834629804868332,0.0016892046712755982,0.5391212605563214,3.322189905118744e-05,0.011111748457848705,0.003116139414542858,97.0362607831564,0.9897996925626135,3.2236158148800795,0.003412623116010201
equilibrated_n128,1.2849999999999135,57,0.4453125,-1.247980098980053,0.5496696000532333,2.6913812702477644,0.29142809070256637,3.4511477690764822,0.0,0.0,1.7181835609081722e-06,3.3053267047408394e-06,0.006655928333989044,-0.006542483274618848,-0.0005363646394133182,-0.000504486425813359,0.9417287676604875,0.9303745408696437,0.7902690256564104,0.0,-0.0004988057921418823,-0.00020312778909462286,-0.0008754707023447564,-0.001783675430465503,-0.9345740335343565,-0.9367138963551679,-0.789929919593479,0.0012791890046521441,0.4960211700504165,3.348844779022459e-05,0.011287249895263439,0.003057730716205818,87.89052686050053,0.9887502073019621,2.964839770407236,0.003486302218896716
equilibrated_n128,1.2849999999999135,58,0.453125,-1.2313182738266903,0.5566555624094216,2.8127066715641256,0.2633893118671464,3.2552386583722526,0.0,0.0,1.6167396477704057e-06,3.100842718196245e-06,0.006713523301099028,-0.006594717917093682,-0.0005210686419418532,-0.0004986635470644902,0.886220838234086,0.8746842088890554,0.748334583087819,0.0,-0.0009382037721146274,-0.0005340528473219756,-0.0008933151034843579,-0.0013747318062570927,-0.8785691111608724,-0.8807448739588271,-0.7479623366262765,0.0008760682591926025,0.4581533587353576,3.375806547202333e-05,0.01146911321408668,0.0030081289231152913,79.89342335075062,0.9876380556220987,2.737451039198059,0.0035600461870352574
equilibrated_n128,1.2849999999999135,59,0.4609375,-1.2146178680158453,0.5623953567135781,2.9205260715859023,0.2399630560199264,3.0743980246742315,0.0,0.0,1.5218733815944643e-06,2.9098438887415964e-06,0.006771447587135372,-0.0066473191962679885,-0.0005067959683565292,-0.0004949542541162612,0.8355391012087817,0.8238356013680321,0.7089818085970367,0.0,-0.0012748627137253296,-0.0007951711251423161,-0.000879862401817034,-0.0010033543836880435,-0.827492790907921,-0.8296877494391579,-0.7086087421635763,0.0005084001295717823,0.4251415546333639,3.4030414699960736e-05,0.011635439011349806,0.0029678259496035246,73.07701139916749,0.9865005353062714,2.5392138887888334,0.0036261473817542165
equilibrated_n128,1.2849999999999135,60,0.46875,-1.197901899345344,0.5668381849475371,3.02567560256744,0.22064850343785536,2.9080373337064636,0.0,0.0,1.4331074223048954e-06,2.731435232591027e-06,0.006829695903390938,-0.006700205574799769,-0.0004935363213696418,-0.0004925253546403728,0.7893702785065395,0.7774787857125987,0.6721760114410986,0.0,-0.0014410716470671867,-0.0009355836713202127,-0.0008223401953160927,-0.0006974498182345612,-0.7810995109560814,-0.7832434076160782,-0.6718472075671521,0.00020492446359418842,0.39649806055121306,3.430512916163635e-05,0.011822882535617571,0.00293686916255183,67.07299330036047,0.9853098864686665,2.3671654807716607,0.0036977826847766036
equilibrated_n128,1.2849999999999135,61,0.4765625,-1.1811937076260246,0.5700514583436698,3.151226345721121,0.20488172467220567,2.7557562336266366,0.0,0.0,1.3499437478865783e-06,2.5631461971703864e-06,0.006888261224050328,-0.006753301848908242,-0.00048127790957080334,-0.0004905763712895741,0.7474750071156645,0.7353050611901188,0.6379526868022924,0.0,-0.0013995384067595617,-0.0009265913744605197,-0.0007153374732555273,-0.00047479150656824304,-0.7391872074848547,-0.7411317716645666,-0.6377186272386077,-1.5784864721331076e-05,0.371673783558109,3.45818338994102e-05,0.012100782257747068,0.0029149897524185734,61.42971183869686,0.9839819859719399,2.2179419190909067,0.003799527530665641
equilibrated_n128,1.2849999999999135,62,0.484375,-1.164517267509504,0.5721995695416097,3.2718581786741456,0.19197760191495328,2.616612801789838,0.0,0.0,1.2718673747290701e-06,2.4069693348892016e-06,0.0069471327200836,-0.006806537828282728,-0.0004700080489227329,-0.0004883668341534376,0.7094488427273482,0.6969836132306709,0.6062622872800227,0.0,-0.0011962881437845858,-0.0008003710700383211,-0.0005734953602243198,-0.00032536065723611646,-0.70130542186348,-0.7029897799889154,-0.6061587999687211,-0.00016300617691732112,0.35011545356315965,3.4860143429237e-05,0.012395509209818596,0.002901666837091905,56.49069314326031,0.982605880268166,2.0882972121691394,0.0039054191771909744
equilibrated_n128,1.2849999999999135,63,0.4921875,-1.147896130698686,0.5736917383270008,3.3632803809294574,0.18108934312555403,2.4896482458004465,0.0,0.0,1.1983438424258835e-06,2.2600765537568457e-06,0.007006297999304089,-0.006859851492243157,-0.00045971273656604164,-0.0004852408071729971,0.6748548072484728,0.6621517082528895,0.577094856967304,0.0,-0.000891685189034809,-0.0005995893422660972,-0.00041484403514691087,-0.00023419937966190257,-0.6669568240601339,-0.6684119704028665,-0.5771397256687232,-0.0002510414275110946,0.33111229626070765,3.513968096269582e-05,0.012632819633658043,0.002895257359318959,52.42096473514339,0.9812807573775967,1.974040957930588,0.0039897563411466054
equilibrated_n128,1.2849999999999135,64,0.5,-1.1313479684521368,0.5752536183431715,3.4318384202335723,0.17120553779492598,2.3741073744948,0.0,0.0,1.1288003009292391e-06,2.119241906142766e-06,0.00706575978960934,-0.0069132060589442955,-0.00045037399103784685,-0.00048064497311885884,0.643305588622028,0.6304152186783747,0.5505321927102681,0.0,-0.0005453738504334033,-0.0003664235744412399,-0.0002571075263374488,-0.0001863038935658521,-0.6356944549819853,-0.6369620011628777,-0.5507254591749685,-0.0002943410795530067,0.3137550029815261,3.542017413339647e-05,0.012819529595386405,0.0028925985967491056,48.94953448127188,0.9799797933977754,1.86971048829377,0.004055614553938233
equilibrated_n128,1.2849999999999135,65,0.5078125,-1.11488130507138,0.5778485556858528,3.4795851213410773,0.16125068690975852,2.2690729614270726,0.0,0.00013256336458287435,1.0626210132352182e-06,1.9879751559656947e-06,0.007125543667820187,-0.006966600297865131,-0.0004419695966333095,-0.0004741369690711894,0.614346466631576,0.6013317703538348,0.5266310805385396,0.0,-0.00021547740232226147,-0.00014199204471776854,-0.0001174815058443293,-0.00016686499458213016,-0.6070054455614335,-0.6081563786069821,-0.5269555686293286,-0.00030727197448905924,0.29705446260640533,3.5701521045782945e-05,0.012943293235649744,0.0028893955321859896,45.90090901876927,0.9786784516351313,1.7693834824027823,0.004099426381022555
equilibrated_n128,1.2849999999999135,66,0.515625,-1.0984930008625278,0.5826054057740383,3.513673993032331,0.15020872293530863,2.173646514482128,0.0,0.0007538787226118311,9.991457680059643e-07,1.8638499576810116e-06,0.007185701063057475,-0.007020076894622731,-0.0004344734855867723,-0.00046538199350347654,0.5875457446509147,0.5744718262112328,0.5054375324486845,0.0,4.176334406284341e-05,3.3908670942913364e-05,-1.2558047566363106e-05,-0.00016143817185101597,-0.58040180693192,-0.5815258117767984,-0.5058594478867049,-0.0003039438216524606,0.2800371713558343,3.598383029597576e-05,0.013001950779090008,0.002880569309870598,43.07617773883524,0.9773120072723794,1.6672210773559157,0.004121254501066539
equilibrated_n128,1.2849999999999135,67,0.5234375,-1.0821680004968766,0.5905487954566285,3.5438342471729096,0.1374319429034726,2.0870082298037738,0.0,0.0011017491199270093,9.376740388875385e-07,1.740084717947142e-06,0.0072463004053369895,-0.007073723902795114,-0.00042785670151773583,-0.0004541392218592526,0.5625713577984939,0.5494973340908578,0.48691889439724745,0.0,0.00018915077558539164,0.00013482019122789998,4.73206263100606e-05,-0.0001589142911195188,-0.5555142081687422,-0.5567058781848808,-0.48739407172507526,-0.0002952249307397338,0.2619842349685039,3.626744901386605e-05,0.013001488809608476,0.0028613475101337076,40.300651533828955,0.9757873069101365,1.558903921001415,0.00412392262783916
equilibrated_n128,1.2849999999999135,68,0.53125,-1.065882658744127,0.6021171189830813,3.5778194381987296,0.12304481499613551,2.0083424265190226,0.0,0.0012177042297643013,8.774784137606864e-07,1.6150682881875544e-06,0.0073073986865436575,-0.007127664240358435,-0.00042208807718743704,-0.0004402429106603705,0.5392418109348828,0.5262170870474481,0.47083291215346385,0.0,0.0002428296105140708,0.00017162761091945068,6.940265007056396e-05,-0.00015732080353883334,-0.5321772418588532,-0.533516378898726,-0.4713244028807218,-0.00028292210712153713,0.2427570834046299,3.6552945439758415e-05,0.012951617996555219,0.002829211193539646,37.48675778874836,0.9740170370939287,1.4435908824312242,0.004111197349847963
equilibrated_n128,1.2849999999999135,69,0.5390625,-1.049613116928931,0.6168399029638982,3.613258993407679,0.10794540731164792,1.9367908183447793,0.0,0.0011650887972670533,8.178336821556068e-07,3.0953360048904116e-06,0.007368986015657623,-0.007182028324166032,-0.0004171331197848092,-0.0004235860928608186,0.5175445154442853,0.5046206462660253,0.4567302839186008,0.0,0.0002282010796757641,0.0001617077297188876,6.393571989718721e-05,-0.0001564009036863211,-0.5104037305083035,-0.5119643823199103,-0.45721135275828284,-0.0002671851891744975,0.22292802306613643,3.6840813134458224e-05,0.012850187551990834,0.0027854901644051807,34.69646215888872,0.9719860193553945,1.3247179508448277,0.004082128867215423
equilibrated_n128,1.2849999999999135,70,0.546875,-1.0333460814744688,0.6333761466305298,3.675340700832697,0.09345384639004328,1.872007506355307,0.0,0.001006095358232882,7.580581405167153e-07,7.659798003006695e-06,0.007430911776764434,-0.0072369160800708045,-0.0004129480666509643,-0.0004041121210873887,0.4977483808413688,0.48488402814644604,0.44418450100462953,0.0,0.00017016725470125202,0.0001220958268526139,4.096592003535835e-05,-0.00015590342768563234,-0.49048763631930564,-0.4922430400533695,-0.4446384149913159,-0.00024820869340175635,0.20358529194650465,3.713143937563255e-05,0.01279008981617136,0.002735648722646757,31.834849461197408,0.969544553533533,1.2087216618628565,0.004068322318702317
equilibrated_n128,1.2849999999999135,71,0.5546875,-1.0170881390375337,0.6498036952706734,3.916065175379813,0.08089056616459034,1.815578225563414,0.0,0.0008028403995421332,6.975655244805673e-07,6.682259376266167e-06,0.007492816299671391,-0.007292360877852482,-0.0004094675319962779,-0.00038181538985308284,0.48078283267264393,0.4674886790632068,0.4332519367140107,0.0,9.3560298573452e-05,6.977925139700415e-05,1.051060369901546e-05,-0.00015557921510352067,-0.47338357667154596,-0.47485081919245625,-0.43367191484970596,-0.00022623617474956217,0.18599739499741647,3.7425394149761164e-05,0.013219302821137693,0.0026890007250801704,28.140272980206827,0.9656832315648094,1.102765067163361,0.004224106834378428
equilibrated_n128,1.2849999999999135,72,0.5625,-1.000877708850418,0.6638978710436606,4.337080472782967,0.07115766074388952,1.7675778373330435,0.0,0.0006176683523498264,6.359545942679137e-07,4.320185475059114e-05,0.007554075940754455,-0.007348279748299076,-0.0004065888410892555,-0.0003567647891773521,0.46689398662743165,0.45263449498335057,0.42371584368495574,0.0,2.3275359724909016e-05,2.1788260414741304e-05,-1.7388378756477876e-05,-0.00015518067881566328,-0.4593631860464021,-0.46000456299206444,-0.4241050441472885,-0.0002015841103616888,0.1713681696236037,3.7721190163726305e-05,0.014184049263753613,0.0026576420078518103,24.163504572918196,0.9602599074742462,1.0140249684778686,0.004562030415643535
equilibrated_n128,1.2849999999999135,73,0.5703125,-0.9847880907097935,0.6727998155675922,4.7649563746152275,0.06489095744974471,1.7259687422375638,0.0,0.0003575438592772018,3.261304640345998e-06,2.6142504936597574e-05,0.007762138908954097,-0.0074045070920799325,-0.0004064975985073764,-0.00040339944611120937,0.4556065876922829,0.4402095105873404,0.41489755004933165,0.0,-2.052902058263706e-05,-8.087598512296677e-06,-3.460145088422641e-05,-0.00015451236668779307,-0.44782391976274616,-0.4476059300809081,-0.4152694461969548,-0.0002488870794234163,0.16110453302228944,3.801758758529297e-05,0.015321041929771944,0.0026576162826200955,21.030493064473653,0.9546083695415515,0.9513061562039647,0.004953348963945028
equilibrated_n128,1.2849999999999135,74,0.578125,-0.9689316401121612,0.6706626237906747,5.131534128455224,0.06436391075530523,1.6910081972672373,0.0,0.00020507787334349205,1.9270725241139763e-06,3.521390169372238e-05,0.007971211676046802,-0.007462563866817471,-0.00042802489742839895,-0.0004495925893583723,0.4475097762862272,0.43074421910366495,0.4062745620020008,0.0,-3.87971978189779e-05,-2.0496371572603667e-05,-4.15152714461964e-05,-0.0001536028411152101,-0.4394997674123614,-0.43818628659890985,-0.406661071627983,-0.0002959897482431622,0.15830937965029204,3.832427829613734e-05,0.016688908625969924,0.0027218161517718765,18.971807348018412,0.9499294188765935,0.9331673692757824,0.005415001344866165
equilibrated_n128,1.2849999999999135,75,0.5859375,-0.9535020835873854,0.6438113637156547,5.423315841033853,0.07687303004663082,1.6636633828921368,0.0,0.0004041434335598573,6.937438861605305e-07,2.3754372448833022e-06,0.00787212879526297,-0.0075229369908108275,-0.0004472476757549493,-0.00033991548270372214,0.44477181414808736,0.42590466525684934,0.3962913800268202,0.0,-3.872075582963632e-05,-2.0360375271059326e-05,-4.103949119860129e-05,-0.00015255056931181326,-0.4368609645969948,-0.4334072418723891,-0.3966975882113765,-0.00018736491339190888,0.170806413878646,3.8642425622567423e-05,0.018789864039993054,0.00292525924382519,18.18069715832911,0.9478642516616892,1.006048619231883,0.006111483799006185
equilibrated_n128,1.2849999999999135,76,0.59375,-0.9388688804166181,0.5666866646234758,5.638686588964298,0.12474569512382405,1.643886534255199,0.0,0.0006894444179029138,3.101949308569399e-07,1.4002457430701762e-05,0.007673887898668849,-0.0075825259223865635,-0.00044663797688102513,-0.00018117768548518812,0.4535654641353691,0.43088224076785037,0.3793746924670383,0.0,-2.7571149704241012e-05,-1.2657087721379839e-05,-3.6120661075615026e-05,-0.00015146369326851143,-0.445864005086996,-0.43845210960251557,-0.37978520978284375,-2.971399221667669e-05,0.21593461704828296,3.8955397135270025e-05,0.022605312573248024,0.0034050880803479355,19.104767195639496,0.9502605531181236,1.2730023897164497,0.007364132215691823
equilibrated_n128,1.2849999999999135,77,0.6015625,-0.9256498016545742,0.41537289854162907,5.776200383432758,0.27592475533630323,1.6222124730194096,0.0,0.000895641269945063,9.699361927847233e-07,2.8862850866557058e-05,0.007521675136201158,-0.007636216017296478,-0.00042738564883390876,-5.06576442255676e-05,0.48906082974317755,0.4599077298786064,0.3361741360638402,0.0,-1.232417602686954e-05,-2.16214899605857e-06,-2.959229189757311e-05,-0.00015045751726628381,-0.4815268304309495,-0.4675417837469068,-0.33657192942077657,9.979987304071622e-05,0.3203093404237971,3.923585675614927e-05,0.029074628151058816,0.004290697810847484,22.03359841849825,0.9565851595642607,1.8927814143917239,0.009480475670196047
equilibrated_n128,1.2849999999999135,78,0.609375,-0.9144294315086063,0.23407851863664275,5.833815152517563,0.5990988719449465,1.5576646259458928,0.0,0.0009747380337232261,1.280450635529097e-06,2.040966870766464e-05,0.007468671410118982,-0.0076801135498509995,-0.0004006521082047678,2.1148563973337423e-05,0.5574253073321084,0.5207357869279192,0.23926439682607106,0.0,1.717658611298873e-06,7.4948870488414405e-06,-2.3610434039234075e-05,-0.00014961902381835663,-0.5499583535806007,-0.5284233953648191,-0.23964143850023661,0.00017076758779169406,0.46476859432202366,3.9462965640983966e-05,0.036610594472906835,0.005357270229853901,25.38984143871082,0.9621066309806199,2.752000971459235,0.01194221966098379
equilibrated_n128,1.2849999999999135,79,0.6171875,-0.9047066562732793,0.19773635615409363,5.808235124901558,0.6820516209220193,1.5222121963444952,0.0,0.0009552304223350241,1.3401755654448427e-06,4.600834689344989e-06,0.007500005404563223,-0.007716141273760609,-0.0003743143666134883,4.3395642677520075e-05,0.570385404038186,0.5315022590176685,0.20968465143315285,0.0,1.2914250451529452e-05,1.5195457753792986e-05,-1.8821944147330614e-05,-0.00014892585407543684,-0.5628983128840744,-0.5392335957491828,-0.210040143855619,0.00019232149675295693,0.4900796289346043,3.9648832768713496e-05,0.03880384735498039,0.005699545718251242,25.25933186218988,0.9619182999305526,2.9016739262526454,0.012655564233762278
equilibrated_n128,1.2849999999999135,80,0.625,-0.8945661587285284,0.35363522189557406,5.703009743756535,0.36030699936490507,1.5832112692380669,0.0,0.0008496113781002638,1.1987573047727088e-06,1.6005223753470105e-06,0.007613124600211913,-0.007751470541443493,-0.00034869229118790707,2.471737026357716e-05,0.5027555680275726,0.46882164499877077,0.3053922224168117,0.0,2.20743255889567e-05,2.1501008322126652e-05,-1.4847239709107019e-05,-0.00014825502848273513,-0.4951645177529497,-0.47659461654853635,-0.30572606746829045,0.00017297239874631228,0.36086402926721245,3.983060799334552e-05,0.03385426181281508,0.0050506060869668825,21.318676582728628,0.9551944759675468,2.1313299137904593,0.011033592828389812
equilibrated_n128,1.2849999999999135,81,0.6328125,-0.8833050656692768,0.4428050480510981,5.569037857505801,0.23625114309989625,1.5888365908438589,0.0,0.0006523981952605468,8.369080930457906e-07,1.7577064334042825e-05,0.007823477508173958,-0.007788327668991553,-0.0003283190492141541,-4.03711859211755e-05,0.47173445859167595,0.4407898695523858,0.3378299322522682,0.0,2.8650199307415707e-05,2.6038467690666357e-05,-1.1889365491719042e-05,-0.00014758060329300436,-0.4639396312828094,-0.44860423568906804,-0.3381463619359906,0.00010720941737182887,0.2912370906816313,4.002051331025462e-05,0.03086454801266965,0.004698488375646021,18.87194917366558,0.9496778101000174,1.716557996077118,0.010049766813673821
equilibrated_n128,1.2849999999999135,82,0.640625,-0.8725045342280408,0.3142890889734184,5.46210635049695,0.416592245203413,1.5337168628224334,0.0,0.00047599097096205807,2.2314976221744776e-06,1.2179163111183597e-05,0.008028269940650024,-0.007822263358857093,-0.0003212013945732658,-0.00010586868386404006,0.5055759547854759,0.4697244230806788,0.2789702469926583,0.0,3.189307491006076e-05,2.8289653651369454e-05,-1.0293982476486303e-05,-0.00014699935316776327,-0.4975795779197359,-0.4775749760931873,-0.2792811544047551,4.113066930372321e-05,0.38208731516495237,4.019686228570143e-05,0.03577113798022549,0.0055355229456219976,21.362882856909536,0.9552830461797538,2.2567527530094886,0.011638175063643402
equilibrated_n128,1.2849999999999135,83,0.6484375,-0.863471276623352,0.1762021216956286,5.392247622370886,0.7003245978368454,1.429681168644069,0.0,0.00047217627270383666,4.334965987388972e-08,5.691400179756029e-06,0.00805810854154166,-0.007850447841520957,-0.000318886325870113,-9.062716758126443e-05,0.5530896298248991,0.5120593729514902,0.18202999479748794,0.0,3.26855112772023e-05,2.8855652811380833e-05,-9.738421552134682e-06,-0.00014655921442273658,-0.5450642067946346,-0.5199386764458226,-0.1823391427018059,5.5932046841472154e-05,0.48002564502390643,4.0343367978033755e-05,0.040949570137452734,0.006406130137096368,23.444722052643574,0.959091373677867,2.839204300005986,0.013315799454612646
equilibrated_n128,1.2849999999999135,84,0.65625,-0.8547275418662345,0.29485967684503533,5.361851436133679,0.4472516934777785,1.511192343738653,0.0,0.0004651571607189489,4.2671848421091396e-08,4.2949677503574535e-07,0.008086935534650333,-0.007877721572205025,-0.00031665660688329905,-7.639958228837583e-05,0.5086157210963088,0.4707549477126204,0.26567825888450247,0.0,3.2093223038764886e-05,2.847053869312613e-05,-9.752926167116313e-06,-0.0001461704478612733,-0.5005608787846972,-0.47866113982351854,-0.26598516256521865,6.977086557289749e-05,0.3924576269355516,4.04847823671971e-05,0.03777980381895379,0.005938491993757387,20.776054254609924,0.9540779983229376,2.316965957794356,0.012282116798961394
equilibrated_n128,1.2849999999999135,85,0.6640625,-0.8448483839755515,0.40074934658167166,5.3723945291028725,0.2805918570012068,1.5377435049192512,0.0,0.00045415270781532847,4.1920770032372046e-08,2.6984689865533484e-06,0.008119433932810996,-0.007908522709490837,-0.0003141451349755642,-6.100872712651675e-05,0.47205516275580656,0.4372660924641536,0.3139840484957378,0.0,3.0165892684518685e-05,2.7171070904487683e-05,-1.0281651202324183e-05,-0.00014577227615991176,-0.46396589471568006,-0.4452017862445489,-0.31428791197951106,8.476354903339502e-05,0.31147783443263943,4.064424022061299e-05,0.034707781811211924,0.0054465839572080295,17.948587790880968,0.9472256185507792,1.8341592247846248,0.011284355458984506
equilibrated_n128,1.2849999999999135,86,0.671875,-0.8352490619041737,0.28974858310633317,5.424455787424885,0.44442064333371456,1.4684311436090864,0.0,0.00044123199271059183,4.120633890179748e-08,9.000572320904537e-07,0.008150931819026673,-0.007938430974639261,-0.0003117073792208866,-4.680684797994337e-05,0.498221103258269,0.4583646339343028,0.25570208721190196,0.0,2.737831296423325e-05,2.527881025177161e-05,-1.1169522279887147e-05,-0.0001454239895323921,-0.4900975497522066,-0.46632834371919385,-0.25600262506884297,9.861714155244874e-05,0.38431611535705196,4.079888972968333e-05,0.039774871544507075,0.006191165891803893,19.324568524477165,0.9507984635051078,2.2661218205978044,0.01293706144388868
equilibrated_n128,1.2849999999999135,87,0.6796875,-0.8269372876860076,0.20520499513340748,5.519384455483046,0.6130324774897471,1.4117759613511474,0.0,0.00042897321106548727,4.060011665925345e-08,6.18552505191744e-07,0.008178135777264796,-0.007964306524750855,-0.00030959467813455107,-3.5148901134026566e-05,0.5285473564716532,0.48402283656552153,0.19938839755145354,0.0,2.4521468352441778e-05,2.3334167433985886e-05,-1.212126423805112e-05,-0.00014515069319594108,-0.5203937421627408,-0.49201047725770636,-0.19968587096535004,0.00011000179206191452,0.4431482739212585,4.093250494088418e-05,0.0444426548962497,0.006817001696973365,19.942475306922027,0.9522501526040013,2.6144469886313013,0.014465667923402729
equilibrated_n128,1.2849999999999135,88,0.6875,-0.8186061359416668,0.3001016501061839,5.656008302119919,0.4273661335879073,1.477677998779584,0.0,0.00041630661490163826,4.000389820270345e-08,6.490899503892866e-07,0.008205333856516612,-0.00799021818315882,-0.0003074719649048828,-2.40886650172408e-05,0.49773936358193693,0.45495505079359677,0.2622836388945744,0.0,2.1496079188096668e-05,2.1271402381727713e-05,-1.3144561560080292e-05,-0.00014490092739346156,-0.4895555258046084,-0.4629665403791373,-0.2625779662979192,0.00012081226237622076,0.37628436407302174,4.106610754113661e-05,0.04270218057325803,0.006415584030996102,17.623660385562015,0.9463048627768551,2.2150040038648724,0.013912767321055945
equilibrated_n128,1.2849999999999135,89,0.6953125,-0.8096915312999342,0.3415878132648224,5.810925744037587,0.3541298323261193,1.4738590662649724,0.0,0.00040300047710156,3.9378341408838335e-08,2.106325100760531e-07,0.008234354600199152,-0.008017912686653837,-0.0003051915972984967,-1.2973444610138297e-05,0.47836073201038265,0.43581268547066493,0.27964132415341164,0.0,1.8350210317934108e-05,1.9123517725609454e-05,-1.4207265996830815e-05,-0.000144658127157642,-0.4701447276205014,-0.4438497216750444,-0.2799323084847133,0.00013168468254750373,0.3403318257350223,4.120868040051527e-05,0.042465629178916664,0.006234927640503477,16.028578043722487,0.941275190598275,1.999525325231217,0.013850066300638267
equilibrated_n128,1.2849999999999135,90,0.703125,-0.8011107827649957,0.2769254854789628,5.958263831942276,0.45808960612603694,1.4313785248250974,0.0,0.00039109383939677867,3.878793523696966e-08,1.9908076387409324e-07,0.008262202982369394,-0.008044533747836357,-0.0003029847390517821,-2.9983979584097005e-06,0.4959133219684679,0.4490054371825769,0.24303433591732795,0.0,1.567870736343249e-05,1.7296851692028923e-05,-1.5090981614605443e-05,-0.00014444599343220414,-0.4876667976934619,-0.4570672677821053,-0.2433222296747651,0.00014144759547379444,0.3817443812447819,4.1345524168248334e-05,0.04682519373755458,0.006729436375005079,16.30508496705339,0.9422135168995779,2.243641093731137,0.015286026483019107
equilibrated_n128,1.2849999999999135,91,0.7109375,-0.7931078217527554,0.24342218498594043,6.093841357169405,0.5236470625537419,1.416821206916014,0.0,0.0003812902437476172,3.824710110775231e-08,1.6456529393360508e-07,0.00828809593339466,-0.008069325602617503,-0.0003009134324931204,5.650864000535484e-06,0.5103070735072214,0.46011617850874115,0.22300833232815193,0.0,1.3706991477124328e-05,1.5946058215451404e-05,-1.5709670077020903e-05,-0.00014426540302075658,-0.5020326845653038,-0.46820145016957415,-0.223293536090568,0.00014991626702129206,0.4058724757804044,4.1472797052755115e-05,0.050107949404374574,0.007063584718275786,16.19992358916889,0.9418602068308188,2.385126905278052,0.016370738200834973
equilibrated_n128,1.2849999999999135,92,0.71875,-0.7851526179983251,0.2770533773598615,6.217596250161774,0.45709674816720136,1.429047680837681,0.0,0.0003728181212264869,3.7718543344222866e-08,1.903640501362399e-07,0.008313753231736736,-0.00809393001601084,-0.0002988398350287512,1.3613755697486255e-05,0.4967050511007366,0.4465597793868136,0.2427050161144522,0.0,1.2257398517797585e-05,1.4949832099098133e-05,-1.6122781861007004e-05,-0.00014410196653225725,-0.48840355526751766,-0.45466865923492356,-0.24298773316761996,0.0001577157222297435,0.37935913392171355,4.159895158847573e-05,0.05006207381074616,0.006936114472962391,15.155550101892965,0.9381017672754561,2.2260927297195354,0.016367024396839316
equilibrated_n128,1.2849999999999135,93,0.7265625,-0.776997232198024,0.3045507902206051,6.329781887365616,0.4059581782510595,1.4314999846194107,0.0,0.0003653006356784177,3.718551997225483e-08,2.556224429341533e-07,0.008339967849230774,-0.008119108218405703,-0.0002966968499874576,2.1114662285222108e-05,0.4844974415060912,0.43442701128581845,0.25610511559591137,0.0,1.1241053800425875e-05,1.4247220350200218e-05,-1.6360853811026274e-05,-0.00014395112119168664,-0.4761687147106608,-0.4425603667245744,-0.2563854515920878,0.00016506578347690875,0.35647172383964865,4.17278881044741e-05,0.049986974444064046,0.006819708309496474,14.262584515433886,0.9344802972924555,2.0888433685938277,0.016352187877723506
equilibrated_n128,1.2849999999999135,94,0.734375,-0.7688976283359858,0.2804638342167094,6.430777204952305,0.4459044214324617,1.4148639567077463,0.0,0.00035885418759612985,3.666452744188753e-08,4.620324560097866e-08,0.008365910123367746,-0.008144064008203214,-0.00029454938291863274,2.7898741853615572e-05,0.49150702361152526,0.43907453967872034,0.24196176961495228,0.0,1.0643403861041106e-05,1.3828491161876707e-05,-1.6435179049761082e-05,-0.00014381811273382644,-0.48315175689201856,-0.44723243217808545,-0.24223988381882117,0.000171716854587442,0.3712548695667769,4.185552812613658e-05,0.052348772876552645,0.0070448583550135726,14.183899608965403,0.9341407658274068,2.1751804445241087,0.017133569356591993
equilibrated_n128,1.2849999999999135,95,0.7421875,-0.7611279536885839,0.24533595895879567,6.5209640317535165,0.5103455958780417,1.392127218977135,0.0,0.0003534854606853944,3.617213893865323e-08,1.900003572059944e-07,0.008390704385699015,-0.008167951825296694,-0.00029246985212540155,3.3784782918026166e-05,0.5033463430956776,0.4480887652221593,0.22016931259930633,0.0,1.0400913052401137e-05,1.3650757101400778e-05,-1.637667665844505e-05,-0.0001437063224400018,-0.494966039623031,-0.4562703678045574,-0.22044540577477328,0.00017749110535802796,0.3941152933446287,4.197756231900298e-05,0.05517362274888008,0.0073359774778787665,14.286366336262684,0.9345822298116868,2.309518137318892,0.018066072957181278
equilibrated_n128,1.2849999999999135,96,0.75,-0.7534944598316224,0.2569804169879008,6.600591180016379,0.4867059115268128,1.3953995159592745,0.0,0.0003488579966874454,3.569512700696276e-08,1.3083398610320664e-07,0.00841497317576262,-0.008191367755426365,-0.0002904067671356908,3.897911020909279e-05,0.49843892875624024,0.4428133085907988,0.22689921030777402,0.0,1.0427033837362403e-05,1.3654782503509294e-05,-1.6215966794276475e-05,-0.00014361161680959947,-0.490034382614315,-0.4510183311287287,-0.22717340110811543,0.00018259072701869226,0.38454675196519716,4.209705351545293e-05,0.05554142605841059,0.007307513947657279,13.847204843490532,0.9326472551203178,2.2517390857327726,0.018193328617565778
equilibrated_n128,1.2849999999999135,97,0.7578125,-0.7457011428228472,0.28041141397186337,6.6744536448130045,0.4415866871811751,1.4008287685451455,0.0,0.00034466423003582075,3.521458611516204e-08,5.730679695785699e-08,0.008439653153563681,-0.008215215192552259,-0.0002882787848944218,4.36874365166495e-05,0.48827028782363974,0.4331373992368044,0.23953820862733274,0.0,1.06724345485111e-05,1.380632917902105e-05,-1.5967071234566326e-05,-0.00014353045249550477,-0.4798413071046246,-0.44136642075853566,-0.2398105203409926,0.00018721788901215428,0.3660103700719888,4.221861666203707e-05,0.05504845135351136,0.007172947274327131,13.297753563366763,0.9300589427864971,2.1410137690784214,0.018037932951645252
equilibrated_n128,1.2849999999999135,98,0.765625,-0.7378719210089799,0.26481023215604754,6.747018998970384,0.46776906281020525,1.3870033274513025,0.0,0.0003408573788110718,3.4738197315226094e-08,2.2518084061514575e-07,0.008464344217955007,-0.008239108285033922,-0.00028611777815912867,4.782210667208692e-05,0.49203382973368975,0.4355524398040267,0.22953810026738752,0.0,1.108888725432809e-05,1.4072638704206154e-05,-1.5651885272317668e-05,-0.00014346476748907383,-0.48358057440298907,-0.44380562072776486,-0.22980856616027434,0.00019128687416116076,0.37481074246862495,4.234028506321223e-05,0.05639670935953678,0.007279794894917925,13.291936594355352,0.9300304760381491,2.192467745452213,0.01848567317957715
equilibrated_n128,1.2849999999999135,99,0.7734375,-0.7302240870268999,0.23541832517206648,6.816657833464531,0.522535784153338,1.3665199263589451,0.0,0.0003374027291870264,3.4278691961320273e-08,1.1817595877200893e-08,0.008488360076973418,-0.00826238135338472,-0.00028398338596050815,5.129655523999293e-05,0.5015440589690567,0.44318375745175076,0.21072735360447534,0.0,1.1609189143305124e-05,1.4408369779505383e-05,-1.5301439034051418e-05,-0.00014341600380160234,-0.4930673080812267,-0.45146054717491496,-0.21099603555140178,0.00019471255904159529,0.39361713547539573,4.245867715233794e-05,0.05827538416300101,0.007455281452069388,13.508864544742131,0.9310766189238158,2.3034274286893734,0.01910720524508426
equilibrated_n128,1.2849999999999135,100,0.78125,-0.7226274021790996,0.23971257635103693,6.880821586059205,0.5120476427740116,1.3637189728526464,0.0,0.0003341044062562435,3.3827881449136066e-08,2.2750429988403428e-07,0.008512110580192548,-0.008285429430417969,-0.0002818394911808592,5.4208944502087374e-05,0.49814871103447844,0.4399343082321918,0.21265092458986,0.0,1.2187636615276027e-05,1.4782059818077471e-05,-1.4931561382124614e-05,-0.0001433826890125334,-0.4896487880909012,-0.4482345197224279,-0.21291783251965873,0.00019759163351462075,0.38900178304817845,4.257581285204024e-05,0.05812925117658233,0.007376039482915105,13.384028700679007,0.9304784479502051,2.2758814471124884,0.019064434380305074
equilibrated_n128,1.2849999999999135,101,0.7890625,-0.7148193242197597,0.25662378616550025,6.937125832269829,0.4772794155982844,1.3662632504928802,0.0,0.0003307230724646196,3.337029341743403e-08,1.98988600820361e-07,0.008536409369441982,-0.008309042441994213,-0.0002796104976480747,5.665859676885211e-05,0.4895365618967542,0.4324341702901694,0.22198089761674605,0.0,1.2794905260363703e-05,1.5172880846181483e-05,-1.4549390745152567e-05,-0.0001433642123141123,-0.48101294743257256,-0.4407583856130098,-0.22224595872364897,0.00020002280908296442,0.3755112875952512,4.269570790730819e-05,0.057017000190770314,0.00718358274716489,13.171906145144321,0.929437861797961,2.1960507253807373,0.018703979742675837
equilibrated_n128,1.2849999999999135,102,0.796875,-0.70686640539365,0.2414648189797793,6.983406244658289,0.502970491611282,1.349556469425898,0.0,0.0003271515140430033,3.2910105642394716e-08,8.437273164987403e-08,0.008561037365243858,-0.008333009011112318,-0.0002773129806198296,5.8605619812700715e-05,0.4918904633163413,0.43457213202035155,0.21138336128758103,0.0,1.3372551539326163e-05,1.5540984489382656e-05,-1.4179814546911802e-05,-0.0001433618832085209,-0.48334279850263673,-0.44292068201595325,-0.21164649445365397,0.00020196750302122163,0.38357330423885416,4.2817287145738116e-05,0.05723269672169816,0.007168957080192763,13.40399199094294,0.9305748017196351,2.2442071287114267,0.01877823815815336
equilibrated_n128,1.2849999999999135,103,0.8046875,-0.6989476908836417,0.2195713861016295,7.017715737880878,0.5421979233531744,1.3261393439614775,0.0,0.00032332884171413394,3.2457926528797754e-08,3.27202703241391e-07,0.008585433486404401,-0.008356783021508949,-0.00027499754265794985,6.001533797737815e-05,0.4959549083536403,0.43841268418469354,0.19572421129071477,0.0,1.3851701609115119e-05,1.583988227841319e-05,-1.385368129692105e-05,-0.00014337616073186227,-0.48738332656884503,-0.4467853070884809,-0.1959853551520758,0.0002033914987092404,0.3954801856010305,4.2937783087301817e-05,0.05745634860277202,0.007166174317120156,13.766283281772985,0.9322781514536994,2.3154247650034105,0.018854185362457445
equilibrated_n128,1.2849999999999135,104,0.8125,-0.690888625520544,0.23167414998237473,7.038515516106118,0.5148843220561776,1.325315888194361,0.0,0.00031906591014667417,3.2003924822776586e-08,1.6519957209728793e-07,0.008610128668554498,-0.008380881664266364,-0.0002726121301513541,6.093104663567758e-05,0.4881221467384577,0.43217695588631017,0.20234885982972323,0.0,1.420157995908389e-05,1.604792483044989e-05,-1.3580425328717096e-05,-0.000143407438973426,-0.4795262196498623,-0.440573885475407,-0.20260789153454586,0.00020433848560910358,0.38534101560602874,4.305982067244068e-05,0.05585907121080284,0.0069489287044209305,13.796900208090317,0.9324182777516306,2.2561870224253693,0.018331538995110246
equilibrated_n128,1.2849999999999135,105,0.8203125,-0.6825016056323238,0.23642421097966354,7.043302920661251,0.5021589422657322,1.3188377256010364,0.0,0.0003142497232176606,3.153840088740423e-08,1.1152287637606663e-07,0.008635681319385895,-0.008405851822462984,-0.00027009828606271516,6.13545532985462e-05,0.4826341543865506,0.42806341565293476,0.2039129529191667,0.0,1.4426255059459998e-05,1.6167135762376286e-05,-1.3355371403346845e-05,-0.00014345671928661207,-0.4740128993222242,-0.43648543461116013,-0.20416969583382608,0.00020481127258515828,0.37989664281679963,4.318616631212347e-05,0.054484366400991545,0.006773879703204353,13.945161443958208,0.9330887121059329,2.224895490499806,0.017880730008396337
equilibrated_n128,1.2849999999999135,106,0.828125,-0.6740198536664734,0.21194420254329172,7.02980990835495,0.5429250372764126,1.286061669390775,0.0,0.00030902768855295914,3.107495631475554e-08,3.12653479170644e-07,0.008661364701431104,-0.008430984905789316,-0.0002675232637403395,6.126308217246936e-05,0.48449315361055845,0.43019985449541487,0.1855298167981243,0.0,1.452620924764506e-05,1.6198814014590932e-05,-1.318203327408334e-05,-0.0001435224647194415,-0.475846315118375,-0.4386470382152188,-0.18578415802859055,0.00020478554689191085,0.39092119865920333,4.331323306992704e-05,0.05420667264900391,0.006750679439198471,14.423360798788552,0.9351632881415478,2.291320519306216,0.01778865679210564
equilibrated_n128,1.2849999999999135,107,0.8359375,-0.6654585480809361,0.21702534144191352,6.99740427657464,0.5284968145676184,1.2788726847641203,0.0,0.0003034426933043082,3.061513222449297e-08,1.607704737457288e-07,0.008687122915925662,-0.008456226143621721,-0.0002648905215404042,6.067247612807184e-05,0.47835642021544905,0.4255285581356837,0.18734213185984153,0.0,1.4515404815707408e-05,1.6152682224744695e-05,-1.3054832256504993e-05,-0.00014360354759929212,-0.4696838127043391,-0.4340009369615302,-0.18759396754912544,0.00020427602372736397,0.3849140087496631,4.344074731752508e-05,0.05274098058513044,0.006594762345529426,14.596391818250876,0.9358826059480115,2.2567430719128483,0.017305455911192435
equilibrated_n128,1.2849999999999135,108,0.84375,-0.6565746770770667,0.22130333966093593,6.9460045056140265,0.5164184197555306,1.2723346964902325,0.0,0.0002973621161952057,3.014681940888275e-08,6.648160404827653e-08,0.008713669704332511,-0.008482276166933922,-0.0002621229209301466,5.9565745065023725e-05,0.47304938880982667,0.4215281222921182,0.18872991163604624,0.0,1.4405136698107329e-05,1.603542163718248e-05,-1.2965373300894615e-05,-0.00014370169387528618,-0.46435012424219224,-0.43002643388068934,-0.1889790691836755,0.0002032674389403099,0.37980513480202427,4.357224887649396e-05,0.05143412201995546,0.006472954046730797,14.76860573821663,0.9365828522444182,2.22739668679219,0.016873168185006594
equilibrated_n128,1.2849999999999135,109,0.8515625,-0.6476821020268868,0.19647108290144108,6.875595985433879,0.5538562564677538,1.2298313207011535,0.0,0.0002910350445158481,2.96876313515132e-08,1.9549376423819658e-07,0.008740051467174154,-0.008508199895662616,-0.0002593163532604483,5.7991537441758016e-05,0.4716200616377959,0.4204255031728318,0.16874736042300498,0.0,1.4214014544672456e-05,1.5861330792853005e-05,-1.2910717915517956e-05,-0.00014381253848036728,-0.4628942241851664,-0.4289495643992872,-0.16899376605834993,0.00020180407592212528,0.3873152295520625,4.3703018298488706e-05,0.05110715242836723,0.006489306018603702,15.156987276680344,0.9381072731645139,2.2727842248840076,0.016761058642657367
equilibrated_n128,1.2849999999999135,110,0.859375,-0.6387257151761643,0.20910084625119196,6.7862920975293495,0.5281484540863989,1.2362481314551763,0.0,0.00028447118645097614,2.9235372315736252e-08,1.6680483346080699e-07,0.008766423545321481,-0.008534148981551078,-0.0002564532318090377,5.597312456854637e-05,0.46620488949359445,0.41619607408033826,0.17678134834739626,0.0,1.3960691027555864e-05,1.5643069597646903e-05,-1.2882237010949669e-05,-0.00014393519200887433,-0.4574524266393005,-0.424745866131487,-0.17702491934219433,0.0001999083165774207,0.3792747783664409,4.383382696991973e-05,0.04992114775931637,0.0064114147188437404,15.19495425846494,0.9382523726809967,2.225727522439329,0.01636590813661784
equilibrated_n128,1.2849999999999135,111,0.8671875,-0.6296430001695227,0.18873248843678134,6.67824481166193,0.5558746615846738,1.1952331880459695,0.0,0.00027767236046498725,2.8787855897716152e-08,2.5733187163577123e-08,0.008792957826944087,-0.008560292184975839,-0.00025351278325029373,5.352266615467299e-05,0.4627743581338993,0.41298317672565277,0.15959899041297632,0.0,1.3662954203701133e-05,1.5392643534246716e-05,-1.2871580902650172e-05,-0.00014406907621771723,-0.4539950632611589,-0.42155886155416283,-0.15983963161532394,0.00019759174237239023,0.38290562764271213,4.396552969851518e-05,0.04970325034884945,0.006473256788238737,15.407669516791502,0.9390528923698391,2.2477305155074236,0.016286728565697916
equilibrated_n128,1.2849999999999135,112,0.875,-0.6207614756824197,0.18791211630395938,6.55155625665285,0.5531176421844698,1.1852581298432598,0.0,0.0002709380016896683,2.836165315794892e-08,6.262980296876974e-08,0.008818694403097153,-0.00858568184547054,-0.0002506019653680038,5.077235331912429e-05,0.4593826929979951,0.4100097186503227,0.15779739009662624,0.0,1.3352975279977739e-05,1.5133947893716697e-05,-1.2870147296710726e-05,-0.00014420750682782012,-0.450577351570178,-0.41861053444368695,-0.15803512191469754,0.0001949798601469444,0.38040177049025037,4.409336022629879e-05,0.04928478762721986,0.006526441166852253,15.436883825797615,0.9391612175033747,2.2331258353142824,0.016140178826280667
equilibrated_n128,1.2849999999999135,113,0.8828125,-0.6118007909661156,0.17540499099816276,6.406974896999005,0.5671710685503034,1.1540473629159869,0.0,0.00026411011712413934,2.7943802678037644e-08,1.449818129286166e-07,0.008844444369615347,-0.008611115970489159,-0.00024763019352962753,4.768116111087814e-05,0.4550530966358222,0.4057615315191041,0.14648431232196826,0.0,1.3042336559872497e-05,1.4873640785220032e-05,-1.2868924077010486e-05,-0.00014435295531500415,-0.4462216946027667,-0.41438752113037847,-0.1467190735914209,0.00019203411642588228,0.38011167337922036,4.4221344323234044e-05,0.04920312242807182,0.006642809394157237,15.450713475954343,0.9392123629493835,2.2314669178472504,0.01610209693161448
equilibrated_n128,1.2849999999999135,114,0.890625,-0.6031690138323628,0.16853541915389383,6.245159905698641,0.5754709583069112,1.13821223243025,0.0,0.00025755048995344934,2.7553219809905993e-08,8.717223257367662e-08,0.00886903884396264,-0.008635437323753757,-0.0002447348533526027,4.443825302625592e-05,0.4532144437335691,0.403833351339031,0.14045344343384822,0.0,1.2764689906797163e-05,1.4637126282564293e-05,-1.2859756366116947e-05,-0.00014449693054792084,-0.4443581695795133,-0.4124834257890673,-0.1406853185308347,0.00018893518357417677,0.3802063150456087,4.434366730889728e-05,0.04929240505992054,0.006803494429591522,15.42656782859041,0.9391230103308921,2.2319454852137315,0.01611778837761069
equilibrated_n128,1.2849999999999135,115,0.8984375,-0.5945824178378265,0.14988512775144452,6.066552538685218,0.5963770321169908,1.0925927412082639,0.0,0.0002510876169574765,2.71768974199893e-08,9.111154720938604e-09,0.008893294852252745,-0.008659450667006964,-0.00024182352358828629,4.0987324686513785e-05,0.44708186458290433,0.3976099107839339,0.12382493911223416,0.0,1.2527380910612756e-05,1.442810012438201e-05,-1.2835363004154283e-05,-0.0001446423646621611,-0.4382010971115622,-0.4062837895510652,-0.12405392727281829,0.00018562968934867488,0.37909485835216683,4.446438588511794e-05,0.049383025027200225,0.0069882767809136374,15.353245701062702,0.9388500595979539,2.2251861250858007,0.01613136732142335
equilibrated_n128,1.2849999999999135,116,0.90625,-0.5863347277212658,0.1543680405666742,5.8714694291936045,0.5903285537515254,1.1015427727575147,0.0,0.0002449494676094382,2.6827287785344267e-08,1.1497493700300844e-07,0.008916391960653367,-0.008682340777635505,-0.00023899848788514207,3.749075344272767e-05,0.44785548865036967,0.3982876308174258,0.12757735191105493,0.0,1.2340054407480066e-05,1.4254915334969613e-05,-1.2795647442716493e-05,-0.00014478292224594434,-0.4389514367441238,-0.4069842265103963,-0.12780355475149735,0.000182273675688672,0.37863834439268723,4.457941045598564e-05,0.04947869901203184,0.007200599452836156,15.305105103940301,0.9386695152453608,2.2223513673440913,0.016143600318865463
equilibrated_n128,1.2849999999999135,117,0.9140625,-0.5782371347467135,0.11744087226724767,5.609373328491673,0.6364867039367402,1.021642636426612,0.0,0.00023897914737381254,2.6495702871304205e-08,6.396337644318359e-08,0.008938872510694465,-0.008704641878999253,-0.00023619821491808703,3.391102898238449e-05,0.4392204651896429,0.39005213698346625,0.09606552755306445,0.0,1.2190394086155773e-05,1.4108246175921629e-05,-1.2742645514614139e-05,-0.0001449207495649472,-0.4302937830730346,-0.39877088710864145,-0.09628898312246793,0.0001788317785473317,0.3788148090662853,4.46914334641667e-05,0.04907894533924816,0.007425657910361751,15.436958005018464,0.9391614920659477,2.2238099090584638,0.015985147085934
equilibrated_n128,1.2849999999999135,118,0.921875,-0.5703854921274836,0.12614781864750774,5.098838764630356,0.6229347682349927,1.0358766935192918,0.0,0.00023323347996200336,2.618546852094228e-08,3.246226663399085e-08,0.008960480772691407,-0.008726097649373536,-0.00023345838411946863,3.0324636420456567e-05,0.4381465213809895,0.3914675338692835,0.10301470239452849,0.0,1.2073426366627118e-05,1.3985323820657611e-05,-1.2679457573173689e-05,-0.00014505331619651967,-0.4291981140346647,-0.4002076168424777,-0.10323548132107478,0.00017537795261697624,0.3785172530476316,4.479917404005019e-05,0.04658938916362584,0.007639059001496586,16.24907558750115,0.9420258787245033,2.2245141291221637,0.015112281989025096
equilibrated_n128,1.2849999999999135,119,0.9296875,-0.5627330415938533,0.10908384410918597,4.29605930451329,0.634622288053293,0.9847182269492598,0.0,0.00022766561642662144,2.5894040677279517e-08,8.789592165211411e-08,0.008981357853734814,-0.008746845571749878,-0.00023076531917850377,2.674071332362313e-05,0.42564966408360366,0.38422924234977524,0.08730582744972716,0.0,1.1982152052631736e-05,1.3881197829801213e-05,-1.2608044913941373e-05,-0.00014518065949757858,-0.41668028838192145,-0.3929899691193549,-0.08752398472399171,0.0001719213728212017,0.37475049040705727,4.490332863161635e-05,0.041330615076565186,0.007804031771574636,18.134280833364322,0.9477377797102096,2.2071723273657784,0.01328568687451814
equilibrated_n128,1.2849999999999135,120,0.9375,-0.5551618352511123,0.07905859132320686,3.3158197762055153,0.6696037170114122,0.9203725758255679,0.0,0.00022217947895502048,2.5616495589672605e-08,5.287281411571297e-09,0.009001832199476313,-0.008767210181908312,-0.00022807931140908413,2.3127740062539463e-05,0.4149213861163311,0.3802756811996124,0.06247666451533467,0.0,1.1910181351327538e-05,1.3790938763249277e-05,-1.2529123204861201e-05,-0.00014530404369779388,-0.40593146409820613,-0.38905668232028395,-0.06269221470353889,0.00016843178376033335,0.3753813696435246,4.50055310670906e-05,0.03455569385458462,0.008006750894720194,21.72616595245831,0.9559978571796081,2.217732524006563,0.010900161370769823
equilibrated_n128,1.2849999999999135,121,0.9453125,-0.5478365750757945,0.08571189228762645,2.344629729882579,0.6577481878994619,0.9286313424367393,0.0,0.00021688511494851278,2.5358289450910787e-08,8.713565679066898e-08,0.009021467001369863,-0.008786755119035032,-0.00022546069563348205,1.9585253606213445e-05,0.4105002399410065,0.38289866925755545,0.06750777406161441,0.0,1.1854443159651432e-05,1.371340871383631e-05,-1.244612292855407e-05,-0.00014542021152627,-0.4014906273827963,-0.3916991377853043,-0.06772078863431934,0.00016500546513248344,0.3771575537941258,4.510359551684974e-05,0.02751136349241731,0.00822553338165273,27.418310539067107,0.964811419784252,2.2354339592723376,0.008350679310983506
equilibrated_n128,1.2849999999999135,122,0.953125,-0.540654592670825,0.07250951845079745,1.548027681819098,0.6556352738101903,0.877743879266603,0.0,0.0002116999337330917,2.5115090835151066e-08,4.587517737493396e-08,0.009040548355297336,-0.00880576321233561,-0.0002228748305589495,1.6082070390584444e-05,0.39412530134919355,0.37277360589412556,0.05531663604477539,0.0,1.1809824336314974e-05,1.3644613702956263e-05,-1.2359511231176448e-05,-0.0001455303519073976,-0.3850965628182325,-0.38159301372016413,-0.05552715136410316,0.00016161242229798204,0.3688078221974247,4.519894522392847e-05,0.02126129756462006,0.008344217653648532,34.69287996901381,0.971983207831138,2.191585635619928,0.005995507482042884
equilibrated_n128,1.2849999999999135,123,0.9609375,-0.5335061121229441,0.04411135132317172,1.0078069867310586,0.6864016593201276,0.8199027791201507,0.0,0.00020653742978308002,2.4882877510193357e-08,4.6401625256088934e-08,0.009059371443003601,-0.008824527291461052,-0.00022028335056437833,1.2579227828774393e-05,0.38530008155960765,0.3680616284828373,0.03316726582396139,0.0,1.1772151999950383e-05,1.3581177236868844e-05,-1.226922451997411e-05,-0.000145635619045435,-0.37625248226860397,-0.3768997369515352,-0.03337527995000579,0.0001582148468742094,0.36664386861952764,4.5293051880106915e-05,0.017147866973010135,0.008540595329299476,42.762621053289756,0.9771494490976146,2.1827153447441554,0.004298057857442983
equilibrated_n128,1.2849999999999135,124,0.96875,-0.5266161881537937,0.04133273383058996,0.7124991342419135,0.7021971420182291,0.8294527135513796,0.0,0.0002015537179112902,2.466829709425744e-08,6.242583731258655e-08,0.009077351438377101,-0.008842462921389314,-0.00021776935670260038,9.19974017085037e-06,0.3906355709426956,0.3753989831574041,0.03160830286668433,0.0,1.1739315668092982e-05,1.3522886024428788e-05,-1.217934009932288e-05,-0.0001457323452176625,-0.38156995881998657,-0.3842549689648178,-0.031813892883287606,0.00015493208538851287,0.3741379085753181,4.538298713934241e-05,0.015145821811013035,0.008844279981325517,49.40476829105039,0.9801606071428455,2.2296816296408957,0.0033270920484257185
equilibrated_n128,1.2849999999999135,125,0.9765625,-0.5199349442686038,0.03926453266747467,0.5899521280078415,0.6949777903601471,0.8141516874523094,0.0,0.0001967075653265156,2.4846328340276516e-08,1.3300077576761365e-08,0.009094632515517913,-0.008859712141076611,-0.00021531668102021088,5.929607814123116e-06,0.3845636154985094,0.3702108684079315,0.02959024799027095,0.0,1.1708085771129017e-05,1.3467288457487109e-05,-1.2090398250609817e-05,-0.0001458211393277121,-0.37548069106876264,-0.3790840478374656,-0.029793474273040552,0.00015175074714183522,0.369094490615224,4.54694661453089e-05,0.014261808158287254,0.008969960734702647,51.759845107823935,0.9810461915125731,2.2003051355330565,0.002873384519859408
equilibrated_n128,1.2849999999999135,126,0.984375,-0.5132214471558443,0.020366868443894195,0.5548749342533179,0.7029602640903989,0.7634899328629872,0.0,0.00019181896987801114,2.515984472641822e-08,3.639461468146631e-08,0.009111841689995305,-0.008876899841141239,-0.00021283785235540298,2.6598510131186157e-06,0.3737454085304821,0.35968954640110357,0.014931579480761669,0.0,1.167474458888776e-05,1.3410649372419146e-05,-1.2000139970018191e-05,-0.00014590485217926295,-0.3646452415850757,-0.36857985689161726,-0.015132417193147054,0.00014856470319238156,0.35943099251021066,4.5555624051260794e-05,0.01396475088127621,0.00898126953727141,51.476892866328456,0.9809439937202981,2.1426212041799877,0.0027295167584718842
equilibrated_n128,1.2849999999999135,127,0.9921875,-0.5065368726114907,0.003537067779410379,0.5473334946790007,0.7391607784795063,0.7504954294909075,0.0,0.0001869267752864844,2.5456911617102342e-08,1.7279704426052482e-08,0.00912881995660022,-0.008893866702598674,-0.00021035582835676904,-5.712287897211711e-07,0.37961403927530424,0.3654240290858537,0.002635217177231593,0.0,1.1637063406965873e-05,1.3351814643648537e-05,-1.1910252738060933e-05,-0.00014598217595647903,-0.370496856382111,-0.374331247603096,-0.0028336627528503014,0.00014541094716675785,0.36546034880721256,4.56406631282899e-05,0.014098728863194018,0.009111629077814827,51.84302107706734,0.981076025185207,2.1786633639800814,0.002736709392489069
equilibrated_n128,1.2849999999999135,128,1.0,-0.5,-1.3818216938212646e-10,0.5453768072853404,0.7605274672984399,0.7613118366918072,0.0,0.00018211343115543804,2.573254553143464e-08,4.616018669231081e-08,0.009145269683812064,-0.008910314418865797,-0.00020791561737265742,-3.699608803348833e-06,0.38773714173069584,0.3733925817403051,-1.0517455637044094e-10,0.0,1.1593463104135297e-05,1.329032596482765e-05,-1.1823163856286527e-05,-0.00014605145546390735,-0.3786034655099879,-0.3823161864851357,-0.00019609234834181452,0.0001423518466605585,0.3734383048304117,4.572309010643573e-05,0.0142531138101779,0.009223066984689247,52.40094337333445,0.9812737390609593,2.226376715172292,0.0027616489106517387
