case,s,node,fraction,l,velocity,heat,required_negative_null_plus,required_negative_null_minus,required_before_plus,required_before_minus,fd_error,spline_error,geometry_rho,geometry_p_l,geometry_j_l,geometry_p_omega,reservoir_rho,reservoir_p_l,reservoir_j_l,reservoir_p_omega,endpoint_rho,endpoint_p_l,endpoint_j_l,endpoint_p_omega,remainder_rho,remainder_p_l,remainder_j_l,remainder_p_omega
prior_thermal_n64,0.0,0,0.0,-2.1,4.062611865024905e-12,0.24999999999999967,0.012647566113042382,0.013230294855099368,0.0037921137928360756,0.004374842534749157,1.1680849602343363e-06,8.156199696563587e-06,0.002333737565835256,-0.006417215729627872,-0.0001456821854782704,0.008657957029985196,0.01110567261065208,-0.0022502202903738216,3.597626566652478e-14,0.0,0.0,0.0,0.0,0.0,-0.008771935044816824,-0.004166995439254051,-0.00014568218551424666,0.008657957029985196
prior_thermal_n64,0.0,1,0.015625,-2.075,7.190548868858511e-12,0.2500693431968559,0.010878125527275012,0.011365969916522283,0.003025618584988992,0.003513462974010409,8.476045179747413e-07,6.266481909325376e-06,0.002841817841495997,-0.006127225417215066,-0.00012253020234117716,0.006670137958059636,0.010139839976786311,-0.0022873330343873626,5.6463834912370356e-14,0.0,-8.535179333010051e-06,-7.331616886359078e-06,-5.691050858228303e-07,3.5079012750955945e-05,-0.007289486955957303,-0.0038325607659413447,-0.00012196109731181817,0.00663505894530868
prior_thermal_n64,0.0,2,0.03125,-2.0500000000000003,1.1149721362387773e-11,0.25279541277083833,0.009271681632754058,0.009664762645306822,0.002316036877180633,0.0027091178894231836,5.84367000810472e-07,4.634810757369115e-06,0.003271542309311806,-0.005886389320971209,-0.00010197523445382647,0.005076785619546259,0.009277689516917197,-0.0023220447611886647,7.75535009221269e-14,0.0,-5.5071537324446915e-05,-4.7198091033048244e-05,-3.7049813931887997e-06,0.00022417622416252367,-0.005951075670280944,-0.0035171464687494963,-9.827025313819117e-05,0.004852609395383735
prior_thermal_n64,0.0,3,0.046875,-2.025,1.5281764148929053e-11,0.26835052329185083,0.007853842485730865,0.008150840657109443,0.0016430378410206997,0.0019400360120196297,3.770827802897572e-07,3.286896232569843e-06,0.003631660485442828,-0.005692041154173044,-8.404121569614999e-05,0.003819823618191601,0.008565619766769002,-0.0023548151218690124,9.491205175843473e-14,0.0,-0.00014486111481558185,-0.00012398262739446932,-9.791672946417515e-06,0.0005859557313032916,-0.004789098166510592,-0.0032132434049095627,-7.424954284464453e-05,0.00323386788688831
prior_thermal_n64,0.0,4,0.0625,-2.0,1.866456956205699e-11,0.3031437263147146,0.006648798585973861,0.006853647824553033,0.0010282615267423727,0.0012331107649019256,2.2110885572641792e-07,2.2195732860778167e-06,0.003931517468198844,-0.005540222780492233,-6.864490599528539e-05,0.0028431382136737187,0.008006597599450577,-0.0023860605400092792,1.0490490492206134e-13,0.0,-0.00025763611417945864,-0.0002203830522917813,-1.743259645539714e-05,0.0010384844099036055,-0.003817444017072274,-0.002933779188191173,-5.1212309644793154e-05,0.0018046538037701132
prior_thermal_n64,0.0,5,0.078125,-1.975,2.0220174078879455e-11,0.34203822262809236,0.005601330097122869,0.005726124319908243,0.000512034905212127,0.0006368291275858763,1.0958230466269481e-07,1.4092311710380001e-06,0.004180409434054272,-0.005426217005925765,-5.562271202265144e-05,0.002095061062681076,0.007505443127309299,-0.0024161479351927444,1.02906434723401e-13,0.0,-0.000361817046601799,-0.00030955850887069215,-2.4424156429214138e-05,0.0014570009913454235,-0.0029632166466532278,-0.002700510561862328,-3.119855569634374e-05,0.0006380600713356526
prior_thermal_n64,0.0,6,0.09375,-1.9500000000000002,1.8555335392498655e-11,0.36517894939104134,0.004670736041017668,0.004734561090868681,0.00012944336877438492,0.00019326841828833547,3.4546295809689126e-08,8.201522411950286e-07,0.004387110055161066,-0.005345004968658351,-4.4757447286936675e-05,0.0015298226094682594,0.006986685559879017,-0.002445392887467202,8.426520865209776e-14,0.0,-0.00042909351537977056,-0.00036744550458615426,-2.8801184908449044e-05,0.0017302629134125337,-0.00217048198933818,-0.002532166576604995,-1.595626246275284e-05,-0.00020044030394427434
prior_thermal_n64,0.0,7,0.109375,-1.925,1.1447341873687836e-11,0.4153755130576828,0.0040219891270100085,0.004046338877684951,0.0,0.0,4.1444224021386367e-08,4.1166509864203407e-07,0.004559562882615446,-0.005291625629604002,-3.580262193996018e-05,0.0011081733930072462,0.006606152867552112,-0.002474061158489131,4.7301466447075e-14,0.0,-0.00044678526431601135,-0.00038320518938804617,-2.9715184318525984e-05,0.001808059801661571,-0.001599804720620655,-0.0024343592817268247,-6.087437668735663e-06,-0.0006998864086543248
prior_thermal_n64,0.0,8,0.125,-1.9000000000000001,-5.113071157460653e-12,0.5951168610802896,0.0038713678973561066,0.003873513398097388,0.0,0.0,4.8171167388311176e-08,1.4354403641159835e-07,0.004704718005117572,-0.0052614312831419565,-2.850270557802124e-05,0.0007973872025559231,0.006610302480578265,-0.0025023724917231753,-2.1004138342882622e-14,0.0,-0.0004259864374951972,-0.0003662161816575296,-2.7966330371696752e-05,0.001733864060794624,-0.0014795980379654957,-0.0023928426097612515,-5.363751853203518e-07,-0.0009364768582387009
prior_thermal_n64,0.0,9,0.140625,-1.875,-3.8560365994764785e-11,0.7799235167719684,0.0037309107749846785,0.0037194380181482653,0.0,0.0,4.897730754554325e-08,2.0478123202802984e-08,0.004828483396093774,-0.0052502466557285835,-2.2608647584884044e-05,0.0005708465746137839,0.00656934543627523,-0.002530505735561561,-1.5573913705370537e-13,0.0,-0.0003948872864968522,-0.00034054127728515483,-2.5476836638248204e-05,0.0016201946108887744,-0.001345974753684604,-0.0023791996428818678,2.8681892091032974e-06,-0.0010493480362749905
prior_thermal_n64,0.0,10,0.15625,-1.85,-1.0259201415689735e-10,0.8784015055593142,0.003399268227227603,0.0033796584162958973,0.0,0.0,5.0833698975335205e-08,1.1087595311852234e-07,0.004935758484661719,-0.005254446652765733,-1.7888641492039334e-05,0.00040738086519760485,0.00630368077115158,-0.0025586045181485062,-3.842149159667513e-13,0.0,-0.0003613926532464115,-0.00031290844609892666,-2.2791093840750823e-05,0.0014981517501384684,-0.0010065296332434498,-0.0023829336885183004,4.902452732926406e-06,-0.0010907708849408634
prior_thermal_n64,0.0,11,0.171875,-1.8250000000000002,-2.2212562755501428e-10,0.9926193411224576,0.003137861742179421,0.0031145166639599126,0.0,0.0,4.724820417046803e-08,1.51799591714772e-07,0.0050305208410209995,-0.005270972423623562,-1.4134620536244917e-05,0.00029049020685782245,0.006082481144791215,-0.002586782907286398,-7.764841647487151e-13,0.0,-0.00032614489290730853,-0.00028381572413040465,-1.9970889314637773e-05,0.001369434972785143,-0.0007258154108629074,-0.0024003737922067593,5.836269554877022e-06,-0.0010789447659273203
prior_thermal_n64,0.0,12,0.1875,-1.8,-4.4195761128179773e-10,1.132647606921195,0.0029485223172254767,0.002924871299355354,0.0,0.0,4.0979074010483955e-08,1.614144289918706e-07,0.005115940808593638,-0.005297304400671625,-1.116525738577696e-05,0.00020755181087607938,0.005914011405735271,-0.0026151306814687194,-1.4579654448004124e-12,0.0,-0.0002897863606429758,-0.0002537611474111484,-1.707801039534216e-05,0.0012357437730702338,-0.0005082842364986578,-0.0024284125717917576,5.912754467530646e-06,-0.0010281919621941543
prior_thermal_n64,0.0,13,0.203125,-1.7750000000000001,-8.417694595622283e-10,1.2995446623935185,0.0028153725455886407,0.002793991108588531,0.0,0.0,3.384236974638961e-08,1.527275822950933e-07,0.005194505715049918,-0.005331409430103398,-8.826342243638477e-06,0.00014907227070471232,0.005787662448439181,-0.00264371800012818,-2.6464764191484187e-12,0.0,-0.00025293800687783264,-0.0002232283293980614,-1.4171698847189585e-05,0.0010987693532416608,-0.0003402187265114298,-0.002464463100577156,5.345359250027527e-06,-0.0009496970825369485
prior_thermal_n64,0.0,14,0.21875,-1.75,-1.5619001406354045e-09,1.4711026799960718,0.0026965432960812377,0.0026792967249954372,0.0,0.0,2.6930403808822414e-08,1.3460235267863645e-07,0.005268140855280507,-0.005371675311497343,-6.989376053648017e-06,0.00010802267153342798,0.005665763295627185,-0.0026725993849760223,-4.675023132990868e-12,0.0,-0.00021613516308023844,-0.00019264319324942237,-1.1301014150075086e-05,0.0009601697475732611,-0.00018148727726643912,-0.0025064327332718983,4.311642771450202e-06,-0.0008521470760398331
prior_thermal_n64,0.0,15,0.234375,-1.725,-2.8471643320616906e-09,1.6066077724978434,0.0025455177955508194,0.002533664263033297,0.0,0.0,2.0816806594098802e-08,1.1276206674930593e-07,0.005338319587273901,-0.005416842437900631,-5.549095065081052e-06,7.9272935622738e-05,0.005505194184417391,-0.002701817010223669,-7.981675499680255e-12,0.0,-0.00017989175597953904,-0.00016241723954885475,-8.512470212786192e-06,0.0008215946983453563,1.3017158836049064e-05,-0.0025526081881281073,2.96338312938064e-06,-0.0007423217627226184
prior_thermal_n64,0.0,16,0.25,-1.7000000000000002,-5.120588391003046e-09,1.6587650013294049,0.0023292797338622905,0.002323551300051979,0.0,0.0,1.5729596204495683e-08,9.06707557479222e-08,0.005406158705696318,-0.0054659387661892935,-4.420485519943504e-06,5.912757555955629e-05,0.005275722490346167,-0.0027314033526969475,-1.3028411039253479e-11,0.0,-0.00014472171230507964,-0.00013296196887998098,-5.852580944110363e-06,0.0006846939478382644,0.00027515792765523024,-0.002601573444612365,1.4321084525778984e-06,-0.0006255663722787081
prior_thermal_n64,0.0,17,0.265625,-1.675,-9.10617394058674e-09,1.6005519994779065,0.0020487636920828787,0.0020494528467774604,0.0,0.0,1.1685497163898802e-08,7.024534790929754e-08,0.005472498057671539,-0.005518221667724671,-3.535687544851803e-06,4.495601229868615e-05,0.004980525920684631,-0.0027613832806310016,-2.0207898879301223e-11,0.0,-0.00011109878940597808,-0.00010465919127061465,-3.3633786633074836e-06,0.0005510406841089129,0.000603070926392885,-0.0026521791958230546,-1.722886736454403e-07,-0.0005060846718102268
prior_thermal_n64,0.0,18,0.28125,-1.6500000000000001,-1.6031072462361884e-08,1.4780057334333772,0.001765710109509454,0.0017727982974296925,0.0,0.0,8.586497555528939e-09,5.239540229516024e-08,0.00553796511703101,-0.005573128218430285,-2.8410466295369952e-06,3.490573650589012e-05,0.004682974793398643,-0.0027917756696925686,-3.031795019288737e-11,0.0,-7.93360671104438e-05,-7.777195452533276e-05,-1.0689693315272027e-06,0.0004219018783206639,0.0009343263907428106,-0.002703580594212384,-1.7720469800595997e-06,-0.00038699614181477376
prior_thermal_n64,0.0,19,0.296875,-1.625,-2.7954829197292274e-08,1.5610069783904623,0.0016796943650870945,0.0016929160956652496,0.0,0.0,6.635772587665345e-09,3.7411025573914295e-08,0.005603026169953192,-0.00563023413478169,-2.2944592028146914e-06,2.7684719169775992e-05,0.00458393197029328,-0.0028225946329862453,-4.923788442323168e-11,0.0,-4.9706455866457974e-05,-5.2533615892902304e-05,1.0110226796084868e-06,0.00029846794741348486,0.0010688006555263701,-0.002755105885902542,-3.305432644538755e-06,-0.0002707832282437089
prior_thermal_n64,0.0,20,0.3125,-1.6,-4.829945728577626e-08,1.8072537300907876,0.0017114581359929453,0.001730337998529072,0.0,0.0,5.165639393664434e-09,2.522775919828511e-08,0.005668025999929248,-0.0056892206065655634,-1.8630772254780341e-06,2.239958923204094e-05,0.004605214302881524,-0.002853850443512737,-8.458992391743483e-11,0.0,-2.2482866122002697e-05,-2.9177532622091023e-05,2.856972998477517e-06,0.00018192930832734705,0.0010852945631697267,-0.0028061926304307353,-4.7199656340316335e-06,-0.0001595297190953061
prior_thermal_n64,0.0,21,0.328125,-1.5750000000000002,-8.269296265603834e-08,1.9473993322962337,0.0016714653747589518,0.001695356639190529,0.0,2.2740682065512592e-05,4.025411136365786e-09,1.559900398429145e-08,0.0057332183408597085,-0.005749848221951768,-1.5213822930576427e-06,1.8437364686122283e-05,0.004558166450098968,-0.002885550216346768,-1.3831359175555323e-10,0.0,2.0868674843494202e-06,-7.921975353868457e-06,4.451572128428446e-06,7.352078042102379e-05,0.001172965023276391,-0.0028563760302511313,-5.972816107894333e-06,-5.50834157349015e-05
prior_thermal_n64,0.0,22,0.34375,-1.55,-1.4029600998943245e-07,1.9965167835065798,0.0015861466645677904,0.0016142913013273846,3.400543891085689e-05,6.215094670709043e-05,3.1415206087556657e-09,8.202386458016291e-09,0.005798788807692475,-0.005811936655247801,-1.2496068763662672e-06,1.538033377607451e-05,0.004469839196148656,-0.0029176984060100422,-2.1775915979828845e-10,0.0,2.3855213551660938e-05,1.107513170198641e-05,5.786770072692117e-06,-2.5345207271489975e-05,0.0013050943979921572,-0.0029053133809397447,-7.036159189898586e-06,4.0725541047564485e-05
prior_thermal_n64,0.0,23,0.359375,-1.525,-2.358641810865195e-07,1.9989264047414397,0.0014887544551268487,0.0015203102921695346,6.506914150372582e-05,9.66263217312609e-05,2.45540524544674e-09,2.701214604791213e-09,0.005864872084651621,-0.00587534914883722,-1.032463347413848e-06,1.2945621858225028e-05,0.004373981805504907,-0.0029502971634742083,-3.3579621221800684e-10,0.0,4.269971648840282e-05,2.767095094349192e-05,6.8568317094699185e-06,-0.00011321182329739201,0.0014481905626583117,-0.0029527229363065033,-7.888959260671548e-06,0.00012615744515561704
prior_thermal_n64,0.0,24,0.375,-1.5,-3.9291706232740045e-07,2.003457032678502,0.0014044772655776583,0.0014385318306726165,9.160832281793142e-05,0.00012566495130570082,1.9213978342397242e-09,1.2231055849223546e-09,0.0059315646955091905,-0.005939980767099294,-8.581352049791041e-07,1.0942799462765372e-05,0.0042962144986572895,-0.0029833465875939683,-5.158482028388314e-10,0.0,5.849792070304611e-05,4.172264476866646e-05,7.656021916963242e-06,-0.00018862223620388054,0.0015768522761488548,-0.002998356824273992,-8.513641273739507e-06,0.0001995650356666459
prior_thermal_n64,0.0,25,0.390625,-1.475,-6.485545429992166e-07,2.050787539012613,0.0013474645058403564,0.0013830726203188923,0.0001133359012517299,0.00014894721732496574,1.5043265053776844e-09,3.856596866179038e-09,0.0059989343625654005,-0.006005749504539806,-7.174851496148463e-07,9.244464489874601e-06,0.004250971901545456,-0.003016844897754179,-8.003986749465078e-10,0.0,7.118456586028849e-05,5.3141851453653526e-05,8.185343868694116e-06,-0.00025053328219811914,0.0016767778951596564,-0.003042046458239281,-8.902028619634015e-06,0.00025977774668799376
prior_thermal_n64,0.0,26,0.40625,-1.4500000000000002,-1.060700401291713e-06,2.149276868699028,0.0013153198602462736,0.0013516196030351527,0.00013039166243726131,0.00016669643263073474,1.3492871830786044e-09,5.4486266641187015e-09,0.006067026852495764,-0.006072589614592934,-6.034386289013574e-07,7.766023974663346e-06,0.004235714232178403,-0.003050788548071688,-1.256851148631436e-09,0.0,8.092317264973259e-05,6.205811278709571e-05,8.472753919466998e-06,-0.0002995564681271253,0.0017503894476676284,-0.0030838591793083416,-9.074935697219723e-06,0.00030732249210178864
prior_thermal_n64,0.0,27,0.421875,-1.425,-1.7188923758129752e-06,2.281722739773093,0.0012968774991263194,0.0013331233807768166,0.00014303865402307128,0.00017929246894547068,1.243530108308644e-09,6.213268399095981e-09,0.00613587108227764,-0.0061404467403089425,-5.10507011192885e-07,6.451917143996881e-06,0.00423900717691372,-0.003085172298446423,-1.9833179755386674e-09,0.0,8.793445701720743e-05,6.865544643576054e-05,8.552946719406968e-06,-0.00033671696849788116,0.001808929448346712,-0.00312392988829828,-9.061470412624313e-06,0.00034316888564187806
prior_thermal_n64,0.0,28,0.4375,-1.4,-2.7602181240663984e-06,2.42230339656426,0.0012807669901376058,0.0013163346722720587,0.00015155838038081367,0.000187138529894723,1.1631054113280721e-09,6.33321945708498e-09,0.006205482670639434,-0.006209274120802246,-4.344204598382522e-07,5.266294462625102e-06,0.004249191629951744,-0.0031199892538846803,-3.1168448641354054e-09,0.0,9.243913490854188e-05,7.311787006641532e-05,8.460616918639084e-06,-0.0003630399578173675,0.0018638519057791484,-0.0031624027369839807,-8.891920533613201e-06,0.0003683062522799926
prior_thermal_n64,0.0,29,0.453125,-1.375,-4.392678189789354e-06,2.5236615520872094,0.0012511386907429589,0.0012854439486317626,0.00015596197358419225,0.0001902864743394577,1.0916118369439767e-09,5.9643940682816945e-09,0.006275866643209608,-0.006279029893782159,-3.718461966201704e-07,4.186740662739062e-06,0.004250397976319136,-0.003155230880593601,-4.81071661547568e-09,0.0,9.449538306414832e-05,7.546559032512615e-05,8.20927899219619e-06,-0.0003781313764197107,0.0019309732838263234,-0.003199264603513684,-8.576314472200884e-06,0.0003823181170824498
prior_thermal_n64,0.0,30,0.46875,-1.35,-6.9292274759329554e-06,2.5993595807100274,0.0012128809186860011,0.0012450431995373764,0.0001551346813174173,0.00018732627921966416,1.0176680454058394e-09,5.240300461718125e-09,0.006347019317410008,-0.006349675006500622,-3.2017276081955583e-07,3.2000463586626725e-06,0.004248618584009205,-0.003190887005166057,-7.329262717929974e-09,0.0,9.351122140277288e-05,7.506356977515373e-05,7.727726714742159e-06,-0.00037592022794761566,0.00200488951199803,-0.003233851571109719,-8.040570212843786e-06,0.0003791202743062783
prior_thermal_n64,0.0,31,0.484375,-1.3250000000000002,-1.08371298710402e-05,2.7322273961047996,0.001189128893332502,0.0012178874241537737,0.0001476852405161332,0.00017648891539941115,9.338309247155753e-10,4.275687637869709e-09,0.006418929689045147,-0.006421171676406116,-2.7734503497086553e-07,2.299331965436792e-06,0.004268366882351647,-0.003226945801566281,-1.1286015501584586e-08,0.0,8.873213063774524e-05,7.111295995905744e-05,6.923573685848625e-06,-0.0003489162818709321,0.0020618306760557545,-0.0032653388347988923,-7.189632705317905e-06,0.0003512156138363689
prior_thermal_n64,0.0,32,0.5,-1.3,-1.6809229994191197e-05,2.9144760200130957,0.0011735028427103168,0.0011972175197165987,0.00013222796098466647,0.00015601264775320478,8.359570503533008e-10,3.169310587698438e-09,0.006491580448431787,-0.006493482248898931,-2.417381870473773e-07,1.4820414580663278e-06,0.004304633646299448,-0.0032633937694549263,-1.750244056405757e-08,0.0,7.940359148239477e-05,6.281491241939641e-05,5.704433505087204e-06,-0.00028962930765950813,0.0021075432106499436,-0.0032929033918634013,-5.928669251570523e-06,0.00029111134911757446
prior_thermal_n64,0.0,33,0.515625,-1.275,-2.5866537915829822e-05,3.100890609505897,0.00115186448335986,0.0011688030055769679,0.00010839825724084214,0.00012544473730769312,7.228407468349859e-10,2.0058376476094582e-09,0.006564948566677467,-0.006566568187047633,-2.120613763814402e-07,7.484773694964448e-07,0.004343627953730442,-0.0033002157065362956,-2.6989462435830516e-08,0.0,6.533961675763977e-05,4.996226014646207e-05,4.049558640331307e-06,-0.00019588829898789414,0.0021559809961893854,-0.0033163147406577993,-4.234630554276916e-06,0.0001966367763573906
prior_thermal_n64,0.0,34,0.53125,-1.25,-3.950545030071012e-05,3.291136301549228,0.0011277338483172614,0.0011372164460220666,7.990241785293453e-05,8.955058268587228e-05,5.959568766056071e-10,8.569901366820762e-10,0.006639005998029432,-0.006640389588662607,-1.8728417557297956e-07,1.006610854052384e-07,0.004385143323877145,-0.003337394676976884,-4.1391782033155246e-08,0.0,4.86283477147534e-05,3.471456192147427e-05,2.2247570326614606e-06,-8.679914634944441e-05,0.0022052343264375336,-0.0033377094736071976,-2.370649426201285e-06,8.689980743484965e-05
prior_thermal_n64,0.0,35,0.546875,-1.225,-5.99083952074732e-05,3.602588700147518,0.0011339662478920506,0.0011366430986865207,5.146602666664503e-05,5.440224978728618e-05,4.5916945539111284e-10,2.1790300889908817e-10,0.006713719777018893,-0.006714904399559877,-1.6658028870036838e-07,-4.586131861094479e-07,0.004457282512456181,-0.003374911977393861,-6.484308154271478e-08,0.0,3.1926457712597234e-05,1.9823057973384566e-05,5.674754914599177e-07,1.3213035557788278e-05,0.0022245108068501152,-0.003359815480139401,-6.692126986175713e-07,-1.3671648743897725e-05
prior_thermal_n64,0.0,36,0.5625,-1.2000000000000002,-9.024417761336168e-05,4.317706717258822,0.001237691533780285,0.0012355126567385724,2.7816450672241692e-05,2.6074231542864778e-05,3.1827431556162613e-10,1.1717996297130567e-09,0.0067890525065175044,-0.006790068238983879,-1.4928439154681887e-07,-9.265984989164109e-07,0.004622403855289654,-0.003412747101137778,-1.091644780838477e-07,0.0,1.7890620110032974e-05,8.038988531144702e-06,-5.848391738910465e-07,7.972313203575014e-05,0.0021487580311178173,-0.003385360126377246,5.447192604280753e-07,-8.064973053466655e-05
prior_thermal_n64,0.0,37,0.578125,-1.175,-0.00013509438068479555,5.185102408354649,0.001377207355837913,0.0013730177938919425,1.2505311330366214e-05,9.053004482986332e-06,1.8032668917587404e-10,1.9699736601054466e-09,0.006864962323016542,-0.0068658338651023075,-1.3485886631948145e-07,-1.301309132712997e-06,0.004815211119623061,-0.0034508777026648093,-1.8431377464772905e-07,0.0,8.528426065390453e-06,1.3791897555201357e-06,-9.97935578164452e-07,9.577102260556366e-05,0.0020412227773280904,-0.003416335352193018,1.0473904864926997e-06,-9.707233173827665e-05
prior_thermal_n64,0.0,38,0.59375,-1.15,-0.0002010554239481854,5.736887651456803,0.0014477594123299762,0.0014436891749824434,4.376870598593583e-06,1.4669661770883164e-06,6.592522968501546e-11,2.590571355045697e-09,0.006941403068865731,-0.006942150967784169,-1.2286792737820298e-07,-1.5821140760637637e-06,0.0049320819388158875,-0.0034892795635475186,-2.90083231506914e-07,0.0,3.2511379348722536e-06,-1.0771184654686313e-06,-8.503440327545195e-07,7.425656366505894e-05,0.002006069992114972,-0.0034517942857711817,1.0175593368832306e-06,-7.58386777411227e-05
prior_thermal_n64,0.0,39,0.609375,-1.125,-0.0002975827703290354,5.91414794457537,0.0014416757449554158,0.0014387186694600033,1.099068014812341e-06,0.0,7.488805235655871e-11,3.0240448617143463e-09,0.007018324456958271,-0.007018966043203713,-1.129571696058368e-07,-1.7701723076640967e-06,0.004967646362885637,-0.0035279265574855306,-4.2843577024819754e-07,0.0,8.209358741488936e-07,-9.851203119876101e-07,-4.2379027321080183e-07,3.5544605831244855e-05,0.002049857158198485,-0.0034900543654061947,7.392688738531625e-07,-3.7314778138908955e-05
prior_thermal_n64,0.0,40,0.625,-1.1,-0.0004381644430343964,5.744959164292568,0.0013690475702152248,0.0013670701433981464,3.404261480311285e-07,7.597737219977916e-07,1.4598863599020473e-10,3.2773962840762065e-09,0.007095671963755059,-0.007096222063615386,-1.0483692857450767e-07,-1.8686532966778057e-06,0.004934299374695747,-0.0035667906178240764,-5.991935977613079e-07,0.0,3.8890852872842024e-14,3.579720722231861e-14,-3.508284192624135e-14,-2.7887039193131057e-13,0.002161372589020421,-0.0035294314458271065,4.943567042696422e-07,-1.8686530178074138e-06
prior_thermal_n64,0.0,41,0.640625,-1.075,-0.0006419348005884318,5.472384671066554,0.001281671090914516,0.0012795829087048178,1.4874196625056074e-07,1.3469542743621404e-06,2.0999264741676627e-10,3.3641397418143864e-09,0.007173386938575362,-0.007173858413678243,-9.826792820454032e-08,-1.882659707018491e-06,0.004885720844217475,-0.0036058416925281145,-8.21598629452401e-07,0.0,-2.6281007196919585e-07,5.391830893949395e-07,2.0128514882335462e-07,-1.664978069086221e-05,0.0022879289044298564,-0.0035685559042395233,5.220455524245061e-07,1.4767120983843718e-05
prior_thermal_n64,0.0,42,0.65625,-1.05,-0.0009358641072879293,5.344995628638823,0.0012286752847406961,0.0012252899477273901,8.748642448329466e-08,1.2927179862277637e-06,2.5133390518936617e-10,3.347799785398274e-09,0.007251406623009871,-0.007251810774674662,-9.304733376018371e-08,-1.8187232994003071e-06,0.004871340184675658,-0.0036450476706469705,-1.147642143762565e-06,0.0,-2.7191758644999916e-07,5.578681270150601e-07,2.0826055667593358e-07,-1.722676800064054e-05,0.0023803383559206637,-0.003607320972154707,8.463342533264477e-07,1.5408044701240233e-05
prior_thermal_n64,0.0,43,0.671875,-1.0250000000000001,-0.0013576790838189052,5.406577377876501,0.001216006990428217,0.0012102220262651799,9.922280349151264e-08,8.996150761598832e-07,2.7597395133341127e-10,3.203945028706839e-09,0.0073296641645672735,-0.007330011030677866,-8.899239878050401e-08,-1.683694698173088e-06,0.004896989364919822,-0.0036843742755129495,-1.6463391089263796e-06,0.0,-1.4506628930815779e-07,2.9761911854216527e-07,1.1110566938658864e-07,-9.190371446699774e-06,0.00243281986593676,-0.0036459343742834584,1.446241040759287e-06,7.506676748526686e-06
prior_thermal_n64,0.0,44,0.6875,-1.0,-0.001959671376567146,5.644271500252925,0.001238739867319021,0.0012294123816094006,1.267281326052935e-07,4.703995650802159e-07,2.9341021966004146e-10,3.3035853313154726e-09,0.007408088630982354,-0.007408387194762636,-8.591789025172085e-08,-1.4828931223978629e-06,0.004957562403967027,-0.003723784843351659,-2.417789285523799e-06,0.0,3.469973175649211e-14,3.38608413317188e-14,-3.21329902382456e-14,-2.675340108985061e-13,0.0024505262269806276,-0.0036846023514448384,2.3318714274050684e-06,-1.482892854863852e-06
prior_thermal_n64,0.0,45,0.703125,-0.9750000000000001,-0.0028135070525209566,5.950637683375143,0.0012750368783227657,0.001260888060582988,1.2493056057695148e-07,2.436114910477109e-07,3.131452740739817e-10,2.6622309107696237e-09,0.007486605123036535,-0.007486863447902628,-8.360446625625855e-08,-1.2177453444117442e-06,0.005031018189466004,-0.003763239991038939,-3.566874667562126e-06,0.0,7.041979028619716e-08,-1.4447363056658882e-07,-5.3934233638568706e-08,4.461294951678898e-06,0.0024555165137802454,-0.003723478983233122,3.537204434944436e-06,-5.679040296090642e-06
prior_thermal_n64,0.0,46,0.71875,-0.95,-0.00401600682793171,6.21852226709073,0.0013048495289826297,0.001284161118406524,9.676981509907451e-08,2.0060425759541783e-07,3.3812121948352303e-10,4.180682911775607e-09,0.007565134740771646,-0.0075653600479399195,-8.176189817983877e-08,-8.839978146099493e-07,0.005097053689435203,-0.0038026970527769736,-5.19806125465048e-06,0.0,7.286014004028336e-08,-1.4948027196690387e-07,-5.580328755575294e-08,4.615898239027532e-06,0.0024680081911964023,-0.003762513514890979,5.172102644026394e-06,-5.499896053637482e-06
prior_thermal_n64,0.0,47,0.734375,-0.925,-0.0056955369339328765,6.4333539065053795,0.0013262451229484565,0.0012965737405382187,5.737471291669422e-08,2.5815249770815265e-07,3.165421015302346e-10,1.9651329684034742e-08,0.00764359472701884,-0.0076437933669491216,-7.99651591754721e-08,-4.737256797905874e-07,0.005153360530264411,-0.0038421088621263862,-7.4680400487573355e-06,0.0,3.887043602016216e-08,-7.974676098915357e-08,-2.977071297760748e-08,2.462552275916938e-06,0.0024901953263184087,-0.0038016047580617463,7.417845602559471e-06,-2.9362779557075253e-06
prior_thermal_n64,0.0,48,0.75,-0.8999999999999999,-0.00801882346413532,6.601419691421513,0.0013416326323448507,0.0012995828543087735,2.2088335658082955e-08,3.2293516102623555e-07,4.947289357753432e-10,1.7605606803721088e-08,0.007721900657942068,-0.007722073169628409,-7.521173533923483e-08,2.8234978782154228e-08,0.005201856914660862,-0.003881421683082392,-1.0587656215361281e-05,0.0,3.028400547966729e-14,3.1717612951110323e-14,-2.899719668397154e-14,-2.5624785048718173e-13,0.002520043743250922,-0.0038406514865777343,1.0512444509019244e-05,2.8235235030004716e-08
prior_thermal_n64,0.0,49,0.765625,-0.875,-0.011200399392684982,6.744877043486848,0.001357982242378889,0.0012987940512660817,3.5888652103774737e-09,3.147145467874254e-07,4.595024308405414e-10,1.2174857531403509e-08,0.007799964873855271,-0.007800104182816223,-6.332982268431889e-08,6.828278139514549e-07,0.005248800075918092,-0.003920571080801605,-1.4874829198596117e-05,0.0,-1.8868887685569712e-08,3.8711632732625555e-08,1.4451597709943098e-08,-1.1954007042129816e-06,0.0025511836668248647,-0.00387957181364735,1.4797047778201855e-05,1.8782285181644366e-06
prior_thermal_n64,0.0,50,0.78125,-0.8500000000000001,-0.015509226122034741,6.875283564043938,0.0013816850975837942,0.0012988043338684715,2.2254336673739413e-09,2.386314513663505e-07,2.401944450831201e-10,1.9493301165221963e-08,0.007877692247952945,-0.007877792146016622,-4.414909428635155e-08,1.5067086392626734e-06,0.005299599024430605,-0.00395947473714699,-2.077929243325546e-05,0.0,-1.95227787081707e-08,4.005315754824359e-08,1.4952410138392606e-08,-1.236826527329728e-06,0.0025781127463010475,-0.00391835746202718,2.0720190928830717e-05,2.7435351665924012e-06
prior_thermal_n64,0.0,51,0.796875,-0.825,-0.021265040917377312,6.977211275059681,0.001414712659590322,0.0012994460856052927,1.5294875505031843e-08,1.2401657339258477e-07,7.91834289033772e-11,2.410895127513777e-08,0.007954982492380762,-0.007955041195252505,-1.920342077162675e-08,2.4854151828339575e-06,0.005355031413938338,-0.0039980216970649796,-2.8843823920729235e-05,0.0,-1.041526617896044e-08,2.1368118885107754e-08,7.977003700261476e-09,-6.598392131006121e-07,0.002599961493708603,-0.0039570408663064105,2.8816643496257348e-05,3.1452543959345696e-06
prior_thermal_n64,0.0,52,0.8125,-0.8,-0.028816298356360195,7.033364813313668,0.0014584168267821652,0.001299561761650812,4.0367891817341084e-08,5.362359862959745e-10,4.1691017592002214e-10,2.4102374230072618e-08,0.00803173206245591,-0.008031752514463841,9.957887765420887e-09,3.6001898470905427e-06,0.00541502536154397,-0.004036056519391383,-3.970380836888056e-05,0.0,2.650689773883463e-14,2.9463859454599235e-14,-2.619234038969597e-14,-2.4902818071149347e-13,0.002616706700885434,-0.003995695995101922,3.971376628283832e-05,3.6001900961187235e-06
prior_thermal_n64,0.0,53,0.828125,-0.7749999999999999,-0.038486289692250715,7.02579286325053,0.001513208051303835,0.0012970287414204148,7.641590454822652e-08,0.0,7.620289323028668e-10,1.9340356987916795e-08,0.008107835005272204,-0.008107823964979229,4.251415998830815e-08,4.831575312417248e-06,0.005478497428166698,-0.0040733626747348935,-5.39984409837411e-05,0.0,5.055936780404892e-09,-1.037271348481043e-08,-3.872327125620951e-09,3.203063367152325e-07,0.002629332521168725,-0.00403445091753085,5.404482747085503e-05,4.511268975702016e-06
prior_thermal_n64,0.0,54,0.84375,-0.75,-0.05047368462532768,6.942635797002567,0.001579375736253893,0.0012901065529364588,1.2641775523054492e-07,0.0,1.2352270451325363e-09,5.473879911353239e-09,0.008183183157080227,-0.008183149711135141,7.867584613572257e-08,6.126696817283776e-06,0.005544435504464193,-0.004109655412894618,-7.223461346454379e-05,0.0,5.2311453772185905e-09,-1.073217469001094e-08,-4.006518679058817e-09,3.3140635327806925e-07,0.0026387424214706573,-0.004073483566065833,7.231729582935857e-05,5.795290464005707e-06
prior_thermal_n64,0.0,55,0.859375,-0.7250000000000001,-0.06470909705765697,6.782540682421191,0.0016578007376313502,0.0012788310945304046,1.9414565327791763e-07,0.0,2.1267327935304656e-09,2.7737775297439945e-08,0.008257666779491904,-0.0082576198800568,1.1985245101562344e-07,7.313763193108672e-06,0.005612969153838649,-0.0041446034035821575,-9.462042086079028e-05,0.0,2.790793859160746e-09,-5.7255343708015045e-09,-2.1374634304504184e-09,1.7680306913897909e-07,0.0026446948348593955,-0.004113010750940273,9.474241077523636e-05,7.1369601239696925e-06
prior_thermal_n64,0.0,56,0.875,-0.7,-0.08071647114962274,6.547435946980359,0.0017486629061753366,0.0012646680392287915,2.814560240244452e-07,0.0,3.779188063097354e-09,7.338419405412462e-08,0.008331175059261819,-0.008331119104095468,1.6870554570891284e-07,7.951401576650689e-06,0.005684626603455665,-0.004177905175638291,-0.00012083001116696982,0.0,2.3788053180837246e-14,2.725375859711606e-14,-2.395759211642815e-14,-2.4722339372918313e-13,0.002646548455782366,-0.00415321392848443,0.00012099871673663632,7.951401823874083e-06
prior_thermal_n64,0.0,57,0.890625,-0.675,-0.09760118490422692,6.2411211651561125,0.0018515058999438619,0.0012507196547707424,3.8455166088956133e-07,0.0,5.928011360695731e-09,1.5333890729043455e-07,0.008403597176306097,-0.008403524731472545,2.2882345862428515e-07,7.159121334736327e-06,0.005760585307185055,-0.00420940150968488,-0.00014996877539139876,0.0,-1.3547040142674049e-09,2.7793946939193797e-09,1.037556743235367e-09,-8.582613645415383e-08,0.002643013223825056,-0.004194126001182358,0.00015019656129327982,7.2449474711904806e-06
prior_thermal_n64,0.0,58,0.90625,-0.6499999999999999,-0.11430421213379593,5.867707883163566,0.0019657633468497236,0.001240887087942529,4.885461897380809e-07,0.0,5.027688835135963e-09,4.875237099793449e-08,0.008474823073829272,-0.008474704848531125,3.0372222809824577e-07,3.6426220091146605e-06,0.005842570397179517,-0.004239128428544935,-0.00018091641601270214,0.0,-1.4016516859053688e-09,2.8757113771691598e-09,1.0735140018143286e-09,-8.880037569343677e-08,0.0026322540783014414,-0.004235579295697568,0.00018121906472679856,3.7314223848080972e-06
prior_thermal_n64,0.0,59,0.921875,-0.625,-0.13007425417168386,5.095891514268956,0.001980202532038426,0.00117210333223876,5.659191088227635e-07,0.0,3.0466137015522987e-09,5.530724507441613e-09,0.008544740129611733,-0.008544522821645863,3.917930283982425e-07,-3.1926264704621643e-06,0.0058450473108945635,-0.004268677857213456,-0.0002016335796242476,0.0,-7.477621049503343e-10,1.5341854603058162e-09,5.72702729442815e-10,-4.737455120513556e-08,0.0026996935664792745,-0.004275846498617867,0.0002020247999499164,-3.1452519192570287e-06
prior_thermal_n64,0.0,60,0.9375,-0.6000000000000001,-0.14473998938754473,3.314613370210563,0.001604234013872164,0.0008938083016014769,5.868382777158804e-07,0.0,1.4321802291880894e-08,7.249889899665667e-07,0.008613222418933048,-0.008612849491017885,4.798830508018781e-07,-1.1864384449101142e-05,0.005553025539331591,-0.004303631453726558,-0.0001771265449947073,0.0,2.1850508076576268e-14,2.510012724243056e-14,-2.216258112549612e-14,-2.4925314331423745e-13,0.0030601968795796065,-0.004309218037316427,0.00017760642806767174,-1.1864384199847999e-05
prior_thermal_n64,0.0,61,0.953125,-0.575,-0.158583444628478,1.5485043047454088,0.0010839392546519284,0.0005697556973820933,5.375971237053351e-07,0.0,2.227377655535158e-08,1.7127391930428759e-06,0.008680129706524754,-0.008679565730555144,5.506993483441243e-07,-1.8752685798518278e-05,0.005169950479378472,-0.004342538645706306,-0.00012799491192802851,0.0,3.6301942949608157e-10,-7.44704975400928e-10,-2.780410861756536e-10,2.2996721089970372e-08,0.0035101788641268518,-0.004337026340143863,0.0001285458893174588,-1.877568251960825e-05
prior_thermal_n64,0.0,62,0.96875,-0.55,-0.17195640384000024,0.713722724586745,0.0008324750387936286,0.0004133762759925833,4.2192166185129273e-07,0.0,4.104269196834339e-08,1.813117137500357e-06,0.008745329649277895,-0.008744544421271852,6.034846158829423e-07,-3.167809055569193e-05,0.00500134491566179,-0.004377633635347277,-0.00010417091840863225,0.0,3.7559838950325523e-10,-7.705137536420477e-10,-2.8767574612375873e-10,2.37936595169299e-08,0.003743984358017716,-0.004366910015410822,0.00010477469070026132,-3.170188421520886e-05
prior_thermal_n64,0.0,63,0.984375,-0.5249999999999999,-0.1858188425225976,0.556163853664255,0.0008846472776961408,0.0004139937388985966,0.0,0.0,6.555473558089654e-08,3.1553602975362377e-07,0.008808932556412455,-0.008807409727891609,7.607214943061543e-07,-7.3384621515989e-05,0.005056455158820762,-0.004405611611337511,-0.00011690250972190948,0.0,2.0038861513503075e-10,-4.110536507917524e-10,-1.5348317042465155e-10,1.2693642911784183e-08,0.0037524771972030774,-0.004401797705500446,0.00011766338469938606,-7.339731515890078e-05
prior_thermal_n64,0.0,64,1.0,-0.5,-0.20214036673420838,0.548586207161991,0.0010793008619871185,0.0004702412591508848,0.0,0.0,1.1590163513327569e-07,1.3160253683877686e-06,0.008871128282563305,-0.008867708709842211,1.1363819706988812e-06,-0.00014184174898456808,0.005205769922712473,-0.004427579289465285,-0.00015112851871797249,0.0,1.99909968404812e-14,2.2916954320121855e-14,-2.0387077542907288e-14,-2.518414177371651e-13,0.003665358359830841,-0.004440129420399843,0.00015226490070905844,-0.00014184174873272667
prior_thermal_n64,0.5,0,0.0,-2.1,3.4806602869821435e-25,0.42709044285419534,0.05988939920400539,0.0628958565771271,0.004040390859005778,0.007046848232127489,1.0738546462017717e-06,1.0865920723891753e-05,0.0014439174778941451,-0.006987537023460779,-0.0007516143432804278,0.011782443575186558,0.055090432130474744,0.000758576214524868,1.9439142541377445e-26,0.0,0.0,0.0,0.0,0.0,-0.0536465146525806,-0.007746113237985647,-0.0007516143432804278,0.011782443575186558
prior_thermal_n64,0.5,1,0.015625,-2.0937943178012555,0.5838414110445338,0.4051245571046934,0.02301813251630891,0.2844961341435847,0.0038426302693782277,0.006747193700952014,9.9712767565735e-07,1.2966098209225146e-06,0.0016044244543365056,-0.006899844248850513,-0.0007262325564689233,0.01112799472254783,0.104940219182443,0.04352200216233869,0.06464335954892551,0.0,-2.725030588142199e-07,-2.353062900716532e-07,-9.169857547691785e-08,8.696835515780498e-07,-0.10333552222504769,-0.05042161110489913,-0.06536950040681895,0.01112712503899625
prior_thermal_n64,0.5,2,0.03125,-2.091684248313154,0.41174781071761773,0.4290243023944759,0.031226736792308668,0.16474626107136922,0.003776639097751987,0.006646564663121354,9.716435854373318e-07,3.893373804910241e-06,0.0016578206961468233,-0.006870625254106564,-0.0007176984590243924,0.01091209646486075,0.07278348494330827,0.019991412108093992,0.0326623996784228,0.0,-6.454252053942458e-07,-5.572523176761258e-07,-2.1706768205069382e-07,2.0586678122125045e-06,-0.07112501882195606,-0.02686148010988288,-0.03337988106976514,0.010910037797048537
prior_thermal_n64,0.5,3,0.046875,-2.0827176463437986,-0.6983120073545694,0.4637934699822745,0.23934220301212578,0.013664294959199963,0.003501354417919166,0.0062221158265633025,8.668767351484308e-07,3.027942979431583e-06,0.0018780975215572488,-0.006749903310941853,-0.000682004486484413,0.010031396648526418,0.08009959744660215,0.041541916416819494,-0.05709966736539249,0.0,-5.405722034331902e-06,-4.6649451090377904e-06,-1.8141343233789257e-06,1.7202729540500966e-05,-0.07821609420301057,-0.0482871547826523,0.05641947701323145,0.010014193918985916
prior_thermal_n64,0.5,4,0.0625,-2.079430972423667,-0.28024621610718337,0.6135398447113777,0.18680526920164117,0.06403468220007649,0.0034019877114298894,0.006066722663853906,8.299390277730079e-07,1.522672397735042e-06,0.0019561725392590614,-0.006707064121201173,-0.0006691607372280362,0.009723204779801386,0.09870533145513635,0.021980289058080565,-0.03135883048849718,0.0,-8.877031970921456e-06,-7.65936232929261e-06,-2.9769991220322385e-06,2.822740593611835e-05,-0.09674028188390638,-0.028679693816952446,0.03069264675039117,0.009694977373865267
prior_thermal_n64,0.5,5,0.078125,-2.0743666928793387,0.34796927258019694,0.6703977827206211,0.026876891463803503,0.10680553124655179,0.0032499275506809346,0.005826365706299578,7.745947579081147e-07,8.22016987863522e-06,0.0020737044765321514,-0.006642552703402075,-0.0006496317245738778,0.009263323847571236,0.05239633486264798,0.009906729864039409,0.019338050406782412,0.0,-1.648282703089247e-05,-1.4218771348774336e-05,-5.522185669216866e-06,5.235224230495389e-05,-0.050306147559084934,-0.01653506379609271,-0.019982159945687073,0.009210971605266282
prior_thermal_n64,0.5,6,0.09375,-2.0635213999667585,-0.05778708285375561,0.7052767569649655,0.08572169934317672,0.07099543317127485,0.0029267973042187744,0.0053045371520593415,6.626023861030367e-07,4.396716392393585e-06,0.002314261155341979,-0.006510556901745976,-0.0006089139937048034,0.008337951435916705,0.06232508316799483,0.011917815861091906,-0.004276001504935609,0.0,-4.329464482381912e-05,-3.733387344111991e-05,-1.4479031744661527e-05,0.00013720353593084684,-0.05996752736782903,-0.018391038889396763,0.0036815665429754665,0.008200747899985858
prior_thermal_n64,0.5,7,0.109375,-2.0607636069361766,-0.599315753164487,0.7576082359305649,0.14087835100593538,0.013833892137661494,0.0028449238261843693,0.005169853560151586,6.355616185629853e-07,4.139402672792905e-06,0.0023730465076483723,-0.006478337592216215,-0.000598807383887846,0.008115201771421231,0.05031550644392996,0.023033226434700512,-0.03234234715056028,0.0,-5.257191828456775e-05,-4.533047311529778e-05,-1.7574950396041737e-05,0.00016651675505845726,-0.04788988801799702,-0.02946623355380143,0.031761114717068474,0.007948685016362774
prior_thermal_n64,0.5,8,0.125,-2.040789585856276,-0.8302317427106927,0.9791383071694592,0.1065717416986324,0.005066957744152535,0.0022541836881940524,0.004169408621907501,4.5727207865445957e-07,2.6383255311247453e-06,0.0027709020035041492,-0.006261274554201422,-0.0005287267493825885,0.006645457920241851,0.033309480083339504,0.019298073483002182,-0.025855002222048326,0.0,-0.00014961230883584435,-0.00012896408681065236,-4.9920515954226334e-05,0.00047234025999188264,-0.030388965770999508,-0.025430383950392953,0.025376195988619964,0.006173117660249968
prior_thermal_n64,0.5,9,0.140625,-2.0195368221522263,-0.8464671416305901,1.2068840850381093,0.10639730129867425,0.003804314554929661,0.0016388149324559776,0.0030800308437668247,3.010547028033453e-07,9.896462621443447e-08,0.003143130069495558,-0.006061371271523052,-0.00046039118369371876,0.005336774028851385,0.032974472968759334,0.019766912069931215,-0.026008550663763858,0.0,-0.000300105890702911,-0.00025871242321318165,-0.00010008720586600704,0.0009450528028732396,-0.02953123700856087,-0.025569570918241087,0.025648246685936148,0.004391721225978145
prior_thermal_n64,0.5,10,0.15625,-1.9964170381943456,-0.8607295072405424,1.3186087416780454,0.10086549803159155,0.0025000658082962174,0.0010167867027345394,0.0019407022115527795,1.6824205476689835e-07,1.2081668670956003e-06,0.0034935161522754382,-0.005878874540606647,-0.000393509751146379,0.004174154340890803,0.031153960139321604,0.019050077323478614,-0.02482233693302839,0.0,-0.0004867534346957794,-0.0004198604964917699,-0.00016253087394181896,0.0015300386773792576,-0.027173690552350388,-0.024509091367593494,0.024591358055823832,0.002644115663511545
prior_thermal_n64,0.5,11,0.171875,-1.9728050409054982,-0.8745269818459976,1.4115036034247554,0.09870230354768156,0.0013710486728442176,0.0004782409659828004,0.0009309650672048792,7.627384951544233e-08,1.4600755792511938e-06,0.003799179928513288,-0.005727668575265601,-0.0003331439240013697,0.0032259803181065123,0.030319193102893775,0.019012879990775264,-0.024445994744014852,0.0,-0.0006567568748890685,-0.0005671287552694042,-0.00021996289869585,0.0020624848009688085,-0.02586325629949142,-0.024173419810771462,0.024332813718709333,0.0011634955171377038
prior_thermal_n64,0.5,12,0.1875,-1.9492111231429206,-0.8873903675231898,1.516154167556781,0.09829479209167868,0.0005163020212979597,7.595257138241253e-05,0.00016666097421568285,2.888992445791716e-08,1.2353544899717031e-06,0.004058827317012796,-0.005608927469647345,-0.00028052235093576727,0.0024795422302735185,0.029981672195022215,0.01930256808866706,-0.0244672996183035,0.0,-0.0007661314817834567,-0.0006626618980520441,-0.0002578452502274497,0.002405713617293989,-0.025156713396225962,-0.02424883366026236,0.02444462251759518,7.382861297952972e-05
prior_thermal_n64,0.5,13,0.203125,-1.9257192233136884,-0.8977195510388769,1.652493570102192,0.09839066846834005,0.0,0.0,0.0,4.341305496601694e-08,6.262038079703821e-07,0.0042785575285187545,-0.005519337585869544,-0.0002352834415244338,0.0018996619355740076,0.029817855453117544,0.019609970839126988,-0.024570749425974734,0.0,-0.0007979082184332797,-0.0006916635093742021,-0.00027035093882580544,0.0025071236322384235,-0.02474138970616551,-0.02443764491562233,0.024605816923276104,-0.0006074616966644159
prior_thermal_n64,0.5,14,0.21875,-1.9022849735352767,-0.9051179074613525,1.8067225934679303,0.09753359871705236,0.0,0.0,0.0,6.743083609235881e-08,1.2122788396653345e-07,0.004465359863826408,-0.005454885763652814,-0.00019666790334151087,0.0014521359416032058,0.02944084650885969,0.019604982231358162,-0.02440156124380208,0.0,-0.0007687747574004161,-0.0006682831758074361,-0.00026275766464740115,0.0024188233070290186,-0.024206711887632865,-0.02439158481920354,0.024467651005107973,-0.0009666873654258128
prior_thermal_n64,0.5,15,0.234375,-1.8788422476952593,-0.9109216406648147,1.9229561348064934,0.09435016191037428,0.0,0.0,0.0,7.743857406380429e-08,4.742434641020511e-08,0.00462544004219456,-0.0054118644886211355,-0.00016388443391680108,0.001108559888896622,0.02845834241887444,0.019016438816544544,-0.023634451856387545,0.0,-0.0007214104803787998,-0.0006293168163297328,-0.0002492743401478842,0.0022743064927241373,-0.02311149189630108,-0.023798986488835945,0.023719841762618626,-0.0011657466038275154
prior_thermal_n64,0.5,16,0.25,-1.855383769173759,-0.915794689777987,1.944558671465143,0.08810444969879314,0.0,0.0,0.0,7.786236417737461e-08,2.8917164361826064e-08,0.004763727573486027,-0.005387069746964297,-0.00013624997317199038,0.0008466665378690355,0.0266668493748223,0.017689671691172717,-0.022092734109846555,0.0,-0.0006705355048130672,-0.000587474541082012,-0.0002348141159328987,0.0021193571438026,-0.021232586296523207,-0.022489266897055,0.022191298252607464,-0.0012726906059335645
prior_thermal_n64,0.5,17,0.265625,-1.83202553504532,-0.9200954588711177,1.8442955919401631,0.07929977525225779,0.0,0.0,0.0,7.232603703780354e-08,5.6747761722889846e-08,0.004883872390875662,-0.005377628749053502,-0.00011320949337944413,0.0006491565352165032,0.024204037606401,0.015741966480490584,-0.019903943221617256,0.0,-0.0006171410905847415,-0.0005435509387507215,-0.00021961969002410342,0.001956584941509372,-0.018703024124940595,-0.020576044290793363,0.020010353418261916,-0.001307428406292869
prior_thermal_n64,0.5,18,0.28125,-1.808990989343835,-0.9245377476024338,1.6700110570343125,0.07032094873725137,0.0,0.0,0.0,6.370078684046591e-08,1.4878537920118024e-07,0.0049886701611268815,-0.005380736896832218,-9.425279132824134e-05,0.0005019908120225544,0.02170670400844266,0.013732915805366772,-0.017665406197444104,0.0,-0.0005625016640836183,-0.0004985739652992166,-0.00020401550244385217,0.0017894793971678154,-0.01615553218323216,-0.018615078736899774,0.017775168908559714,-0.001287488585145261
prior_thermal_n64,0.5,19,0.296875,-1.7864778689162375,-0.929971784108342,1.6945967926357068,0.06797161058257968,0.0,0.0,0.0,5.404830512995267e-08,2.051425424367051e-07,0.005080709538965841,-0.005393660896040641,-7.880745906761782e-05,0.0003931303043638889,0.02099077195134481,0.013254763453537788,-0.017077740313719177,0.0,-0.0005078437779195172,-0.00045353502149512195,-0.0001883184553669018,0.001621446498579571,-0.015402218634459452,-0.01819488932808331,0.01718725131001846,-0.001228316194215682
prior_thermal_n64,0.5,20,0.3125,-1.7641550679993512,-0.935467859745754,1.8746869916051354,0.06926106186436579,0.0,0.0,0.0,4.446331126770281e-08,1.923458074274938e-07,0.005164010651156719,-0.005414466168370575,-6.60431021001193e-05,0.00031121833756442134,0.021250208806381007,0.01361803232456692,-0.01739540124540663,0.0,-0.0004529975406265327,-0.00040827852698150816,-0.00017246249859951174,0.0014517978152489156,-0.015633200614597755,-0.018624219965955986,0.017501820641906023,-0.0011405794776844942
prior_thermal_n64,0.5,21,0.328125,-1.741845977817121,-0.9402453780990749,1.940617705905574,0.06743171590844822,0.0,0.0,0.0,3.558950630391539e-08,1.1947526018735513e-07,0.005241094655997792,-0.005441838089463751,-5.542555959976801e-05,0.00024902054506115026,0.020689743442997104,0.013237318545407504,-0.016931382234924727,0.0,-0.0003980655637923858,-0.00036287333266547594,-0.00015646801619280114,0.0012807773788533856,-0.015050583223206924,-0.018316283302205777,0.01703242469151776,-0.0010317568337922353
prior_thermal_n64,0.5,22,0.34375,-1.7196727967381855,-0.9446401984875622,1.9101680847793243,0.06379253843167662,0.0,0.0,0.0,2.7851512168493124e-08,7.025126232639272e-09,0.005313004169674218,-0.005474440231891276,-4.6649589823944074e-05,0.00020192391745384186,0.01966131114613715,0.012417227191240996,-0.016013293108414893,0.0,-0.0003438689870675824,-0.000317981827618357,-0.00014056390479272982,0.0011108593413452692,-0.014004437989395348,-0.017573685595513915,0.01610720742338368,-0.0009089354238914273
prior_thermal_n64,0.5,23,0.359375,-1.6976506867695484,-0.9488335917080165,1.8300180518893452,0.05938915030435346,0.0,0.0,0.0,2.1382608557716067e-08,1.2260114364855525e-07,0.00538089229001775,-0.005511240997075137,-3.9397680516637943e-05,0.0001660843217585292,0.018443283064883603,0.011403667682014378,-0.014902915470755786,0.0,-0.0002909469804231516,-0.00027403474698613694,-0.00012489849866454157,0.0009436543319937872,-0.0127714437944427,-0.016640873932103378,0.01498841628890369,-0.000777570010235258
prior_thermal_n64,0.5,24,0.375,-1.6756713722429781,-0.952698254066136,1.7514091384014923,0.05509397946537256,0.0,0.0,0.0,1.613289923150401e-08,1.582639603301772e-07,0.00544601995264101,-0.005551633361198171,-3.337124807487962e-05,0.00013847118625822462,0.0172686600901059,0.010400954955857942,-0.013818580740385515,0.0,-0.00023951225318187078,-0.00023119823852259876,-0.00010952125896737602,0.0007797257295544202,-0.011583127884283017,-0.015721390078533515,0.013894730751278013,-0.0006412545432961956
prior_thermal_n64,0.5,25,0.390625,-1.6535895164419068,-0.9558934824435361,1.7195205350901057,0.051641785369649196,0.0,0.0,0.0,1.311366338522385e-08,3.9958317260620105e-08,0.0055095125418370425,-0.005595305471812423,-2.832855176404853e-05,0.00011687058920409942,0.016332940421075432,0.009581727239615657,-0.012944162186221127,0.0,-0.0001896606855238314,-0.00018955791822788007,-9.443805691013607e-05,0.0006191998402958328,-0.01063376719371456,-0.0149874747932002,0.013010271691367216,-0.0005023292510917334
prior_thermal_n64,0.5,26,0.40625,-1.6313522584496136,-0.9580906266135978,1.7494477493909972,0.04918567855748297,0.0,0.0,0.0,1.0854256713918597e-08,2.2095629260607784e-08,0.005572056767065138,-0.005641930031344154,-2.409899568580276e-05,9.975817899096558e-05,0.01567643987880177,0.0089826975091197,-0.012318277607442994,0.0,-0.00014173186288726335,-0.00014940413696732125,-7.972334081134072e-05,0.0004629438847612722,-0.00996265124884937,-0.014475223403496534,0.012373901952568532,-0.00036318570577030664
prior_thermal_n64,0.5,27,0.421875,-1.6090144607354586,-0.9592668915554314,1.829385340698779,0.04740672801907843,0.0,0.0,0.0,8.948873723643724e-09,4.0022329744776207e-08,0.005633930277632827,-0.0056910419449589375,-2.055848545532986e-05,8.605509216452284e-05,0.015212742724913615,0.00853113227032128,-0.011861679281765508,0.0,-9.631700691293655e-05,-0.00011123802948515945,-6.55274001475791e-05,0.0003126336857071382,-0.009482495440367852,-0.014110936185795057,0.011906648196457759,-0.00022657859354261535
prior_thermal_n64,0.5,28,0.4375,-1.586636767226108,-0.9596378111697725,1.9332023684957738,0.04568138928661747,0.0,0.0,0.0,7.359010224111673e-09,3.464650223012104e-08,0.0056953178409395976,-0.005742210354251112,-1.7598545067590733e-05,7.492984825383474e-05,0.014774924511084708,0.008082384965580119,-0.01141896217367233,0.0,-5.399416405146585e-05,-7.554990762991496e-05,-5.200205555651563e-05,0.00016995814815184623,-0.009025612506093645,-0.013749045412201316,0.011453365684161254,-9.502829989801149e-05
prior_thermal_n64,0.5,29,0.453125,-1.5641218120553226,-0.9595471602586279,2.0069702205478688,0.04277476490933567,0.0,2.9507986822591796e-05,0.0,6.033897508375685e-09,2.0451256354823218e-08,0.005756766351234338,-0.005795423516189942,-1.5108947279438338e-05,6.56892476808799e-05,0.01403654358210231,0.007345193330103749,-0.010681760005153512,0.0,-1.4918314981265534e-05,-4.245535807993314e-05,-3.9221194743531376e-05,3.577797743945983e-05,-0.008264858915886707,-0.013098161488213758,0.010705872252617604,2.9911270241420074e-05
prior_thermal_n64,0.5,30,0.46875,-1.5409363825465012,-0.9587861274301918,2.063646238574262,0.03837686732362104,3.0578985709343864e-05,7.00413212868631e-05,1.3620425495275273e-05,4.910479505654264e-09,8.169770323210421e-09,0.005819950618838771,-0.005851818239357589,-1.2966462241763503e-05,5.769453195847734e-05,0.012918409541451785,0.006243482739822339,-0.009572466860530027,0.0,2.1434931406622644e-05,-1.1471678534371637e-05,-2.7071686189660457e-05,-9.097739820714802e-05,-0.007119893854019637,-0.012083829300645556,0.009586572084477924,0.00014867193016562536
prior_thermal_n64,0.5,31,0.484375,-1.5162270904936281,-0.9559686229762904,2.2065734251781097,0.03353102056603739,0.00010786178891847645,0.00010833669780849764,9.092457046237234e-05,3.935393488516126e-09,1.7965523035163786e-09,0.005887392718967961,-0.005913503779012877,-1.106819834247632e-05,5.043279031629069e-05,0.011702908405505988,0.005016902137836513,-0.008351436662443198,0.0,5.5597351374067635e-05,1.792222271645049e-05,-1.5421230179007646e-05,-0.0002114592829569316,-0.005871113037912095,-0.010948328139565842,0.00835578969427973,0.0002618920732732223
prior_thermal_n64,0.5,32,0.5,-1.4892911578039365,-0.9494821686923492,2.4694419327805925,0.028933401881439044,0.00018300229291661613,0.00014401220871511342,0.00016367000206669708,3.0838849173972505e-09,2.7567055013369554e-09,0.0059612338438786395,-0.005982413925799804,-9.3655118806707e-06,4.360524359945997e-05,0.010577699519047842,0.0038266614627390848,-0.0071925143454685024,0.0,8.716284879293069e-05,4.5498174676809926e-05,-4.451063542774789e-06,-0.00032336152123203175,-0.004703628523962133,-0.009854573563215698,0.007187599897130607,0.0003669667648314917
prior_thermal_n64,0.5,33,0.515625,-1.4601672471525613,-0.9376591013945903,2.8514532746173713,0.02558741264998051,0.00025441476060971725,0.00017537394121021203,0.00022811021045591638,2.359916825324382e-09,5.510901317255172e-09,0.0060416342723229235,-0.00605868166388251,-7.868456546173059e-06,3.715985747875212e-05,0.009810046319843165,0.002909125309618884,-0.006346433539654124,0.0,0.00011462720642044425,7.006747785303346e-05,5.315610765253023e-06,-0.00042056164445434125,-0.0038830392539406858,-0.009037874451354427,0.006333249472342698,0.00045772150193309336
prior_thermal_n64,0.5,34,0.53125,-1.4307998867058873,-0.9205150001811779,3.327485016618193,0.02478852007972237,0.0003209683724598334,0.00019968030697529066,0.000278849863819353,1.9120763551178305e-09,2.33590644568881e-10,0.0061234415939071555,-0.006137268135753416,-6.645568028994592e-06,3.13941827749472e-05,0.009748322898022833,0.0025671562426709434,-0.0061366803160266496,0.0,0.00013578546815103072,8.965307540003132e-05,1.3146821182020989e-05,-0.0004949509699655786,-0.003760666772266709,-0.00879407745382439,0.0061168879268156335,0.0005263451527405259
prior_thermal_n64,0.5,35,0.546875,-1.4046950441191701,-0.9043574961669615,3.8986128346323428,0.027996545725005227,0.00038278563958859917,0.00021539844703167264,0.00031271193284565144,1.923845931828494e-09,3.063614813625501e-09,0.006196861727978352,-0.006208427363133227,-5.75126415583062e-06,2.67521402111519e-05,0.010778230633068986,0.003147379859289267,-0.006927768392807653,0.0,0.00014950712427953483,0.000102982430504252,1.8577107297664082e-05,-0.0005424698504299853,-0.004730876029370169,-0.009458789652926746,0.006903440021354157,0.0005692219906411372
prior_thermal_n64,0.5,36,0.5625,-1.3834746219786846,-0.8955924900973369,4.755751707467775,0.035267075045537145,0.000438883498528532,0.00022410002808250054,0.000332573408426454,1.9201186520182865e-09,6.849219019520309e-09,0.006257063915363162,-0.006267116223603569,-5.133620131502658e-06,2.326019413440013e-05,0.012899702869010501,0.004674939684767858,-0.008734166231838142,0.0,0.00015724121981894407,0.00011104319019512611,2.198472495448571e-05,-0.0005685125081122483,-0.0067998801734662825,-0.011053099098566554,0.008707047886752153,0.0005917727022466485
prior_thermal_n64,0.5,37,0.578125,-1.3644974941688732,-0.8932594478581957,5.640906677165918,0.04009634045927184,0.00046875729047114387,0.00022757022438687555,0.0003420296162962678,1.8940499767643507e-09,8.920636788640118e-09,0.006311309956139329,-0.006320207922375759,-4.651368181169585e-06,2.0329697384500582e-05,0.014296841782345053,0.005700907172184864,-0.00993551064017752,0.0,0.00016057803951003837,0.00011532391459510422,2.3963479796178486e-05,-0.0005791206083178875,-0.008146109865715762,-0.012136439009155727,0.009906895792200172,0.0005994503057023881
prior_thermal_n64,0.5,38,0.59375,-1.3446321204079985,-0.8920744884877964,6.106977816922433,0.03809031174728085,0.0004630556456277808,0.00022506388842187134,0.00033985511586317893,1.8356624705663039e-09,7.018864087079144e-10,0.006368514346048365,-0.006376370423814642,-4.207600819680175e-06,1.7445163570496686e-05,0.01377962488925371,0.005214599305058082,-0.009435511832273594,0.0,0.00015897795194683102,0.00011562547242941736,2.449020604064672e-05,-0.0005727240986859746,-0.007570088495152176,-0.011706595201302142,0.009406814025413268,0.0005901692622564713
prior_thermal_n64,0.5,39,0.609375,-1.3225673400663187,-0.8881147607564468,6.129302032453115,0.03174602456522059,0.00042922924083109437,0.0002127573786884024,0.00031850115673029975,1.7272430821361042e-09,8.226525448175041e-09,0.006432557274556103,-0.0064394214338744805,-3.7778429236891414e-06,1.4454345539040161e-05,0.01207985209836232,0.003742145536954169,-0.007855634775607849,0.0,0.00014930005972286348,0.00010946504866810969,2.265810158678519e-05,-0.0005389402422221184,-0.005796594883529081,-0.01029103201949676,0.007829198831097374,0.0005533945877611586
prior_thermal_n64,0.5,40,0.625,-1.2970753493047147,-0.8786474373039949,5.796687156303461,0.023038401270907012,0.0003579302185445568,0.00018293399125607275,0.0002625633680488269,1.5409667794647679e-09,5.280951305430565e-09,0.006507205592192971,-0.0065131004489314874,-3.351857340823831e-06,1.1277191754392655e-05,0.009747723809039929,0.0017276932560334063,-0.0056900251072888024,0.0,0.00012516732294619887,9.16864999677342e-05,1.6555486857364705e-05,-0.00045669933537756223,-0.0033656855397931557,-0.008332480204932628,0.005670117763090614,0.0004679765271319549
prior_thermal_n64,0.5,41,0.640625,-1.2654452484224004,-0.8602798947101229,5.398288419494963,0.014980472377260207,0.00023246092136028438,0.00012343884800098358,0.00014865140640684543,1.222198323472075e-09,1.594157236659306e-09,0.006600789037225813,-0.0066056900221995824,-2.9108915049515492e-06,7.759708755668168e-06,0.007611796090536263,-0.0001413745684299316,-0.0036933060035764464,0.0,7.67562252720166e-05,5.4387916958128805e-05,3.392248096513918e-06,-0.00029323833848005315,-0.0010877632785824664,-0.00651870337072778,0.003687002863974981,0.0003009980472357213
prior_thermal_n64,0.5,42,0.65625,-1.2247115539242364,-0.8303140859826686,5.135739262270619,0.009619855788599974,7.515086658046056e-05,3.930191819742122e-05,0.0,6.993503720484465e-10,9.882109020382902e-10,0.006722808476753265,-0.006726688758946574,-2.4579330501190844e-06,3.9589385920596105e-06,0.006239766534237086,-0.0014083176940626106,-0.002374552515114038,0.0,9.819884439917129e-06,2.3543207825149866e-06,-1.4081648440959112e-05,-6.572109123380383e-05,0.0004732220580762614,-0.005320725385666478,0.002386176230504878,6.968002982586344e-05
prior_thermal_n64,0.5,43,0.671875,-1.175302072982779,-0.7746806524172731,5.137175782057082,0.00664323285234813,2.4142020162696166e-05,0.0,0.0,2.3611021991720715e-10,7.047212975848922e-09,0.006872907273287055,-0.006875834831352493,-2.042127948303268e-06,5.231874530818139e-07,0.0055697211125250385,-0.002186689983049514,-0.0016378472855812752,0.0,-2.7212884903398424e-05,-2.5058366382151668e-05,-1.8967550413386465e-05,6.946397975338786e-05,0.0013303990456654145,-0.0046640864819208275,0.0016547727080463584,-6.894079230030604e-05
prior_thermal_n64,0.5,44,0.6875,-1.1232382382265451,-0.6662431313563213,5.595130718762566,0.005132958153037269,0.00018133425940835375,0.0,0.0,6.324756225603269e-10,7.988852986214409e-09,0.007033226760611108,-0.007035393297247226,-1.7216784356816203e-06,-1.650282384057016e-06,0.00538813225796199,-0.0027138665065674335,-0.00123397463726052,0.0,-1.0292950230618294e-05,-8.993131577244224e-06,-5.653014582390511e-06,2.9229657937191742e-05,0.0016553874528797367,-0.004312533659102548,0.0012379059734072288,-3.0879940321248756e-05
prior_thermal_n64,0.5,45,0.703125,-1.074821201445197,-0.5455036440250343,6.034673894088044,0.004287360611077012,0.00039077803602999414,2.8423278218276273e-06,2.0248575023328564e-05,9.723789592889913e-10,1.1932149396881405e-08,0.007183916312092078,-0.007185540936829136,-1.5032043128272266e-06,-2.387454102792664e-06,0.005405306657231409,-0.0030777827851004845,-0.0009784972055621299,0.0,5.3059742507852835e-06,4.614852434735059e-06,2.848357487548008e-06,-1.5195178679615455e-05,0.001773303680609883,-0.0041123730041633865,0.0009741456437617547,1.2807724576822791e-05
prior_thermal_n64,0.5,46,0.71875,-1.0284172046145212,-0.43691240844330786,6.26553815913294,0.0035534405588713153,0.0005592571792929801,1.1905512177331947e-06,1.375706255052304e-05,1.0231172970925408e-09,3.838326976307727e-09,0.00732938177103131,-0.0073306047220311294,-1.3468838837738354e-06,-2.0897585006012508e-06,0.0054050008311544075,-0.003356125768956388,-0.0007516874727277813,0.0,3.343160231200464e-06,2.9076956531092125e-06,1.7947439494236262e-06,-9.573867519835764e-06,0.0019210377796457026,-0.00397738664872785,0.0007485458448945839,7.484109019234514e-06
prior_thermal_n64,0.5,47,0.734375,-0.9825270182812376,-0.32784457638392284,6.423699649751747,0.0029623995065905426,0.0007596687635361564,0.0,0.0,8.552872199612998e-10,2.9940316084725367e-09,0.007473810486628554,-0.0074747293024354745,-1.230162300581601e-06,-1.0662103002586815e-06,0.005438622611637019,-0.003576331551277869,-0.000551288406724662,0.0,-1.1636467416814058e-06,-1.0120943610396085e-06,-6.244413395161583e-07,3.3331943036786427e-06,0.002036351521733216,-0.0038973856567965657,0.0005506826857635966,-4.399404603937324e-06
prior_thermal_n64,0.5,48,0.75,-0.9388023856545767,-0.22037448007774277,6.58159920034039,0.0025739889831922205,0.0010509548733683009,0.0,0.0,5.892407819541651e-10,2.9174653878526195e-09,0.007611526635539314,-0.007612227853390688,-1.1446816611621184e-06,3.254760398817008e-07,0.00555624486423789,-0.0037422063103041943,-0.00038125231808859073,0.0,-1.2129044768945337e-06,-1.0549390279133995e-06,-6.508910285513051e-07,3.4742655428677874e-06,0.0020564946757783194,-0.0038689666040585802,0.00038075852745597996,-3.1487895029860866e-06
prior_thermal_n64,0.5,49,0.765625,-0.8980149053089936,-0.12407062708788998,6.738181331763131,0.002318391189896839,0.0014115988306306693,0.0,2.8539080524211193e-06,3.339308197799458e-10,1.4085285474487407e-09,0.007739686456320987,-0.007740237988564678,-1.0812392425020324e-06,1.770453988373239e-06,0.0057266601923006005,-0.0038623053650760943,-0.00022780495232312885,0.0,4.742391993106602e-08,4.1226875626518705e-08,2.5623264084348678e-08,-1.3519060835073894e-07,0.0020129788401004557,-0.00387797385036421,0.00022669808981654247,1.905644596723978e-06
prior_thermal_n64,0.5,50,0.78125,-0.8600707019334126,-0.04580604752635555,6.876747819120904,0.0021336263986742833,0.001781008046977333,0.0,3.7535207319858384e-06,1.405521087543094e-10,1.5172108331808554e-10,0.007858298964313847,-0.007858749671438127,-1.0320993649171351e-06,3.086088089581634e-06,0.00590209781924605,-0.0039460179262199345,-8.941268339038443e-05,0.0,4.207221540635967e-07,3.659005213495383e-07,2.2599610122969257e-07,-1.2042767467602135e-06,0.0019557804229137343,-0.0039130976457395425,8.815458792423761e-05,4.290364836341848e-06
prior_thermal_n64,0.5,51,0.796875,-0.8239632715229694,0.017133634514996558,6.98031050493618,0.0019800324938861248,0.002125003083708776,0.0,2.954879084947813e-06,1.4682578081882838e-11,2.64334251228942e-09,0.007970308394099611,-0.007970691312906656,-9.912411189741972e-07,4.212143618801267e-06,0.006057506084871745,-0.004005745479180121,3.5143799466101866e-05,0.0,2.0018064039544167e-07,1.7408365838630194e-07,1.0760687058662144e-07,-5.726620398094199e-07,0.0019126021285874708,-0.003965119917384921,-3.624264745566269e-05,4.784805658610687e-06
prior_thermal_n64,0.5,52,0.8125,-0.7893510457287358,0.06721649884872666,7.034803516269824,0.001868061148268238,0.002449510048838861,0.0,2.0778466060907195e-06,5.392001724552066e-11,2.2477394351142746e-09,0.008076604964602415,-0.008076943552947654,-9.55402669876012e-07,5.118051992042908e-06,0.006208564170959426,-0.0040500079885022085,0.00014443800988777635,0.0,-5.837595912638677e-08,-5.079628978125765e-08,-3.1187414996601006e-08,1.6782513978405307e-07,0.0018680991696021151,-0.004026884768155665,-0.00014536222514265575,4.950226852258855e-06
prior_thermal_n64,0.5,53,0.828125,-0.7563123791452743,0.1061420080434771,7.025995780082454,0.0018083943360747514,0.00277366565744001,0.0,1.8294050303625005e-06,8.220256686391434e-11,3.571864656075997e-10,0.008176826769397256,-0.008177137760917259,-9.228007777375076e-07,5.795959808477752e-06,0.006375434089705691,-0.004084507046832068,0.00024045460476801266,0.0,-1.1125205174699555e-07,-9.678558449822129e-08,-5.957520443552115e-08,3.1926390296226784e-07,0.0018015039317433122,-0.004092533928500693,-0.00024131783034131465,5.476695905515484e-06
prior_thermal_n64,0.5,54,0.84375,-0.7253710396450765,0.1335448055718354,6.94266224269225,0.0018198128422396086,0.003119211041466452,0.0,1.9126585013096113e-06,8.758554426819084e-11,5.3189174824196605e-09,0.008269357739813982,-0.008269652791916538,-8.927852262532723e-07,6.256446340386377e-06,0.006582513657143587,-0.004113189882418107,0.0003239873041198316,0.0,-5.715238972956731e-08,-4.9732585275800005e-08,-3.0539539374119494e-08,1.6433478172041533e-07,0.0016869012350601252,-0.004156413176913155,-0.0003248495498067108,6.092111558665962e-06
prior_thermal_n64,0.5,55,0.859375,-0.6972332128865153,0.14764495381768605,6.782826450577948,0.0019176331592245417,0.0034811219086657054,0.0,2.0313772735588852e-06,8.395378798620526e-11,2.9890538644867045e-09,0.008352204194470086,-0.008352490925983534,-8.654243608796518e-07,6.530100786207603e-06,0.00683947712747771,-0.004140394908699433,0.0003900041563069347,0.0,4.6037743880405634e-09,3.97987901173263e-09,2.606692476492524e-09,-1.2521880450415594e-08,0.0015127224632179885,-0.004212099997163112,-0.00039087218736029086,6.542622666658019e-06
prior_thermal_n64,0.5,56,0.875,-0.6722615088247962,0.14723031868616315,6.547989176742348,0.002084740215038377,0.0037775644814522437,0.0,2.048342571195552e-06,7.956180940444204e-11,2.979572310464495e-09,0.008424553026506297,-0.008424835971421466,-8.408606778475457e-07,6.6621189952500176e-06,0.007102817502294655,-0.004172001077281152,0.00042234985693377256,0.0,2.8347274628513866e-08,2.4631042009422475e-08,1.5348991846435714e-08,-8.051432674410119e-08,0.0013217071769370137,-0.004252859525182324,-0.0004232060666034666,6.742633321994119e-06
prior_thermal_n64,0.5,57,0.890625,-0.649925240504985,0.13542618091077363,6.241838668721241,0.002205401875987264,0.003807958869862105,0.0,2.001737516410827e-06,7.771907852542902e-11,4.719655654749663e-09,0.008488229217818522,-0.00848851084766815,-8.185780693617856e-07,6.697218880851748e-06,0.007218268441770479,-0.00421192221973724,0.000399805455156227,0.0,2.8102513106595656e-08,2.4418528710236978e-08,1.521524312133982e-08,-7.98071482213764e-08,0.0012699326735349367,-0.004276613046459621,-0.0004006392484687101,6.777026029073124e-06
prior_thermal_n64,0.5,58,0.90625,-0.6283265728888733,0.11947472706178798,5.8685039617687265,0.002098153996730423,0.003395450092819296,0.0,1.925685399073793e-06,7.93747825323846e-11,2.118976275077933e-09,0.00854878765282777,-0.00854906933392996,-7.967290076400401e-07,6.662078703023062e-06,0.007004359024849099,-0.004257870599638933,0.000323517991105027,0.0,1.7094077301683545e-08,1.4844385200941872e-08,9.303909551222667e-09,-4.827387332810808e-08,0.0015444115339013683,-0.004291213578676228,-0.0003243240240222182,6.71035257635117e-06
prior_thermal_n64,0.5,59,0.921875,-0.604681938652921,0.10662293793370485,5.096678061947748,0.0016255644441494621,0.002497984331671929,0.0,1.834770854334879e-06,8.549713256618185e-11,1.2799712561306628e-09,0.008613844830669733,-0.008614127577610698,-7.724838575584787e-07,6.5529243293829775e-06,0.006367746698779854,-0.004306259372235199,0.00021733111713646955,0.0,2.319600202526697e-09,1.994824873089138e-09,1.3708865886718665e-09,-5.954297279287803e-09,0.0022460958122896765,-0.004307870200200372,-0.0002181049718806167,6.558878626662266e-06
prior_thermal_n64,0.5,60,0.9375,-0.5752187719160535,0.12647918657069782,3.3152915277942854,0.0007775282941713172,0.001296803140741704,0.0,1.7472360828269974e-06,9.618357685784422e-11,3.3058861539050395e-09,0.008692948710738195,-0.008693233655544919,-7.418600649327935e-07,6.328088636660047e-06,0.005390049232761532,-0.004353154683237768,0.00012908067756755673,0.0,-7.356554100231718e-09,-6.4203198773010225e-09,-3.825989892881681e-09,2.1765973748662686e-08,0.0033029068345307626,-0.004340072551987273,-0.00012981871164259665,6.306322662911385e-06
prior_thermal_n64,0.5,61,0.953125,-0.5300247478300776,0.20993982586858861,1.5519392996869128,0.00048303404167022453,0.0011371340612718035,0.0,1.6629513670905452e-06,7.954129819923351e-11,8.829246581443462e-10,0.008809620929877384,-0.008809909887703539,-6.941935436693198e-07,5.855355668428205e-06,0.0052014187014904215,-0.004391614306323423,0.00016283335736885795,0.0,-4.9635222170056486e-09,-4.33799992168244e-09,-2.546012132517038e-09,1.492586591043128e-08,0.00360820719190918,-0.004418291243380194,-0.00016352500490039476,5.840429802517774e-06
prior_thermal_n64,0.5,62,0.96875,-0.5167566844089607,-0.2189104522218639,0.7239615984881997,0.0019332791520121906,0.0007959588022570673,0.0,1.6425413709168118e-06,4.973704805419344e-11,4.347643253748448e-09,0.008842711449898491,-0.008843001547842235,-6.80050128354496e-07,5.70918973175038e-06,0.005741724680645678,-0.0043773907813388115,-0.00028500881921035803,0.0,-2.673827956158128e-09,-2.3462880246613253e-09,-1.318356777343099e-09,8.372247734866275e-09,0.0031009894430807693,-0.004465608420215398,0.00028433008743878084,5.700817484015514e-06
prior_thermal_n64,0.5,63,0.984375,-0.507071703421574,-0.17223993089161646,0.5759077091480176,0.0021883185059104705,0.0010933056351270622,0.0,1.6272711826980817e-06,1.5387730271167492e-11,4.990260866635603e-09,0.008866512978045403,-0.008866803863967434,-6.69671340802146e-07,5.608398273544808e-06,0.006054794888852647,-0.004414271670863973,-0.0002744224270221556,0.0,-1.0765254271023103e-09,-9.568665109780937e-10,-4.6201449860062095e-10,3.8005053389291e-09,0.002811719165718183,-0.004452531236236949,0.0002737532176958521,5.604597768205879e-06
prior_thermal_n64,0.5,64,1.0,-0.5,-0.0006237113275382494,0.60899171732387,0.0018955961676686958,0.0018935187969056826,0.0,1.615536010485232e-06,1.7633062055234512e-11,8.698160578642631e-10,0.008883699480003206,-0.00888399091037136,-6.620567657865549e-07,5.5406896433772405e-06,0.006370258454303823,-0.004475992243742048,-1.1814748332879322e-06,0.0,-7.391232654938386e-11,-8.4730412633108e-11,7.537674808151286e-11,9.311284102340934e-10,0.0025134410996117094,-0.004407998581898899,5.193426907532958e-07,5.539758514967007e-06
prior_thermal_n64,0.8150000000000001,0,0.0,-2.1,5.997235174364174e-41,0.6984016570310059,0.5594629237663834,0.5660729791253284,0.004370718465409229,0.010980773824354247,8.758051908766551e-07,1.4783423609707191e-05,5.046013538603953e-05,-0.007726206280267778,-0.0016525138397362545,0.014075760419879266,0.45483107416500845,0.10026113113596569,3.329018498646381e-41,0.0,0.0,0.0,0.0,0.0,-0.4547806140296224,-0.10798733741623347,-0.0016525138397362545,0.014075760419879266
prior_thermal_n64,0.8150000000000001,1,0.015625,-2.0986456018208095,-0.28086852557347175,0.5873193678127966,0.6068274828279172,0.20081776770428122,0.0043274608189294884,0.010900456404303996,8.621247671886795e-07,1.2326709520506587e-05,9.218677991759382e-05,-0.007706154864693316,-0.0016432512347319534,0.013908839226399709,0.3104511553790645,0.08575751127541793,-0.1031456776772526,0.0,-5.484444396871921e-09,-3.988714583126041e-09,-2.3383883266401003e-09,1.3277812319162327e-08,-0.3103589631147025,-0.09346366215139666,0.10150242878090898,0.01390882594858739
prior_thermal_n64,0.8150000000000001,2,0.03125,-2.0961788017758005,0.9923132185119496,0.6882333443646539,0.004304624081965525,3.7286134886529125,0.004249280567938912,0.010754679513905034,8.374127805129555e-07,4.12072638326412e-06,0.00016764490255947087,-0.0076698337899430025,-0.0016264012662377794,0.013608458522679792,0.9404420901259534,0.9185149862005636,0.9294508664062452,0.0,-1.2090977329578834e-07,-8.793668826313085e-08,-5.152974624885941e-08,2.926416411674692e-07,-0.9402743243136206,-0.9261847320538183,-0.9310772161427368,0.013608165881038624
prior_thermal_n64,0.8150000000000001,3,0.046875,-2.090457826338049,0.18440157946004668,0.7819637779086457,0.08188549796767305,0.17451747081563643,0.004070222777928214,0.010416911512273728,7.811589458530527e-07,6.891576517221304e-06,0.0003399435276635676,-0.0075866234651850535,-0.0015874394832207741,0.012929812807480488,0.11077275932857557,0.0101851579179782,0.021571321028404467,0.0,-1.802087254202937e-06,-1.3107051663116282e-06,-7.672996343955361e-07,4.35898931184104e-06,-0.11043101371365781,-0.017770470677996943,-0.023157993211990847,0.012925453818168647
prior_thermal_n64,0.8150000000000001,4,0.0625,-2.086108557183185,-0.7319113810230505,0.9149040756300993,0.4253466075267428,0.020255471547418774,0.003935381499924587,0.01015802591721528,7.394229390514373e-07,7.742412130595094e-06,0.0004683799918456306,-0.0075243649718462575,-0.0015579473896823104,0.012430595179673591,0.13986116022728698,0.0758931756012239,-0.10282844509915368,0.0,-5.3731150482466744e-06,-3.908156382446818e-06,-2.2862853596368146e-06,1.2991085259112058e-05,-0.1393874071203931,-0.08341363241668771,0.10127278399483101,0.012417604094414478
prior_thermal_n64,0.8150000000000001,5,0.078125,-2.078308240932516,-0.9916642198942083,1.1149864648580985,2.37255523496653,0.009724614088317152,0.003694220608211635,0.009683118699621747,6.669255457700946e-07,4.899773461988083e-06,0.0006931508447420977,-0.007414993227185526,-0.0015053871860335113,0.011571001270951396,0.6003810039679686,0.5840702509055385,-0.5922048797424059,0.0,-1.920376503603284e-05,-1.3968963490704645e-05,-8.162663180983207e-06,4.6396533316524224e-05,-0.5996686493581904,-0.5914712751692334,0.5907076552195533,0.011524604737634872
prior_thermal_n64,0.8150000000000001,6,0.09375,-2.0714394948028714,0.9716049445456565,1.2488960828691638,0.003980072884753216,2.416428105357031,0.003480781438259286,0.009248578712771433,6.057112173392387e-07,4.08338166947575e-06,0.0008850994236343292,-0.0073212424227531575,-0.0014595191767256127,0.010851510864402086,0.6210017693875679,0.5828376396578089,0.6016700587994414,0.0,-4.13688145553818e-05,-3.0094109048087e-05,-1.7569858097575818e-05,9.988781555484124e-05,-0.6200753011493781,-0.5901287879715139,-0.6031120081180694,0.010751623048847246
prior_thermal_n64,0.8150000000000001,7,0.109375,-2.069688322158385,0.375830775436087,1.4117672760564297,0.18758992159340437,0.9039427801044811,0.0034260321813123036,0.009134868986836932,5.937524152113119e-07,1.7248552331913802e-07,0.0009331361187143502,-0.007297739467422276,-0.0014478949357435195,0.010673607756771678,0.4042902353682618,0.1351956648966064,0.17766100542638805,0.0,-4.8714386911265527e-05,-3.5438377722042793e-05,-2.0685734362362108e-05,0.00011760713403291873,-0.40330838486263615,-0.1424579659863066,-0.1790882146277692,0.01055600062273876
prior_thermal_n64,0.8150000000000001,8,0.125,-2.0670695887182426,0.26845769767972,1.7434612786278183,0.11718775944488494,0.3512435346687488,0.0033438448498887916,0.008962443433624534,5.791925382350391e-07,3.951889912119991e-06,0.001004286997229618,-0.007262902244078625,-0.0014305684394113434,0.010411715001638849,0.1939271405320553,0.03413536238300492,0.05710929416003203,0.0,-6.105441565462025e-05,-4.441668943772409e-05,-2.591879347740767e-05,0.0001473674721760788,-0.19286179911917103,-0.04135384793764583,-0.05851394380596596,0.01026434752946277
prior_thermal_n64,0.8150000000000001,9,0.140625,-2.060835620287054,-0.4994130274112081,2.0495798199398787,0.3335873933709066,0.04537078869667485,0.003146506920575802,0.008540060519674533,5.449743530454038e-07,6.119861993694048e-06,0.0011703614880233884,-0.007181494989958838,-0.0013896114876273545,0.00980804828846419,0.14254834059569,0.04108746671797556,-0.0734025395683326,0.0,-9.716083238135927e-05,-7.068894942892278e-05,-4.1223087852671916e-05,0.00023440571395012336,-0.14128081827528524,-0.048198272758505474,0.07205415116855793,0.009573642574514067
prior_thermal_n64,0.8150000000000001,10,0.15625,-2.0530608751331982,-0.9821637633911109,2.446958119857971,3.3471283914137793,0.008260171133606997,0.002896854660031608,0.007989386682340763,5.032844427016025e-07,4.339266081355639e-06,0.0013709649710654105,-0.007083062791119672,-0.001339150831703336,0.009093483550481467,0.853346972892492,0.8189041877100149,-0.8359901880756204,0.0,-0.00015569270104303056,-0.0001132844478250452,-6.601782612604714e-05,0.0003754113864048662,-0.8518203152203836,-0.8258739660533096,0.8347170550700431,0.008718072164076602
prior_thermal_n64,0.8150000000000001,11,0.171875,-2.049641663469796,0.8704597337367794,2.7346877858196526,0.009135299026596932,1.331538860018593,0.0027858628224827716,0.007739033147692167,4.853362733936179e-07,9.394965787522247e-06,0.0014569005989445195,-0.007040891217882789,-0.0013171934660467692,0.008792406320596781,0.37555807237127686,0.2895165591662306,0.3293625976666967,0.0,-0.00018611581143300482,-0.00013542682241779553,-7.890088474442064e-05,0.00044866792164852365,-0.3739150559608993,-0.29642202356169556,-0.330600890247999,0.008343738398948258
prior_thermal_n64,0.8150000000000001,12,0.1875,-2.041796336432806,-0.24390398207397287,3.115604589036837,0.24250975682043202,0.0958132437101394,0.002528891508123658,0.0071473082649797515,4.451363547410426e-07,3.2566894395472112e-06,0.001648820722756849,-0.006946774383254639,-0.0012673935705949228,0.008131255407304711,0.14752746649649226,0.01679593388224174,-0.037828732466787175,0.0,-0.0002661611748988045,-0.00019369259904728118,-0.00011278938138089946,0.000641325745651755,-0.1456124845988366,-0.023549015666449097,0.03667412827757315,0.007489929661652957
prior_thermal_n64,0.8150000000000001,13,0.203125,-2.034269895131559,0.685652294994187,3.3681474458835208,0.026434622957863696,0.7011191957010325,0.0022803646523212174,0.006560247677620184,4.0795903107722006e-07,3.977462319162614e-06,0.001826100789113462,-0.006860017789373911,-0.0012204256251309,0.007534781319605501,0.2372731242923465,0.12208347887213089,0.16760117242946748,0.0,-0.0003551383950992382,-0.00025847244019051006,-0.0001504548688061582,0.0008553662373379244,-0.2350918851081338,-0.1286850242213143,-0.1686711431857922,0.006679415082267577
prior_thermal_n64,0.8150000000000001,14,0.21875,-2.0281748111741393,-0.9592821233056699,3.5870077498429813,4.656007262819896,0.008084361399955053,0.0020787633121671337,0.006074361663107753,3.7892314214745676e-07,3.045286486438002e-06,0.0019648058784341484,-0.006792346506281448,-0.0011830052818365432,0.007077989420604693,1.2056784723479794,1.1222907772743087,-1.1629796249427202,0.0,-0.00043462468928051064,-0.00031635345092934574,-0.0001841056941013886,0.0010464948717384711,-1.2032790417802648,-1.1287667703296607,1.1619807253549852,0.006031494548866222
prior_thermal_n64,0.8150000000000001,15,0.234375,-2.0266275664413476,0.020236218007310576,3.7329162793082458,0.44272438015786897,0.48380755942321996,0.002027669616811032,0.005949934892223407,3.7171138592530586e-07,5.6873192327087235e-06,0.0019993298631019894,-0.006775540517627254,-0.0011735970420451635,0.006965678840610265,0.34308062932248495,0.11619653821354231,0.009290228497484664,0.0,-0.0004557036889570741,-0.0003317047110509712,-0.0001930307231920699,0.0010971693854554185,-0.3406255957704259,-0.1226403740201186,-0.010270794816337758,0.005868509455154846
prior_thermal_n64,0.8150000000000001,16,0.25,-2.018364484846522,0.5922423994454139,3.512411516441006,0.02491973406092199,0.3584763620180976,0.0017564350636388112,0.005281276406058904,3.3432720447819364e-07,1.1332817465977904e-06,0.0021790481130727632,-0.0066883654362438075,-0.0011239976810095015,0.0063902084509029206,0.1313994637040078,0.05677972860065318,0.0825079466536889,0.0,-0.0005731846010499513,-0.0004172769872722356,-0.00024278734540447833,0.0013795246027162793,-0.12864723098988506,-0.06305081704962476,-0.08338915698929392,0.005010683848186641
prior_thermal_n64,0.8150000000000001,17,0.265625,-2.003393702281007,-0.9799237958994009,3.206951788141468,0.9382926706862795,0.004172238575370135,0.0012798057624576256,0.004075897429490378,2.716575291396815e-07,1.8861127815510137e-06,0.002485047681892041,-0.006541593169289754,-0.0010370344063008823,0.005447359908794311,0.2412536995473961,0.2273009034874548,-0.23422913094448555,0.0,-0.0007977621994995495,-0.0005809316919241619,-0.0003380114895426941,0.0019190046368021785,-0.2379708896660045,-0.2332615649648204,0.23353010802772736,0.0035283552719921328
prior_thermal_n64,0.8150000000000001,18,0.28125,-1.979317366683244,-0.9830848004977433,2.8730173558253593,0.7009650551440256,0.0023324659779085377,0.0005947133677593072,0.002281509497442757,1.8518952671093408e-07,5.176981161961539e-07,0.00292649208797278,-0.006335921306617547,-0.0009055574313920516,0.0041764960142275384,0.18045682349402956,0.1697538256343365,-0.17507984632395016,0.0,-0.0011404211205418829,-0.000830896665501853,-0.00048385839897118924,0.0027416895744434774,-0.1763899102855149,-0.1752588502754522,0.1746581472915293,0.001434806439784061
prior_thermal_n64,0.8150000000000001,19,0.296875,-1.9561423306106396,-0.9864277349138013,2.7193822967992363,0.7068113607294972,0.0009277509665545636,8.509183072882994e-05,0.0008947588361194194,1.3631989686894996e-07,4.971439467572024e-07,0.003296616521628223,-0.006172838082870395,-0.0007893563887613923,0.003202083123502094,0.18151155142172018,0.17186807909288157,-0.17667331919208334,0.0,-0.001380130055842517,-0.0010061661719755303,-0.0005869396374137449,0.003317110260399634,-0.17683480484424946,-0.17703475100377644,0.17647090244073568,-0.00011502713689753993
prior_thermal_n64,0.8150000000000001,20,0.3125,-1.9333806207007052,-0.9893026384796582,2.755849151262666,0.7441617932309877,0.0,0.0,0.0,1.0233227754931351e-07,7.196420612623836e-07,0.0036129516522584565,-0.00604456766317326,-0.0006855247099618741,0.002444431609416758,0.19055554387921997,0.18165674705398552,-0.1860953825548173,0.0,-0.00148575957917876,-0.0010839625110696976,-0.0006339463437025274,0.0035709305634709547,-0.18545683264778276,-0.18661735220608908,0.18604380418855795,-0.0011264989540541968
prior_thermal_n64,0.8150000000000001,21,0.328125,-1.9107119923077696,-0.991070045977808,2.7195425335236187,0.7445530800901381,0.0,0.0,0.0,7.866334869838058e-08,4.506168669806028e-07,0.003886797277925055,-0.005946038532939549,-0.0005925251387210299,0.0018522385102973777,0.19039636248944594,0.1820924990380623,-0.18623693820904344,0.0,-0.0014703146830678932,-0.001073627321799491,-0.0006300465859189806,0.003534457590325309,-0.18503925052845302,-0.18696491024920234,0.1862744596562414,-0.0016822190800279313
prior_thermal_n64,0.8150000000000001,22,0.34375,-1.8883240256549711,-0.9923130215564094,2.606163845819656,0.7225797505774578,0.0,0.0,0.0,8.612681222353556e-08,8.010838619147351e-08,0.004122062699554075,-0.005874439672554349,-0.0005110965730326621,0.0013971046686148797,0.1846748151253562,0.17686334547208335,-0.18076369829667496,0.0,-0.0013986301928384703,-0.00102233662455489,-0.0006024881885633706,0.003363282657877471,-0.17915412223296365,-0.1817154485200828,0.18085508991220567,-0.001966177989262591
prior_thermal_n64,0.8150000000000001,23,0.359375,-1.8662554095818658,-0.9934330479982629,2.4206102275578636,0.6881888309563655,0.0,0.0,0.0,8.320931037513607e-08,1.5421209437118527e-07,0.004324528403442496,-0.005825348757030674,-0.00044116215332670554,0.0010503299988263949,0.17585367818592035,0.16850624685952692,-0.1721762254438182,0.0,-0.0013204504636712016,-0.000966364002940707,-0.0005723867214795628,0.0031767693855251993,-0.17020869931880664,-0.1733652316136169,0.17230745001197104,-0.0021264393866988044
prior_thermal_n64,0.8150000000000001,24,0.375,-1.844390459781612,-0.9944946363595482,2.210418570378681,0.6509052682538325,0.0,0.0,0.0,7.336937550811006e-08,8.011650173204814e-08,0.0045005342261446235,-0.005793735470042697,-0.00038204440962379176,0.0007868300514439184,0.16632799600199175,0.15939479773213397,-0.1628589151565681,0.0,-0.0012384603666776922,-0.0009076565949568216,-0.00054082437177733,0.002981245756193561,-0.16058900140916943,-0.16428087660721985,0.16301769511872163,-0.0021944157047496422
prior_thermal_n64,0.8150000000000001,25,0.390625,-1.822563026182372,-0.9955013247745876,2.0117538650634694,0.619954657521128,0.0,0.0,0.0,5.942184542009378e-08,3.580372705886325e-07,0.004655465688845353,-0.005774801855482563,-0.0003328003112090666,0.0005874772215731813,0.15841707919266237,0.1518267551508637,-0.15512034040958703,0.0,-0.0011529207251900289,-0.0008463961897721245,-0.0005078618645854888,0.002777228308318931,-0.152608692778627,-0.15675516081657415,0.15529540196296343,-0.0021897510867457497
prior_thermal_n64,0.8150000000000001,26,0.40625,-1.8006990316140026,-0.9964136697511401,1.829381875461768,0.5983357530645643,0.0,0.0,0.0,4.390181383077778e-08,6.513631026651813e-07,0.004792945925907783,-0.005764403076767465,-0.0002923164399433264,0.000438833952155378,0.15287445562309568,0.1465509650133576,-0.14971174407434787,0.0,-0.0010643493307526208,-0.0007829484376002865,-0.0004736588883976137,0.0025658476821153564,-0.14701716036643528,-0.15153241965252476,0.14989308652280217,-0.0021270137299599784
prior_thermal_n64,0.8150000000000001,27,0.421875,-1.7788491400237396,-0.9971995505233064,1.6491403180109117,0.5832920210516845,0.0,0.0,0.0,3.460747972656303e-08,2.8499067638665474e-07,0.004916340685141336,-0.0057592209797136034,-0.00025972967014821984,0.00033041864945883737,0.14900700507579961,0.14288521642160298,-0.145945536851334,0.0,-0.0009737764555229758,-0.0007180524807013748,-0.0004385669167812665,0.0023494161166257893,-0.14311688793513533,-0.14792638492061522,0.14612437409796702,-0.002018997467166952
prior_thermal_n64,0.8150000000000001,28,0.4375,-1.7570846869688543,-0.9978580073577482,1.4508928824997982,0.5679334170613348,0.0,0.0,0.0,3.147522073965875e-08,1.7283525494268207e-07,0.005026147126899578,-0.0057562184998925705,-0.00023380561057444833,0.00025493013475581263,0.14508374601795498,0.13911659333500953,-0.14209984299027031,0.0,-0.0008824312295484672,-0.0006526182819584786,-0.00040299054374628497,0.002130545821286627,-0.13917516766150692,-0.14422019355294363,0.14226902792344215,-0.0018756156865308144
prior_thermal_n64,0.8150000000000001,29,0.453125,-1.7353390357189025,-0.9984504827127567,1.1740781254841843,0.5367472827004189,0.0,0.0,0.0,2.8001906495801754e-08,3.6274404936333473e-07,0.005124918330221295,-0.005754621109256915,-0.00021080203930295375,0.00020457266643509017,0.13721003856437555,0.1313816766661998,-0.13429569614284337,0.0,-0.0007909830945556515,-0.0005871622157098029,-0.0003671108969963332,0.0019104647432374431,-0.1312941371395986,-0.1365491355597469,0.13445200500053675,-0.001705892076802353
prior_thermal_n64,0.8150000000000001,30,0.46875,-1.7131001379292907,-0.9990339302135778,0.782256046030837,0.48446409423429815,0.0,0.0,0.0,2.462568330242193e-08,3.2252393020117294e-07,0.005217561992082096,-0.005756102508459865,-0.00018836550826763576,0.00017129963818229987,0.12406587166206687,0.11836452382708193,-0.12121514112538635,0.0,-0.0006982513721247166,-0.0005208798569965892,-0.0003303691118277289,0.0016858938905900261,-0.11815005829786006,-0.12359974647854521,0.12135714472894645,-0.0015145942524077262
prior_thermal_n64,0.8150000000000001,31,0.484375,-1.6894779310201018,-0.9995131111387843,0.34528287708170485,0.4238437010836996,0.0,0.0,0.0,2.1456376704011293e-08,2.277467421183592e-07,0.005309432868822178,-0.0057633465633030855,-0.0001659049596875538,0.00014897145767518656,0.10886208769950362,0.10323397351983132,-0.1060480180336323,0.0,-0.0006017229677809481,-0.00045202828463917143,-0.0002916256372071871,0.0014501223477440934,-0.10295093186290048,-0.10854529179849524,0.10617373871115193,-0.0013011508900689069
prior_thermal_n64,0.8150000000000001,32,0.5,-1.6637199843672121,-0.9997197949849036,0.08491548693054787,0.36456162531612535,0.0,0.0,0.0,1.7989957600862694e-08,2.1937720010768865e-07,0.0054034159264600085,-0.005778774733895249,-0.000144418241276215,0.0001343859367840852,0.09403235333459593,0.0883944160660766,-0.09121338111853014,0.0,-0.000499459658852348,-0.00037915829862537236,-0.0002500946554937185,0.0011987376076411393,-0.08812947774928358,-0.09379403250134648,0.09131905753274765,-0.0010643516708570542
prior_thermal_n64,0.8150000000000001,33,0.515625,-1.6357632380956293,-0.9993645466773952,0.5431420084146948,0.3205642089645381,0.0,0.0,0.0,1.4874957559966873e-08,1.6204731706503678e-07,0.005499162677919924,-0.005804075704716921,-0.00012398829294927197,0.00012575110341061255,0.08307514152399696,0.077319329070155,-0.08019721909492462,0.0,-0.00039194184335782713,-0.00030229510378110237,-0.00020630034338867435,0.0009353547104335588,-0.07718403700271921,-0.08282110967109081,0.08027953114536403,-0.0008096036070229462
prior_thermal_n64,0.8150000000000001,34,0.53125,-1.6074313001746967,-0.9980962802084727,1.5278400457892598,0.3101530165926181,0.0,0.0,0.0,1.448145849137811e-08,6.221262986935987e-08,0.005591498477185424,-0.005838447825972755,-0.0001061341087906,0.00012074035031216509,0.08058507024078546,0.07456689096688725,-0.07757583976251116,0.0,-0.00028655377926692447,-0.00022629052389773973,-0.00016376951594080646,0.000681534472614318,-0.0747070179843331,-0.08017904826896227,0.07763347516966138,-0.000560794122302153
prior_thermal_n64,0.8150000000000001,35,0.546875,-1.582381154053996,-0.9961442261356543,2.628493713066633,0.35395747555210716,0.0,0.0,0.0,1.410244188979992e-08,4.294827274511437e-08,0.005670221117696075,-0.005875488092707164,-9.259002657189138e-05,0.00011753514481329202,0.09174368089078615,0.08527600845944555,-0.08850918419578611,0.0,-0.00019646388662447278,-0.0001604680111221792,-0.0001281313930913024,0.00047068760031460577,-0.08587699588646559,-0.09099102854103053,0.08854472556230553,-0.0003531524555013138
prior_thermal_n64,0.8150000000000001,36,0.5625,-1.5624784952860982,-0.9944798408301698,3.8247620563414864,0.45584552038353565,0.0,0.0,0.0,1.3298597232241438e-08,5.301104010209498e-08,0.0057313121745061054,-0.005908863793440174,-8.319091671009619e-05,0.00011511034948836387,0.11751534174330945,0.11042139999652575,-0.11396662482702587,0.0,-0.00012828287552013763,-0.00011020965278215177,-0.00010142586621855813,0.0003141706572424098,-0.11165574669328321,-0.11622005413718378,0.11398485977653433,-0.00019906030775404594
prior_thermal_n64,0.8150000000000001,37,0.578125,-1.5452246827914438,-0.9937515830964561,4.836624908151398,0.5277280105882304,1.2316849990257062e-05,2.1949415874748134e-05,7.133745201986342e-06,1.2353725770394082e-08,2.0948439313810607e-08,0.005783480072355207,-0.005940314499627533,-7.592201680158085e-05,0.00011283668126503161,0.13569221414232274,0.12816340799624917,-0.13192521951689185,0.0,-7.297215764617763e-05,-6.932068908778192e-05,-7.96259344697713e-05,0.0001876963531690203,-0.12983576191232135,-0.13403440180678894,0.13192892343456003,-7.485967190398867e-05
prior_thermal_n64,0.8150000000000001,38,0.59375,-1.527398521457692,-0.9934756136572818,5.353134261491127,0.5011182516775101,0.00011331616562010316,6.5577356411816e-05,0.00010794905100414112,1.1217632925919247e-08,1.9411422702331248e-08,0.005836787163804024,-0.005975010036960527,-6.918498335462419e-05,0.00011018375786901381,0.129044831498121,0.12148418921973617,-0.1252618268016206,0.0,-2.0711053290122944e-05,-3.074861615840208e-05,-5.859205970654291e-05,6.715826469934043e-05,-0.12318733328102684,-0.1274284506405383,0.12525123387797252,4.302549316967338e-05
prior_thermal_n64,0.8150000000000001,39,0.609375,-1.5074921373065675,-0.9929816399627155,5.490251918546546,0.41011737709449747,0.0002132071471042385,0.00010654460572769365,0.00020812250929913234,9.839838839293801e-09,1.0226418797713854e-08,0.005895789814844495,-0.006016119955393348,-6.249232958406404e-05,0.00010676125855288684,0.10621238755270647,0.09879557101058097,-0.10250143696274117,0.0,3.0362513161202382e-05,6.640903803357226e-06,-3.709785369120437e-05,-5.389972417565116e-05,-0.10034696025102317,-0.10481833186977767,0.1024760424868483,0.000160660982728538
prior_thermal_n64,0.8150000000000001,40,0.625,-1.4840486994328117,-0.9916283928579318,5.45210992620733,0.28628657709399824,0.00030939648264782793,0.0001409923704099423,0.0003043407033094954,8.171868506884209e-09,1.065565753707409e-08,0.0059647993046539555,-0.006067361648907933,-5.55975978003291e-05,0.00010204258047133191,0.0751566865331878,0.06791863371827551,-0.07153513223606249,0.0,7.878802419573594e-05,4.1316168410005466e-05,-1.4760514575440823e-05,-0.0001763006349698485,-0.06927067525272958,-0.07402731153559346,0.0714942951528376,0.0002783432154411804
prior_thermal_n64,0.8150000000000001,41,0.640625,-1.4538801721135661,-0.9876525249677167,5.75363033088715,0.17628789800444405,0.00040175746594996176,0.00016552819104403754,0.0003949608942265542,6.1058887206835895e-09,1.3663201760396931e-08,0.00605320685693309,-0.006137189769117517,-4.8063597231215834e-05,9.486906033956798e-05,0.04763760367741645,0.04042697951514526,-0.04402889331041915,0.0,0.00012387489223474144,7.238673821612711e-05,9.294578564413327e-06,-0.0003024930347135405,-0.0417082717127181,-0.0466365560224789,0.04397153513462352,0.00039736209505310846
prior_thermal_n64,0.8150000000000001,42,0.65625,-1.4136765607698694,-0.9780172786309533,6.571039318712305,0.10828046234187691,0.0004863365426666308,0.00017776844945498226,0.0004729847596728964,4.887462182363855e-09,3.9668611507350264e-08,0.006170937096835846,-0.0062359317948765085,-3.992875845916712e-05,8.358514333610157e-05,0.0307432813180466,0.023314741519661238,-0.027022335527357052,0.0,0.00016240320376406317,9.797870275921388e-05,3.38753190953114e-05,-0.00042224387323082184,-0.024734747424974817,-0.02964865201729696,0.02694853144980257,0.0005058290165669234
prior_thermal_n64,0.8150000000000001,43,0.671875,-1.3650814797224586,-0.9621914808532426,7.189091317301443,0.0718880821704524,0.0005494876712259303,0.00018352961244838187,0.0005228655109537697,4.343820211513694e-09,3.3802268289010785e-08,0.006313934410372924,-0.006362306405792064,-3.233804414576373e-05,6.802375332409951e-05,0.02180547955248859,0.0140601078066495,-0.017919482599432966,0.0,0.00018828055618412182,0.00011654501009781403,5.249593048058325e-05,-0.0004969885885579384,-0.015679825698299787,-0.02053895922253938,0.017834648624806618,0.0005650123418820378
prior_thermal_n64,0.8150000000000001,44,0.6875,-1.3129403633594041,-0.9476033122183449,6.8665828169094265,0.05050125679666495,0.000478492323799002,0.00014731425932982823,0.0004420471404423351,3.970242469855667e-09,2.6933631167083423e-08,0.006468942727684058,-0.006504710743684983,-2.6216731247480016e-05,5.032100175366613e-05,0.016531702972166936,0.008663490888178962,-0.012579374338494615,0.0,0.00015955347057016294,9.935921331499346e-05,4.74664890306467e-05,-0.00040515069373116177,-0.010222313715053041,-0.015267560845178937,0.012505691118216488,0.0004554716954848279
prior_thermal_n64,0.8150000000000001,45,0.703125,-1.2576597217279317,-0.9433366394973662,5.6038623827423,0.03353938085252853,0.00011982910735371458,5.981517361474241e-06,9.131983336312892e-05,3.733190759129534e-09,8.082583488228947e-09,0.006635527102653191,-0.006661824390133388,-2.13952743176305e-05,3.230435291149752e-05,0.01221864751632243,0.0045623067882563885,-0.008376222515294116,0.0,1.8535288028281474e-05,3.818099853823439e-06,-6.069531721682942e-08,-7.377349921670654e-06,-0.005601655701697521,-0.0112279492782436,0.008354887936293702,3.968170283316817e-05
prior_thermal_n64,0.8150000000000001,46,0.71875,-1.1918304489001743,-0.9264902097181437,4.840820272547065,0.019870009109451255,0.0,0.0,0.0,3.5521460434520535e-09,1.0135828499447118e-08,0.006837077262812928,-0.006855451399815942,-1.7269030822443695e-05,1.46580501557417e-05,0.008829569863954726,0.0011842643188824517,-0.004992358301326509,0.0,-0.00011670458717813398,-8.706240546733301e-05,-4.569462062420045e-05,0.0003561692929695805,-0.0018757880139636633,-0.00795265331323106,0.005020783891128265,-0.00034151124281383877
prior_thermal_n64,0.8150000000000001,47,0.734375,-1.1123131274644658,-0.7873914098653526,6.3558839208909195,0.01132234540986618,0.00015986120804051176,0.0,0.0,5.983386212709566e-09,2.886776119028775e-08,0.007084753802037025,-0.007096574672436651,-1.393199806944098e-05,2.4970826913014923e-06,0.007118076359654406,-0.001360604439471237,-0.002798410653394422,0.0,-1.6314827809853787e-05,-1.1874653819596012e-05,-6.142395131435444e-06,4.8327471758623485e-05,-1.7007729807527218e-05,-0.005724095579145818,0.002790621050456417,-4.583038906732199e-05
prior_thermal_n64,0.8150000000000001,48,0.75,-1.0314364986187574,-0.5962330502393147,6.699767466453144,0.006921154891002151,0.0005036737723898145,0.0,6.05205189905349e-05,6.426749786919864e-09,6.1296816919118036e-09,0.00734024272139369,-0.007347443416820242,-1.1804875306519798e-05,1.9264895814510657e-06,0.006409613284739369,-0.002725016578270603,-0.0016207217265347433,0.0,1.1939537716804865e-05,8.677392083859839e-06,4.546571575139326e-06,-3.516238934702073e-05,0.0009186898989375159,-0.004631104230633499,0.0016043702796530843,3.7088878928471794e-05
prior_thermal_n64,0.8150000000000001,49,0.765625,-0.9506891665708483,-0.37075225415032603,6.68812028027492,0.0044690435448296135,0.0009599195540140072,0.0,1.3317799002265417e-05,4.889730479794573e-09,3.329740567685214e-08,0.007597321767459826,-0.007600770981438081,-1.085824994308299e-05,1.065869088720141e-05,0.006210673153259329,-0.0034913611138518204,-0.0008863551421978833,0.0,-4.790185462431307e-06,-3.489518501520798e-06,-1.7841054491013868e-06,1.4257708308628824e-05,0.0013914387996629288,-0.004105920349084739,0.0008772809977039016,-3.599017421427413e-06
prior_thermal_n64,0.8150000000000001,50,0.78125,-0.8773534680977877,-0.12013636581369863,6.876327364343572,0.0032018192141038066,0.0020080291953107803,0.0,2.2426784561681344e-05,3.505538538399152e-09,4.993515839993507e-09,0.007829933306564892,-0.007831012062560537,-9.223330827134303e-06,2.1899869244430227e-05,0.006501290874823112,-0.003899425539021804,-0.0003081314625261044,0.0,1.1501198576569538e-06,8.299930526839028e-07,4.6062700071357755e-07,-3.2887545305251284e-06,0.0013274923118841231,-0.0039324165165914166,0.0002984475046982565,2.5188623774955357e-05
prior_thermal_n64,0.8150000000000001,51,0.796875,-0.815298134594102,0.07147243234727425,6.987436883966564,0.002594975108353057,0.003496208223096077,0.0,1.877617002320674e-05,1.890995659694229e-09,8.167193951934677e-09,0.008023851012456501,-0.008024344569197237,-8.653345940451026e-06,3.0195808631878422e-05,0.007062405009539662,-0.004017950335807805,0.00021648868967050623,0.0,3.7634269875603396e-07,2.6709255321759566e-07,1.6624307479784317e-07,-1.0014004816280944e-06,0.0009610696602180826,-0.0040066613259426495,-0.0002253082786857551,3.119720911350652e-05
prior_thermal_n64,0.8150000000000001,52,0.8125,-0.7626344047357733,0.20443313495122936,7.036364384628872,0.00227523415444507,0.005268626212274445,0.0,1.574108102890318e-05,1.6654031796949575e-09,1.3371953277607383e-08,0.008185553808912867,-0.008185781803437939,-8.210284502992631e-06,3.553059920212186e-05,0.007735276641535316,-0.003962909873616803,0.0007402591816635147,0.0,-3.8094140953390244e-07,-2.836376742939271e-07,-1.2145170916351137e-07,1.2374578702666511e-06,0.00045065810878708486,-0.0042225882921468425,-0.0007483480144573438,3.429314133185521e-05
prior_thermal_n64,0.8150000000000001,53,0.828125,-0.7173362699019687,0.29435181369264085,7.026251833163009,0.0021390337502260426,0.0072653175007683386,0.0,1.5458519785214924e-05,1.7468325437807212e-09,7.688925529987988e-09,0.008321745114877592,-0.008321848352147753,-7.829329200656094e-06,3.85830496641898e-05,0.008509584803063653,-0.0038072692589286063,0.0012737717184240394,0.0,-1.3700522128168317e-07,-1.0615068673434953e-07,-3.010998912127422e-08,5.187688746344268e-07,-0.00018770268296477814,-0.004514472942532413,-0.001281570937635574,3.806428078955537e-05
prior_thermal_n64,0.8150000000000001,54,0.84375,-0.6789350069176228,0.34890572672748055,6.943521519869434,0.002215270663496489,0.00958759378259558,0.0,1.5237946883584865e-05,1.9232560763765495e-09,5.462277283832745e-09,0.008434575134301453,-0.008434623532578414,-7.49543414394779e-06,4.010338710049497e-05,0.009499036698691184,-0.003597759866900602,0.0018355395019607063,0.0,6.563772310391654e-08,4.1355255387522795e-08,4.584367011884441e-08,-7.804337572591845e-08,-0.0010645272021128343,-0.0048369050209332,-0.0018430807797747727,4.0181430476220886e-05
prior_thermal_n64,0.8150000000000001,55,0.859375,-0.647885422812057,0.3702863479974147,6.784722106722568,0.0026105401351084806,0.012444131762537732,0.0,1.4674451401153546e-05,2.0935496692701104e-09,1.3029928269174215e-08,0.008523734153202707,-0.008523761071492915,-7.214594968666708e-06,4.071004179925313e-05,0.010901167637192885,-0.0033739800365817215,0.002451134855262707,0.0,7.391257816765657e-08,4.751734356666532e-08,4.845662593902428e-08,-1.0094163381922696e-07,-0.002377507396568345,-0.0051498285522547605,-0.0024583979068573125,4.081098343307235e-05
prior_thermal_n64,0.8150000000000001,56,0.875,-0.6243536558952438,0.36055477620946463,6.55097866591325,0.003415853928780104,0.015541531089484494,0.0,1.4124334413273329e-05,2.2229231245036703e-09,1.5767541019036022e-08,0.008589920087394547,-0.008589939927150765,-6.994497353496076e-06,4.085935336316266e-05,0.012700565568648655,-0.0032219433672627824,0.0030243922768426732,0.0,3.275731798865276e-08,1.771067221957924e-08,3.25159799280137e-08,2.18408437659133e-08,-0.004110678238572096,-0.005368014270560203,-0.0030314192901760976,4.083751251939675e-05
prior_thermal_n64,0.8150000000000001,57,0.890625,-0.6062644176111133,0.33208465267747517,6.245687401566492,0.004276170689621643,0.017076955169156617,0.0,1.3684650819499248e-05,2.3170460865322125e-09,2.61530632899101e-09,0.008639915268483605,-0.008639933422150338,-6.820966278425821e-06,4.0822281583289126e-05,0.013951143176629809,-0.003274586051593409,0.0031933566966503594,0.0,-3.6688919126760783e-09,-8.68042208942651e-09,1.8456954958257416e-08,1.3038821588950945e-07,-0.0053112242392542915,-0.005365338690134839,-0.0032001961198837438,4.0691893367399616e-05
prior_thermal_n64,0.8150000000000001,58,0.90625,-0.5899014108629372,0.2991897711492802,5.872055819775412,0.00405280453158648,0.013987629978538477,0.0,1.3306425526413103e-05,2.3956455778411647e-09,6.168556268992158e-09,0.008684435630365321,-0.008684454268389508,-6.6607994597330076e-06,4.069321530591413e-05,0.012638045041020516,-0.003617793856955445,0.002477036184473497,0.0,-2.7006418801376675e-08,-2.556060797689477e-08,9.377804769466881e-09,2.0018740190666398e-07,-0.003953582404236393,-0.005066634850826085,-0.0024837063617379994,4.049302790400746e-05
prior_thermal_n64,0.8150000000000001,59,0.921875,-0.5687523293633014,0.30088705278109396,5.1017588195632015,0.003289304820400029,0.011446808595948831,0.0,1.2855174841275751e-05,2.4852723494217565e-09,6.986245341456844e-10,0.008740929717822744,-0.008740950924202377,-6.4494554825475745e-06,4.041582312724959e-05,0.01113698983004094,-0.003768880601790803,0.0020329220964287096,0.0,-3.9325781519084737e-08,-3.440067382249585e-08,4.391975943723209e-09,2.376940143038584e-07,-0.0023960207864366784,-0.004972035921737752,-0.0020393759438872006,4.017812911294573e-05
prior_thermal_n64,0.8150000000000001,60,0.9375,-0.5490501953035594,-0.10031757592165029,3.365541402243512,0.005846426080118116,0.00392955666613757,0.0,1.2460232958710371e-05,2.5542192555149377e-09,7.064991087830604e-09,0.008792434738397293,-0.008792459562510057,-6.248425051816591e-06,4.006890647693279e-05,0.009261452464579885,-0.0043734150867471705,-0.00048547047232692676,0.0,-3.771154102514348e-08,-3.311727660930121e-08,4.693779973717874e-09,2.339642032420169e-07,-0.0004689800146415665,-0.004419011358486277,0.00047921735349513647,3.9834942273690774e-05
prior_thermal_n64,0.8150000000000001,61,0.953125,-0.5299680189734717,0.36671765289890973,1.5961372668962446,0.0019310440083905134,0.009062688482384184,0.0,1.2088705606508708e-05,2.6055652703571943e-09,1.7315450435924406e-10,0.008841227355291689,-0.00884125624923731,-6.050193995137049e-06,3.9672703420492267e-05,0.009259888520936987,-0.0037629953101678522,0.0017768532830042699,0.0,-2.910437585451281e-08,-2.6754951553954917e-08,7.641499010733147e-09,2.095407199085853e-07,-0.00041863206126944476,-0.005078234184117904,-0.0017829111184984178,3.946316270058368e-05
prior_thermal_n64,0.8150000000000001,62,0.96875,-0.524385349425019,-0.07567347394561513,0.7706472265709652,0.00700098453765717,0.005190362461342641,0.0,1.1980372196586574e-05,2.617447163077622e-09,4.864472932347404e-09,0.008855290942237146,-0.008855321071651689,-5.99158673679488e-06,3.954828183012564e-05,0.010373560154965645,-0.004277866379791917,-0.00045865584301383737,0.0,-2.5963533972405523e-08,-2.444155439417794e-08,8.737198410370803e-09,2.0055461513798526e-07,-0.0015182432491945268,-0.004577430250305378,0.0004526555190786321,3.934772721498765e-05
prior_thermal_n64,0.8150000000000001,63,0.984375,-0.5174902732138216,-0.16885028755084006,0.596354304896323,0.003773201599267352,0.0019257265478284272,0.0,1.1846054732402265e-05,2.6300390991164076e-09,8.253919652791153e-10,0.008872525238787673,-0.008872556900427365,-5.918838766157143e-06,3.939040541901104e-05,0.007214841124256285,-0.004365365187151829,-0.0004677977220042153,0.0,-2.2000911926253835e-08,-2.1524284332235974e-08,1.012037832696322e-08,1.8920861342747372e-07,0.0016577061154433139,-0.004507170188991203,0.00046186876285973116,3.920119680558357e-05
prior_thermal_n64,0.8150000000000001,64,1.0,-0.5,-3.6096027752890137e-06,0.6645000554792171,0.0019458948342672268,0.001968849900224662,0.0,1.1499313787152528e-05,2.6510598169095082e-09,2.7215175592314915e-09,0.008915554120747429,-0.008915589619237831,-5.732600091058278e-06,3.897391294819803e-05,0.006447313686480033,-0.004489948969424294,-7.065309114845136e-09,0.0,-1.2974641440240557e-08,-1.4873658756549691e-08,1.3231707415346207e-08,1.6345118360652218e-07,0.0024682534089088357,-0.00442562577615478,-5.738766489358779e-06,3.881046176459151e-05
