interval,substeps,boundary,geometric,source,inventory_change,balance_residual,drift,direction
0,5,-0.08730212581425761,0.03965831968604866,0.07131185379239253,0.02366804766418329,-2.914335439641036e-16,1.0,-1
1,5,-0.09384546346354672,0.03726393882457226,0.07289487760800156,0.01631335296902736,2.5673907444456745e-16,1.0,-1
2,5,-0.10481715544692864,0.03626479071538612,0.035469649681433374,-0.03308271505010918,-2.7755575615628914e-17,1.0,-1
3,5,-0.10768007271999455,0.03362830980088082,0.16951259242516173,0.09546082950604806,5.551115123125783e-17,1.0,-1
4,5,-0.11215854964429214,0.03140587545039414,0.029129793117184645,-0.051622881076713534,-1.734723475976807e-16,1.0,-1
5,5,-0.10079469262337473,0.027533179357974856,0.2723817208598983,0.19912020759449844,0.0,1.0,-1
6,5,-0.08726812201633663,0.023357332737502685,0.029333670288815256,-0.034577118990018696,0.0,1.0,-1
7,5,-0.07319253923358239,0.02032054183922645,0.2286421399964037,0.17577014260204782,5.551115123125783e-17,1.0,-1
8,5,-0.05474221797943871,0.016729040101627277,0.03073154384927756,-0.007281634028533879,-3.469446951953614e-18,1.0,-1
9,5,-0.046691432573355854,0.0149322419693024,0.13079419768335068,0.09903500707929713,-9.71445146547012e-17,1.0,-1
10,5,-0.03599897815297948,0.012802882787790583,0.032227035726857665,0.009030940361668738,-3.469446951953614e-17,1.0,-1
11,5,-0.03290621848518223,0.011639464896098581,0.07372003393836106,0.05245328034927754,1.3183898417423734e-16,1.0,-1
12,5,-0.028796461444296557,0.010347434077950319,0.034522159911825195,0.01607313254547893,-2.7755575615628914e-17,1.0,-1
13,5,-0.02734846602322152,0.009430123978683062,0.051290990576033105,0.033372648531494686,4.163336342344337e-17,1.0,-1
14,5,-0.025329190148704328,0.008426920465421223,0.038322604182302,0.02142033449901881,-8.673617379884035e-17,1.0,-1
15,5,-0.024387018043784008,0.007590636302251487,0.04156708366841116,0.02477070192687869,5.551115123125783e-17,1.0,-1
16,5,-0.02284833835405717,0.006743423783244981,0.039409622064195377,0.023304707493383148,-4.163336342344337e-17,1.0,-1
17,5,-0.021683199725414406,0.005982782193458964,0.03632871185611958,0.020628294324164187,5.204170427930421e-17,1.0,-1
18,5,-0.020411546433061884,0.005270436874387606,0.03688049355705991,0.021739383998385653,2.0816681711721685e-17,1.0,-1
19,5,-0.019170125783199356,0.00460419090810402,0.033856531601481804,0.0192905967263865,3.122502256758253e-17,1.0,-1
20,5,-0.018044463867177934,0.004002437205766603,0.03300503007391126,0.018963003412499957,3.122502256758253e-17,1.0,-1
21,5,-0.01688794876729528,0.003443736652567946,0.0314632090236126,0.018018996908885254,-1.0408340855860843e-17,1.0,-1
22,5,-0.015812342995184497,0.0029356021670738355,0.02986760640498445,0.016990865576873737,-5.204170427930421e-17,1.0,-1
23,5,-0.014773088614198553,0.0024732660847866968,0.02852774787378594,0.01622792534437406,-2.0816681711721685e-17,1.0,-1
24,5,-0.013771046676368921,0.0020521772975979203,0.027157474183919544,0.015438604805148526,-1.734723475976807e-17,1.0,-1
25,5,-0.012821566792022648,0.001671305989886497,0.02569724157882989,0.014546980776693808,6.938893903907228e-17,1.0,-1
26,5,-0.011914421909821187,0.001327451940123625,0.024469810517081757,0.013882840547384173,-2.2551405187698492e-17,1.0,-1
27,5,-0.011050671244677089,0.00101723651281299,0.0231386673108115,0.013105232578947384,-1.5612511283791264e-17,1.0,-1
28,5,-0.010235609580026792,0.0007388199852938817,0.021891352228447656,0.012394562633714773,2.7755575615628914e-17,1.0,-1
29,5,-0.009461369113655499,0.0004888242583495994,0.020731942374115016,0.011759397518809084,-3.2959746043559335e-17,1.0,-1
30,5,-0.008730662954814688,0.00026501158120052505,0.019527833952404337,0.011062182578790158,-1.5612511283791264e-17,1.0,-1
31,5,-0.008040351088211299,6.51550505349469e-05,0.018442400440290524,0.0104672044026142,2.7755575615628914e-17,1.0,-1
32,5,-0.007386041517238962,-0.00011323636984084592,0.017363669768046822,0.009864391880967022,6.938893903907228e-18,1.0,-1
33,5,-0.006768104105877243,-0.00027195899671307686,0.016288916157959202,0.009248853055368905,2.42861286636753e-17,1.0,-1
34,5,-0.006183605637245074,-0.0004129883586498576,0.015224209971069193,0.008627615975174252,-8.673617379884035e-18,1.0,-1
35,5,-0.005629837679197291,-0.0005382494042684605,0.014211839016246293,0.008043751932780507,-3.469446951953614e-17,1.0,-1
36,5,-0.005105383694170217,-0.0006492472180293252,0.013222408273701539,0.007467777361502004,6.938893903907228e-18,1.0,-1
37,5,-0.004608750988868891,-0.0007472031570283432,0.012278202295168999,0.0069222481492717675,3.469446951953614e-18,1.0,-1
38,5,-0.004138683104931208,-0.0008332319401502507,0.011347564140077931,0.00637564909499648,6.938893903907228e-18,1.0,-1
39,5,-0.003693916625936414,-0.0009083449083010502,0.010472446865834102,0.005870185331596625,-1.3010426069826053e-17,1.0,-1
40,5,-0.0032735739824403297,-0.0009734558304231452,0.009609733443085373,0.005362703630221913,1.474514954580286e-17,1.0,-1
41,5,-0.0028774182704461517,-0.0010293810234061735,0.00878954568879107,0.004882746394938728,-1.734723475976807e-17,1.0,-1
42,5,-0.002504713750467757,-0.0010769186205430584,0.008000006144232522,0.004418373773221726,1.9081958235744878e-17,1.0,-1
43,5,-0.0021556696719771166,-0.0011167785518503275,0.007234271279508863,0.003961823055681421,2.6020852139652106e-18,1.0,-1
44,5,-0.0018302636644588078,-0.0011496605956450219,0.006511905265375591,0.0035319810052717587,-3.0357660829594124e-18,1.0,-1
45,5,-0.0015288996916993619,-0.0011762289673149012,0.005814663970100822,0.003109535311086542,-1.691355389077387e-17,1.0,-1
46,5,-0.0012522984238512171,-0.0011971165692334837,0.005157978082093772,0.002708563089009075,4.336808689942018e-18,1.0,-1
47,5,-0.0010011049944633448,-0.001212956230696382,0.004538336462724808,0.0023242752375650794,-1.734723475976807e-18,1.0,-1
48,5,-0.0007773498145369213,-0.0012243467740573586,0.003955199181114413,0.00195350259252014,6.938893903907228e-18,1.0,-1
49,5,-0.0005833162732166778,-0.0012318761626865149,0.0034204928419783336,0.0016053004060751358,-5.204170427930421e-18,1.0,-1
50,5,-0.00041936876869132786,-0.0012361226098766848,0.0029279686225747517,0.0012724772440067533,1.431146867680866e-17,1.0,-1
51,5,-0.00028426399087929245,-0.001237882320656082,0.002440430024054749,0.0009182837125193688,-5.637851296924623e-18,1.0,-1
52,5,-0.00017600324288400418,-0.0012381095822612325,0.002008257458065278,0.0005941446329200267,-1.431146867680866e-17,1.0,-1
53,5,-9.406019803844643e-05,-0.0012374756751252413,0.0016694235203365384,0.0003378876471728659,1.5395670849294163e-17,1.0,-1
54,5,-3.7067424343379766e-05,-0.00123640306957968,0.0014659109806078436,0.00019244048668477787,-6.071532165918825e-18,1.0,-1
55,5,-9.425182577002364e-06,-0.0012351528879060848,0.0013691806180710245,0.00012460254758793476,-2.6020852139652106e-18,1.0,-1
56,5,-2.1595651157506823e-06,-0.0012338461673975568,0.0013475746018983847,0.00011156886938508415,6.938893903907228e-18,1.0,-1
57,5,-2.1850790458465884e-06,-0.0012325077994825154,0.001347409300884738,0.00011271642235637092,-5.204170427930421e-18,1.0,-1
58,5,-2.219175630763212e-06,-0.0012311124422804424,0.0013482859881799847,0.0001149543702687883,9.107298248878237e-18,1.0,-1
59,5,-2.262680713855605e-06,-0.0012296331773887245,0.0013509394833481536,0.00011904362524554901,-2.45029690981724e-17,1.0,-1
60,5,-2.3160899136297443e-06,-0.0012280444245825277,0.0013544303746030903,0.00012406986010694843,1.5612511283791264e-17,1.0,-1
61,5,-2.3796414930530155e-06,-0.0012263186388819444,0.0013598625432167104,0.0001311642628417098,-3.2526065174565133e-18,1.0,-1
62,5,-2.4534468323185036e-06,-0.0012244236356562235,0.001366567351786845,0.00013969026929831763,1.452830911130576e-17,1.0,-1
63,5,-2.5376028544218686e-06,-0.0012223343016696461,0.0013744070622316144,0.00014953515770754766,1.3010426069826053e-18,1.0,-1
64,5,-2.6322592195014314e-06,-0.0012200188017420471,0.0013841662710583058,0.00016151521009674652,-1.0842021724855044e-17,1.0,-1
65,5,-2.737648357993413e-06,-0.0012174468223365709,0.0013948353166047282,0.00017465084591017366,9.75781955236954e-18,1.0,-1
66,5,-2.854083274700119e-06,-0.001214594128906475,0.0014067413716650073,0.00018929315948383596,3.686287386450715e-18,1.0,-1
67,5,-2.9819213042619377e-06,-0.0012114278065297472,0.0014204024349310136,0.00020599270709699413,-1.0191500421363742e-17,1.0,-1
68,5,-3.1214972465128578e-06,-0.0012079005825632741,0.0014366861146010333,0.00022566403479123975,-6.5052130349130266e-18,1.0,-1
69,5,-3.2730379740077636e-06,-0.0012039220792059045,0.0014590634218113034,0.00025186830463139187,8.673617379884035e-19,1.0,-1
70,5,-3.436561523927541e-06,-0.0011994129913178659,0.0014826968154497324,0.00027984726260793513,-3.903127820947816e-18,1.0,-1
71,5,-3.611728673494309e-06,-0.0011943430799557508,0.0015072392509559432,0.00030928444232670993,1.1926223897340549e-17,1.0,-1
72,5,-3.797540700623297e-06,-0.0011886840518164467,0.0015327929827304823,0.00034031139021341306,6.505213034913027e-19,1.0,-1
73,5,-3.991617783988097e-06,-0.0011824092193900744,0.001559025934313349,0.0003726250971392703,-1.6263032587282567e-17,1.0,-1
74,5,-4.188754313772119e-06,-0.001175494478772434,0.001585974337903294,0.0004062911048171025,1.452830911130576e-17,1.0,-1
75,5,-4.380983851362428e-06,-0.0011679147421281922,0.0016136575607499344,0.00044136183477037905,-8.673617379884035e-19,1.0,-1
76,5,-4.565150088623378e-06,-0.0011596438907346912,0.0016421089405126274,0.000477899899689313,2.168404344971009e-19,1.0,-1
77,5,-4.743014472461771e-06,-0.0011506536905756216,0.00167147505147648,0.0005160783464283822,-1.431146867680866e-17,1.0,-1
78,4,-4.91604552915954e-06,-0.0011409141491204647,0.0017018061705473158,0.0005559759758977101,1.8648277366750676e-17,1.0,-1
79,4,-5.084975488333499e-06,-0.0011303926334803132,0.0017330604274290934,0.0005975828184604376,-9.107298248878237e-18,1.0,-1
80,4,-5.250204892626732e-06,-0.0011190585074129266,0.001765249438646868,0.00064094072634132,5.421010862427522e-18,1.0,-1
81,4,-5.411823934548316e-06,-0.0011068796335653836,0.0017983975513336053,0.0006861060938336619,-1.1492543028346347e-17,1.0,-1
82,4,-5.569729530918479e-06,-0.0010938239614466884,0.0018324297371368333,0.0007330360461592356,9.107298248878237e-18,1.0,-1
83,4,-5.723703296289661e-06,-0.0010798594438442093,0.0018673631952328624,0.0007817800480923731,9.75781955236954e-18,1.0,-1
84,4,-5.873489523539287e-06,-0.0010649532127674343,0.0019032253105668966,0.0008323986082759138,-9.107298248878237e-18,1.0,-1
85,4,-6.018964553529896e-06,-0.001049067550737976,0.0019404278290929828,0.0008853413138014757,-1.3010426069826053e-18,1.0,-1
86,4,-6.160202022692456e-06,-0.0010319707952387597,0.0019979966721988575,0.0009598656749374088,3.469446951953614e-18,1.0,-1
87,4,-6.297455918791846e-06,-0.0010133185336348208,0.002067609738681311,0.0010479937491276944,-4.119968255444917e-18,1.0,-1
88,4,-6.431166715610595e-06,-0.0009929442999502297,0.00213900068524776,0.0011396252185819217,2.168404344971009e-18,1.0,-1
89,4,-6.5619350039770684e-06,-0.0009707874823954156,0.002211557331618299,0.001234207914218903,-3.469446951953614e-18,1.0,-1
90,4,-6.690479093068373e-06,-0.000946798333911669,0.002284733106602547,0.001331244293597815,5.637851296924623e-18,1.0,-1
91,4,-6.81759086436738e-06,-0.0009209273319128188,0.002358985349638806,0.0014312404268616158,-3.903127820947816e-18,1.0,-1
92,4,-6.944083766685289e-06,-0.0008931152689307522,0.0024347486041911403,0.0015346892514936997,-3.0357660829594124e-18,1.0,-1
93,4,-7.070747732948085e-06,-0.0008633034217156804,0.0025114436675018597,0.0016410694980532325,1.3010426069826053e-18,1.0,-1
94,4,-7.198306121971684e-06,-0.0008314424097610435,0.002588666685686562,0.0017500259698035522,5.204170427930421e-18,1.0,-1
95,4,-7.327368386729523e-06,-0.0007974836959690749,0.0026666711847959687,0.0018618601204401647,4.336808689942018e-19,1.0,-1
96,4,-7.458401404087648e-06,-0.0007613701053695337,0.00274598027363692,0.0019771517668632915,-6.938893903907228e-18,1.0,-1
97,4,-7.591736452991918e-06,-0.0007230414038296415,0.002826306028098588,0.0020956728878159595,5.204170427930421e-18,1.0,-1
98,4,-7.727605214560475e-06,-0.0006824449190965059,0.002907112277564308,0.0022169397532532456,4.336808689942018e-18,1.0,-1
99,3,-4.78878057598026e-06,-0.00039603138963054607,0.0018083193709377767,0.0014074992007312506,2.168404344971009e-19,1.0,-1
100,2,-3.0774516978312076e-06,-0.00024372612545110674,0.0011649510841427015,0.0009181475069937606,-3.0357660829594124e-18,1.0,-1
101,4,-8.007863348203725e-06,-0.0005945615783733612,0.0030707242119980475,0.0024681547702764817,-8.673617379884035e-19,1.0,-1
102,4,-8.152962521003748e-06,-0.0005468570553934113,0.003154100884014201,0.0025990908660997875,1.3010426069826053e-18,1.0,-1
103,4,-8.302030879712235e-06,-0.0004966657948055805,0.0032381323439078288,0.0027331645182225375,1.734723475976807e-18,1.0,-1
104,4,-8.455669849984555e-06,-0.00044390278649288756,0.0033258989134445404,0.002873540457101663,-5.204170427930421e-18,1.0,-1
105,4,-8.614536948742487e-06,-0.00038836290839485864,0.0034259783196348495,0.0030290008742912544,6.071532165918825e-18,1.0,-1
106,4,-8.779308283780358e-06,-0.00032984758158030386,0.0035286871318579555,0.003190060241993864,-7.37257477290143e-18,1.0,-1
107,4,-8.950635161381709e-06,-0.000268278239743842,0.003631661826103536,0.0033544329511983138,1.734723475976807e-18,1.0,-1
108,4,-9.129099476235761e-06,-0.00020360003469494314,0.0037348988790916566,0.003522169744920478,4.336808689942018e-19,1.0,-1
109,4,-9.31517512032139e-06,-0.00013575134115315557,0.0038389974463297286,0.003693930930056254,2.168404344971009e-18,1.0,-1
110,4,-9.509200904581288e-06,-6.466912763601051e-05,0.003943437327393875,0.0038692589988532826,-8.673617379884035e-19,1.0,-1
111,4,-9.711369176995571e-06,-2.8018448569438692e-05,5.542684603792887e-05,1.7697028291494693e-05,8.809142651444724e-20,1.0,-1
112,4,-9.921733119605384e-06,-2.7670699908258172e-05,5.6276951615411194e-05,1.868451858754762e-05,-2.0328790734103208e-20,1.0,-1
113,4,-1.0140228641883954e-05,-2.7309708549189372e-05,5.6937503610851854e-05,1.9487566419778375e-05,-1.5585406229479126e-19,1.0,-1
114,4,-1.036670740205011e-05,-2.693881976039954e-05,5.7392223627214154e-05,2.0086696464764655e-05,1.4907779871675686e-19,1.0,-1
115,4,-1.0600972814894056e-05,-2.6561378708495148e-05,5.7663278660900615e-05,2.0500927137511414e-05,6.776263578034403e-21,1.0,-1
116,4,-1.0842811089947852e-05,-2.618022929377713e-05,5.779005764673591e-05,2.076701726301121e-05,2.846030702774449e-19,1.0,-1
117,4,-1.1092013413087005e-05,-2.5798086905066754e-05,5.775128438095161e-05,2.0861184062797612e-05,-2.371692252312041e-19,1.0,-1
118,4,-1.1348385511733072e-05,-2.5418167729365664e-05,5.751780776350296e-05,2.075125452240408e-05,-1.4907779871675686e-19,1.0,-1
119,4,-1.1611747937711637e-05,-2.5044134484861797e-05,5.70743839271177e-05,2.0418501504544185e-05,-8.131516293641283e-20,1.0,-1
120,4,-1.188193133177969e-05,-2.4679766450899186e-05,5.643056459800685e-05,1.986886681532799e-05,2.0328790734103208e-20,1.0,-1
121,4,-1.2158770389151753e-05,-2.432871717146375e-05,5.5597608097668184e-05,1.9110120537052912e-05,2.303929616531697e-19,1.0,-1
122,4,-1.2442094907823073e-05,-2.399490831585036e-05,5.455570266272807e-05,1.8118699439054545e-05,-8.809142651444724e-20,1.0,-1
123,4,-1.2731698787386839e-05,-2.3681775030876335e-05,5.340047334877603e-05,1.6986999530512695e-05,-1.6263032587282567e-19,1.0,-1
124,4,-1.3027246958941562e-05,-2.339142327077101e-05,5.2183608790825726e-05,1.5764938561113086e-05,-6.776263578034403e-20,1.0,-1
125,4,-1.3328138370162569e-05,-2.312536135800503e-05,5.092025726638764e-05,1.4466757538220392e-05,3.5236570605778894e-19,1.0,-1
126,4,-1.3633842196640162e-05,-2.2884896478530123e-05,4.962063074848367e-05,1.3101892073313394e-05,6.776263578034403e-21,1.0,-1
127,4,-1.3944233167122707e-05,-2.267138272683476e-05,4.826973729317789e-05,1.1654121399220152e-05,-2.710505431213761e-19,1.0,-1
128,4,-1.4259282121139696e-05,-2.2486219696688977e-05,4.688040311293676e-05,1.0134901295108176e-05,8.809142651444724e-20,1.0,-1
129,4,-1.4578990514122663e-05,-2.2330428839569532e-05,4.548425121024442e-05,8.5748318565523e-06,7.453889935837843e-20,1.0,-1
130,4,-1.4903414089403611e-05,-2.2204821322467668e-05,4.407743148267605e-05,6.96919607080489e-06,1.2197274440461925e-19,1.0,-1
131,4,-1.5232680537711486e-05,-2.2110188341838866e-05,4.266545757034751e-05,5.32258869079716e-06,0.0,1.0,-1
132,4,-1.5566958708726237e-05,-2.2046992393792267e-05,4.128387714359291e-05,3.6699260410743163e-06,-9.486769009248164e-20,1.0,-1
133,4,-1.5906445358156722e-05,-2.2015785877050662e-05,3.988877650776974e-05,1.966545272562509e-06,1.4907779871675686e-19,1.0,-1
134,4,-1.6251349355575187e-05,-2.2017458821132962e-05,3.848498412869168e-05,2.161759519833835e-07,-1.4230153513872246e-19,1.0,-1
135,4,-1.660187076989157e-05,-2.2052289501581404e-05,3.714357983758901e-05,-1.5105804338838222e-06,1.4230153513872246e-19,1.0,-1
136,4,-1.69581882819508e-05,-2.2120354928921087e-05,3.5815676041638647e-05,-3.262867169233309e-06,-6.776263578034403e-20,1.0,-1
137,4,-1.7320454544082824e-05,-2.2280431073904027e-05,2.7097436185576853e-05,-1.2503449432410205e-05,-2.0667603913004928e-19,1.0,-1
138,4,-1.768879753442301e-05,-2.2527997579256505e-05,2.6517189974911775e-05,-1.36996051387677e-05,4.0657581468206416e-20,1.0,-1
139,4,-1.8063316223622455e-05,-2.2799661540802427e-05,2.5957924295135857e-05,-1.4905053469288845e-05,1.7957098481791167e-19,1.0,-1
140,4,-1.8444082015144223e-05,-2.3095092096120584e-05,2.550425985746589e-05,-1.6034914253799026e-05,-1.1180834903756764e-19,1.0,-1
141,4,-1.883116455935116e-05,-2.3413476913909688e-05,2.5131959986058746e-05,-1.7112681487202073e-05,2.710505431213761e-20,1.0,-1
142,4,-1.922465911958e-05,-2.375437976256427e-05,2.48184938603057e-05,-1.816054502183878e-05,-2.0667603913004928e-19,1.0,-1
143,4,-1.9624697657537254e-05,-2.4117556441082433e-05,2.4563698770942458e-05,-1.917855532767676e-05,4.675621868843738e-19,1.0,-1
144,4,-2.0031450390345406e-05,-2.4502754695246723e-05,2.436738322442907e-05,-2.016682186116339e-05,-3.3203691532368573e-19,1.0,-1
145,4,-2.044512085139456e-05,-2.4909751524717886e-05,2.4229302177302553e-05,-2.112557019880992e-05,-3.049318610115481e-20,1.0,-1
146,4,-2.086595347355001e-05,-2.5338315769507412e-05,2.4149217269327674e-05,-2.205505197373e-05,-2.507217523872729e-19,1.0,-1
147,4,-2.1294236470480627e-05,-2.5788235483539567e-05,2.4126830990018966e-05,-2.2955640964001127e-05,1.0503208545953324e-19,1.0,-1
148,4,-2.1730298281600148e-05,-2.633685153988184e-05,1.4053613947064671e-05,-3.4013535874416944e-05,3.7269449679189215e-19,1.0,-1
149,4,-2.2174495423703667e-05,-2.7091566959683894e-05,0.0,-4.9266062383387585e-05,-2.710505431213761e-20,1.0,-1
150,4,-2.2627196045461588e-05,-2.7977565614618977e-05,0.0,-5.060476166008059e-05,-2.710505431213761e-20,1.0,-1
151,4,-2.308876549476206e-05,-2.8890237961254674e-05,0.0,-5.19790034560169e-05,-1.6263032587282567e-19,1.0,-1
152,4,-2.3559559106205306e-05,-2.9830319090449644e-05,0.0,-5.338987819665498e-05,-2.710505431213761e-20,1.0,-1
153,4,-2.403992579928883e-05,-3.079857060517055e-05,0.0,-5.48384964044594e-05,-2.710505431213761e-20,1.0,-1
154,4,-2.4530216534031317e-05,-3.17957656461031e-05,0.0,-5.63259821801344e-05,2.0328790734103208e-20,1.0,-1
155,4,-2.5030791615676794e-05,-3.2822711199137714e-05,0.0,-5.785350281481416e-05,3.4558944247975454e-19,1.0,-1
156,4,-2.5542020603658903e-05,-3.388022893542106e-05,0.0,-5.942224953908032e-05,-3.5914196963582334e-19,1.0,-1
157,4,-2.6064273205397744e-05,-3.496916660494294e-05,0.0,-6.1033439810340324e-05,3.5914196963582334e-19,1.0,-1
158,4,-2.659790712769796e-05,-3.6090400081570515e-05,0.0,-6.268830720926885e-05,-3.7947076036992655e-19,1.0,-1
159,4,-2.714325811749491e-05,-3.724482033336493e-05,0.0,-6.438807845085982e-05,2.710505431213761e-20,1.0,-1
160,4,-2.7700637608484686e-05,-3.8433353309993684e-05,0.0,-6.613399091847825e-05,1.2197274440461925e-19,1.0,-1
161,4,-2.8270336334702797e-05,-3.965694227393754e-05,0.0,-6.792727860863981e-05,5.285485590866834e-19,1.0,-1
162,4,-2.8852625843806796e-05,-4.091655816996436e-05,0.0,-6.976918401377201e-05,-8.538092108323347e-19,1.0,-1
163,4,-2.9447764398931313e-05,-4.2212055007908495e-05,1.5610809194451392e-07,-7.150371131489468e-05,6.2341624917916505e-19,1.0,-1
164,4,-3.005602604452585e-05,-4.3542905145786635e-05,3.6455438161305807e-07,-7.323437680869984e-05,-4.0657581468206416e-19,1.0,-1
165,4,-3.067773177823769e-05,-4.490861374700405e-05,7.281098686757194e-07,-7.485823565656557e-05,4.472333961502706e-19,1.0,-1
166,4,-3.1313239921656506e-05,-4.63170702975355e-05,0.0,-7.763031021919232e-05,-3.2526065174565133e-19,1.0,-1
167,4,-3.196293009123727e-05,-4.7772085956415836e-05,0.0,-7.973501604765284e-05,2.710505431213761e-19,1.0,-1
168,4,-3.262719768685142e-05,-4.926949208036314e-05,0.0,-8.189668976721484e-05,-2.710505431213761e-19,1.0,-1
169,4,-3.330644327524895e-05,-5.0810448422716057e-05,0.0,-8.4116891697965e-05,0.0,1.0,-1
170,4,-3.400106925212971e-05,-5.239615198579422e-05,0.0,-8.639722123792446e-05,-5.285485590866834e-19,1.0,-1
171,4,-3.471148773335749e-05,-5.402782415429359e-05,0.0,-8.873931188765026e-05,8.131516293641283e-19,1.0,-1
172,4,-3.543814315809054e-05,-5.570672142113972e-05,0.0,-9.114486457923072e-05,-4.607859233063394e-19,1.0,-1
173,4,-3.618152777705629e-05,-5.7434135601045684e-05,0.0,-9.36156633781016e-05,3.7947076036992655e-19,1.0,-1
174,4,-3.6942180607084125e-05,-5.921138749085847e-05,0.0,-9.615356809794268e-05,-8.131516293641283e-20,1.0,-1
175,4,-3.7720683200650646e-05,-6.103984195139826e-05,0.0,-9.876052515204884e-05,6.776263578034403e-20,1.0,-1
176,4,-3.851764850651252e-05,-6.292089436414793e-05,0.0,-0.00010143854287066089,-4.336808689942018e-19,1.0,-1
177,4,-3.933370382987593e-05,-6.485598224567422e-05,0.0,-0.00010418968607554986,2.846030702774449e-19,1.0,-1
178,4,-4.016947203722855e-05,-6.684658404498538e-05,0.0,-0.00010701605608221367,2.574980159653073e-19,1.0,-1
179,4,-4.102555562760726e-05,-6.889421215095133e-05,0.0,-0.00010991976777855947,-8.809142651444724e-19,1.0,-1
180,4,-4.1902528115338576e-05,-7.100042748172937e-05,0.0,-0.00011290295559706742,5.285485590866834e-19,1.0,-1
181,4,-4.2800934909492044e-05,-7.316682375428582e-05,0.0,-0.00011596775866377744,4.336808689942018e-19,1.0,-1
182,4,-4.372130258792138e-05,-7.539503938043331e-05,0.0,-0.00011911634196835452,1.7618285302889447e-19,1.0,-1
183,4,-4.4664152714863675e-05,-7.768675510194756e-05,0.0,-0.00012235090781681154,-2.981555974335137e-19,1.0,-1
184,4,-4.5630014909528685e-05,-8.004368742441834e-05,0.0,-0.0001256737023339477,-6.776263578034403e-19,1.0,-1
185,4,-4.661943554544288e-05,-8.246760435437352e-05,0.0,-0.00012908703989981604,3.5236570605778894e-19,1.0,-1
186,4,-4.7632980931819564e-05,-8.496030946892604e-05,0.0,-0.0001325932904007454,1.8973538018496328e-19,1.0,-1
187,4,-4.867123714669953e-05,-8.752365581090728e-05,0.0,-0.0001361948929576055,1.3010426069826053e-18,1.0,-1
188,4,-4.973481102332775e-05,-9.015954314148269e-05,0.0,-0.00013989435416481184,-1.4094628242311558e-18,1.0,-1
189,4,-5.0824336505426104e-05,-9.286991215114781e-05,0.0,-0.0001436942486565734,5.149960319306146e-19,1.0,-1
190,4,-5.1940489423462824e-05,-9.56567609976176e-05,0.0,-0.00014759725042108075,-3.2526065174565133e-19,1.0,-1
191,4,-5.308401089050669e-05,-9.852212908214085e-05,0.0,-0.00015160613997264663,9.215718466126788e-19,1.0,-1
192,4,-5.425573720548645e-05,-0.00010146811327818029,0.0,-0.00015572385048366784,-1.0842021724855044e-18,1.0,-1
193,4,-5.5456632342377556e-05,-0.00010449686598618586,0.0,-0.00015995349832856331,1.0842021724855044e-19,1.0,-1
194,4,-5.6687816954234535e-05,-0.00010761059203088794,0.0,-0.0001642984089851229,-4.336808689942018e-19,1.0,-1
195,4,-5.7950586621147524e-05,-0.0001108115681267763,0.0,-0.00016876215474792306,7.589415207398531e-19,1.0,-1
196,4,-5.924641010415768e-05,-0.00011410212823534704,0.0,-0.0001733485383395043,4.0657581468206416e-19,1.0,-1
197,4,-6.057689801855013e-05,-0.0001174846828379479,0.0,-0.00017806158085650024,-2.222614453595284e-18,1.0,-1
198,4,-6.194373418987667e-05,-0.00012096171629152326,0.0,-0.0001829054504813984,1.5178830414797062e-18,1.0,-1
199,4,-6.334856608542718e-05,-0.00012453578248268165,0.0,-0.0001878843485681094,-5.963111948670274e-19,1.0,-1
200,4,-6.479285833545578e-05,-0.00012820951991319903,0.0,-0.00019300237824865663,-1.81603863891322e-18,1.0,-1
201,4,-6.627771982604762e-05,-0.00013198562830744656,0.0,-0.00019826334813349226,1.9244588561617704e-18,1.0,-1
202,4,-6.78037165199864e-05,-0.00013586687797231004,0.0,-0.00020367059449229521,1.2197274440461925e-18,1.0,-1
203,4,-6.937067199026367e-05,-0.00013985609204214756,0.0,-0.00020922676403241271,-1.4907779871675686e-18,1.0,-1
204,4,-7.097744832177933e-05,-0.00014395612598501188,0.0,-0.00021493357430678837,2.8189256484623115e-18,1.0,-1
205,4,-7.26218457843047e-05,-0.00014816986438473187,0.0,-0.0002207917101690396,-3.0357660829594124e-18,1.0,-1
206,4,-7.430196533975501e-05,-0.00015250018780963082,0.0,-0.00022680215314938544,3.7947076036992655e-19,1.0,-1
207,4,-7.601941926005466e-05,-0.00015695002852030834,0.0,-0.00023296944778036267,3.2526065174565133e-19,1.0,-1
208,4,-7.777685483884742e-05,-0.00016152241296866197,0.0,-0.00023929926780750718,2.222614453595284e-18,1.0,-1
209,4,-7.957611002767894e-05,-0.00016622045350577706,0.0,-0.00024579656353345726,-1.2468324983583301e-18,1.0,-1
210,4,-8.14187118326113e-05,-0.00017104735508748884,0.0,-0.00025246606692009947,6.505213034913027e-19,1.0,-1
211,4,-8.3306026486207e-05,-0.00017600639116186967,0.0,-0.0002593124176480787,-2.0599841277224584e-18,1.0,-1
212,4,-8.523934191029473e-05,-0.00018110092136326935,0.0,-0.000266340263273563,1.0842021724855044e-18,1.0,-1
213,4,-8.721991347850312e-05,-0.0001863343823182124,0.0,-0.000273554295796714,1.5178830414797062e-18,1.0,-1
214,4,-8.924867292322728e-05,-0.00019171028199487715,0.0,-0.0002809589549181042,2.168404344971009e-19,1.0,-1
215,4,-9.132583741969954e-05,-0.00019723220610846985,0.0,-0.0002885580435281719,-2.4936649967166602e-18,1.0,-1
216,4,-9.345157789069763e-05,-0.00020290378685761912,0.0,-0.00029635536474831477,1.951563910473908e-18,1.0,-1
217,4,-9.562701354960825e-05,-0.00020872873357576286,0.0,-0.0003043557471253712,-1.0842021724855044e-19,1.0,-1
218,4,-9.785395396220898e-05,-0.00021471084027841945,0.0,-0.00031256479424063115,-2.710505431213761e-18,1.0,-1
219,4,-0.00010013357405617513,-0.00022085398437096467,0.0,-0.0003209875584271379,1.951563910473908e-18,1.0,-1
220,4,-0.00010246514690207098,-0.0002271621207594874,0.0,-0.0003296272676615603,-1.951563910473908e-18,1.0,-1
221,4,-0.00010484208698130524,-0.00023363919529363115,0.0,-0.0003384812822749342,2.222614453595284e-18,1.0,-1
222,4,-0.0001072448540125398,-0.00024028898565834673,0.0,-0.00034753383967088547,1.0842021724855044e-18,1.0,-1
223,4,-0.00010963853512183707,-0.0002471148139067998,0.0,-0.00035675334902864064,-3.7947076036992655e-18,1.0,-1
224,4,-0.00011196593586650837,-0.000254119180450635,0.0,-0.0003660851163171403,3.0357660829594124e-18,1.0,-1
225,4,-0.00011420019020353394,-0.00026130361481964317,0.0,-0.0003755038050231776,-4.87890977618477e-19,1.0,-1
226,4,-0.00011637842035299985,-0.0002686699069855701,0.0,-0.0003850483273385701,-1.6263032587282567e-19,1.0,-1
227,4,-0.00011852777724163901,-0.0002762204571735637,0.0,-0.0003947482344152011,1.5720931501039814e-18,1.0,-1
228,4,-0.00012067432608125907,-0.00028395821245087873,0.0,-0.0004046325385321393,-1.463672932855431e-18,1.0,-1
229,4,-0.0001228138040840732,-0.00029188638404320044,0.0,-0.0004147001881272764,-2.7647155398380363e-18,1.0,-1
230,4,-0.00012492114556147689,-0.0003000079124996615,0.0,-0.00042492905806113326,5.095750210681871e-18,1.0,-1
231,4,-0.00012696321185564214,-0.0003083251860578439,0.0,-0.00043528839791348584,2.168404344971009e-19,1.0,-1
232,4,-0.00012890441783186383,-0.00031683996044474074,0.0,-0.0004457443782766059,-1.3010426069826053e-18,1.0,-1
233,4,-0.00013070976733288388,-0.00032555331028326107,0.0,-0.0004562630776161515,-6.559423143537302e-18,1.0,-1
234,4,-0.0001323482436303579,-0.0003344656565852714,0.0,-0.0004668139002156242,5.095750210681871e-18,1.0,-1
235,4,-0.0001337954913731528,-0.00034357687083964763,0.0,-0.00047737236221280163,-1.1926223897340549e-18,1.0,-1
236,4,-0.00013503435431465105,-0.0003528863732068546,0.0,-0.00048792072752150417,1.463672932855431e-18,1.0,-1
237,4,-0.00013605161679036107,-0.00036239326388854136,0.0,-0.0004984448806789055,-3.0357660829594124e-18,1.0,-1
238,4,-0.00013683072824640784,-0.0003720963098923537,0.0,-0.0005089270381387588,2.710505431213761e-18,1.0,-1
239,4,-0.00013734156300211712,-0.0003819937831959502,0.0,-0.0005193353461980695,-2.168404344971009e-18,1.0,-1
240,4,-0.00013752854585952532,-0.0003920830963790613,0.0,-0.0005296116422385845,2.168404344971009e-18,1.0,-1
241,4,-0.00013729836596836865,-0.0004023601529129434,0.0,-0.0005396585188813148,-2.710505431213761e-18,1.0,-1
242,4,-0.00013651084441618469,-0.0004128185272534446,0.0,-0.0005493293716696233,5.9631119486702744e-18,1.0,-1
243,4,-0.00013498329720088703,-0.0004234485044917018,0.0,-0.0005584318016925958,-6.938893903907228e-18,1.0,-1
244,4,-0.00013252068928641336,-0.000434236442944931,0.0,-0.0005667571322313415,2.8189256484623115e-18,1.0,-1
245,4,-0.00012896552593892596,-0.00044516493795288567,0.0,-0.0005741304638918129,-1.3010426069826053e-18,1.0,-1
246,4,-0.00012424402805000706,-0.00045621388516375183,0.0,-0.0005804579132137576,1.3010426069826053e-18,1.0,-1
247,4,-0.00011844722558557107,-0.0004673626527326534,0.0,-0.0005858098783182268,-2.3852447794681098e-18,1.0,-1
248,4,-0.00011211021515631511,-0.00047859534822046847,0.0,-0.0005907055633767831,4.336808689942018e-19,1.0,-1
249,4,-0.00010675493893921525,-0.0004899143390680427,0.0,-0.0005966692780072537,4.228388472693467e-18,1.0,-1
250,4,-0.0001041918976696837,-0.0005013593860834716,0.0,-0.0006055512837531592,-3.903127820947816e-18,1.0,-1
251,4,-0.00010370983606814116,-0.0005122603072141422,7.639384979600341e-05,-0.0005395762934862734,6.5052130349130266e-18,1.0,-1
252,4,-0.00010463878655308316,-0.0005107864163095337,0.001342938741397188,0.0007275135385345667,-4.336808689942018e-18,1.0,-1
253,4,-0.00010084932266493334,-0.00047664135353542487,0.0035277849328956175,0.0029502942566952614,2.168404344971009e-18,1.0,-1
254,4,-8.57330596777153e-05,-0.0003980296212784219,0.005899823806580488,0.0054160611256243475,-3.469446951953614e-18,1.0,-1
255,4,-5.9004125891449486e-05,-0.0002717144896807319,0.008261915702149864,0.007931197086577683,0.0,1.0,-1
256,4,-2.1461070379313797e-05,-9.8471295776953e-05,0.010420625621814063,0.010300693255657797,0.0,1.0,-1
0,8,0.0,-1.6216184494564718e-05,0.012391060388054298,0.012374844203559733,0.0,1.0,1
1,7,0.0,-4.569906690955477e-05,0.01267199499522209,0.012626295928312535,0.0,1.0,1
2,7,-0.001804692460146092,-8.148585986820646e-05,0.022757993833567858,0.020871815513553563,3.469446951953614e-18,1.0,1
3,7,-0.002858622988108457,-0.00011434577454948669,0.01326331844406788,0.010290349681409933,-3.469446951953614e-18,1.0,1
4,7,-0.018869511285392736,-0.00041535337919312675,0.11705379668915147,0.09776893202456556,-5.551115123125783e-17,1.0,1
5,7,-0.0286204368159236,-0.0006477666298788656,0.013867192595347718,-0.0154010108504547,4.683753385137379e-17,1.0,1
6,7,-0.04465103444290208,-0.0010080982520101391,0.14812369848816298,0.10246456579325075,0.0,1.0,1
7,7,-0.05231791730683008,-0.001202785298297522,0.014484785375058316,-0.039035917230069356,-6.938893903907228e-17,1.0,1
8,7,-0.050806167886306375,-0.0011798913848589166,0.09160539781915499,0.039619338547989685,-6.938893903907228e-18,1.0,1
9,7,-0.047160726824132304,-0.0010775081395686323,0.015120486088150906,-0.033117748875550024,6.938893903907228e-18,1.0,1
10,7,-0.03564586408601215,-0.0008001934914035234,0.039080481655872704,0.0026344240784570427,1.3877787807814457e-17,1.0,1
11,6,-0.02697968579009072,-0.0005708838205023446,0.01576985623964028,-0.011780713370952794,-1.0408340855860843e-17,1.0,1
12,6,-0.016913026538400856,-0.00032923293668705826,0.019314494245156577,0.0020722347700686816,2.0816681711721685e-17,1.0,1
13,6,-0.009952141642805527,-0.00015964715328720342,0.016437043563431456,0.006325254767338695,-3.122502256758253e-17,1.0,1
14,6,-0.0045904112322341095,-3.5358711954723674e-05,0.016773935012936468,0.012148165068747663,2.7755575615628914e-17,1.0,1
15,6,-0.0019216540382918394,4.923853126981876e-05,0.017115661496085517,0.015243245989063486,-1.0408340855860843e-17,1.0,1
16,6,-0.0007490829471149178,0.0001176060953660997,0.017309178787399522,0.016677701935650713,1.0408340855860843e-17,1.0,1
17,6,-0.00027430576155372446,0.00018271176942537563,0.017402984712253315,0.017311390720124997,3.122502256758253e-17,1.0,1
18,6,-9.514208153437164e-05,0.00025070616152377803,0.017514757486743575,0.017670321566732983,0.0,1.0,1
19,6,-3.154056807026001e-05,0.0003241653591744053,0.0176323110024627,0.017924935793566743,-1.0408340855860843e-16,1.0,1
20,6,-1.0082742812393603e-05,0.0004040834624651962,0.017760545169311324,0.018154545888964202,7.632783294297951e-17,1.0,1
21,5,-3.1274676134976076e-06,0.0004909524792900222,0.017901960903279907,0.01838978591495638,-5.204170427930421e-17,1.0,1
22,5,-9.552793932994523e-07,0.0005848940000255752,0.01805257339039886,0.018636512111031178,4.163336342344337e-17,1.0,1
23,5,-2.875749241602594e-07,0.000686014889152542,0.01821849395064199,0.018904221264870347,-2.7755575615628914e-17,1.0,1
24,5,-8.57359308648194e-08,0.0007943679526866338,0.018394649356111573,0.01918893157286733,-1.3877787807814457e-17,1.0,1
25,5,-2.5415609822041354e-08,0.0009099966086795001,0.018585872144284962,0.0194958433373546,-3.8163916471489756e-17,1.0,1
26,5,-7.515816018831242e-09,0.0010330987315934,0.018790299671568617,0.01982339088734597,-2.7755575615628914e-17,1.0,1
27,5,-2.2229439279585957e-09,0.0011636980214937112,0.01900804630593757,0.020171742104487467,1.1102230246251565e-16,1.0,1
28,5,-6.589707487069121e-10,0.0013019242544029337,0.019244718913623154,0.020546642509055357,1.734723475976807e-17,1.0,1
29,5,-1.9610975860333e-10,0.00144786080053195,0.01949177695816789,0.02093963756258993,-1.5265566588595902e-16,1.0,1
30,5,-5.866437013592683e-11,0.0016015889763793078,0.019756166466883853,0.021357755384598887,9.71445146547012e-17,1.0,1
31,5,-1.7656223148979333e-11,0.0017633981144777188,0.02003914979863307,0.02180254789545455,-1.3877787807814457e-17,1.0,1
32,5,-5.35004873124456e-12,0.0019333556440194108,0.02033578339209461,0.022269139030763996,2.42861286636753e-17,1.0,1
33,5,-1.6328503047096562e-12,0.002111656822633543,0.020678777632298834,0.022790434453299424,-1.0408340855860843e-16,1.0,1
34,5,-5.020821247894902e-13,0.0022984803495583106,0.021138762184970877,0.023437242534027125,2.0816681711721685e-17,1.0,1
35,5,-1.5555697447234767e-13,0.00249403541341362,0.02162237888798557,0.024116414301243783,1.491862189340054e-16,1.0,1
36,5,-4.85604974361887e-14,0.002698753385851863,0.022119619821669264,0.02481837320747249,-7.632783294297951e-17,1.0,1
37,5,-1.527235343412597e-14,0.002912799735922865,0.02262864250676601,0.025541442242673518,-8.326672684688674e-17,1.0,1
38,5,-4.83811029577155e-15,0.003136496437835379,0.023155248675417135,0.026291745113247833,1.5612511283791264e-16,1.0,1
39,5,-1.5434221698669357e-15,0.003370091887814411,0.023692974794569957,0.027063066682382786,-3.8163916471489756e-17,1.0,1
40,5,-4.956877751830877e-16,0.0036138500385595757,0.024247875195839336,0.02786172523439845,3.122502256758253e-17,1.0,1
41,5,-1.6021725872460134e-16,0.003868301750939346,0.02481746772333737,0.02868576947427648,-7.632783294297951e-17,1.0,1
42,5,-5.2100795245595323e-17,0.0041336471082916906,0.025399075119833896,0.02953272222812553,-6.938893903907228e-18,1.0,1
43,5,-1.703990333628406e-17,0.004410275145737742,0.025999406827999436,0.030409681973737057,-1.0408340855860843e-16,1.0,1
44,5,-5.6031308290187954e-18,0.004698478210102227,0.02660979225823038,0.03130827046833251,-9.020562075079397e-17,1.0,1
45,5,-1.851744315104148e-18,0.0049985784578129265,0.027239141492455883,0.03223771995026892,1.1102230246251565e-16,1.0,1
46,5,-6.147592940802102e-19,0.005311207340845507,0.027884360435048605,0.033195567775894164,5.551115123125783e-17,1.0,1
47,5,-2.050844194928978e-19,0.005636613373533164,0.028543866168216043,0.03418047954174919,-2.0816681711721685e-17,1.0,1
48,5,-7.079159465113916e-20,0.005975275873639075,0.029226343948032744,0.035201619821672026,2.0816681711721685e-16,1.0,1
49,5,-3.939245445317591e-20,0.006327566490995147,0.02992378004064132,0.036251346531636086,-3.8163916471489756e-16,1.0,1
50,5,-1.5806202787231076e-19,0.0066939207555540845,0.030651311337112727,0.03734523209266705,2.3592239273284576e-16,1.0,1
51,5,-2.393645096297091e-18,0.007075531556745424,0.03164825186414556,0.03872378342089111,1.249000902703301e-16,1.0,1
52,5,-5.2745093907133884e-17,0.007473451458200093,0.03281792522538052,0.040291376683580404,-1.5265566588595902e-16,1.0,1
53,5,-2.3506807864613207e-15,0.007888687763619897,0.034026401696448494,0.041915089460065724,-3.191891195797325e-16,1.0,1
54,5,-1.9096180684922468e-09,0.008322068741898612,0.0353117573983107,0.04363382423059137,1.1796119636642288e-16,1.0,1
55,5,-4.049812666817771e-07,0.00877457363942935,0.03665499018654658,0.045429158844709105,-1.457167719820518e-16,1.0,1
56,5,-1.7454145649034123e-05,0.009247384916962134,0.03801733303860301,0.04724726380991662,5.065392549852277e-16,1.0,1
57,5,-9.082048452366473e-05,0.009740805933374744,0.03934633576419438,0.04899632121304531,-1.457167719820518e-16,1.0,1
58,5,-0.0002294253495043533,0.010254971983345759,0.04062622536112495,0.0506517719949664,4.163336342344337e-17,1.0,1
59,5,-0.00041899100911196315,0.010789711437487949,0.04184906682709636,0.05221978725547194,-4.0939474033052647e-16,1.0,1
60,5,-0.0006538377140563754,0.011344870702885736,0.043020625415699294,0.05371165840452896,3.0531133177191805e-16,1.0,1
61,5,-0.0009325013117012261,0.01192059485910608,0.04413693093034716,0.055125024477751916,-9.71445146547012e-17,1.0,1
62,5,-0.0012548971208712818,0.012516418287090346,0.04519710270492494,0.0564586238711442,1.942890293094024e-16,1.0,1
63,5,-0.0016214388492428425,0.01313206867058452,0.046204722897153945,0.057715352718495705,8.326672684688674e-17,1.0,1
64,5,-0.0020325570563821194,0.01376700008022029,0.047154530135340426,0.05888897315917818,-4.163336342344337e-16,1.0,1
65,5,-0.0024887319244311008,0.014420693041581369,0.04805178565030097,0.059983746767450885,-3.5388358909926865e-16,1.0,1
66,5,-0.0029906175610658636,0.015092957392866212,0.048895110274280174,0.06099745010608104,5.204170427930421e-16,1.0,1
67,5,-0.0035387633640861465,0.015782992947962315,0.049685636771014396,0.061929866354890395,-1.6653345369377348e-16,1.0,1
68,5,-0.0041337226022069564,0.016490264461037588,0.05043352121868353,0.06279006307751445,2.7755575615628914e-16,1.0,1
69,5,-0.004775512562408786,0.01721407224701557,0.05115424260979474,0.06359280229440145,-6.938893903907228e-17,1.0,1
70,5,-0.0054640364730397855,0.017953774031633472,0.051826624207748154,0.06431636176634159,-2.498001805406602e-16,1.0,1
71,5,-0.0061995624604123025,0.018709008415755846,0.05244940117343342,0.0649588471287772,2.3592239273284576e-16,1.0,1
72,5,-0.006982476254429543,0.01947880279118117,0.05302396221181151,0.06552028874856308,-5.551115123125783e-17,1.0,1
73,5,-0.007812827351262356,0.02026249416278597,0.053554545940467865,0.06600421275199153,5.551115123125783e-17,1.0,1
74,4,-0.008689818569258115,0.021059187882688724,0.0540401214205616,0.06640949073399227,5.551115123125783e-17,1.0,1
75,4,-0.009612504226955986,0.021868050255111647,0.05448585147268234,0.06674139750083796,-4.163336342344337e-17,1.0,1
76,4,-0.010579481097566701,0.022688781282301486,0.054894087787777504,0.06700338797251248,1.942890293094024e-16,1.0,1
77,4,-0.01158980102280784,0.023520454394734536,0.05526640933217771,0.06719706270410386,-5.551115123125783e-16,1.0,1
78,4,-0.012643220871735757,0.02436253981901607,0.05560734773317152,0.06732666668045173,-9.71445146547012e-17,1.0,1
79,4,-0.01374025446553106,0.025214236019346324,0.0559168123141091,0.06739079386792435,-1.3877787807814457e-17,1.0,1
80,4,-0.014882180271657906,0.026074889602243523,0.05619912618805793,0.0673918355186438,2.498001805406602e-16,1.0,1
81,4,-0.01607114066468109,0.026944285338477952,0.05645698802908619,0.06733013270288302,-4.163336342344337e-17,1.0,1
82,4,-0.017310075540257503,0.027821583440852227,0.05669137995886404,0.06720288785945883,6.938893903907228e-17,1.0,1
83,4,-0.018602783499443037,0.028706150854634425,0.056904927645210074,0.06700829500040184,3.7470027081099033e-16,1.0,1
84,4,-0.019953892478063957,0.029597151234909514,0.057097429388765705,0.06674068814561096,-3.0531133177191805e-16,1.0,1
85,4,-0.021368402955218614,0.03049372072042785,0.05726587434486866,0.06639119211007793,2.7755575615628914e-17,1.0,1
86,4,-0.02285155565779584,0.03139445530248086,0.057159437279465174,0.06570233692415028,8.326672684688674e-17,1.0,1
87,4,-0.024410319520731215,0.03229720872131049,0.05690747538073274,0.06479436458131094,-1.0824674490095276e-15,1.0,1
88,4,-0.026032975809551846,0.033200563178865355,0.05666300024912527,0.06383058761843996,1.1796119636642288e-15,1.0,1
89,4,-0.02767915338241065,0.03410386583555751,0.056424297080568356,0.06284900953371464,-5.828670879282072e-16,1.0,1
90,4,-0.029319196494444043,0.035006968693519686,0.056191784949398214,0.06187955714847382,-4.163336342344337e-17,1.0,1
91,4,-0.03093548664874485,0.035910033111930806,0.05596552344735055,0.06094006991053735,8.465450562766819e-16,1.0,1
92,4,-0.03251435308327269,0.036813381304686046,0.05574627325988028,0.060045301481292945,-6.938893903907228e-16,1.0,1
93,4,-0.034042461873601534,0.0377178779819347,0.05553440960967576,0.0592098257180087,-2.220446049250313e-16,1.0,1
94,4,-0.03550695140720893,0.03862432964650818,0.05532928788893918,0.05844666612823923,8.049116928532385e-16,1.0,1
95,4,-0.03689676379968408,0.039533122162597904,0.055131143233555814,0.05776750159646893,-7.077671781985373e-16,1.0,1
96,4,-0.03819458994816645,0.04044461180746102,0.05493929261064867,0.057189314469943575,3.3306690738754696e-16,1.0,1
97,4,-0.039381238651638235,0.0413598738478295,0.05475346087003208,0.05673209606622365,3.0531133177191805e-16,1.0,1
98,4,-0.040469419666667006,0.042279916700752,0.054572877421570125,0.05638337445565522,1.0408340855860843e-16,1.0,1
99,3,-0.025230269728321132,0.026283936846574867,0.033345814930406,0.03439948204865928,-4.510281037539698e-16,1.0,1
100,2,-0.016266055155573333,0.016922377405399047,0.02123890039137485,0.02189522264119992,-6.453171330633722e-16,1.0,1
101,4,-0.042488086392604735,0.04413881349851698,0.05422394896331855,0.05587467606923191,1.1171619185290638e-15,1.0,1
102,4,-0.04343696668906474,0.04507698622356592,0.05405876092533704,0.05569878045983767,-5.48172618408671e-16,1.0,1
103,4,-0.044320441387366113,0.04602220634845029,0.0538982150748047,0.05559998003588973,8.465450562766819e-16,1.0,1
104,4,-0.04515229809841234,0.04697498738145474,0.05367986905758372,0.05550255834062501,-1.1102230246251565e-15,1.0,1
105,4,-0.04596084896430902,0.04793479027302634,0.05328060560085314,0.055254546909570657,1.942890293094024e-16,1.0,1
106,4,-0.04674909295414239,0.04890113687546758,0.05289479877309135,0.0550468426944164,-1.3877787807814457e-16,1.0,1
107,4,-0.04750961170310973,0.049874406875895845,0.05253469636820708,0.054899491540993495,2.983724378680108e-16,1.0,1
108,4,-0.04823253123450498,0.05085520414531432,0.052199839202288434,0.0548225121130983,5.273559366969494e-16,1.0,1
109,4,-0.048909043955541485,0.051844269723681585,0.051890310845656804,0.05482553661379619,-7.147060721024445e-16,1.0,1
110,4,-0.04953150768328252,0.052842483981322234,0.05160487713813448,0.054915853436174444,2.498001805406602e-16,1.0,1
111,4,-0.05010908662477796,0.05388112216295012,0.06097536878470394,0.06474740432287618,8.326672684688674e-17,1.0,1
112,4,-0.05064672179595049,0.054962703797256894,0.06067329988819112,0.06498928188949726,-2.498001805406602e-16,1.0,1
113,4,-0.05114641571922714,0.056058556180808045,0.06040018095976486,0.06531232142134602,2.498001805406602e-16,1.0,1
114,4,-0.051633066919505,0.05716938648451977,0.06015237772170859,0.06568869728672411,7.494005416219807e-16,1.0,1
115,4,-0.05212114116945582,0.05829563825309665,0.059929093823846105,0.06610359090748741,4.718447854656915e-16,1.0,1
116,4,-0.05261619609231753,0.0594376370252153,0.05972977076587151,0.06655121169876832,-9.43689570931383e-16,1.0,1
117,4,-0.053120019292773456,0.06059567170836891,0.05955350721954267,0.06702915963513778,-3.3306690738754696e-16,1.0,1
118,4,-0.053633047790448446,0.061770029603711085,0.059399579495254214,0.06753656130851571,-1.1379786002407855e-15,1.0,1
119,4,-0.05415531909161948,0.06296098351793747,0.05926719803237851,0.06807286245869726,7.632783294297951e-16,1.0,1
120,4,-0.05468682214292304,0.06416882844249545,0.05915551290402592,0.06863751920359906,7.216449660063518e-16,1.0,1
121,4,-0.05522762351242876,0.0653938671960771,0.05906946796321448,0.06923571164686315,3.3306690738754696e-16,1.0,1
122,4,-0.055778206298805616,0.06663708920783303,0.0591884596351268,0.07004734254415368,-5.273559366969494e-16,1.0,1
123,4,-0.056339254109727635,0.06789979127717143,0.059397001475718886,0.07095753864316201,-6.661338147750939e-16,1.0,1
124,4,-0.05691115045893334,0.06918250133225635,0.05959822974111366,0.07186958061443693,2.636779683484747e-16,1.0,1
125,4,-0.05749415173805357,0.07048542896256918,0.05979192068738831,0.07278319791190402,9.71445146547012e-17,1.0,1
126,4,-0.058088533559418225,0.07180874900619104,0.0599779809029634,0.07369819634973673,5.273559366969494e-16,1.0,1
127,4,-0.058694574749366527,0.07315262524020162,0.06015609877198796,0.07461414926282295,-1.1102230246251565e-16,1.0,1
128,4,-0.05931254687556549,0.07451723869922072,0.06032617829867322,0.07553087012232851,5.551115123125783e-17,1.0,1
129,4,-0.05994270597052244,0.0759027121863557,0.06048804567242024,0.07644805188825288,-6.38378239159465e-16,1.0,1
130,4,-0.06058528707545065,0.0773092075561782,0.06064148443544342,0.07736540491617117,1.942890293094024e-16,1.0,1
131,4,-0.061240502640970036,0.0787368448517362,0.06078641495051164,0.0782827571612783,4.996003610813204e-16,1.0,1
132,4,-0.06190853987626457,0.08018573525499698,0.060922614341439196,0.07919980972017182,2.220446049250313e-16,1.0,1
133,4,-0.0625895636512615,0.08165601306324109,0.06104996257310404,0.08011641198508279,-8.326672684688674e-16,1.0,1
134,4,-0.06328371761704814,0.0831477497776096,0.06116828862256657,0.0810323207831285,4.718447854656915e-16,1.0,1
135,4,-0.06399112725555538,0.08466106431719492,0.06127749784889605,0.08194743491053558,-1.3877787807814457e-17,1.0,1
136,4,-0.06471190424496064,0.08619603126422165,0.06137748433200289,0.08286161135126235,-1.5543122344752192e-15,1.0,1
137,4,-0.06544638853135315,0.08775327364866457,0.0616706887846925,0.083977573902005,1.0824674490095276e-15,1.0,1
138,4,-0.06619464712348386,0.08933286856827616,0.061736763225815436,0.08487498467060828,5.412337245047638e-16,1.0,1
139,4,-0.0669566734406464,0.09093474388301873,0.06189702654380539,0.08587509698617701,-6.938893903907228e-16,1.0,1
140,4,-0.06773322542954459,0.09256084950193869,0.062340417285988194,0.08716804135838174,-5.551115123125783e-16,1.0,1
141,4,-0.06852484625747539,0.09421261430940436,0.06276668601889912,0.0884544540708303,2.2065682614424986e-15,1.0,1
142,4,-0.06933149927815181,0.09588998063175974,0.06315673855483826,0.08971521990844522,-9.71445146547012e-16,1.0,1
143,4,-0.07015310818694873,0.0975928225425392,0.06351131677923061,0.0909510311348205,-5.828670879282072e-16,1.0,1
144,4,-0.0709895839353668,0.0993209574587546,0.06383089635575204,0.09216226987913867,-1.1657341758564144e-15,1.0,1
145,4,-0.0718408186228031,0.10107424948448342,0.06411575431289118,0.09334918517457247,9.71445146547012e-16,1.0,1
146,4,-0.07270668563234367,0.10285251817774867,0.06436599630928057,0.09451182885468601,4.440892098500626e-16,1.0,1
147,4,-0.07358704484806153,0.1046555869245193,0.06458278604712281,0.09565132812358179,1.2073675392798577e-15,1.0,1
148,4,-0.07448225845408689,0.10648464918731243,0.0651954850393012,0.09719787577252514,-1.5959455978986625e-15,1.0,1
149,4,-0.07539420971124715,0.10834496274593682,0.06709719109575063,0.10004794413044049,1.942890293094024e-16,1.0,1
150,4,-0.07632219307137234,0.11023506183424434,0.06715174992239634,0.10106461868526839,5.551115123125783e-17,1.0,1
151,4,-0.07726397942963874,0.11214921278622936,0.06717521387879173,0.10206044723538366,1.304512053934559e-15,1.0,1
152,4,-0.07821944856219776,0.11408720334927515,0.06716495123964823,0.10303270602672399,-1.6375789613221059e-15,1.0,1
153,4,-0.07918928266684289,0.11605105607874777,0.06781942048384453,0.10468119389574948,6.938893903907228e-17,1.0,1
154,4,-0.08017335948376693,0.11804051840999782,0.06771813894075188,0.10558529786698223,-5.412337245047638e-16,1.0,1
155,4,-0.08117077450342455,0.12005308330214112,0.06758595470857091,0.10646826350728844,9.575673587391975e-16,1.0,1
156,4,-0.08218147963016181,0.12208853119700222,0.06742754770658428,0.10733459927342537,6.800116025829084e-16,1.0,1
157,4,-0.08320566188854217,0.12414729430330287,0.06733718012900082,0.1082788125437606,-9.298117831235686e-16,1.0,1
158,4,-0.08424358595773168,0.12623002622781704,0.0672468492036642,0.10923328947375133,1.7763568394002505e-15,1.0,1
159,4,-0.08529527647805751,0.12833664676305484,0.06711428528175051,0.11015565556674645,-1.3877787807814457e-15,1.0,1
160,4,-0.08636067207599499,0.13046683012857158,0.0669413085984386,0.11104746665101395,-1.2351231148954867e-15,1.0,1
161,4,-0.08743973248918516,0.1326202241624257,0.06672906421699776,0.11190955589023943,1.1379786002407855e-15,1.0,1
162,4,-0.0885324435318322,0.134796487667444,0.06647964931736983,0.11274369345298041,-1.2212453270876722e-15,1.0,1
163,4,-0.0896388202935087,0.13699528767407765,0.06619435448245042,0.11355082186302035,9.71445146547012e-16,1.0,1
164,4,-0.09075890449812436,0.13921625915519556,0.06587479341885963,0.11433214807593117,3.469446951953614e-16,1.0,1
165,4,-0.09189276237881464,0.1414590772152975,0.06552272820677871,0.1150890430432625,9.43689570931383e-16,1.0,1
166,4,-0.09304943786444389,0.14375301252368333,0.07308525763360744,0.12378883229284732,4.3021142204224816e-16,1.0,1
167,4,-0.0942287130894157,0.1460975034434139,0.07234584722762243,0.12421463758161977,-8.604228440844963e-16,1.0,1
168,4,-0.0954213353661944,0.1484616621948799,0.07158028591921325,0.12462061274789704,-1.7208456881689926e-15,1.0,1
169,4,-0.09662743829059547,0.15084510280498042,0.07079048965652619,0.12500815417091182,6.661338147750939e-16,1.0,1
170,4,-0.09784716174017212,0.15324746657711774,0.06997831745582037,0.1253786222927662,2.220446049250313e-16,1.0,1
171,4,-0.09908064714691847,0.15566837810173498,0.06914552554893887,0.12573325650375544,5.551115123125783e-17,1.0,1
172,4,-0.10032829855155392,0.1581084119101372,0.06853020221879445,0.1263103155773777,0.0,1.0,1
173,4,-0.10159020989492659,0.16056710556627984,0.06762547407238412,0.12660236974373795,5.828670879282072e-16,1.0,1
174,4,-0.1028661835096039,0.16304300258875906,0.06671667258352533,0.12689349166268116,6.661338147750939e-16,1.0,1
175,4,-0.1041563179725149,0.16553581810323928,0.06584949272173313,0.1272289928524568,-6.938893903907228e-16,1.0,1
176,4,-0.10546077836155403,0.16804549313086659,0.06501863586431304,0.12760335063362405,-1.5543122344752192e-15,1.0,1
177,4,-0.10677978719072069,0.17057212555950046,0.06422141379706413,0.12801375216584532,1.4155343563970746e-15,1.0,1
178,4,-0.1081137649861529,0.17311656644544213,0.06363612819124315,0.12863892965053303,6.661338147750939e-16,1.0,1
179,4,-0.1094629306749704,0.17567892735525667,0.06290438353310532,0.12912038021339,-1.582067810090848e-15,1.0,1
180,4,-0.11082729829808735,0.17825858530257627,0.06220527274723407,0.12963655975172372,7.216449660063518e-16,1.0,1
181,4,-0.11220707777832815,0.18085563544596459,0.06153690070712796,0.13018545837476303,-1.3600232051658168e-15,1.0,1
182,4,-0.11360247155105924,0.18347017385587805,0.06089743803285597,0.13076514033767417,-6.106226635438361e-16,1.0,1
183,4,-0.11501507921728808,0.18610777745779872,0.06154506927989882,0.13263776752041068,1.2212453270876722e-15,1.0,1
184,4,-0.11644468889157743,0.1887670386971662,0.06058647934932304,0.13290882915491053,-1.27675647831893e-15,1.0,1
185,4,-0.11788964448531998,0.19144084032580422,0.05963732996405584,0.13318852580454354,3.469446951953614e-15,1.0,1
186,4,-0.1193503395765632,0.19413000666307473,0.0589203148540775,0.13369998194058752,-1.4988010832439613e-15,1.0,1
187,4,-0.12082697516368938,0.19683462902218518,0.05803946790923841,0.13404712176773437,1.6653345369377348e-16,1.0,1
188,4,-0.12231995634396453,0.1995556378067302,0.05757532423144649,0.13481100569421223,8.326672684688674e-17,1.0,1
189,4,-0.12382944308996009,0.20229295349372117,0.05672065165235232,0.1351841620561114,-1.9984014443252818e-15,1.0,1
190,4,-0.12535529118022667,0.20504527315773774,0.05601384642669186,0.13570382840420514,2.220446049250313e-15,1.0,1
191,4,-0.12689869832177741,0.2078168134117231,0.05611355896169477,0.13703167405163974,-7.216449660063518e-16,1.0,1
192,4,-0.1284629948324062,0.21062033280873407,0.05799994071418313,0.14015727869051098,-2.7755575615628914e-17,1.0,1
193,4,-0.1300477796776962,0.21345296485622794,0.05723251670446359,0.1406377018829943,-1.0269562977782698e-15,1.0,1
194,4,-0.13165029597406053,0.2163024040536409,0.05646342487090513,0.1411155329504865,9.992007221626409e-16,1.0,1
195,4,-0.13327059742054062,0.21916831540861909,0.05569283849276874,0.14159055648084617,-1.0269562977782698e-15,1.0,1
196,4,-0.13490872888416738,0.22205033941590857,0.05492088337892483,0.14206249391066628,2.498001805406602e-16,1.0,1
197,4,-0.13656473143414113,0.22494812545578025,0.054147830927394905,0.14253122494903714,3.1086244689504383e-15,1.0,1
198,4,-0.13823862548751936,0.22786131954567282,0.053373864689334846,0.1429965587474875,-7.771561172376096e-16,1.0,1
199,4,-0.1399304245634011,0.23078951076228676,0.0525907294984418,0.14344981569732695,-4.996003610813204e-16,1.0,1
200,4,-0.14164016603572693,0.23373230932756012,0.051808426837343664,0.14390057012917623,-6.106226635438361e-16,1.0,1
201,4,-0.14336788513086057,0.23668934911349013,0.05102713855736505,0.14434860253999382,-7.771561172376096e-16,1.0,1
202,4,-0.14511360005615664,0.23966027328623712,0.05024705663171647,0.14479372986179584,-1.1102230246251565e-15,1.0,1
203,4,-0.14687731415814262,0.24264472121619407,0.0494684558452557,0.14523586290330925,2.1094237467877974e-15,1.0,1
204,4,-0.14865901601356285,0.2456423186404162,0.04869152772872235,0.14567483035557416,-1.5265566588595902e-15,1.0,1
205,4,-0.15045868105921373,0.24865270742078946,0.047916551945438625,0.14611057830701668,2.3314683517128287e-15,1.0,1
206,4,-0.1522762749839674,0.25167550857854215,0.04714384992880096,0.1465430835233743,-1.4155343563970746e-15,1.0,1
207,4,-0.15411175621066742,0.2547103540057507,0.046373599627328385,0.14697219742241252,8.326672684688674e-16,1.0,1
208,4,-0.1559650776724683,0.2577568725520337,0.045606257337103565,0.14739805221666735,-1.609823385706477e-15,1.0,1
209,4,-0.15783598560330847,0.26081439364285264,0.044826815015115096,0.14780522305465738,-1.887379141862766e-15,1.0,1
210,4,-0.15972380096392697,0.2638817321920306,0.0440331543135791,0.14819108554168636,3.635980405647388e-15,1.0,1
211,4,-0.1616280642250424,0.266958047091269,0.04325392547122639,0.1485839083374536,5.828670879282072e-16,1.0,1
212,4,-0.16354877294265244,0.270043131547585,0.04248928925538125,0.14898364786031415,3.0531133177191805e-16,1.0,1
213,4,-0.16548593809509682,0.2731367916520915,0.04173932861887745,0.14939018217587297,8.604228440844963e-16,1.0,1
214,4,-0.16743956816170896,0.2762388198481611,0.0410036194673619,0.14980287115381508,1.0269562977782698e-15,1.0,1
215,4,-0.16940966816908662,0.27934901842465604,0.04028206839942758,0.1502214186549935,-3.497202527569243e-15,1.0,1
216,4,-0.17139623835933687,0.28246716784645387,0.039574678505647026,0.1506456079927645,4.718447854656915e-16,1.0,1
217,4,-0.17339927235266714,0.2855930550865534,0.03888097310523122,0.15107475583911878,1.27675647831893e-15,1.0,1
218,4,-0.1754187570985225,0.28872645919037115,0.03820126925544998,0.15150897134729746,-1.1657341758564144e-15,1.0,1
219,4,-0.17745467301575632,0.29186714697508026,0.03753508260183206,0.15194755656115788,1.887379141862766e-15,1.0,1
220,4,-0.17950699899027972,0.295014893529856,0.03688244051326172,0.15239033505283572,-2.275957200481571e-15,1.0,1
221,4,-0.18157571467364111,0.2981694535874269,0.03624345904632681,0.15283719796011397,1.3600232051658168e-15,1.0,1
222,4,-0.1836607968378069,0.30133058766883525,0.03561758138340312,0.15328737221443234,8.604228440844963e-16,1.0,1
223,4,-0.18576221727137882,0.3044980478884691,0.035005360956034515,0.15374119157312194,-2.886579864025407e-15,1.0,1
224,4,-0.18787994408603811,0.3076715750970624,0.034406193830594414,0.1541978248416207,1.9984014443252818e-15,1.0,1
225,4,-0.19001393845258896,0.3108509164566927,0.03382022566213355,0.15465720366623614,-1.1657341758564144e-15,1.0,1
226,4,-0.19216432871728706,0.31403635396788543,0.033315317242752024,0.15518734249334543,-4.9682480351975755e-15,1.0,1
227,4,-0.1943342222751769,0.3172381260892142,0.03407107886682908,0.15697498268087173,5.35682609381638e-15,1.0,1
228,4,-0.19652743031015912,0.3204688649542742,0.035186302525659255,0.15912773716977213,-2.1649348980190553e-15,1.0,1
229,4,-0.19874450367203092,0.32373032162123727,0.03618008977626695,0.16116590772547212,-1.1657341758564144e-15,1.0,1
230,4,-0.20098483615991689,0.3270204751485769,0.03705820174595076,0.1630938407346143,3.524958103184872e-15,1.0,1
231,4,-0.20324778932360324,0.33033734023016215,0.037826264069522594,0.1649158149760801,-1.3877787807814457e-15,1.0,1
232,4,-0.20553274613784048,0.3336789889600182,0.038488716424015676,0.16663495924619554,2.1649348980190553e-15,1.0,1
233,4,-0.20783917030239318,0.3370435372336709,0.039051775249287844,0.16825614218056728,1.6930901125533637e-15,1.0,1
234,4,-0.21016656066007985,0.34042914311056066,0.039519463583135794,0.16978204603361746,8.604228440844963e-16,1.0,1
235,4,-0.21251464670466458,0.3438340167533771,0.03989713328308614,0.17121650333179517,-3.497202527569243e-15,1.0,1
236,4,-0.21488324029320027,0.34725639754869625,0.040189875517391366,0.1725630327728922,4.85722573273506e-15,1.0,1
237,4,-0.2172720666122301,0.3506945732978268,0.04040139329248341,0.17382389997807124,-8.826273045769994e-15,1.0,1
238,4,-0.21968080590263386,0.354146869739789,0.04053763972703812,0.1750037035641938,5.828670879282072e-16,1.0,1
239,4,-0.22210912849470965,0.3576116508488817,0.040601777389565066,0.17610429974373787,7.771561172376096e-16,1.0,1
240,4,-0.22455671290459295,0.36108732819550093,0.04059878253885026,0.17712939782976278,4.524158825347513e-15,1.0,1
241,4,-0.22702325837976312,0.3645723445538,0.04053318285811896,0.17808226903215285,-2.9976021664879227e-15,1.0,1
242,4,-0.22950848797883752,0.368065189176986,0.04040792131718786,0.17896462251533762,1.27675647831893e-15,1.0,1
243,4,-0.23201215413792337,0.3715643867480788,0.04022874020053033,0.17978097281068273,-3.0253577421035516e-15,1.0,1
244,4,-0.23452990486905445,0.3750537707165399,0.038199416414151685,0.17872328226163958,2.4424906541753444e-15,1.0,1
245,4,-0.23704933511888485,0.37848814787617124,0.032599924025727735,0.1740387367830145,3.885780586188048e-16,1.0,1
246,4,-0.23956276588396397,0.38183878565808455,0.02723677778507181,0.16951279755918947,-2.914335439641036e-15,1.0,1
247,4,-0.2420714824940116,0.385108843682585,0.022221847886289208,0.1652592090748648,2.1649348980190553e-15,1.0,1
248,4,-0.24457699985287032,0.3883023251832015,0.017543840906648088,0.1612691662369805,1.2212453270876722e-15,1.0,1
249,4,-0.24708078234119824,0.39142306850804415,0.013187317219529586,0.15752960338637223,-3.2751579226442118e-15,1.0,1
250,4,-0.2495842414721065,0.3944747507287287,0.009140230900823627,0.15403074015744878,2.9698465908722937e-15,1.0,1
251,4,-0.2520887389138653,0.39746160228805166,0.005466335142234488,0.15083919851642236,1.4988010832439613e-15,1.0,1
252,4,-0.25459558540416344,0.40039895520352276,0.0032656189066301907,0.1490689887059915,1.9984014443252818e-15,1.0,1
253,4,-0.2571115783000662,0.4033093509898472,0.0022575253712045105,0.14845529806098057,-4.9682480351975755e-15,1.0,1
254,4,-0.259643651942311,0.40620499108974556,0.0016952760505520297,0.14825661519799027,3.6637359812630166e-15,1.0,1
255,4,-0.26219278424501863,0.40908958599198186,0.0013680936113703364,0.14826489535833076,-2.8033131371785203e-15,1.0,1
256,4,-0.26476027095456295,0.4119639575035809,0.0010708417419523137,0.148274528290969,-1.27675647831893e-15,1.0,1
0,5,-0.10145017169405536,0.04743315174277327,0.08657582228119533,0.03255880232991326,2.0816681711721685e-17,0.9,-1
1,5,-0.10844922754517848,0.04440446504511484,0.0881397122246141,0.02409494972455062,1.5265566588595902e-16,0.9,-1
2,5,-0.12058164115696218,0.04302028571287713,0.04436798659315037,-0.033193368850934934,-2.5673907444456745e-16,0.9,-1
3,5,-0.12366849414498857,0.03984369798815167,0.19571864155827204,0.11189384540143532,1.8041124150158794e-16,0.9,-1
4,5,-0.1285250078045085,0.037168290468362265,0.036159647715876306,-0.055197069620269934,1.3877787807814457e-17,0.9,-1
5,5,-0.11567647139657651,0.03267418320058794,0.31021416115205924,0.22721187295607048,-1.942890293094024e-16,0.9,-1
6,5,-0.10044903016750438,0.027855613517867143,0.036298459369664846,-0.03629495727997201,3.885780586188048e-16,0.9,-1
7,5,-0.08467639147422579,0.024331764210748764,0.2609299467345488,0.20058531947107172,-2.7755575615628914e-17,0.9,-1
8,5,-0.06401853103357802,0.020198781687622208,0.03788304439891563,-0.005936704947040128,5.551115123125783e-17,0.9,-1
9,5,-0.05494651355251085,0.018085639102012666,0.1512529604851697,0.11439208603467144,-8.326672684688674e-17,0.9,-1
10,5,-0.04288351690151797,0.015602667958989076,0.039712067137773706,0.012431218195244842,2.7755575615628914e-17,0.9,-1
11,5,-0.03932320256612207,0.014208445339064464,0.08714391487690133,0.062029157649843625,-1.0408340855860843e-16,0.9,-1
12,5,-0.03471133505007907,0.012668142772859357,0.04263376412265494,0.020590571845435335,1.0755285551056204e-16,0.9,-1
13,5,-0.033062620435955446,0.01155789003491522,0.06172863293847584,0.040223902537435574,-3.469446951953614e-17,0.9,-1
14,5,-0.03067000913169604,0.010349873650541026,0.04705780155329052,0.026737666072135458,-4.85722573273506e-17,0.9,-1
15,5,-0.029481230443492046,0.009334436614242589,0.05048998436839235,0.030343190539142972,7.632783294297951e-17,0.9,-1
16,5,-0.027627510617326188,0.008312883270068428,0.04788492779404993,0.028570300446792096,-7.632783294297951e-17,0.9,-1
17,5,-0.026193196406213325,0.0073939792932374675,0.04424052895158437,0.025441311838608482,-2.7755575615628914e-17,0.9,-1
18,5,-0.02464288186197744,0.006535010454066719,0.04465341000822076,0.026545538600310004,-3.8163916471489756e-17,0.9,-1
19,5,-0.023129651937911055,0.005733392983866322,0.04107181747193706,0.02367555851789238,5.204170427930421e-17,0.9,-1
20,5,-0.021749450100941627,0.00500939783634923,0.039916892072730865,0.02317683980813845,-2.0816681711721685e-17,0.9,-1
21,5,-0.020338673715631767,0.004338826192169239,0.03799004785645067,0.021990200332988152,6.938893903907228e-18,0.9,-1
22,5,-0.01902232959689866,0.0037297016707198063,0.03600711074137545,0.020714482815196555,-4.163336342344337e-17,0.9,-1
23,5,-0.01775087859254089,0.0031763667885590556,0.03431226743621466,0.019737755632232845,1.734723475976807e-17,0.9,-1
24,5,-0.016525495864619634,0.002673377824027196,0.03258330400662933,0.0187311859660369,6.938893903907228e-18,0.9,-1
25,5,-0.015363565140943166,0.0022192196592965793,0.030760335329072172,0.017615989847425573,-1.3877787807814457e-17,0.9,-1
26,5,-0.01425385289669107,0.001809994420453937,0.029202293878697844,0.016758435402460803,9.020562075079397e-17,0.9,-1
27,5,-0.013197680968300336,0.0014415685168739248,0.027531187400885372,0.015775074949458956,-6.938893903907228e-18,0.9,-1
28,5,-0.0122010447352487,0.0011115587598742268,0.025959133194950166,0.014869647219575621,-7.112366251504909e-17,0.9,-1
29,5,-0.01125511893323262,0.0008158685258311989,0.024494015413100177,0.014054765005698772,1.5612511283791264e-17,0.9,-1
30,5,-0.010362826588689334,0.0005516903075836295,0.02298389868689117,0.013172762405785493,2.6020852139652106e-17,0.9,-1
31,5,-0.009520478041675816,0.0003162591015850513,0.02161070180846523,0.01240648286837448,1.734723475976807e-17,0.9,-1
32,5,-0.008722947715683986,0.00010652248878664146,0.020253682043704542,0.01163725681680719,-6.938893903907228e-18,0.9,-1
33,5,-0.007970482795865383,-7.976038305644977e-05,0.01891156181206422,0.010861318633142408,2.2551405187698492e-17,0.9,-1
34,5,-0.0072596909132371145,-0.00024493654794935805,0.017592841305582616,0.010088213844396121,-2.2551405187698492e-17,0.9,-1
35,5,-0.006587429939193216,-0.0003912783010029254,0.01633832781942137,0.009359619579225237,6.938893903907228e-18,0.9,-1
36,5,-0.00595197457896267,-0.0005206276175343346,0.015116461665901158,0.008643859469404158,3.469446951953614e-18,0.9,-1
37,5,-0.005351530760163486,-0.0006344951132294513,0.013953989249462081,0.007967963376069157,1.3877787807814457e-17,0.9,-1
38,5,-0.004784652984233874,-0.000734257100197099,0.012814539803567756,0.007295629719136762,-2.0816681711721685e-17,0.9,-1
39,5,-0.004249949916474198,-0.0008211601378276552,0.011741339728464336,0.0066702296741624895,6.938893903907228e-18,0.9,-1
40,5,-0.003746380381041265,-0.0008963335501340857,0.010688656174358427,0.006045942243183083,7.806255641895632e-18,0.9,-1
41,5,-0.00327343951373549,-0.0009607905318171292,0.00968896527393564,0.005454735228383023,1.734723475976807e-18,0.9,-1
42,5,-0.002830009783791759,-0.0010155187014780072,0.008731626920646447,0.0048860984353766845,3.469446951953614e-18,0.9,-1
43,5,-0.002416273063414372,-0.0010614004364398921,0.0078091302685482245,0.004331456768693953,-6.938893903907228e-18,0.9,-1
44,5,-0.0020325012260862603,-0.0010992981494402066,0.006941164723387376,0.003809365347860902,-6.938893903907228e-18,0.9,-1
45,5,-0.001679476998165193,-0.001130027704941351,0.006107735733451755,0.003298231030345225,1.431146867680866e-17,0.9,-1
46,5,-0.001358104432052292,-0.0011543650279814959,0.005325867615044033,0.0028133981550102494,4.336808689942018e-18,0.9,-1
47,5,-0.0010692557014584437,-0.0011730806039628482,0.0045956099472574535,0.0023532736418361566,-5.204170427930421e-18,0.9,-1
48,5,-0.0008152574087264619,-0.0011869003025475403,0.0039133109146636145,0.0019111532033895956,-1.691355389077387e-17,0.9,-1
49,5,-0.0005978520674651867,-0.0011965357774264898,0.003296022135022096,0.0015016342901304353,1.5829351718288365e-17,0.9,-1
50,5,-0.0004166477990867714,-0.0012026827528592904,0.00273394542255188,0.0011146148706058234,5.204170427930421e-18,0.9,-1
51,5,-0.00026970968771185765,-0.0012061914848351277,0.0022079199480129798,0.000732018775465984,-1.0408340855860843e-17,0.9,-1
52,5,-0.00015429594976370154,-0.0012080279205646212,0.0017606445451067052,0.0003983206747783796,-2.8189256484623115e-18,0.9,-1
53,5,-7.028834864390044e-05,-0.001208921911452144,0.0014522053640913535,0.00017299510399532148,1.235990476633475e-17,0.9,-1
54,5,-2.064421763749987e-05,-0.0012093218518166309,0.001301769569403256,7.180349994910518e-05,-2.0166160408230382e-17,0.9,-1
55,5,-1.3848221151845527e-06,-0.001209488403848078,0.0012428611486372874,3.198792267404549e-05,2.0599841277224584e-17,0.9,-1
56,5,-1.3855123538727564e-06,-0.0012095238975381385,0.0012478401151388013,3.69307052467821e-05,-8.023096076392733e-18,0.9,-1
57,5,-1.389079215144736e-06,-0.0012094387262198381,0.0012534446283435985,4.2616822908611574e-05,-4.119968255444917e-18,0.9,-1
58,5,-1.395895764057557e-06,-0.001209208737445729,0.0012607947436769711,5.019011046718258e-05,-1.951563910473908e-18,0.9,-1
59,5,-1.4066354554760223e-06,-0.0012088069628483095,0.0012689897061853835,5.8776107881602924e-05,4.9873299934333204e-18,0.9,-1
60,5,-1.4222907471873899e-06,-0.001208218107524337,0.001277677324600279,6.803692632875724e-05,2.6020852139652106e-18,0.9,-1
61,5,-1.4440774715443106e-06,-0.0012074184038423398,0.001288067386612398,7.920490529851609e-05,2.168404344971009e-18,0.9,-1
62,5,-1.4732631876936178e-06,-0.0012063765652657902,0.001299693431000836,9.184360254735346e-05,1.3010426069826053e-18,0.9,-1
63,5,-1.5110016258169687e-06,-0.0012050705111440517,0.001312002401480943,0.00010542088871107191,-2.3852447794681098e-18,0.9,-1
64,5,-1.5582398086548432e-06,-0.0012034784405795945,0.001325496804637291,0.0001204601242490444,2.8189256484623115e-18,0.9,-1
65,5,-1.6157038029428354e-06,-0.0012015695083068833,0.0013405535451589763,0.00013736833304914264,-7.589415207398531e-18,0.9,-1
66,5,-1.683915244253422e-06,-0.001199314492518351,0.001356558209419378,0.0001555598016567683,-5.421010862427522e-18,0.9,-1
67,5,-1.7631939132499774e-06,-0.0011966912391950949,0.0013733751912511471,0.0001749207581428075,5.204170427930421e-18,0.9,-1
68,5,-1.8536404998452385e-06,-0.0011936607575442587,0.0013928153084822577,0.0001973009104381529,-8.673617379884035e-19,0.9,-1
69,5,-1.9551094057967576e-06,-0.0011901329437114018,0.0014182436156698606,0.0002261555625526629,8.673617379884035e-19,0.9,-1
70,5,-2.0671673524327085e-06,-0.0011860284351008015,0.0014449639647790352,0.0002568683623257878,-1.3227266504323154e-17,0.9,-1
71,5,-2.1890170031166132e-06,-0.0011813182809418123,0.0014723429914648765,0.00028883569351996485,1.734723475976807e-17,0.9,-1
72,5,-2.319342448418928e-06,-0.0011759795743624174,0.0015003656198706713,0.00032206670305982843,-6.5052130349130266e-18,0.9,-1
73,5,-2.4559740534454602e-06,-0.001169988782401306,0.0015290558236052848,0.00035661106715052793,-5.421010862427522e-18,0.9,-1
74,5,-2.5952900805774147e-06,-0.0011633215130292473,0.0015584476989943736,0.00039253089588453527,-1.3660947373317356e-17,0.9,-1
75,5,-2.7325850901460465e-06,-0.001155952441170424,0.0015885602057576565,0.00042987517949712173,3.5344990823027445e-17,0.9,-1
76,5,-2.866860884124325e-06,-0.0011478552526780008,0.001619424905693094,0.0004687027921309664,-2.3852447794681098e-18,0.9,-1
77,5,-3.000011687105784e-06,-0.0011390022474627507,0.0016511233093591067,0.0005091210502092408,-9.324138683375338e-18,0.9,-1
78,4,-3.132907396266284e-06,-0.0011293649282512685,0.0016836739481105004,0.000551176112462963,-2.6020852139652106e-18,0.9,-1
79,4,-3.2657843464391966e-06,-0.0011189116181099944,0.0017171300748564367,0.0005949526723999995,-3.469446951953614e-18,0.9,-1
80,4,-3.3985047088544693e-06,-0.0011076124800744045,0.0017514210502889518,0.000640410065505706,1.3227266504323154e-17,0.9,-1
81,4,-3.5305798506258477e-06,-0.0010954364758101946,0.0017866247123782878,0.0006876576567174594,-7.806255641895632e-18,0.9,-1
82,4,-3.661221255630407e-06,-0.0010823516142022054,0.0018227234733150476,0.0007367106378572061,-5.637851296924623e-18,0.9,-1
83,4,-3.7895377172322685e-06,-0.0010683255999787158,0.001859707439964868,0.0007875923022689288,8.673617379884035e-18,0.9,-1
84,4,-3.914715043511707e-06,-0.001053325519798843,0.0018976140337642062,0.0008403737989218368,-1.474514954580286e-17,0.9,-1
85,4,-4.036133129781928e-06,-0.0010373138131419058,0.001936825841937815,0.0008954758956661521,2.4936649967166602e-17,0.9,-1
86,4,-4.153481587901831e-06,-0.001020078455168319,0.001994521238927476,0.0009702893021712455,-9.540979117872439e-18,0.9,-1
87,4,-4.266812513704786e-06,-0.0010012976730870492,0.0020640288939658418,0.0010584644083650938,5.854691731421724e-18,0.9,-1
88,4,-4.37641134213281e-06,-0.0009808130633011459,0.0021348779966475183,0.0011496885220042205,-1.9081958235744878e-17,0.9,-1
89,4,-4.4827752913199615e-06,-0.0009585738989035153,0.002206480643825225,0.0012434239696303973,7.37257477290143e-18,0.9,-1
90,4,-4.586565850734309e-06,-0.0009345300480107737,0.00227929856903936,0.0013401819551778563,4.336808689942018e-18,0.9,-1
91,4,-4.688541957255151e-06,-0.0009086212050177221,0.0023537940597494166,0.0014404843127744371,-2.168404344971009e-18,0.9,-1
92,4,-4.789494089487602e-06,-0.0008807874002937535,0.0024293919362381546,0.0015438150418549124,-1.3010426069826053e-18,0.9,-1
93,4,-4.890189192035121e-06,-0.0008509784556176157,0.002505617066408916,0.0016497484215992758,1.0625181290357943e-17,0.9,-1
94,4,-4.991323663836269e-06,-0.0008191465415697247,0.002582666336678343,0.0017585284714447744,-7.806255641895632e-18,0.9,-1
95,4,-5.093479842850301e-06,-0.0007852371581909435,0.0026609305585390316,0.001870599920505242,4.336808689942018e-18,0.9,-1
96,4,-5.19710163188508e-06,-0.0007491913779465306,0.0027403748312744922,0.001985986351696077,4.336808689942018e-19,0.9,-1
97,4,-5.302501163432278e-06,-0.000710954129241564,0.0028205956569673737,0.002104339026562367,-1.0408340855860843e-17,0.9,-1
98,4,-5.409892124364431e-06,-0.000670476612027431,0.0029013121621554207,0.002225425658003634,8.673617379884035e-18,0.9,-1
99,3,-3.3586460570763338e-06,-0.0003887863521684024,0.00180536773385165,0.0014132227356261698,-1.5178830414797062e-18,0.9,-1
100,2,-2.1608254741620336e-06,-0.0002391379610443403,0.0011632885483460937,0.0009219897618275991,7.589415207398531e-18,0.9,-1
101,4,-5.631458248558725e-06,-0.0005828923044408334,0.0030647384450551737,0.002476214682365769,-1.2576745200831851e-17,0.9,-1
102,4,-5.746256799394725e-06,-0.0005353998306187715,0.0031478939784137057,0.0026067478909955477,8.239936510889834e-18,0.9,-1
103,4,-5.86430728531979e-06,-0.0004854574692637293,0.0032317291741545003,0.002740407397605449,-2.6020852139652106e-18,0.9,-1
104,4,-5.9861252288246406e-06,-0.0004329836542665631,0.003319138529027383,0.0028801687495319944,-8.673617379884035e-19,0.9,-1
105,4,-6.112255762121087e-06,-0.0003777959797729555,0.003417066246739421,0.003033158011204344,0.0,0.9,-1
106,4,-6.243232993740955e-06,-0.00031972603010234195,0.0035168153949359936,0.003190846131839911,4.336808689942018e-19,0.9,-1
107,4,-6.3795361387929474e-06,-0.0002586918169879849,0.0036183098151906924,0.0033532384620639146,0.0,0.9,-1
108,4,-6.521548399977588e-06,-0.0001946182323942716,0.0037208487925419567,0.0035197090117477063,-1.3010426069826053e-18,0.9,-1
109,4,-6.669526136379691e-06,-0.00012744356064883593,0.0038237515991659467,0.003689638512380732,8.673617379884035e-19,0.9,-1
110,4,-6.823583920480943e-06,-5.7110888378547145e-05,0.003927193523354319,0.00386325905105529,-8.673617379884035e-19,0.9,-1
111,4,-6.983699292635512e-06,-2.0853507631122005e-05,4.6947974287178126e-05,1.9110767363420553e-05,-5.421010862427522e-20,0.9,-1
112,4,-7.149738788515555e-06,-2.050216000382774e-05,4.718250268326379e-05,1.953060389092015e-05,-3.4558944247975454e-19,0.9,-1
113,4,-7.321500278103634e-06,-2.014682442668457e-05,4.727228513303587e-05,1.9803960428248094e-05,4.2690460541616737e-19,0.9,-1
114,4,-7.498765716521957e-06,-1.9789961434291494e-05,4.721936260475599e-05,1.993063545394232e-05,-2.202285662861181e-19,0.9,-1
115,4,-7.68135399405279e-06,-1.943403110415882e-05,4.7025743930436464e-05,1.991035883222472e-05,-1.3213713977167085e-19,0.9,-1
116,4,-7.869163240015027e-06,-1.9081493278048415e-05,4.669357744496192e-05,1.9742920926898652e-05,1.7618285302889447e-19,0.9,-1
117,4,-8.062195200080573e-06,-1.873480716264073e-05,4.62249739454793e-05,1.942797158275807e-05,6.776263578034403e-20,0.9,-1
118,4,-8.260555664151565e-06,-1.8396430358503508e-05,4.562211738616469e-05,1.8965131363509607e-05,-1.0164395367051604e-20,0.9,-1
119,4,-8.46443228680101e-06,-1.8068819684240256e-05,4.4887257094584803e-05,1.8354005123543673e-05,1.3552527156068805e-19,0.9,-1
120,4,-8.674055007064908e-06,-1.7754317083752995e-05,4.403624185252402e-05,1.760786976170623e-05,1.1180834903756764e-19,0.9,-1
121,4,-8.889648235799587e-06,-1.7455037484883105e-05,4.3084900154645236e-05,1.6740214433962237e-05,-3.049318610115481e-19,0.9,-1
122,4,-9.11138647833726e-06,-1.717206312812268e-05,4.215264366422445e-05,1.5869194057764602e-05,9.147955830346444e-20,0.9,-1
123,4,-9.33936240522302e-06,-1.6905659456211082e-05,4.122659084635248e-05,1.4981568984918274e-05,-1.0164395367051604e-19,0.9,-1
124,4,-9.573571721861754e-06,-1.665637181806721e-05,4.028338782997019e-05,1.4053444290041154e-05,-7.453889935837843e-20,0.9,-1
125,4,-9.81390873753318e-06,-1.6424915209552804e-05,3.932545590701009e-05,1.3086631959924105e-05,0.0,0.9,-1
126,4,-1.0060148176520043e-05,-1.6212139500037678e-05,3.833466805478323e-05,1.2062380378225412e-05,-9.486769009248164e-20,0.9,-1
127,4,-1.0311863399141063e-05,-1.601892707965667e-05,3.732630072674808e-05,1.0995510247950634e-05,2.913793338554793e-19,0.9,-1
128,4,-1.0568257143844129e-05,-1.5845868649890507e-05,3.6321794078631436e-05,9.907668284896576e-06,-2.236166980751353e-19,0.9,-1
129,4,-1.0828424301418882e-05,-1.569361922690431e-05,3.529046292397898e-05,8.768419395655935e-06,1.4907779871675686e-19,0.9,-1
130,4,-1.1092222280062615e-05,-1.5562963203404244e-05,3.424866187653851e-05,7.593476393071659e-06,6.776263578034403e-21,0.9,-1
131,4,-1.1359924343308435e-05,-1.5454368461415782e-05,3.3219825248571405e-05,6.405532443846951e-06,-2.371692252312041e-19,0.9,-1
132,4,-1.1631776268010752e-05,-1.53683992994955e-05,3.216957337302528e-05,5.169397805519175e-06,1.4907779871675686e-19,0.9,-1
133,4,-1.1907991093447962e-05,-1.530572885664355e-05,3.112125505150493e-05,3.907535101413525e-06,1.0842021724855044e-19,0.9,-1
134,4,-1.2188775954213783e-05,-1.5266741295063645e-05,3.0087781807449324e-05,2.6322645581718356e-06,-6.098637220230962e-20,0.9,-1
135,4,-1.2474318549218473e-05,-1.5251987057540708e-05,2.9037734344809557e-05,1.311428738050421e-06,4.743384504624082e-20,0.9,-1
136,4,-1.2764779399259648e-05,-1.5261892986219466e-05,2.8018676916425807e-05,-7.995469053544493e-09,-2.371692252312041e-19,0.9,-1
137,4,-1.306029086672908e-05,-1.534404266100211e-05,2.0892566887992788e-05,-7.511766639738213e-06,1.8634724839594607e-19,0.9,-1
138,4,-1.3360959992614086e-05,-1.5496039099247022e-05,2.0334441466854472e-05,-8.522557625006673e-06,-3.7269449679189215e-20,0.9,-1
139,4,-1.3666864186838632e-05,-1.566765750595061e-05,1.9795078794751288e-05,-9.539442898037938e-06,1.6940658945086007e-20,0.9,-1
140,4,-1.3978052686345382e-05,-1.585858211218608e-05,1.934498961519827e-05,-1.049164518333325e-05,-5.759824041329242e-20,0.9,-1
141,4,-1.4294562707977503e-05,-1.606806650106497e-05,1.896815400824289e-05,-1.1394475200799357e-05,2.236166980751353e-19,0.9,-1
142,4,-1.4616433186127318e-05,-1.6295563034420023e-05,1.8654781850926234e-05,-1.2257214369621123e-05,-1.3552527156068805e-20,0.9,-1
143,4,-1.4943716599195568e-05,-1.6540713696726735e-05,1.8391823922234716e-05,-1.3092606373687945e-05,-3.5575383784680614e-19,0.9,-1
144,4,-1.527649207441139e-05,-1.6803251253284052e-05,1.8179051383480624e-05,-1.3900691944214666e-05,1.5585406229479126e-19,0.9,-1
145,4,-1.561487403200184e-05,-1.708293269990979e-05,1.801618942003992e-05,-1.4681617311871438e-05,2.710505431213761e-19,0.9,-1
146,4,-1.5959018789888473e-05,-1.7379502691629795e-05,1.7902969395417663e-05,-1.5435552086100635e-05,-2.710505431213761e-20,0.9,-1
147,4,-1.6309118846177253e-05,-1.7692726099498587e-05,1.7839072976626352e-05,-1.616277196904957e-05,-8.131516293641283e-20,0.9,-1
148,4,-1.666541202381571e-05,-1.8086898836060834e-05,9.340765854628817e-06,-2.5411545005247886e-05,-1.5585406229479126e-19,0.9,-1
149,4,-1.7028185895788583e-05,-1.8632930545317654e-05,0.0,-3.566111644110587e-05,3.6591823321385775e-19,0.9,-1
150,4,-1.73977771181607e-05,-1.9267929933090785e-05,0.0,-3.666570705125171e-05,-2.236166980751353e-19,0.9,-1
151,4,-1.77745641080631e-05,-1.9922746263538256e-05,0.0,-3.76973103716012e-05,1.6263032587282567e-19,0.9,-1
152,4,-1.8158951158472945e-05,-2.0597938424430153e-05,0.0,-3.875688958290325e-05,-1.4907779871675686e-19,0.9,-1
153,4,-1.855134763682567e-05,-2.1294087569675127e-05,0.0,-3.984543520650077e-05,2.710505431213761e-20,0.9,-1
154,4,-1.8952146079192997e-05,-2.2011786329401592e-05,0.0,-4.096393240859454e-05,4.743384504624082e-20,0.9,-1
155,4,-1.936170706450823e-05,-2.2751654504564423e-05,0.0,-4.211336156907273e-05,-8.131516293641283e-20,0.9,-1
156,4,-1.9780357290126315e-05,-2.351432468450427e-05,0.0,-4.329468197463056e-05,2.710505431213761e-20,0.9,-1
157,4,-2.0208406558770326e-05,-2.4300449978370677e-05,0.0,-4.450885653714087e-05,1.3552527156068805e-19,0.9,-1
158,4,-2.064619453997312e-05,-2.5110705677279397e-05,0.0,-4.5756900217252617e-05,-1.0164395367051604e-19,0.9,-1
159,4,-2.1094145881949253e-05,-2.5945781067180924e-05,0.0,-4.703992694913054e-05,-3.6591823321385775e-19,0.9,-1
160,4,-2.1552779326756777e-05,-2.6806395589191284e-05,0.0,-4.83591749159476e-05,4.607859233063394e-19,0.9,-1
161,4,-2.2022709336125218e-05,-2.769328796014763e-05,0.0,-4.9715997296273214e-05,-3.6591823321385775e-19,0.9,-1
162,4,-2.2504643203764223e-05,-2.860722547695554e-05,0.0,-5.111186868071932e-05,4.404571325722362e-19,0.9,-1
163,4,-2.2999368054169608e-05,-2.954900555556632e-05,0.0,-5.2548373609736165e-05,-2.371692252312041e-19,0.9,-1
164,4,-2.3507726236973388e-05,-3.051944913474405e-05,0.0,-5.4027175371717476e-05,-4.0657581468206416e-20,0.9,-1
165,4,-2.403058036849179e-05,-3.1519417176861064e-05,0.0,-5.554999754535297e-05,-1.1519648082658485e-19,0.9,-1
166,4,-2.456876972742985e-05,-3.254979711279533e-05,0.0,-5.7118566840225465e-05,-2.846030702774449e-19,0.9,-1
167,4,-2.5123061231060464e-05,-3.3611511275421536e-05,0.0,-5.873457250648185e-05,1.4907779871675686e-19,0.9,-1
168,4,-2.5694100721462968e-05,-3.4705517396908324e-05,0.0,-6.03996181183712e-05,9.486769009248164e-20,0.9,-1
169,4,-2.628236928281835e-05,-3.5832799572881577e-05,0.0,-6.21151688557e-05,-6.776263578034403e-20,0.9,-1
170,4,-2.6888150404680058e-05,-3.6994374003531e-05,0.0,-6.388252440821078e-05,2.710505431213761e-19,0.9,-1
171,4,-2.7511513485538135e-05,-3.8191276454996015e-05,0.0,-6.570278994053394e-05,2.168404344971009e-19,0.9,-1
172,4,-2.815231768092691e-05,-3.94245660117771e-05,0.0,-6.757688369270383e-05,1.8973538018496328e-19,0.9,-1
173,4,-2.8810236931025167e-05,-4.069532123127668e-05,0.0,-6.950555816230249e-05,-6.369687763352339e-19,0.9,-1
174,4,-2.9484801915701592e-05,-4.200463196812131e-05,0.0,-7.148943388382263e-05,2.710505431213761e-19,0.9,-1
175,4,-3.0175457201836643e-05,-4.335360722308669e-05,0.0,-7.352906442492299e-05,3.3881317890172014e-19,0.9,-1
176,4,-3.0881693637667437e-05,-4.474336394974431e-05,0.0,-7.562505758741244e-05,-6.911788849595091e-19,0.9,-1
177,4,-3.1603636116876136e-05,-4.617503934261615e-05,0.0,-7.777867545949186e-05,4.336808689942018e-19,0.9,-1
178,4,-3.234232393239048e-05,-4.7649805824583816e-05,0.0,-7.999212975697435e-05,-5.421010862427522e-20,0.9,-1
179,4,-3.30986099589014e-05,-4.916887214026345e-05,0.0,-8.226748209916486e-05,0.0,0.9,-1
180,4,-3.387330835724639e-05,-5.073349085680745e-05,0.0,-8.460679921405354e-05,2.981555974335137e-19,0.9,-1
181,4,-3.466740001606747e-05,-5.234494961810758e-05,0.0,-8.701234963417537e-05,-3.2526065174565133e-19,0.9,-1
182,4,-3.548190704312069e-05,-5.400458225974367e-05,0.0,-8.948648930286402e-05,3.3881317890172014e-19,0.9,-1
183,4,-3.6317776761574364e-05,-5.5713767269365515e-05,0.0,-9.203154403094032e-05,-4.336808689942018e-19,0.9,-1
184,4,-3.7175794993538416e-05,-5.747392129256416e-05,0.0,-9.464971628610208e-05,4.87890977618477e-19,0.9,-1
185,4,-3.8056541140284935e-05,-5.9286507295864524e-05,0.0,-9.734304843614979e-05,-3.2526065174565133e-19,0.9,-1
186,4,-3.89603959143904e-05,-6.115301939442143e-05,0.0,-0.00010011341530881184,-1.3552527156068805e-20,0.9,-1
187,4,-3.9887599678236247e-05,-6.307498965430217e-05,0.0,-0.00010296258933253834,6.776263578034403e-20,0.9,-1
188,4,-4.083834157211966e-05,-6.505398414444155e-05,0.0,-0.00010589232571656159,-3.7947076036992655e-19,0.9,-1
189,4,-4.18128487960757e-05,-6.709159828399229e-05,0.0,-0.00010890444708006779,2.0328790734103208e-19,0.9,-1
190,4,-4.281144721317249e-05,-6.91894696160387e-05,0.0,-0.00011200091682921033,8.673617379884035e-19,0.9,-1
191,4,-4.383457527185945e-05,-7.134926726850823e-05,0.0,-0.00011518384254036867,-1.0028870095490916e-18,0.9,-1
192,4,-4.488274859637209e-05,-7.357270446273125e-05,0.0,-0.00011845545305910234,1.0028870095490916e-18,0.9,-1
193,4,-4.595648371816044e-05,-7.586153640656867e-05,0.0,-0.00012181802012473011,-1.0028870095490916e-18,0.9,-1
194,4,-4.705619077208287e-05,-7.821755525732876e-05,0.0,-0.00012527374602941226,-6.2341624917916505e-19,0.9,-1
195,4,-4.818208147493091e-05,-8.064259912553886e-05,0.0,-0.00012882468060046882,9.486769009248164e-19,0.9,-1
196,4,-4.9334413583277386e-05,-8.313853654809805e-05,0.0,-0.00013247295013137528,1.6263032587282567e-19,0.9,-1
197,4,-5.051380098517269e-05,-8.570728269215609e-05,0.0,-0.0001362210836773287,8.131516293641283e-20,0.9,-1
198,4,-5.172104024834981e-05,-8.835080072719121e-05,0.0,-0.0001400718409755421,-1.0842021724855044e-18,0.9,-1
199,4,-5.295692079663345e-05,-9.107109960874952e-05,0.0,-0.00014402802040538315,-1.6263032587282567e-19,0.9,-1
200,4,-5.422223152237805e-05,-9.387024601146419e-05,0.0,-0.0001480924775338413,9.215718466126788e-19,0.9,-1
201,4,-5.551776082799539e-05,-9.67503506915808e-05,0.0,-0.00015226811151957537,8.131516293641283e-19,0.9,-1
202,4,-5.6844285418488364e-05,-9.97135811726545e-05,0.0,-0.00015655786659114334,-4.87890977618477e-19,0.9,-1
203,4,-5.8202564682678224e-05,-0.00010276215709635095,0.0,-0.00016096472177902933,-1.6263032587282567e-19,0.9,-1
204,4,-5.9593347484986826e-05,-0.00010589834662624254,0.0,-0.00016549169411122968,-3.2526065174565133e-19,0.9,-1
205,4,-6.101744179332898e-05,-0.00010912447918452247,0.0,-0.00017014192097785253,-1.0842021724855044e-18,0.9,-1
206,4,-6.247575790333144e-05,-0.00011244293266492971,0.0,-0.00017491869056826016,9.75781955236954e-19,0.9,-1
207,4,-6.396927608861127e-05,-0.00011585614879629371,0.0,-0.00017982542488490481,1.6263032587282567e-19,0.9,-1
208,4,-6.549904040537328e-05,-0.00011936662916552496,0.0,-0.00018486566957089806,1.6263032587282567e-19,0.9,-1
209,4,-6.706612856661625e-05,-0.00012297693341707785,0.0,-0.00019004306198369333,7.589415207398531e-19,0.9,-1
210,4,-6.867162507675e-05,-0.000126689692217195,0.0,-0.00019536131729394612,-1.1384122811097797e-18,0.9,-1
211,4,-7.031661353538063e-05,-0.00013050759224788607,0.0,-0.00020082420578326592,7.860465750519907e-19,0.9,-1
212,4,-7.200219973938838e-05,-0.00013443339119668506,0.0,-0.00020643559093607225,1.1926223897340549e-18,0.9,-1
213,4,-7.37295221649718e-05,-0.00013846991226290905,0.0,-0.00021219943442788314,-2.303929616531697e-18,0.9,-1
214,4,-7.549960812369286e-05,-0.0001426200415684566,0.0,-0.00021811964969214916,2.710505431213761e-19,0.9,-1
215,4,-7.731315444211163e-05,-0.00014688673659731715,0.0,-0.00022419989103942758,1.1926223897340549e-18,0.9,-1
216,4,-7.917069147409935e-05,-0.00015127300426750613,0.0,-0.000230443695741607,-1.5178830414797062e-18,0.9,-1
217,4,-8.107334410581215e-05,-0.0001557819208456651,0.0,-0.00023685526495147505,2.1955093992831465e-18,0.9,-1
218,4,-8.302269483047906e-05,-0.00016041663618820198,0.0,-0.00024343933101868276,-1.734723475976807e-18,0.9,-1
219,4,-8.502020057726002e-05,-0.00016518037514244382,0.0,-0.0002502005757197036,2.710505431213761e-19,0.9,-1
220,4,-8.706650668103588e-05,-0.00017007644342910335,0.0,-0.00025714295011013827,9.75781955236954e-19,0.9,-1
221,4,-8.915795110491606e-05,-0.00017510817089269365,0.0,-0.0002642661219976125,-2.8189256484623115e-18,0.9,-1
222,4,-9.127876684355884e-05,-0.00018027877948830352,0.0,-0.0002715575463318621,2.710505431213761e-19,0.9,-1
223,4,-9.339536712550881e-05,-0.0001855910735959962,0.0,-0.00027898644072150286,2.168404344971009e-18,0.9,-1
224,4,-9.545398296880091e-05,-0.00019104708360738405,0.0,-0.00028650106657618704,-2.0599841277224584e-18,0.9,-1
225,4,-9.741233218522833e-05,-0.00019664778165654195,0.0,-0.0002940601138417681,2.168404344971009e-18,0.9,-1
226,4,-9.930381570289303e-05,-0.00020239413283546675,0.0,-0.00030169794853835905,7.589415207398531e-19,0.9,-1
227,4,-0.00010115595805061226,-0.00020828772708234274,0.0,-0.00030944368513295684,-1.8431436932253575e-18,0.9,-1
228,4,-0.00010299645479570517,-0.00021433068265809283,0.0,-0.00031732713745379754,4.336808689942018e-19,0.9,-1
229,4,-0.00010482822961291975,-0.00022052547793314196,0.0,-0.0003253537075460604,1.3010426069826053e-18,0.9,-1
230,4,-0.00010662875309092538,-0.00022687439695144395,0.0,-0.0003335031500423715,-2.168404344971009e-18,0.9,-1
231,4,-0.00010836561137398242,-0.00023337920135515212,0.0,-0.00034174481272913546,-9.215718466126788e-19,0.9,-1
232,4,-0.00011000159854323435,-0.00024004100414616882,0.0,-0.0003500426026894019,1.2468324983583301e-18,0.9,-1
233,4,-0.00011149694784411879,-0.0002468601751204856,0.0,-0.00035835712296460216,2.222614453595284e-18,0.9,-1
234,4,-0.00011281102799850845,-0.00025383629113357776,0.0,-0.00036664731913208654,-3.2526065174565133e-19,0.9,-1
235,4,-0.00011390383265323552,-0.0002609681287218851,0.0,-0.0003748719613751207,-1.0842021724855044e-19,0.9,-1
236,4,-0.00011473640477397869,-0.0002682536455412116,0.0,-0.0003829900503151927,-2.3852447794681098e-18,0.9,-1
237,4,-0.00011526907783564611,-0.00027568999092563123,0.0,-0.0003909590687612742,3.144186300207963e-18,0.9,-1
238,4,-0.000115457917952586,-0.00028327342934156974,0.0,-0.00039873134729415984,-4.119968255444917e-18,0.9,-1
239,4,-0.00011525130044207451,-0.0002909992068029478,0.0,-0.00040625050724502065,1.6805133673525319e-18,0.9,-1
240,4,-0.00011458986778525515,-0.0002988613859967802,0.0,-0.0004134512537820323,3.0357660829594124e-18,0.9,-1
241,4,-0.0001134118690185321,-0.0003068526951775225,0.0,-0.0004202645641960545,1.0842021724855044e-19,0.9,-1
242,4,-0.0001116613239140025,-0.0003149645577631026,0.0,-0.00042662588167710624,-1.1384122811097797e-18,0.9,-1
243,4,-0.0001092910751547341,-0.000323187208489143,0.0,-0.0004324782836438758,1.3010426069826053e-18,0.9,-1
244,4,-0.000106250296037283,-0.0003315097611399729,0.0,-0.0004377600571772583,-2.3852447794681098e-18,0.9,-1
245,4,-0.00010244772981508814,-0.0003399198274599472,0.0,-0.0004423675572750342,1.0842021724855044e-18,0.9,-1
246,4,-9.769638355826304e-05,-0.00034840216633569857,0.0,-0.00044609854989396264,-1.0299920638612292e-18,0.9,-1
247,4,-9.171774346468741e-05,-0.0003569365940566721,0.0,-0.0004486543375213613,-1.734723475976807e-18,0.9,-1
248,4,-8.444630022272094e-05,-0.0003654981697929986,0.0,-0.00044994447001571805,1.463672932855431e-18,0.9,-1
249,4,-7.690879202446507e-05,-0.0003740684969160111,0.0,-0.0004509772889404809,-4.7704895589362195e-18,0.9,-1
250,4,-7.194833462536992e-05,-0.0003826675252582391,0.0,-0.0004546158598836038,5.204170427930421e-18,0.9,-1
251,4,-7.002309875494377e-05,-0.00039135631258760276,0.0,-0.0004613794113425482,-1.6263032587282567e-18,0.9,-1
252,4,-6.990598855916878e-05,-0.00039625682909698155,0.0004173496091627388,-4.881320849341175e-05,-2.168404344971009e-19,0.9,-1
253,4,-7.081798715894603e-05,-0.00038226141634654416,0.002024844653948374,0.0015717652504428845,8.673617379884035e-19,0.9,-1
254,4,-6.549950386022979e-05,-0.00033117420954229334,0.004305722360638054,0.003909048647235531,0.0,0.9,-1
255,4,-4.750772994069337e-05,-0.00023313800344224207,0.0067885867622612004,0.006507941028878266,8.673617379884035e-19,0.9,-1
256,4,-1.7766939203534124e-05,-8.604433269762072e-05,0.009128044755629176,0.00902423348372802,0.0,0.9,-1
0,8,0.0,-2.2997231403475544e-05,0.016523100114391433,0.016500102882987956,0.0,0.9,1
1,7,0.0,-6.512403444022644e-05,0.016920304853892225,0.016855180819451997,-3.469446951953614e-18,0.9,1
2,7,-0.0019005168703782268,-0.00011092819927121963,0.027090773700839343,0.025079328631189897,0.0,0.9,1
3,7,-0.002968756997521564,-0.00015256456710057762,0.017756078775187763,0.014634757210565626,3.469446951953614e-18,0.9,1
4,7,-0.02077388678318066,-0.00048818407844450666,0.1320683120786895,0.11080624121706432,0.0,0.9,1
5,7,-0.03159724655203859,-0.0007469528014489743,0.018609110213804958,-0.013735089139682577,2.7755575615628914e-17,0.9,1
6,7,-0.04942698488594867,-0.0011484696404941233,0.1671156298194907,0.11654017529304783,-8.326672684688674e-17,0.9,1
7,7,-0.057941840827206395,-0.0013649889837770758,0.01948656232492314,-0.03982026748606027,6.938893903907228e-17,0.9,1
8,7,-0.05623550451827794,-0.0013387889575422745,0.10441285905606545,0.04683856558024524,0.0,0.9,1
9,7,-0.05214384016338097,-0.0012236138537181523,0.020388281059026726,-0.032979172958072456,-5.551115123125783e-17,0.9,1
10,7,-0.039244277323013055,-0.0009143327186876945,0.046305528537775684,0.006146918496075016,8.326672684688674e-17,0.9,1
11,6,-0.029509112699612164,-0.0006586597139720797,0.0213131635358734,-0.00885460887771089,-4.85722573273506e-17,0.9,1
12,6,-0.01817163938284226,-0.0003916123736285562,0.024961685013670836,0.006398433257200076,5.551115123125783e-17,0.9,1
13,6,-0.010333499358022169,-0.00020536663441564335,0.022263306561942458,0.011724440569504557,-8.847089727481716e-17,0.9,1
14,6,-0.004572650154099628,-6.992690576691019e-05,0.02274425720139617,0.01810168014152963,-3.469446951953614e-18,0.9,1
15,6,-0.0018362901683137787,2.5466920292077824e-05,0.02323252972672594,0.021421706478704283,4.163336342344337e-17,0.9,1
16,6,-0.0006879784395997565,0.00010670593504547176,0.023553492369827657,0.02297221986527337,-3.469446951953614e-18,0.9,1
17,6,-0.00024305510223397654,0.00018737022652550917,0.023762731173051124,0.023707046297342715,5.898059818321144e-17,0.9,1
18,6,-8.167776118186492e-05,0.00027361342209442205,0.023993056513376847,0.024184992174289377,-2.7755575615628914e-17,0.9,1
19,6,-2.6331842642232428e-05,0.0003679104427607146,0.024231748788586024,0.02457332738870449,-1.3877787807814457e-17,0.9,1
20,6,-8.210426241036134e-06,0.0004712065306801746,0.02448395982555988,0.024946955929999015,-3.469446951953614e-18,0.9,1
21,5,-2.4895747665470427e-06,0.0005840235011902112,0.024749845905276374,0.02533137983170003,-1.0408340855860843e-17,0.9,1
22,5,-7.449094422721807e-07,0.0007065081369701767,0.025029799551097104,0.025735562778625043,3.469446951953614e-17,0.9,1
23,5,-2.199542427101171e-07,0.0008388273243082564,0.02532811529613938,0.026166722666204956,3.122502256758253e-17,0.9,1
24,5,-6.438484112504365e-08,0.0009810803073411996,0.02563591749484814,0.026616933417348165,-4.85722573273506e-17,0.9,1
25,5,-1.875389309980353e-08,0.0011333626138906577,0.025964722082007514,0.027098065942005145,7.28583859910259e-17,0.9,1
26,5,-5.452489640071589e-09,0.0012959765988129817,0.026309840565094233,0.027605811711417516,-5.898059818321144e-17,0.9,1
27,5,-1.586282611398173e-09,0.0014689904570037732,0.02666905471402836,0.028138043584749473,-4.85722573273506e-17,0.9,1
28,5,-4.627228447259e-10,0.00165260049732687,0.027050709027116066,0.02870330906172014,4.85722573273506e-17,0.9,1
29,5,-1.355508593889443e-10,0.0018469571063532086,0.027448004159495564,0.029294961130297836,-7.632783294297951e-17,0.9,1
30,5,-3.992609075261828e-11,0.002052207747606822,0.027864818192680545,0.029917025900361383,1.0755285551056204e-16,0.9,1
31,5,-1.1835409557040255e-11,0.0022687486146097074,0.02830172268386555,0.0305704712866397,-1.457167719820518e-16,0.9,1
32,5,-3.5332016775114388e-12,0.0024966985539930857,0.028757162014413522,0.03125386056487356,1.5265566588595902e-16,0.9,1
33,5,-1.0626907903327281e-12,0.0027363444228514972,0.02926949808047309,0.03200584250226168,-2.1510571102112408e-16,0.9,1
34,5,-3.221184169401139e-13,0.00298790825330709,0.029919391766435592,0.03290730001942077,2.0816681711721685e-16,0.9,1
35,5,-9.841222713023178e-14,0.0032516448513588377,0.030596017660692885,0.03384766251195337,5.551115123125783e-17,0.9,1
36,5,-3.0304688536336144e-14,0.003528126286102642,0.031289592254954555,0.034817718541026776,-1.1796119636642288e-16,0.9,1
37,5,-9.405006357766056e-15,0.0038175927658549006,0.03199974965384252,0.035817342419687814,-2.0122792321330962e-16,0.9,1
38,5,-2.9412112915619104e-15,0.0041204874127839354,0.03273201054272845,0.0368524979555096,1.5265566588595902e-16,0.9,1
39,5,-9.266489733495262e-16,0.004437143954195967,0.033475585682556624,0.03791272963675174,7.632783294297951e-17,0.9,1
40,5,-2.94044578093395e-16,0.00476791517219663,0.034239566479839924,0.03900748165203627,6.938893903907228e-18,0.9,1
41,5,-9.394946455887399e-17,0.0051135011799927875,0.03502015693540485,0.04013365811539771,1.6653345369377348e-16,0.9,1
42,5,-3.0215196267881335e-17,0.005474178044065631,0.03581683314336259,0.04129101118742806,-1.3183898417423734e-16,0.9,1
43,5,-9.77843699510834e-18,0.005850472738835345,0.036637199680152055,0.04248767241898732,-6.938893903907228e-17,0.9,1
44,5,-3.183347656417692e-18,0.0062427790964808905,0.037469418105446295,0.043712197201927205,2.0816681711721685e-17,0.9,1
45,5,-1.042057610548724e-18,0.006651527370922338,0.038323781581768794,0.04497530895269097,-1.5959455978986625e-16,0.9,1
46,5,-3.42872023587077e-19,0.007077546920030268,0.03919667912190269,0.0462742260419331,1.3877787807814457e-16,0.9,1
47,5,-1.1477396541320764e-19,0.0075211796134163926,0.04009011783062973,0.04761129744404591,-2.1510571102112408e-16,0.9,1
48,5,-5.0457531415808114e-20,0.007983067722860828,0.04101076856289979,0.048993836285760706,8.326672684688674e-17,0.9,1
49,5,-1.3454855991039293e-19,0.00846370985485045,0.041953206214798436,0.050416916069649265,3.7470027081099033e-16,0.9,1
50,5,-2.072717322532762e-18,0.008963690562455544,0.04293158179541859,0.05189527235787361,-5.204170427930421e-16,0.9,1
51,5,-4.917264719741109e-17,0.009484503000034391,0.044235103441068624,0.05371960644110341,4.440892098500626e-16,0.9,1
52,5,-1.8478172590819795e-15,0.010027402047628317,0.045742215269170064,0.055769617316796305,-2.2898349882893854e-16,0.9,1
53,5,-2.6083834712259055e-10,0.010593705629449997,0.04731996575236458,0.05791367112097623,0.0,0.9,1
54,5,-1.0069966213246654e-07,0.011184507841943764,0.04898412410380524,0.060168531246086676,-1.942890293094024e-16,0.9,1
55,5,-6.3694721378294e-06,0.011800931320313362,0.0506800301578855,0.06247459200606165,6.175615574477433e-16,0.9,1
56,5,-6.30660971795909e-05,0.012444238258912249,0.052371990759252855,0.06475316292098521,-3.0531133177191805e-16,0.9,1
57,5,-0.0002045559213473073,0.013114500196484505,0.053998007312487384,0.06690795158762453,-5.551115123125783e-17,0.9,1
58,5,-0.0004164996841146199,0.013811813807756135,0.05556352357032944,0.06895883769397071,-2.498001805406602e-16,0.9,1
59,5,-0.0006891950548958145,0.014535957106895828,0.05705791387097976,0.07090467592297989,1.1102230246251565e-16,0.9,1
60,5,-0.0010195319570951195,0.015286716325009286,0.05848835404816076,0.07275553841607474,-1.942890293094024e-16,0.9,1
61,5,-0.0014070707706300165,0.016064257269289645,0.05985048795576044,0.07450767445442041,3.469446951953614e-16,0.9,1
62,5,-0.0018520614224589412,0.016867940841137304,0.06114363773921884,0.07615951715789704,-1.6653345369377348e-16,0.9,1
63,5,-0.00235508892320249,0.017697392003170588,0.06237147517484522,0.07771377825481318,-1.3877787807814457e-16,0.9,1
64,5,-0.002916941883271537,0.018551878269886513,0.06352780465477727,0.07916274104139287,6.245004513516506e-16,0.9,1
65,5,-0.003538757866166605,0.019430705891261644,0.06462014857761494,0.08051209660270997,-1.3877787807814457e-17,0.9,1
66,5,-0.004221614525527555,0.020333612736460473,0.06564622132361506,0.08175821953454765,-3.3306690738754696e-16,0.9,1
67,5,-0.004966153858798457,0.021259532058783337,0.06660666937716508,0.08290004757714975,-2.220446049250313e-16,0.9,1
68,5,-0.005772319942377126,0.022207758710302464,0.06751388725322212,0.08394932602114791,4.440892098500626e-16,0.9,1
69,5,-0.006640099492213331,0.023177350195532447,0.06838478403193089,0.08492203473524951,-4.996003610813204e-16,0.9,1
70,5,-0.007569880389235381,0.024167452109781773,0.06919662541423131,0.08579419713477776,5.551115123125783e-17,0.9,1
71,5,-0.008562074725940614,0.025177601276176336,0.06994810930559069,0.0865636358558266,1.942890293094024e-16,0.9,1
72,5,-0.009616696663338142,0.02620651607161766,0.07064079870326903,0.08723061811154897,4.3021142204224816e-16,0.9,1
73,5,-0.010733196353197824,0.027253346307994572,0.07128014388101876,0.08780029383581489,-6.106226635438361e-16,0.9,1
74,4,-0.011910237372793042,0.02831693254008786,0.07186518122259695,0.08827187638989242,6.522560269672795e-16,0.9,1
75,4,-0.013146719753082035,0.029396204738627484,0.07240195652937584,0.08865144151492066,-6.245004513516506e-16,0.9,1
76,4,-0.014441173427667136,0.03049080425656122,0.07289350981310314,0.0889431406419976,3.7470027081099033e-16,0.9,1
77,4,-0.01579274911400145,0.031599514966078636,0.07334166684280505,0.08914843269488193,-3.0531133177191805e-16,0.9,1
78,4,-0.01720144319329927,0.032721657914169935,0.07375181210224543,0.08927202682311597,-1.3877787807814457e-16,0.9,1
79,4,-0.01866817702353511,0.03385618250147522,0.07412413655268632,0.08931214203062732,8.881784197001252e-16,0.9,1
80,4,-0.020194728938216788,0.035002240894593695,0.07446365628030555,0.08927116823668202,-4.3021142204224816e-16,0.9,1
81,4,-0.02178366014172289,0.03615957336544397,0.0747738323244766,0.08914974554819732,-3.469446951953614e-16,0.9,1
82,4,-0.0234380730135943,0.037327074270543575,0.07505592272034664,0.08894492397729659,6.661338147750939e-16,0.9,1
83,4,-0.02516178550097942,0.038503927955396665,0.07531303325693216,0.08865517571134873,-6.661338147750939e-16,0.9,1
84,4,-0.026959568463543273,0.03968906175140262,0.07554504667158178,0.08827453995944001,-1.1102230246251565e-15,0.9,1
85,4,-0.028836556089806835,0.040881393021809126,0.07574864371382457,0.08779348064582848,1.609823385706477e-15,0.9,1
86,4,-0.030801102308909464,0.04207930202053746,0.07563983082566711,0.0869180305372943,-8.049116928532385e-16,0.9,1
87,4,-0.032853111726128,0.04328028432982197,0.0753660420827665,0.08579321468646128,8.187894806610529e-16,0.9,1
88,4,-0.03495215937399421,0.044482873579215335,0.07509933190692132,0.0846300461121432,7.494005416219807e-16,0.9,1
89,4,-0.037056417381382795,0.045686620378336415,0.0748378825985062,0.08346808559545948,-3.3306690738754696e-16,0.9,1
90,4,-0.039142179603001266,0.04689155908720025,0.07458324792528166,0.08233262740948089,2.3592239273284576e-16,0.9,1
91,4,-0.04119412208425238,0.048098002137855984,0.07433546377030957,0.08123934382391251,-6.661338147750939e-16,0.9,1
92,4,-0.043197985358847064,0.04930641578951997,0.07409433361448763,0.08020276404516036,-1.6653345369377348e-16,0.9,1
93,4,-0.04513841893412682,0.050517950866426214,0.0738605283691344,0.07924006030143449,6.938893903907228e-16,0.9,1
94,4,-0.04700022245594443,0.05173365363229634,0.07363400026442148,0.07836743144077207,-1.304512053934559e-15,0.9,1
95,4,-0.048770112383399164,0.05295398903578373,0.07341504082197466,0.07759891747435965,4.3021142204224816e-16,0.9,1
96,4,-0.05042608054183725,0.05417936982403422,0.07320216179634573,0.0769554510785424,-3.0531133177191805e-16,0.9,1
97,4,-0.05194564096188583,0.055411139393833256,0.07299495690324845,0.07646045533519708,1.1934897514720433e-15,0.9,1
98,4,-0.05334687549069417,0.05665051525611306,0.07279283184407573,0.0760964716094934,-1.2212453270876722e-15,0.9,1
99,3,-0.03324626619212085,0.03522129423655577,0.044478010173909434,0.046453038218345455,1.1032841307212493e-15,0.9,1
100,2,-0.02143006221830988,0.0226780238387728,0.028329573935832963,0.029577535556295054,-8.291978215169138e-16,0.9,1
101,4,-0.05596405576811365,0.05915728487952639,0.07239945076180554,0.0755926798732185,2.220446049250313e-16,0.9,1
102,4,-0.05719831015829634,0.06042398370515345,0.07221174183114365,0.07543741537800042,-3.469446951953614e-16,0.9,1
103,4,-0.05835174860432919,0.06170104332750495,0.07202835364923307,0.07537764837240868,-1.5265566588595902e-16,0.9,1
104,4,-0.05944513749940135,0.06298910886745276,0.07177900138569589,0.07532297275374766,3.608224830031759e-16,0.9,1
105,4,-0.06051163871230834,0.06428761609977067,0.07132366148313057,0.07509963887059268,-2.220446049250313e-16,0.9,1
106,4,-0.06155394577881521,0.06559607154131475,0.070881755602513,0.07492388136501216,-3.885780586188048e-16,0.9,1
107,4,-0.06256260863743107,0.06691494536372544,0.07046951453119628,0.07482185125749119,5.412337245047638e-16,0.9,1
108,4,-0.06352550752819441,0.06824497944260216,0.07008570666755523,0.074805178581963,2.7755575615628914e-17,0.9,1
109,4,-0.06443197493738577,0.06958708354052873,0.06972904921907587,0.07488415782221836,-4.718447854656915e-16,0.9,1
110,4,-0.06527282248613882,0.0709423379086809,0.0693988975690642,0.07506841299160616,-1.249000902703301e-16,0.9,1
111,4,-0.06605763604322573,0.07234486024012551,0.08032559148006875,0.08661281567696832,-2.0816681711721685e-16,0.9,1
112,4,-0.06679229969658343,0.0737975973358031,0.07997206213756439,0.08697735977678533,1.27675647831893e-15,0.9,1
113,4,-0.06748062185211136,0.07526953170245854,0.07965011026718843,0.0874390201175359,2.914335439641036e-16,0.9,1
114,4,-0.06815297727888914,0.07676152954792832,0.07935566556059004,0.08796421782962849,-7.355227538141662e-16,0.9,1
115,4,-0.06882733726481444,0.07827413438231602,0.07908779067080612,0.08853458778830703,-6.800116025829084e-16,0.9,1
116,4,-0.06951059813984625,0.07980774164747505,0.07884579312347578,0.08914293663110495,3.7470027081099033e-16,0.9,1
117,4,-0.07020496030263276,0.08136270058462904,0.07862866500770604,0.08978640528970327,9.575673587391975e-16,0.9,1
118,4,-0.07091095190622654,0.08293935852354638,0.07843560839091802,0.0904640150082372,-6.661338147750939e-16,0.9,1
119,4,-0.07162861316435376,0.08453804180786208,0.07826573208061025,0.09117516072411913,5.689893001203927e-16,0.9,1
120,4,-0.07235793068561625,0.08615910563438045,0.07811806813936106,0.0919192430881246,-6.661338147750939e-16,0.9,1
121,4,-0.07309899084724615,0.08780290986702656,0.0779981133960845,0.09270203241586472,-1.942890293094024e-16,0.9,1
122,4,-0.07385236026423261,0.08947057948451669,0.07810628383148326,0.09372450305176816,8.326672684688674e-16,0.9,1
123,4,-0.07461884168065187,0.0911635846888444,0.07831322041735132,0.0948579634255422,-1.6514567491299204e-15,0.9,1
124,4,-0.07539891143387861,0.09288252719274226,0.07851055189797859,0.09599416765684232,8.326672684688674e-17,0.9,1
125,4,-0.07619290985628355,0.09462766003184174,0.07869802291184566,0.09713277308740498,1.124100812432971e-15,0.9,1
126,4,-0.07700120198091145,0.0963991906026044,0.07887550542402452,0.09827349404571706,-4.163336342344337e-16,0.9,1
127,4,-0.07782415730506173,0.0981973123275785,0.07904268974280419,0.09941584476532217,1.2073675392798577e-15,0.9,1
128,4,-0.07866213662631916,0.1000222426098858,0.07919948682572787,0.10055959280929372,-8.049116928532385e-16,0.9,1
129,4,-0.07951548144055354,0.10187412181980057,0.07934564151484044,0.10170428189408653,-9.43689570931383e-16,0.9,1
130,4,-0.08038450705827266,0.10375314374269248,0.07948094517287158,0.10284958185729298,1.582067810090848e-15,0.9,1
131,4,-0.08126950054830104,0.10565944682592385,0.079605335101343,0.10399528137896574,-6.938893903907228e-17,0.9,1
132,4,-0.08217071767479413,0.10759315868214965,0.0797184981097939,0.10514093911715072,1.304512053934559e-15,0.9,1
133,4,-0.08308838735620752,0.10955443867667189,0.0798203871048725,0.10628643842533414,-2.733924198139448e-15,0.9,1
134,4,-0.08402271292199416,0.11154336246086131,0.07991082728469898,0.10743147682356735,1.2212453270876722e-15,0.9,1
135,4,-0.0849738744632812,0.11356007031335794,0.07998961830553661,0.10857581415561413,7.771561172376096e-16,0.9,1
136,4,-0.08594203237429326,0.11560464386220107,0.08005675670166268,0.1097193681895714,9.159339953157541e-16,0.9,1
137,4,-0.08692759733784033,0.11767777000543142,0.08034043208241401,0.11109060475000376,-1.3322676295501878e-15,0.9,1
138,4,-0.08793067385717782,0.11977953912035234,0.08036634921969424,0.11221521448286786,-9.020562075079397e-16,0.9,1
139,4,-0.0889512867418569,0.12190986822654395,0.08049611702819987,0.11345469851288748,5.551115123125783e-16,0.9,1
140,4,-0.08999031833707338,0.1240709362220926,0.08094051678202736,0.115021134667046,-5.828670879282072e-16,0.9,1
141,4,-0.09104841066594624,0.12626432780928826,0.08136388253241462,0.11657979967575649,-1.5265566588595902e-16,0.9,1
142,4,-0.0921255499811307,0.1284899657933612,0.0817449343951833,0.11810935020741375,-2.7755575615628914e-17,0.9,1
143,4,-0.09322166425712762,0.1307477024913439,0.08208454665043206,0.11961058488464893,5.828670879282072e-16,0.9,1
144,4,-0.09433665363583192,0.13303731549631553,0.08238330636501132,0.12108396822549494,1.3877787807814457e-17,0.9,1
145,4,-0.09547039363545468,0.1353586463689275,0.08264158168891116,0.12252983442238374,-2.3592239273284576e-16,0.9,1
146,4,-0.09662274666531645,0.13771147877183115,0.08285953827044829,0.12394827037696388,8.881784197001252e-16,0.9,1
147,4,-0.09779356968664187,0.14009560204270388,0.08303852644404452,0.1253405588001062,-3.3306690738754696e-16,0.9,1
148,4,-0.09898328329178666,0.14251233242203448,0.0836608356081806,0.12718988473842785,-5.828670879282072e-16,0.9,1
149,4,-0.10019400098122623,0.14496750132171324,0.08572395352706698,0.1304974538675534,-5.828670879282072e-16,0.9,1
150,4,-0.10142494040678539,0.14745946026854004,0.08571435633161813,0.13174887619337383,1.0547118733938987e-15,0.9,1
151,4,-0.10267362562536374,0.14998180053754392,0.08566885979857042,0.13297703471075195,1.3322676295501878e-15,0.9,1
152,4,-0.1039399493886766,0.1525342717452605,0.08558461659295712,0.13417893894953892,-2.1094237467877974e-15,0.9,1
153,4,-0.10522470734413657,0.1551191223361001,0.0862415474125223,0.13613596240448622,3.885780586188048e-16,0.9,1
154,4,-0.1065277928776361,0.1577360478890472,0.08605261548224871,0.13726087049365887,-9.43689570931383e-16,0.9,1
155,4,-0.10784821522357681,0.16038223623844486,0.08582826313957095,0.1383622841544394,3.885780586188048e-16,0.9,1
156,4,-0.10918592883519677,0.1630574263275346,0.08557376639912496,0.13944526389146183,-9.43689570931383e-16,0.9,1
157,4,-0.11054114318508847,0.16576208684505941,0.08539440544291184,0.14061534910288565,2.858824288409778e-15,0.9,1
158,4,-0.11191415446709926,0.16849693585359754,0.08521414189888488,0.14179692328538174,-1.4155343563970746e-15,0.9,1
159,4,-0.11330499544221566,0.1712618636403194,0.08498577677371125,0.14294264497181608,1.1102230246251565e-15,0.9,1
160,4,-0.1147136078295593,0.17405649418719105,0.08471142108492803,0.1440543074425591,-6.661338147750939e-16,0.9,1
161,4,-0.11613995874566285,0.17688041643073882,0.08439242291107922,0.14513288059615448,-7.216449660063518e-16,0.9,1
162,4,-0.11758404249461378,0.17973323376061445,0.08403119567961158,0.14618038694561086,-1.3877787807814457e-15,0.9,1
163,4,-0.11904588288672233,0.1826145609223521,0.08362907856520554,0.14719775660083556,2.498001805406602e-16,0.9,1
164,4,-0.12052553152610004,0.18552397030718143,0.08318805336315198,0.14818649214423374,3.885780586188048e-16,0.9,1
165,4,-0.12202306930675261,0.18846108742903278,0.08271004444432117,0.14914806256660107,-2.7755575615628914e-16,0.9,1
166,4,-0.12354860362211499,0.19145856753613572,0.09106958047242406,0.15897954438644568,8.881784197001252e-16,0.9,1
167,4,-0.12510188798725977,0.19451571034903026,0.09014642328223363,0.15956024564400373,-3.885780586188048e-16,0.9,1
168,4,-0.12667258945990395,0.1975979675882021,0.08919419939144514,0.16011957751974393,6.106226635438361e-16,0.9,1
169,4,-0.12826086826262237,0.2007048937952969,0.08821510795332178,0.16065913348599814,1.8318679906315083e-15,0.9,1
170,4,-0.12986689045973804,0.20383607888702587,0.08721128917099545,0.16118047759828436,1.0547118733938987e-15,0.9,1
171,4,-0.13149082521306224,0.2069910896923792,0.08618476023525555,0.16168502471457025,-2.275957200481571e-15,0.9,1
172,4,-0.1331331375322597,0.21017055565460485,0.08540140338052764,0.16243882150287448,1.6653345369377348e-15,0.9,1
173,4,-0.1347939488895979,0.21337394813173366,0.08429497832102373,0.16287497756315616,-3.3306690738754696e-15,0.9,1
174,4,-0.1364730577881281,0.2165996252359705,0.08318453736498124,0.1633111048128253,1.6375789613221059e-15,0.9,1
175,4,-0.13817059417103159,0.21984725996583632,0.08212114613682608,0.1637978119316319,1.0824674490095276e-15,0.9,1
176,4,-0.13988675840314857,0.22311677290058446,0.08109885373956117,0.16432886823699633,-7.216449660063518e-16,0.9,1
177,4,-0.1416218083736842,0.22640826136718678,0.0801146233505722,0.16490107634407458,-1.942890293094024e-16,0.9,1
178,4,-0.1433762182888504,0.22972266360436538,0.07936749465554996,0.16571393997106476,-1.942890293094024e-16,0.9,1
179,4,-0.14515023441845154,0.23306008662255265,0.078457003249622,0.16636685545372387,7.771561172376096e-16,0.9,1
180,4,-0.14694387273529658,0.23641982153522897,0.07758336029401704,0.16705930909394873,-7.216449660063518e-16,0.9,1
181,4,-0.14875737018104968,0.23980195745329508,0.07674441570864965,0.1677890029808946,-4.440892098500626e-16,0.9,1
182,4,-0.15059096301719374,0.24320658595586436,0.07593809739036114,0.16855372032903126,-4.996003610813204e-16,0.9,1
183,4,-0.15244645652142658,0.2466399165724723,0.07656910614971366,0.1707625662007608,1.4155343563970746e-15,0.9,1
184,4,-0.15432363759818057,0.2501003467599713,0.07540505940743454,0.17118176856922496,-2.7755575615628914e-16,0.9,1
185,4,-0.15622068630870656,0.25357990636649524,0.07425243127404293,0.1716116513318351,3.469446951953614e-15,0.9,1
186,4,-0.15813807600032448,0.2570794988453485,0.0733598566272355,0.17230127947225782,-1.6653345369377348e-15,0.9,1
187,4,-0.16007606100469496,0.26059920894783506,0.07228489396788852,0.1728080419110256,-2.9976021664879227e-15,0.9,1
188,4,-0.16203511571972182,0.2641400571516628,0.07167597837287233,0.17378091980481614,2.831068712794149e-15,0.9,1
189,4,-0.1640154325171384,0.2677019306168059,0.0706311985972105,0.1743176966968747,-3.3306690738754696e-15,0.9,1
190,4,-0.16601685988606946,0.2712833543955993,0.06975231739630366,0.1750188119058329,-6.106226635438361e-16,0.9,1
191,4,-0.16804074529546537,0.2748890123295188,0.06977445806901472,0.17662272510306565,-2.4980018054066022e-15,0.9,1
192,4,-0.17009081789624803,0.27853311666238495,0.07179054302026323,0.18023284178640608,5.9396931817445875e-15,0.9,1
193,4,-0.17216663908384242,0.2822124110269071,0.07083997987918195,0.1808857518222453,-1.304512053934559e-15,0.9,1
194,4,-0.17426514435268325,0.2859131036539152,0.06988818124185874,0.18153614054308775,-2.942091015256665e-15,0.9,1
195,4,-0.17638640254174054,0.2896347925569979,0.06893536919029254,0.1821837592055502,2.7755575615628914e-16,0.9,1
196,4,-0.1785305023512232,0.29337704347076893,0.06798171052507992,0.1828282516446258,1.3877787807814457e-16,0.9,1
197,4,-0.1806975399820356,0.29713943326702574,0.06702753504712669,0.18346942833212054,3.7192471324942744e-15,0.9,1
198,4,-0.18288758891673138,0.30092153369498803,0.06607307372608005,0.18410701850433142,-5.2735593669694936e-15,0.9,1
199,4,-0.18510069559628037,0.3047228490763726,0.0651091347566668,0.18473128823676177,2.7478019859472624e-15,0.9,1
200,4,-0.18733689920067434,0.30854291064406875,0.06414692360696815,0.1853529350503642,1.6653345369377348e-15,0.9,1
201,4,-0.1895962420195229,0.31238127148615025,0.06318666435284634,0.185971693819468,-5.689893001203927e-15,0.9,1
202,4,-0.19187875412012784,0.3162374968777103,0.06222859226780185,0.18658733502538638,2.0539125955565396e-15,0.9,1
203,4,-0.19418445232235002,0.3201111467578892,0.0612730343398883,0.18719972877543256,5.051514762044462e-15,0.9,1
204,4,-0.1965133406179527,0.32400176263407876,0.06032022326090384,0.18780864527703045,5.551115123125783e-16,0.9,1
205,4,-0.19886541192853388,0.32790890665645256,0.05937048998531155,0.18841398471322535,-4.884981308350689e-15,0.9,1
206,4,-0.20124064965848104,0.33183211264613177,0.05842421066045871,0.189015673648111,1.5543122344752192e-15,0.9,1
207,4,-0.2036390281286773,0.3357709279310356,0.057481600485472094,0.1896135002878303,-8.326672684688674e-17,0.9,1
208,4,-0.20606051374885914,0.33972489481452534,0.05654318466973294,0.190207565735399,-1.3877787807814457e-16,0.9,1
209,4,-0.20850484198208497,0.3436932181600069,0.05559223149144765,0.19078060766936744,-2.1649348980190553e-15,0.9,1
210,4,-0.21097127724803497,0.3476745313421728,0.05462644392746486,0.1913296980216046,1.915134717478395e-15,0.9,1
211,4,-0.21345933482903287,0.3516678483290559,0.05367786855032869,0.19188638205035247,7.494005416219807e-16,0.9,1
212,4,-0.21596904304787257,0.35567289316953177,0.05274667501250674,0.19245052513416283,-3.1086244689504383e-15,0.9,1
213,4,-0.2185004432847892,0.3596894018160979,0.05183294467370689,0.19302190320501467,-8.881784197001252e-16,0.9,1
214,4,-0.22105356985892177,0.36371709128686736,0.0509361922091302,0.19359971363708084,5.051514762044462e-15,0.9,1
215,4,-0.22362844895513473,0.3677556908665186,0.050056301499131206,0.1941835434105137,-1.3877787807814457e-15,0.9,1
216,4,-0.22622509845106462,0.3718048999506348,0.049193264231774676,0.19477306573134356,-1.304512053934559e-15,0.9,1
217,4,-0.22884352747907877,0.3758644258342898,0.0483465355894774,0.1953674339446927,4.246603069191224e-15,0.9,1
218,4,-0.23148373980916917,0.3799339643050919,0.04751645745179746,0.19596668194771993,-2.7755575615628914e-16,0.9,1
219,4,-0.2341457371899591,0.38401319388683397,0.046702476153850155,0.19656993285072133,-3.6914915568786455e-15,0.9,1
220,4,-0.2368295201535438,0.38810180308308895,0.04590460918257759,0.1971768921121182,-4.551914400963142e-15,0.9,1
221,4,-0.23953508634361595,0.3921994519878924,0.04512297331323445,0.19778733895751444,3.524958103184872e-15,0.9,1
222,4,-0.24226242601252818,0.39630580749284494,0.04435693278966803,0.1984003142699855,7.216449660063518e-16,0.9,1
223,4,-0.24501152170472462,0.4004205240816793,0.043607092208307115,0.19901609458526082,-9.43689570931383e-16,0.9,1
224,4,-0.2477823517713811,0.4045432401427271,0.04287276294153344,0.19963365131287958,1.6653345369377348e-16,0.9,1
225,4,-0.2505748978854073,0.4086736014799009,0.04215409308753314,0.200252796682026,-7.216449660063518e-16,0.9,1
226,4,-0.25338934150198084,0.4128118449245331,0.04152681822060007,0.20094932164315082,-1.4988010832439613e-15,0.9,1
227,4,-0.25622918862846844,0.41696931958413785,0.04230753857180414,0.20304766952747855,4.9960036108132044e-15,0.9,1
228,4,-0.259098672240809,0.42116002101477495,0.04348770406103092,0.2055490528349928,-4.052314039881821e-15,0.9,1
229,4,-0.2619982995165782,0.4253857694973291,0.044529780816572745,0.20791725079732615,2.525757381022231e-15,0.9,1
230,4,-0.2649273069632859,0.42964417246866576,0.04544045655844765,0.21015732206382864,1.1657341758564144e-15,0.9,1
231,4,-0.2678850168985536,0.43393287539690034,0.04622625816733176,0.2122741166656752,-3.3029134982598407e-15,0.9,1
232,4,-0.2708707902688846,0.43824959004857345,0.04689237660091612,0.21427117638060622,1.27675647831893e-15,0.9,1
233,4,-0.2738842003891633,0.4425920751946721,0.04744597823940183,0.21615385304490786,-2.7755575615628914e-15,0.9,1
234,4,-0.2769249938541943,0.4469581310852237,0.0478917690800465,0.21792490631107952,3.608224830031759e-15,0.9,1
235,4,-0.2799928287192363,0.45134561576014126,0.04823592943696359,0.21958871647786538,-3.164135620181696e-15,0.9,1
236,4,-0.2830873032661955,0.45575241982360337,0.04848433951763043,0.2211494560750431,4.829470157119431e-15,0.9,1
237,4,-0.28620799720424167,0.46017649344811884,0.0486413182937143,0.22260981453758788,-3.58046925441613e-15,0.9,1
238,4,-0.289354497440526,0.464615829461415,0.04871368971130663,0.22397502173219763,1.9984014443252818e-15,0.9,1
239,4,-0.2925264098940814,0.4690684632613723,0.048705150817345055,0.22524720418463673,7.771561172376096e-16,0.9,1
240,4,-0.2957233664585933,0.47353248566819095,0.04862141552870665,0.2264305347383022,-2.0539125955565396e-15,0.9,1
241,4,-0.29894503184051135,0.47800601900527473,0.048467688426417875,0.22752867559118783,6.5780714209040525e-15,0.9,1
242,4,-0.3021911022025468,0.4824872395392554,0.04824739413272319,0.2285435314694233,-8.465450562766819e-15,0.9,1
243,4,-0.3054613080637548,0.48697436099527586,0.047967076653311125,0.22948012958483588,3.7192471324942744e-15,0.9,1
244,4,-0.30875079788843246,0.49144919680758115,0.045621821246111006,0.22832022016525855,-1.1379786002407855e-15,0.9,1
245,4,-0.3120457385715525,0.49586119202194767,0.03929547175758191,0.2231109252079797,2.609024107869118e-15,0.9,1
246,4,-0.31533759648182624,0.5001782535730543,0.03324442813949489,0.21808508523072234,-6.38378239159465e-16,0.9,1
247,4,-0.3186278578032209,0.5044039466545154,0.027593072070393916,0.21336916092168323,-5.162537064506978e-15,0.9,1
248,4,-0.32191825952520897,0.5085427659047723,0.022328073427926202,0.20895257980749093,1.3877787807814457e-15,0.9,1
249,4,-0.32521047647305196,0.5125990089837463,0.01743149596630443,0.20482002847700187,3.0531133177191805e-15,0.9,1
250,4,-0.3285061192103662,0.5165767832979774,0.012889221168924485,0.20095988525653752,1.8318679906315083e-15,0.9,1
251,4,-0.3318067377303664,0.5204799906579703,0.00868649217763584,0.1973597451052349,-4.884981308350689e-15,0.9,1
252,4,-0.3351138179152106,0.5243163078033998,0.0052246670162688046,0.19442715690446022,2.248201624865942e-15,0.9,1
253,4,-0.33842879321497416,0.5281044832822426,0.003266229283375634,0.1929419193506483,4.246603069191224e-15,0.9,1
254,4,-0.34175967215345815,0.5318648222028961,0.002276349462986774,0.19238149951241823,-6.494804694057166e-15,0.9,1
255,4,-0.3451133400167422,0.5356072657803073,0.0017678624111802008,0.1922617881747506,5.329070518200751e-15,0.9,1
256,4,-0.34848999003438236,0.5393346954082441,0.0013817940320643987,0.19222649940592262,-3.497202527569243e-15,0.9,1
0,5,-0.15031401996165966,0.07416572096255941,0.1391080681195846,0.06295976912048462,2.7755575615628914e-16,0.7,-1
1,5,-0.15884339304435952,0.06894442337750746,0.1406130397961483,0.050714070129296074,-1.8041124150158794e-16,0.7,-1
2,5,-0.1749264340228741,0.06621519082408554,0.07553195917695688,-0.03317928402183146,2.3592239273284576e-16,0.7,-1
3,5,-0.17881222873937447,0.06116317483102385,0.2858659296611602,0.1682168757528093,-2.7755575615628914e-16,0.7,-1
4,5,-0.1850446609970568,0.05691894275800741,0.06080789762726655,-0.06731782061178304,-1.942890293094024e-16,0.7,-1
5,5,-0.16710797610775946,0.05028031007353601,0.440337161004381,0.3235094949701576,5.551115123125783e-17,0.7,-1
6,5,-0.14594857877032447,0.043247274328017324,0.06040840873507059,-0.04229289570723638,1.734723475976807e-16,0.7,-1
7,5,-0.12424982582767721,0.038040245293880316,0.3719961630603025,0.2857865825265056,0.0,0.7,-1
8,5,-0.09602918412857037,0.0320343618349312,0.06278928024210384,-0.0012055420515351134,2.220446049250313e-16,0.7,-1
9,5,-0.083501061553251,0.02882506000976351,0.22167345718535536,0.16699745564186785,0.0,0.7,-1
10,5,-0.06676407748471437,0.02511716753999597,0.06593289071169289,0.024285980766974413,-8.326672684688674e-17,0.7,-1
11,5,-0.0615429954959079,0.02292057734029633,0.13339217205712472,0.09476975390151321,5.551115123125783e-17,0.7,-1
12,5,-0.055142030427930734,0.02051732164321042,0.07088163187222983,0.036256923087509496,-2.0816681711721685e-17,0.7,-1
13,5,-0.05280686061715813,0.018734111763465306,0.0977213235164471,0.06364857466275431,2.7755575615628914e-17,0.7,-1
14,5,-0.04913003790486706,0.0168166301644429,0.07720826527942512,0.04489485753900091,-5.551115123125783e-17,0.7,-1
15,5,-0.04709232109679444,0.015179936840340193,0.08129150968940452,0.04937912543295031,4.163336342344337e-17,0.7,-1
16,5,-0.04415422576263274,0.013553717920553888,0.07715616822215621,0.0465556603800773,-5.551115123125783e-17,0.7,-1
17,5,-0.0417929491631226,0.012085515741894561,0.07158703041001094,0.04187959698878285,-4.163336342344337e-17,0.7,-1
18,5,-0.03928282620338901,0.010717391529523257,0.07154109934087322,0.04297566466700742,-4.85722573273506e-17,0.7,-1
19,5,-0.03683309238412871,0.009445461436372187,0.06605616756818693,0.03866853662043057,1.6653345369377348e-16,0.7,-1
20,5,-0.03457564915234051,0.008296478735334603,0.0638713015120194,0.03759213109501347,-2.7755575615628914e-17,0.7,-1
21,5,-0.03228878048976979,0.007236786524658865,0.06064466064908576,0.035592666683974816,-2.0816681711721685e-17,0.7,-1
22,5,-0.030143258342857065,0.006276202235366673,0.05734495151343559,0.03347789540594526,5.551115123125783e-17,0.7,-1
23,5,-0.028072457057429896,0.00540603942876199,0.05444640813680465,0.03177999050813668,-6.938893903907228e-17,0.7,-1
24,5,-0.026078459642802476,0.004617823099790036,0.05151132470253532,0.03005068815952283,-4.85722573273506e-17,0.7,-1
25,5,-0.024185409109815197,0.003908390435747832,0.048457266932241,0.028180248258173612,-2.0816681711721685e-17,0.7,-1
26,5,-0.022378464815733027,0.003271458914173577,0.045781765956684255,0.02667476005512487,6.245004513516506e-17,0.7,-1
27,5,-0.020659820810267376,0.0027003127280864924,0.04296746636813395,0.025007958285953036,-3.122502256758253e-17,0.7,-1
28,5,-0.01903790012457851,0.0021907042171404427,0.040304055344872726,0.023456859437434696,3.8163916471489756e-17,0.7,-1
29,5,-0.01750059367020551,0.0017360778998866287,0.03780099596265775,0.022036480192338948,7.979727989493313e-17,0.7,-1
30,5,-0.016051564830617683,0.001331673935210731,0.0352627010759996,0.020542810180592536,-1.1449174941446927e-16,0.7,-1
31,5,-0.01468532341790289,0.0009728794645758281,0.03292915433661337,0.01921671038328629,-2.0816681711721685e-17,0.7,-1
32,5,-0.01339434567508991,0.0006547273580823482,0.030636502385977912,0.017896884068970415,6.245004513516506e-17,0.7,-1
33,5,-0.012178477148395477,0.00037344611072548243,0.028386602401365084,0.01658157136369509,0.0,0.7,-1
34,5,-0.01103259600363813,0.00012530253646519092,0.02620416909114863,0.015296875623975664,-2.6020852139652106e-17,0.7,-1
35,5,-0.009951870073473236,-9.326320754377986e-05,0.02413342846600419,0.014088295184987193,2.0816681711721685e-17,0.7,-1
36,5,-0.00893345348594583,-0.00028525698868900264,0.022126965293938497,0.012908254819303633,-3.122502256758253e-17,0.7,-1
37,5,-0.007974617987323438,-0.0004531815556940936,0.020218958688969897,0.011791159145952385,1.9081958235744878e-17,0.7,-1
38,5,-0.00707333354687076,-0.0005993171589345641,0.0183620319216894,0.010689381215884086,1.0408340855860843e-17,0.7,-1
39,5,-0.006227641207338621,-0.0007257244126990551,0.01661565626931565,0.009662290649277969,-3.469446951953614e-18,0.7,-1
40,5,-0.005435826098258387,-0.0008342734063645467,0.014917922360080615,0.008647822855457662,-1.734723475976807e-17,0.7,-1
41,5,-0.004696845298638957,-0.0009266524652388199,0.013316584285722417,0.007693086521844639,-1.734723475976807e-18,0.7,-1
42,5,-0.004009172850884465,-0.0010044877202988486,0.011790613536561993,0.006776952965378696,1.734723475976807e-17,0.7,-1
43,5,-0.0033733791493451596,-0.0010692426846876373,0.010331308687066283,0.005888686853033481,-5.204170427930421e-18,0.7,-1
44,5,-0.0027898442861017106,-0.0011223344821243045,0.008967756946283264,0.0050555781780572545,5.204170427930421e-18,0.7,-1
45,5,-0.0022591390642432317,-0.0011651036726746627,0.007673365307976262,0.004249122571058361,-6.938893903907228e-18,0.7,-1
46,5,-0.0017825860959561138,-0.001198823654378,0.006475915192351814,0.003494505442017695,-4.7704895589362195e-18,0.7,-1
47,5,-0.0013625822833580462,-0.0012247369482841295,0.005369298545527204,0.002781979313885033,4.7704895589362195e-18,0.7,-1
48,5,-0.0010019035564624275,-0.0012440098988145284,0.004359963505140945,0.0021140500498639803,-9.107298248878237e-18,0.7,-1
49,5,-0.0007001286138167558,-0.0012577793776402594,0.003460051004272011,0.0015021430128150104,1.474514954580286e-17,0.7,-1
50,5,-0.0004538484336012776,-0.0012671533346488694,0.00268074982599975,0.0009597480577495932,-9.75781955236954e-18,0.7,-1
51,5,-0.0002593479436888773,-0.0012733039116151691,0.002009618249861821,0.00047696639455778456,1.0191500421363742e-17,0.7,-1
52,5,-0.00011760196991015245,-0.0012774517391696929,0.0015290070831029015,0.00013395337402305474,-1.5178830414797062e-18,0.7,-1
53,5,-3.3243988735883674e-05,-0.001280514864644589,0.0012822837843350328,-3.147506904545294e-05,-1.3227266504323154e-17,0.7,-1
54,5,-1.5485539215494942e-07,-0.0012830155445408716,0.0011888685984620304,-9.430180147100564e-05,-9.540979117872439e-18,0.7,-1
55,5,-1.1381267613529611e-07,-0.0012852056032415953,0.0012022394523464699,-8.307996357125036e-05,1.0408340855860843e-17,0.7,-1
56,5,-8.179932960886426e-08,-0.0012871614863654533,0.0012163801678444094,-7.086311785063637e-05,1.6479873021779667e-17,0.7,-1
57,5,-5.82327358405966e-08,-0.0012888572648548243,0.0012320606612927865,-5.6854836297887124e-05,-8.673617379884035e-18,0.7,-1
58,5,-4.115992718513206e-08,-0.001290263747409661,0.0012487679122736236,-4.153699506322106e-05,1.3010426069826053e-18,0.7,-1
59,5,-2.9288971168007313e-08,-0.0012913653696936124,0.0012655404125325883,-2.5854246132189784e-05,2.3852447794681098e-18,0.7,-1
60,5,-2.1892795015299143e-08,-0.0012921512152613765,0.001282835250628914,-9.337857427488272e-06,-1.0625181290357943e-17,0.7,-1
61,5,-1.7835978062466408e-08,-0.0012926016902588325,0.0013010909263336836,8.471400096812798e-06,2.42861286636753e-17,0.7,-1
62,5,-1.5923664901725596e-08,-0.001292690222217727,0.0013205844991116074,2.7878353228955044e-05,-2.3635607360183997e-17,0.7,-1
63,5,-1.5299686475686838e-08,-0.0012923896033165652,0.0013410324272385967,4.862752423558103e-05,2.5153490401663703e-17,0.7,-1
64,5,-1.535551775052484e-08,-0.0012916747417480267,0.0013624718420352671,7.078174476947419e-05,-1.5612511283791264e-17,0.7,-1
65,5,-1.606466403832579e-08,-0.0012905220098863965,0.0013846758096298488,9.413773507940815e-05,-5.854691731421724e-18,0.7,-1
66,5,-1.775623425937915e-08,-0.0012889091178912861,0.0014076874234102547,0.00011876054928471047,1.3010426069826053e-18,0.7,-1
67,5,-2.0815641649639328e-08,-0.0012868128879019059,0.0014315433557673548,0.00014470965222379562,-3.686287386450715e-18,0.7,-1
68,5,-2.561502892276373e-08,-0.0012841921301338238,0.001458011669069474,0.00017379392390672044,-6.938893903907228e-18,0.7,-1
69,5,-3.250048236604965e-08,-0.0012809574427859233,0.0014902443281584025,0.0002092543848901396,2.6454533008646308e-17,0.7,-1
70,5,-4.178234545413287e-08,-0.001277032491331355,0.0015235267949824417,0.0002464525213056179,-1.474514954580286e-17,0.7,-1
71,5,-5.372587388854164e-08,-0.0012723879531463624,0.0015575658754720914,0.0002851241964518386,-1.734723475976807e-18,0.7,-1
72,5,-6.854086965833045e-08,-0.0012669975869300625,0.0015923111917755268,0.0003252450639757848,-2.1250362580715887e-17,0.7,-1
73,5,-8.636991493168249e-08,-0.0012608342306591998,0.0016278475357285665,0.0003669269351544574,2.233456475320139e-17,0.7,-1
74,5,-1.0727755070370863e-07,-0.0012538701715954794,0.0016641202286078456,0.00041014277946165023,-1.235990476633475e-17,0.7,-1
75,5,-1.3124174286021015e-07,-0.0012460776605430063,0.001701149498650918,0.00045494059636505546,3.903127820947816e-18,0.7,-1
76,5,-1.5814837660962166e-07,-0.0012374279630411934,0.001738966791216224,0.0005013806797984077,-1.3227266504323154e-17,0.7,-1
77,5,-1.8779076099090133e-07,-0.001227891605901833,0.0017775963930072465,0.0005495169963444374,1.496198998029996e-17,0.7,-1
78,4,-2.1986992591973856e-07,-0.0012174388645959924,0.0018170601418205025,0.0005994014072985832,-7.15573433840433e-18,0.7,-1
79,4,-2.5404106905108787e-07,-0.0012060369270554124,0.001857388220245822,0.0006510972521213548,-3.686287386450715e-18,0.7,-1
80,4,-2.898862559395475e-07,-0.0011936543315215846,0.0018985970546583214,0.0007046528368808008,3.686287386450715e-18,0.7,-1
81,4,-3.2697384689310836e-07,-0.0011802579370588677,0.001940714882493896,0.0007601299715881277,-7.589415207398531e-18,0.7,-1
82,4,-3.6484704746130587e-07,-0.0011658138819271178,0.0019837619525266055,0.0008175832235520347,8.456776945386935e-18,0.7,-1
83,4,-4.029842321184406e-07,-0.00115028730229325,0.0020277565687185457,0.0008770662821931743,-3.0357660829594124e-18,0.7,-1
84,4,-4.409814555143761e-07,-0.0011336425864081144,0.0020727251460826487,0.0009386415782190183,-1.734723475976807e-18,0.7,-1
85,4,-4.78716036299647e-07,-0.0011158399273638283,0.002119021177866696,0.0010027025344665902,2.190088388420719e-17,0.7,-1
86,4,-5.159807802066019e-07,-0.0010966755978528589,0.0021829397092114856,0.0010857481305784067,-1.3444106938820255e-17,0.7,-1
87,4,-5.524887830331592e-07,-0.0010758506048912206,0.0022573915497012395,0.0011809884560269879,2.168404344971009e-18,0.7,-1
88,4,-5.880393750672501e-07,-0.0010532159273117108,0.002333604684854799,0.0012798007181680296,8.456776945386935e-18,0.7,-1
89,4,-6.226238705386852e-07,-0.0010287030022935744,0.0024119263598507516,0.00138260073368663,-8.673617379884035e-18,0.7,-1
90,4,-6.563676669292213e-07,-0.0010022452709172055,0.002491700863779478,0.0014887992251953336,-9.75781955236954e-18,0.7,-1
91,4,-6.894781285933432e-07,-0.0009737869660899378,0.0025724211352245825,0.001597944691006055,3.469446951953614e-18,0.7,-1
92,4,-7.222232485176627e-07,-0.0009432756456679286,0.002654213900439302,0.0017102160315228473,-8.456776945386935e-18,0.7,-1
93,4,-7.548853557089706e-07,-0.0009106546569098732,0.002737292584183005,0.0018258830419174352,1.214306433183765e-17,0.7,-1
94,4,-7.877231982872305e-07,-0.0008758623588570921,0.0028218755622792463,0.0019452254802238625,-4.553649124439119e-18,0.7,-1
95,4,-8.209455959523391e-07,-0.0008388367053886506,0.0029077014705833465,0.0020680438195987486,5.204170427930421e-18,0.7,-1
96,4,-8.547026514958207e-07,-0.0007995181806243916,0.0029947046900096,0.0021943318067337153,2.6020852139652106e-18,0.7,-1
97,4,-8.89098330185404e-07,-0.0007578503977193351,0.003082587580386769,0.002323848084337249,4.336808689942018e-19,0.7,-1
98,4,-9.242275156980181e-07,-0.000713780878250913,0.0031711977137820445,0.0024564926080154273,-6.071532165918825e-18,0.7,-1
99,3,-5.822615512068371e-07,-0.00041340341512738197,0.0019746068087262312,0.0015606211320476418,-6.505213034913027e-19,0.7,-1
100,2,-3.7797791581294877e-07,-0.00025406604486838944,0.0012728244854064922,0.001018380462622294,4.119968255444917e-18,0.7,-1
101,4,-9.973271924713187e-07,-0.0006184892602936534,0.0033511207037327764,0.002731634116246648,-3.903127820947816e-18,0.7,-1
102,4,-1.0357667855663182e-06,-0.0005668912021499584,0.0034427000535163566,0.0028747730845808325,4.336808689942018e-19,0.7,-1
103,4,-1.0758545352960703e-06,-0.000512664065413788,0.0035352983576798077,0.0030215584377307238,0.0,0.7,-1
104,4,-1.117911240299762e-06,-0.00045572283431904537,0.0036314638370894725,0.0031746230915301286,1.3010426069826053e-18,0.7,-1
105,4,-1.1622522413396085e-06,-0.00039589395553204376,0.0037373717849173015,0.003340315577143916,-2.168404344971009e-18,0.7,-1
106,4,-1.2091593584747704e-06,-0.0003330212806372787,0.003844799922553489,0.003510569482557735,-8.673617379884035e-19,0.7,-1
107,4,-1.2588535822266833e-06,-0.00026703234409223924,0.003953439978714718,0.003685148781040256,3.469446951953614e-18,0.7,-1
108,4,-1.311472683316048e-06,-0.00019785453992645887,0.004063534412867335,0.0038643684002575545,-5.204170427930421e-18,0.7,-1
109,4,-1.3670583859507531e-06,-0.00012541168794578028,0.00417510167700577,0.004048322930674041,2.6020852139652106e-18,0.7,-1
110,4,-1.425556638292926e-06,-4.962936650399089e-05,0.004287884571905255,0.004236829648762971,0.0,0.7,-1
111,4,-1.4868329988955916e-06,-1.057606795934818e-05,3.520101999152516e-05,2.313811903328141e-05,1.6940658945086007e-20,0.7,-1
112,4,-1.5507030331049753e-06,-1.0184863737801628e-05,3.521047214116853e-05,2.347490537026194e-05,1.3552527156068805e-20,0.7,-1
113,4,-1.616974141171484e-06,-9.790449643112965e-06,3.507984289058391e-05,2.3672419106299442e-05,-2.0328790734103208e-20,0.7,-1
114,4,-1.6854930141121326e-06,-9.395073258098295e-06,3.481132168709052e-05,2.3730755414879973e-05,-1.2197274440461925e-19,0.7,-1
115,4,-1.756190399402143e-06,-9.000975327692152e-06,3.4407062313283525e-05,2.3649896586189234e-05,3.3881317890172014e-21,0.7,-1
116,4,-1.8291141253188396e-06,-8.610388248213986e-06,3.3869353877968525e-05,2.3429851504435696e-05,-3.3881317890172014e-21,0.7,-1
117,4,-1.9044428193942023e-06,-8.225539940491596e-06,3.320044603339206e-05,2.307046327350629e-05,2.710505431213761e-20,0.7,-1
118,4,-1.9824753079297546e-06,-7.84840104032956e-06,3.243354450009614e-05,2.2602668151836848e-05,2.0328790734103208e-20,0.7,-1
119,4,-2.063595881163047e-06,-7.4807132532074425e-06,3.1567097673804725e-05,2.202278853943423e-05,-6.776263578034403e-21,0.7,-1
120,4,-2.148220668052711e-06,-7.124397425411039e-06,3.05840721651054e-05,2.13114540716416e-05,-4.743384504624082e-20,0.7,-1
121,4,-2.23673506864324e-06,-6.781488517403565e-06,2.949044480222489e-05,2.0472221216178137e-05,5.421010862427522e-20,0.7,-1
122,4,-2.3294351384076853e-06,-6.45270076870791e-06,2.84524265263694e-05,1.9670290619253766e-05,-4.0657581468206416e-20,0.7,-1
123,4,-2.4264853104601335e-06,-6.137523290854452e-06,2.7461444639129823e-05,1.8897436037815208e-05,-3.049318610115481e-20,0.7,-1
124,4,-2.5279015335222673e-06,-5.83613169479174e-06,2.6437810276232596e-05,1.8073777047918538e-05,-5.082197683525802e-20,0.7,-1
125,4,-2.633562867289337e-06,-5.549323348341118e-06,2.5383005141260604e-05,1.7200118925630233e-05,8.470329472543003e-20,0.7,-1
126,4,-2.7432475033345813e-06,-5.277266556172087e-06,2.437485769748309e-05,1.6354343637976418e-05,0.0,0.7,-1
127,4,-2.8566832040597787e-06,-5.0200706441825655e-06,2.3342609592036498e-05,1.5465855743794174e-05,2.0328790734103208e-20,0.7,-1
128,4,-2.973599092410591e-06,-4.778416623438245e-06,2.2285492345485905e-05,1.4533476629637022e-05,-4.743384504624082e-20,0.7,-1
129,4,-3.0937658250195588e-06,-4.5523854296608545e-06,2.1279856889985933e-05,1.363370563530554e-05,2.0328790734103208e-20,0.7,-1
130,4,-3.2170146378722524e-06,-4.341948314308574e-06,2.026301719073531e-05,1.270405423855445e-05,-3.5575383784680614e-20,0.7,-1
131,4,-3.343228534963578e-06,-4.147636167507605e-06,1.9226848929069242e-05,1.1735984226598085e-05,2.710505431213761e-20,0.7,-1
132,4,-3.472297608412696e-06,-3.969354230754936e-06,1.8259166951413085e-05,1.0817515112245435e-05,-1.6940658945086007e-20,0.7,-1
133,4,-3.6040322266987153e-06,-3.806949118361228e-06,1.7278471133812152e-05,9.867489788752191e-06,-1.6940658945086007e-20,0.7,-1
134,4,-3.738134673429902e-06,-3.660824437646101e-06,1.6295631707620877e-05,8.89667259654491e-06,3.7269449679189215e-20,0.7,-1
135,4,-3.874485434533752e-06,-3.5307506842397455e-06,1.5380043595494292e-05,7.974807476720798e-06,3.3881317890172014e-21,0.7,-1
136,4,-4.0131415186183355e-06,-3.416562655318034e-06,1.4453039920793188e-05,7.0233357468568204e-06,1.6940658945086007e-21,0.7,-1
137,4,-4.154219912023211e-06,-3.351933503421772e-06,9.147565363833575e-06,1.6414119483885753e-06,-1.6940658945086007e-20,0.7,-1
138,4,-4.297835100647142e-06,-3.333977554888159e-06,8.689512893290479e-06,1.0577002377552315e-06,5.421010862427522e-20,0.7,-1
139,4,-4.444130521358646e-06,-3.3261116614755968e-06,8.244281976761093e-06,4.740397939267623e-07,-8.809142651444724e-20,0.7,-1
140,4,-4.593278104409819e-06,-3.3279999004269192e-06,7.860222891145822e-06,-6.105511369088523e-08,3.218725199566341e-20,0.7,-1
141,4,-4.745465826363274e-06,-3.3391072088891045e-06,7.5152417852004045e-06,-5.693312500519793e-07,-5.929230630780102e-21,0.7,-1
142,4,-4.900881294723241e-06,-3.3590110870876006e-06,7.215895942749105e-06,-1.0439964390617114e-06,2.541098841762901e-20,0.7,-1
143,4,-5.059699203647696e-06,-3.387071546362481e-06,6.9847274717092084e-06,-1.4620432783009536e-06,1.6093625997831706e-20,0.7,-1
144,4,-5.2220795347377556e-06,-3.4227487865282318e-06,6.784853069578589e-06,-1.8599752516874825e-06,-8.385626177817573e-20,0.7,-1
145,4,-5.388185009114877e-06,-3.4657874996519824e-06,6.616044368517624e-06,-2.2379281402491855e-06,4.912791094074942e-20,0.7,-1
146,4,-5.5582271705903435e-06,-3.5159504731995374e-06,6.4780771594677525e-06,-2.5961004843221436e-06,-1.5246593050577406e-20,0.7,-1
147,4,-5.732503994144973e-06,-3.572987394517606e-06,6.3706970024489586e-06,-2.9347943862136387e-06,-1.8634724839594607e-20,0.7,-1
148,4,-5.91140726862601e-06,-3.6715174996481085e-06,1.6390924876853694e-06,-7.943832280588687e-06,6.098637220230962e-20,0.7,-1
149,4,-6.095429806221119e-06,-3.82358218845234e-06,0.0,-9.919011994673536e-06,-7.792703114739563e-20,0.7,-1
150,4,-6.285166017665952e-06,-3.994312510445921e-06,0.0,-1.0279478528111804e-05,6.945670167485263e-20,0.7,-1
151,4,-6.481302510004585e-06,-4.17182967118768e-06,0.0,-1.0653132181192269e-05,-3.3881317890172014e-21,0.7,-1
152,4,-6.684596162907173e-06,-4.35639656027233e-06,0.0,-1.1040992723179515e-05,-1.1858461261560205e-20,0.7,-1
153,4,-6.895838429366239e-06,-4.548295554532836e-06,0.0,-1.1444133983899056e-05,1.8634724839594607e-20,0.7,-1
154,4,-7.115805497577882e-06,-4.747826308886606e-06,0.0,-1.1863631806464546e-05,-5.759824041329242e-20,0.7,-1
155,4,-7.345196639113578e-06,-4.955309661272506e-06,0.0,-1.230050630038603e-05,5.421010862427522e-20,0.7,-1
156,4,-7.5845649250180595e-06,-5.171082663659421e-06,0.0,-1.2755647588677543e-05,-6.268043809681823e-20,0.7,-1
157,4,-7.834245974947662e-06,-5.395498113160941e-06,0.0,-1.3229744088108638e-05,-3.5575383784680614e-20,0.7,-1
158,4,-8.094290357029098e-06,-5.628921218070486e-06,0.0,-1.3723211575099553e-05,3.049318610115481e-20,0.7,-1
159,4,-8.3643983638137e-06,-5.871722114818091e-06,0.0,-1.4236120478631781e-05,1.0164395367051604e-20,0.7,-1
160,4,-8.643841408071931e-06,-6.124273426311072e-06,0.0,-1.4768114834383015e-05,-1.1858461261560205e-20,0.7,-1
161,4,-8.931338111413888e-06,-6.386938791160481e-06,0.0,-1.531827690257428e-05,8.809142651444724e-20,0.7,-1
162,4,-9.224944352238318e-06,-6.660064036390566e-06,0.0,-1.5885008388628863e-05,2.0328790734103208e-20,0.7,-1
163,4,-9.522916942210035e-06,-6.943969211545116e-06,0.0,-1.646688615375533e-05,-1.7957098481791167e-19,0.7,-1
164,4,-9.825853877791436e-06,-7.238968702620883e-06,0.0,-1.7064822580412217e-05,1.0164395367051604e-19,0.7,-1
165,4,-1.0134992766126845e-05,-7.545405001562202e-06,0.0,-1.7680397767689073e-05,-2.710505431213761e-20,0.7,-1
166,4,-1.0451019087309021e-05,-7.863641781310562e-06,0.0,-1.831466086861961e-05,-2.710505431213761e-20,0.7,-1
167,4,-1.0774411262581398e-05,-8.194060444267804e-06,0.0,-1.8968471706849103e-05,9.825582188149884e-20,0.7,-1
168,4,-1.1105535667010656e-05,-8.5370587256936e-06,0.0,-1.9642594392704272e-05,-1.3552527156068805e-20,0.7,-1
169,4,-1.1444698457678166e-05,-8.893047598334009e-06,0.0,-2.033774605601237e-05,-1.9651164376299768e-19,0.7,-1
170,4,-1.1792200736397778e-05,-9.262452901899727e-06,0.0,-2.105465363829741e-05,9.486769009248164e-20,0.7,-1
171,4,-1.2148401198547421e-05,-9.6457137521641e-06,0.0,-2.1794114950711495e-05,2.710505431213761e-20,0.7,-1
172,4,-1.2513720729859385e-05,-1.004328577224571e-05,0.0,-2.255700650210504e-05,5.421010862427522e-20,0.7,-1
173,4,-1.288860963816173e-05,-1.045564204331484e-05,0.0,-2.3344251681476562e-05,6.776263578034403e-21,0.7,-1
174,4,-1.3273522084889055e-05,-1.0883272321141515e-05,0.0,-2.4156794406030545e-05,2.710505431213761e-20,0.7,-1
175,4,-1.3668898387522546e-05,-1.132668581030424e-05,0.0,-2.4995584197826928e-05,-1.4230153513872246e-19,0.7,-1
176,4,-1.407516010207782e-05,-1.178640850874105e-05,0.0,-2.5861568610818873e-05,0.0,0.7,-1
177,4,-1.449271795835427e-05,-1.2262985266517084e-05,0.0,-2.675570322487129e-05,6.437450399132683e-20,0.7,-1
178,4,-1.492198677763454e-05,-1.2756979743664803e-05,0.0,-2.7678966521299357e-05,-1.3552527156068805e-20,0.7,-1
179,4,-1.5363398119425842e-05,-1.3268973525832772e-05,0.0,-2.8632371645258628e-05,-1.3552527156068805e-20,0.7,-1
180,4,-1.5817402646114405e-05,-1.3799569609353123e-05,0.0,-2.9616972255467645e-05,-1.1519648082658485e-19,0.7,-1
181,4,-1.6284459404207223e-05,-1.4349389959293312e-05,0.0,-3.063384936350039e-05,1.4230153513872246e-19,0.7,-1
182,4,-1.676501623773405e-05,-1.491907817840618e-05,0.0,-3.168409441614019e-05,4.0657581468206416e-20,0.7,-1
183,4,-1.7259490442794255e-05,-1.550929899040689e-05,0.0,-3.276878943320118e-05,-3.3881317890172014e-20,0.7,-1
184,4,-1.7768258591309264e-05,-1.6120736527316463e-05,0.0,-3.388899511862567e-05,5.421010862427522e-20,0.7,-1
185,4,-1.8291659729975075e-05,-1.6754097011041587e-05,0.0,-3.504575674101657e-05,9.486769009248164e-20,0.7,-1
186,4,-1.8830008941721696e-05,-1.741010510958364e-05,0.0,-3.624011405130561e-05,-2.710505431213761e-19,0.7,-1
187,4,-1.938361298037571e-05,-1.8089506632653265e-05,0.0,-3.747311961302901e-05,-2.710505431213761e-20,0.7,-1
188,4,-1.995277924041024e-05,-1.8793068074675154e-05,0.0,-3.874584731508547e-05,-7.453889935837843e-20,0.7,-1
189,4,-2.053781361865207e-05,-1.9521575487462424e-05,0.0,-4.005938910611436e-05,1.3552527156068805e-19,0.7,-1
190,4,-2.1139009749885837e-05,-2.0275837935741025e-05,0.0,-4.141484768562702e-05,-1.6263032587282567e-19,0.7,-1
191,4,-2.175663703896945e-05,-2.1056683705882047e-05,0.0,-4.2813320744851304e-05,1.8973538018496328e-19,0.7,-1
192,4,-2.2390935544533926e-05,-2.1864963136071442e-05,0.0,-4.42558986806054e-05,-2.710505431213761e-20,0.7,-1
193,4,-2.3042121499058143e-05,-2.27015474362208e-05,0.0,-4.574366893527891e-05,2.710505431213761e-20,0.7,-1
194,4,-2.371039928038915e-05,-2.3567327239174143e-05,0.0,-4.7277726519563126e-05,1.6263032587282567e-19,0.7,-1
195,4,-2.4395966338772374e-05,-2.446321618023897e-05,0.0,-4.885918251901168e-05,-3.3881317890172014e-19,0.7,-1
196,4,-2.5098989722654786e-05,-2.5390146750584916e-05,0.0,-5.0489136473239526e-05,1.7618285302889447e-19,0.7,-1
197,4,-2.581955858348236e-05,-2.6349072957131094e-05,0.0,-5.216863154061343e-05,2.710505431213761e-20,0.7,-1
198,4,-2.6557832555901563e-05,-2.734096860160191e-05,0.0,-5.389880115750354e-05,-6.776263578034403e-20,0.7,-1
199,4,-2.7314256051704778e-05,-2.836683004861422e-05,0.0,-5.568108610031885e-05,1.4907779871675686e-19,0.7,-1
200,4,-2.8089415677938662e-05,-2.9427684124506788e-05,0.0,-5.751709980244537e-05,8.131516293641283e-20,0.7,-1
201,4,-2.888391501961628e-05,-3.0524585485683205e-05,0.0,-5.940850050529969e-05,-2.0328790734103208e-19,0.7,-1
202,4,-2.969837726433059e-05,-3.165862095432027e-05,0.0,-6.135699821865079e-05,6.776263578034403e-20,0.7,-1
203,4,-3.053345391724585e-05,-3.283090898355624e-05,0.0,-6.336436290080186e-05,2.439454888092385e-19,0.7,-1
204,4,-3.13898096020996e-05,-3.404259923183074e-05,0.0,-6.54324088339305e-05,-1.6263032587282567e-19,0.7,-1
205,4,-3.226811825233188e-05,-3.5294877021870665e-05,0.0,-6.756299527420242e-05,1.2197274440461925e-19,0.7,-1
206,4,-3.316908333717254e-05,-3.658895926683859e-05,0.0,-6.975804260401109e-05,4.0657581468206416e-20,0.7,-1
207,4,-3.409350462664978e-05,-3.792610026423574e-05,0.0,-7.20196048908852e-05,3.2526065174565133e-19,0.7,-1
208,4,-3.504236824299565e-05,-3.930759296737465e-05,0.0,-7.434996121037131e-05,-1.0028870095490916e-18,0.7,-1
209,4,-3.601690402882512e-05,-4.073477240485855e-05,0.0,-7.675167643368327e-05,4.0657581468206416e-19,0.7,-1
210,4,-3.701866031887876e-05,-4.220902545713426e-05,0.0,-7.922768577601309e-05,-6.776263578034403e-20,0.7,-1
211,4,-3.804958956534434e-05,-4.373179313088416e-05,0.0,-8.178138269622883e-05,-3.2526065174565133e-19,0.7,-1
212,4,-3.911213197673897e-05,-4.530458452318486e-05,0.0,-8.441671649992311e-05,7.182839392716467e-19,0.7,-1
213,4,-4.0209278243600693e-05,-4.692898542386301e-05,0.0,-8.713826366746379e-05,-8.131516293641283e-20,0.7,-1
214,4,-4.1344585828937514e-05,-4.8606669271296215e-05,0.0,-8.995125510023391e-05,-1.8973538018496328e-19,0.7,-1
215,4,-4.252211868525409e-05,-5.0339413053568325e-05,0.0,-9.286153173882318e-05,-7.589415207398531e-19,0.7,-1
216,4,-4.37462804341598e-05,-5.21291017888191e-05,0.0,-9.587538222297813e-05,7.589415207398531e-19,0.7,-1
217,4,-4.502150730119162e-05,-5.39777396470993e-05,0.0,-9.899924694829147e-05,-5.421010862427522e-19,0.7,-1
218,4,-4.635174133391394e-05,-5.588744574833806e-05,0.0,-0.00010223918708225166,3.2526065174565133e-19,0.7,-1
219,4,-4.773941330705809e-05,-5.7860438179225446e-05,0.0,-0.00010559985148628345,8.131516293641283e-20,0.7,-1
220,4,-4.918312687661032e-05,-5.989899354670394e-05,0.0,-0.00010908212042331491,-6.505213034913027e-19,0.7,-1
221,4,-5.067218152535702e-05,-6.20053266425642e-05,0.0,-0.00011267750816792077,4.607859233063394e-19,0.7,-1
222,4,-5.217556356371324e-05,-6.418132631680603e-05,0.0,-0.00011635688988051885,4.2012834183813297e-19,0.7,-1
223,4,-5.3632368632763906e-05,-6.642804526310992e-05,0.0,-0.0001200604138958737,1.3552527156068805e-19,0.7,-1
224,4,-5.496878804471635e-05,-6.87452168277483e-05,0.0,-0.0001237140048724653,-6.505213034913027e-19,0.7,-1
225,4,-5.618054401586691e-05,-7.113163027524998e-05,0.0,-0.00012731217429111635,5.421010862427522e-19,0.7,-1
226,4,-5.73097117398762e-05,-7.358663692240622e-05,0.0,-0.0001308963486622832,-7.860465750519907e-19,0.7,-1
227,4,-5.8386918829071354e-05,-7.611019351395684e-05,0.0,-0.00013449711234302802,1.6263032587282567e-19,0.7,-1
228,4,-5.9437648438423325e-05,-7.8702823596216e-05,0.0,-0.00013814047203463894,3.7947076036992655e-19,0.7,-1
229,4,-6.0452078933621205e-05,-8.136521160579734e-05,0.0,-0.0001418172905394196,-1.0299920638612292e-18,0.7,-1
230,4,-6.140112926726569e-05,-8.40976413077707e-05,0.0,-0.00014549877057503519,1.1926223897340549e-18,0.7,-1
231,4,-6.224996798129591e-05,-8.689976254260798e-05,0.0,-0.00014914973052390472,-8.131516293641283e-19,0.7,-1
232,4,-6.296511483686466e-05,-8.977055196357642e-05,0.0,-0.00015273566680044058,4.87890977618477e-19,0.7,-1
233,4,-6.351822358895089e-05,-9.270835649235723e-05,0.0,-0.00015622658008130827,-1.6263032587282567e-19,0.7,-1
234,4,-6.388906882214394e-05,-9.571100777020574e-05,0.0,-0.00015960007659234898,7.047314121155779e-19,0.7,-1
235,4,-6.406596974495871e-05,-9.877598024395412e-05,0.0,-0.0001628419499889143,-1.463672932855431e-18,0.7,-1
236,4,-6.40419353447751e-05,-0.00010190051133093412,0.0,-0.0001659424466757091,1.0842021724855044e-19,0.7,-1
237,4,-6.380582820089468e-05,-0.00010508161840006677,0.0,-0.00016888744660096058,8.673617379884035e-19,0.7,-1
238,4,-6.333028878130401e-05,-0.00010831589865725624,0.0,-0.00017164618743856046,-2.168404344971009e-19,0.7,-1
239,4,-6.256077844383631e-05,-0.00011159910103386285,0.0,-0.00017415987947769912,5.421010862427522e-20,0.7,-1
240,4,-6.141191524668561e-05,-0.00011492554191281043,0.0,-0.0001763374571594964,-3.5236570605778894e-19,0.7,-1
241,4,-5.977635597773655e-05,-0.00011828753911319416,0.0,-0.0001780638950909302,5.149960319306146e-19,0.7,-1
242,4,-5.754665205145023e-05,-0.0001216751501709212,0.0,-0.0001792218022223721,-6.776263578034403e-19,0.7,-1
243,4,-5.464211624860688e-05,-0.00012507637824742026,0.0,-0.0001797184944960263,8.402566836762659e-19,0.7,-1
244,4,-5.102625981964645e-05,-0.00012847784023412758,0.0,-0.0001795041000537739,1.3552527156068805e-19,0.7,-1
245,4,-4.670557710690855e-05,-0.00013186561111618925,0.0,-0.00017857118822309746,3.2526065174565133e-19,0.7,-1
246,4,-4.171643996660966e-05,-0.00013522591435758508,0.0,-0.0001769423543241961,-1.3552527156068805e-18,0.7,-1
247,4,-3.610631658864495e-05,-0.00013854555093035256,0.0,-0.00017465186751899724,2.710505431213761e-19,0.7,-1
248,4,-2.9900404095993312e-05,-0.00014181180849497357,0.0,-0.00017171221259096574,1.1384122811097797e-18,0.7,-1
249,4,-2.3161913300322838e-05,-0.0001450121552503229,0.0,-0.00016817406855064616,-4.336808689942018e-19,0.7,-1
250,4,-1.6606420724573832e-05,-0.00014813926227214257,0.0,-0.00016474568299671734,-9.215718466126788e-19,0.7,-1
251,4,-1.2330053872032068e-05,-0.0001512144824187152,0.0,-0.00016354453629074603,1.2468324983583301e-18,0.7,-1
252,4,-1.033046959224251e-05,-0.00015428523682862598,0.0,-0.00016461570642086788,5.963111948670274e-19,0.7,-1
253,4,-9.686913487706639e-06,-0.00015714443324442857,2.549365314055501e-05,-0.0001413376935915818,-1.599198204416119e-18,0.7,-1
254,4,-9.687970996957066e-06,-0.0001507946752609471,0.00098503323499424,0.0008245505887363351,-6.505213034913027e-19,0.7,-1
255,4,-9.924766143243633e-06,-0.0001190988906853058,0.002713314433877209,0.002584290777048661,1.3010426069826053e-18,0.7,-1
256,4,-5.069603261004614e-06,-4.766554704294207e-05,0.0051147583579712564,0.00506202320766731,0.0,0.7,-1
0,8,0.0,-4.655359101615038e-05,0.03079211839746397,0.030745564806447828,6.938893903907228e-18,0.7,1
1,7,0.0,-0.00013262328885111702,0.03159558713225909,0.031462963843407965,-6.938893903907228e-18,0.7,1
2,7,-0.0022298864683474515,-0.000215108569958052,0.04241822198058304,0.039973226942277534,0.0,0.7,1
3,7,-0.003347322965584906,-0.000289071709520421,0.033270233519186954,0.029633838844081634,6.938893903907228e-18,0.7,1
4,7,-0.0273190483709149,-0.0007460506317936415,0.184057470250514,0.15599237124780538,-8.326672684688674e-17,0.7,1
5,7,-0.0418050409366481,-0.0010978939508239206,0.03499311788551798,-0.007909817001954034,6.938893903907228e-18,0.7,1
6,7,-0.06586416285634972,-0.0016416411286059509,0.23254365798660126,0.1650378540016456,0.0,0.7,1
7,7,-0.07738815655371745,-0.0019332856185659696,0.03676486206114074,-0.042556580111142606,6.938893903907228e-17,0.7,1
8,7,-0.07501651272559313,-0.0018962345981750725,0.14870115299329612,0.07178840566952788,-2.7755575615628914e-17,0.7,1
9,7,-0.0693456242127357,-0.0017378125989292892,0.03859326377583292,-0.032490173035832126,-6.245004513516506e-17,0.7,1
10,7,-0.05163077121815393,-0.001320485316065777,0.07153682382590913,0.018585567291689364,-6.245004513516506e-17,0.7,1
11,6,-0.038182314826541074,-0.0009763390496084111,0.04047283579129142,0.0013141819151420986,1.6653345369377348e-16,0.7,1
12,6,-0.022468625176006243,-0.0006235991514559214,0.044674645686722,0.02158242135925975,-8.326672684688674e-17,0.7,1
13,6,-0.011834208867879467,-0.000380702360900435,0.04240405500338858,0.030189143774608684,6.938893903907228e-18,0.7,1
14,6,-0.004831950908648743,-0.00020374704338388473,0.04338927355621981,0.03835357560418717,-1.3877787807814457e-17,0.7,1
15,6,-0.0017873539822725823,-6.785244592247034e-05,0.04438707534125585,0.04253186891306082,2.7755575615628914e-17,0.7,1
16,6,-0.0006153843077315558,5.975052535669902e-05,0.0451542208800253,0.04459858709765041,-2.7755575615628914e-17,0.7,1
17,6,-0.00019991887277498937,0.00019476814108399442,0.04577222374838583,0.045767073016694804,-3.469446951953614e-17,0.7,1
18,6,-6.19687113352869e-05,0.00034382765206511024,0.04642832601550997,0.04671018495623991,1.1796119636642288e-16,0.7,1
19,6,-1.8507859470427866e-05,0.0005094282661661964,0.04709667691298976,0.047587597319685426,-9.71445146547012e-17,0.7,1
20,6,-5.371769492079937e-06,0.0006925342952590827,0.04778796823146025,0.0484751307572272,-4.85722573273506e-17,0.7,1
21,5,-1.5231309375811347e-06,0.0008938771730358553,0.04850491990543309,0.04939727394753124,-1.249000902703301e-16,0.7,1
22,5,-4.2853417075878707e-07,0.0011137242392119837,0.04924398920369427,0.05035728490873559,9.020562075079397e-17,0.7,1
23,5,-1.1948056682700096e-07,0.001352446824488592,0.05001374893089655,0.05136607627481837,5.551115123125783e-17,0.7,1
24,5,-3.3150847138788775e-08,0.001610322317870671,0.050800465641934876,0.052410754808958404,-6.938893903907228e-18,0.7,1
25,5,-9.184855381607953e-09,0.0018876283012340777,0.05161786005205438,0.05350547916843329,2.0816681711721685e-16,0.7,1
26,5,-2.5482652788732034e-09,0.002185008215016499,0.05246542581446084,0.054650431481211736,-3.2612801348363973e-16,0.7,1
27,5,-7.095588780355106e-10,0.0025027010443323867,0.0533359334946095,0.055838633829383255,2.42861286636753e-16,0.7,1
28,5,-1.9864616705396045e-10,0.002841157704780381,0.05424050222687741,0.05708165973301149,-1.3183898417423734e-16,0.7,1
29,5,-5.59915708288047e-11,0.0032007366078474226,0.05516719168164083,0.05836792823349679,1.1102230246251565e-16,0.7,1
30,5,-1.5906522030797658e-11,0.003581808738546941,0.05613136846022971,0.05971317718287006,-6.938893903907228e-17,0.7,1
31,5,-4.557987018388371e-12,0.003985185134433368,0.05712568492220818,0.06111087005208349,-7.632783294297951e-17,0.7,1
32,5,-1.3180958142184015e-12,0.0044111657441698445,0.058147794596098,0.06255896033894981,5.551115123125783e-17,0.7,1
33,5,-3.84806422342894e-13,0.004860322143423647,0.059253569823982034,0.06411389196702078,-9.71445146547012e-17,0.7,1
34,5,-1.1343107388876551e-13,0.0053330775367915395,0.06056551424471988,0.0658985917813979,-8.326672684688674e-17,0.7,1
35,5,-3.376226989039792e-14,0.005829925572545922,0.06192127071741218,0.06775119628992421,-1.249000902703301e-16,0.7,1
36,5,-1.014630658738389e-14,0.006351944322911319,0.06330371701054072,0.06965566133344225,3.608224830031759e-16,0.7,1
37,5,-3.0781504913107204e-15,0.006899609430605238,0.06470992842803908,0.07160953785864099,-2.498001805406602e-16,0.7,1
38,5,-9.424894985763602e-16,0.007473747287339254,0.06614947642275708,0.07362322371009578,3.885780586188048e-16,0.7,1
39,5,-2.9116808741988176e-16,0.008074996870824956,0.06760819111974048,0.07568318799056484,-3.0531133177191805e-16,0.7,1
40,5,-9.073016686378033e-17,0.008704043208816356,0.06909864390095755,0.07780268710977434,5.273559366969494e-16,0.7,1
41,5,-2.850681013246329e-17,0.009362192230007957,0.07061946157967539,0.07998165380968247,-8.465450562766819e-16,0.7,1
42,5,-9.027665599456462e-18,0.010049989691103281,0.07216337156484046,0.08221336125594414,4.163336342344337e-16,0.7,1
43,5,-2.8804677741634737e-18,0.010768404526627508,0.07374211513212695,0.08451051965875456,1.1102230246251565e-16,0.7,1
44,5,-9.255246207516927e-19,0.011518174434717796,0.07534164966406916,0.08685982409878656,-3.885780586188048e-16,0.7,1
45,5,-2.995515515516374e-19,0.012300121854534208,0.07697645478205756,0.08927657663659216,4.0245584642661925e-16,0.7,1
46,5,-1.0146776949531089e-19,0.013115786437761342,0.07864624480004707,0.09176203123780846,4.163336342344337e-17,0.7,1
47,5,-7.417430684101524e-20,0.01396582953459407,0.08034756304123553,0.09431339257582927,-3.3306690738754696e-16,0.7,1
48,5,-6.503383363092947e-19,0.01485145150106082,0.08210026495472014,0.0969517164557816,6.38378239159465e-16,0.7,1
49,5,-1.4896021064786227e-17,0.01577358571008122,0.08388604579677889,0.09965963150685964,-4.579669976578771e-16,0.7,1
50,5,-4.694186790536795e-16,0.016733355470311462,0.08574771745161518,0.10248107292192632,1.5265566588595902e-16,0.7,1
51,5,-2.395638696020351e-14,0.017733321378144255,0.08809203016685141,0.10582535154497119,-5.134781488891349e-16,0.7,1
52,5,-3.3225936399424346e-10,0.018775525772775446,0.09077595841035166,0.10955148385086799,2.498001805406602e-16,0.7,1
53,5,-1.3791955290357882e-07,0.019862294737903633,0.09358087878266146,0.11344303560101165,-5.273559366969494e-16,0.7,1
54,5,-9.017419383913185e-06,0.020995262462274483,0.09642540707950066,0.11741165212239135,1.249000902703301e-16,0.7,1
55,5,-9.874768808774625e-05,0.022175856670964306,0.09927753485775405,0.12135464384063077,1.6653345369377348e-16,0.7,1
56,5,-0.00033255970164489595,0.023405490855138947,0.10202265225523542,0.12509558340872928,-1.942890293094024e-16,0.7,1
57,5,-0.0006908588582591859,0.024683837194736876,0.10465979832573208,0.12865277666220987,1.1102230246251565e-16,0.7,1
58,5,-0.0011570813281517112,0.02601103131563645,0.10719416725649204,0.13204811724397691,1.3877787807814457e-16,0.7,1
59,5,-0.0017263284941125422,0.027386596667578447,0.10961144613193521,0.13527171430540186,7.494005416219807e-16,0.7,1
60,5,-0.002398866893740655,0.028810059495613896,0.11192245008791683,0.13833364268978965,-4.163336342344337e-16,0.7,1
61,5,-0.003176355271005459,0.030281623287566513,0.11412036110069358,0.14122562911725467,2.7755575615628914e-17,0.7,1
62,5,-0.004060256840840744,0.03180002901649553,0.1162052470202756,0.1439450191959306,2.220446049250313e-16,0.7,1
63,5,-0.005052124044091177,0.033364511191300565,0.11818278468826345,0.14649517183547278,-5.551115123125783e-17,0.7,1
64,5,-0.006153234901146938,0.034973651859256084,0.1200440715877106,0.14886448854581946,-2.7755575615628914e-16,0.7,1
65,5,-0.007364755610695283,0.036626144499713825,0.12179903242751,0.15106042131652853,-2.7755575615628914e-17,0.7,1
66,5,-0.00868692542570513,0.03832148752475642,0.12344615985775274,0.15308072195680467,6.38378239159465e-16,0.7,1
67,5,-0.010119778050626216,0.0400577066277912,0.12498684776666202,0.15492477634382507,-1.942890293094024e-15,0.7,1
68,5,-0.011664151394768233,0.041833517069787385,0.126437899822298,0.15660726549731763,4.718447854656915e-16,0.7,1
69,5,-0.013321197085213683,0.04364713475403378,0.12782129165149553,0.1581472293203161,4.996003610813204e-16,0.7,1
70,5,-0.015091579203856422,0.045496974890902174,0.12910843097579025,0.15951382666283642,4.163336342344337e-16,0.7,1
71,5,-0.016974885025643722,0.04738223433351701,0.13029921194606886,0.16070656125394223,8.326672684688674e-17,0.7,1
72,5,-0.018969658680444274,0.04930058341820466,0.13139616461224723,0.16172708935000824,6.106226635438361e-16,0.7,1
73,5,-0.021073878544574137,0.05125054821038599,0.13240774092507382,0.1625844105908847,-9.992007221626409e-16,0.7,1
74,4,-0.02328500874617748,0.053230074003004654,0.1333331272334366,0.16327819249026376,0.0,0.7,1
75,4,-0.02560182611813824,0.05523729007131403,0.13418140695803105,0.1638168709112069,5.551115123125783e-17,0.7,1
76,4,-0.02802295353675475,0.05727164545270762,0.1349579919698018,0.1642066838857552,5.551115123125783e-16,0.7,1
77,4,-0.03054814421184629,0.05933093208610188,0.1356657227500655,0.16444851062432164,5.551115123125783e-16,0.7,1
78,4,-0.033178054520322076,0.06141396641251415,0.13631302761156688,0.16454893950375737,-1.582067810090848e-15,0.7,1
79,4,-0.035913966644549274,0.06351885333494266,0.13690071552694752,0.1645056022173419,9.992007221626409e-16,0.7,1
80,4,-0.038757584208443586,0.06564410616125717,0.1374365542373469,0.1643230761901595,-9.71445146547012e-16,0.7,1
81,4,-0.0417112679667344,0.06778936211319922,0.13792639169964732,0.16400448584611116,-9.992007221626409e-16,0.7,1
82,4,-0.04477835146920298,0.0699526604200982,0.1383722747129567,0.16354658366385522,3.2751579226442118e-15,0.7,1
83,4,-0.04796409513377534,0.07213261698664442,0.13877908063957228,0.1629476024924399,-1.4710455076283324e-15,0.7,1
84,4,-0.051275061118689756,0.07432739225650209,0.13914693693618815,0.16219926807399965,-8.326672684688674e-16,0.7,1
85,4,-0.054724808160627275,0.07653515374039525,0.13947153544025342,0.16128188102002117,-2.220446049250313e-16,0.7,1
86,4,-0.05831572806580113,0.07875350869852853,0.13936034460670801,0.15979812523943693,1.5265566588595902e-15,0.7,1
87,4,-0.06198323081703365,0.08097915246724847,0.13901683991529834,0.15801276156551225,-9.159339953157541e-16,0.7,1
88,4,-0.06566088137466408,0.08321069525149674,0.13868093067726414,0.15623074455409736,5.551115123125783e-16,0.7,1
89,4,-0.06931303686211847,0.08544801007662886,0.13835129722789252,0.15448627044240304,1.1102230246251565e-16,0.7,1
90,4,-0.07291972498024281,0.08769149889580671,0.1380288103092047,0.15280058422476728,-1.3322676295501878e-15,0.7,1
91,4,-0.0764639200202193,0.0899418968803349,0.1377124379576161,0.15119041481773188,1.942890293094024e-16,0.7,1
92,4,-0.07992555711537516,0.09220013202901345,0.1374028660751367,0.1496774409887749,-8.326672684688674e-17,0.7,1
93,4,-0.08328114045070477,0.09446831990180901,0.13710211275239198,0.14828929220349707,8.326672684688674e-16,0.7,1
94,4,-0.08650709545756291,0.09674832303398537,0.13681013829600483,0.14705136587242684,-4.440892098500626e-16,0.7,1
95,4,-0.08958218056316625,0.09904087950766069,0.13652630398639548,0.1459850029308889,-1.0269562977782698e-15,0.7,1
96,4,-0.092467847059093,0.10134660266989139,0.13624824118224557,0.14512699679304575,1.7763568394002505e-15,0.7,1
97,4,-0.09513156564951965,0.10366775262330519,0.13597559597372727,0.14451178294751266,-1.6653345369377348e-16,0.7,1
98,4,-0.09760982942813481,0.10600625105560159,0.13570763095244393,0.14410405257991066,-5.551115123125783e-17,0.7,1
99,3,-0.06079933109464623,0.06591778193608641,0.08292057902095007,0.0880390298623901,-1.5265566588595902e-16,0.7,1
100,2,-0.03918003518461248,0.042446989749446884,0.052816634531126574,0.05608358909596234,1.3600232051658168e-15,0.7,1
101,4,-0.10228387086819499,0.11074302465368085,0.13517859371798643,0.14363774750347247,1.6653345369377348e-16,0.7,1
102,4,-0.1044982064741312,0.1131405722669236,0.13492266068444478,0.14356502647723524,-1.942890293094024e-15,0.7,1
103,4,-0.10657888339544846,0.11555992796490673,0.13467019735626154,0.14365124192572232,2.4980018054066022e-15,0.7,1
104,4,-0.10857158188287226,0.1180021831264082,0.13432425545862792,0.1437548567021647,8.326672684688674e-16,0.7,1
105,4,-0.11052526746985657,0.12046667726799962,0.1336915475331808,0.14363295733132198,-1.887379141862766e-15,0.7,1
106,4,-0.11244111328683742,0.12295286325883213,0.13307467182970056,0.1435864218016949,-3.885780586188048e-16,0.7,1
107,4,-0.11430260498298545,0.1254615380746037,0.1324954551742977,0.14365438826591514,-8.049116928532385e-16,0.7,1
108,4,-0.11609004717518975,0.1279939368625879,0.13195335057554203,0.143857240262939,-1.1657341758564144e-15,0.7,1
109,4,-0.1177865946006952,0.130551554507459,0.1314474771764701,0.14421243708323672,2.831068712794149e-15,0.7,1
110,4,-0.11937784750196402,0.13313615903108117,0.13097639372169861,0.14473470525081567,-1.1102230246251565e-16,0.7,1
111,4,-0.12087496863807194,0.13579203944597712,0.14685288320973638,0.1617699540176396,-1.942890293094024e-15,0.7,1
112,4,-0.12228705903699898,0.13852354619566315,0.14632436662106885,0.16256085377973584,2.831068712794149e-15,0.7,1
113,4,-0.12362393408941724,0.14129117192463814,0.14583630932106253,0.16350354715628335,-8.326672684688674e-17,0.7,1
114,4,-0.12493467533412331,0.1440963333973171,0.14538307947422935,0.16454473753742072,-2.4147350785597155e-15,0.7,1
115,4,-0.12624935612442867,0.14693992184746857,0.1449633245363529,0.1656538902593958,2.9976021664879227e-15,0.7,1
116,4,-0.12757951350246005,0.1498225757377623,0.14457601968506398,0.1668190819203641,-2.1371793224034263e-15,0.7,1
117,4,-0.1289287819943168,0.15274485391607917,0.14421971042127232,0.16803578234303806,3.3584246494910985e-15,0.7,1
118,4,-0.13029800863647184,0.15570731269737645,0.14389326694513369,0.16930257100603718,-1.1102230246251565e-15,0.7,1
119,4,-0.13168724557591766,0.15871046542398418,0.14359538481077666,0.17061860465884138,-1.8041124150158794e-15,0.7,1
120,4,-0.13309647290698706,0.16175487761285356,0.14332463593300135,0.17198304063886738,-4.718447854656915e-16,0.7,1
121,4,-0.13452584593684908,0.16484110870894436,0.14308839224964917,0.1734036550217457,1.2490009027033011e-15,0.7,1
122,4,-0.13597621865927453,0.1679707545047558,0.14315888567356772,0.17515342151904534,-3.635980405647388e-15,0.7,1
123,4,-0.13744880325069203,0.17114588618682494,0.1433594520887935,0.1770565350249278,1.3877787807814457e-15,0.7,1
124,4,-0.13894439481316528,0.17436736195984942,0.1435423686287413,0.1789653357754286,3.164135620181696e-15,0.7,1
125,4,-0.14046362187651612,0.17763558630156104,0.14370731406216858,0.1808792784872093,-4.191091917959966e-15,0.7,1
126,4,-0.14200715664772182,0.18095087978979035,0.14385423470927994,0.182797957851351,2.525757381022231e-15,0.7,1
127,4,-0.14357568013064687,0.18431353899247033,0.1439826374196873,0.18472049628151233,1.5543122344752192e-15,0.7,1
128,4,-0.14516985926355766,0.1877239083812733,0.1440924052345046,0.1866464543522195,-7.494005416219807e-16,0.7,1
129,4,-0.1467903283076196,0.191182189864369,0.14418332459114883,0.18857518614789903,8.049116928532385e-16,0.7,1
130,4,-0.14843767838031657,0.19468868771307574,0.14425506524516735,0.19050607457792523,-1.27675647831893e-15,0.7,1
131,4,-0.15011245548001123,0.19824360507893943,0.14430752956443282,0.19243867916335944,-1.582067810090848e-15,0.7,1
132,4,-0.1518151547435586,0.2018471265612762,0.14434045647974275,0.19437242829746282,2.4702462297909733e-15,0.7,1
133,4,-0.1535462247269752,0.20549949821715252,0.14435371356941795,0.1963069870595966,1.3322676295501878e-15,0.7,1
134,4,-0.15530606474675274,0.2092008117061529,0.14434708321865042,0.19824183017804842,-2.1649348980190553e-15,0.7,1
135,4,-0.15709502984830578,0.21295128137870128,0.14432045488635187,0.20017670641674812,7.494005416219807e-16,0.7,1
136,4,-0.15891344525380635,0.21675101385297024,0.14427371950732235,0.20211128810648304,-3.191891195797325e-15,0.7,1
137,4,-0.16076198249377746,0.22060092522840674,0.1445209901254238,0.20435993286005782,4.746203430272544e-15,0.7,1
138,4,-0.16264090737717818,0.22450114960527712,0.1444089040501303,0.20626914627822757,-1.6653345369377348e-15,0.7,1
139,4,-0.16455037717259513,0.22845155669982659,0.14443387950277134,0.20833505903000216,-6.38378239159465e-16,0.7,1
140,4,-0.16649169253992238,0.23245511315967157,0.14488180113678623,0.2108452217565393,3.885780586188048e-15,0.7,1
141,4,-0.16846578615596947,0.23651394043812468,0.1452952363037347,0.21334339058588725,-2.6645352591003757e-15,0.7,1
142,4,-0.1704726623305113,0.24062789649759048,0.14564536507698086,0.2158005992440586,-1.4432899320127035e-15,0.7,1
143,4,-0.17251223686814762,0.24479676170029488,0.14593359668326245,0.21821812151540598,-3.7192471324942744e-15,0.7,1
144,4,-0.17458439768138445,0.24902017945745497,0.1461608645743459,0.22059664635041898,2.55351295663786e-15,0.7,1
145,4,-0.17668900958509182,0.2532979162616201,0.14632785024857198,0.22293675692510107,7.771561172376096e-16,0.7,1
146,4,-0.1788259207893161,0.2576296341921215,0.1464349256971524,0.22523863909995967,1.887379141862766e-15,0.7,1
147,4,-0.18099497050548752,0.2620150072313289,0.14648408287558093,0.22750411960142358,1.2490009027033011e-15,0.7,1
148,4,-0.18319677396558362,0.2664557802643668,0.14713777725845487,0.23039678355723936,1.3322676295501878e-15,0.7,1
149,4,-0.18543426313650105,0.2709597815159805,0.14974719711483542,0.23527271549431106,-3.802513859341161e-15,0.7,1
150,4,-0.1877064448645705,0.27552473048610626,0.14951708512808412,0.23733537074962285,2.9698465908722937e-15,0.7,1
151,4,-0.19001003624071655,0.28014187494520626,0.14923456005989355,0.23936639876437837,-4.884981308350689e-15,0.7,1
152,4,-0.1923449735461032,0.2848108334900917,0.14889603348940014,0.24136189343338899,3.608224830031759e-16,0.7,1
153,4,-0.19471239951217414,0.2895346314438684,0.14956142514804205,0.2443836570797373,1.0269562977782698e-15,0.7,1
154,4,-0.19711220083217387,0.2943127873376261,0.1490712244326138,0.24627181093806882,2.7755575615628914e-15,0.7,1
155,4,-0.19954303877530571,0.29914144238246276,0.1485300751473047,0.24812847875445954,-2.220446049250313e-15,0.7,1
156,4,-0.20200484970020727,0.30402019568954153,0.1479453021844421,0.24996064817377572,-6.38378239159465e-16,0.7,1
157,4,-0.20449791910695603,0.308949644450052,0.1474600563607585,0.2519117817038534,-1.1102230246251565e-15,0.7,1
158,4,-0.20702266610969178,0.3139307312987791,0.14697067962681848,0.25387874481591055,4.773959005888173e-15,0.7,1
159,4,-0.20957916897056994,0.31896324783398966,0.14641303002212624,0.25579710888554175,-4.218847493575595e-15,0.7,1
160,4,-0.21216739307486487,0.3240466480096623,0.14579021803097117,0.25766947296576603,-2.55351295663786e-15,0.7,1
161,4,-0.21478733977870784,0.3291803207966624,0.14510428952875998,0.25949727054672067,6.161737786669619e-15,0.7,1
162,4,-0.21743904201728964,0.3343636814829544,0.14435874493758535,0.2612833844032494,-7.771561172376096e-16,0.7,1
163,4,-0.22012256718306863,0.33959616602456605,0.14355562701924493,0.2630292258607412,-1.1657341758564144e-15,0.7,1
164,4,-0.22283801616167287,0.3448771320777235,0.14269782607610232,0.26473694199215103,-1.942890293094024e-15,0.7,1
165,4,-0.22558552781779792,0.350206035044009,0.14178817753961195,0.2664086847658247,1.6653345369377348e-15,0.7,1
166,4,-0.22837885984551035,0.35562717295064455,0.1528846536026208,0.28013296670775745,2.4424906541753444e-15,0.7,1
167,4,-0.23121765759961216,0.36113937371886273,0.15132992851827648,0.2812516446375213,-5.773159728050814e-15,0.7,1
168,4,-0.2340878742839959,0.36669550362067027,0.14973611465582978,0.2823437439925094,5.218048215738236e-15,0.7,1
169,4,-0.2369897762295257,0.37229491477457766,0.1481063845910725,0.2834115231361203,-4.218847493575595e-15,0.7,1
170,4,-0.23992363592060412,0.3779370222379868,0.14644384501262847,0.2844572313300091,-2.0539125955565396e-15,0.7,1
171,4,-0.24288971756069858,0.38362119591274946,0.1447514100700713,0.285482888422127,4.773959005888173e-15,0.7,1
172,4,-0.24588867693568453,0.38934825585981037,0.14339049437681783,0.28685007330094336,-3.3306690738754696e-16,0.7,1
173,4,-0.24892070394544502,0.3951174481413311,0.1415908038802577,0.2877875480761425,-1.27675647831893e-15,0.7,1
174,4,-0.2519855601149607,0.4009264962343228,0.13978729493819164,0.28872823105755074,-2.9976021664879227e-15,0.7,1
175,4,-0.25508346646378544,0.4067749314828353,0.138049492998585,0.28974095801763866,3.83026943495679e-15,0.7,1
176,4,-0.25821474002082817,0.4126626075544302,0.1363692051904678,0.29081707272407087,1.0547118733938987e-15,0.7,1
177,4,-0.26137977019755826,0.4185896231772496,0.1347421964668191,0.29195204944651465,4.218847493575595e-15,0.7,1
178,4,-0.26457923173367615,0.42455721943289737,0.13343878647701268,0.29341677417622236,-1.1546319456101628e-14,0.7,1
179,4,-0.2678134854825903,0.4305654905958277,0.13191391312379325,0.2946659182370368,6.161737786669619e-15,0.7,1
180,4,-0.2710825856485311,0.43661343510779554,0.13044037441829792,0.2959712238775687,6.328271240363392e-15,0.7,1
181,4,-0.2743868955837948,0.44270112323688526,0.12901514396307442,0.29732937161616135,-3.552713678800501e-15,0.7,1
182,4,-0.27772677990770334,0.4488286327065537,0.1276353153753414,0.29873716817419194,1.6653345369377348e-16,0.7,1
183,4,-0.2811047326130041,0.4550043490700288,0.12820918991277214,0.30210880636979454,-2.275957200481571e-15,0.7,1
184,4,-0.2845204976639936,0.4612260017102917,0.12633895434401543,0.3030444583903176,4.052314039881821e-15,0.7,1
185,4,-0.2879716375108307,0.4674826919239864,0.12448693631374083,0.30399799072689504,-1.4432899320127035e-15,0.7,1
186,4,-0.291458822217876,0.47377559935750374,0.12299093468749933,0.3053077118271226,-4.496403249731884e-15,0.7,1
187,4,-0.294982468971581,0.48010479149988505,0.12124876441652485,0.3063710869448286,-3.3306690738754696e-16,0.7,1
188,4,-0.29854332163214947,0.4864716036402802,0.12014224395027591,0.30807052595840645,-1.6653345369377348e-16,0.7,1
189,4,-0.30214173068145195,0.4928758130024696,0.1184440344979046,0.3091781168189236,1.3877787807814457e-15,0.7,1
190,4,-0.30577756805097306,0.4993153572205345,0.11697369989121004,0.31051148906077586,4.385380947269368e-15,0.7,1
191,4,-0.3094527319675919,0.5057965291788168,0.1167292133251091,0.3130730105363355,1.4988010832439613e-15,0.7,1
192,4,-0.31317234663936033,0.512338540361848,0.11919110948584476,0.31835730320832667,-5.773159728050814e-15,0.7,1
193,4,-0.31693586462098333,0.5189367966552971,0.11761106705329455,0.3196119990876056,-2.7200464103316335e-15,0.7,1
194,4,-0.32073918575663085,0.5255723997112711,0.11603127510550165,0.3208644890601491,7.16093850883226e-15,0.7,1
195,4,-0.32458250332921423,0.5322447184739444,0.11445212346749584,0.3221143386122236,-2.3869795029440866e-15,0.7,1
196,4,-0.3284659958676199,0.5389530623869488,0.11287391983517263,0.3233609863545013,-3.3306690738754696e-16,0.7,1
197,4,-0.3323898248736174,0.5456967618455778,0.11129719474974946,0.32460413172171343,3.552713678800501e-15,0.7,1
198,4,-0.33635413721256346,0.5524751380594722,0.10972234216602068,0.3258433430129273,-2.1649348980190553e-15,0.7,1
199,4,-0.3403590534811826,0.5592874104691011,0.10813695089664538,0.3270653078845598,-4.107825191113079e-15,0.7,1
200,4,-0.34440468653830075,0.5661328449322549,0.1065563647055701,0.3282845230995335,9.2148511043888e-15,0.7,1
201,4,-0.3484911549860741,0.5730107219091537,0.104980952801332,0.3295005197244123,6.661338147750939e-16,0.7,1
202,4,-0.35261856328828384,0.5799203433529241,0.10341109928764426,0.33071287935227645,-8.049116928532385e-15,0.7,1
203,4,-0.3567869987522957,0.586861000130277,0.10184731058352345,0.33192131196150854,3.774758283725532e-15,0.7,1
204,4,-0.3609965288281502,0.5938319479092606,0.10028996085809051,0.33312537993920444,3.497202527569243e-15,0.7,1
205,4,-0.3652472023450308,0.6008324785639328,0.09873955736188877,0.33432483358078713,-3.7192471324942744e-15,0.7,1
206,4,-0.369539053951189,0.6078618300317401,0.09719666430310624,0.3355194403836492,-8.104628079763643e-15,0.7,1
207,4,-0.3738721093705532,0.6149192630449413,0.09566162491733023,0.33670877859172776,9.492406860545088e-15,0.7,1
208,4,-0.37824639086854783,0.6220040265219374,0.0941352012802743,0.337892836933662,-1.887379141862766e-15,0.7,1
209,4,-0.38266161361430023,0.6291149010228946,0.09259473710290228,0.3390480245114915,-5.10702591327572e-15,0.7,1
210,4,-0.38711685686793146,0.6362498996066834,0.09103732122546106,0.3401703639642122,-8.326672684688674e-16,0.7,1
211,4,-0.39161154342003573,0.6434075417403773,0.08950667397796283,0.3413026722983119,7.549516567451064e-15,0.7,1
212,4,-0.39614579143959516,0.6505873177198445,0.0880029955525729,0.3424445218328174,-4.829470157119431e-15,0.7,1
213,4,-0.4007197286293798,0.6577887267043044,0.08652636183316362,0.3435953599080932,4.9960036108132044e-15,0.7,1
214,4,-0.40533346116026414,0.6650112310992011,0.08507607703583119,0.3447538469747613,-6.8833827526759706e-15,0.7,1
215,4,-0.40998707462685124,0.6722543142910749,0.08365194695461094,0.34591918661883625,1.7208456881689926e-15,0.7,1
216,4,-0.41468064347261496,0.6795174022898577,0.08225392408527467,0.3470906829025111,-6.2727600891321345e-15,0.7,1
217,4,-0.41941424212999606,0.6867999338042007,0.08088122941287997,0.3482669210870952,1.0658141036401503e-14,0.7,1
218,4,-0.4241879537470005,0.6941013234371036,0.07953429013526896,0.3494476598253726,5.551115123125783e-16,0.7,1
219,4,-0.4290018655861374,0.7014209509430803,0.07821231435627544,0.35063139971321533,-3.0531133177191805e-15,0.7,1
220,4,-0.4338560559266086,0.7087582119204887,0.07691528559698235,0.35181744159086037,-2.1094237467877974e-15,0.7,1
221,4,-0.43875058504674996,0.7161124458393286,0.07564332310282035,0.35300518389539803,-9.992007221626409e-16,0.7,1
222,4,-0.44368549339566365,0.7234830024704784,0.07439551979294161,0.35419302886775483,-1.4988010832439613e-15,0.7,1
223,4,-0.4486608145100598,0.7308692053357804,0.0731726561258929,0.35538104695162076,7.271960811294775e-15,0.7,1
224,4,-0.45367658723319837,0.7382703448728584,0.07197375236688781,0.35656751000654197,-5.828670879282072e-15,0.7,1
225,4,-0.4587328084083347,0.7456857228774828,0.07079896501157043,0.3577518794807162,-2.3314683517128287e-15,0.7,1
226,4,-0.4638296553376272,0.7531154275603456,0.0697510965547717,0.359036868777487,-3.0531133177191805e-15,0.7,1
227,4,-0.4689717811617222,0.7605746364416741,0.07061760415281403,0.3622204594327698,3.885780586188048e-15,0.7,1
228,4,-0.4741649067430026,0.7680820448371474,0.07202098538561665,0.36593812347977206,1.0658141036401503e-14,0.7,1
229,4,-0.4794097416659151,0.7756397205861482,0.0732290411054863,0.3694590200257153,-4.052314039881821e-15,0.7,1
230,4,-0.4847055595526432,0.7832439948768373,0.0742516438838935,0.37279007920808027,-7.271960811294775e-15,0.7,1
231,4,-0.4900518817871238,0.7908912352316969,0.07509841833165973,0.3759377717762291,-3.774758283725532e-15,0.7,1
232,4,-0.4954481177012053,0.7985779025567781,0.07577713768156215,0.37890692253713354,-1.3877787807814457e-15,0.7,1
233,4,-0.5008936031585339,0.8063005174381512,0.07629823341487418,0.3817051476944968,5.329070518200751e-15,0.7,1
234,4,-0.5063876522702542,0.8140556602932013,0.07666875897275782,0.38433676699570185,-3.1086244689504383e-15,0.7,1
235,4,-0.5119295846304318,0.821840003775576,0.07689774221076365,0.38680816135590845,6.661338147750939e-16,0.7,1
236,4,-0.5175187443427947,0.8296502588911894,0.07699377539385496,0.3891252899422568,7.105427357601002e-15,0.7,1
237,4,-0.5231545077737862,0.8374832273305295,0.07696329466744027,0.39129201422418447,9.43689570931383e-16,0.7,1
238,4,-0.5288362941356397,0.8453357657691598,0.0768161171545497,0.39331558878807016,3.3306690738754696e-16,0.7,1
239,4,-0.5345635675894482,0.8532047862961667,0.07655777699231395,0.39519899569902606,-6.328271240363392e-15,0.7,1
240,4,-0.5403358374778203,0.8610872823685242,0.07619652354969533,0.3969479684404078,8.659739592076221e-15,0.7,1
241,4,-0.5461526606896141,0.8689802794336465,0.07573988801670418,0.3985675067607346,-1.9984014443252818e-15,0.7,1
242,4,-0.5520136353363034,0.8768808826181866,0.07519295053413359,0.40006019781601765,8.326672684688674e-16,0.7,1
243,4,-0.5579184024729844,0.8847862416771302,0.074565010755243,0.40143284995938444,-4.3298697960381105e-15,0.7,1
244,4,-0.5638603766769666,0.8926712320678113,0.07113384644726016,0.39994470183810193,-2.886579864025407e-15,0.7,1
245,4,-0.5698208004846483,0.9004668750839814,0.06230916965439541,0.3929552442537343,5.828670879282072e-15,0.7,1
246,4,-0.5757881897350735,0.9081295328258556,0.053893709701421696,0.3862350527922018,-1.9984014443252818e-15,0.7,1
247,4,-0.5817647115025127,0.9156641705741259,0.04605485229502879,0.3799543113666459,3.9968028886505635e-15,0.7,1
248,4,-0.5877528600822101,0.9230769782047574,0.03877226684155668,0.3740963849641048,7.771561172376096e-16,0.7,1
249,4,-0.593755030475588,0.9303738383598201,0.032019435804843115,0.3686382436890696,-5.662137425588298e-15,0.7,1
250,4,-0.5997735163866761,0.9375603439672129,0.025775116827273313,0.363561944407806,-4.107825191113079e-15,0.7,1
251,4,-0.6058105154247472,0.9446417620747058,0.0200172793233013,0.358848525973265,4.9960036108132044e-15,0.7,1
252,4,-0.6118681245405583,0.9516230858617358,0.014722289666942216,0.35447725098812555,5.773159728050814e-15,0.7,1
253,4,-0.6179483499580727,0.9585092600025943,0.009899812129483801,0.3504607221739988,-6.6058269965196814e-15,0.7,1
254,4,-0.6240531006649126,0.9653137946376724,0.006432093792519659,0.3476927877652827,3.219646771412954e-15,0.7,1
255,4,-0.6301841905599408,0.9720570450664545,0.004130734837929867,0.3460035893444342,-9.381384558082573e-15,0.7,1
256,4,-0.6363484359122358,0.9787556364590687,0.0028801146163080064,0.3452873151631408,-1.1102230246251565e-16,0.7,1
0,5,-0.2694902015671669,0.13923424558902453,0.2668723700403572,0.13661641406221436,-4.440892098500626e-16,0.5,-1
1,5,-0.2817079880597664,0.12866563994796443,0.2682378401749096,0.11519549206310886,1.2212453270876722e-15,0.5,-1
2,5,-0.30725217529068993,0.12262894037207447,0.15236894988500593,-0.03225428503361005,-5.273559366969494e-16,0.5,-1
3,5,-0.313030557313648,0.11298178581533254,0.5050580254318323,0.3050092539335165,-3.3306690738754696e-16,0.5,-1
4,5,-0.3227145483355952,0.10490293299880835,0.12140281799404673,-0.0964087973427401,2.7755575615628914e-17,0.5,-1
5,5,-0.29250631051627446,0.09303898343868508,0.7566795462007223,0.5572122191231328,-1.1102230246251565e-16,0.5,-1
6,5,-0.2568763679582716,0.08061258798256757,0.11966783257207245,-0.056595947403631275,3.3306690738754696e-16,0.5,-1
7,5,-0.22061363738800974,0.07129917540097946,0.6420496944347739,0.4927352324477434,-2.220446049250313e-16,0.5,-1
8,5,-0.17398022138523547,0.06072267720157658,0.12399608695204123,0.010738542768382597,2.636779683484747e-16,0.5,-1
9,5,-0.15314875860502414,0.05483423184421573,0.3929697695828205,0.29465524282201216,1.1102230246251565e-16,0.5,-1
10,5,-0.12511775783095813,0.0481372232487704,0.13037671981027557,0.05339618522808798,1.3877787807814457e-16,0.5,-1
11,5,-0.11577324010962109,0.043978943518177084,0.24596637882478578,0.17417208223334146,-3.0531133177191805e-16,0.5,-1
12,5,-0.10494996893495356,0.039466990645865015,0.1400388161456188,0.0745558378565303,5.551115123125783e-17,0.5,-1
13,5,-0.10094938413983767,0.03603671019892684,0.1853945117099416,0.12048183776903088,1.1102230246251565e-16,0.5,-1
14,5,-0.09414908112961735,0.032388689140754295,0.15068337902168277,0.08892298703281964,-6.938893903907228e-17,0.5,-1
15,5,-0.09004528942090133,0.02923579135249544,0.1563572938162201,0.09554779574781413,-8.326672684688674e-17,0.5,-1
16,5,-0.08446892992217836,0.026133684324796007,0.14852138340300156,0.09018613780561924,2.7755575615628914e-17,0.5,-1
17,5,-0.07985198831562458,0.023324179106312244,0.13829133797990784,0.08176352877059556,5.551115123125783e-17,0.5,-1
18,5,-0.07500672666310355,0.020712413382632536,0.1371311081171395,0.08283679483666861,1.3877787807814457e-16,0.5,-1
19,5,-0.07027898270241366,0.018291374604925144,0.12703705340407817,0.07504944530658952,-1.3877787807814457e-16,0.5,-1
20,5,-0.06588802047049709,0.01610357517309649,0.12236970926501345,0.07258526396761289,4.163336342344337e-17,0.5,-1
21,5,-0.061470709726054965,0.014092417294197301,0.115996312780591,0.06861802034873321,-1.249000902703301e-16,0.5,-1
22,5,-0.05730872920978264,0.012272105519027441,0.10950701543660332,0.06447039174584812,0.0,0.5,-1
23,5,-0.05329369536911297,0.010626611662982045,0.10369749556753112,0.061030411861400236,4.163336342344337e-17,0.5,-1
24,5,-0.04942988229140126,0.009140083733172556,0.09785371825677547,0.057563919698546795,2.7755575615628914e-17,0.5,-1
25,5,-0.04575804522868174,0.007805386929619227,0.09183231349170627,0.053879655192643705,-5.551115123125783e-17,0.5,-1
26,5,-0.04225475276106756,0.0066105032768625635,0.08645414326468065,0.05080989378047562,-2.7755575615628914e-17,0.5,-1
27,5,-0.03892430463412219,0.005542462524528912,0.08087820485769692,0.04749636274810376,1.1796119636642288e-16,0.5,-1
28,5,-0.03578088983860208,0.0045925045854703864,0.07558938953662275,0.04440100428349103,-2.7755575615628914e-17,0.5,-1
29,5,-0.0328043714655913,0.003748127559370677,0.07059973098321524,0.04154348707699462,0.0,0.5,-1
30,5,-0.030000319440648727,0.002999853901451662,0.06557864267388734,0.038578177134690306,2.7755575615628914e-17,0.5,-1
31,5,-0.027359011319482547,0.0023386026737517865,0.06093342282036274,0.03591301417463194,-3.469446951953614e-17,0.5,-1
32,5,-0.024867138877637758,0.00175476932969816,0.056391112609549314,0.03327874306160972,0.0,0.5,-1
33,5,-0.022523478326098113,0.0012408321736607788,0.0519657403320197,0.03068309417958237,6.938893903907228e-18,0.5,-1
34,5,-0.02031857391662311,0.000789588441397408,0.04769880133861935,0.028169815863393677,3.122502256758253e-17,0.5,-1
35,5,-0.018243520243544965,0.0003942570505919205,0.04364935217080129,0.025800088977848246,-3.469446951953614e-18,0.5,-1
36,5,-0.016293006287007725,4.8990660618731366e-05,0.0397430842299181,0.0234990686035291,-1.0408340855860843e-17,0.5,-1
37,5,-0.014462182060592101,-0.0002511240626202222,0.036033885398341306,0.021320579275128954,-2.7755575615628914e-17,0.5,-1
38,5,-0.012747187039973214,-0.0005105618657876812,0.03244703331131891,0.019189284405558005,-6.938893903907228e-18,0.5,-1
39,5,-0.011143890655440592,-0.0007333623263357134,0.02907566938479769,0.017198416403021416,3.469446951953614e-17,0.5,-1
40,5,-0.009648660670062507,-0.0009232024888073741,0.025823648586233438,0.015251785427363551,-5.204170427930421e-18,0.5,-1
41,5,-0.008259824848957886,-0.0010834119263539138,0.022762655421343314,0.013419418646031495,-2.0816681711721685e-17,0.5,-1
42,5,-0.00697556712235758,-0.0012171658157417975,0.01986445240244824,0.011671719464348862,0.0,0.5,-1
43,5,-0.0057969558288803475,-0.0013273315180117947,0.01711382392866067,0.009989536581768543,1.5612511283791264e-17,0.5,-1
44,5,-0.004723923568720125,-0.0014166673368459421,0.01455741200380759,0.008416821098241531,8.673617379884035e-18,0.5,-1
45,5,-0.0037574269273232923,-0.0014877835909889838,0.012161055257258293,0.006915844738946006,-1.1275702593849246e-17,0.5,-1
46,5,-0.002901521490392531,-0.0015431380688198744,0.009957459298634468,0.005512799739422064,1.734723475976807e-18,0.5,-1
47,5,-0.0021605012982433684,-0.0015851089764231667,0.007957550165862552,0.004211939891196004,-1.3010426069826053e-17,0.5,-1
48,5,-0.0015370542693199877,-0.0016159270368202485,0.006153928874172334,0.0030009475680320974,0.0,0.5,-1
49,5,-0.0010248062135119929,-0.0016377694403885625,0.004601759901805956,0.0019391842479053872,-1.3010426069826053e-17,0.5,-1
50,5,-0.0006110581888283222,-0.0016527498247472482,0.0033047797239420715,0.0010409717103665173,1.6046192152785466e-17,0.5,-1
51,5,-0.00030189811570375955,-0.001662937276934231,0.002289195146355543,0.0003243597537175569,4.336808689942018e-18,0.5,-1
52,5,-0.00010211277124467431,-0.001670308201510733,0.0017153800927524063,-5.704088000300922e-05,-8.239936510889834e-18,0.5,-1
53,5,-1.338895042353558e-05,-0.0016762469369079667,0.0014465622884847287,-0.00024307359884677415,-6.505213034913027e-19,0.5,-1
54,5,-1.9328129685689313e-53,-0.0016814685547312982,0.0014366397575801665,-0.0002448287971511254,6.288372600415926e-18,0.5,-1
55,5,-5.475438010899472e-53,-0.0016862644221955483,0.0014629120984564815,-0.00022335232373905944,7.37257477290143e-18,0.5,-1
56,5,-1.5511484334285953e-52,-0.0016906298200505792,0.0014904190939680761,-0.0002002107260825059,-2.8189256484623115e-18,0.5,-1
57,5,-4.39482861954453e-52,-0.0016945393674206372,0.0015185904712557712,-0.00017594889616485976,6.288372600415926e-18,0.5,-1
58,5,-1.2454433486288612e-51,-0.001697970564207195,0.0015476316384160167,-0.0001503389257911797,-1.3010426069826053e-18,0.5,-1
59,5,-3.53045223183365e-51,-0.0017009012188865047,0.0015772274237592172,-0.00012367379512728816,-6.505213034913027e-19,0.5,-1
60,5,-1.0011145168561786e-50,-0.0017033040246425424,0.0016081667374232373,-9.513728721931292e-05,-7.806255641895632e-18,0.5,-1
61,5,-2.8398760843249824e-50,-0.0017051456934096575,0.0016402610195589,-6.488467385075414e-05,3.469446951953614e-18,0.5,-1
62,5,-8.0590786164846e-50,-0.0017063978162780709,0.0016731895224496244,-3.3208293828440594e-05,5.854691731421724e-18,0.5,-1
63,5,-2.2879325605799832e-49,-0.00170703395583198,0.001706999018519848,-3.4937312126670506e-08,5.204170427930421e-18,0.5,-1
64,5,-6.497828029174222e-49,-0.001707025034500771,0.0017418947174636485,3.486968296287363e-05,-3.903127820947816e-18,0.5,-1
65,5,-1.8460777321247945e-48,-0.0017063376691644268,0.0017780698698916947,7.173220072727304e-05,5.204170427930421e-18,0.5,-1
66,5,-5.246536954623968e-48,-0.001704933867279069,0.0018157322447991963,0.00011079837752012156,-5.854691731421724e-18,0.5,-1
67,5,-1.4914744441301746e-47,-0.0017027747485518952,0.0018547305406626405,0.0001519557921107334,-1.1926223897340549e-17,0.5,-1
68,5,-4.240860145720388e-47,-0.001699808369259056,0.001896503802020899,0.00019669543276185086,7.806255641895632e-18,0.5,-1
69,5,-1.2060288465317243e-46,-0.0016959358431655283,0.0019444652549019557,0.00024852941173642007,-7.37257477290143e-18,0.5,-1
70,5,-3.4299976162207076e-46,-0.0016910707877377503,0.0019936712930177995,0.000302600505280054,4.7704895589362195e-18,0.5,-1
71,5,-9.754962065267852e-46,-0.0016851762274654215,0.002043732548445801,0.00035855632098037715,-2.168404344971009e-18,0.5,-1
72,5,-2.77404313995983e-45,-0.0016782183577661609,0.002094683073587046,0.00041646471582088007,-5.204170427930421e-18,0.5,-1
73,5,-7.887041525759852e-45,-0.0016701620507828814,0.0021465541914457726,0.0004763921406629179,2.667137344314341e-17,0.5,-1
74,5,-2.2417303363332186e-44,-0.0016609712356837774,0.002199385945853616,0.0005384147101698128,-2.5587171270657905e-17,0.5,-1
75,5,-6.369037917821459e-44,-0.0016506087502138782,0.002253203885856568,0.000602595135642689,-6.505213034913027e-19,0.5,-1
76,5,-1.8085758043765167e-43,-0.0016390362261127446,0.002308045749482324,0.0006690095233695958,1.6263032587282567e-17,0.5,-1
77,5,-5.132414260585668e-43,-0.0016262144319922074,0.0023639408905395424,0.0007377264585473331,-1.951563910473908e-18,0.5,-1
78,4,-1.4427045054638376e-42,-0.0016121039205633067,0.0024209164024175285,0.0008088124818542153,-6.5052130349130266e-18,0.5,-1
79,4,-4.0645572959362574e-42,-0.0015966612198501842,0.0024790077900095913,0.0008823465701594119,4.7704895589362195e-18,0.5,-1
80,4,-1.1440126422291649e-41,-0.0015798448029954867,0.0025382356313904046,0.0009583908283949116,-6.288372600415926e-18,0.5,-1
81,4,-3.216473659926763e-41,-0.001561611027506902,0.0025986332929050964,0.001037022265398202,7.589415207398531e-18,0.5,-1
82,4,-9.032561815462611e-41,-0.0015419154144201324,0.002660224819303642,0.0011183094048835274,1.7780915628762273e-17,0.5,-1
83,4,-2.5332295250064393e-40,-0.0015207122743081409,0.002723032522763083,0.0012023202484549161,-2.6020852139652106e-17,0.5,-1
84,4,-7.094512714538377e-40,-0.0014979550598963004,0.0027870868179894702,0.0012891317580931705,6.505213034913027e-19,0.5,-1
85,4,-1.9838419257595512e-39,-0.0014735926089272774,0.002852775622369331,0.001379183013442059,5.421010862427522e-18,0.5,-1
86,4,-5.538360941928903e-39,-0.0014473958997333217,0.0029379863290967877,0.0014905904293634614,-4.553649124439119e-18,0.5,-1
87,4,-1.5434703635614085e-38,-0.0014190317013874575,0.0030350515677877847,0.0016160198664003367,9.540979117872439e-18,0.5,-1
88,4,-4.293492404414377e-38,-0.0013883256512295808,0.0031346243983291556,0.0017462987470995561,-1.8648277366750676e-17,0.5,-1
89,4,-1.1919838921394875e-37,-0.0013551870300403557,0.0032371558500247036,0.0018819688199843698,2.190088388420719e-17,0.5,-1
90,4,-3.3023915854835623e-37,-0.001319525865852825,0.003341979169685095,0.0020224533038322584,-1.1709383462843448e-17,0.5,-1
91,4,-9.129270156076115e-37,-0.0012812664115611568,0.003448215443764341,0.0021669490322032,1.5612511283791264e-17,0.5,-1
92,4,-2.517927725137975e-36,-0.0012403414824142091,0.0035558230190163116,0.0023154815366020903,-1.214306433183765e-17,0.5,-1
93,4,-6.92788490413475e-36,-0.0011966762546343588,0.003665512209421216,0.0024688359547868632,6.071532165918825e-18,0.5,-1
94,4,-1.901337830116032e-35,-0.0011501844766949893,0.0037776279467614904,0.002627443470066493,-8.239936510889834e-18,0.5,-1
95,4,-5.204395139487696e-35,-0.001100776064494488,0.0038920881966284845,0.0027913121321340023,6.071532165918825e-18,0.5,-1
96,4,-1.4206410958268692e-34,-0.0010483714532518744,0.004007815499233512,0.0029594440459816407,3.469446951953614e-18,0.5,-1
97,4,-3.8668049251082855e-34,-0.0009929025624086274,0.004124687201415112,0.003131784639006485,4.336808689942018e-19,0.5,-1
98,4,-1.0493600068473613e-33,-0.0009343022537087063,0.004242662650285578,0.003308360396576872,0.0,0.5,-1
99,3,-1.4020274649295655e-33,-0.0005406729400884431,0.0026426026399628184,0.002101929699874369,-6.071532165918825e-18,0.5,-1
100,2,-1.4589582013063296e-33,-0.00033209022130552875,0.0017037624047574283,0.0013716721834519038,4.336808689942018e-18,0.5,-1
101,4,-7.692776626093219e-33,-0.0008077258943476913,0.004483653982265178,0.0036759280879174877,1.3010426069826053e-18,0.5,-1
102,4,-2.067538253572755e-32,-0.0007392781836862783,0.004606717386839298,0.0038674392031530086,-1.1275702593849246e-17,0.5,-1
103,4,-5.537703357444888e-32,-0.000667385722597898,0.0047312904386428755,0.004063904716044987,9.540979117872439e-18,0.5,-1
104,4,-1.4779579174799073e-31,-0.0005919468418703966,0.004859730363929427,0.004267783522059025,-5.204170427930421e-18,0.5,-1
105,4,-3.9300794683770417e-31,-0.0005127645965957981,0.004999193496777934,0.004486428900182138,1.734723475976807e-18,0.5,-1
106,4,-1.0411139128448844e-30,-0.00042965729860771403,0.005140656218199092,0.00471099891959138,1.734723475976807e-18,0.5,-1
107,4,-2.7472853803194654e-30,-0.0003425301849561525,0.005284159052190586,0.0049416288672344336,0.0,0.5,-1
108,4,-7.220529646795833e-30,-0.00025128494382879946,0.0054299069214575925,0.005178621977628792,-1.734723475976807e-18,0.5,-1
109,4,-1.889928941099843e-29,-0.00015582466679769499,0.0055774378419995874,0.005421613175201891,-1.734723475976807e-18,0.5,-1
110,4,-4.9258896587228064e-29,-5.6058899968228234e-05,0.005726517011828135,0.005670458111859906,-1.734723475976807e-18,0.5,-1
111,4,-1.2783170102611896e-28,-4.777986926679928e-06,2.3876936973775734e-05,1.9098950047095734e-05,-7.115076756936123e-20,0.5,-1
112,4,-3.302625569013455e-28,-4.469817227604938e-06,2.3658455296706887e-05,1.9188638069101956e-05,6.776263578034403e-21,0.5,-1
113,4,-8.493749858281582e-28,-4.162309877596086e-06,2.3294193807382612e-05,1.91318839297866e-05,7.453889935837843e-20,0.5,-1
114,4,-2.1742612008224253e-27,-3.85774964916635e-06,2.278660138611711e-05,1.892885173695067e-05,-8.809142651444724e-20,0.5,-1
115,4,-5.5392267324293315e-27,-3.5584077642897677e-06,2.2138086318702512e-05,1.857967855441276e-05,1.3552527156068805e-20,0.5,-1
116,4,-1.4043167131235518e-26,-3.266384769696731e-06,2.137074147557718e-05,1.8104356705880424e-05,-2.371692252312041e-20,0.5,-1
117,4,-3.542526221794835e-26,-2.983171293436522e-06,2.054298998563248e-05,1.7559818692195958e-05,0.0,0.5,-1
118,4,-8.890926014732971e-26,-2.7102838511555204e-06,1.9595173699523604e-05,1.688488984836811e-05,2.710505431213761e-20,0.5,-1
119,4,-2.2198359337516806e-25,-2.4497011377914657e-06,1.852967308114181e-05,1.6079971943350327e-05,-1.6940658945086007e-20,0.5,-1
120,4,-5.513012223265645e-25,-2.202806003261409e-06,1.7422565907463065e-05,1.5219759904201648e-05,-8.470329472543003e-21,0.5,-1
121,4,-1.3617758336597995e-24,-1.9703583500409165e-06,1.6278770500440772e-05,1.4308412150399854e-05,-1.6940658945086007e-21,0.5,-1
122,4,-3.345225482491663e-24,-1.7526614712679615e-06,1.5155079998957584e-05,1.3402418527689588e-05,-3.3881317890172014e-20,0.5,-1
123,4,-8.171520519943277e-24,-1.5492506930361487e-06,1.409536739229426e-05,1.2546116699258138e-05,2.710505431213761e-20,0.5,-1
124,4,-1.984690075225043e-23,-1.3593422787398872e-06,1.309500123577817e-05,1.173565895703829e-05,6.776263578034403e-21,0.5,-1
125,4,-4.7923606714819766e-23,-1.1828339764930866e-06,1.206887369947719e-05,1.0886039722984102e-05,-1.6940658945086007e-21,0.5,-1
126,4,-1.1503443047009083e-22,-1.0202093336677333e-06,1.1026463627990805e-05,1.0006254294323065e-05,-6.776263578034403e-21,0.5,-1
127,4,-2.7446199727651386e-22,-8.707924565508028e-07,1.0108590521123381e-05,9.237798064572584e-06,5.082197683525802e-21,0.5,-1
128,4,-6.508290437924677e-22,-7.339137181167737e-07,9.171738991588933e-06,8.43782527347216e-06,1.6940658945086007e-21,0.5,-1
129,4,-1.533684597464689e-21,-6.099976063802569e-07,8.216970151119444e-06,7.606972544739181e-06,-4.235164736271502e-21,0.5,-1
130,4,-3.591231689917193e-21,-4.98243342568366e-07,7.402828547008977e-06,6.904585204440611e-06,4.235164736271502e-21,0.5,-1
131,4,-8.354924178884422e-21,-3.977469785388639e-07,6.5819910532759315e-06,6.184244074737049e-06,-1.0164395367051604e-20,0.5,-1
132,4,-1.93101832361665e-20,-3.0872306517114007e-07,5.755175312551658e-06,5.446452247380507e-06,8.470329472543003e-21,0.5,-1
133,4,-4.433305775515954e-20,-2.3017762069192545e-07,5.0810505845050636e-06,4.850872963813091e-06,-2.541098841762901e-21,0.5,-1
134,4,-1.0109239136390758e-19,-1.6111434193942591e-07,4.3981546079597034e-06,4.237040266020175e-06,-1.6940658945086007e-21,0.5,-1
135,4,-2.289339622283139e-19,-1.0175276295393185e-07,3.707116497688913e-06,3.605363734734754e-06,1.6940658945086007e-21,0.5,-1
136,4,-5.148180521070781e-19,-5.114238451404508e-08,3.1615948072756333e-06,3.1104524227610728e-06,-4.235164736271502e-22,0.5,-1
137,4,-1.149474021534245e-18,-2.3183197955689162e-08,6.260970781426729e-07,6.029138801858345e-07,3.1763735522036263e-22,0.5,-1
138,4,-2.5479779128062903e-18,-1.5116224172400305e-08,4.828075341384266e-07,4.676913099634784e-07,0.0,0.5,-1
139,4,-5.6064973073079225e-18,-8.988449959918621e-09,3.565653551525118e-07,3.475769051869865e-07,-1.5881867761018131e-22,0.5,-1
140,4,-1.22443128393379e-17,-4.583359255935812e-09,2.445374541082337e-07,2.3995409484005356e-07,0.0,0.5,-1
141,4,-2.6538134343662003e-17,-1.7428567659812563e-09,1.4156497762959674e-07,1.3982212083707735e-07,0.0,0.5,-1
142,4,-5.707484163685401e-17,-3.4933578751457746e-10,4.7169971443873e-08,4.682063559928357e-08,-6.617444900424222e-24,0.5,-1
143,4,-1.2178712089044196e-16,-2.447589088923513e-18,0.0,-1.242347099793655e-16,-2.465190328815662e-32,0.5,-1
144,4,-2.5780004071437435e-16,-5.258139395067687e-18,0.0,-2.630581801094421e-16,-4.930380657631324e-32,0.5,-1
145,4,-5.412910027128547e-16,-1.1207297854367094e-17,0.0,-5.524983005672221e-16,-2.9582283945787943e-31,0.5,-1
146,4,-1.127157451024682e-15,-2.3696772653241233e-17,0.0,-1.150854223677923e-15,3.944304526105059e-31,0.5,-1
147,4,-2.327461196440982e-15,-4.9698146445539636e-17,0.0,-2.3771593428865228e-15,-7.888609052210118e-31,0.5,-1
148,4,-4.7649772650557e-15,-1.033703511780233e-16,0.0,-4.868347616233722e-15,1.5777218104420236e-30,0.5,-1
149,4,-9.67062092693385e-15,-2.1320476946165738e-16,0.0,-9.883825696395505e-15,3.1554436208840472e-30,0.5,-1
150,4,-1.9453409595062583e-14,-4.359958542823782e-16,0.0,-1.9889405449344957e-14,3.1554436208840472e-30,0.5,-1
151,4,-3.878069740619711e-14,-8.838728374814109e-16,0.0,-3.966457024367852e-14,0.0,0.5,-1
152,4,-7.660242519783592e-14,-1.7760501928628154e-15,0.0,-7.837847539069877e-14,-2.524354896707238e-29,0.5,-1
153,4,-1.4990036059860094e-13,-3.536821708999105e-15,0.0,-1.5343718230760006e-13,0.0,0.5,-1
154,4,-2.905493519338407e-13,-6.979044554281613e-15,0.0,-2.9752839648812245e-13,-1.0097419586828951e-28,0.5,-1
155,4,-5.577190742264201e-13,-1.3643775759607208e-14,0.0,-5.713628499860277e-13,-4.0389678347315804e-28,0.5,-1
156,4,-1.0600052975924942e-12,-2.6421512266393312e-14,0.0,-1.0864268098588873e-12,2.0194839173657902e-28,0.5,-1
157,4,-1.9944047124526923e-12,-5.067480528359287e-14,0.0,-2.0450795177362852e-12,0.0,0.5,-1
158,4,-3.714018462479966e-12,-9.624155430944876e-14,0.0,-3.810260016789414e-12,8.077935669463161e-28,0.5,-1
159,4,-6.843999899110695e-12,-1.809638007425552e-13,0.0,-7.0249636998532495e-12,0.0,0.5,-1
160,4,-1.2477209504914154e-11,-3.3682149129038085e-13,0.0,-1.2814030996204536e-11,-1.6155871338926322e-27,0.5,-1
161,4,-2.2499320000338548e-11,-6.204472345503236e-13,0.0,-2.3119767234888864e-11,6.462348535570529e-27,0.5,-1
162,4,-4.012038246701059e-11,-1.1308957741280407e-12,0.0,-4.125127824113864e-11,-1.2924697071141057e-26,0.5,-1
163,4,-7.072940315713497e-11,-2.039230112335309e-12,0.0,-7.276863326947028e-11,0.0,0.5,-1
164,4,-1.2324398485571907e-10,-3.6370261066550243e-12,0.0,-1.2688101096237406e-10,2.5849394142282115e-26,0.5,-1
165,4,-2.1220211788721756e-10,-6.414628780646673e-12,0.0,-2.1861674666786411e-10,1.2924697071141057e-25,0.5,-1
166,4,-3.6094007213127763e-10,-1.1185291274600639e-11,0.0,-3.7212536340587827e-10,0.0,0.5,-1
167,4,-6.06318239028524e-10,-1.9278671794982932e-11,0.0,-6.25596910823507e-10,-1.0339757656912846e-25,0.5,-1
168,4,-1.005588991676685e-09,-3.2836894985441334e-11,0.0,-1.0384258866621265e-09,0.0,0.5,-1
169,4,-1.6461306417032269e-09,-5.5258744946195557e-11,0.0,-1.7013893866494222e-09,2.0679515313825692e-25,0.5,-1
170,4,-2.6588685679553783e-09,-9.185241640043835e-11,0.0,-2.7507209843558157e-09,8.271806125530277e-25,0.5,-1
171,4,-4.236218903586994e-09,-1.5077365246414394e-10,0.0,-4.386992556051139e-09,-1.6543612251060553e-24,0.5,-1
172,4,-6.655250504629669e-09,-2.4434231131222605e-10,0.0,-6.8995928159418944e-09,8.271806125530277e-25,0.5,-1
173,4,-1.0306375860730693e-08,-3.908427406460745e-10,0.0,-1.0697218601376776e-08,-8.271806125530277e-24,0.5,-1
174,4,-1.5727148757103353e-08,-6.16916755937982e-10,0.0,-1.634406551304134e-08,-3.308722450212111e-24,0.5,-1
175,4,-2.3639573977705122e-08,-9.60645499880607e-10,0.0,-2.4600219477585712e-08,1.6543612251060553e-23,0.5,-1
176,4,-3.4987676332615146e-08,-1.4753782244412413e-09,0.0,-3.646305455705639e-08,0.0,0.5,-1
177,4,-5.09699848935985e-08,-2.2342950244720277e-09,0.0,-5.320427991807054e-08,-1.3234889800848443e-23,0.5,-1
178,4,-7.305927440331932e-08,-3.335576340344129e-09,0.0,-7.639485074366346e-08,0.0,0.5,-1
179,4,-1.029997938452328e-07,-4.907894934245094e-09,0.0,-1.0790768877947788e-07,1.3234889800848443e-23,0.5,-1
180,4,-1.4277096746304487e-07,-7.11575386668883e-09,0.0,-1.4988672132973372e-07,-2.6469779601696886e-23,0.5,-1
181,4,-1.9450703399964385e-07,-1.0163980518235282e-08,0.0,-2.0467101451787914e-07,0.0,0.5,-1
182,4,-2.603651935916492e-07,-1.430050574034309e-08,0.0,-2.746656993319924e-07,-1.0587911840678754e-22,0.5,-1
183,4,-3.4234118154032176e-07,-1.981643919196372e-08,0.0,-3.621576207322853e-07,2.117582368135751e-22,0.5,-1
184,4,-4.4204062272994836e-07,-2.704247859081735e-08,0.0,-4.6908310132076575e-07,-5.293955920339377e-23,0.5,-1
185,4,-5.604253830483885e-07,-3.634090830530995e-08,0.0,-5.967662913536983e-07,2.117582368135751e-22,0.5,-1
186,4,-6.975622830724435e-07,-4.809281793470444e-08,0.0,-7.456551010071481e-07,-1.0587911840678754e-22,0.5,-1
187,4,-8.5239935585749e-07,-6.268068594566926e-08,0.0,-9.15080041803159e-07,2.117582368135751e-22,0.5,-1
188,4,-1.0225721759423165e-06,-8.04667360999776e-08,0.0,-1.103038912042294e-06,0.0,0.5,-1
189,4,-1.2042032425003876e-06,-1.0176719616215433e-07,0.0,-1.305970438662542e-06,0.0,0.5,-1
190,4,-1.3917215981001912e-06,-1.2682204418286448e-07,0.0,-1.5185436422830569e-06,-1.2705494208814505e-21,0.5,-1
191,4,-1.5787362623035671e-06,-1.5576567224404297e-07,0.0,-1.7345019345476099e-06,2.117582368135751e-22,0.5,-1
192,4,-1.7638508279804269e-06,-1.8865344744058365e-07,0.0,-1.9525042754210074e-06,2.964615315390051e-21,0.5,-1
193,4,-1.950756348307871e-06,-2.2557502410331532e-07,0.0,-2.176331372411186e-06,4.235164736271502e-22,0.5,-1
194,4,-2.141565967319575e-06,-2.66677305966031e-07,0.0,-2.4082432732856083e-06,-2.541098841762901e-21,0.5,-1
195,4,-2.3372699555971985e-06,-3.1213549894076854e-07,0.0,-2.649405454537967e-06,0.0,0.5,-1
196,4,-2.538465772981493e-06,-3.6214230154014414e-07,0.0,-2.900608074521636e-06,8.470329472543003e-22,0.5,-1
197,4,-2.745532287751856e-06,-4.1690295038899675e-07,0.0,-3.162435238140858e-06,-5.505714157152952e-21,0.5,-1
198,4,-2.9587521160061375e-06,-4.7663271816370586e-07,0.0,-3.435384834169841e-06,2.117582368135751e-21,0.5,-1
199,4,-3.17840304232325e-06,-5.415562199151103e-07,0.0,-3.7199592622383574e-06,2.964615315390051e-21,0.5,-1
200,4,-3.404778792112079e-06,-6.11907986352057e-07,0.0,-4.0166867784641394e-06,-3.3881317890172014e-21,0.5,-1
201,4,-3.638097307867595e-06,-6.879321036396719e-07,0.0,-4.326029411507266e-06,8.470329472543003e-22,0.5,-1
202,4,-3.878427952623999e-06,-7.698803378947444e-07,0.0,-4.648308290518751e-06,-8.470329472543003e-21,0.5,-1
203,4,-4.125688500168614e-06,-8.580092997966314e-07,0.0,-4.98369779996524e-06,5.082197683525802e-21,0.5,-1
204,4,-4.379867344915703e-06,-9.525791564810378e-07,0.0,-5.332446501396744e-06,-3.3881317890172014e-21,0.5,-1
205,4,-4.6412584676529e-06,-1.0538580114452264e-06,0.0,-5.6951164790981144e-06,1.1858461261560205e-20,0.5,-1
206,4,-4.910192018268246e-06,-1.1621253288926413e-06,0.0,-6.072317347160884e-06,2.541098841762901e-21,0.5,-1
207,4,-5.1869439377434144e-06,-1.2776715642699448e-06,0.0,-6.464615502013368e-06,-9.317362419797304e-21,0.5,-1
208,4,-5.4717804694212905e-06,-1.4007977704622754e-06,0.0,-6.872578239883558e-06,7.623296525288703e-21,0.5,-1
209,4,-5.764967576506295e-06,-1.5318156604280256e-06,0.0,-7.296783236934327e-06,-6.776263578034403e-21,0.5,-1
210,4,-6.066780578817073e-06,-1.6710480007698371e-06,0.0,-7.737828579586898e-06,1.3552527156068805e-20,0.5,-1
211,4,-6.377522099022487e-06,-1.8188289175385444e-06,0.0,-8.196351016561047e-06,-1.5246593050577406e-20,0.5,-1
212,4,-6.6975540336547375e-06,-1.9755050505069724e-06,0.0,-8.673059084161693e-06,1.6940658945086007e-20,0.5,-1
213,4,-7.02732336508288e-06,-2.141437032089102e-06,0.0,-9.168760397172004e-06,-2.202285662861181e-20,0.5,-1
214,4,-7.3673974686586415e-06,-2.317001535946081e-06,0.0,-9.684399004604744e-06,-2.202285662861181e-20,0.5,-1
215,4,-7.718537139174664e-06,-2.5025945898310564e-06,0.0,-1.0221131729005697e-05,2.371692252312041e-20,0.5,-1
216,4,-8.081813830445987e-06,-2.6986362948216144e-06,0.0,-1.07804501252676e-05,1.6940658945086007e-21,0.5,-1
217,4,-8.458764799172637e-06,-2.9055787263845143e-06,0.0,-1.136434352555713e-05,2.202285662861181e-20,0.5,-1
218,4,-8.85157429764686e-06,-3.123916816599578e-06,0.0,-1.1975491114246445e-05,-6.776263578034403e-21,0.5,-1
219,4,-9.263247029888447e-06,-3.354203016844954e-06,0.0,-1.2617450046733419e-05,-1.8634724839594607e-20,0.5,-1
220,4,-9.697647432953104e-06,-3.5970649635796885e-06,0.0,-1.3294712396532755e-05,3.7269449679189215e-20,0.5,-1
221,4,-1.0159052579907444e-05,-3.853220140142978e-06,0.0,-1.4012272720050441e-05,-2.0328790734103208e-20,0.5,-1
222,4,-1.0650384828447906e-05,-4.123472955210429e-06,0.0,-1.4773857783658328e-05,6.776263578034403e-21,0.5,-1
223,4,-1.1168317377437796e-05,-4.408653189604149e-06,0.0,-1.557697056704194e-05,6.776263578034403e-21,0.5,-1
224,4,-1.1691706347501042e-05,-4.709406676864174e-06,0.0,-1.6401113024365184e-05,3.049318610115481e-20,0.5,-1
225,4,-1.2159493270233346e-05,-5.025652712745075e-06,0.0,-1.7185145982978492e-05,-7.115076756936123e-20,0.5,-1
226,4,-1.2526526211332439e-05,-5.35603775182833e-06,0.0,-1.788256396316072e-05,4.743384504624082e-20,0.5,-1
227,4,-1.2825312711247721e-05,-5.699225705130494e-06,0.0,-1.8524538416378228e-05,-1.3552527156068805e-20,0.5,-1
228,4,-1.3079521368395142e-05,-6.0543927749762184e-06,0.0,-1.913391414337136e-05,0.0,0.5,-1
229,4,-1.3302760449638763e-05,-6.4210891876779305e-06,0.0,-1.972384963731664e-05,5.421010862427522e-20,0.5,-1
230,4,-1.3482075187399591e-05,-6.7988451997305195e-06,0.0,-2.0280920387130187e-05,-7.453889935837843e-20,0.5,-1
231,4,-1.3594460057638577e-05,-7.186813402267256e-06,0.0,-2.078127345990586e-05,-2.710505431213761e-20,0.5,-1
232,4,-1.3617747931544062e-05,-7.583682771175262e-06,0.0,-2.1201430702719247e-05,7.792703114739563e-20,0.5,-1
233,4,-1.353611044516182e-05,-7.987744755251418e-06,0.0,-2.152385520041327e-05,-3.3881317890172014e-20,0.5,-1
234,4,-1.3342548781864009e-05,-8.397032942019116e-06,0.0,-2.1739581723883097e-05,2.710505431213761e-20,0.5,-1
235,4,-1.3038013275223161e-05,-8.809485314734262e-06,0.0,-2.1847498589957375e-05,4.743384504624082e-20,0.5,-1
236,4,-1.2625966587803817e-05,-9.223050022539436e-06,0.0,-2.184901661034331e-05,-5.421010862427522e-20,0.5,-1
237,4,-1.210327150299478e-05,-9.63565200935233e-06,0.0,-2.1738923512347095e-05,1.3552527156068805e-20,0.5,-1
238,4,-1.1451460324337656e-05,-1.0044978343406628e-05,0.0,-2.1496438667744245e-05,4.0657581468206416e-20,0.5,-1
239,4,-1.0634314085851333e-05,-1.0448142135825518e-05,0.0,-2.108245622167693e-05,-8.131516293641283e-20,0.5,-1
240,4,-9.6062145552968e-06,-1.0841391936324851e-05,0.0,-2.0447606491621616e-05,3.3881317890172014e-20,0.5,-1
241,4,-8.330482807521225e-06,-1.1220074864332052e-05,0.0,-1.9550557671853372e-05,-9.486769009248164e-20,0.5,-1
242,4,-6.80286844422116e-06,-1.157900768281598e-05,0.0,-1.838187612703706e-05,7.792703114739563e-20,0.5,-1
243,4,-5.0801392225795595e-06,-1.191334045939331e-05,0.0,-1.699347968197283e-05,4.0657581468206416e-20,0.5,-1
244,4,-3.3263250533644393e-06,-1.2220124704491745e-05,0.0,-1.5546449757856246e-05,-6.098637220230962e-20,0.5,-1
245,4,-1.8727557669259814e-06,-1.2501030342609135e-05,0.0,-1.4373786109535139e-05,-2.371692252312041e-20,0.5,-1
246,4,-9.701734341993575e-07,-1.2764457575530348e-05,0.0,-1.3734631009729766e-05,-6.098637220230962e-20,0.5,-1
247,4,-4.4627816613774356e-07,-1.301913011940443e-05,0.0,-1.3465408285542142e-05,3.049318610115481e-20,0.5,-1
248,4,-1.7603172478523525e-07,-1.3270797379790997e-05,0.0,-1.3446829104576301e-05,-6.945670167485263e-20,0.5,-1
249,4,-5.740896024173261e-08,-1.352321487610176e-05,0.0,-1.3580623836343493e-05,0.0,0.5,-1
250,4,-1.4705887013346035e-08,-1.3778493391120697e-05,0.0,-1.3793199278134042e-05,1.6940658945086007e-21,0.5,-1
251,4,-2.7413595429916196e-09,-1.4037631594230827e-05,0.0,-1.404037295377387e-05,-5.082197683525802e-20,0.5,-1
252,4,-3.288480563835123e-10,-1.4301029312782884e-05,0.0,-1.4301358160839187e-05,8.131516293641283e-20,0.5,-1
253,4,-2.03491547136413e-11,-1.4568835712288419e-05,0.0,-1.4568856061443047e-05,8.639736061993863e-20,0.5,-1
254,4,-4.069932654225977e-13,-1.4841122559910975e-05,0.0,-1.4841122966904267e-05,-2.710505431213761e-20,0.5,-1
255,4,-6.488867758264254e-16,-1.504210865329417e-05,8.023553581779301e-06,-7.0185550721640335e-06,-2.778268066994105e-19,0.5,-1
256,4,0.0,-7.579056078990259e-06,0.0008139707356920695,0.0008063916796130794,2.168404344971009e-19,0.5,-1
0,8,0.0,-0.0001042098859252667,0.06557510070337302,0.06547089081744775,0.0,0.5,1
1,7,0.0,-0.0002978921669711772,0.0673694657429208,0.06707157357594962,0.0,0.5,1
2,7,-0.003030230707812342,-0.00047345025712882674,0.08048662469296476,0.07698294372802358,-1.3877787807814457e-17,0.5,1
3,7,-0.0042688567671311985,-0.0006296755339959336,0.07110165857594535,0.06620312627481822,1.3877787807814457e-17,0.5,1
4,7,-0.043210201385070875,-0.0013849245505843629,0.3109454064167943,0.2663502804811391,5.551115123125783e-17,0.5,1
5,7,-0.06659359563334147,-0.0019664913273766673,0.0749475702074662,0.0063874832467480935,2.7755575615628914e-17,0.5,1
6,7,-0.10600306954773656,-0.002858565230076712,0.39207438361748714,0.28321274883967384,0.0,0.5,1
7,7,-0.12489838523871694,-0.003334443912301032,0.07891117338772524,-0.04932165576329284,-1.1102230246251565e-16,0.5,1
8,7,-0.12081585010700287,-0.003272686279350921,0.2568769307062603,0.13278839431990674,2.498001805406602e-16,0.5,1
9,7,-0.1112112004518667,-0.003011606292991366,0.08300317239843834,-0.031219634346419944,-2.0816681711721685e-16,0.5,1
10,7,-0.08172688273638058,-0.002334840426513498,0.1334383998465759,0.04937667668368173,-9.71445146547012e-17,0.5,1
11,6,-0.05920764624214763,-0.0017790221775360975,0.08721875541617521,0.0262320869964916,1.1102230246251565e-16,0.5,1
12,6,-0.03289800968740499,-0.0012203087566043424,0.09301232156051358,0.05889400311650428,4.163336342344337e-17,0.5,1
13,6,-0.015886819929625796,-0.0008395062463030843,0.09155355349667585,0.07482722732074687,-9.71445146547012e-17,0.5,1
14,6,-0.006028517950438485,-0.0005558079465030062,0.09376290876707517,0.08717858287013347,-2.0816681711721685e-16,0.5,1
15,6,-0.002073113915998611,-0.0003159089836467739,0.09600725450380745,0.09361823160416227,2.0816681711721685e-16,0.5,1
16,6,-0.0006604716295329245,-7.23302343230381e-05,0.09787616674863045,0.09714336488477437,-1.1102230246251565e-16,0.5,1
17,6,-0.0001982016184597156,0.00019612757493470546,0.0995032771275284,0.09950120308400323,-1.6653345369377348e-16,0.5,1
18,6,-5.6821621399217676e-05,0.00049800908053923,0.10119490804934543,0.10163609550848585,4.0245584642661925e-16,0.5,1
19,6,-1.574419847039788e-05,0.0008364797829128068,0.10292295634421855,0.10374369192866073,-2.3592239273284576e-16,0.5,1
20,6,-4.256296411652765e-06,0.00121292103490502,0.10470098370662653,0.10590964844511985,-4.163336342344337e-17,0.5,1
21,5,-1.1287377662979687e-06,0.0016287132095230011,0.10652560767376677,0.10815319214552366,1.8041124150158794e-16,0.5,1
22,5,-2.986429190566189e-07,0.002084453144443782,0.1083904755208699,0.11047463002239488,2.498001805406602e-16,0.5,1
23,5,-7.862502576036663e-08,0.0025810231468497207,0.11031971388625696,0.11290065840808028,-6.38378239159465e-16,0.5,1
24,5,-2.0679142866888367e-08,0.0031191625945779008,0.11229188460666824,0.11541102652210355,2.7755575615628914e-16,0.5,1
25,5,-5.4506684107231266e-09,0.003699595305562477,0.11432035576264653,0.11801994561754059,0.0,0.5,1
26,5,-1.4435072955579066e-09,0.004323754300052927,0.11640167017639527,0.12072542303294087,-2.7755575615628914e-17,0.5,1
27,5,-3.8487318591155656e-10,0.0049922743383719985,0.11853091652781748,0.12352319048131655,2.498001805406602e-16,0.5,1
28,5,-1.0347425309481953e-10,0.005706238232611848,0.12073238198198905,0.12643862011112672,8.326672684688674e-17,0.5,1
29,5,-2.808568312455821e-11,0.006466533766712386,0.1229804728836032,0.12944700662222974,-1.6653345369377348e-16,0.5,1
30,5,-7.703053498786156e-12,0.0072740554527223,0.12529049244787072,0.13256454789289007,1.1102230246251565e-16,0.5,1
31,5,-2.1361732666342895e-12,0.008130588138772264,0.127661239690265,0.13579182782690058,-4.996003610813204e-16,0.5,1
32,5,-5.992087478346844e-13,0.009036890999062987,0.1300841298105189,0.13912102080898325,5.828670879282072e-16,0.5,1
33,5,-1.7005149880487336e-13,0.009994276987268689,0.1326619100937546,0.14265618708085315,-1.1102230246251565e-16,0.5,1
34,5,-4.882790723428762e-14,0.011003718461948388,0.1355966948938972,0.14660041335579654,-2.220446049250313e-16,0.5,1
35,5,-1.4184433795667802e-14,0.012066306533551794,0.1386075139254636,0.15067382045900102,-1.942890293094024e-16,0.5,1
36,5,-4.168093931739763e-15,0.013184340268787911,0.14167066165507972,0.15485500192386326,-1.942890293094024e-16,0.5,1
37,5,-1.2386088893792726e-15,0.014358888262814985,0.14477859617015343,0.15913748443296782,6.38378239159465e-16,0.5,1
38,5,-3.7210370587380534e-16,0.01559172771040746,0.14795013818814176,0.1635418658985488,-5.551115123125783e-17,0.5,1
39,5,-1.1297090999042996e-16,0.016884245203107273,0.15115730782943557,0.1680415530325421,-6.38378239159465e-16,0.5,1
40,5,-3.4647112996497765e-17,0.018237939338058208,0.15442601440238873,0.17266395374044752,6.106226635438361e-16,0.5,1
41,5,-1.072948112964462e-17,0.019655568323332158,0.15774804875290788,0.17740361707623986,-1.6653345369377348e-16,0.5,1
42,5,-3.3535286000746998e-18,0.021138329911996125,0.16111713878616923,0.1822554686981661,7.494005416219807e-16,0.5,1
43,5,-1.0572674137546695e-18,0.022688296195738988,0.16455159671042854,0.18723989290616672,-8.049116928532385e-16,0.5,1
44,5,-3.364693053646425e-19,0.024307051551503457,0.16802690640860896,0.19233395796011266,2.498001805406602e-16,0.5,1
45,5,-1.143363165772353e-19,0.025996390047350486,0.17157588411796934,0.19757227416531986,2.7755575615628914e-17,0.5,1
46,5,-1.1487323276524608e-19,0.027759558605213553,0.1751858637745085,0.20294542237972202,-5.551115123125783e-17,0.5,1
47,5,-1.5035896657948895e-18,0.029598006599333242,0.17887096361246174,0.20846897021179522,2.498001805406602e-16,0.5,1
48,5,-3.812179935398455e-17,0.03151428346891886,0.18264604453648176,0.2141603280054003,-2.7755575615628914e-16,0.5,1
49,5,-1.254137985045849e-15,0.03351041195497864,0.18651450017590293,0.2200249121308806,2.7755575615628914e-16,0.5,1
50,5,-6.550274386651914e-14,0.03558884864169469,0.19053232419093413,0.2261211728325634,5.551115123125783e-17,0.5,1
51,5,-5.6511731569421225e-11,0.037754740717812804,0.19541298926372186,0.23316772992502166,-1.27675647831893e-15,0.5,1
52,5,-6.414976086952824e-08,0.040012076200872146,0.20094383227394333,0.2409558443250548,1.942890293094024e-16,0.5,1
53,5,-7.1616083946238016e-06,0.04236524740780838,0.20656453211260584,0.24892261791201964,5.551115123125783e-17,0.5,1
54,5,-0.0001244671214255408,0.04481696998856016,0.2122239614922431,0.2569164643593771,-6.106226635438361e-16,0.5,1
55,5,-0.0005002383283957559,0.04736906684458923,0.21772885464652497,0.26459768316272037,1.887379141862766e-15,0.5,1
56,5,-0.0011507142149800057,0.05002367229803997,0.2230242462885173,0.2718972043715775,2.220446049250313e-16,0.5,1
57,5,-0.002033693626196392,0.05277998016249262,0.22810644333780958,0.2788527298741048,-9.992007221626409e-16,0.5,1
58,5,-0.0031343018277629935,0.05563811743171672,0.23298472034031698,0.28548853594427115,4.440892098500626e-16,0.5,1
59,5,-0.004451186968036944,0.05859687849597973,0.23763659832085787,0.2917822898487987,-1.942890293094024e-15,0.5,1
60,5,-0.0059871466934480685,0.061655078448066995,0.2420801011910673,0.29774803294568564,-5.551115123125783e-16,0.5,1
61,5,-0.007745005964620826,0.0648129547984531,0.24630367573458237,0.3033716245684168,2.1649348980190553e-15,0.5,1
62,5,-0.00972663640811755,0.06806771810168112,0.25030679730107136,0.30864787899463764,2.7200464103316335e-15,0.5,1
63,5,-0.011934092518394345,0.07141765250469163,0.2540996904345591,0.31358325042085333,-3.0531133177191805e-15,0.5,1
64,5,-0.014368929220447395,0.07485968356012436,0.25766817376928924,0.31815892810896784,1.6653345369377348e-15,0.5,1
65,5,-0.017031675900531017,0.07839102938282357,0.2610298971403521,0.3223892506226438,-8.326672684688674e-16,0.5,1
66,5,-0.019923679943544454,0.08201061118542415,0.264183811327098,0.3262707425689779,2.220446049250313e-16,0.5,1
67,5,-0.023047090804188798,0.08571423545912157,0.26713251979826014,0.3297996644531924,-4.996003610813204e-16,0.5,1
68,5,-0.02640396508965709,0.0894991853710414,0.2699033153418766,0.3329985356232612,2.7755575615628914e-16,0.5,1
69,5,-0.029994935788727438,0.09336162791771539,0.2725312643624338,0.3358979564914204,-1.3322676295501878e-15,0.5,1
70,5,-0.0338188782298625,0.09729822971821298,0.2749733553110193,0.33845270679936945,-3.3306690738754696e-16,0.5,1
71,5,-0.037873216439164206,0.10130740521917159,0.2772314664272667,0.34066565520727465,5.551115123125783e-16,0.5,1
72,5,-0.04215464707904598,0.1053843220527286,0.27931064791314686,0.34254032288683156,2.1094237467877974e-15,0.5,1
73,5,-0.04665976862124721,0.10952601945245588,0.28122644453738516,0.344092695368591,-2.831068712794149e-15,0.5,1
74,4,-0.051384487644779535,0.11372827486820442,0.28297871751006193,0.3453225047334847,-2.1094237467877974e-15,0.5,1
75,4,-0.05632728045180378,0.11798727219422538,0.28458393390513814,0.34624392564756334,3.608224830031759e-15,0.5,1
76,4,-0.06148587567393016,0.1223020005167803,0.28605327578702433,0.34686940062987226,-2.220446049250313e-15,0.5,1
77,4,-0.06685989216691707,0.12666785967922775,0.2873921935089755,0.34720016102128604,-1.1102230246251565e-16,0.5,1
78,4,-0.07245007238108954,0.1310824839547337,0.28861650910909964,0.3472489206827447,8.881784197001252e-16,0.5,1
79,4,-0.078257463374139,0.13554198097619102,0.2897285947108696,0.3470131123129221,4.440892098500626e-16,0.5,1
80,4,-0.08428309449938261,0.14004338024108165,0.29074269715907186,0.34650298290077153,6.106226635438361e-16,0.5,1
81,4,-0.09052925035206436,0.14458613962055109,0.29167059027834236,0.3457274795468308,1.7208456881689926e-15,0.5,1
82,4,-0.0970015471349972,0.14916627555723627,0.2925161494172921,0.34468087783952583,-5.329070518200751e-15,0.5,1
83,4,-0.103709698922577,0.1537810672917382,0.2932884923505607,0.34335986071972613,4.218847493575595e-15,0.5,1
84,4,-0.11067380656746464,0.15842682391052512,0.2939883719481546,0.34174138929121867,3.608224830031759e-15,0.5,1
85,4,-0.11792310903071503,0.16309978375638334,0.294609182113671,0.3397858568393346,-4.718447854656915e-15,0.5,1
86,4,-0.12536952039100158,0.1677961066721776,0.29449838283173246,0.3369249691129106,2.1094237467877974e-15,0.5,1
87,4,-0.13286802849179535,0.1725111182485825,0.29399606741300016,0.33363915716978454,-2.7755575615628914e-15,0.5,1
88,4,-0.14033370169031587,0.1772432287096103,0.29350232955032773,0.3304118565696257,3.552713678800501e-15,0.5,1
89,4,-0.1477254160088212,0.18199270003672938,0.2930148911775332,0.3272821752054398,-1.609823385706477e-15,0.5,1
90,4,-0.15501719070165285,0.18676064279781135,0.29253566763182465,0.3242791197279793,-3.885780586188048e-15,0.5,1
91,4,-0.1621812802233811,0.19154873778158785,0.2920630157479059,0.32143047330611907,6.439293542825908e-15,0.5,1
92,4,-0.16918111577758768,0.19635899969303286,0.29159789170008205,0.3187757756155243,-2.942091015256665e-15,0.5,1
93,4,-0.175972607004997,0.20119587611978496,0.29114441092075494,0.3163676800355475,4.6074255521944e-15,0.5,1
94,4,-0.18251147419229716,0.20606320822857058,0.29070262767902433,0.3142543617152924,-5.329070518200751e-15,0.5,1
95,4,-0.1887567405035003,0.21096239244586426,0.29027140688571534,0.31247705882807963,3.3306690738754696e-16,0.5,1
96,4,-0.1946295141481474,0.21589452692959651,0.2898453033424797,0.3111103161239299,1.1102230246251565e-15,0.5,1
97,4,-0.2000731981799391,0.2208640970262981,0.28942400816210995,0.31021490700846854,-4.440892098500626e-16,0.5,1
98,4,-0.20516914946947315,0.2258747301428384,0.28900623583182944,0.30971181650519597,1.27675647831893e-15,0.5,1
99,3,-0.1277540828278029,0.14047059532413203,0.17659276619855013,0.189309278694882,2.7478019859472624e-15,0.5,1
100,2,-0.08231289171831958,0.09046058068146681,0.11248495736998418,0.12063264633313153,1.249000902703301e-16,0.5,1
101,4,-0.21484125032650592,0.2360330797093228,0.2881685354914518,0.3093603648742622,-6.494804694057166e-15,0.5,1
102,4,-0.21943578944762948,0.24118000581053814,0.28775783206878996,0.3095020484316997,1.1102230246251565e-15,0.5,1
103,4,-0.22377096471258176,0.24637661711012288,0.2873481965293372,0.30995384892688094,2.6645352591003757e-15,0.5,1
104,4,-0.2279497214452743,0.25162507091972935,0.28677853888410176,0.3104538883585555,-1.3322676295501878e-15,0.5,1
105,4,-0.23205904118967455,0.25692448952011654,0.28572898988889117,0.31059443821933286,-3.3306690738754696e-16,0.5,1
106,4,-0.2360970994665451,0.26227420246172845,0.2847023121553012,0.31087941515048456,5.551115123125783e-17,0.5,1
107,4,-0.24003062639725165,0.26767580211703446,0.2837348437131466,0.3113800194329279,-1.4988010832439613e-15,0.5,1
108,4,-0.243821629594648,0.2731317229618625,0.28282537172314953,0.31213546509036405,0.0,0.5,1
109,4,-0.247438132312698,0.27864488900853157,0.28197181258878107,0.3131785692846165,1.887379141862766e-15,0.5,1
110,4,-0.25085288348110013,0.2842187499029685,0.28117186256454424,0.31453772898640864,-3.9968028886505635e-15,0.5,1
111,4,-0.25408079885846857,0.28992311965945505,0.3085314231287493,0.3443737439297365,7.216449660063518e-16,0.5,1
112,4,-0.2571387796877749,0.2957656874805059,0.30757800653335743,0.346204914326087,-1.4432899320127035e-15,0.5,1
113,4,-0.2600519151097366,0.30168548124083444,0.30668661500754246,0.34832018113864294,2.609024107869118e-15,0.5,1
114,4,-0.26291417300749975,0.3076852526138847,0.3058478221035018,0.3506189017098862,-5.551115123125783e-16,0.5,1
115,4,-0.26578494332014296,0.31376674114219527,0.30505926624996665,0.35304106407201985,8.881784197001252e-16,0.5,1
116,4,-0.2686871016647595,0.319931178496908,0.3043191344805885,0.3555632113127345,-2.4980018054066022e-15,0.5,1
117,4,-0.2716277990367095,0.3261796346287271,0.3036249429230168,0.3581767785150376,3.219646771412954e-15,0.5,1
118,4,-0.2746086745669021,0.3325131756207899,0.30297458709319025,0.3608790881470796,1.4988010832439613e-15,0.5,1
119,4,-0.27762982029307204,0.33893277147177286,0.3023657715078808,0.36366872268657957,-2.0539125955565396e-15,0.5,1
120,4,-0.28069120710810647,0.3454395003189096,0.3017961229376299,0.36654441614843947,6.439293542825908e-15,0.5,1
121,4,-0.28379316124277143,0.3520344073306866,0.3012775927160158,0.36951883880392344,-7.494005416219807e-15,0.5,1
122,4,-0.28693723628556256,0.3587202337762059,0.3012567023309503,0.373039699821593,-6.106226635438361e-16,0.5,1
123,4,-0.29012563946833203,0.3655005133391961,0.3014418782784346,0.37681675214930266,3.9968028886505635e-15,0.5,1
124,4,-0.29335994030184576,0.37237672862604615,0.3015899852289097,0.380606773553108,-2.0539125955565396e-15,0.5,1
125,4,-0.29664146720551954,0.37934965289052247,0.30170045758137215,0.3844086432663758,7.216449660063518e-16,0.5,1
126,4,-0.2999716375159387,0.3864198837963844,0.30177312081754926,0.3882213670979944,-6.106226635438361e-16,0.5,1
127,4,-0.30335188712011985,0.39358797024737946,0.3018074566248997,0.39204353975215867,-6.661338147750939e-16,0.5,1
128,4,-0.3067836262953011,0.400854566170216,0.3018031914276895,0.39587413130260174,-2.6645352591003757e-15,0.5,1
129,4,-0.3102682043937771,0.40822002495786647,0.30175987735250176,0.3997116979165902,-8.881784197001252e-16,0.5,1
130,4,-0.3138068888777407,0.41568492105240695,0.30167730194878867,0.40355533412345324,-1.6653345369377348e-15,0.5,1
131,4,-0.3174008548095572,0.42324961533755096,0.3015552201843217,0.4074039807123171,1.6653345369377348e-15,0.5,1
132,4,-0.3210511650145045,0.43091443293861886,0.301393113614684,0.4112563815388057,7.327471962526033e-15,0.5,1
133,4,-0.3247587807426763,0.4386798325352661,0.30119113742263404,0.41511218921521476,-9.103828801926284e-15,0.5,1
134,4,-0.3285245710871716,0.44654594578607654,0.3009488025857953,0.418970177284713,1.2712053631958042e-14,0.5,1
135,4,-0.33234934229209556,0.45451316966978655,0.30066590303915597,0.4228297304168436,-3.3861802251067274e-15,0.5,1
136,4,-0.336233872122589,0.4625816728244693,0.30034261217786107,0.4266904128797364,-4.9960036108132044e-15,0.5,1
137,4,-0.34017950852634704,0.4707529334341696,0.3004997650553555,0.4310731899631861,8.049116928532385e-15,0.5,1
138,4,-0.34418689867794067,0.4790271921196805,0.30005240275916445,0.43489269620089743,-6.827871601444713e-15,0.5,1
139,4,-0.3482564464181447,0.4874041990863918,0.2998228230356261,0.43897057570386977,-3.4416913763379853e-15,0.5,1
140,4,-0.3523903747737707,0.4958888373011095,0.3002794144165526,0.4437778769438907,-6.661338147750939e-16,0.5,1
141,4,-0.3565902795988514,0.5044845355769036,0.30066888286793686,0.44856313884599075,1.6653345369377348e-15,0.5,1
142,4,-0.3608562391021473,0.5131909975847003,0.3009440394005345,0.4532787978830797,-7.827072323607354e-15,0.5,1
143,4,-0.3651881938083579,0.5220078318626209,0.30110752277994335,0.4579271608342168,1.0436096431476471e-14,0.5,1
144,4,-0.3695860275972239,0.5309343579545869,0.30116123407186207,0.46250956442921876,-6.2727600891321345e-15,0.5,1
145,4,-0.3740495837281291,0.5399701618132801,0.30110656915665446,0.46702714724180794,2.4980018054066022e-15,0.5,1
146,4,-0.3785787001299552,0.5491146119240007,0.3009444015550173,0.4714803133490548,-7.93809462606987e-15,0.5,1
147,4,-0.3831732320428071,0.5583671032269862,0.30067828246082917,0.475872153645021,1.2712053631958042e-14,0.5,1
148,4,-0.38783433629589337,0.5677304352164371,0.3014038214424152,0.4812999203629573,-1.5543122344752192e-15,0.5,1
149,4,-0.3925669762025906,0.5772173345362555,0.30532367903311264,0.48997403736677114,-6.328271240363392e-15,0.5,1
150,4,-0.39736964503355376,0.5868239700349278,0.3045577161034964,0.49401204110487384,3.3861802251067274e-15,0.5,1
151,4,-0.4022370512412263,0.5965358465994146,0.30369921169490866,0.4979980070530914,-5.6066262743570405e-15,0.5,1
152,4,-0.40716914663354387,0.6063522647692972,0.3027427765477566,0.5019258946835166,6.661338147750939e-15,0.5,1
153,4,-0.4121678037322015,0.6162781396285641,0.303428728045355,0.5075390639417208,3.1086244689504383e-15,0.5,1
154,4,-0.4172328032676285,0.6263125630982097,0.30220644418200093,0.5112862040125847,2.6645352591003757e-15,0.5,1
155,4,-0.42236194577011227,0.6364491377649039,0.30089547832609775,0.514982670320876,-1.3322676295501878e-14,0.5,1
156,4,-0.4275551892246545,0.6466871272169058,0.29950813414276267,0.518640072135014,0.0,0.5,1
157,4,-0.4328131020473527,0.6570274438910848,0.29827958809112587,0.5224939299348605,2.55351295663786e-15,0.5,1
158,4,-0.43813647137570555,0.667471577815741,0.297039066305697,0.52637417274574,7.66053886991358e-15,0.5,1
159,4,-0.4435254987668226,0.6780190817682923,0.2956812554157746,0.5301748384172384,-5.773159728050814e-15,0.5,1
160,4,-0.4489801783920257,0.6886689977443772,0.29421169460985586,0.5339005139622088,1.5543122344752192e-15,0.5,1
161,4,-0.45450055649293664,0.6994202305338545,0.2926341254097241,0.5375537994506416,-3.3306690738754696e-16,0.5,1
162,4,-0.4600867359278913,0.7102717406680212,0.29095468963446147,0.5411396943745928,1.3322676295501878e-15,0.5,1
163,4,-0.4657388920773884,0.7212225322181185,0.28917713976256054,0.5446607799032961,5.440092820663267e-15,0.5,1
164,4,-0.471457263660452,0.7322714433686685,0.28730657376857155,0.5481207534767876,-4.440892098500626e-16,0.5,1
165,4,-0.4772421426715565,0.743417518328257,0.28534804096116845,0.5515234166178615,-7.327471962526033e-15,0.5,1
166,4,-0.483116154363055,0.7547333491742307,0.3030952813089988,0.5747124761201761,1.5543122344752192e-15,0.5,1
167,4,-0.4890786735788099,0.7662166196131842,0.30000584624186055,0.5771437922762388,3.9968028886505635e-15,0.5,1
168,4,-0.4951066262444031,0.7777896156522361,0.2968529687482843,0.5795359581561144,-2.9976021664879227e-15,0.5,1
169,4,-0.5012005342949963,0.7894511999329294,0.2936421868208067,0.5818928524587363,-3.552713678800501e-15,0.5,1
170,4,-0.5073609399103316,0.8012003651064119,0.2903789557077966,0.5842183809038843,7.438494264988549e-15,0.5,1
171,4,-0.513588383336234,0.8130360045484242,0.28706836916867357,0.5865159903808603,-3.3306690738754696e-15,0.5,1
172,4,-0.519884046675661,0.8249594026088475,0.284303985497803,0.5893793414309911,1.6653345369377348e-15,0.5,1
173,4,-0.5262483206510804,0.8369692581120898,0.28081965998919617,0.5915405974501979,-7.549516567451064e-15,0.5,1
174,4,-0.5326808535930158,0.8490617524229863,0.27733199584109286,0.5937128946710644,8.881784197001252e-16,0.5,1
175,4,-0.5391820182268277,0.8612360735547906,0.273955375872659,0.5960094312006206,-1.3322676295501878e-15,0.5,1
176,4,-0.5457523352220813,0.873491914731655,0.2706761592161708,0.5984157387257554,1.0880185641326534e-14,0.5,1
177,4,-0.5523924543115879,0.8858293815465526,0.26748719913929897,0.6009241263742666,2.9976021664879227e-15,0.5,1
178,4,-0.5591034699437333,0.8982504554571847,0.2648320256031671,0.603979011116607,-1.1546319456101628e-14,0.5,1
179,4,-0.5658859819896004,0.9107552055166291,0.2618142041180294,0.6066834276450663,8.215650382226158e-15,0.5,1
180,4,-0.572740235897705,0.923341924262616,0.2588829187403004,0.6094846071052089,-2.4424906541753444e-15,0.5,1
181,4,-0.57966698159111,0.936010639841008,0.2560330136213265,0.6123766718712176,-6.8833827526759706e-15,0.5,1
182,4,-0.586666932702876,0.9487613990869682,0.25325955507884335,0.6153540214629416,5.995204332975845e-15,0.5,1
183,4,-0.5937442677706781,0.9616078777075528,0.2536945934570043,0.6215582033938816,2.55351295663786e-15,0.5,1
184,4,-0.6008986225133484,0.9745461840434244,0.2501083190399069,0.6237558805699805,-2.4424906541753444e-15,0.5,1
185,4,-0.6081260760452888,0.987558305491573,0.2465567835602066,0.6259890130065031,1.2323475573339238e-14,0.5,1
186,4,-0.6154278919626643,1.0006460941062647,0.24359445437394037,0.6288126565175176,-2.3092638912203256e-14,0.5,1
187,4,-0.6228048735229904,1.0138095754065048,0.2402309696067111,0.6312356714902378,1.2323475573339238e-14,0.5,1
188,4,-0.6302583295422729,1.0270508508217917,0.23791526930336654,0.6347077905828726,-1.2656542480726785e-14,0.5,1
189,4,-0.6377889365468918,1.040369432876713,0.23462922573659123,0.6372097220664301,1.7763568394002505e-14,0.5,1
190,4,-0.6453965995214256,1.053761835030576,0.23172165935383243,0.640086894862975,-7.771561172376096e-15,0.5,1
191,4,-0.6530845638997926,1.0672382634985513,0.2308292685974183,0.6449829681961745,-2.4424906541753444e-15,0.5,1
192,4,-0.6608613570971302,1.0808300811238418,0.23437448599720784,0.6543432100239244,4.884981308350689e-15,0.5,1
193,4,-0.6687261552623983,1.094529446284276,0.23126480888638803,0.6570680999082725,6.772360450213455e-15,0.5,1
194,4,-0.6766723026179119,1.1083050553088347,0.22815899319415384,0.659791745885073,-3.552713678800501e-15,0.5,1
195,4,-0.6847002206023504,1.1221557253323788,0.22505783636109977,0.6625133410911275,-7.771561172376096e-16,0.5,1
196,4,-0.6928103159449619,1.1360801486803567,0.22196198845869786,0.665231821194098,5.329070518200751e-15,0.5,1
197,4,-0.7010029765598695,1.1500770617061635,0.21887246782712272,0.6679465529734046,-1.2212453270876722e-14,0.5,1
198,4,-0.7092785691974192,1.164145180779816,0.2157900644750764,0.6706566760574759,2.6645352591003757e-15,0.5,1
199,4,-0.7176374128368688,1.1782830365668788,0.2126945441167932,0.6733401678468027,-5.551115123125783e-16,0.5,1
200,4,-0.7260798057840995,1.1924892534515814,0.20961130657517274,0.6760207542426429,-1.176836406102666e-14,0.5,1
201,4,-0.7346060494890276,1.2067624527609708,0.2065410737311521,0.678697477003098,2.6645352591003757e-15,0.5,1
202,4,-0.7432164209348877,1.2211013001089337,0.20348459134586125,0.6813694705199111,3.885780586188048e-15,0.5,1
203,4,-0.7519111732257718,1.2355044362388083,0.2004428018555568,0.6840360648686072,1.3988810110276972e-14,0.5,1
204,4,-0.7606905335184692,1.2499704259778714,0.19741642321925407,0.6866963156786454,-1.0880185641326534e-14,0.5,1
205,4,-0.7695547040829341,1.2644979080952174,0.19440639108697144,0.6893495950992445,-1.021405182655144e-14,0.5,1
206,4,-0.7785038657896914,1.279085404801577,0.1914137266547396,0.6919952656666339,8.881784197001252e-15,0.5,1
207,4,-0.7875381828664517,1.293731483390761,0.18843908428674544,0.694632384811058,3.3306690738754696e-15,0.5,1
208,4,-0.7966578100696489,1.3084346827637912,0.18548380164388978,0.6972606743380254,-6.661338147750939e-15,0.5,1
209,4,-0.8058623932254543,1.3231927555838363,0.18251082573873695,0.6998411880971247,5.773159728050814e-15,0.5,1
210,4,-0.8151505305989055,1.3380022112673517,0.17951575305959175,0.7023674337280568,1.8762769116165146e-14,0.5,1
211,4,-0.8245213818612483,1.3528603719809968,0.17657067116711375,0.7049096612868482,-1.4099832412739488e-14,0.5,1
212,4,-0.8339752429762749,1.3677661651540147,0.1736758544649337,0.7074667766426614,-1.2101430968414206e-14,0.5,1
213,4,-0.8435124248508696,1.3827185204558305,0.17083136553064343,0.7100374611355988,-5.551115123125783e-15,0.5,1
214,4,-0.8531332176477329,1.397716287761982,0.16803599716471454,0.712619067278979,1.532107773982716e-14,0.5,1
215,4,-0.8628379044366337,1.4127583586628225,0.16528936541142666,0.7152098196375931,-2.2426505097428162e-14,0.5,1
216,4,-0.8726267727149499,1.4278434993468725,0.16259132752927963,0.7178080541612246,2.2426505097428162e-14,0.5,1
217,4,-0.8825001105834457,1.4429704992265306,0.1599405354037482,0.7204109240468313,-1.887379141862766e-15,0.5,1
218,4,-0.8924581972853591,1.458138092434832,0.15733762355610464,0.723017518705575,-2.4424906541753444e-15,0.5,1
219,4,-0.9025012920765603,1.4733449358570438,0.15478122118816884,0.7256248649686654,1.2989609388114332e-14,0.5,1
220,4,-0.9126296279697627,1.488589717253186,0.15227122928398584,0.7282313185674099,7.771561172376096e-16,0.5,1
221,4,-0.9228434236871137,1.5038710012441006,0.14980777309151408,0.7308353506484906,-1.0325074129013956e-14,0.5,1
222,4,-0.9331428691465493,1.5191873708917125,0.14738928621089636,0.7334337879560451,-1.4432899320127035e-14,0.5,1
223,4,-0.943528027564432,1.5345373496940444,0.14501697644562625,0.7360262985752541,1.5432100042289676e-14,0.5,1
224,4,-0.9539988087280542,1.5499193904236264,0.14268915667049886,0.7386097383660797,8.659739592076221e-15,0.5,1
225,4,-0.9645550940206622,1.5653319717338352,0.14040600378698098,0.7411828815001371,-1.687538997430238e-14,0.5,1
226,4,-0.9751972823999846,1.5807748329035956,0.13833609290680868,0.7439136434104086,-1.1102230246251565e-14,0.5,1
227,4,-0.9859331205698996,1.5962724615241644,0.139411063514668,0.7497504044689407,7.882583474838611e-15,0.5,1
228,4,-0.9967726181784085,1.6118549718492057,0.14135685900435993,0.7564392126751613,4.218847493575595e-15,0.5,1
229,4,-1.007717741392369,1.6275250170774025,0.1429682436075462,0.7627755192925747,-4.9960036108132044e-15,0.5,1
230,4,-1.0187673652429035,1.6432758051099778,0.1442628290847269,0.7687712689518236,2.2315482794965646e-14,0.5,1
231,4,-1.0299202483784597,1.6591005955292217,0.14525776753097663,0.7744381146817432,4.551914400963142e-15,0.5,1
232,4,-1.0411751120062596,1.6749928264826819,0.14596710710753194,0.7797848215839309,-2.3314683517128287e-14,0.5,1
233,4,-1.052530688491115,1.6909460359019124,0.14640921349127195,0.7848245609020807,1.1324274851176597e-14,0.5,1
234,4,-1.0639857469076361,1.7069538602544938,0.14659684441204635,0.7895649577588983,-5.662137425588298e-15,0.5,1
235,4,-1.0755391125842366,1.7230101041960881,0.1465459472510977,0.7940169388629386,-1.0658141036401503e-14,0.5,1
236,4,-1.087189684603388,1.73910862037219,0.1462717045730805,0.7981906403419003,1.787459069646502e-14,0.5,1
237,4,-1.0989364369614858,1.7552434255080112,0.14578569725559437,0.8020926858021227,2.886579864025407e-15,0.5,1
238,4,-1.1107784261086227,1.7714086200081949,0.1451050158416303,0.8057352097411865,-1.5987211554602254e-14,0.5,1
239,4,-1.1227147860532438,1.7875983903988333,0.14423965859748825,0.8091232629430749,-2.7755575615628914e-15,0.5,1
240,4,-1.1347447239958206,1.8038070675988713,0.14320403604069776,0.8122663796437593,1.0769163338864018e-14,0.5,1
241,4,-1.1468675211174488,1.820029015868885,0.1420113330210999,0.8151728277725283,-7.771561172376096e-15,0.5,1
242,4,-1.1590825208226754,1.836258741994745,0.14067065258956082,0.8178468737616242,-6.106226635438361e-15,0.5,1
243,4,-1.1713891315601663,1.8524908151120723,0.13919799062293745,0.820299674174862,1.865174681370263e-14,0.5,1
244,4,-1.1837765423725135,1.868683256508793,0.13312806768605256,0.8180347818223197,-1.2323475573339238e-14,0.5,1
245,4,-1.1962140207499696,1.884722323174358,0.1182324555436522,0.8067407579680292,-1.1324274851176597e-14,0.5,1
246,4,-1.2086829067263911,1.9005363287253758,0.10407146389690382,0.7959248858959,1.1546319456101628e-14,0.5,1
247,4,-1.2211870179401239,1.9161336462888365,0.09091697824089151,0.7858636065896007,-3.4416913763379853e-15,0.5,1
248,4,-1.2337306861323551,1.9315245908942411,0.07873165683667871,0.7765255615985609,-3.774758283725532e-15,0.5,1
249,4,-1.2463180540465524,1.9467189025170764,0.06746812961249211,0.7678689780830155,-6.661338147750939e-16,0.5,1
250,4,-1.2589530731972414,1.9617257897717013,0.05708784327706095,0.7598605598515462,2.531308496145357e-14,0.5,1
251,4,-1.2716395125017377,1.9765538430911325,0.04755109208726834,0.7524654226766359,-2.731148640577885e-14,0.5,1
252,4,-1.2843809511688953,1.991211155308765,0.03881567225829248,0.7456458763981715,9.2148511043888e-15,0.5,1
253,4,-1.2971807958813075,2.005705270312093,0.03085234772418775,0.7393768221549664,-6.8833827526759706e-15,0.5,1
254,4,-1.3100422698926395,2.0200431833317696,0.02361479385342067,0.7336157072925431,-7.66053886991358e-15,0.5,1
255,4,-1.3229683961970242,2.0342313751266756,0.017070135712460535,0.7283331146421403,2.842170943040401e-14,0.5,1
256,4,-1.3359620102153182,2.048283238804004,0.01197253195996093,0.7242937605486333,-1.3655743202889425e-14,0.5,1
