s,x,model,baseline_required_negative_null,required_negative_null,worst_direction,auxiliary_rho,endpoint_rho,geometry_rho,endpoint_remainder_required_negative_null
0.0,-2.1,inventory_only,0.03340980939851004,0.039842059378350794,-1.0,0.006432249979788484,0.0,0.0023337375658352,0.006432249979840748
0.0,-2.075,inventory_only,0.021237715593351098,0.026123165591474123,-1.0,0.004868444991661996,-8.535179333010051e-06,0.0028418178414959,0.004885449998123024
0.0,-2.0500000000000003,inventory_only,0.013748480781210878,0.01818041968371896,-1.0,0.004322259311267825,-5.507153732444692e-05,0.0032715423093118,0.004431938902508081
0.0,-2.025,inventory_only,0.009203122488166115,0.014536197588264247,-1.0,0.005044648011841218,-0.0001448611148155,0.0036316604854428,0.005333075100098134
0.0,-2.0,inventory_only,0.007740808932454739,0.013252029348809258,-1.0,0.004998336056786041,-0.0002576361141794,0.0039315174681988,0.005511220416354518
0.0,-1.975,inventory_only,0.006563141463721339,0.01171387027910048,-1.0,0.00443050494686924,-0.0003618170466017,0.0041804094340542,0.00515072881537914
0.0,-1.9500000000000002,inventory_only,0.005610878069562889,0.009898328508787474,-1.0,0.0035441981596707156,-0.0004290935153797,0.004387110055161,0.00439833954958494
0.0,-1.925,inventory_only,0.006736113202878984,0.00833280411824044,-1.0,0.0026711987598033145,-0.000446785264316,0.0045595628826154,0.0035606195822055226
0.0,-1.9000000000000001,inventory_only,0.008448462795975584,0.009748964154665033,-0.017026155173471683,0.0026078937667305285,-0.0004259864374951,0.0047047180051175,0.003456029046599853
0.0,-1.875,inventory_only,0.010025152475272704,0.011427655768289503,-0.0064826612816261675,0.0026276655631306436,-0.0003948872864968,0.0048284833960937,0.0034140477999863926
0.0,-1.85,inventory_only,0.011075398298676384,0.012506163359502748,-0.00353656265630991,0.002567464392201498,-0.0003613926532464,0.0049357584846617,0.003287347678701497
0.0,-1.8250000000000002,inventory_only,0.012111093093186297,0.013583597111579493,-0.0021599772080416867,0.0025157677231808927,-0.0003261448929073,0.0050305208410209,0.0031656701177302355
0.0,-1.8,inventory_only,0.01317385991886784,0.014707569751698187,-0.0013993631223068734,0.0024796553133972716,-0.0002897863606429,0.0051159408085936,0.003057358840050151
0.0,-1.7750000000000001,inventory_only,0.014265594487647425,0.015877509518117235,-0.0009408147496060474,0.0024577407423528714,-0.0002529380068778,0.0051945057150499,0.002962250472185348
0.0,-1.75,inventory_only,0.015323398764516162,0.017014319101934135,-0.0006507107011260998,0.002434951936859229,-0.0002161351630802,0.0052681408552805,0.0028663323138826756
0.0,-1.725,inventory_only,0.016256686984467212,0.018003187467163763,-0.0004614541784798727,0.0023882015394503762,-0.0001798917559795,0.0053383195872739,0.002747535461805044
0.0,-1.7000000000000002,inventory_only,0.01698587309374979,0.01874122101554493,-0.00033501425506570447,0.002295318822777524,-0.000144721712305,0.0054061587056963,0.002584707642343879
0.0,-1.675,inventory_only,0.017493091375736573,0.01920167972433935,-0.0002485016147081206,0.0021485293666871227,-0.0001110987894059,0.0054724980576715,0.0023710140655604736
0.0,-1.6500000000000001,inventory_only,0.01836089204534273,0.020113648302867576,-0.0001852420709659008,0.0020953217407543565,-7.93360671104438e-05,0.005537965117031,0.0022545676338726786
0.0,-1.625,inventory_only,0.01923844020319052,0.02104005878921204,-0.00013962369400349648,0.0020503804082163887,-4.970645586645797e-05,0.0056030261699531,0.002154642639971036
0.0,-1.6,inventory_only,0.02013086668969841,0.021985620744228225,-0.00010632841488045912,0.0020142015550901502,-2.2482866122002697e-05,0.0056680259999292,0.0020715760944008876
0.0,-1.5750000000000002,inventory_only,0.021082378097559112,0.023008992765170037,-8.169142773246041e-05,0.002002224098898942,2.08686748434942e-06,0.0057332183408597,0.0020169626821650174
0.0,-1.55,inventory_only,0.022068643970522415,0.02409745199528003,-6.331558030236784e-05,0.002027320466216506,2.3855213551660934e-05,0.0057987888076924,0.0020297300010691994
0.0,-1.525,inventory_only,0.023066841594714286,0.025201107951917052,-4.950333689628981e-05,0.0020637572064872807,4.269971648840282e-05,0.0058648720846516,0.00213460308594463
0.0,-1.5,inventory_only,0.024101300400587573,0.02635110570128712,-3.900679389084915e-05,0.002119684287828761,5.849792070304611e-05,0.0059315646955091,0.002250063123529095
0.0,-1.475,inventory_only,0.02511426849712673,0.027446641116052706,-3.0983409104681505e-05,0.002153027361479502,7.118456586028849e-05,0.0059989343625654,0.0023325967831305727
0.0,-1.4500000000000002,inventory_only,0.0260773820931617,0.02842240812482353,-2.479769617284788e-05,0.0021263961822251785,8.092317264973259e-05,0.0060670268524957,0.002345228102945915
0.0,-1.425,inventory_only,0.027021623537469015,0.029342564280658675,-1.995995521028175e-05,0.002072161529207107,8.793445701720743e-05,0.0061358710822776,0.002321124649519811
0.0,-1.4,inventory_only,0.027982230514240584,0.030276394542542613,-1.6107088088298933e-05,0.002023566255440794,9.243913490854188e-05,0.0062054826706394,0.0022943314146942123
0.0,-1.375,inventory_only,0.02897129674136345,0.03125494713507413,-1.2967531501744576e-05,0.00200001712766279,9.449538306414832e-05,0.0062758666432096,0.0022838020121878845
0.0,-1.35,inventory_only,0.029970498122189892,0.032245071457965506,-1.0334219595873167e-05,0.0019921666349134925,9.351122140277288e-05,0.00634701931741,0.002274708531599483
0.0,-1.3250000000000002,inventory_only,0.030958412723217837,0.033196302289607765,-8.040651887508462e-06,0.001977707189425141,8.873213063774524e-05,0.0064189296890451,0.0022380061734092118
0.0,-1.3,inventory_only,0.03191120018551841,0.03405524191442258,-5.956911088220271e-06,0.001933817174681787,7.940359148239477e-05,0.0064915804484317,0.0021441362743584783
0.0,-1.275,inventory_only,0.03291217598541527,0.03492735275865715,-3.9010850410527745e-06,0.0018846286610904445,6.533961675763977e-05,0.0065649485666774,0.0020152456617501995
0.0,-1.25,inventory_only,0.03398359207888017,0.035848957967051065,-1.6831372287486797e-06,0.0018271952602880832,4.86283477147534e-05,0.0066390059980294,0.0018654094773904882
0.0,-1.225,inventory_only,0.03511397842146125,0.03684758243946378,9.528133969848586e-07,0.0017787435235397065,3.1926457712597234e-05,0.0067137197770188,0.0017336727632486098
0.0,-1.2000000000000002,inventory_only,0.036320710891562066,0.03798158066855756,4.448329694496579e-06,0.001758483538158024,1.7890620110032974e-05,0.0067890525065175,0.0017334062363842432
0.0,-1.175,inventory_only,0.037668064414689124,0.03939970295639774,9.859170512333192e-06,0.0018359380207906815,8.528426065390453e-06,0.0068649623230165,0.0018275302598130827
0.0,-1.15,inventory_only,0.03891093026285478,0.040733579785139265,1.7243414391029738e-05,0.001900157245902512,3.2511379348722536e-06,0.0069414030688657,0.001898919917467926
0.0,-1.125,inventory_only,0.03998612704724721,0.0418611019926474,2.664628972803697e-05,0.0019113404799117586,8.209358741488936e-07,0.0070183244569582,0.0019117948170530058
0.0,-1.1,inventory_only,0.04098130699177579,0.04289450565828561,3.910525268254161e-05,0.0019131986186517662,3.889085287284202e-14,0.007095671963755,0.0019148755770325519
0.0,-1.075,inventory_only,0.042017494306676104,0.04397796552912713,5.7025483865487395e-05,0.0019435585186045505,-2.6281007196919585e-07,0.0071733869385753,0.0019605932502774733
0.0,-1.05,inventory_only,0.04307451361533385,0.04504963661588319,8.184851298446196e-05,0.001957624081697999,-2.719175864499992e-07,0.0072514066230098,0.0019753568654466516
0.0,-1.0250000000000001,inventory_only,0.04415854566744839,0.04613318813319632,0.00011662608580044496,0.0019653065618353005,-1.450662893081578e-07,0.0073296641645672,0.001975456481800467
0.0,-1.0,inventory_only,0.04527415964372037,0.04725064385945109,0.00016602783968852668,0.0019764832740831657,3.469973175649211e-14,0.0074080886309823,0.0019842373796595536
0.0,-0.9750000000000001,inventory_only,0.046401576569698656,0.04839202483228437,0.00023594365550571743,0.0019949780466280015,7.041979028619717e-08,0.0074866051230365,0.00200618579349961
0.0,-0.95,inventory_only,0.0475202482793051,0.04953372961412105,0.0003333199960410143,0.002018166144309668,7.286014004028336e-08,0.0075651347407716,0.002034373645508286
0.0,-0.925,inventory_only,0.048629024390691625,0.05066920680667496,0.00046730267520527505,0.002042675869592438,3.887043602016216e-08,0.0076435947270188,0.0020659917388605674
0.0,-0.8999999999999999,inventory_only,0.04972800525806008,0.051794290063949054,0.0006493531057923079,0.002066269018092347,3.028400547966729e-14,0.007721900657942,0.0020995399752020767
0.0,-0.875,inventory_only,0.05082567592606225,0.0529191459479802,0.0008963777073846845,0.0020922249382231495,-1.8868887685569712e-08,0.0077999648738552,0.0021393639759428496
0.0,-0.8500000000000001,inventory_only,0.051932139213190454,0.05406170507205729,0.0012341043504006603,0.002128249781231269,-1.95227787081707e-08,0.0078776922479529,0.002194786090766638
0.0,-0.825,inventory_only,0.05305319244869226,0.05523569820208143,0.0016984449636662656,0.0021817199724250614,-1.0415266178960441e-08,0.0079549824923807,0.0022755002806065976
0.0,-0.8,inventory_only,0.054194795836204006,0.05645293801286987,0.0023367388343337884,0.002257919171590153,2.6506897738834634e-14,0.0080317320624559,0.002389923845286828
0.0,-0.7749999999999999,inventory_only,0.05536196247109084,0.05772121172105995,0.0032045065931354294,0.0023591474369813073,5.0559367804048924e-09,0.0081078350052722,0.0025442290286713885
0.0,-0.75,inventory_only,0.056560699812906505,0.0590460854674489,0.004356647449755656,0.0024849189023549777,5.2311453772185905e-09,0.0081831831570802,0.0027420929779436616
0.0,-0.7250000000000001,inventory_only,0.05779957175317897,0.06043436932782408,0.005833346434684481,0.002633512973846732,2.790793859160746e-09,0.0082576667794919,0.002985363349521693
0.0,-0.7,inventory_only,0.059088790205803564,0.06189605644346247,0.007646161143313997,0.002804711000259689,2.378805318083725e-14,0.0083311750592618,0.0032757568585005748
0.0,-0.675,inventory_only,0.06044096983921962,0.06345393933150414,0.00979326836906127,0.0030086267983751498,-1.3547040142674047e-09,0.008403597176306,0.0036245786824003574
0.0,-0.6499999999999999,inventory_only,0.061871283933556516,0.06514288398747874,0.012304454910923749,0.003264696086214973,-1.4016516859053686e-09,0.0084748230738292,0.004053688520150356
0.0,-0.625,inventory_only,0.06339746148688391,0.06699955089128504,0.015290068128482265,0.0035913994978997916,-7.477621049503342e-10,0.0085447401296117,0.004586461086304661
0.0,-0.6000000000000001,inventory_only,0.0650322669442013,0.06904937705594719,0.018947136995435144,0.004000666210309965,2.1850508076576268e-14,0.008613222418933,0.00524259159485956
0.0,-0.575,inventory_only,0.06677607792654495,0.07135919830323104,0.023654255962608436,0.004557378926348541,3.6301942949608157e-10,0.0086801297065247,0.00611744064519946
0.0,-0.55,inventory_only,0.068616053297853,0.07390703714487136,0.029628454837880642,0.005250466625960996,3.755983895032552e-10,0.0087453296492778,0.007211420237467866
0.0,-0.5249999999999999,inventory_only,0.07062805514119655,0.07693538240357392,0.038308961726917466,0.006239644083569018,2.0038861513503075e-10,0.0088089325564124,0.00877397730823551
0.0,-0.5,inventory_only,0.0731271696096231,0.08129608834372903,0.05471920604887972,0.008032606336212262,1.99909968404812e-14,0.0088711282825633,0.01160825245893364
0.0,-2.1,isotropic_wall_bound,0.03340980939851004,0.04359420519992456,-1.0,0.010184395801331767,0.0,0.0023337375658352,0.010184395801414517
0.0,-2.075,isotropic_wall_bound,0.021237715593351098,0.028892611658700496,-1.0,0.0076378910588485414,-8.535179333010051e-06,0.0028418178414959,0.007654896065349397
0.0,-2.0500000000000003,isotropic_wall_bound,0.013748480781210878,0.020411824243790923,-1.0,0.006553663871290028,-5.507153732444692e-05,0.0032715423093118,0.006663343462580044
0.0,-2.025,isotropic_wall_bound,0.009203122488166115,0.01676117984906322,-1.0,0.007269630272572186,-0.0001448611148155,0.0036316604854428,0.007558057360897106
0.0,-2.0,isotropic_wall_bound,0.007740808932454739,0.015387446062671234,-1.0,0.0071337527705683055,-0.0002576361141794,0.0039315174681988,0.007646637130216497
0.0,-1.975,isotropic_wall_bound,0.006563141463721339,0.0136204272252733,-1.0,0.006337061892964959,-0.0003618170466017,0.0041804094340542,0.00705728576155196
0.0,-1.9500000000000002,isotropic_wall_bound,0.005610878069562889,0.011523357633095309,-1.0,0.005169227283918245,-0.0004290935153797,0.004387110055161,0.006023368673892777
0.0,-1.925,isotropic_wall_bound,0.006736113202878984,0.009706342563946984,-1.0,0.004044737205478414,-0.000446785264316,0.0045595628826154,0.004934158027912069
0.0,-1.9000000000000001,isotropic_wall_bound,0.008448462795975584,0.011159411119093332,-0.017026155169163747,0.00401834073115907,-0.0004259864374951,0.0047047180051175,0.004866476011013972
0.0,-1.875,isotropic_wall_bound,0.010025152475272704,0.012873108646594873,-0.006482661265644436,0.004073118441436734,-0.0003948872864968,0.0048284833960937,0.004859500678181009
0.0,-1.85,isotropic_wall_bound,0.011075398298676384,0.013937839248383816,-0.003536562627272205,0.003999140281083606,-0.0003613926532464,0.0049357584846617,0.004719023567289848
0.0,-1.8250000000000002,isotropic_wall_bound,0.012111093093186297,0.015004162548726913,-0.0021599771598219348,0.0039363331603296725,-0.0003261448929073,0.0050305208410209,0.004586235554247926
0.0,-1.8,isotropic_wall_bound,0.01317385991886784,0.016123979516311737,-0.0013993630438499404,0.0038960650780125736,-0.0002897863606429,0.0051159408085936,0.004473768603413467
0.0,-1.7750000000000001,isotropic_wall_bound,0.014265594487647425,0.01729549916672129,-0.0009408146223759549,0.0038757303909591726,-0.0002529380068778,0.0051945057150499,0.004380240118404409
0.0,-1.75,isotropic_wall_bound,0.015323398764516162,0.01843082752146679,-0.0006507104951472806,0.0038514603563947637,-0.0002161351630802,0.0052681408552805,0.004282840728993321
0.0,-1.725,isotropic_wall_bound,0.016256686984467212,0.019403401171886363,-0.00046145384695616494,0.0037884152441766566,-0.0001798917559795,0.0053383195872739,0.004147749158558047
0.0,-1.7000000000000002,isotropic_wall_bound,0.01698587309374979,0.020095781146804798,-0.00033501372939444756,0.0036498789540420373,-0.000144721712305,0.0054061587056963,0.003939267759736103
0.0,-1.675,isotropic_wall_bound,0.017493091375736573,0.02047215984957258,-0.0002485008015693555,0.0034190094919260994,-0.0001110987894059,0.0054724980576715,0.0036414941676610243
0.0,-1.6500000000000001,isotropic_wall_bound,0.01836089204534273,0.021356580387968685,-0.00018524077174540598,0.003338253825862847,-7.93360671104438e-05,0.005537965117031,0.003497499679130101
0.0,-1.625,isotropic_wall_bound,0.01923844020319052,0.02225913551902004,-0.00013962162008871842,0.0032694571380339045,-4.970645586645797e-05,0.0056030261699531,0.003373719437946716
0.0,-1.6,isotropic_wall_bound,0.02013086668969841,0.023185514295542033,-0.00010632510697189773,0.003214095106416282,-2.2482866122002697e-05,0.0056680259999292,0.0032714697616354374
0.0,-1.5750000000000002,isotropic_wall_bound,0.021082378097559112,0.024209967960269477,-8.168609384357776e-05,0.0032031992940146064,2.08686748434942e-06,0.0057332183408597,0.0032179380759050835
0.0,-1.55,isotropic_wall_bound,0.022068643970522415,0.025316701753544953,-6.3306908932367e-05,0.0032465702245030896,2.3855213551660934e-05,0.0057987888076924,0.003248979813716854
0.0,-1.525,isotropic_wall_bound,0.023066841594714286,0.02643994406163336,-4.94893130234547e-05,0.0033025933162325154,4.269971648840282e-05,0.0058648720846516,0.00337343922413523
0.0,-1.5,isotropic_wall_bound,0.024101300400587573,0.027621637375370475,-3.898405631239565e-05,0.003390215961951053,5.849792070304611e-05,0.0059315646955091,0.0035205948308410155
0.0,-1.475,isotropic_wall_bound,0.02511426849712673,0.028728574483777167,-3.094736378557211e-05,0.0034349607292554502,7.118456586028849e-05,0.0059989343625654,0.0036145301957362158
0.0,-1.4500000000000002,isotropic_wall_bound,0.0260773820931617,0.029676989408613436,-2.4742597933726482e-05,0.00338097746608101,8.092317264973259e-05,0.0060670268524957,0.003599809449182395
0.0,-1.425,isotropic_wall_bound,0.027021623537469015,0.030553385229775094,-1.987743750783241e-05,0.0032829824784064354,8.793445701720743e-05,0.0061358710822776,0.0035319456865918106
0.0,-1.4,isotropic_wall_bound,0.027982230514240584,0.03144919286692296,-1.598394487325897e-05,0.0031963645799250283,9.243913490854188e-05,0.0062054826706394,0.0034671298648753976
0.0,-1.375,isotropic_wall_bound,0.02897129674136345,0.03240559101641051,-1.2782762208929694e-05,0.0031506610091293257,9.449538306414832e-05,0.0062758666432096,0.003434446076857709
0.0,-1.35,isotropic_wall_bound,0.029970498122189892,0.03338000313744929,-1.0057471278874379e-05,0.0031270983145576517,9.351122140277288e-05,0.00634701931741,0.003409640481372513
0.0,-1.3250000000000002,isotropic_wall_bound,0.030958412723217837,0.03430740538602861,-7.631917839196583e-06,0.0030888102860347037,8.873213063774524e-05,0.0064189296890451,0.0033491096685552874
0.0,-1.3,isotropic_wall_bound,0.03191120018551841,0.035119915087003725,-5.369571949599333e-06,0.0029984903474656356,7.940359148239477e-05,0.0064915804484317,0.0032088100306692834
0.0,-1.275,isotropic_wall_bound,0.03291217598541527,0.035951660810663345,-3.0592764907790346e-06,0.0029089367132810458,6.533961675763977e-05,0.0065649485666774,0.0030395546001451956
0.0,-1.25,isotropic_wall_bound,0.03398359207888017,0.03684723759721941,-4.6934553191235723e-07,0.0028254748905413084,4.86283477147534e-05,0.0066390059980294,0.0028636906113963917
0.0,-1.225,isotropic_wall_bound,0.03511397842146125,0.03783609864756263,2.7188739530472443e-06,0.002767259731421105,3.1926457712597234e-05,0.0067137197770188,0.0027222015794010636
0.0,-1.2000000000000002,isotropic_wall_bound,0.036320710891562066,0.03898949800921713,7.075685675371998e-06,0.0027664008777693798,1.7890620110032974e-05,0.0067890525065175,0.002741141666861259
0.0,-1.175,isotropic_wall_bound,0.037668064414689124,0.040485374823095346,1.3957338147237032e-05,0.0029216098839951687,8.528426065390453e-06,0.0068649623230165,0.002912908806495642
0.0,-1.15,isotropic_wall_bound,0.03891093026285478,0.04187645282575488,2.346168905265549e-05,0.003043030277164866,3.2511379348722536e-06,0.0069414030688657,0.003041333433285322
0.0,-1.125,isotropic_wall_bound,0.03998612704724721,0.04301634156744202,3.567604655577728e-05,0.00306658003328123,8.209358741488936e-07,0.0070183244569582,0.00306772203149867
0.0,-1.1,isotropic_wall_bound,0.04098130699177579,0.04403779211916693,5.189765512483443e-05,0.003056485033945418,3.889085287284202e-14,0.007095671963755,0.003059164106734338
0.0,-1.075,isotropic_wall_bound,0.042017494306676104,0.0451199999017226,7.523991305707814e-05,0.0030855927942347295,-2.6281007196919585e-07,0.0071733869385753,0.0031027824015205704
0.0,-1.05,isotropic_wall_bound,0.04307451361533385,0.04618756158073556,0.00010761237358664702,0.003095548844785329,-2.719175864499992e-07,0.0072514066230098,0.0031135898071088085
0.0,-1.0250000000000001,isotropic_wall_bound,0.04415854566744839,0.047270530608270064,0.0001530247920409699,0.003102648620528806,-1.450662893081578e-07,0.0073296641645672,0.00311395539088775
0.0,-1.0,isotropic_wall_bound,0.04527415964372037,0.0483968681287102,0.00021764208606338565,0.0031227066815346007,3.469973175649211e-14,0.0074080886309823,0.003134957631371853
0.0,-0.9750000000000001,isotropic_wall_bound,0.046401576569698656,0.049554121975687954,0.0003092192485023884,0.00315707340758618,7.041979028619717e-08,0.0074866051230365,0.0031748294803852525
0.0,-0.95,isotropic_wall_bound,0.0475202482793051,0.05071248331422618,0.00043686391532409946,0.0031969161984628553,7.286014004028336e-08,0.0075651347407716,0.00322261044744056
0.0,-0.925,isotropic_wall_bound,0.048629024390691625,0.051863425373941285,0.0006125949893902743,0.003236887091735669,3.887043602016216e-08,0.0076435947270188,0.003273845048435244
0.0,-0.8999999999999999,isotropic_wall_bound,0.04972800525806008,0.05300157570378712,0.0008514390019713005,0.0032735401288783313,3.028400547966729e-14,0.007721900657942,0.003326250503188793
0.0,-0.875,isotropic_wall_bound,0.05082567592606225,0.05414027365570194,0.0011755456153176311,0.0033133243085012405,-1.8868887685569712e-08,0.0077999648738552,0.0033879701331411233
0.0,-0.8500000000000001,isotropic_wall_bound,0.051932139213190454,0.05530308938877161,0.0016185916875641872,0.003369579177078744,-1.95227787081707e-08,0.0078776922479529,0.0034749181877237346
0.0,-0.825,isotropic_wall_bound,0.05305319244869226,0.05650803496755141,0.002227410782002601,0.003453950525480755,-1.0415266178960441e-08,0.0079549824923807,0.003602414208352727
0.0,-0.8,isotropic_wall_bound,0.054194795836204006,0.05776999570360401,0.003063540878036934,0.003574771931043321,2.6506897738834634e-14,0.0080317320624559,0.003783763735700246
0.0,-0.7749999999999999,isotropic_wall_bound,0.05536196247109084,0.059097837700031,0.0041987948380869285,0.0037353812642707293,5.0559367804048924e-09,0.0081078350052722,0.004028433593451299
0.0,-0.75,isotropic_wall_bound,0.056560699812906505,0.06049662814198277,0.005703588334351284,0.003934725306520037,5.2311453772185905e-09,0.0081831831570802,0.004341947040946075
0.0,-0.7250000000000001,isotropic_wall_bound,0.05779957175317897,0.06197227856413386,0.007628425190344665,0.004170083418735852,2.790793859160746e-09,0.0082576667794919,0.004727227997608264
0.0,-0.7,isotropic_wall_bound,0.059088790205803564,0.06353478112387251,0.009985518162775842,0.004441106003406263,2.378805318083725e-14,0.0083311750592618,0.005186981278570617
0.0,-0.675,isotropic_wall_bound,0.06044096983921962,0.0652130627072253,0.01277043311422324,0.004763882581434847,-1.3547040142674047e-09,0.008403597176306,0.005739185105242715
0.0,-0.6499999999999999,isotropic_wall_bound,0.061871283933556516,0.06705362932133213,0.016017930118128302,0.005169270706855553,-1.4016516859053686e-09,0.0084748230738292,0.006418549073738096
0.0,-0.625,isotropic_wall_bound,0.06339746148688391,0.06910427654728418,0.019856323210238787,0.005686536179642265,-7.477621049503342e-10,0.0085447401296117,0.007262092720937383
0.0,-0.6000000000000001,isotropic_wall_bound,0.0650322669442013,0.07139799039672767,0.024514411662269104,0.006334575097153818,2.1850508076576268e-14,0.008613222418933,0.008301014984948044
0.0,-0.575,isotropic_wall_bound,0.06677607792654495,0.0740407993157256,0.03050215467544872,0.007216097794318608,3.6301942949608157e-10,0.0086801297065247,0.009686280452817093
0.0,-0.55,isotropic_wall_bound,0.068616053297853,0.07700587885224004,0.038080185777864775,0.008313542948171078,3.755983895032552e-10,0.0087453296492778,0.01141849985632766
0.0,-0.5249999999999999,isotropic_wall_bound,0.07062805514119655,0.08063488024636839,0.04908551537817021,0.009879791260437103,2.0038861513503075e-10,0.0088089325564124,0.013892629694696712
0.0,-0.5,isotropic_wall_bound,0.0731271696096231,0.08610095719096679,0.06989872888616162,0.012718698678557204,1.99909968404812e-14,0.0088711282825633,0.018380318794486036
0.0,-2.1,benchmark_bank_mass_only,0.03340980939851004,22053513036.03716,-1.0,22053513035.82456,0.0,0.0023337375658352,22053513036.00375
0.0,-2.075,benchmark_bank_mass_only,0.021237715593351098,16691875382.15422,-1.0,16691875381.892918,-8.535179333010051e-06,0.0028418178414959,16691875382.132982
0.0,-2.0500000000000003,benchmark_bank_mass_only,0.013748480781210878,13534799010.001118,-1.0,13534799009.68544,-5.507153732444692e-05,0.0032715423093118,13534799009.987368
0.0,-2.025,benchmark_bank_mass_only,0.009203122488166115,11616792379.832054,-1.0,11616792379.467512,-0.0001448611148155,0.0036316604854428,11616792379.822851
0.0,-2.0,benchmark_bank_mass_only,0.007740808932454739,11289704147.724049,-1.0,11289704147.29436,-0.0002576361141794,0.0039315174681988,11289704147.716309
0.0,-1.975,benchmark_bank_mass_only,0.006563141463721339,10749588146.079458,-1.0,10749588145.637459,-0.0003618170466017,0.0041804094340542,10749588146.072897
0.0,-1.9500000000000002,benchmark_bank_mass_only,0.005610878069562889,9898979291.049507,-1.0,9898979290.675795,-0.0004290935153797,0.004387110055161,9898979291.044006
0.0,-1.925,benchmark_bank_mass_only,0.006736113202878984,9088625123.358759,-1.0,9088625123.145018,-0.000446785264316,0.0045595628826154,9088625123.353989
0.0,-1.9000000000000001,benchmark_bank_mass_only,0.008448462795975584,8941384330.829676,1.0,8941384330.73283,-0.0004259864374951,0.0047047180051175,8941384330.825
0.0,-1.875,benchmark_bank_mass_only,0.010025152475272704,9009173607.506075,1.0,9009173606.806015,-0.0003948872864968,0.0048284833960937,9009173607.501493
0.0,-1.85,benchmark_bank_mass_only,0.011075398298676384,8802768802.829092,1.0,8802768801.01806,-0.0003613926532464,0.0049357584846617,8802768802.824879
0.0,-1.8250000000000002,benchmark_bank_mass_only,0.012111093093186297,8625522403.091923,1.0,8625522399.255527,-0.0003261448929073,0.0050305208410209,8625522403.087997
0.0,-1.8,benchmark_bank_mass_only,0.01317385991886784,8501707955.778298,1.0,8501707948.259282,-0.0002897863606429,0.0051159408085936,8501707955.774581
0.0,-1.7750000000000001,benchmark_bank_mass_only,0.014265594487647425,8426572002.29262,1.0,8426571988.102138,-0.0002529380068778,0.0051945057150499,8426572002.289047
0.0,-1.75,benchmark_bank_mass_only,0.015323398764516162,8348438667.283794,1.0,8348438641.201115,-0.0002161351630802,0.0052681408552805,8348438667.280356
0.0,-1.725,benchmark_bank_mass_only,0.016256686984467212,8188150996.598914,1.0,8188150949.969312,-0.0001798917559795,0.0053383195872739,8188150996.595659
0.0,-1.7000000000000002,benchmark_bank_mass_only,0.01698587309374979,7869694781.294831,1.0,7869694700.696654,-0.000144721712305,0.0054061587056963,7869694781.291856
0.0,-1.675,benchmark_bank_mass_only,0.017493091375736573,7366414770.560791,1.0,7366414636.398266,-0.0001110987894059,0.0054724980576715,7366414770.558181
0.0,-1.6500000000000001,benchmark_bank_mass_only,0.01836089204534273,7183988021.4163885,1.0,7183987791.079653,-7.93360671104438e-05,0.005537965117031,7183988021.413868
0.0,-1.625,benchmark_bank_mass_only,0.01923844020319052,7029903024.79364,1.0,7029902631.751628,-4.970645586645797e-05,0.0056030261699531,7029903024.791192
0.0,-1.6,benchmark_bank_mass_only,0.02013086668969841,6905861041.237136,1.0,6905860374.136055,-2.2482866122002697e-05,0.0056680259999292,6905861041.234745
0.0,-1.5750000000000002,benchmark_bank_mass_only,0.021082378097559112,6864795787.985049,1.0,6864794652.642201,2.08686748434942e-06,0.0057332183408597,6864795787.982679
0.0,-1.55,benchmark_bank_mass_only,0.022068643970522415,6950841620.761368,1.0,6950839670.408745,2.3855213551660934e-05,0.0057987888076924,6950841620.759002
0.0,-1.525,benchmark_bank_mass_only,0.023066841594714286,7075769453.751317,1.0,7075766115.909063,4.269971648840282e-05,0.0058648720846516,7075769453.748961
0.0,-1.5,benchmark_bank_mass_only,0.024101300400587573,7267522555.148938,1.0,7267516844.082805,5.849792070304611e-05,0.0059315646955091,7267522555.14658
0.0,-1.475,benchmark_bank_mass_only,0.02511426849712673,7381845966.995063,1.0,7381836391.942675,7.118456586028849e-05,0.0059989343625654,7381845966.992726
0.0,-1.4500000000000002,benchmark_bank_mass_only,0.0260773820931617,7290544607.795492,1.0,7290529141.650775,8.092317264973259e-05,0.0060670268524957,7290544607.793223
0.0,-1.425,benchmark_bank_mass_only,0.027021623537469015,7104605471.157182,1.0,7104581047.113753,8.793445701720743e-05,0.0061358710822776,7104605471.154996
0.0,-1.4,benchmark_bank_mass_only,0.027982230514240584,6938006341.932933,1.0,6937968041.267846,9.243913490854188e-05,0.0062054826706394,6938006341.9308195
0.0,-1.375,benchmark_bank_mass_only,0.02897129674136345,6857288108.438655,1.0,6857227865.113871,9.449538306414832e-05,0.0062758666432096,6857288108.436602
0.0,-1.35,benchmark_bank_mass_only,0.029970498122189892,6830406444.698943,1.0,6830311786.80095,9.351122140277288e-05,0.00634701931741,6830406444.696954
0.0,-1.3250000000000002,benchmark_bank_mass_only,0.030958412723217837,6780883323.337294,1.0,6780736355.098179,8.873213063774524e-05,0.0064189296890451,6780883323.335389
0.0,-1.3,benchmark_bank_mass_only,0.03191120018551841,6630478628.601635,1.0,6630255727.739708,7.940359148239477e-05,0.0064915804484317,6630478628.5998535
0.0,-1.275,benchmark_bank_mass_only,0.03291217598541527,6461943032.203247,1.0,6461608748.982955,6.533961675763977e-05,0.0065649485666774,6461943032.201571
0.0,-1.25,benchmark_bank_mass_only,0.03398359207888017,6265188465.999375,1.0,6264693477.147039,4.86283477147534e-05,0.0066390059980294,6265188465.997767
0.0,-1.225,benchmark_bank_mass_only,0.03511397842146125,6099303333.390621,1.0,6098572600.106155,3.1926457712597234e-05,0.0067137197770188,6099303333.389036
0.0,-1.2000000000000002,benchmark_bank_mass_only,0.036320710891562066,6030197759.987886,1.0,6029109526.823168,1.7890620110032974e-05,0.0067890525065175,6030197759.986257
0.0,-1.175,benchmark_bank_mass_only,0.037668064414689124,6296369634.552915,1.0,6294668770.911894,8.528426065390453e-06,0.0068649623230165,6296369634.551127
0.0,-1.15,benchmark_bank_mass_only,0.03891093026285478,6517469770.411628,1.0,6514849815.274988,3.2511379348722536e-06,0.0069414030688657,6517469770.409743
0.0,-1.125,benchmark_bank_mass_only,0.03998612704724721,6557093293.517889,1.0,6553192478.850029,8.209358741488936e-07,0.0070183244569582,6557093293.51601
0.0,-1.1,benchmark_bank_mass_only,0.04098130699177579,6565312858.792902,1.0,6559563264.664306,3.889085287284202e-14,0.007095671963755,6565312858.791078
0.0,-1.075,benchmark_bank_mass_only,0.042017494306676104,6672212758.939342,1.0,6663654749.211534,-2.6281007196919585e-07,0.0071733869385753,6672212758.937553
0.0,-1.05,benchmark_bank_mass_only,0.04307451361533385,6724448415.006028,1.0,6711879721.812454,-2.719175864499992e-07,0.0072514066230098,6724448415.004268
0.0,-1.0250000000000001,benchmark_bank_mass_only,0.04415854566744839,6756528855.234049,1.0,6738219754.676201,-1.450662893081578e-07,0.0073296641645672,6756528855.232301
0.0,-1.0,benchmark_bank_mass_only,0.04527415964372037,6803125665.037031,1.0,6776540057.840795,3.469973175649211e-14,0.0074080886309823,6803125665.035271
0.0,-0.9750000000000001,benchmark_bank_mass_only,0.046401576569698656,6878493593.934197,1.0,6839950949.627304,7.041979028619717e-08,0.0074866051230365,6878493593.93241
0.0,-0.95,benchmark_bank_mass_only,0.0475202482793051,6975142046.084279,1.0,6919453303.563402,7.286014004028336e-08,0.0075651347407716,6975142046.082469
0.0,-0.925,benchmark_bank_mass_only,0.048629024390691625,7083491394.006013,1.0,7003486969.500904,3.887043602016216e-08,0.0076435947270188,7083491394.004179
0.0,-0.8999999999999999,benchmark_bank_mass_only,0.04972800525806008,7198450365.036124,1.0,7084378074.422793,3.028400547966729e-14,0.007721900657942,7198450365.034273
0.0,-0.875,benchmark_bank_mass_only,0.05082567592606225,7334959254.589204,1.0,7173370141.7025385,-1.8868887685569712e-08,0.0077999648738552,7334959254.587328
0.0,-0.8500000000000001,benchmark_bank_mass_only,0.051932139213190454,7524977585.806768,1.0,7296884362.60339,-1.95227787081707e-08,0.0078776922479529,7524977585.80485
0.0,-0.825,benchmark_bank_mass_only,0.05305319244869226,7801728005.915089,1.0,7480211435.12477,-1.0415266178960441e-08,0.0079549824923807,7801728005.913102
0.0,-0.8,benchmark_bank_mass_only,0.054194795836204006,8194056021.559855,1.0,7741466833.684699,2.6506897738834634e-14,0.0080317320624559,8194056021.557765
0.0,-0.7749999999999999,benchmark_bank_mass_only,0.05536196247109084,8723112716.309006,1.0,8088536502.527257,5.0559367804048924e-09,0.0081078350052722,8723112716.306767
0.0,-0.75,benchmark_bank_mass_only,0.056560699812906505,9401506288.337677,1.0,8519754608.146373,5.2311453772185905e-09,0.0081831831570802,9401506288.335247
0.0,-0.7250000000000001,benchmark_bank_mass_only,0.05779957175317897,10235575313.157974,1.0,9029221948.965958,2.790793859160746e-09,0.0082576667794919,10235575313.155296
0.0,-0.7,benchmark_bank_mass_only,0.059088790205803564,11231209422.88241,1.0,9616188860.866003,2.378805318083725e-14,0.0083311750592618,11231209422.879436
0.0,-0.675,benchmark_bank_mass_only,0.06044096983921962,12427168195.36755,1.0,10315327999.736574,-1.3547040142674047e-09,0.008403597176306,12427168195.364212
0.0,-0.6499999999999999,benchmark_bank_mass_only,0.061871283933556516,13898401268.678295,1.0,11193278302.87402,-1.4016516859053686e-09,0.0084748230738292,13898401268.674501
0.0,-0.625,benchmark_bank_mass_only,0.06339746148688391,15725063593.99413,1.0,12313413076.768126,-7.477621049503342e-10,0.0085447401296117,15725063593.989737
0.0,-0.6000000000000001,benchmark_bank_mass_only,0.0650322669442013,17974668653.127792,1.0,13716622441.336603,2.1850508076576268e-14,0.008613222418933,17974668653.122597
0.0,-0.575,benchmark_bank_mass_only,0.06677607792654495,20974163206.468575,1.0,15625359069.879416,3.6301942949608157e-10,0.0086801297065247,20974163206.46231
0.0,-0.55,benchmark_bank_mass_only,0.068616053297853,24724964777.929214,1.0,18001668862.938107,3.755983895032552e-10,0.0087453296492778,24724964777.921585
0.0,-0.5249999999999999,benchmark_bank_mass_only,0.07062805514119655,30082323553.197372,1.0,21393147431.813572,2.0038861513503075e-10,0.0088089325564124,30082323553.18779
0.0,-0.5,benchmark_bank_mass_only,0.0731271696096231,39799875274.21686,1.0,27540470147.13961,1.99909968404812e-14,0.0088711282825633,39799875274.20372
0.0,-2.1,any_recovery_bank_mass_lower_bound,0.03340980939851004,22053513036.03716,-1.0,22053513035.82456,0.0,0.0023337375658352,22053513036.00375
0.0,-2.075,any_recovery_bank_mass_lower_bound,0.021237715593351098,16691875382.15422,-1.0,16691875381.892918,-8.535179333010051e-06,0.0028418178414959,16691875382.132982
0.0,-2.0500000000000003,any_recovery_bank_mass_lower_bound,0.013748480781210878,13534799010.001118,-1.0,13534799009.68544,-5.507153732444692e-05,0.0032715423093118,13534799009.987368
0.0,-2.025,any_recovery_bank_mass_lower_bound,0.009203122488166115,11616792379.832054,-1.0,11616792379.467512,-0.0001448611148155,0.0036316604854428,11616792379.822851
0.0,-2.0,any_recovery_bank_mass_lower_bound,0.007740808932454739,11289704147.724049,-1.0,11289704147.29436,-0.0002576361141794,0.0039315174681988,11289704147.716309
0.0,-1.975,any_recovery_bank_mass_lower_bound,0.006563141463721339,10749588146.079458,-1.0,10749588145.637459,-0.0003618170466017,0.0041804094340542,10749588146.072897
0.0,-1.9500000000000002,any_recovery_bank_mass_lower_bound,0.005610878069562889,9898979291.049507,-1.0,9898979290.675795,-0.0004290935153797,0.004387110055161,9898979291.044006
0.0,-1.925,any_recovery_bank_mass_lower_bound,0.006736113202878984,9088625123.358759,-1.0,9088625123.145018,-0.000446785264316,0.0045595628826154,9088625123.353989
0.0,-1.9000000000000001,any_recovery_bank_mass_lower_bound,0.008448462795975584,8941384330.829676,1.0,8941384330.73283,-0.0004259864374951,0.0047047180051175,8941384330.825
0.0,-1.875,any_recovery_bank_mass_lower_bound,0.010025152475272704,9009173607.506075,1.0,9009173606.806015,-0.0003948872864968,0.0048284833960937,9009173607.501493
0.0,-1.85,any_recovery_bank_mass_lower_bound,0.011075398298676384,8802768802.829092,1.0,8802768801.01806,-0.0003613926532464,0.0049357584846617,8802768802.824879
0.0,-1.8250000000000002,any_recovery_bank_mass_lower_bound,0.012111093093186297,8625522403.091923,1.0,8625522399.255527,-0.0003261448929073,0.0050305208410209,8625522403.087997
0.0,-1.8,any_recovery_bank_mass_lower_bound,0.01317385991886784,8501707955.778298,1.0,8501707948.259282,-0.0002897863606429,0.0051159408085936,8501707955.774581
0.0,-1.7750000000000001,any_recovery_bank_mass_lower_bound,0.014265594487647425,8426572002.29262,1.0,8426571988.102138,-0.0002529380068778,0.0051945057150499,8426572002.289047
0.0,-1.75,any_recovery_bank_mass_lower_bound,0.015323398764516162,8348438667.283794,1.0,8348438641.201115,-0.0002161351630802,0.0052681408552805,8348438667.280356
0.0,-1.725,any_recovery_bank_mass_lower_bound,0.016256686984467212,8188150996.598914,1.0,8188150949.969312,-0.0001798917559795,0.0053383195872739,8188150996.595659
0.0,-1.7000000000000002,any_recovery_bank_mass_lower_bound,0.01698587309374979,7869694781.294831,1.0,7869694700.696654,-0.000144721712305,0.0054061587056963,7869694781.291856
0.0,-1.675,any_recovery_bank_mass_lower_bound,0.017493091375736573,7366414770.560791,1.0,7366414636.398266,-0.0001110987894059,0.0054724980576715,7366414770.558181
0.0,-1.6500000000000001,any_recovery_bank_mass_lower_bound,0.01836089204534273,7183988021.4163885,1.0,7183987791.079653,-7.93360671104438e-05,0.005537965117031,7183988021.413868
0.0,-1.625,any_recovery_bank_mass_lower_bound,0.01923844020319052,7029903024.79364,1.0,7029902631.751628,-4.970645586645797e-05,0.0056030261699531,7029903024.791192
0.0,-1.6,any_recovery_bank_mass_lower_bound,0.02013086668969841,6905861041.237136,1.0,6905860374.136055,-2.2482866122002697e-05,0.0056680259999292,6905861041.234745
0.0,-1.5750000000000002,any_recovery_bank_mass_lower_bound,0.021082378097559112,6864795787.985049,1.0,6864794652.642201,2.08686748434942e-06,0.0057332183408597,6864795787.982679
0.0,-1.55,any_recovery_bank_mass_lower_bound,0.022068643970522415,6950841620.761368,1.0,6950839670.408745,2.3855213551660934e-05,0.0057987888076924,6950841620.759002
0.0,-1.525,any_recovery_bank_mass_lower_bound,0.023066841594714286,7075769453.751317,1.0,7075766115.909063,4.269971648840282e-05,0.0058648720846516,7075769453.748961
0.0,-1.5,any_recovery_bank_mass_lower_bound,0.024101300400587573,7267522555.148938,1.0,7267516844.082805,5.849792070304611e-05,0.0059315646955091,7267522555.14658
0.0,-1.475,any_recovery_bank_mass_lower_bound,0.02511426849712673,7381845966.995063,1.0,7381836391.942675,7.118456586028849e-05,0.0059989343625654,7381845966.992726
0.0,-1.4500000000000002,any_recovery_bank_mass_lower_bound,0.0260773820931617,7290544607.795492,1.0,7290529141.650775,8.092317264973259e-05,0.0060670268524957,7290544607.793223
0.0,-1.425,any_recovery_bank_mass_lower_bound,0.027021623537469015,7104605471.157182,1.0,7104581047.113753,8.793445701720743e-05,0.0061358710822776,7104605471.154996
0.0,-1.4,any_recovery_bank_mass_lower_bound,0.027982230514240584,6938006341.932933,1.0,6937968041.267846,9.243913490854188e-05,0.0062054826706394,6938006341.9308195
0.0,-1.375,any_recovery_bank_mass_lower_bound,0.02897129674136345,6857288108.438655,1.0,6857227865.113871,9.449538306414832e-05,0.0062758666432096,6857288108.436602
0.0,-1.35,any_recovery_bank_mass_lower_bound,0.029970498122189892,6830406444.698943,1.0,6830311786.80095,9.351122140277288e-05,0.00634701931741,6830406444.696954
0.0,-1.3250000000000002,any_recovery_bank_mass_lower_bound,0.030958412723217837,6780883323.337294,1.0,6780736355.098179,8.873213063774524e-05,0.0064189296890451,6780883323.335389
0.0,-1.3,any_recovery_bank_mass_lower_bound,0.03191120018551841,6630478628.601635,1.0,6630255727.739708,7.940359148239477e-05,0.0064915804484317,6630478628.5998535
0.0,-1.275,any_recovery_bank_mass_lower_bound,0.03291217598541527,6461943032.203247,1.0,6461608748.982955,6.533961675763977e-05,0.0065649485666774,6461943032.201571
0.0,-1.25,any_recovery_bank_mass_lower_bound,0.03398359207888017,6265188465.999375,1.0,6264693477.147039,4.86283477147534e-05,0.0066390059980294,6265188465.997767
0.0,-1.225,any_recovery_bank_mass_lower_bound,0.03511397842146125,6099303333.390621,1.0,6098572600.106155,3.1926457712597234e-05,0.0067137197770188,6099303333.389036
0.0,-1.2000000000000002,any_recovery_bank_mass_lower_bound,0.036320710891562066,6030197759.987886,1.0,6029109526.823168,1.7890620110032974e-05,0.0067890525065175,6030197759.986257
0.0,-1.175,any_recovery_bank_mass_lower_bound,0.037668064414689124,6296369634.552915,1.0,6294668770.911894,8.528426065390453e-06,0.0068649623230165,6296369634.551127
0.0,-1.15,any_recovery_bank_mass_lower_bound,0.03891093026285478,6517469770.411628,1.0,6514849815.274988,3.2511379348722536e-06,0.0069414030688657,6517469770.409743
0.0,-1.125,any_recovery_bank_mass_lower_bound,0.03998612704724721,6557093293.517889,1.0,6553192478.850029,8.209358741488936e-07,0.0070183244569582,6557093293.51601
0.0,-1.1,any_recovery_bank_mass_lower_bound,0.04098130699177579,6565312858.792902,1.0,6559563264.664306,3.889085287284202e-14,0.007095671963755,6565312858.791078
0.0,-1.075,any_recovery_bank_mass_lower_bound,0.042017494306676104,6672212758.939342,1.0,6663654749.211534,-2.6281007196919585e-07,0.0071733869385753,6672212758.937553
0.0,-1.05,any_recovery_bank_mass_lower_bound,0.04307451361533385,6724448415.006028,1.0,6711879721.812454,-2.719175864499992e-07,0.0072514066230098,6724448415.004268
0.0,-1.0250000000000001,any_recovery_bank_mass_lower_bound,0.04415854566744839,6756528855.234049,1.0,6738219754.676201,-1.450662893081578e-07,0.0073296641645672,6756528855.232301
0.0,-1.0,any_recovery_bank_mass_lower_bound,0.04527415964372037,6803125665.037031,1.0,6776540057.840795,3.469973175649211e-14,0.0074080886309823,6803125665.035271
0.0,-0.9750000000000001,any_recovery_bank_mass_lower_bound,0.046401576569698656,6878493593.934197,1.0,6839950949.627304,7.041979028619717e-08,0.0074866051230365,6878493593.93241
0.0,-0.95,any_recovery_bank_mass_lower_bound,0.0475202482793051,6975142046.084279,1.0,6919453303.563402,7.286014004028336e-08,0.0075651347407716,6975142046.082469
0.0,-0.925,any_recovery_bank_mass_lower_bound,0.048629024390691625,7083491394.006013,1.0,7003486969.500904,3.887043602016216e-08,0.0076435947270188,7083491394.004179
0.0,-0.8999999999999999,any_recovery_bank_mass_lower_bound,0.04972800525806008,7198450365.036124,1.0,7084378074.422793,3.028400547966729e-14,0.007721900657942,7198450365.034273
0.0,-0.875,any_recovery_bank_mass_lower_bound,0.05082567592606225,7334959254.589204,1.0,7173370141.7025385,-1.8868887685569712e-08,0.0077999648738552,7334959254.587328
0.0,-0.8500000000000001,any_recovery_bank_mass_lower_bound,0.051932139213190454,7524977585.806768,1.0,7296884362.60339,-1.95227787081707e-08,0.0078776922479529,7524977585.80485
0.0,-0.825,any_recovery_bank_mass_lower_bound,0.05305319244869226,7801728005.915089,1.0,7480211435.12477,-1.0415266178960441e-08,0.0079549824923807,7801728005.913102
0.0,-0.8,any_recovery_bank_mass_lower_bound,0.054194795836204006,8194056021.559855,1.0,7741466833.684699,2.6506897738834634e-14,0.0080317320624559,8194056021.557765
0.0,-0.7749999999999999,any_recovery_bank_mass_lower_bound,0.05536196247109084,8723112716.309006,1.0,8088536502.527257,5.0559367804048924e-09,0.0081078350052722,8723112716.306767
0.0,-0.75,any_recovery_bank_mass_lower_bound,0.056560699812906505,9401506288.337677,1.0,8519754608.146373,5.2311453772185905e-09,0.0081831831570802,9401506288.335247
0.0,-0.7250000000000001,any_recovery_bank_mass_lower_bound,0.05779957175317897,10235575313.157974,1.0,9029221948.965958,2.790793859160746e-09,0.0082576667794919,10235575313.155296
0.0,-0.7,any_recovery_bank_mass_lower_bound,0.059088790205803564,11231209422.88241,1.0,9616188860.866003,2.378805318083725e-14,0.0083311750592618,11231209422.879436
0.0,-0.675,any_recovery_bank_mass_lower_bound,0.06044096983921962,12409106073.392853,1.0,10300335307.14473,-1.3547040142674047e-09,0.008403597176306,12409106073.389515
0.0,-0.6499999999999999,any_recovery_bank_mass_lower_bound,0.061871283933556516,13833578914.172026,1.0,11141072682.946238,-1.4016516859053686e-09,0.0084748230738292,13833578914.168232
0.0,-0.625,any_recovery_bank_mass_lower_bound,0.06339746148688391,15634214711.838058,1.0,12242274425.60376,-7.477621049503342e-10,0.0085447401296117,15634214711.833668
0.0,-0.6000000000000001,any_recovery_bank_mass_lower_bound,0.0650322669442013,17974668653.127792,1.0,13716622441.336603,2.1850508076576268e-14,0.008613222418933,17974668653.122597
0.0,-0.575,any_recovery_bank_mass_lower_bound,0.06677607792654495,20974163206.468575,1.0,15625359069.879416,3.6301942949608157e-10,0.0086801297065247,20974163206.46231
0.0,-0.55,any_recovery_bank_mass_lower_bound,0.068616053297853,24724964777.929214,1.0,18001668862.938107,3.755983895032552e-10,0.0087453296492778,24724964777.921585
0.0,-0.5249999999999999,any_recovery_bank_mass_lower_bound,0.07062805514119655,30082323553.197372,1.0,21393147431.813572,2.0038861513503075e-10,0.0088089325564124,30082323553.18779
0.0,-0.5,any_recovery_bank_mass_lower_bound,0.0731271696096231,39799875274.21686,1.0,27540470147.13961,1.99909968404812e-14,0.0088711282825633,39799875274.20372
0.5,-2.1,inventory_only,0.0410082223127089,0.049076003993249004,-1.0,0.008067781680540115,0.0,0.0014439174778941,0.008067781680540115
0.5,-2.075,inventory_only,0.026009302098695286,0.03215408159955565,-1.0,0.006105846499348882,-1.537154848965202e-05,0.002059189493953,0.006144779500860358
0.5,-2.0500000000000003,inventory_only,0.016736942048487326,0.022283340908690462,-1.0,0.005297143547520963,-9.852505645018189e-05,0.0025934477534419,0.005546398860203137
0.5,-2.025,inventory_only,0.011036015880302126,0.017826693865683006,-1.0,0.006138023559060102,-0.0002580671234533,0.0030522386303904,0.006790677985380881
0.5,-2.0,inventory_only,0.009186896824290691,0.016414812619044383,-1.0,0.00606916253058069,-0.00045799040334,0.0034426933716991,0.007227915794753691
0.5,-1.975,inventory_only,0.007962854719652784,0.014612468728787189,-1.0,0.005413691261556459,-0.0006430181614006,0.0037728039372008,0.007042473453708158
0.5,-1.9500000000000002,inventory_only,0.009007491533409974,0.012361263099042643,-1.0,0.004403535804605092,-0.0007637161550914,0.0040508130889895,0.0063417483857245915
0.5,-1.925,inventory_only,0.009950632697249362,0.011692614013960377,-0.13349929551252102,0.0034199465679057256,-0.0007977422053556,0.00428474175619,0.0054499786771870255
0.5,-1.9000000000000001,inventory_only,0.011801224828635873,0.013667503490731158,-0.05101671656338714,0.003498030831097299,-0.0007643405741519,0.0044820572721766,0.0054499935460106
0.5,-1.875,inventory_only,0.013549961000177512,0.01564516399342563,-0.02760878680082193,0.003627998479744821,-0.000713296254046,0.0046494692947605,0.005457872939407721
0.5,-1.85,inventory_only,0.014535620180018121,0.016753180472319034,-0.017643768712233936,0.0036403490380327043,-0.0006584451910525,0.0047928328396852,0.005339077609398605
0.5,-1.8250000000000002,inventory_only,0.015508750727828969,0.017864324995434507,-0.01197357401597545,0.0036608948134412463,-0.0006006534107904,0.0049171326563712,0.0052213680710196456
0.5,-1.8,inventory_only,0.01652940680130463,0.019047365037670693,-0.008414882802592553,0.0037002337430063876,-0.0005407869388786,0.0050265245284284,0.005117290468863188
0.5,-1.7750000000000001,inventory_only,0.01759834504316016,0.02029986952176215,-0.006055897688684672,0.003756741252149794,-0.0004796905482643,0.0051244117204724,0.005027130799898193
0.5,-1.75,inventory_only,0.018617686911706014,0.021499212234524973,-0.004447970862085624,0.003807208378441665,-0.0004181240012075,0.0052135389638092,0.004929440129205264
0.5,-1.725,inventory_only,0.019447158390520518,0.022466138272337087,-0.0033340392675062576,0.0038141591907554636,-0.0003568258072962,0.0052960913376012,0.0047884649171587605
0.5,-1.7000000000000002,inventory_only,0.019964529424344374,0.023038826654380323,-0.0025519220544611304,0.0037394743531303947,-0.0002965344761184,0.0053737894713438,0.004567808219298788
0.5,-1.675,inventory_only,0.020146443858039875,0.0231763678921872,-0.0019927916456760745,0.0035669937199578894,-0.0002379675143222,0.0054479758495852,0.004252984501663776
0.5,-1.6500000000000001,inventory_only,0.020942406288466133,0.024069739453394,-0.0015539114086973841,0.0035393353310707227,-0.0001817584167949,0.0055196900053148,0.004088095296315462
0.5,-1.625,inventory_only,0.021758355808304566,0.024985859219787257,-0.0012220000982756743,0.0035185672106444865,-0.0001285196754838,0.0055897318133627,0.003936644339804062
0.5,-1.6,inventory_only,0.022601489460226408,0.025932293722929798,-0.0009686783089388845,0.003506140442538384,-7.886378233623993e-05,0.0056587134439764,0.003801518428363752
0.5,-1.5750000000000002,inventory_only,0.02354487708465583,0.02700853367042448,-0.0007727728940206657,0.0035296766298348165,-3.334607819553868e-05,0.0057271013019221,0.003711674748102641
0.5,-1.55,inventory_only,0.024543409010599204,0.028192337512893954,-0.0006206989864518155,0.003613731205152668,7.706700509901439e-06,0.0057952491021662,0.0036926037972706133
0.5,-1.525,inventory_only,0.025555696625379574,0.02939727005423267,-0.0005021991064951615,0.003715065590091516,4.402496845554056e-05,0.0058634238320173,0.003843677665805986
0.5,-1.5,inventory_only,0.026623878234682475,0.03067930537027421,-0.0004089788834112705,0.003849322865611366,7.533914031683898e-05,0.0059318257296971,0.004055655909289878
0.5,-1.475,inventory_only,0.027642492172734304,0.03185725270801938,-0.00033569263866273995,0.003942166472647809,0.0001014786002315,0.0060006037617128,0.004214761853444309
0.5,-1.4500000000000002,inventory_only,0.028561593682878347,0.0328124210211859,-0.0002778812172189477,0.003924584625693235,0.0001226686101867,0.006069867244111,0.004250963824485492
0.5,-1.425,inventory_only,0.029441139845466004,0.03366255807246921,-0.00023177302428599702,0.0038536887610875134,0.0001392334016316,0.0061396946956016,0.004221781948045002
0.5,-1.4,inventory_only,0.030347206932176164,0.034535645330623345,-0.00019458045006995399,0.0037907055359417984,0.0001514972060155,0.0062101406149584,0.004189035562433572
0.5,-1.375,inventory_only,0.031306898131686356,0.035491750017574444,-0.00016433825717363448,0.0037691152562470405,0.0001592327708595,0.0062812404962774,0.004185647592539354
0.5,-1.35,inventory_only,0.03228875661158956,0.03647286618746915,-0.00013967832038246092,0.003767662545196349,0.0001600069079713,0.0063530145112222,0.004185005368172688
0.5,-1.3250000000000002,inventory_only,0.03325137863167469,0.03738763905935789,-0.00011954315301874575,0.0037428851152095945,0.0001508349452304,0.0064254704542509,0.004137091141325818
0.5,-1.3,inventory_only,0.03415006676597625,0.03813925785470646,-0.00010309195115990696,0.003649160388728467,0.0001287322105163,0.0064986058192089,0.003989748109807241
0.5,-1.275,inventory_only,0.035123287753278866,0.03892532114708299,-8.945915004011798e-05,0.0035475413661893063,9.275981230013484e-05,0.0065724093279658,0.0038021820045558486
0.5,-1.25,inventory_only,0.03619495219059901,0.03979910028336728,-7.80625628994603e-05,0.0034510179634831438,5.016198141964464e-05,0.0066468621424801,0.003604208098007832
0.5,-1.225,inventory_only,0.037346324561917325,0.04080114255067628,-6.847695028102409e-05,0.0033979219676292644,1.02287293043198e-05,0.0067219387240609,0.003457623119246815
0.5,-1.2000000000000002,inventory_only,0.03861665013244402,0.04203387163604177,-6.033696322472794e-05,0.0034304740064136064,-1.7749932616382544e-05,0.0067976075362655,0.003506396097559364
0.5,-1.175,inventory_only,0.040173170041191295,0.04379706382432469,-5.330798700040366e-05,0.0036662838173973145,-2.722901938216988e-05,0.0068738314223463,0.003756416460852506
0.5,-1.15,inventory_only,0.041555234584893824,0.045372582241759045,-4.743518652184665e-05,0.003857077093383473,-2.264365190940897e-05,0.0069505680257855,0.003926683884780455
0.5,-1.125,inventory_only,0.04263653497484033,0.04653326618309387,-4.258417507505678e-05,0.003917249444956333,-1.117397758363222e-05,0.0070277700661733,0.003950507504150562
0.5,-1.1,inventory_only,0.043591720441773195,0.04752266508829553,-3.8529751368599226e-05,0.003930945533807747,-1.437903717652855e-10,0.0071053854583385,0.0039309461169661315
0.5,-1.075,inventory_only,0.04463255518791133,0.0486333662544664,-3.508000860422626e-05,0.003990953219113937,5.289358856066609e-06,0.0071833575393385,0.00400121973109265
0.5,-1.05,inventory_only,0.04569359428882113,0.04972859598197717,-3.21492496825774e-05,0.0040248021757735295,5.472666826282564e-06,0.0072616250606312,0.004035424509884637
0.5,-1.0250000000000001,inventory_only,0.04679279834294732,0.05085308965924178,-2.9642115554771937e-05,0.004054850281618885,2.9195733621023844e-06,0.0073401224969955,0.004060516881025909
0.5,-1.0,inventory_only,0.04794604294619697,0.052049231556823686,-2.7480564716736516e-05,0.0041031894714995505,-1.2829464773745755e-10,0.0074187798434868,0.0041031904208683806
0.5,-0.9750000000000001,inventory_only,0.0491280935703322,0.0532982659778464,-2.560807007588999e-05,0.004172814976896605,-1.4174411514797026e-06,0.0074975229287392,0.004176985799441807
0.5,-0.95,inventory_only,0.0503054865448994,0.05455519744051187,-2.3978875134475842e-05,0.004252445007928667,-1.466553213258234e-06,0.0075762733068397,0.004256759799831145
0.5,-0.925,inventory_only,0.05147374430797784,0.05580727158346668,-2.2548484646631036e-05,0.004334986294020959,-7.824487341862133e-07,0.0076549484529809,0.00433728654151453
0.5,-0.8999999999999999,inventory_only,0.05262923669234384,0.05704349827467125,-2.127724697218676e-05,0.004414262417872417,-1.1196846652004617e-10,0.0077334617790083,0.004414267018800202
0.5,-0.875,inventory_only,0.05377871588963815,0.05827107273402316,-2.012722142375869e-05,0.004491649831667745,3.796607846936834e-07,0.0078117228186845,0.0044923872429818825
0.5,-0.8500000000000001,inventory_only,0.05493042254851745,0.05950481460561716,-1.9061452330165612e-05,0.0045736605104811975,3.9282504607022875e-07,0.0078896371574483,0.004574424195178512
0.5,-0.825,inventory_only,0.05608489699421249,0.060748930951535926,-1.804274906819487e-05,0.004663644064803992,2.0952429143468626e-07,0.0079671068856613,0.0046640532362196155
0.5,-0.8,inventory_only,0.05724238858747537,0.06200344553220244,-1.702920921924067e-05,0.004761057768035366,-9.800344136616104e-11,0.0080440303491573,0.004761092001632108
0.5,-0.7749999999999999,inventory_only,0.05840049125999618,0.06325975471921826,-1.5970213227356573e-05,0.004859453949083508,-1.0185390780495277e-07,0.0081203026437126,0.004859697408368228
0.5,-0.75,inventory_only,0.0595563552373086,0.06450342221007373,-1.4800929078227621e-05,0.004947264036416064,-1.0537767097748355e-07,0.0081958157562304,0.004947482116180857
0.5,-0.7250000000000001,inventory_only,0.06070880522449183,0.0657198902128274,-1.3435521750010183e-05,0.005011190507003996,-5.6259087298969284e-08,0.0082704586446492,0.005011383825539369
0.5,-0.7,inventory_only,0.061856429060270085,0.0668968057435242,-1.1759387169988664e-05,0.005040377512357915,-8.795110941883165e-11,0.0083441176755332,0.005040613180570476
0.5,-0.675,inventory_only,0.06299815749898172,0.06803806983642184,-9.61220311658341e-06,0.005039862349404887,2.718020857271084e-08,0.0084166767911579,0.005040208666068071
0.5,-0.6499999999999999,inventory_only,0.06413269759113538,0.06915513507233254,-6.765576848682696e-06,0.005022385736518302,2.8126924015182864e-08,0.0084880178511304,0.005022930433946197
0.5,-0.625,inventory_only,0.06525799980856237,0.0702483300956307,-2.908168256116575e-06,0.004990303076661982,1.496799280731518e-08,0.0085580209635463,0.004991153843370337
0.5,-0.6000000000000001,inventory_only,0.06637174217410198,0.07131496826691185,2.380526524806109e-06,0.00494322693701935,-8.078746157416216e-11,0.0086265649256738,0.004944522065636922
0.5,-0.575,inventory_only,0.06747119584405065,0.07242559924050763,9.88300284715108e-06,0.004954417854385368,-7.385110842254066e-09,0.0086935274879229,0.004956370827294784
0.5,-0.55,inventory_only,0.06855339291681233,0.07355964337475884,2.0565982060619593e-05,0.00500626536889431,-7.636637945840863e-09,0.0087587859323246,0.0050091927928876435
0.5,-0.5249999999999999,inventory_only,0.06961530129453779,0.07477803563256934,3.624628787126248e-05,0.005162742620371637,-4.108521023538112e-09,0.0088222174328513,0.005167173816209255
0.5,-0.5,inventory_only,0.07065375379886116,0.07620855568848281,6.063595527827559e-05,0.005554802501940091,-7.391232654938386e-11,0.0088836994800032,0.005561734158727773
0.5,-2.1,isotropic_wall_bound,0.0410082223127089,0.053782209973564074,-1.0,0.012773987660855184,0.0,0.0014439174778941,0.012773987660855184
0.5,-2.075,isotropic_wall_bound,0.026009302098695286,0.03567983784346499,-1.0,0.009631602743258225,-1.537154848965202e-05,0.002059189493953,0.0096705357447697
0.5,-2.0500000000000003,isotropic_wall_bound,0.016736942048487326,0.02516788008588363,-1.0,0.008181682724714133,-9.852505645018189e-05,0.0025934477534419,0.008430938037396307
0.5,-2.025,isotropic_wall_bound,0.011036015880302126,0.02074827001881085,-1.0,0.009059599712187947,-0.0002580671234533,0.0030522386303904,0.009712254138508727
0.5,-2.0,isotropic_wall_bound,0.009186896824290691,0.0192638671328647,-1.0,0.008918217044401006,-0.00045799040334,0.0034426933716991,0.010076970308574008
0.5,-1.975,isotropic_wall_bound,0.007962854719652784,0.017197760140431964,-1.0,0.00799898267320123,-0.0006430181614006,0.0037728039372008,0.00962776486535293
0.5,-1.9500000000000002,isotropic_wall_bound,0.009007491533409974,0.014601294087993794,-1.0,0.0066435667935562425,-0.0007637161550914,0.0040508130889895,0.008581779374675743
0.5,-1.925,isotropic_wall_bound,0.009950632697249362,0.013617629718244676,-0.13349929551252102,0.005344962272190026,-0.0007977422053556,0.00428474175619,0.007374994381471326
0.5,-1.9000000000000001,isotropic_wall_bound,0.011801224828635873,0.015677488661627926,-0.05101671656338714,0.005508016001994067,-0.0007643405741519,0.0044820572721766,0.007459978716907368
0.5,-1.875,isotropic_wall_bound,0.013549961000177512,0.017739751450269015,-0.02760878680082193,0.005722585936588203,-0.000713296254046,0.0046494692947605,0.0075524603962511035
0.5,-1.85,isotropic_wall_bound,0.014535620180018121,0.018862716328826527,-0.017643768712233936,0.005749884894540196,-0.0006584451910525,0.0047928328396852,0.007448613465906096
0.5,-1.8250000000000002,isotropic_wall_bound,0.015508750727828969,0.01999253077847236,-0.011973574015975446,0.0057891005964791015,-0.0006006534107904,0.0049171326563712,0.007349573854057502
0.5,-1.8,isotropic_wall_bound,0.01652940680130463,0.021204552239925203,-0.008414882802592548,0.005857420945260893,-0.0005407869388786,0.0050265245284284,0.007274477671117693
0.5,-1.7750000000000001,isotropic_wall_bound,0.01759834504316016,0.02249484497901814,-0.006055897688684657,0.005951716709405785,-0.0004796905482643,0.0051244117204724,0.007222106257154184
0.5,-1.75,isotropic_wall_bound,0.018617686911706014,0.023727240469970205,-0.004447970862085594,0.006035236613886897,-0.0004181240012075,0.0052135389638092,0.007157468364650496
0.5,-1.725,isotropic_wall_bound,0.019447158390520518,0.02470334343003666,-0.003334039267506196,0.006051364348455044,-0.0003568258072962,0.0052960913376012,0.00702567007485834
0.5,-1.7000000000000002,isotropic_wall_bound,0.019964529424344374,0.025236507236997784,-0.002551922054461007,0.005937154935747857,-0.0002965344761184,0.0053737894713438,0.006765488801916246
0.5,-1.675,isotropic_wall_bound,0.020146443858039875,0.02526862871722831,-0.00199279164567584,0.005659254544998998,-0.0002379675143222,0.0054479758495852,0.006345245326704877
0.5,-1.6500000000000001,isotropic_wall_bound,0.020942406288466133,0.02614650903692425,-0.001553911408696924,0.005616104914600974,-0.0001817584167949,0.0055196900053148,0.006164864879845696
0.5,-1.625,isotropic_wall_bound,0.021758355808304566,0.027051539673278474,-0.0012220000982747692,0.005584247664135705,-0.0001285196754838,0.0055897318133627,0.006002324793295247
0.5,-1.6,isotropic_wall_bound,0.022601489460226408,0.027993178145166882,-0.0009686783089371132,0.0055670248647754685,-7.886378233623993e-05,0.0056587134439764,0.005862402850600766
0.5,-1.5750000000000002,isotropic_wall_bound,0.02354487708465583,0.02909832678900715,-0.0007727728940171663,0.005619469748417483,-3.334607819553868e-05,0.0057271013019221,0.00580146786668516
0.5,-1.55,isotropic_wall_bound,0.024543409010599204,0.030340633210556564,-0.0006206989864448593,0.005762026902815277,7.706700509901439e-06,0.0057952491021662,0.005840899494932914
0.5,-1.525,isotropic_wall_bound,0.025555696625379574,0.0316063816233847,-0.0005021991064814212,0.005924177159243548,4.402496845554056e-05,0.0058634238320173,0.006052789234957949
0.5,-1.5,isotropic_wall_bound,0.026623878234682475,0.03297102025695473,-0.00040897888338409705,0.0061410377522918775,7.533914031683898e-05,0.0059318257296971,0.0063473707959703545
0.5,-1.475,isotropic_wall_bound,0.027642492172734304,0.034194911994295606,-0.0003356926386102286,0.006279825758924034,0.0001014786002315,0.0060006037617128,0.0065524211397205365
0.5,-1.4500000000000002,isotropic_wall_bound,0.028561593682878347,0.03512409627966743,-0.00027788121712111677,0.0062362598841747535,0.0001226686101867,0.006069867244111,0.006562639082967093
0.5,-1.425,isotropic_wall_bound,0.029441139845466004,0.03591573625662063,-0.0002317730241075038,0.006106866945238912,0.0001392334016316,0.0061396946956016,0.006474960132196639
0.5,-1.4,isotropic_wall_bound,0.030347206932176164,0.03673860716399419,-0.00019458044974568928,0.00599366736931265,0.0001514972060155,0.0062101406149584,0.006391997395804977
0.5,-1.375,isotropic_wall_bound,0.031306898131686356,0.03767236675181687,-0.0001643382565818646,0.005949731990489471,0.0001592327708595,0.0062812404962774,0.006366264326782968
0.5,-1.35,isotropic_wall_bound,0.03228875661158956,0.03864185370360539,-0.00013967831930514557,0.005936650061332607,0.0001600069079713,0.0063530145112222,0.006353992884311309
0.5,-1.3250000000000002,isotropic_wall_bound,0.03325137863167469,0.039528030459547905,-0.00011954315108566658,0.005883276515399631,0.0001508349452304,0.0064254704542509,0.006277482541520196
0.5,-1.3,isotropic_wall_bound,0.03415006676597625,0.04020567818144975,-0.00010309194778558928,0.005715580715471785,0.0001287322105163,0.0064986058192089,0.0060561684365574705
0.5,-1.275,isotropic_wall_bound,0.035123287753278866,0.04092757410939177,-8.945914416899875e-05,0.005549794328498119,9.275981230013484e-05,0.0065724093279658,0.0058044349668721264
0.5,-1.25,isotropic_wall_bound,0.03619495219059901,0.04176363959048953,-7.806255263037974e-05,0.0054155572706054474,5.016198141964464e-05,0.0066468621424801,0.005568747405118708
0.5,-1.225,isotropic_wall_bound,0.037346324561917325,0.04275890359638511,-6.847693217201427e-05,0.005355683013338185,1.02287293043198e-05,0.0067219387240609,0.005415384164694983
0.5,-1.2000000000000002,isotropic_wall_bound,0.03861665013244402,0.04404217911546654,-6.0336930612779274e-05,0.005438781485838525,-1.7749932616382544e-05,0.0067976075362655,0.005514703574569216
0.5,-1.175,isotropic_wall_bound,0.040173170041191295,0.04597283028508618,-5.330792556058049e-05,0.005842050278159058,-2.722901938216988e-05,0.0068738314223463,0.005932182916911982
0.5,-1.15,isotropic_wall_bound,0.041555234584893824,0.04767571401102415,-4.743507396866768e-05,0.006160208862649,-2.264365190940897e-05,0.0069505680257855,0.006229815645154984
0.5,-1.125,isotropic_wall_bound,0.04263653497484033,0.04887383642176152,-4.258397769052964e-05,0.006257819683624671,-1.117397758363222e-05,0.0070277700661733,0.00629107772677286
0.5,-1.1,isotropic_wall_bound,0.043591720441773195,0.04985119703081208,-3.852941373982258e-05,0.0062594774763253865,-1.437903717652855e-10,0.0071053854583385,0.006259478087676189
0.5,-1.075,isotropic_wall_bound,0.04463255518791133,0.05097147126932763,-3.507942861908107e-05,0.0063290582339769145,5.289358856066609e-06,0.0071833575393385,0.006339324753105618
0.5,-1.05,isotropic_wall_bound,0.04569359428882113,0.05207051896842448,-3.2148260256162397e-05,0.0063667251622236435,5.472666826282564e-06,0.0072616250606312,0.0063773475088489935
0.5,-1.0250000000000001,isotropic_wall_bound,0.04679279834294732,0.053206412491799984,-2.9640430192152677e-05,0.0064081731141816005,2.9195733621023844e-06,0.0073401224969955,0.006413839735450457
0.5,-1.0,isotropic_wall_bound,0.04794604294619697,0.05443424879115033,-2.7477683995696296e-05,0.006488206705833507,-1.2829464773745755e-10,0.0074187798434868,0.006488207921577093
0.5,-0.9750000000000001,isotropic_wall_bound,0.0491280935703322,0.05573068182108836,-2.5603140533165022e-05,0.006605230820150532,-1.4174411514797026e-06,0.0074975229287392,0.006609401175571039
0.5,-0.95,isotropic_wall_bound,0.0503054865448994,0.05703812679357429,-2.397047596091671e-05,0.006735374361010633,-1.466553213258234e-06,0.0075762733068397,0.0067396883377430225
0.5,-0.925,isotropic_wall_bound,0.05147374430797784,0.05833976947252804,-2.25342633114018e-05,0.006867484183114166,-7.824487341862133e-07,0.0076549484529809,0.006869783017829212
0.5,-0.8999999999999999,isotropic_wall_bound,0.05262923669234384,0.059621215614919766,-2.1253357711955256e-05,0.006991979758172569,-1.1196846652004617e-10,0.0077334617790083,0.006991986786745788
0.5,-0.875,isotropic_wall_bound,0.05377871588963815,0.06089215302128179,-2.0087385937602307e-05,0.0071127301190095915,3.796607846936834e-07,0.0078117228186845,0.00711346813945081
0.5,-0.8500000000000001,isotropic_wall_bound,0.05493042254851745,0.0621726918395723,-1.8995414447765444e-05,0.007241537744569739,3.9282504607022875e-07,0.0078896371574483,0.007242302475503521
0.5,-0.825,isotropic_wall_bound,0.05608489699421249,0.06346893764553943,-1.793389705096547e-05,0.00738365075901978,2.0952429143468626e-07,0.0079671068856613,0.007384061828391948
0.5,-0.8,isotropic_wall_bound,0.05724238858747537,0.06478052943218782,-1.6850934442963376e-05,0.007538141668355045,-9.800344136616104e-11,0.0080440303491573,0.007538195636434813
0.5,-0.7749999999999999,isotropic_wall_bound,0.05840049125999618,0.06609467007091836,-1.5680689395389193e-05,0.007694369301301204,-1.0185390780495277e-07,0.0081203026437126,0.007694580055314399
0.5,-0.75,isotropic_wall_bound,0.0595563552373086,0.06738980370981916,-1.4336002304566041e-05,0.007833645536941951,-1.0537767097748355e-07,0.0081958157562304,0.007833875137128602
0.5,-0.7250000000000001,isotropic_wall_bound,0.06070880522449183,0.06864363423877007,-1.2699394553311006e-05,0.007934934534076737,-5.6259087298969284e-08,0.0082704586446492,0.007935214332847322
0.5,-0.7,isotropic_wall_bound,0.061856429060270085,0.06983749551719239,-1.0612765822254637e-05,0.00798106728756173,-8.795110941883165e-11,0.0083441176755332,0.00798144023739375
0.5,-0.675,isotropic_wall_bound,0.06299815749898172,0.07097833590192626,-7.853496490659614e-06,0.007980128416782445,2.718020857271084e-08,0.0084166767911579,0.00798068923122508
0.5,-0.6499999999999999,isotropic_wall_bound,0.06413269759113538,0.0720851330254655,-4.102893709435373e-06,0.007952383691448146,2.8126924015182864e-08,0.0084880178511304,0.007953259057330507
0.5,-0.625,isotropic_wall_bound,0.06525799980856237,0.0731595856434439,1.0723997270570803e-06,0.007901558624936968,1.496799280731518e-08,0.0085580209635463,0.007902912503836214
0.5,-0.6000000000000001,isotropic_wall_bound,0.06637174217410198,0.07419877434967413,8.25530596703305e-06,0.00782703301576496,-8.078746157416216e-11,0.0086265649256738,0.007829083506542347
0.5,-0.575,isotropic_wall_bound,0.06747119584405065,0.075315955394132,1.8570351457924124e-05,0.007844773991853262,-7.385110842254066e-09,0.0086935274879229,0.00784786272252421
0.5,-0.55,isotropic_wall_bound,0.06855339291681233,0.0764802530652875,3.3391826008758414e-05,0.007926875013454043,-7.636637945840863e-09,0.0087587859323246,0.007931506569910068
0.5,-0.5249999999999999,isotropic_wall_bound,0.06961530129453779,0.07778992113716257,5.53852754404937e-05,0.008174628006645715,-4.108521023538112e-09,0.0088222174328513,0.008181642253825337
0.5,-0.5,isotropic_wall_bound,0.07065375379886116,0.07944913010315603,9.014724193831193e-05,0.0087953766118529,-7.391232654938386e-11,0.0088836994800032,0.008806351894835336
0.5,-2.1,benchmark_bank_mass_only,0.0410082223127089,27661071790.013443,-1.0,27661071789.972435,0.0,0.0014439174778941,27661071789.972435
0.5,-2.075,benchmark_bank_mass_only,0.026009302098695286,21250272589.75453,-1.0,21250272589.728485,-1.537154848965202e-05,0.002059189493953,21250272589.728523
0.5,-2.0500000000000003,benchmark_bank_mass_only,0.016736942048487326,17496449858.703518,-1.0,17496449858.686535,-9.852505645018189e-05,0.0025934477534419,17496449858.686783
0.5,-2.025,benchmark_bank_mass_only,0.011036015880302126,15253759183.035255,-1.0,15253759183.023565,-0.0002580671234533,0.0030522386303904,15253759183.024218
0.5,-2.0,benchmark_bank_mass_only,0.009186896824290691,15062625647.242493,-1.0,15062625647.232147,-0.00045799040334,0.0034426933716991,15062625647.233305
0.5,-1.975,benchmark_bank_mass_only,0.007962854719652784,14576442612.198414,-1.0,14576442612.189215,-0.0006430181614006,0.0037728039372008,14576442612.190844
0.5,-1.9500000000000002,benchmark_bank_mass_only,0.009007491533409974,13645306437.433905,-1.0,13645306437.425945,-0.0007637161550914,0.0040508130889895,13645306437.427883
0.5,-1.925,benchmark_bank_mass_only,0.009950632697249362,12737718516.367498,-0.1334992955316941,12737718516.359224,-0.0007977422053556,0.00428474175619,12737718516.361254
0.5,-1.9000000000000001,benchmark_bank_mass_only,0.011801224828635873,12742095495.49255,-0.05101671657282965,12742095495.48238,-0.0007643405741519,0.0044820572721766,12742095495.484333
0.5,-1.875,benchmark_bank_mass_only,0.013549961000177512,13055079357.185152,-0.027608786807460223,13055079357.173134,-0.000713296254046,0.0046494692947605,13055079357.174965
0.5,-1.85,benchmark_bank_mass_only,0.014535620180018121,12970642703.783747,-0.01764376871751845,12970642703.770634,-0.0006584451910525,0.0047928328396852,12970642703.772333
0.5,-1.8250000000000002,benchmark_bank_mass_only,0.015508750727828969,12922239392.70443,-0.01193221553302625,12922239392.690228,-0.0006006534107904,0.0049171326563712,12922239392.691788
0.5,-1.8,benchmark_bank_mass_only,0.01652940680130463,12948071978.516174,-0.00838055388620315,12948071978.500826,-0.0005407869388786,0.0050265245284284,12948071978.502243
0.5,-1.7750000000000001,benchmark_bank_mass_only,0.01759834504316016,13043902486.092007,-0.005967938874413021,13043902486.075464,-0.0004796905482643,0.0051244117204724,13043902486.07673
0.5,-1.75,benchmark_bank_mass_only,0.018617686911706014,13131271765.12102,-0.004269430417843365,13131271765.103327,-0.0004181240012075,0.0052135389638092,13131271765.104445
0.5,-1.725,benchmark_bank_mass_only,0.019447158390520518,13082698359.177378,-0.0029762028660083404,13082698359.158726,-0.0003568258072962,0.0052960913376012,13082698359.159689
0.5,-1.7000000000000002,benchmark_bank_mass_only,0.019964529424344374,12768038004.137447,-0.0018358633434387662,12768038004.118147,-0.0002965344761184,0.0053737894713438,12768038004.118952
0.5,-1.675,benchmark_bank_mass_only,0.020146443858039875,12131209657.350111,-0.0006338440638514657,12131209657.3305,-0.0002379675143222,0.0054479758495852,12131209657.331142
0.5,-1.6500000000000001,benchmark_bank_mass_only,0.020942406288466133,12003461421.377787,0.001106888199494396,12003461421.357258,-0.0001817584167949,0.0055196900053148,12003461421.357712
0.5,-1.625,benchmark_bank_mass_only,0.021758355808304566,11911910137.564291,0.003997616957920354,11911910137.542824,-0.0001285196754838,0.0055897318133627,11911910137.543135
0.5,-1.6,benchmark_bank_mass_only,0.022601489460226408,11861202230.396826,0.009225383026424136,11861202230.374397,-7.886378233623993e-05,0.0056587134439764,11861202230.374859
0.5,-1.5750000000000002,benchmark_bank_mass_only,0.02354487708465583,11945293028.488663,0.019229135671797078,11945293028.465178,-3.334607819553868e-05,0.0057271013019221,11945293028.46602
0.5,-1.55,benchmark_bank_mass_only,0.024543409010599204,12247251933.103804,0.039035896112741296,12247251933.079191,7.706700509901439e-06,0.0057952491021662,12247251933.0809
0.5,-1.525,benchmark_bank_mass_only,0.025555696625379574,12617614763.033646,0.07797756814867669,12617614763.00782,4.402496845554056e-05,0.0058634238320173,12617614763.011385
0.5,-1.5,benchmark_bank_mass_only,0.026623878234682475,13108745637.786964,0.15502495768941094,13108745637.759546,7.533914031683898e-05,0.0059318257296971,13108745637.767023
0.5,-1.475,benchmark_bank_mass_only,0.027642492172734304,13461088403.817362,0.30204351252199185,13461088403.787113,0.0001014786002315,0.0060006037617128,13461088403.802431
0.5,-1.4500000000000002,benchmark_bank_mass_only,0.028561593682878347,13433434768.166306,0.5682299777464019,13433434768.128801,0.0001226686101867,0.006069867244111,13433434768.158962
0.5,-1.425,benchmark_bank_mass_only,0.029441139845466004,13220688850.445236,1.0,13220688850.385057,0.0001392334016316,0.0061396946956016,13220688850.44299
0.5,-1.4,benchmark_bank_mass_only,0.030347206932176164,13032145831.989687,1.0,13032145831.877216,0.0001514972060155,0.0062101406149584,13032145831.987549
0.5,-1.375,benchmark_bank_mass_only,0.031306898131686356,12995320336.96413,1.0,12995320336.751537,0.0001592327708595,0.0062812404962774,12995320336.962072
0.5,-1.35,benchmark_bank_mass_only,0.03228875661158956,13053526712.719774,1.0,13053526712.3168,0.0001600069079713,0.0063530145112222,13053526712.717793
0.5,-1.3250000000000002,benchmark_bank_mass_only,0.03325137863167469,13062181022.206339,1.0,13062181021.450283,0.0001508349452304,0.0064254704542509,13062181022.204462
0.5,-1.3,benchmark_bank_mass_only,0.03415006676597625,12868639465.160427,1.0,12868639463.773941,0.0001287322105163,0.0064986058192089,12868639465.15871
0.5,-1.275,benchmark_bank_mass_only,0.035123287753278866,12630746418.363367,1.0,12630746415.848959,9.275981230013484e-05,0.0065724093279658,12630746418.361776
0.5,-1.25,benchmark_bank_mass_only,0.03619495219059901,12328446073.07053,1.0,12328446068.569174,5.016198141964464e-05,0.0066468621424801,12328446073.069014
0.5,-1.225,benchmark_bank_mass_only,0.037346324561917325,12078252014.14088,1.0,12078252006.109846,1.02287293043198e-05,0.0067219387240609,12078252014.139378
0.5,-1.2000000000000002,benchmark_bank_mass_only,0.03861665013244402,12013193240.848642,1.0,12013193226.400745,-1.7749932616382544e-05,0.0067976075362655,12013193240.847069
0.5,-1.175,benchmark_bank_mass_only,0.040173170041191295,12614980351.918793,1.0,12614980324.653437,-2.722901938216988e-05,0.0068738314223463,12614980351.916948
0.5,-1.15,benchmark_bank_mass_only,0.041555234584893824,13128805413.236584,1.0,13128805362.552198,-2.264365190940897e-05,0.0069505680257855,13128805413.234583
0.5,-1.125,benchmark_bank_mass_only,0.04263653497484033,13277079498.083221,1.0,13277079407.058758,-1.117397758363222e-05,0.0070277700661733,13277079498.081266
0.5,-1.1,benchmark_bank_mass_only,0.043591720441773195,13359865534.433928,1.0,13359865372.67914,-1.437903717652855e-10,0.0071053854583385,13359865534.432089
0.5,-1.075,benchmark_bank_mass_only,0.04463255518791133,13642607100.57209,1.0,13642606810.42142,5.289358856066609e-06,0.0071833575393385,13642607100.570314
0.5,-1.05,benchmark_bank_mass_only,0.04569359428882113,13813484420.806362,1.0,13813483907.454655,5.472666826282564e-06,0.0072616250606312,13813484420.804636
0.5,-1.0250000000000001,benchmark_bank_mass_only,0.04679279834294732,13942338017.514452,1.0,13942337116.874264,2.9195733621023844e-06,0.0073401224969955,13942338017.512753
0.5,-1.0,benchmark_bank_mass_only,0.04794604294619697,14100363443.232744,1.0,14100361868.407848,-1.2829464773745755e-10,0.0074187798434868,14100363443.231035
0.5,-0.9750000000000001,benchmark_bank_mass_only,0.0491280935703322,14316904456.401398,1.0,14316901706.96065,-1.4174411514797026e-06,0.0074975229287392,14316904456.399656
0.5,-0.95,benchmark_bank_mass_only,0.0503054865448994,14575201328.473665,1.0,14575196543.29095,-1.466553213258234e-06,0.0075762733068397,14575201328.471891
0.5,-0.925,benchmark_bank_mass_only,0.05147374430797784,14851916923.961441,1.0,14851908638.67596,-7.824487341862133e-07,0.0076549484529809,14851916923.95964
0.5,-0.8999999999999999,benchmark_bank_mass_only,0.05262923669234384,15126297020.52017,1.0,15126282774.87135,-1.1196846652004617e-10,0.0077334617790083,15126297020.518353
0.5,-0.875,benchmark_bank_mass_only,0.05377871588963815,15397607449.056005,1.0,15397583136.859026,3.796607846936834e-07,0.0078117228186845,15397607449.054174
0.5,-0.8500000000000001,benchmark_bank_mass_only,0.05493042254851745,15682576189.5399,1.0,15682534978.941433,3.9282504607022875e-07,0.0078896371574483,15682576189.538052
0.5,-0.825,benchmark_bank_mass_only,0.05608489699421249,15992630750.62132,1.0,15992561355.188715,2.0952429143468626e-07,0.0079671068856613,15992630750.619452
0.5,-0.8,benchmark_bank_mass_only,0.05724238858747537,16325937374.699656,1.0,16325821360.325823,-9.800344136616104e-11,0.0080440303491573,16325937374.697763
0.5,-0.7749999999999999,benchmark_bank_mass_only,0.05840049125999618,16661834924.129213,1.0,16661642704.387274,-1.0185390780495277e-07,0.0081203026437126,16661834924.127295
0.5,-0.75,benchmark_bank_mass_only,0.0595563552373086,16962070543.262533,1.0,16961755734.646471,-1.0537767097748355e-07,0.0081958157562304,16962070543.26059
0.5,-0.7250000000000001,benchmark_bank_mass_only,0.06070880522449183,17181063633.922302,1.0,17180555457.259415,-5.6259087298969284e-08,0.0082704586446492,17181063633.920334
0.5,-0.7,benchmark_bank_mass_only,0.061856429060270085,17281614971.435802,1.0,17280808243.243298,-8.795110941883165e-11,0.0083441176755332,17281614971.43381
0.5,-0.675,benchmark_bank_mass_only,0.06299815749898172,17280684558.44949,1.0,17279423992.909615,2.718020857271084e-08,0.0084166767911579,17280684558.447468
0.5,-0.6499999999999999,benchmark_bank_mass_only,0.06413269759113538,17221684802.977314,1.0,17219741448.27722,2.8126924015182864e-08,0.0084880178511304,17221684802.975277
0.5,-0.625,benchmark_bank_mass_only,0.06525799980856237,17112815349.287416,1.0,17109858488.148615,1.496799280731518e-08,0.0085580209635463,17112815349.285353
0.5,-0.6000000000000001,benchmark_bank_mass_only,0.06637174217410198,16952864105.697014,1.0,16948424764.634502,-8.078746157416216e-11,0.0086265649256738,16952864105.69493
0.5,-0.575,benchmark_bank_mass_only,0.06747119584405065,16993372129.301867,1.0,16986697251.766014,-7.385110842254066e-09,0.0086935274879229,16993372129.299757
0.5,-0.55,benchmark_bank_mass_only,0.06855339291681233,17174408794.884138,1.0,17164393625.468964,-7.636637945840863e-09,0.0087587859323246,17174408794.882008
0.5,-0.5249999999999999,benchmark_bank_mass_only,0.06961530129453779,17716033056.103645,1.0,17700852461.60944,-4.108521023538112e-09,0.0088222174328513,17716033056.101498
0.5,-0.5,benchmark_bank_mass_only,0.07065375379886116,19068829927.377167,1.0,19045065272.654793,-7.391232654938386e-11,0.0088836994800032,19068829927.374996
0.5,-2.1,any_recovery_bank_mass_lower_bound,0.0410082223127089,27661071790.013443,-1.0,27661071789.972435,0.0,0.0014439174778941,27661071789.972435
0.5,-2.075,any_recovery_bank_mass_lower_bound,0.026009302098695286,21250272589.75453,-1.0,21250272589.728485,-1.537154848965202e-05,0.002059189493953,21250272589.728523
0.5,-2.0500000000000003,any_recovery_bank_mass_lower_bound,0.016736942048487326,17496449858.703518,-1.0,17496449858.686535,-9.852505645018189e-05,0.0025934477534419,17496449858.686783
0.5,-2.025,any_recovery_bank_mass_lower_bound,0.011036015880302126,15253759183.035255,-1.0,15253759183.023565,-0.0002580671234533,0.0030522386303904,15253759183.024218
0.5,-2.0,any_recovery_bank_mass_lower_bound,0.009186896824290691,15062625647.242493,-1.0,15062625647.232147,-0.00045799040334,0.0034426933716991,15062625647.233305
0.5,-1.975,any_recovery_bank_mass_lower_bound,0.007962854719652784,14576442612.198414,-1.0,14576442612.189215,-0.0006430181614006,0.0037728039372008,14576442612.190844
0.5,-1.9500000000000002,any_recovery_bank_mass_lower_bound,0.009007491533409974,13645306437.433905,-1.0,13645306437.425945,-0.0007637161550914,0.0040508130889895,13645306437.427883
0.5,-1.925,any_recovery_bank_mass_lower_bound,0.009950632697249362,12737718516.367498,-0.1334992955316941,12737718516.359224,-0.0007977422053556,0.00428474175619,12737718516.361254
0.5,-1.9000000000000001,any_recovery_bank_mass_lower_bound,0.011801224828635873,12742095495.49255,-0.05101671657282965,12742095495.48238,-0.0007643405741519,0.0044820572721766,12742095495.484333
0.5,-1.875,any_recovery_bank_mass_lower_bound,0.013549961000177512,13055079357.185152,-0.027608786807460223,13055079357.173134,-0.000713296254046,0.0046494692947605,13055079357.174965
0.5,-1.85,any_recovery_bank_mass_lower_bound,0.014535620180018121,12970642703.783747,-0.01764376871751845,12970642703.770634,-0.0006584451910525,0.0047928328396852,12970642703.772333
0.5,-1.8250000000000002,any_recovery_bank_mass_lower_bound,0.015508750727828969,12922239392.70443,-0.01193221553302625,12922239392.690228,-0.0006006534107904,0.0049171326563712,12922239392.691788
0.5,-1.8,any_recovery_bank_mass_lower_bound,0.01652940680130463,12948071978.516174,-0.00838055388620315,12948071978.500826,-0.0005407869388786,0.0050265245284284,12948071978.502243
0.5,-1.7750000000000001,any_recovery_bank_mass_lower_bound,0.01759834504316016,13043902486.092007,-0.005967938874413021,13043902486.075464,-0.0004796905482643,0.0051244117204724,13043902486.07673
0.5,-1.75,any_recovery_bank_mass_lower_bound,0.018617686911706014,13131271765.12102,-0.004269430417843365,13131271765.103327,-0.0004181240012075,0.0052135389638092,13131271765.104445
0.5,-1.725,any_recovery_bank_mass_lower_bound,0.019447158390520518,13082698359.177378,-0.0029762028660083404,13082698359.158726,-0.0003568258072962,0.0052960913376012,13082698359.159689
0.5,-1.7000000000000002,any_recovery_bank_mass_lower_bound,0.019964529424344374,12768038004.137447,-0.0018358633434387662,12768038004.118147,-0.0002965344761184,0.0053737894713438,12768038004.118952
0.5,-1.675,any_recovery_bank_mass_lower_bound,0.020146443858039875,12131209657.350111,-0.0006338440638514657,12131209657.3305,-0.0002379675143222,0.0054479758495852,12131209657.331142
0.5,-1.6500000000000001,any_recovery_bank_mass_lower_bound,0.020942406288466133,12003461421.377787,0.001106888199494396,12003461421.357258,-0.0001817584167949,0.0055196900053148,12003461421.357712
0.5,-1.625,any_recovery_bank_mass_lower_bound,0.021758355808304566,11911910137.564291,0.003997616957920354,11911910137.542824,-0.0001285196754838,0.0055897318133627,11911910137.543135
0.5,-1.6,any_recovery_bank_mass_lower_bound,0.022601489460226408,11861202230.396826,0.009225383026424136,11861202230.374397,-7.886378233623993e-05,0.0056587134439764,11861202230.374859
0.5,-1.5750000000000002,any_recovery_bank_mass_lower_bound,0.02354487708465583,11945293028.488663,0.019229135671797078,11945293028.465178,-3.334607819553868e-05,0.0057271013019221,11945293028.46602
0.5,-1.55,any_recovery_bank_mass_lower_bound,0.024543409010599204,12247251933.103804,0.039035896112741296,12247251933.079191,7.706700509901439e-06,0.0057952491021662,12247251933.0809
0.5,-1.525,any_recovery_bank_mass_lower_bound,0.025555696625379574,12617614763.033646,0.07797756814867669,12617614763.00782,4.402496845554056e-05,0.0058634238320173,12617614763.011385
0.5,-1.5,any_recovery_bank_mass_lower_bound,0.026623878234682475,13108745637.786964,0.15502495768941094,13108745637.759546,7.533914031683898e-05,0.0059318257296971,13108745637.767023
0.5,-1.475,any_recovery_bank_mass_lower_bound,0.027642492172734304,13461088403.817362,0.30204351252199185,13461088403.787113,0.0001014786002315,0.0060006037617128,13461088403.802431
0.5,-1.4500000000000002,any_recovery_bank_mass_lower_bound,0.028561593682878347,13433434768.166306,0.5682299777464019,13433434768.128801,0.0001226686101867,0.006069867244111,13433434768.158962
0.5,-1.425,any_recovery_bank_mass_lower_bound,0.029441139845466004,13220688850.445236,1.0,13220688850.385057,0.0001392334016316,0.0061396946956016,13220688850.44299
0.5,-1.4,any_recovery_bank_mass_lower_bound,0.030347206932176164,13032145831.989687,1.0,13032145831.877216,0.0001514972060155,0.0062101406149584,13032145831.987549
0.5,-1.375,any_recovery_bank_mass_lower_bound,0.031306898131686356,12995320336.96413,1.0,12995320336.751537,0.0001592327708595,0.0062812404962774,12995320336.962072
0.5,-1.35,any_recovery_bank_mass_lower_bound,0.03228875661158956,13053526712.719774,1.0,13053526712.3168,0.0001600069079713,0.0063530145112222,13053526712.717793
0.5,-1.3250000000000002,any_recovery_bank_mass_lower_bound,0.03325137863167469,13062181022.206339,1.0,13062181021.450283,0.0001508349452304,0.0064254704542509,13062181022.204462
0.5,-1.3,any_recovery_bank_mass_lower_bound,0.03415006676597625,12868639465.160427,1.0,12868639463.773941,0.0001287322105163,0.0064986058192089,12868639465.15871
0.5,-1.275,any_recovery_bank_mass_lower_bound,0.035123287753278866,12630746418.363367,1.0,12630746415.848959,9.275981230013484e-05,0.0065724093279658,12630746418.361776
0.5,-1.25,any_recovery_bank_mass_lower_bound,0.03619495219059901,12328446073.07053,1.0,12328446068.569174,5.016198141964464e-05,0.0066468621424801,12328446073.069014
0.5,-1.225,any_recovery_bank_mass_lower_bound,0.037346324561917325,12078252014.14088,1.0,12078252006.109846,1.02287293043198e-05,0.0067219387240609,12078252014.139378
0.5,-1.2000000000000002,any_recovery_bank_mass_lower_bound,0.03861665013244402,12013193240.848642,1.0,12013193226.400745,-1.7749932616382544e-05,0.0067976075362655,12013193240.847069
0.5,-1.175,any_recovery_bank_mass_lower_bound,0.040173170041191295,12614980351.918793,1.0,12614980324.653437,-2.722901938216988e-05,0.0068738314223463,12614980351.916948
0.5,-1.15,any_recovery_bank_mass_lower_bound,0.041555234584893824,13128805413.236584,1.0,13128805362.552198,-2.264365190940897e-05,0.0069505680257855,13128805413.234583
0.5,-1.125,any_recovery_bank_mass_lower_bound,0.04263653497484033,13277079498.083221,1.0,13277079407.058758,-1.117397758363222e-05,0.0070277700661733,13277079498.081266
0.5,-1.1,any_recovery_bank_mass_lower_bound,0.043591720441773195,13359865534.433928,1.0,13359865372.67914,-1.437903717652855e-10,0.0071053854583385,13359865534.432089
0.5,-1.075,any_recovery_bank_mass_lower_bound,0.04463255518791133,13642607100.57209,1.0,13642606810.42142,5.289358856066609e-06,0.0071833575393385,13642607100.570314
0.5,-1.05,any_recovery_bank_mass_lower_bound,0.04569359428882113,13813484420.806362,1.0,13813483907.454655,5.472666826282564e-06,0.0072616250606312,13813484420.804636
0.5,-1.0250000000000001,any_recovery_bank_mass_lower_bound,0.04679279834294732,13942338017.514452,1.0,13942337116.874264,2.9195733621023844e-06,0.0073401224969955,13942338017.512753
0.5,-1.0,any_recovery_bank_mass_lower_bound,0.04794604294619697,14100363443.232744,1.0,14100361868.407848,-1.2829464773745755e-10,0.0074187798434868,14100363443.231035
0.5,-0.9750000000000001,any_recovery_bank_mass_lower_bound,0.0491280935703322,14316904456.401398,1.0,14316901706.96065,-1.4174411514797026e-06,0.0074975229287392,14316904456.399656
0.5,-0.95,any_recovery_bank_mass_lower_bound,0.0503054865448994,14575201328.473665,1.0,14575196543.29095,-1.466553213258234e-06,0.0075762733068397,14575201328.471891
0.5,-0.925,any_recovery_bank_mass_lower_bound,0.05147374430797784,14851916923.961441,1.0,14851908638.67596,-7.824487341862133e-07,0.0076549484529809,14851916923.95964
0.5,-0.8999999999999999,any_recovery_bank_mass_lower_bound,0.05262923669234384,15126297020.52017,1.0,15126282774.87135,-1.1196846652004617e-10,0.0077334617790083,15126297020.518353
0.5,-0.875,any_recovery_bank_mass_lower_bound,0.05377871588963815,15397607449.056005,1.0,15397583136.859026,3.796607846936834e-07,0.0078117228186845,15397607449.054174
0.5,-0.8500000000000001,any_recovery_bank_mass_lower_bound,0.05493042254851745,15682576189.5399,1.0,15682534978.941433,3.9282504607022875e-07,0.0078896371574483,15682576189.538052
0.5,-0.825,any_recovery_bank_mass_lower_bound,0.05608489699421249,15992630750.62132,1.0,15992561355.188715,2.0952429143468626e-07,0.0079671068856613,15992630750.619452
0.5,-0.8,any_recovery_bank_mass_lower_bound,0.05724238858747537,16325937374.699656,1.0,16325821360.325823,-9.800344136616104e-11,0.0080440303491573,16325937374.697763
0.5,-0.7749999999999999,any_recovery_bank_mass_lower_bound,0.05840049125999618,16661834924.129213,1.0,16661642704.387274,-1.0185390780495277e-07,0.0081203026437126,16661834924.127295
0.5,-0.75,any_recovery_bank_mass_lower_bound,0.0595563552373086,16962070543.262533,1.0,16961755734.646471,-1.0537767097748355e-07,0.0081958157562304,16962070543.26059
0.5,-0.7250000000000001,any_recovery_bank_mass_lower_bound,0.06070880522449183,17181063633.922302,1.0,17180555457.259415,-5.6259087298969284e-08,0.0082704586446492,17181063633.920334
0.5,-0.7,any_recovery_bank_mass_lower_bound,0.061856429060270085,17281614971.435802,1.0,17280808243.243298,-8.795110941883165e-11,0.0083441176755332,17281614971.43381
0.5,-0.675,any_recovery_bank_mass_lower_bound,0.06299815749898172,17255568149.99712,1.0,17254309416.611458,2.718020857271084e-08,0.0084166767911579,17255568149.995106
0.5,-0.6499999999999999,any_recovery_bank_mass_lower_bound,0.06413269759113538,17141362603.616894,1.0,17139428312.752611,2.8126924015182864e-08,0.0084880178511304,17141362603.614851
0.5,-0.625,any_recovery_bank_mass_lower_bound,0.06525799980856237,17013948967.238567,1.0,17011009188.862411,1.496799280731518e-08,0.0085580209635463,17013948967.236504
0.5,-0.6000000000000001,any_recovery_bank_mass_lower_bound,0.06637174217410198,16952864105.697014,1.0,16948424764.634502,-8.078746157416216e-11,0.0086265649256738,16952864105.69493
0.5,-0.575,any_recovery_bank_mass_lower_bound,0.06747119584405065,16993372129.301867,1.0,16986697251.766014,-7.385110842254066e-09,0.0086935274879229,16993372129.299757
0.5,-0.55,any_recovery_bank_mass_lower_bound,0.06855339291681233,17174408794.884138,1.0,17164393625.468964,-7.636637945840863e-09,0.0087587859323246,17174408794.882008
0.5,-0.5249999999999999,any_recovery_bank_mass_lower_bound,0.06961530129453779,17716033056.103645,1.0,17700852461.60944,-4.108521023538112e-09,0.0088222174328513,17716033056.101498
0.5,-0.5,any_recovery_bank_mass_lower_bound,0.07065375379886116,19068829927.377167,1.0,19045065272.654793,-7.391232654938386e-11,0.0088836994800032,19068829927.374996
1.285,-2.1,inventory_only,0.10407907145903474,0.12180116355407965,-1.0,0.017722092095044908,0.0,-0.0036301572131476,0.017722092095044908
1.285,-2.075,inventory_only,0.07552529434336623,0.08819923878995443,-1.0,0.012463319622211573,-8.179323519776927e-05,-0.0029149369936143,0.012673944446588202
1.285,-2.0500000000000003,inventory_only,0.05870244673425903,0.06784843036859987,-1.0,0.007795493569640056,-0.0005232604875699,-0.0022462827664043,0.009145983634340858
1.285,-2.025,inventory_only,0.047950654189651346,0.05891956856912551,-1.0,0.007418766985044667,-0.0013714431781087,-0.001640366562879,0.010968914379474167
1.285,-2.0,inventory_only,0.04424635536070891,0.05703099310301979,-1.0,0.006438683207645286,-0.0024425790487259,-0.0011082217157651,0.012784637742310886
1.285,-1.975,inventory_only,0.0385232462994706,0.053505125386744706,-1.0,0.0059712223253991035,-0.0034535891293476,-0.0006510875390876,0.014981879087274103
1.285,-1.9500000000000002,inventory_only,0.033145858841979986,0.04801904477842039,-1.0,0.006133307109675519,-0.0041481412415869,-0.0002528455903729,0.01700772877969642
1.285,-1.925,inventory_only,0.028624651076452387,0.042827568103350415,-0.791517225325563,0.006781802093699353,-0.004404345199185,0.000129887932675,0.01838818992672285
1.285,-1.9000000000000001,inventory_only,0.029562374465327983,0.04531897590085254,-0.3930681413024494,0.009518148101822058,-0.0043166521550422,0.0005745835286728,0.02095694174884726
1.285,-1.875,inventory_only,0.03222843753019596,0.04907605806891282,-0.22536703048627985,0.011102524485883941,-0.0041504879517306,0.0011820463578293,0.02216659645436304
1.285,-1.85,inventory_only,0.03194285589843085,0.04980097406423394,-0.15722928528209698,0.01231030913792746,-0.0039697984425579,0.002028668976334,0.022966976388522062
1.285,-1.8250000000000002,inventory_only,0.031492405800694075,0.05050209834934218,-0.1159137963243415,0.013578055817988141,-0.0037641982302322,0.0030860698879337,0.023774799596935743
1.285,-1.8,inventory_only,0.03121388052002891,0.05151941805495084,-0.09065522960607275,0.014958321816461544,-0.003523301917462,0.0041753409574214,0.024622787655576343
1.285,-1.7750000000000001,inventory_only,0.03101760236695174,0.05274367026231228,-0.07598375534516623,0.016451806743166007,-0.0032477196057615,0.005516677166665,0.025513741736660503
1.285,-1.75,inventory_only,0.031045566041885037,0.0542077291791308,-0.07064904448354913,0.017921664668882554,-0.0029820433918688,0.0060340959966296,0.026400666580659753
1.285,-1.725,inventory_only,0.030641557285362338,0.05504422958971002,-0.06887491277703275,0.019127327372767542,-0.0027818608713282,0.0057777349610289,0.027154781913243442
1.285,-1.7000000000000002,inventory_only,0.028879438853485026,0.05408876521548226,-0.0677451231176013,0.01978549234610732,-0.0027027596396836,0.0054399825702612,0.027604573172210524
1.285,-1.675,inventory_only,0.025409717598853705,0.050843267886442826,-0.06767585607547787,0.019726079383833188,-0.0027641159881082,0.0055325400588764,0.027619196683753285
1.285,-1.6500000000000001,inventory_only,0.025599236645287845,0.051952139261231114,-0.06423179342081221,0.020358544337756787,-0.0028404609902902,0.0054507287510633,0.02835713916993549
1.285,-1.625,inventory_only,0.025950071088710377,0.05316083358714221,-0.059675739084162675,0.0210888935076148,-0.0027701144155468,0.0054252404517857,0.028900886385493797
1.285,-1.6,inventory_only,0.02651128757980712,0.05448560553660374,-0.0540300443403245,0.02204796369665783,-0.0023913960331951,0.0054481779035898,0.0291111031818589
1.285,-1.5750000000000002,inventory_only,0.027733747393029196,0.0565292123022756,-0.04748799244373899,0.023484002580805474,-0.0016105832673117,0.0055044789175603,0.029456140170522963
1.285,-1.55,inventory_only,0.029316684047232207,0.05922389590359411,-0.04115087510703145,0.025456181415233987,-0.0006057841610107,0.0055807742676573,0.030304929389769388
1.285,-1.525,inventory_only,0.030965434372068543,0.062081008928079925,-0.03575252199479214,0.027530111515743697,0.0003769355878344,0.0056676410289618,0.03137930062198248
1.285,-1.5,inventory_only,0.03295533000546858,0.06557678850411403,-0.03132400388218465,0.029667206589208808,0.0010915102813501,0.0057592129669863,0.03281785012368895
1.285,-1.475,inventory_only,0.03446672903374224,0.06843120168582438,-0.02802217834086182,0.031238002371601677,0.0013637016776866,0.0058521577770163,0.03412947110793268
1.285,-1.4500000000000002,inventory_only,0.03511271308038224,0.06967405541073282,-0.02561953665012222,0.03177241924793629,0.0013065813590888,0.0059447559507907,0.034711617833155926
1.285,-1.425,inventory_only,0.03539986246787454,0.07013873997438642,-0.02366858380884261,0.03178105913198141,0.0011050483638254,0.0060362451315063,0.03488131803723568
1.285,-1.4,inventory_only,0.03587083730463163,0.07078700083331255,-0.02185139674059931,0.03186662070410556,0.0009440017301649,0.0061264008529887,0.03505079184613816
1.285,-1.375,inventory_only,0.036889071481671684,0.07213375159495097,-0.020030911624778987,0.032313535444474024,0.0009522064728438,0.0062152838300237,0.03536771576302365
1.285,-1.35,inventory_only,0.03830204325744437,0.07378239145909375,-0.01829074585187461,0.03280855368824296,0.0010338915124695,0.0063030946138591,0.035594800487729235
1.285,-1.3250000000000002,inventory_only,0.039727346096376584,0.07500354228205107,-0.01676687253452229,0.03288501599001104,0.0010371517461171,0.0063900928728854,0.03539354655239309
1.285,-1.3,inventory_only,0.04076115218571309,0.07499395360624082,-0.015544414682136845,0.032023939783954083,0.0008100820708618,0.0064765552369965,0.034377299596596474
1.285,-1.275,inventory_only,0.04201448551492132,0.07539042037325443,-0.014512521893548725,0.031173797099899904,0.0002633985217379,0.0065627551556206,0.03360398790519166
1.285,-1.25,inventory_only,0.043037376548011104,0.07630506390094009,-0.013662686534569654,0.030987022204978516,-0.0004416983143832,0.0066489558885562,0.03371731084792494
1.285,-1.225,inventory_only,0.04363675836254758,0.07790964874901217,-0.012934721719677746,0.03196022803242089,-0.0010813867126713,0.0067354107746252,0.035470665597290695
1.285,-1.2000000000000002,inventory_only,0.04423516369710573,0.08103190312202424,-0.012219538857328243,0.03463032949043697,-0.0014318449482959,0.0068223675200959,0.03865328509082947
1.285,-1.175,inventory_only,0.04772668662507158,0.08902959348512085,-0.01122689602482829,0.039547036353853725,-0.0013397591729965,0.006910073690091,0.04310954793346153
1.285,-1.15,inventory_only,0.0504002529276439,0.09489180332436471,-0.010361980377907158,0.04330988889508063,-0.0009338470447916,0.0069987794819144,0.04574199661508144
1.285,-1.125,inventory_only,0.051057663157885916,0.09650318756973444,-0.009731162222512548,0.04485291087526759,-0.0004133340982699,0.0070887309272375,0.045943644102621695
1.285,-1.1,inventory_only,0.051669753929645075,0.09678088667126064,-0.009193219257813622,0.044971608831768,2.2554131980299425e-05,0.007180140993721,0.045113049848133135
1.285,-1.075,inventory_only,0.053548518680307494,0.09876441180920134,-0.008671758330117373,0.04528173753614948,0.0002227917107957,0.0072731170202535,0.04522886617615937
1.285,-1.05,inventory_only,0.05498258190101512,0.10054680754546054,-0.00826450861743825,0.045638133915159675,0.0002291511007147,0.007367516416067,0.045578373190612094
1.285,-1.0250000000000001,inventory_only,0.05618133384798136,0.10253764642243839,-0.007935493523309304,0.046332623431038014,0.0001316043637007,0.0074627160075412,0.0463593639050374
1.285,-1.0,inventory_only,0.05736238917863948,0.10514404010526214,-0.007653046638342513,0.04764635301804692,2.0123561717250578e-05,0.0075573684673598,0.04778336834570766
1.285,-0.9750000000000001,inventory_only,0.05855730828464677,0.10811701611820544,-0.007654722524106698,0.04937082655158102,-3.4330777845242886e-05,0.0079399445231694,0.049570788949695035
1.285,-0.95,inventory_only,0.060274669573728,0.11162154115063669,-0.007997734019189573,0.051157124410227406,-3.684426588860652e-05,0.0078281298275263,0.051358382557325354
1.285,-0.925,inventory_only,0.06223200521476037,0.11528337309606304,-0.007389274098917923,0.052889035237663286,-1.1514047887782071e-05,0.0075163156589478,0.05305670599764252
1.285,-0.8999999999999999,inventory_only,0.06388215627533685,0.11841603970942974,-0.006112961308864821,0.05440264411693214,1.756273068228876e-05,0.0075425626181253,0.05453538166815475
1.285,-0.875,inventory_only,0.06507397203879685,0.12095175593824747,-0.005297329616058643,0.05576193257344833,3.1382357407227354e-05,0.008010997012371,0.055878316109873934
1.285,-0.8500000000000001,inventory_only,0.0663753069349468,0.12367147624149256,-0.0050824026530691254,0.05718141420117239,3.1314852114912084e-05,0.0081024971875581,0.05729664293196557
1.285,-0.825,inventory_only,0.0676679692391592,0.12651329926190027,-0.004878151122589595,0.058723948708677046,2.3823667693785127e-05,0.0081844666376909,0.058846124681446836
1.285,-0.8,inventory_only,0.06896355391063365,0.1294757172785286,-0.004681157116573949,0.06038298022162488,1.5372257032289002e-05,0.0082658015646392,0.06051345653784863
1.285,-0.7749999999999999,inventory_only,0.07027336381115368,0.1324646282004598,-0.004489454716176889,0.06205826520911726,1.1057855772245128e-05,0.0083463735678738,0.06219282460748131
1.285,-0.75,inventory_only,0.07159689048941151,0.13531372516695836,-0.004301918776568568,0.06358364204884856,1.0512830568991605e-05,0.0084260517942622,0.06371835339137936
1.285,-0.7250000000000001,inventory_only,0.07292880403970424,0.1378463486000114,-0.004117926041710228,0.06478603819274517,1.2003330831245493e-05,0.0085047042616411,0.06491885906158022
1.285,-0.7,inventory_only,0.07426321163661416,0.13991386252220334,-0.003937092983318558,0.06552096867185508,1.3795505967723925e-05,0.0085821989031231,0.06565175918860518
1.285,-0.675,inventory_only,0.0755948319618563,0.14157795242312973,-0.003759189760586947,0.06585403224442217,1.4520629041421187e-05,0.0086584050440538,0.06598411658607323
1.285,-0.6499999999999999,inventory_only,0.0769209139029429,0.14300432486950748,-0.0035840694387724906,0.06595381043827378,1.4270467732440548e-05,0.0087331936661999,0.06608436812374503
1.285,-0.625,inventory_only,0.07823941999679584,0.14422139642619453,-0.003411681017654124,0.06585125381459336,1.3501913375162525e-05,0.0088064383795669,0.06598293170695903
1.285,-0.6000000000000001,inventory_only,0.07954797172605146,0.1452222180708957,-0.003242068593545165,0.06554228813820388,1.267185730396762e-05,0.0088780154909896,0.06567520497448642
1.285,-0.575,inventory_only,0.08084362812640344,0.14697977358480482,-0.003075339166228218,0.06600323416547259,1.2139050549119009e-05,0.0089478041433908,0.06613708776775545
1.285,-0.55,inventory_only,0.08212246284264887,0.14926966788428267,-0.002911634257527523,0.06701361903575091,1.1869682924410406e-05,0.0090156861189796,0.06714811306688012
1.285,-0.5249999999999999,inventory_only,0.08338013830543481,0.15296233481845167,-0.002751092303039776,0.06944811007349354,1.1731803939518176e-05,0.0090815457607437,0.06958306068559672
1.285,-0.5,inventory_only,0.08461226945624638,0.15985283429980263,-0.0025938222498386085,0.07510604821625295,1.159346310411868e-05,0.0091452696838048,0.07524138348610307
1.285,-2.1,isotropic_wall_bound,0.10407907145903474,0.13213905060952252,-1.0,0.028059979150487774,0.0,-0.0036301572131476,0.028059979150487774
1.285,-2.075,isotropic_wall_bound,0.07552529434336623,0.09636195714087166,-1.0,0.0206260379731288,-8.179323519776927e-05,-0.0029149369936143,0.020836662797505425
1.285,-2.0500000000000003,isotropic_wall_bound,0.05870244673425903,0.07489537968124327,-1.0,0.014842442882283459,-0.0005232604875699,-0.0022462827664043,0.01619293294698426
1.285,-2.025,isotropic_wall_bound,0.047950654189651346,0.0664587431947165,-1.0,0.014957941610635652,-0.0013714431781087,-0.001640366562879,0.01850808900506515
1.285,-2.0,isotropic_wall_bound,0.04424635536070891,0.06480309948764165,-1.0,0.014210789592267145,-0.0024425790487259,-0.0011082217157651,0.020556744126932744
1.285,-1.975,isotropic_wall_bound,0.0385232462994706,0.06096493327628309,-1.0,0.013431030214937486,-0.0034535891293476,-0.0006510875390876,0.022441686976812487
1.285,-1.9500000000000002,isotropic_wall_bound,0.033145858841979986,0.0548579871468732,-1.0,0.012972249478128329,-0.0041481412415869,-0.0002528455903729,0.02384667114814923
1.285,-1.925,isotropic_wall_bound,0.028624651076452387,0.04904626192934231,-0.791517225325563,0.01300049591969125,-0.004404345199185,0.000129887932675,0.024606883752714748
1.285,-1.9000000000000001,isotropic_wall_bound,0.029562374465327983,0.052187595580660204,-0.3930681413024494,0.01638676778162971,-0.0043166521550422,0.0005745835286728,0.02782556142865491
1.285,-1.875,isotropic_wall_bound,0.03222843753019596,0.056643308528482206,-0.22536703048627985,0.01866977494545333,-0.0041504879517306,0.0011820463578293,0.02973384691393243
1.285,-1.85,isotropic_wall_bound,0.03194285589843085,0.05785157839259942,-0.15722928528209698,0.02036091346629294,-0.0039697984425579,0.002028668976334,0.031017580716887542
1.285,-1.8250000000000002,isotropic_wall_bound,0.031492405800694075,0.059072962637038255,-0.1159137963243415,0.022148920105684214,-0.0037641982302322,0.0030860698879337,0.032345663884631816
1.285,-1.8,isotropic_wall_bound,0.03121388052002891,0.060677855700562576,-0.09065522960607275,0.02411675946207329,-0.003523301917462,0.0041753409574214,0.03378122530118809
1.285,-1.7750000000000001,isotropic_wall_bound,0.03101760236695174,0.0625585516028409,-0.07598375534516623,0.026266688083694624,-0.0032477196057615,0.005516677166665,0.03532862307718912
1.285,-1.75,isotropic_wall_bound,0.031045566041885037,0.06469411335276232,-0.07064904448354913,0.028408048842514064,-0.0029820433918688,0.0060340959966296,0.036887050754291266
1.285,-1.725,isotropic_wall_bound,0.030641557285362338,0.06612172737012613,-0.06887491277703275,0.030204825153183658,-0.0027818608713282,0.0057777349610289,0.03823227969365956
1.285,-1.7000000000000002,isotropic_wall_bound,0.028879438853485026,0.06552859252661718,-0.0677451231176013,0.03122531965724225,-0.0027027596396836,0.0054399825702612,0.039044400483345454
1.285,-1.675,isotropic_wall_bound,0.025409717598853705,0.06228123685071218,-0.06767585607547787,0.031164048348102543,-0.0027641159881082,0.0055325400588764,0.03905716564802264
1.285,-1.6500000000000001,isotropic_wall_bound,0.025599236645287845,0.06386194127193333,-0.06423179342081221,0.03226834634845899,-0.0028404609902902,0.0054507287510633,0.04026694118063769
1.285,-1.625,isotropic_wall_bound,0.025950071088710377,0.06557150107115099,-0.059675739084162675,0.033499560991623566,-0.0027701144155468,0.0054252404517857,0.041311553869502575
1.285,-1.6,isotropic_wall_bound,0.02651128757980712,0.06743838807589887,-0.0540300443403245,0.03500074623595296,-0.0023913960331951,0.0054481779035898,0.04206388572115403
1.285,-1.5750000000000002,isotropic_wall_bound,0.027733747393029196,0.07024743573845968,-0.04748799244373899,0.03720222601698955,-0.0016105832673117,0.0055044789175603,0.043174363606707046
1.285,-1.55,isotropic_wall_bound,0.029316684047232207,0.07392818391191605,-0.04115087510703145,0.04016046942355595,-0.0006057841610107,0.0055807742676573,0.04500921739809136
1.285,-1.525,isotropic_wall_bound,0.030965434372068543,0.07781975020867968,-0.03575252199479214,0.04326885279634345,0.0003769355878344,0.0056676410289618,0.047118041902582224
1.285,-1.5,isotropic_wall_bound,0.03295533000546858,0.08254167555997813,-0.03132400388218465,0.04663209364507292,0.0010915102813501,0.0057592129669863,0.04978273717955306
1.285,-1.475,isotropic_wall_bound,0.03446672903374224,0.08638033060011036,-0.02802217834086182,0.049187131285887656,0.0013637016776866,0.0058521577770163,0.05207860002221865
1.285,-1.4500000000000002,isotropic_wall_bound,0.03511271308038224,0.08805213831036043,-0.02561953665012222,0.050150502147563905,0.0013065813590888,0.0059447559507907,0.05308970073278354
1.285,-1.425,isotropic_wall_bound,0.03539986246787454,0.08865406503951935,-0.02366858380884261,0.050296384197114345,0.0011050483638254,0.0060362451315063,0.05339664310236862
1.285,-1.4,isotropic_wall_bound,0.03587083730463163,0.08946683314539317,-0.02185139674059931,0.050546453016186176,0.0009440017301649,0.0061264008529887,0.053730624158218776
1.285,-1.375,isotropic_wall_bound,0.036889071481671684,0.09118237793811841,-0.020030911624778987,0.05136216178764148,0.0009522064728438,0.0062152838300237,0.05441634210619111
1.285,-1.35,isotropic_wall_bound,0.03830204325744437,0.09327056352505064,-0.01829074585187461,0.052296725754199844,0.0010338915124695,0.0063030946138591,0.05508297255368612
1.285,-1.3250000000000002,isotropic_wall_bound,0.039727346096376584,0.09475385166521813,-0.01676687253452229,0.05263532537317811,0.0010371517461171,0.0063900928728854,0.055143855935560156
1.285,-1.3,isotropic_wall_bound,0.04076115218571309,0.09454770567226128,-0.015544414682136845,0.05157769184997454,0.0008100820708618,0.0064765552369965,0.05393105166261693
1.285,-1.275,isotropic_wall_bound,0.04201448551492132,0.09479273421107791,-0.014512521893548725,0.05057611093772339,0.0002633985217379,0.0065627551556206,0.05300630174301515
1.285,-1.25,isotropic_wall_bound,0.043037376548011104,0.09577389911481674,-0.013662686534569654,0.05045585741885516,-0.0004416983143832,0.0066489558885562,0.05318614606180158
1.285,-1.225,isotropic_wall_bound,0.04363675836254758,0.09772650419798681,-0.012934721719677746,0.05177708348139552,-0.0010813867126713,0.0067354107746252,0.055287521046265324
1.285,-1.2000000000000002,isotropic_wall_bound,0.04423516369710573,0.10177063300306843,-0.012219538857328243,0.05536905937148114,-0.0014318449482959,0.0068223675200959,0.059392014971873644
1.285,-1.175,isotropic_wall_bound,0.04772668662507158,0.1119252100882376,-0.01122689602482829,0.06244265295697046,-0.0013397591729965,0.006910073690091,0.06600516453657826
1.285,-1.15,isotropic_wall_bound,0.0504002529276439,0.11956290565383862,-0.010361980377907158,0.06798099122455455,-0.0009338470447916,0.0069987794819144,0.07041309894455536
1.285,-1.125,isotropic_wall_bound,0.051057663157885916,0.12200044060041441,-0.009731162222512548,0.07035016390594756,-0.0004133340982699,0.0070887309272375,0.07144089713330165
1.285,-1.1,isotropic_wall_bound,0.051669753929645075,0.12255354486297917,-0.009193219257813622,0.07074426702348653,2.2554131980299425e-05,0.007180140993721,0.07088570803985167
1.285,-1.075,isotropic_wall_bound,0.053548518680307494,0.12503570053762406,-0.008671758330117373,0.07155302626457222,0.0002227917107957,0.0072731170202535,0.07150015490458211
1.285,-1.05,isotropic_wall_bound,0.05498258190101512,0.12723982313455467,-0.008264508617438248,0.07233114950425377,0.0002291511007147,0.007367516416067,0.07227138877970618
1.285,-1.0250000000000001,isotropic_wall_bound,0.05618133384798136,0.12972793725776985,-0.007935493523309294,0.07352291426636948,0.0001316043637007,0.0074627160075412,0.07354965474036886
1.285,-1.0,isotropic_wall_bound,0.05736238917863948,0.13306059088322994,-0.0076530466383424875,0.0755629037960147,2.0123561717250578e-05,0.0075573684673598,0.07569991912367545
1.285,-0.9750000000000001,isotropic_wall_bound,0.05855730828464677,0.13694721387489517,-0.007654722524106636,0.07820102430827075,-3.4330777845242886e-05,0.0079399445231694,0.07840098670638476
1.285,-0.95,isotropic_wall_bound,0.060274669573728,0.14143499972325588,-0.007997734019189434,0.08097058298284661,-3.684426588860652e-05,0.0078281298275263,0.08117184112994456
1.285,-0.925,isotropic_wall_bound,0.06223200521476037,0.14608404365724026,-0.007389274098917607,0.08368970579884052,-1.1514047887782071e-05,0.0075163156589478,0.08385737655881975
1.285,-0.8999999999999999,isotropic_wall_bound,0.06388215627533685,0.15011256685692184,-0.006112961308864129,0.08609917126442426,1.756273068228876e-05,0.0075425626181253,0.08623190881564688
1.285,-0.875,isotropic_wall_bound,0.06507397203879685,0.153466872013641,-0.005297329616057099,0.08827704864884185,3.1382357407227354e-05,0.008010997012371,0.08839343218526746
1.285,-0.8500000000000001,isotropic_wall_bound,0.0663753069349468,0.15703031726744593,-0.005082402653065757,0.09054025522712578,3.1314852114912084e-05,0.0081024971875581,0.09065548395791892
1.285,-0.825,isotropic_wall_bound,0.0676679692391592,0.1607778122797277,-0.004878151122582238,0.09298846172650448,2.3823667693785127e-05,0.0081844666376909,0.09311063769927422
1.285,-0.8,isotropic_wall_bound,0.06896355391063365,0.16470447467389127,-0.004681157116558025,0.09561173761698756,1.5372257032289002e-05,0.0082658015646392,0.09574221393321113
1.285,-0.7749999999999999,isotropic_wall_bound,0.07027336381115368,0.16866401070347123,-0.004489454716142721,0.0982576477121287,1.1057855772245128e-05,0.0083463735678738,0.09839220711049229
1.285,-0.75,isotropic_wall_bound,0.07159689048941151,0.17239899593954497,-0.004301918776496143,0.10066891282143521,1.0512830568991605e-05,0.0084260517942622,0.10080362416396502
1.285,-0.7250000000000001,isotropic_wall_bound,0.07292880403970424,0.17563166536272057,-0.00411792604155886,0.10257135495545441,1.2003330831245493e-05,0.0085047042616411,0.1027041758242875
1.285,-0.7,isotropic_wall_bound,0.07426321163661416,0.17812893514575676,-0.003937092983007325,0.10373604129540867,1.3795505967723925e-05,0.0085821989031231,0.10386683181215497
1.285,-0.675,isotropic_wall_bound,0.0755948319618563,0.17998912705234302,-0.0037591897599565586,0.10426520687363583,1.4520629041421187e-05,0.0086584050440538,0.10439529121527948
1.285,-0.6499999999999999,isotropic_wall_bound,0.0769209139029429,0.1814748057844181,-0.0035840694375116004,0.10442429135318505,1.4270467732440548e-05,0.0087331936661999,0.1045548490386415
1.285,-0.625,isotropic_wall_bound,0.07823941999679584,0.18263250627744176,-0.003411681015162366,0.10426236366584186,1.3501913375162525e-05,0.0088064383795669,0.10439404155817782
1.285,-0.6000000000000001,isotropic_wall_bound,0.07954797172605146,0.1834529229628736,-0.0032420685886803075,0.10377299303018413,1.267185730396762e-05,0.0088780154909896,0.1039059098664076
1.285,-0.575,isotropic_wall_bound,0.08084362812640344,0.18547896870746028,-0.003075339156703897,0.10450242928813257,1.2139050549119009e-05,0.0089478041433908,0.104636282890299
1.285,-0.55,isotropic_wall_bound,0.08212246284264887,0.18835803492939626,-0.002911634238894105,0.10610198608087293,1.1869682924410406e-05,0.0090156861189796,0.10623648011177518
1.285,-0.5249999999999999,isotropic_wall_bound,0.08338013830543481,0.19347077117979725,-0.0027510922661572595,0.10995654643485517,1.1731803939518176e-05,0.0090815457607437,0.1100914970465138
1.285,-0.5,isotropic_wall_bound,0.08461226945624638,0.2036618538881989,-0.0025938221743174467,0.11891506780468061,1.159346310411868e-05,0.0091452696838048,0.11905040307363236
1.285,-2.1,benchmark_bank_mass_only,0.10407907145903474,60761691518.35075,-1.0,60761691518.246666,0.0,-0.0036301572131476,60761691518.246666
1.285,-2.075,benchmark_bank_mass_only,0.07552529434336623,49197953015.06871,-1.0,49197953014.99298,-8.179323519776927e-05,-0.0029149369936143,49197953014.993195
1.285,-2.0500000000000003,benchmark_bank_mass_only,0.05870244673425903,42743948940.0588,-1.0,42743948939.99875,-0.0005232604875699,-0.0022462827664043,42743948940.0001
1.285,-2.025,benchmark_bank_mass_only,0.047950654189651346,39362572854.572754,-1.0,39362572854.52126,-0.0013714431781087,-0.001640366562879,39362572854.52482
1.285,-2.0,benchmark_bank_mass_only,0.04424635536070891,41090238320.91874,-1.0,41090238320.86815,-0.0024425790487259,-0.0011082217157651,41090238320.87449
1.285,-1.975,benchmark_bank_mass_only,0.0385232462994706,42060040547.13364,-1.0,42060040547.086105,-0.0034535891293476,-0.0006510875390876,42060040547.095116
1.285,-1.9500000000000002,benchmark_bank_mass_only,0.033145858841979986,41659898807.57093,-1.0,41659898807.529045,-0.0041481412415869,-0.0002528455903729,41659898807.539925
1.285,-1.925,benchmark_bank_mass_only,0.028624651076452387,41148740406.990746,-0.791517225325563,41148740406.954704,-0.004404345199185,0.000129887932675,41148740406.96631
1.285,-1.9000000000000001,benchmark_bank_mass_only,0.029562374465327983,43542912231.17966,-0.3930681413024494,43542912231.14386,-0.0043166521550422,0.0005745835286728,43542912231.155304
1.285,-1.875,benchmark_bank_mass_only,0.03222843753019596,47164922592.55883,-0.22536703048627985,47164922592.52086,-0.0041504879517306,0.0011820463578293,47164922592.53193
1.285,-1.85,benchmark_bank_mass_only,0.03194285589843085,49499757006.08162,-0.15722928528209698,49499757006.04413,-0.0039697984425579,0.002028668976334,49499757006.05478
1.285,-1.8250000000000002,benchmark_bank_mass_only,0.031492405800694075,52041377300.39077,-0.1159137963243415,52041377300.35384,-0.0037641982302322,0.0030860698879337,52041377300.36403
1.285,-1.8,benchmark_bank_mass_only,0.03121388052002891,54971636083.38559,-0.09065522960607275,54971636083.34903,-0.003523301917462,0.0041753409574214,54971636083.358696
1.285,-1.7750000000000001,benchmark_bank_mass_only,0.03101760236695174,58326098679.20069,-0.07598375534516623,58326098679.1644,-0.0032477196057615,0.005516677166665,58326098679.17346
1.285,-1.75,benchmark_bank_mass_only,0.031045566041885037,61803328264.283806,-0.07064904448354913,61803328264.24752,-0.0029820433918688,0.0060340959966296,61803328264.256004
1.285,-1.725,benchmark_bank_mass_only,0.030641557285362338,64778843163.64318,-0.06887491277703275,64778843163.60726,-0.0027818608713282,0.0057777349610289,64778843163.61529
1.285,-1.7000000000000002,benchmark_bank_mass_only,0.028879438853485026,66462865907.12417,-0.0677451231176013,66462865907.08986,-0.0027027596396836,0.0054399825702612,66462865907.09767
1.285,-1.675,benchmark_bank_mass_only,0.025409717598853705,66318882377.83629,-0.06767585607547787,66318882377.805176,-0.0027641159881082,0.0055325400588764,66318882377.813065
1.285,-1.6500000000000001,benchmark_bank_mass_only,0.025599236645287845,68837125748.2114,-0.06423179342081221,68837125748.17981,-0.0028404609902902,0.0054507287510633,68837125748.1878
1.285,-1.625,benchmark_bank_mass_only,0.025950071088710377,71567098176.6066,-0.059675739084162675,71567098176.57454,-0.0027701144155468,0.0054252404517857,71567098176.58235
1.285,-1.6,benchmark_bank_mass_only,0.02651128757980712,74548369373.34789,-0.0540300443403245,74548369373.31544,-0.0023913960331951,0.0054481779035898,74548369373.32251
1.285,-1.5750000000000002,benchmark_bank_mass_only,0.027733747393029196,78413598608.45197,-0.04748799244373899,78413598608.41893,-0.0016105832673117,0.0055044789175603,78413598608.4249
1.285,-1.55,benchmark_bank_mass_only,0.029316684047232207,83827901312.88045,-0.04115087510703145,83827901312.84668,-0.0006057841610107,0.0055807742676573,83827901312.85153
1.285,-1.525,benchmark_bank_mass_only,0.030965434372068543,89893773183.01744,-0.03575252199479214,89893773182.98286,0.0003769355878344,0.0056676410289618,89893773182.9867
1.285,-1.5,benchmark_bank_mass_only,0.03295533000546858,97040164324.65044,-0.03132400388218465,97040164324.61452,0.0010915102813501,0.0057592129669863,97040164324.61765
1.285,-1.475,benchmark_bank_mass_only,0.03446672903374224,103357581878.8983,-0.02802217834086182,103357581878.86113,0.0013637016776866,0.0058521577770163,103357581878.86403
1.285,-1.4500000000000002,benchmark_bank_mass_only,0.03511271308038224,106797343999.63615,-0.02561953665012222,106797343999.59825,0.0013065813590888,0.0059447559507907,106797343999.60118
1.285,-1.425,benchmark_bank_mass_only,0.03539986246787454,108640032719.88737,-0.02366858380884261,108640032719.84901,0.0011050483638254,0.0060362451315063,108640032719.85211
1.285,-1.4,benchmark_bank_mass_only,0.03587083730463163,110505000639.81435,-0.02185139674059931,110505000639.7754,0.0009440017301649,0.0061264008529887,110505000639.7786
1.285,-1.375,benchmark_bank_mass_only,0.036889071481671684,113519720094.52232,-0.020030911624778987,113519720094.4825,0.0009522064728438,0.0062152838300237,113519720094.48557
1.285,-1.35,benchmark_bank_mass_only,0.03830204325744437,117284849610.58766,-0.01829074585187461,117284849610.54668,0.0010338915124695,0.0063030946138591,117284849610.54947
1.285,-1.3250000000000002,benchmark_bank_mass_only,0.039727346096376584,120530346164.61336,-0.016766872534522286,120530346164.57126,0.0010371517461171,0.0063900928728854,120530346164.57378
1.285,-1.3,benchmark_bank_mass_only,0.04076115218571309,121771056084.36423,-0.015544414682136807,121771056084.32126,0.0008100820708618,0.0064765552369965,121771056084.32361
1.285,-1.275,benchmark_bank_mass_only,0.04201448551492132,122394977347.80086,-0.01451252189354822,122394977347.75665,0.0002633985217379,0.0065627551556206,122394977347.7591
1.285,-1.25,benchmark_bank_mass_only,0.043037376548011104,122176473681.15756,-0.013662686534562698,122176473681.11223,-0.0004416983143832,0.0066489558885562,122176473681.11496
1.285,-1.225,benchmark_bank_mass_only,0.04363675836254758,122258523125.72964,-0.012934721719581418,122258523125.68369,-0.0010813867126713,0.0067354107746252,122258523125.6872
1.285,-1.2000000000000002,benchmark_bank_mass_only,0.04423516369710573,124053897066.87186,-0.012219538855980826,124053897066.82545,-0.0014318449482959,0.0068223675200959,124053897066.82948
1.285,-1.175,benchmark_bank_mass_only,0.04772668662507158,132747589494.5611,-0.01122689600553472,132747589494.51161,-0.0013397591729965,0.006910073690091,132747589494.51517
1.285,-1.15,benchmark_bank_mass_only,0.0504002529276439,140635505482.46872,-0.010361980103730148,140635505482.41714,-0.0009338470447916,0.0069987794819144,140635505482.41962
1.285,-1.125,benchmark_bank_mass_only,0.051057663157885916,144635289109.2617,-0.009731158383133098,144635289109.21002,-0.0004133340982699,0.0070887309272375,144635289109.21112
1.285,-1.1,benchmark_bank_mass_only,0.051669753929645075,147869667342.96716,-0.009193165639336781,147869667342.91534,2.2554131980299425e-05,0.007180140993721,147869667342.91547
1.285,-1.075,benchmark_bank_mass_only,0.053548518680307494,153290318547.15775,-0.008671002569567791,153290318547.10425,0.0002227917107957,0.0072731170202535,153290318547.10422
1.285,-1.05,benchmark_bank_mass_only,0.05498258190101512,157444776542.55707,-0.008253332451509327,157444776542.50214,0.0002291511007147,0.007367516416067,157444776542.50208
1.285,-1.0250000000000001,benchmark_bank_mass_only,0.05618133384798136,161089756104.28812,-0.007870792130932613,161089756104.23193,0.0001316043637007,0.0074627160075412,161089756104.23196
1.285,-1.0,benchmark_bank_mass_only,0.05736238917863948,165044286649.43878,-0.00750350806318905,165044286649.38132,2.0123561717250578e-05,0.0075573684673598,165044286649.38144
1.285,-0.9750000000000001,benchmark_bank_mass_only,0.05855730828464677,169691012587.20016,-0.007287528158534344,169691012587.14142,-3.4330777845242886e-05,0.0079399445231694,169691012587.1416
1.285,-0.95,benchmark_bank_mass_only,0.060274669573728,175009819668.0316,-0.007179379615161411,175009819667.97116,-3.684426588860652e-05,0.0078281298275263,175009819667.97134
1.285,-0.925,benchmark_bank_mass_only,0.06223200521476037,180631441848.31433,-0.005532413518306906,180631441848.25192,-1.1514047887782071e-05,0.0075163156589478,180631441848.25214
1.285,-0.8999999999999999,benchmark_bank_mass_only,0.06388215627533685,185998140726.5893,-0.002054404070368872,185998140726.52527,1.756273068228876e-05,0.0075425626181253,185998140726.5257
1.285,-0.875,benchmark_bank_mass_only,0.06507397203879685,191010632292.91595,0.0037705798084595663,191010632292.8508,3.1382357407227354e-05,0.008010997012371,191010632292.8518
1.285,-0.8500000000000001,benchmark_bank_mass_only,0.0663753069349468,196092677939.6459,0.014719712069340807,196092677939.5794,3.1314852114912084e-05,0.0081024971875581,196092677939.5818
1.285,-0.825,benchmark_bank_mass_only,0.0676679692391592,201461756659.91928,0.03837530036287125,201461756659.8514,2.3823667693785127e-05,0.0081844666376909,201461756659.8568
1.285,-0.8,benchmark_bank_mass_only,0.06896355391063365,207101557110.65686,0.08892756046849205,207101557110.58725,1.5372257032289002e-05,0.0082658015646392,207101557110.5993
1.285,-0.7749999999999999,benchmark_bank_mass_only,0.07027336381115368,212754563169.93967,0.19632768430589556,212754563169.86667,1.1057855772245128e-05,0.0083463735678738,212754563169.89313
1.285,-0.75,benchmark_bank_mass_only,0.07159689048941151,217930756583.44995,0.4213073436168359,217930756583.36627,1.0512830568991605e-05,0.0084260517942622,217930756583.42352
1.285,-0.7250000000000001,benchmark_bank_mass_only,0.07292880403970424,222034734949.81836,0.8853503888786294,222034734949.69153,1.2003330831245493e-05,0.0085047042616411,222034734949.81354
1.285,-0.7,benchmark_bank_mass_only,0.07426321163661416,224568857136.32938,1.0,224568857136.06967,1.3795505967723925e-05,0.0085821989031231,224568857136.32544
1.285,-0.675,benchmark_bank_mass_only,0.0755948319618563,225735684212.21744,1.0,225735684211.68564,1.4520629041421187e-05,0.0086584050440538,225735684212.2135
1.285,-0.6499999999999999,benchmark_bank_mass_only,0.0769209139029429,226092900042.5462,1.0,226092900041.4669,1.4270467732440548e-05,0.0087331936661999,226092900042.5422
1.285,-0.625,benchmark_bank_mass_only,0.07823941999679584,225747497269.11475,1.0,225747497266.9474,1.3501913375162525e-05,0.0088064383795669,225747497269.11072
1.285,-0.6000000000000001,benchmark_bank_mass_only,0.07954797172605146,224685782566.53128,1.0,224685782562.22958,1.267185730396762e-05,0.0088780154909896,224685782566.52722
1.285,-0.575,benchmark_bank_mass_only,0.08084362812640344,226260758503.95142,1.0,226260758495.3902,1.2139050549119009e-05,0.0089478041433908,226260758503.9473
1.285,-0.55,benchmark_bank_mass_only,0.08212246284264887,229721941594.88126,1.0,229721941577.85938,1.1869682924410406e-05,0.0090156861189796,229721941594.8771
1.285,-0.5249999999999999,benchmark_bank_mass_only,0.08338013830543481,238068108054.09436,1.0,238068108019.86743,1.1731803939518176e-05,0.0090815457607437,238068108054.0902
1.285,-0.5,benchmark_bank_mass_only,0.08461226945624638,257468463773.43414,1.0,257468463702.2749,1.159346310411868e-05,0.0091452696838048,257468463773.43
1.285,-2.1,any_recovery_bank_mass_lower_bound,0.10407907145903474,60761691518.35075,-1.0,60761691518.246666,0.0,-0.0036301572131476,60761691518.246666
1.285,-2.075,any_recovery_bank_mass_lower_bound,0.07552529434336623,49197953015.06871,-1.0,49197953014.99298,-8.179323519776927e-05,-0.0029149369936143,49197953014.993195
1.285,-2.0500000000000003,any_recovery_bank_mass_lower_bound,0.05870244673425903,42743948940.0588,-1.0,42743948939.99875,-0.0005232604875699,-0.0022462827664043,42743948940.0001
1.285,-2.025,any_recovery_bank_mass_lower_bound,0.047950654189651346,39362572854.572754,-1.0,39362572854.52126,-0.0013714431781087,-0.001640366562879,39362572854.52482
1.285,-2.0,any_recovery_bank_mass_lower_bound,0.04424635536070891,41090238320.91874,-1.0,41090238320.86815,-0.0024425790487259,-0.0011082217157651,41090238320.87449
1.285,-1.975,any_recovery_bank_mass_lower_bound,0.0385232462994706,42060040547.13364,-1.0,42060040547.086105,-0.0034535891293476,-0.0006510875390876,42060040547.095116
1.285,-1.9500000000000002,any_recovery_bank_mass_lower_bound,0.033145858841979986,41659898807.57093,-1.0,41659898807.529045,-0.0041481412415869,-0.0002528455903729,41659898807.539925
1.285,-1.925,any_recovery_bank_mass_lower_bound,0.028624651076452387,41148740406.990746,-0.791517225325563,41148740406.954704,-0.004404345199185,0.000129887932675,41148740406.96631
1.285,-1.9000000000000001,any_recovery_bank_mass_lower_bound,0.029562374465327983,43542912231.17966,-0.3930681413024494,43542912231.14386,-0.0043166521550422,0.0005745835286728,43542912231.155304
1.285,-1.875,any_recovery_bank_mass_lower_bound,0.03222843753019596,47164922592.55883,-0.22536703048627985,47164922592.52086,-0.0041504879517306,0.0011820463578293,47164922592.53193
1.285,-1.85,any_recovery_bank_mass_lower_bound,0.03194285589843085,49499757006.08162,-0.15722928528209698,49499757006.04413,-0.0039697984425579,0.002028668976334,49499757006.05478
1.285,-1.8250000000000002,any_recovery_bank_mass_lower_bound,0.031492405800694075,52041377300.39077,-0.1159137963243415,52041377300.35384,-0.0037641982302322,0.0030860698879337,52041377300.36403
1.285,-1.8,any_recovery_bank_mass_lower_bound,0.03121388052002891,54971636083.38559,-0.09065522960607275,54971636083.34903,-0.003523301917462,0.0041753409574214,54971636083.358696
1.285,-1.7750000000000001,any_recovery_bank_mass_lower_bound,0.03101760236695174,58326098679.20069,-0.07598375534516623,58326098679.1644,-0.0032477196057615,0.005516677166665,58326098679.17346
1.285,-1.75,any_recovery_bank_mass_lower_bound,0.031045566041885037,61803328264.283806,-0.07064904448354913,61803328264.24752,-0.0029820433918688,0.0060340959966296,61803328264.256004
1.285,-1.725,any_recovery_bank_mass_lower_bound,0.030641557285362338,64778843163.64318,-0.06887491277703275,64778843163.60726,-0.0027818608713282,0.0057777349610289,64778843163.61529
1.285,-1.7000000000000002,any_recovery_bank_mass_lower_bound,0.028879438853485026,66462865907.12417,-0.0677451231176013,66462865907.08986,-0.0027027596396836,0.0054399825702612,66462865907.09767
1.285,-1.675,any_recovery_bank_mass_lower_bound,0.025409717598853705,66318882377.83629,-0.06767585607547787,66318882377.805176,-0.0027641159881082,0.0055325400588764,66318882377.813065
1.285,-1.6500000000000001,any_recovery_bank_mass_lower_bound,0.025599236645287845,68837125748.2114,-0.06423179342081221,68837125748.17981,-0.0028404609902902,0.0054507287510633,68837125748.1878
1.285,-1.625,any_recovery_bank_mass_lower_bound,0.025950071088710377,71567098176.6066,-0.059675739084162675,71567098176.57454,-0.0027701144155468,0.0054252404517857,71567098176.58235
1.285,-1.6,any_recovery_bank_mass_lower_bound,0.02651128757980712,74548369373.34789,-0.0540300443403245,74548369373.31544,-0.0023913960331951,0.0054481779035898,74548369373.32251
1.285,-1.5750000000000002,any_recovery_bank_mass_lower_bound,0.027733747393029196,78413598608.45197,-0.04748799244373899,78413598608.41893,-0.0016105832673117,0.0055044789175603,78413598608.4249
1.285,-1.55,any_recovery_bank_mass_lower_bound,0.029316684047232207,83827901312.88045,-0.04115087510703145,83827901312.84668,-0.0006057841610107,0.0055807742676573,83827901312.85153
1.285,-1.525,any_recovery_bank_mass_lower_bound,0.030965434372068543,89893773183.01744,-0.03575252199479214,89893773182.98286,0.0003769355878344,0.0056676410289618,89893773182.9867
1.285,-1.5,any_recovery_bank_mass_lower_bound,0.03295533000546858,97040164324.65044,-0.03132400388218465,97040164324.61452,0.0010915102813501,0.0057592129669863,97040164324.61765
1.285,-1.475,any_recovery_bank_mass_lower_bound,0.03446672903374224,103357581878.8983,-0.02802217834086182,103357581878.86113,0.0013637016776866,0.0058521577770163,103357581878.86403
1.285,-1.4500000000000002,any_recovery_bank_mass_lower_bound,0.03511271308038224,106797343999.63615,-0.02561953665012222,106797343999.59825,0.0013065813590888,0.0059447559507907,106797343999.60118
1.285,-1.425,any_recovery_bank_mass_lower_bound,0.03539986246787454,108640032719.88737,-0.02366858380884261,108640032719.84901,0.0011050483638254,0.0060362451315063,108640032719.85211
1.285,-1.4,any_recovery_bank_mass_lower_bound,0.03587083730463163,110505000639.81435,-0.02185139674059931,110505000639.7754,0.0009440017301649,0.0061264008529887,110505000639.7786
1.285,-1.375,any_recovery_bank_mass_lower_bound,0.036889071481671684,113519720094.52232,-0.020030911624778987,113519720094.4825,0.0009522064728438,0.0062152838300237,113519720094.48557
1.285,-1.35,any_recovery_bank_mass_lower_bound,0.03830204325744437,117284849610.58766,-0.01829074585187461,117284849610.54668,0.0010338915124695,0.0063030946138591,117284849610.54947
1.285,-1.3250000000000002,any_recovery_bank_mass_lower_bound,0.039727346096376584,120530346164.61336,-0.016766872534522286,120530346164.57126,0.0010371517461171,0.0063900928728854,120530346164.57378
1.285,-1.3,any_recovery_bank_mass_lower_bound,0.04076115218571309,121771056084.36423,-0.015544414682136807,121771056084.32126,0.0008100820708618,0.0064765552369965,121771056084.32361
1.285,-1.275,any_recovery_bank_mass_lower_bound,0.04201448551492132,122394977347.80086,-0.01451252189354822,122394977347.75665,0.0002633985217379,0.0065627551556206,122394977347.7591
1.285,-1.25,any_recovery_bank_mass_lower_bound,0.043037376548011104,122176473681.15756,-0.013662686534562698,122176473681.11223,-0.0004416983143832,0.0066489558885562,122176473681.11496
1.285,-1.225,any_recovery_bank_mass_lower_bound,0.04363675836254758,122258523125.72964,-0.012934721719581418,122258523125.68369,-0.0010813867126713,0.0067354107746252,122258523125.6872
1.285,-1.2000000000000002,any_recovery_bank_mass_lower_bound,0.04423516369710573,124053897066.87186,-0.012219538855980826,124053897066.82545,-0.0014318449482959,0.0068223675200959,124053897066.82948
1.285,-1.175,any_recovery_bank_mass_lower_bound,0.04772668662507158,132747589494.5611,-0.01122689600553472,132747589494.51161,-0.0013397591729965,0.006910073690091,132747589494.51517
1.285,-1.15,any_recovery_bank_mass_lower_bound,0.0504002529276439,140635505482.46872,-0.010361980103730148,140635505482.41714,-0.0009338470447916,0.0069987794819144,140635505482.41962
1.285,-1.125,any_recovery_bank_mass_lower_bound,0.051057663157885916,144635289109.2617,-0.009731158383133098,144635289109.21002,-0.0004133340982699,0.0070887309272375,144635289109.21112
1.285,-1.1,any_recovery_bank_mass_lower_bound,0.051669753929645075,147869667342.96716,-0.009193165639336781,147869667342.91534,2.2554131980299425e-05,0.007180140993721,147869667342.91547
1.285,-1.075,any_recovery_bank_mass_lower_bound,0.053548518680307494,153290318547.15775,-0.008671002569567791,153290318547.10425,0.0002227917107957,0.0072731170202535,153290318547.10422
1.285,-1.05,any_recovery_bank_mass_lower_bound,0.05498258190101512,157444776542.55707,-0.008253332451509327,157444776542.50214,0.0002291511007147,0.007367516416067,157444776542.50208
1.285,-1.0250000000000001,any_recovery_bank_mass_lower_bound,0.05618133384798136,161089756104.28812,-0.007870792130932613,161089756104.23193,0.0001316043637007,0.0074627160075412,161089756104.23196
1.285,-1.0,any_recovery_bank_mass_lower_bound,0.05736238917863948,165044286649.43878,-0.00750350806318905,165044286649.38132,2.0123561717250578e-05,0.0075573684673598,165044286649.38144
1.285,-0.9750000000000001,any_recovery_bank_mass_lower_bound,0.05855730828464677,169691012587.20016,-0.007287528158534344,169691012587.14142,-3.4330777845242886e-05,0.0079399445231694,169691012587.1416
1.285,-0.95,any_recovery_bank_mass_lower_bound,0.060274669573728,175009819668.0316,-0.007179379615161411,175009819667.97116,-3.684426588860652e-05,0.0078281298275263,175009819667.97134
1.285,-0.925,any_recovery_bank_mass_lower_bound,0.06223200521476037,180631441848.31433,-0.005532413518306906,180631441848.25192,-1.1514047887782071e-05,0.0075163156589478,180631441848.25214
1.285,-0.8999999999999999,any_recovery_bank_mass_lower_bound,0.06388215627533685,185998140726.5893,-0.002054404070368872,185998140726.52527,1.756273068228876e-05,0.0075425626181253,185998140726.5257
1.285,-0.875,any_recovery_bank_mass_lower_bound,0.06507397203879685,191010632292.91595,0.0037705798084595663,191010632292.8508,3.1382357407227354e-05,0.008010997012371,191010632292.8518
1.285,-0.8500000000000001,any_recovery_bank_mass_lower_bound,0.0663753069349468,196092677939.6459,0.014719712069340807,196092677939.5794,3.1314852114912084e-05,0.0081024971875581,196092677939.5818
1.285,-0.825,any_recovery_bank_mass_lower_bound,0.0676679692391592,201461756659.91928,0.03837530036287125,201461756659.8514,2.3823667693785127e-05,0.0081844666376909,201461756659.8568
1.285,-0.8,any_recovery_bank_mass_lower_bound,0.06896355391063365,207101557110.65686,0.08892756046849205,207101557110.58725,1.5372257032289002e-05,0.0082658015646392,207101557110.5993
1.285,-0.7749999999999999,any_recovery_bank_mass_lower_bound,0.07027336381115368,212754563169.93967,0.19632768430589556,212754563169.86667,1.1057855772245128e-05,0.0083463735678738,212754563169.89313
1.285,-0.75,any_recovery_bank_mass_lower_bound,0.07159689048941151,217930756583.44995,0.4213073436168359,217930756583.36627,1.0512830568991605e-05,0.0084260517942622,217930756583.42352
1.285,-0.7250000000000001,any_recovery_bank_mass_lower_bound,0.07292880403970424,222034734949.81836,0.8853503888786294,222034734949.69153,1.2003330831245493e-05,0.0085047042616411,222034734949.81354
1.285,-0.7,any_recovery_bank_mass_lower_bound,0.07426321163661416,224568857136.32938,1.0,224568857136.06967,1.3795505967723925e-05,0.0085821989031231,224568857136.32544
1.285,-0.675,any_recovery_bank_mass_lower_bound,0.0755948319618563,225407591327.4842,1.0,225407591326.95316,1.4520629041421187e-05,0.0086584050440538,225407591327.48026
1.285,-0.6499999999999999,any_recovery_bank_mass_lower_bound,0.0769209139029429,225038399324.4715,1.0,225038399323.3972,1.4270467732440548e-05,0.0087331936661999,225038399324.4675
1.285,-0.625,any_recovery_bank_mass_lower_bound,0.07823941999679584,224443279473.50165,1.0,224443279471.34677,1.3501913375162525e-05,0.0088064383795669,224443279473.4976
1.285,-0.6000000000000001,any_recovery_bank_mass_lower_bound,0.07954797172605146,224685782566.53128,1.0,224685782562.22958,1.267185730396762e-05,0.0088780154909896,224685782566.52722
1.285,-0.575,any_recovery_bank_mass_lower_bound,0.08084362812640344,226260758503.95142,1.0,226260758495.3902,1.2139050549119009e-05,0.0089478041433908,226260758503.9473
1.285,-0.55,any_recovery_bank_mass_lower_bound,0.08212246284264887,229721941594.88126,1.0,229721941577.85938,1.1869682924410406e-05,0.0090156861189796,229721941594.8771
1.285,-0.5249999999999999,any_recovery_bank_mass_lower_bound,0.08338013830543481,238068108054.09436,1.0,238068108019.86743,1.1731803939518176e-05,0.0090815457607437,238068108054.0902
1.285,-0.5,any_recovery_bank_mass_lower_bound,0.08461226945624638,257468463773.43414,1.0,257468463702.2749,1.159346310411868e-05,0.0091452696838048,257468463773.43
