s,x,model,baseline_required_negative_null,required_negative_null,worst_direction,auxiliary_rho,endpoint_rho,geometry_rho,endpoint_remainder_required_negative_null
0.0,-2.1,inventory_only,0.03340980939851004,0.040388025561195515,-1.0,0.006978216162628772,0.0,0.0023337375658352,0.006978216162685472
0.0,-2.075,inventory_only,0.021237715593351098,0.026379399538407386,-1.0,0.005124678938591576,-8.535179333010051e-06,0.0028418178414959,0.005141683945056289
0.0,-2.0500000000000003,inventory_only,0.013748480781210878,0.018013565192821726,-1.0,0.004155404820374308,-5.507153732444692e-05,0.0032715423093118,0.004265084411610844
0.0,-2.025,inventory_only,0.009203122488166115,0.013238386714691991,-1.0,0.0037468371383086283,-0.0001448611148155,0.0036316604854428,0.00403526422652588
0.0,-2.0,inventory_only,0.007740808932454739,0.012352094520066036,-1.0,0.004098401228076415,-0.0002576361141794,0.0039315174681988,0.0046112855876113
0.0,-1.975,inventory_only,0.006563141463721339,0.011017903364595424,-1.0,0.0037345380323923305,-0.0003618170466017,0.0041804094340542,0.004454761900874085
0.0,-1.9500000000000002,inventory_only,0.005610878069562889,0.009422937810039887,-1.0,0.003068807460940773,-0.0004290935153797,0.004387110055161,0.003922948850837357
0.0,-1.925,inventory_only,0.006736113202878984,0.008467077597386265,-1.0,0.0028054722389460663,-0.000446785264316,0.0045595628826154,0.0036948930613513484
0.0,-1.9000000000000001,inventory_only,0.008448462795975584,0.009886221721335037,-0.017026155173052455,0.0027451513334005554,-0.0004259864374951,0.0047047180051175,0.0035932866132684766
0.0,-1.875,inventory_only,0.010025152475272704,0.011565953955822626,-0.006482661280097066,0.0027659637506638342,-0.0003948872864968,0.0048284833960937,0.0035523459875089172
0.0,-1.85,inventory_only,0.011075398298676384,0.01264129306435536,-0.0035365626535691663,0.002702594097054208,-0.0003613926532464,0.0049357584846617,0.0034224773835264807
0.0,-1.8250000000000002,inventory_only,0.012111093093186297,0.013716005939115202,-0.0021599772035471943,0.0026481765507167278,-0.0003261448929073,0.0050305208410209,0.003298078945207248
0.0,-1.8,inventory_only,0.01317385991886784,0.014838077926087358,-0.0013993631150778418,0.002610163487786603,-0.0002897863606429,0.0051159408085936,0.0031878670143241244
0.0,-1.7750000000000001,inventory_only,0.014265594487647425,0.01600686429403034,-0.0009408147379996016,0.002587095518266182,-0.0002529380068778,0.0051945057150499,0.003091605247880885
0.0,-1.75,inventory_only,0.015323398764516162,0.017150562830021705,-0.0006507106813144828,0.002571195664947073,-0.0002161351630802,0.0052681408552805,0.0030025760415449214
0.0,-1.725,inventory_only,0.016256686984467212,0.018144038407422226,-0.00046145414513108757,0.0025290524797092115,-0.0001798917559795,0.0053383195872739,0.0028883864012618277
0.0,-1.7000000000000002,inventory_only,0.01698587309374979,0.018869759697184154,-0.00033501420518302396,0.0024238575044171857,-0.000144721712305,0.0054061587056963,0.0027132463226671533
0.0,-1.675,inventory_only,0.017493091375736573,0.01931476021732237,-0.0002485015423338028,0.0022616098596706558,-0.0001110987894059,0.0054724980576715,0.002484094556484545
0.0,-1.6500000000000001,inventory_only,0.01836089204534273,0.02022392839448557,-0.0001852419556915774,0.002205601832373007,-7.93360671104438e-05,0.005537965117031,0.002364847721955513
0.0,-1.625,inventory_only,0.01923844020319052,0.021148525645935737,-0.00013962350947777173,0.0021588472649409327,-4.970645586645797e-05,0.0056030261699531,0.0022631095027599245
0.0,-1.6,inventory_only,0.02013086668969841,0.022094505855764297,-0.00010632811470217057,0.002123086666627344,-2.2482866122002697e-05,0.0056680259999292,0.0021804612164562655
0.0,-1.5750000000000002,inventory_only,0.021082378097559112,0.023124943899416318,-8.169091275890525e-05,0.002118175233146788,2.08686748434942e-06,0.0057332183408597,0.002132913835589549
0.0,-1.55,inventory_only,0.022068643970522415,0.024230162131243425,-6.331463646072753e-05,0.002160030602182265,2.3855213551660934e-05,0.0057987888076924,0.0021624401429518507
0.0,-1.525,inventory_only,0.023066841594714286,0.025350065305660214,-4.95016506692172e-05,0.002212714560233918,4.269971648840282e-05,0.0058648720846516,0.002283560443111467
0.0,-1.5,inventory_only,0.024101300400587573,0.026503240824980047,-3.9004071263479e-05,0.002271819411526352,5.849792070304611e-05,0.0059315646955091,0.002402198251200742
0.0,-1.475,inventory_only,0.02511426849712673,0.027586484376388932,-3.097947700097702e-05,0.002292870621821343,7.118456586028849e-05,0.0059989343625654,0.0024724400483625637
0.0,-1.4500000000000002,inventory_only,0.0260773820931617,0.02856004275720136,-2.4791651585714207e-05,0.0022640308146102462,8.092317264973259e-05,0.0060670268524957,0.002482862742174013
0.0,-1.425,inventory_only,0.027021623537469015,0.029483833575820018,-1.9950327678092234e-05,0.0022134308243781393,8.793445701720743e-05,0.0061358710822776,0.0024623939549420514
0.0,-1.4,inventory_only,0.027982230514240584,0.0304199636884728,-1.6092013402529982e-05,0.002167135401383739,9.243913490854188e-05,0.0062054826706394,0.0024379005760218797
0.0,-1.375,inventory_only,0.02897129674136345,0.03139661594017417,-1.2944782460658239e-05,0.002141685932778959,9.449538306414832e-05,0.0062758666432096,0.0024254708398542056
0.0,-1.35,inventory_only,0.029970498122189892,0.03238154898291301,-1.0300940125381553e-05,0.002128644159880503,9.351122140277288e-05,0.00634701931741,0.0024111860890354566
0.0,-1.3250000000000002,inventory_only,0.030958412723217837,0.03332789496990533,-7.99224377027839e-06,0.0021092998697455735,8.873213063774524e-05,0.0064189296890451,0.002369598900893984
0.0,-1.3,inventory_only,0.03191120018551841,0.03418471964432417,-5.885483216917164e-06,0.002063294904609157,7.940359148239477e-05,0.0064915804484317,0.0022736140751530355
0.0,-1.275,inventory_only,0.03291217598541527,0.035058051722320474,-3.793672524956455e-06,0.002015327624779783,6.533961675763977e-05,0.0065649485666774,0.0021459447381989923
0.0,-1.25,inventory_only,0.03398359207888017,0.035984785231959075,-1.5179871031054918e-06,0.001963022525213275,4.86283477147534e-05,0.0066390059980294,0.0020012369454137187
0.0,-1.225,inventory_only,0.03511397842146125,0.03698102039564466,1.1912106120855182e-06,0.0019121814797034436,3.1926457712597234e-05,0.0067137197770188,0.0018671123594261123
0.0,-1.2000000000000002,inventory_only,0.036320710891562066,0.03810877607019928,4.779892200430387e-06,0.001885678939693817,1.7890620110032974e-05,0.0067890525065175,0.0018605786816671013
0.0,-1.175,inventory_only,0.037668064414689124,0.0395338195866479,1.036543069117108e-05,0.0019700546506744095,8.528426065390453e-06,0.0068649623230165,0.001961610655338398
0.0,-1.15,inventory_only,0.03891093026285478,0.04087623184324306,1.8019572062802017e-05,0.002042809302994918,3.2511379348722536e-06,0.0069414030688657,0.0020415146183871647
0.0,-1.125,inventory_only,0.03998612704724721,0.042006182667802885,2.778029106043706e-05,0.0020564211527174547,8.209358741488936e-07,0.0070183244569582,0.002056961849723464
0.0,-1.1,inventory_only,0.04098130699177579,0.04303735981668234,4.0703669131344185e-05,0.0020560527720529663,3.889085287284202e-14,0.007095671963755,0.0020578549450811666
0.0,-1.075,inventory_only,0.042017494306676104,0.04411736690857204,5.9248811478069533e-05,0.002082959887644472,-2.6281007196919585e-07,0.0071733869385753,0.002100010172702493
0.0,-1.05,inventory_only,0.04307451361533385,0.04518838402747079,8.498990550283495e-05,0.002096371471621852,-2.719175864499992e-07,0.0072514066230098,0.0021141350018058975
0.0,-1.0250000000000001,inventory_only,0.04415854566744839,0.04627323049079275,0.00012110790262088182,0.002105348874230759,-1.450662893081578e-07,0.0073296641645672,0.002115614066432136
0.0,-1.0,inventory_only,0.04527415964372037,0.047393098817156205,0.00017244255754218454,0.0021189381372992812,3.469973175649211e-14,0.0074080886309823,0.0021272511193825712
0.0,-0.9750000000000001,inventory_only,0.046401576569698656,0.04853698062580921,0.0002450837878854653,0.0021399336439736224,7.041979028619717e-08,0.0074866051230365,0.0021519582054787966
0.0,-0.95,inventory_only,0.0475202482793051,0.04968071527072505,0.0003462314897328842,0.002165151399778371,7.286014004028336e-08,0.0075651347407716,0.0021825418591800137
0.0,-0.925,inventory_only,0.048629024390691625,0.05081790484678304,0.00048539373738958714,0.0021913731028507374,3.887043602016216e-08,0.0076435947270188,0.00221638761689737
0.0,-0.8999999999999999,inventory_only,0.04972800525806008,0.05194458381120888,0.0006745105711036462,0.002216561169872151,3.028400547966729e-14,0.007721900657942,0.002252252123463484
0.0,-0.875,inventory_only,0.05082567592606225,0.05307144262436686,0.0009311949867430629,0.00224451849721414,-1.8868887685569712e-08,0.0077999648738552,0.002295088137371648
0.0,-0.8500000000000001,inventory_only,0.051932139213190454,0.05421702617328905,0.0012822111258881809,0.0022835648210627457,-1.95227787081707e-08,0.0078776922479529,0.0023549561216170737
0.0,-0.825,inventory_only,0.05305319244869226,0.055395474634579535,0.0017648709867608737,0.0023414846384295323,-1.0415266178960441e-08,0.0079549824923807,0.0024421319968264805
0.0,-0.8,inventory_only,0.054194795836204006,0.05661889869737581,0.002428322191328616,0.0024238570701456976,2.6506897738834634e-14,0.0080317320624559,0.002565562967183902
0.0,-0.7749999999999999,inventory_only,0.05536196247109084,0.05789523541772734,0.0033301977529584695,0.002533127375548758,5.0559367804048924e-09,0.0081078350052722,0.002731858349998654
0.0,-0.75,inventory_only,0.056560699812906505,0.059230112538356,0.004527530795712234,0.0026688634801041787,5.2311453772185905e-09,0.0081831831570802,0.002945074892793735
0.0,-0.7250000000000001,inventory_only,0.05779957175317897,0.06063041250015648,0.006062171989234459,0.0028294053293736287,2.790793859160746e-09,0.0082576667794919,0.003207427993585135
0.0,-0.7,inventory_only,0.059088790205803564,0.06210633648905207,0.00794634585803966,0.003014726642876638,2.378805318083725e-14,0.0083311750592618,0.0035210442273781385
0.0,-0.675,inventory_only,0.06044096983921962,0.0636815258443864,0.010178438932979001,0.0032357703332440875,-1.3547040142674047e-09,0.008403597176306,0.003898224940898192
0.0,-0.6499999999999999,inventory_only,0.061871283933556516,0.06539232288728297,0.012789231795484994,0.003513421053303755,-1.4016516859053686e-09,0.0084748230738292,0.004362523814386733
0.0,-0.625,inventory_only,0.06339746148688391,0.06727697610740782,0.0158919490906482,0.0038677028976727974,-7.477621049503342e-10,0.0085447401296117,0.00493931926669525
0.0,-0.6000000000000001,inventory_only,0.0650322669442013,0.06937891749230389,0.019728296708347436,0.004328369635402254,2.1850508076576268e-14,0.008613222418933,0.005672023877312418
0.0,-0.575,inventory_only,0.06677607792654495,0.0717233845384101,0.024584263983748373,0.004918795103431161,3.6301942949608157e-10,0.0086801297065247,0.006602575217127416
0.0,-0.55,inventory_only,0.068616053297853,0.0743233808978371,0.030763984081030482,0.005662520152418589,3.755983895032552e-10,0.0087453296492778,0.0077773682618345105
0.0,-0.5249999999999999,inventory_only,0.07062805514119655,0.07743013453226273,0.03975016350225323,0.006727297232708562,2.0038861513503075e-10,0.0088089325564124,0.009459698745948385
0.0,-0.5,inventory_only,0.0731271696096231,0.08192650474113453,0.05671081506166582,0.008649059271307819,1.99909968404812e-14,0.0088711282825633,0.012499114154399946
0.0,-2.1,isotropic_wall_bound,0.03340980939851004,0.044458651656095374,-1.0,0.011048842257495558,0.0,0.0023337375658352,0.011048842257585331
0.0,-2.075,isotropic_wall_bound,0.021237715593351098,0.029298315408011498,-1.0,0.00804359480815371,-8.535179333010051e-06,0.0028418178414959,0.008060599814660402
0.0,-2.0500000000000003,isotropic_wall_bound,0.013748480781210878,0.02024057402691304,-1.0,0.006382413654415963,-5.507153732444692e-05,0.0032715423093118,0.00649209324570216
0.0,-2.025,isotropic_wall_bound,0.009203122488166115,0.015074898814180072,-1.0,0.005583349237740578,-0.0001448611148155,0.0036316604854428,0.005871776326013959
0.0,-2.0,isotropic_wall_bound,0.007740808932454739,0.014222036292843078,-1.0,0.005968343000783653,-0.0002576361141794,0.0039315174681988,0.00648122736038834
0.0,-1.975,isotropic_wall_bound,0.006563141463721339,0.012732316277166218,-1.0,0.005448950944893793,-0.0003618170466017,0.0041804094340542,0.006169174813444879
0.0,-1.9500000000000002,isotropic_wall_bound,0.005610878069562889,0.010926590242698112,-1.0,0.004572459893543195,-0.0004290935153797,0.004387110055161,0.005426601283495581
0.0,-1.925,isotropic_wall_bound,0.006736113202878984,0.009920253327807615,-1.0,0.004258647969334145,-0.000446785264316,0.0045595628826154,0.005148068791772698
0.0,-1.9000000000000001,isotropic_wall_bound,0.008448462795975584,0.011376735599654169,-0.017026155168499972,0.004235665211719946,-0.0004259864374951,0.0047047180051175,0.005083800491572624
0.0,-1.875,isotropic_wall_bound,0.010025152475272704,0.013092080776855647,-0.006482661263223358,0.004292090571697619,-0.0003948872864968,0.0048284833960937,0.005078472808425006
0.0,-1.85,isotropic_wall_bound,0.011075398298676384,0.014151794614400451,-0.003536562622932695,0.004213095647100398,-0.0003613926532464,0.0049357584846617,0.004932978933262739
0.0,-1.8250000000000002,isotropic_wall_bound,0.012111093093186297,0.015213809858991786,-0.002159977152705655,0.004145980470594745,-0.0003261448929073,0.0050305208410209,0.0047958828644198625
0.0,-1.8,isotropic_wall_bound,0.01317385991886784,0.01633175455879722,-0.0013993630323409878,0.004103840120498312,-0.0002897863606429,0.0051159408085936,0.004681543645715549
0.0,-1.7750000000000001,isotropic_wall_bound,0.014265594487647425,0.01750993886929566,-0.0009408146031352057,0.0040901700935338835,-0.0002529380068778,0.0051945057150499,0.004594679820618102
0.0,-1.75,isotropic_wall_bound,0.015323398764516162,0.018661543640554668,-0.0006507104615981445,0.004082176475483111,-0.0002161351630802,0.0052681408552805,0.004513556847360957
0.0,-1.725,isotropic_wall_bound,0.016256686984467212,0.019642385511276346,-0.0004614537903726777,0.00402739958356727,-0.0001798917559795,0.0053383195872739,0.004386733496587806
0.0,-1.7000000000000002,isotropic_wall_bound,0.01698587309374979,0.0203145094242185,-0.0003350136445114174,0.003868607231456489,-0.000144721712305,0.0054061587056963,0.0041579960349105195
0.0,-1.675,isotropic_wall_bound,0.017493091375736573,0.02066862427489463,-0.00024850067582725453,0.0036154739172490446,-0.0001110987894059,0.0054724980576715,0.0038379585894058915
0.0,-1.6500000000000001,isotropic_wall_bound,0.01836089204534273,0.02154630211062028,-0.0001852405734317947,0.003527975548515566,-7.93360671104438e-05,0.005537965117031,0.0036872213956999343
0.0,-1.625,isotropic_wall_bound,0.01923844020319052,0.02244374366760824,-0.00013962130603008852,0.003454065286623544,-4.970645586645797e-05,0.0056030261699531,0.003558327596857734
0.0,-1.6,isotropic_wall_bound,0.02013086668969841,0.023368984583624235,-0.00010632460117458259,0.0033975653945003703,-2.2482866122002697e-05,0.0056680259999292,0.0034549400674425564
0.0,-1.5750000000000002,isotropic_wall_bound,0.021082378097559112,0.024397108002498398,-8.1685262698859e-05,0.003390339336246053,2.08686748434942e-06,0.0057332183408597,0.0034050781490868607
0.0,-1.55,isotropic_wall_bound,0.022068643970522415,0.025525206450664403,-6.330542603572226e-05,0.0034550749216262426,2.3855213551660934e-05,0.0057987888076924,0.0034574845201364906
0.0,-1.525,isotropic_wall_bound,0.023066841594714286,0.02667521795245298,-4.948664967589774e-05,0.0035378672070576233,4.269971648840282e-05,0.0058648720846516,0.0036087131203626846
0.0,-1.5,isotropic_wall_bound,0.024101300400587573,0.027862517987884285,-3.8979745485726245e-05,0.0036310965744722375,5.849792070304611e-05,0.0059315646955091,0.003761475449654879
0.0,-1.475,isotropic_wall_bound,0.02511426849712673,0.028949992979309527,-3.0941137954706693e-05,0.0036563792247966986,7.118456586028849e-05,0.0059989343625654,0.0038359486990210143
0.0,-1.4500000000000002,isotropic_wall_bound,0.0260773820931617,0.02989491090987836,-2.47330273374315e-05,0.003598898967357366,8.092317264973259e-05,0.0060670268524957,0.0038177309612953047
0.0,-1.425,isotropic_wall_bound,0.027021623537469015,0.030777061613780615,-1.986219391519902e-05,0.0035066588624272357,8.793445701720743e-05,0.0061358710822776,0.0037556220868477717
0.0,-1.4,isotropic_wall_bound,0.027982230514240584,0.03167651068131258,-1.5960076620791447e-05,0.0034236823943346903,9.243913490854188e-05,0.0062054826706394,0.00369444770365385
0.0,-1.375,isotropic_wall_bound,0.02897129674136345,0.032629899957819286,-1.2746742893876264e-05,0.003374969950563259,9.449538306414832e-05,0.0062758666432096,0.003658755054018797
0.0,-1.35,isotropic_wall_bound,0.029970498122189892,0.03359609255195037,-1.0004778783929116e-05,0.0033431877290887525,9.351122140277288e-05,0.00634701931741,0.0036257299473668567
0.0,-1.3250000000000002,isotropic_wall_bound,0.030958412723217837,0.034515760463168337,-7.5552716535816015e-06,0.0032971653632087217,8.873213063774524e-05,0.0064189296890451,0.0035574648205401087
0.0,-1.3,isotropic_wall_bound,0.03191120018551841,0.03532492149268544,-5.256477820033768e-06,0.003203496753183971,7.940359148239477e-05,0.0064915804484317,0.003413816548956373
0.0,-1.275,isotropic_wall_bound,0.03291217598541527,0.03615403694891539,-2.8929574198527685e-06,0.0031113128515642616,6.533961675763977e-05,0.0065649485666774,0.0032419309141945383
0.0,-1.25,isotropic_wall_bound,0.03398359207888017,0.03705192111762677,-2.204742236719965e-07,0.0030301584109542596,4.86283477147534e-05,0.0066390059980294,0.003068374443295623
0.0,-1.225,isotropic_wall_bound,0.03511397842146125,0.03803720746114669,3.0781703816110323e-06,0.0029683685449353324,3.1926457712597234e-05,0.0067137197770188,0.002923313087909907
0.0,-1.2000000000000002,isotropic_wall_bound,0.036320710891562066,0.03918361399794952,7.58169126075648e-06,0.002960516866245013,1.7890620110032974e-05,0.0067890525065175,0.002935222621242292
0.0,-1.175,isotropic_wall_bound,0.037668064414689124,0.04069612358005706,1.4752867405542159e-05,0.0031323586401394692,8.528426065390453e-06,0.0068649623230165,0.003123600624540828
0.0,-1.15,isotropic_wall_bound,0.03891093026285478,0.04210325249660584,2.4695686702786377e-05,0.0032698299458198857,3.2511379348722536e-06,0.0069414030688657,0.003268041912501263
0.0,-1.125,isotropic_wall_bound,0.03998612704724721,0.04324605263771792,3.7471548675413576e-05,0.003296291098556915,8.209358741488936e-07,0.0070183244569582,0.003297569833226895
0.0,-1.1,isotropic_wall_bound,0.04098130699177579,0.044263977872589795,5.442848119817725e-05,0.003282670776830652,3.889085287284202e-14,0.007095671963755,0.0032855481061446457
0.0,-1.075,isotropic_wall_bound,0.042017494306676104,0.045340718757855634,7.876018186225194e-05,0.0033063116285479382,-2.6281007196919585e-07,0.0071733869385753,0.0033235383807916903
0.0,-1.05,isotropic_wall_bound,0.04307451361533385,0.04640724499338647,0.00011258624532245557,0.0033152322121647636,-2.719175864499992e-07,0.0072514066230098,0.003333347364278807
0.0,-1.0250000000000001,isotropic_wall_bound,0.04415854566744839,0.04749226436383328,0.0001601210027332072,0.003324382281821614,-1.450662893081578e-07,0.0073296641645672,0.0033359732323067987
0.0,-1.0,isotropic_wall_bound,0.04527415964372037,0.048622421859025405,0.0002277987247941138,0.003348260214960116,3.469973175649211e-14,0.0074080886309823,0.0033613960525999626
0.0,-0.9750000000000001,isotropic_wall_bound,0.046401576569698656,0.04978363541351205,0.00032369113095449484,0.003386586436716747,7.041979028619717e-08,0.0074866051230365,0.003405635799352298
0.0,-0.95,isotropic_wall_bound,0.0475202482793051,0.050945210804439776,0.000457307131289811,0.0034296428529549693,7.286014004028336e-08,0.0075651347407716,0.003457210119087463
0.0,-0.925,isotropic_wall_bound,0.048629024390691625,0.05209886434125524,0.0006412392203108128,0.003472324377727976,3.887043602016216e-08,0.0076435947270188,0.003511971855326848
0.0,-0.8999999999999999,isotropic_wall_bound,0.04972800525806008,0.05323954160285574,0.0008912717891647029,0.003511502702529686,3.028400547966729e-14,0.007721900657942,0.00356804473793602
0.0,-0.875,isotropic_wall_bound,0.05082567592606225,0.05438141162278904,0.0012306733315828747,0.0035544557769036423,-1.8868887685569712e-08,0.0077999648738552,0.003634533388736721
0.0,-0.8500000000000001,isotropic_wall_bound,0.051932139213190454,0.055549017505660256,0.0016947616902966423,0.0036154946568119164,-1.95227787081707e-08,0.0078776922479529,0.003728520736570259
0.0,-0.825,isotropic_wall_bound,0.05305319244869226,0.056761020218555294,0.0023325877712683796,0.0037069112466545004,-1.0415266178960441e-08,0.0079549824923807,0.003866247759034208
0.0,-0.8,isotropic_wall_bound,0.054194795836204006,0.058032778198141934,0.0032085541568198195,0.003837506937089599,2.6506897738834634e-14,0.0080317320624559,0.004061859012037278
0.0,-0.7749999999999999,isotropic_wall_bound,0.05536196247109084,0.059373397082812016,0.004397821632053175,0.004010849500335858,5.0559367804048924e-09,0.0081078350052722,0.004325513352219468
0.0,-0.75,isotropic_wall_bound,0.056560699812906505,0.060788045414843866,0.0059741917755220956,0.004225970887956272,5.2311453772185905e-09,0.0081831831570802,0.004663335072792025
0.0,-0.7250000000000001,isotropic_wall_bound,0.05779957175317897,0.0622827550234329,0.007990819591172635,0.004480246314986774,2.790793859160746e-09,0.0082576667794919,0.005078830350708716
0.0,-0.7,isotropic_wall_bound,0.059088790205803564,0.06386785490673028,0.010460996747581199,0.004773630770883099,2.378805318083725e-14,0.0083311750592618,0.005575352945960093
0.0,-0.675,isotropic_wall_bound,0.06044096983921962,0.06557362516978035,0.013380654015589912,0.0051235265116439995,-1.3547040142674047e-09,0.008403597176306,0.006172458347864287
0.0,-0.6499999999999999,isotropic_wall_bound,0.061871283933556516,0.06744892190140732,0.016786169176308173,0.005563085238079457,-1.4016516859053686e-09,0.0084748230738292,0.006907538289612358
0.0,-0.625,isotropic_wall_bound,0.06339746148688391,0.06954407400514268,0.020810474821954007,0.006124016438084944,-7.477621049503342e-10,0.0085447401296117,0.007820784680854299
0.0,-0.6000000000000001,isotropic_wall_bound,0.0650322669442013,0.07192063613899803,0.02575331819070746,0.006853438853549942,2.1850508076576268e-14,0.008613222418933,0.00898094943216507
0.0,-0.575,isotropic_wall_bound,0.06677607792654495,0.07461872559015799,0.031977982202497764,0.007788340074699425,3.6301942949608157e-10,0.0086801297065247,0.010454410191703026
0.0,-0.55,isotropic_wall_bound,0.068616053297853,0.0776670727851536,0.039883515456449824,0.008965961031728937,3.755983895032552e-10,0.0087453296492778,0.01231458422824152
0.0,-0.5249999999999999,isotropic_wall_bound,0.07062805514119655,0.08142147870214278,0.05137685891203808,0.01065190874657472,2.0038861513503075e-10,0.0088089325564124,0.014978355304408771
0.0,-0.5,isotropic_wall_bound,0.0731271696096231,0.08710541939022955,0.07307202193070764,0.013694749159125172,1.99909968404812e-14,0.0088711282825633,0.01979084981230769
0.0,-2.1,benchmark_bank_mass_only,0.03340980939851004,23925404266.682617,-1.0,23925404266.454807,0.0,0.0023337375658352,23925404266.649208
0.0,-2.075,benchmark_bank_mass_only,0.021237715593351098,17570395139.108585,-1.0,17570395138.834652,-8.535179333010051e-06,0.0028418178414959,17570395139.08735
0.0,-2.0500000000000003,benchmark_bank_mass_only,0.013748480781210878,14247156852.632025,-1.0,14247156852.300463,-5.507153732444692e-05,0.0032715423093118,14247156852.618275
0.0,-2.025,benchmark_bank_mass_only,0.009203122488166115,12228202505.085876,-1.0,12228202504.702648,-0.0001448611148155,0.0036316604854428,12228202505.076674
0.0,-2.0,benchmark_bank_mass_only,0.007740808932454739,11919386997.653824,-1.0,11919386997.200628,-0.0002576361141794,0.0039315174681988,11919386997.646082
0.0,-1.975,benchmark_bank_mass_only,0.006563141463721339,11384841005.918987,-1.0,11384841005.451298,-0.0003618170466017,0.0041804094340542,11384841005.912424
0.0,-1.9500000000000002,benchmark_bank_mass_only,0.005610878069562889,10419978201.104414,-1.0,10419978200.711367,-0.0004290935153797,0.004387110055161,10419978201.098913
0.0,-1.925,benchmark_bank_mass_only,0.006736113202878984,9566973814.061552,-1.0,9566973813.836859,-0.000446785264316,0.0045595628826154,9566973814.05678
0.0,-1.9000000000000001,benchmark_bank_mass_only,0.008448462795975584,9411983506.136213,1.0,9411983506.034555,-0.0004259864374951,0.0047047180051175,9411983506.131538
0.0,-1.875,benchmark_bank_mass_only,0.010025152475272704,9483340639.4798,1.0,9483340638.74317,-0.0003948872864968,0.0048284833960937,9483340639.475218
0.0,-1.85,benchmark_bank_mass_only,0.011075398298676384,9266072424.030365,1.0,9266072422.124271,-0.0003613926532464,0.0049357584846617,9266072424.026152
0.0,-1.8250000000000002,benchmark_bank_mass_only,0.012111093093186297,9079497266.41231,1.0,9079497262.374235,-0.0003261448929073,0.0050305208410209,9079497266.408384
0.0,-1.8,benchmark_bank_mass_only,0.01317385991886784,8949166269.240099,1.0,8949166261.325565,-0.0002897863606429,0.0051159408085936,8949166269.23638
0.0,-1.7750000000000001,benchmark_bank_mass_only,0.014265594487647425,8870075791.88676,1.0,8870075776.949623,-0.0002529380068778,0.0051945057150499,8870075791.88319
0.0,-1.75,benchmark_bank_mass_only,0.015323398764516162,8815561812.72463,1.0,8815561785.18275,-0.0002161351630802,0.0052681408552805,8815561812.721191
0.0,-1.725,benchmark_bank_mass_only,0.016256686984467212,8671070359.894016,1.0,8671070310.514515,-0.0001798917559795,0.0053383195872739,8671070359.890764
0.0,-1.7000000000000002,benchmark_bank_mass_only,0.01698587309374979,8310400526.420767,1.0,8310400441.309244,-0.000144721712305,0.0054061587056963,8310400526.417791
0.0,-1.675,benchmark_bank_mass_only,0.017493091375736573,7754120811.116477,1.0,7754120669.892914,-0.0001110987894059,0.0054724980576715,7754120811.113866
0.0,-1.6500000000000001,benchmark_bank_mass_only,0.01836089204534273,7562092654.1223755,1.0,7562092411.662794,-7.93360671104438e-05,0.005537965117031,7562092654.119854
0.0,-1.625,benchmark_bank_mass_only,0.01923844020319052,7401790836.987844,1.0,7401790423.153711,-4.970645586645797e-05,0.0056030261699531,7401790836.985395
0.0,-1.6,benchmark_bank_mass_only,0.02013086668969841,7279182890.698992,1.0,7279182187.535428,-2.2482866122002697e-05,0.0056680259999292,7279182890.696601
0.0,-1.5750000000000002,benchmark_bank_mass_only,0.021082378097559112,7262344123.575531,1.0,7262342922.483792,2.08686748434942e-06,0.0057332183408597,7262344123.573161
0.0,-1.55,benchmark_bank_mass_only,0.022068643970522415,7405849672.985544,1.0,7405847594.96132,2.3855213551660934e-05,0.0057987888076924,7405849672.983179
0.0,-1.525,benchmark_bank_mass_only,0.023066841594714286,7586482579.422598,1.0,7586479000.662562,4.269971648840282e-05,0.0058648720846516,7586482579.420241
0.0,-1.5,benchmark_bank_mass_only,0.024101300400587573,7789131102.823177,1.0,7789124981.859489,5.849792070304611e-05,0.0059315646955091,7789131102.820819
0.0,-1.475,benchmark_bank_mass_only,0.02511426849712673,7861311033.642508,1.0,7861300836.672231,7.118456586028849e-05,0.0059989343625654,7861311033.640173
0.0,-1.4500000000000002,benchmark_bank_mass_only,0.0260773820931617,7762437585.862508,1.0,7762421118.645242,8.092317264973259e-05,0.0060670268524957,7762437585.86024
0.0,-1.425,benchmark_bank_mass_only,0.027021623537469015,7588960862.004722,1.0,7588934772.8560095,8.793445701720743e-05,0.0061358710822776,7588960862.002535
0.0,-1.4,benchmark_bank_mass_only,0.027982230514240584,7430248017.924304,1.0,7430206999.881678,9.243913490854188e-05,0.0062054826706394,7430248017.922192
0.0,-1.375,benchmark_bank_mass_only,0.02897129674136345,7343015855.077906,1.0,7342951344.489881,9.449538306414832e-05,0.0062758666432096,7343015855.075853
0.0,-1.35,benchmark_bank_mass_only,0.029970498122189892,7298337665.789521,1.0,7298236523.155182,9.351122140277288e-05,0.00634701931741,7298337665.787532
0.0,-1.3250000000000002,benchmark_bank_mass_only,0.030958412723217837,7232069735.67835,1.0,7231912988.466708,8.873213063774524e-05,0.0064189296890451,7232069735.676446
0.0,-1.3,benchmark_bank_mass_only,0.03191120018551841,7074418899.896583,1.0,7074181074.822706,7.940359148239477e-05,0.0064915804484317,7074418899.894802
0.0,-1.275,benchmark_bank_mass_only,0.03291217598541527,6910078665.054989,1.0,6909721199.299502,6.533961675763977e-05,0.0065649485666774,6910078665.053314
0.0,-1.25,benchmark_bank_mass_only,0.03398359207888017,6730920526.536339,1.0,6730388741.954924,4.86283477147534e-05,0.0066390059980294,6730920526.534731
0.0,-1.225,benchmark_bank_mass_only,0.03511397842146125,6556861469.265369,1.0,6556075917.759791,3.1926457712597234e-05,0.0067137197770188,6556861469.263784
0.0,-1.2000000000000002,benchmark_bank_mass_only,0.036320710891562066,6466376665.7199955,1.0,6465209717.997453,1.7890620110032974e-05,0.0067890525065175,6466376665.718366
0.0,-1.175,benchmark_bank_mass_only,0.037668064414689124,6756324091.797915,1.0,6754498978.810455,8.528426065390453e-06,0.0068649623230165,6756324091.796128
0.0,-1.15,benchmark_bank_mass_only,0.03891093026285478,7006761102.374486,1.0,7003944457.205867,3.2511379348722536e-06,0.0069414030688657,7006761102.372602
0.0,-1.125,benchmark_bank_mass_only,0.03998612704724721,7054810741.911457,1.0,7050613835.1437435,8.209358741488936e-07,0.0070183244569582,7054810741.909577
0.0,-1.1,benchmark_bank_mass_only,0.04098130699177579,7055529714.018075,1.0,7049350810.881322,3.889085287284202e-14,0.007095671963755,7055529714.016251
0.0,-1.075,benchmark_bank_mass_only,0.042017494306676104,7150775963.606488,1.0,7141604132.241388,-2.6281007196919585e-07,0.0071733869385753,7150775963.604701
0.0,-1.05,benchmark_bank_mass_only,0.04307451361533385,7201046386.486934,1.0,7187586882.135374,-2.719175864499992e-07,0.0072514066230098,7201046386.485173
0.0,-1.0250000000000001,benchmark_bank_mass_only,0.04415854566744839,7237980422.652497,1.0,7218366666.205564,-1.450662893081578e-07,0.0073296641645672,7237980422.650748
0.0,-1.0,benchmark_bank_mass_only,0.04527415964372037,7293460366.454728,1.0,7264958603.88998,3.469973175649211e-14,0.0074080886309823,7293460366.452967
0.0,-0.9750000000000001,benchmark_bank_mass_only,0.046401576569698656,7378286636.485116,1.0,7336943474.128428,7.041979028619717e-08,0.0074866051230365,7378286636.48333
0.0,-0.95,benchmark_bank_mass_only,0.0475202482793051,7483149297.352792,1.0,7423404682.589197,7.286014004028336e-08,0.0075651347407716,7483149297.350981
0.0,-0.925,benchmark_bank_mass_only,0.048629024390691625,7599136380.9454,1.0,7513308009.161552,3.887043602016216e-08,0.0076435947270188,7599136380.943567
0.0,-0.8999999999999999,benchmark_bank_mass_only,0.04972800525806008,7722036880.329247,1.0,7599667427.117854,3.028400547966729e-14,0.007721900657942,7722036880.327396
0.0,-0.875,benchmark_bank_mass_only,0.05082567592606225,7868872711.754898,1.0,7695521488.281633,-1.8868887685569712e-08,0.0077999648738552,7868872711.753022
0.0,-0.8500000000000001,benchmark_bank_mass_only,0.051932139213190454,8074134082.275003,1.0,7829395111.772955,-1.95227787081707e-08,0.0078776922479529,8074134082.273085
0.0,-0.825,benchmark_bank_mass_only,0.05305319244869226,8373038937.141963,1.0,8027978103.936609,-1.0415266178960441e-08,0.0079549824923807,8373038937.139977
0.0,-0.8,benchmark_bank_mass_only,0.054194795836204006,8796249604.913916,1.0,8310398952.37272,2.6506897738834634e-14,0.0080317320624559,8796249604.911823
0.0,-0.7749999999999999,benchmark_bank_mass_only,0.05536196247109084,9366415712.42947,1.0,8685041435.517344,5.0559367804048924e-09,0.0081078350052722,9366415712.427233
0.0,-0.75,benchmark_bank_mass_only,0.056560699812906505,10097446949.731241,1.0,9150424149.28797,5.2311453772185905e-09,0.0081831831570802,10097446949.728807
0.0,-0.7250000000000001,benchmark_bank_mass_only,0.05779957175317897,10996942725.500038,1.0,9700855456.650753,2.790793859160746e-09,0.0082576667794919,10996942725.49736
0.0,-0.7,benchmark_bank_mass_only,0.059088790205803564,12072197911.212639,1.0,10336245252.755836,2.378805318083725e-14,0.0083311750592618,12072197911.209663
0.0,-0.675,benchmark_bank_mass_only,0.06044096983921962,13365387535.09306,1.0,11094108818.730816,-1.3547040142674047e-09,0.008403597176306,13365387535.089722
0.0,-0.6499999999999999,benchmark_bank_mass_only,0.061871283933556516,14957269193.396078,1.0,12046052887.391623,-1.4016516859053686e-09,0.0084748230738292,14957269193.392286
0.0,-0.625,benchmark_bank_mass_only,0.06339746148688391,16934865525.881844,1.0,13260740942.208315,-7.477621049503342e-10,0.0085447401296117,16934865525.877453
0.0,-0.6000000000000001,benchmark_bank_mass_only,0.0650322669442013,19447013550.92193,1.0,14840181348.385612,2.1850508076576268e-14,0.008613222418933,19447013550.916733
0.0,-0.575,benchmark_bank_mass_only,0.06677607792654495,22637488114.51174,1.0,16864504998.239548,3.6301942949608157e-10,0.0086801297065247,22637488114.505478
0.0,-0.55,benchmark_bank_mass_only,0.068616053297853,26665365442.111633,1.0,19414429226.06827,3.755983895032552e-10,0.0087453296492778,26665365442.104004
0.0,-0.5249999999999999,benchmark_bank_mass_only,0.07062805514119655,32433377494.36316,1.0,23065107494.824604,2.0038861513503075e-10,0.0088089325564124,32433377494.35358
0.0,-0.5,benchmark_bank_mass_only,0.0731271696096231,42854269937.95301,1.0,29654031168.993618,1.99909968404812e-14,0.0088711282825633,42854269937.93987
0.0,-2.1,any_recovery_bank_mass_lower_bound,0.03340980939851004,23214224248.458397,-1.0,23214224248.236366,0.0,0.0023337375658352,23214224248.424988
0.0,-2.075,any_recovery_bank_mass_lower_bound,0.021237715593351098,17570395139.108585,-1.0,17570395138.834652,-8.535179333010051e-06,0.0028418178414959,17570395139.08735
0.0,-2.0500000000000003,any_recovery_bank_mass_lower_bound,0.013748480781210878,14247156852.632025,-1.0,14247156852.300463,-5.507153732444692e-05,0.0032715423093118,14247156852.618275
0.0,-2.025,any_recovery_bank_mass_lower_bound,0.009203122488166115,12228202505.085876,-1.0,12228202504.702648,-0.0001448611148155,0.0036316604854428,12228202505.076674
0.0,-2.0,any_recovery_bank_mass_lower_bound,0.007740808932454739,11883899102.866985,-1.0,11883899102.415115,-0.0002576361141794,0.0039315174681988,11883899102.859245
0.0,-1.975,any_recovery_bank_mass_lower_bound,0.006563141463721339,11315355943.241148,-1.0,11315355942.776268,-0.0003618170466017,0.0041804094340542,11315355943.234585
0.0,-1.9500000000000002,any_recovery_bank_mass_lower_bound,0.005610878069562889,10419978201.104414,-1.0,10419978200.711367,-0.0004290935153797,0.004387110055161,10419978201.098913
0.0,-1.925,any_recovery_bank_mass_lower_bound,0.006736113202878984,9566973814.061552,-1.0,9566973813.836859,-0.000446785264316,0.0045595628826154,9566973814.05678
0.0,-1.9000000000000001,any_recovery_bank_mass_lower_bound,0.008448462795975584,9411983506.136213,1.0,9411983506.034555,-0.0004259864374951,0.0047047180051175,9411983506.131538
0.0,-1.875,any_recovery_bank_mass_lower_bound,0.010025152475272704,9483340639.4798,1.0,9483340638.74317,-0.0003948872864968,0.0048284833960937,9483340639.475218
0.0,-1.85,any_recovery_bank_mass_lower_bound,0.011075398298676384,9266072424.030365,1.0,9266072422.124271,-0.0003613926532464,0.0049357584846617,9266072424.026152
0.0,-1.8250000000000002,any_recovery_bank_mass_lower_bound,0.012111093093186297,9079497266.41231,1.0,9079497262.374235,-0.0003261448929073,0.0050305208410209,9079497266.408384
0.0,-1.8,any_recovery_bank_mass_lower_bound,0.01317385991886784,8949166269.240099,1.0,8949166261.325565,-0.0002897863606429,0.0051159408085936,8949166269.23638
0.0,-1.7750000000000001,any_recovery_bank_mass_lower_bound,0.014265594487647425,8870075791.88676,1.0,8870075776.949623,-0.0002529380068778,0.0051945057150499,8870075791.88319
0.0,-1.75,any_recovery_bank_mass_lower_bound,0.015323398764516162,8787830176.088007,1.0,8787830148.632755,-0.0002161351630802,0.0052681408552805,8787830176.084568
0.0,-1.725,any_recovery_bank_mass_lower_bound,0.016256686984467212,8619106312.209194,1.0,8619106263.125593,-0.0001798917559795,0.0053383195872739,8619106312.205942
0.0,-1.7000000000000002,any_recovery_bank_mass_lower_bound,0.01698587309374979,8283889243.468071,1.0,8283889158.628056,-0.000144721712305,0.0054061587056963,8283889243.4650955
0.0,-1.675,any_recovery_bank_mass_lower_bound,0.017493091375736573,7754120811.116477,1.0,7754120669.892914,-0.0001110987894059,0.0054724980576715,7754120811.113866
0.0,-1.6500000000000001,any_recovery_bank_mass_lower_bound,0.01836089204534273,7562092654.1223755,1.0,7562092411.662794,-7.93360671104438e-05,0.005537965117031,7562092654.119854
0.0,-1.625,any_recovery_bank_mass_lower_bound,0.01923844020319052,7399897920.83528,1.0,7399897507.106979,-4.970645586645797e-05,0.0056030261699531,7399897920.832831
0.0,-1.6,any_recovery_bank_mass_lower_bound,0.02013086668969841,7269327411.828438,1.0,7269326709.616902,-2.2482866122002697e-05,0.0056680259999292,7269327411.826047
0.0,-1.5750000000000002,any_recovery_bank_mass_lower_bound,0.021082378097559112,7226601714.248921,1.0,7226600519.068474,2.08686748434942e-06,0.0057332183408597,7226601714.2465515
0.0,-1.55,any_recovery_bank_mass_lower_bound,0.022068643970522415,7320725793.562506,1.0,7320723739.423358,2.3855213551660934e-05,0.0057987888076924,7320725793.560141
0.0,-1.525,any_recovery_bank_mass_lower_bound,0.023066841594714286,7452121098.503771,1.0,7452117583.125834,4.269971648840282e-05,0.0058648720846516,7452121098.501414
0.0,-1.5,any_recovery_bank_mass_lower_bound,0.024101300400587573,7663586709.916642,1.0,7663580687.609963,5.849792070304611e-05,0.0059315646955091,7663586709.914284
0.0,-1.475,any_recovery_bank_mass_lower_bound,0.02511426849712673,7779231494.42535,1.0,7779221403.921085,7.118456586028849e-05,0.0059989343625654,7779231494.423015
0.0,-1.4500000000000002,any_recovery_bank_mass_lower_bound,0.0260773820931617,7682855042.027207,1.0,7682838743.636145,8.092317264973259e-05,0.0060670268524957,7682855042.02494
0.0,-1.425,any_recovery_bank_mass_lower_bound,0.027021623537469015,7489298881.644678,1.0,7489273135.111519,8.793445701720743e-05,0.0061358710822776,7489298881.642492
0.0,-1.4,any_recovery_bank_mass_lower_bound,0.027982230514240584,7315555206.583809,1.0,7315514821.692914,9.243913490854188e-05,0.0062054826706394,7315555206.5816965
0.0,-1.375,any_recovery_bank_mass_lower_bound,0.02897129674136345,7230367748.886734,1.0,7230304227.945947,9.449538306414832e-05,0.0062758666432096,7230367748.884682
0.0,-1.35,any_recovery_bank_mass_lower_bound,0.029970498122189892,7200474044.878385,1.0,7200374258.468531,9.351122140277288e-05,0.00634701931741,7200474044.876395
0.0,-1.3250000000000002,any_recovery_bank_mass_lower_bound,0.030958412723217837,7146965956.398989,1.0,7146811053.718779,8.873213063774524e-05,0.0064189296890451,7146965956.397084
0.0,-1.3,any_recovery_bank_mass_lower_bound,0.03191120018551841,6988710539.911387,1.0,6988475596.147932,7.940359148239477e-05,0.0064915804484317,6988710539.909606
0.0,-1.275,any_recovery_bank_mass_lower_bound,0.03291217598541527,6812578550.435872,1.0,6812226128.465509,6.533961675763977e-05,0.0065649485666774,6812578550.434196
0.0,-1.25,any_recovery_bank_mass_lower_bound,0.03398359207888017,6608193794.036629,1.0,6607671705.630294,4.86283477147534e-05,0.0066390059980294,6608193794.035021
0.0,-1.225,any_recovery_bank_mass_lower_bound,0.03511397842146125,6420319298.305828,1.0,6419550105.374891,3.1926457712597234e-05,0.0067137197770188,6420319298.304242
0.0,-1.2000000000000002,any_recovery_bank_mass_lower_bound,0.036320710891562066,6347576589.460847,1.0,6346431080.86649,1.7890620110032974e-05,0.0067890525065175,6347576589.459216
0.0,-1.175,any_recovery_bank_mass_lower_bound,0.037668064414689124,6627757510.05561,1.0,6625967127.275682,8.528426065390453e-06,0.0068649623230165,6627757510.053823
0.0,-1.15,any_recovery_bank_mass_lower_bound,0.03891093026285478,6862583015.639821,1.0,6859824328.564137,3.2511379348722536e-06,0.0069414030688657,6862583015.637937
0.0,-1.125,any_recovery_bank_mass_lower_bound,0.03998612704724721,6917082676.178267,1.0,6912967703.834037,8.209358741488936e-07,0.0070183244569582,6917082676.176388
0.0,-1.1,any_recovery_bank_mass_lower_bound,0.04098130699177579,6924961362.969928,1.0,6918896805.492014,3.889085287284202e-14,0.007095671963755,6924961362.968103
0.0,-1.075,any_recovery_bank_mass_lower_bound,0.042017494306676104,7035802777.44392,1.0,7026778414.64449,-2.6281007196919585e-07,0.0071733869385753,7035802777.442132
0.0,-1.05,any_recovery_bank_mass_lower_bound,0.04307451361533385,7090328016.938118,1.0,7077075456.73003,-2.719175864499992e-07,0.0072514066230098,7090328016.9363575
0.0,-1.0250000000000001,any_recovery_bank_mass_lower_bound,0.04415854566744839,7124405503.680879,1.0,7105099516.897429,-1.450662893081578e-07,0.0073296641645672,7124405503.67913
0.0,-1.0,any_recovery_bank_mass_lower_bound,0.04527415964372037,7174081767.514436,1.0,7146046518.8280325,3.469973175649211e-14,0.0074080886309823,7174081767.512675
0.0,-0.9750000000000001,any_recovery_bank_mass_lower_bound,0.046401576569698656,7253951861.294703,1.0,7213305390.873462,7.041979028619717e-08,0.0074866051230365,7253951861.292915
0.0,-0.95,any_recovery_bank_mass_lower_bound,0.0475202482793051,7355992000.271878,1.0,7297262594.93768,7.286014004028336e-08,0.0075651347407716,7355992000.270067
0.0,-0.925,any_recovery_bank_mass_lower_bound,0.048629024390691625,7470232621.447799,1.0,7385860151.919107,3.887043602016216e-08,0.0076435947270188,7470232621.445965
0.0,-0.8999999999999999,any_recovery_bank_mass_lower_bound,0.04972800525806008,7591426442.616338,1.0,7471126744.84565,3.028400547966729e-14,0.007721900657942,7591426442.614486
0.0,-0.875,any_recovery_bank_mass_lower_bound,0.05082567592606225,7735426381.255754,1.0,7565014979.724868,-1.8868887685569712e-08,0.0077999648738552,7735426381.253879
0.0,-0.8500000000000001,any_recovery_bank_mass_lower_bound,0.051932139213190454,7935956779.538153,1.0,7695406167.871084,-1.95227787081707e-08,0.0078776922479529,7935956779.536234
0.0,-0.825,any_recovery_bank_mass_lower_bound,0.05305319244869226,8228012901.990578,1.0,7888928728.502348,-1.0415266178960441e-08,0.0079549824923807,8228012901.988591
0.0,-0.8,any_recovery_bank_mass_lower_bound,0.054194795836204006,8641987556.960869,1.0,8164657389.856803,2.6506897738834634e-14,0.0080317320624559,8641987556.958778
0.0,-0.7749999999999999,any_recovery_bank_mass_lower_bound,0.05536196247109084,9200182612.455318,1.0,8530901217.3638315,5.0559367804048924e-09,0.0081078350052722,9200182612.45308
0.0,-0.75,any_recovery_bank_mass_lower_bound,0.056560699812906505,9915932051.519474,1.0,8985933232.29463,5.2311453772185905e-09,0.0081831831570802,9915932051.517042
0.0,-0.7250000000000001,any_recovery_bank_mass_lower_bound,0.05779957175317897,10795998463.23619,1.0,9523594258.5411,2.790793859160746e-09,0.0082576667794919,10795998463.233515
0.0,-0.7,any_recovery_bank_mass_lower_bound,0.059088790205803564,11846688248.081385,1.0,10143163329.9664,2.378805318083725e-14,0.0083311750592618,11846688248.078411
0.0,-0.675,any_recovery_bank_mass_lower_bound,0.06044096983921962,13091776054.394613,1.0,10866994151.613739,-1.3547040142674047e-09,0.008403597176306,13091776054.391277
0.0,-0.6499999999999999,any_recovery_bank_mass_lower_bound,0.061871283933556516,14600233714.819372,1.0,11758509205.319616,-1.4016516859053686e-09,0.0084748230738292,14600233714.815577
0.0,-0.625,any_recovery_bank_mass_lower_bound,0.06339746148688391,16503653365.019432,1.0,12923082946.188887,-7.477621049503342e-10,0.0085447401296117,16503653365.015041
0.0,-0.6000000000000001,any_recovery_bank_mass_lower_bound,0.0650322669442013,18972019041.686035,1.0,14477709000.737364,2.1850508076576268e-14,0.008613222418933,18972019041.68084
0.0,-0.575,any_recovery_bank_mass_lower_bound,0.06677607792654495,22132610137.309727,1.0,16488380353.713789,3.6301942949608157e-10,0.0086801297065247,22132610137.303463
0.0,-0.55,any_recovery_bank_mass_lower_bound,0.068616053297853,26088589669.638245,1.0,18994492269.332832,3.755983895032552e-10,0.0087453296492778,26088589669.630615
0.0,-0.5249999999999999,any_recovery_bank_mass_lower_bound,0.07062805514119655,31740461681.237434,1.0,22572338040.968277,2.0038861513503075e-10,0.0088089325564124,31740461681.22785
0.0,-0.5,any_recovery_bank_mass_lower_bound,0.0731271696096231,41988172829.45581,1.0,29054714678.759506,1.99909968404812e-14,0.0088711282825633,41988172829.44267
0.5,-2.1,inventory_only,0.0410082223127089,0.04976079329434177,-1.0,0.008752570981632879,0.0,0.0014439174778941,0.008752570981632879
0.5,-2.075,inventory_only,0.026009302098695286,0.03248029067399568,-1.0,0.00643205557378891,-1.537154848965202e-05,0.002059189493953,0.006470988575300386
0.5,-2.0500000000000003,inventory_only,0.016736942048487326,0.02206764792119016,-1.0,0.0050814505600206665,-9.852505645018189e-05,0.0025934477534419,0.00533070587270284
0.5,-2.025,inventory_only,0.011036015880302126,0.016122566436758176,-1.0,0.004433896130135269,-0.0002580671234533,0.0030522386303904,0.005086550556456049
0.5,-2.0,inventory_only,0.009186896824290691,0.015214127352636607,-1.0,0.004868477264172917,-0.00045799040334,0.0034426933716991,0.006027230528345916
0.5,-1.975,inventory_only,0.007962854719652784,0.013668737522399327,-1.0,0.004469960055168598,-0.0006430181614006,0.0037728039372008,0.006098742247320298
0.5,-1.9500000000000002,inventory_only,0.009007491533409974,0.011705957984122127,-1.0,0.0037482306896845755,-0.0007637161550914,0.0040508130889895,0.005686443270804076
0.5,-1.925,inventory_only,0.009950632697249362,0.011880798448719058,-0.13349929551252102,0.0036081310026644074,-0.0007977422053556,0.00428474175619,0.005638163111945708
0.5,-1.9000000000000001,inventory_only,0.011801224828635873,0.013863105084096923,-0.05101671656338714,0.0036936324244630633,-0.0007643405741519,0.0044820572721766,0.005645595139376364
0.5,-1.875,inventory_only,0.013549961000177512,0.015845570145199092,-0.02760878680082193,0.0038284046315182805,-0.000713296254046,0.0046494692947605,0.005658279091181181
0.5,-1.85,inventory_only,0.014535620180018121,0.016952290452363922,-0.017643768712233936,0.0038394590180775927,-0.0006584451910525,0.0047928328396852,0.005538187589443493
0.5,-1.8250000000000002,inventory_only,0.015508750727828969,0.0180626919450434,-0.01197357401597545,0.0038592617630501397,-0.0006006534107904,0.0049171326563712,0.005419735020628539
0.5,-1.8,inventory_only,0.01652940680130463,0.019246128538611917,-0.008414882802592553,0.0038989972439476064,-0.0005407869388786,0.0050265245284284,0.005316053969804406
0.5,-1.7750000000000001,inventory_only,0.01759834504316016,0.020500104099417656,-0.006055897688684671,0.003956975829805302,-0.0004796905482643,0.0051244117204724,0.005227365377553701
0.5,-1.75,inventory_only,0.018617686911706014,0.021713510200492284,-0.0044479708620856215,0.004021506344408979,-0.0004181240012075,0.0052135389638092,0.0051437380951725765
0.5,-1.725,inventory_only,0.019447158390520518,0.022691184241356147,-0.0033340392675062515,0.0040392051597745275,-0.0003568258072962,0.0052960913376012,0.005013510886177824
0.5,-1.7000000000000002,inventory_only,0.019964529424344374,0.023247371818404177,-0.0025519220544611186,0.0039480195171542505,-0.0002965344761184,0.0053737894713438,0.004776353383322643
0.5,-1.675,inventory_only,0.020146443858039875,0.02336259188801813,-0.0019927916456760533,0.003753217715788819,-0.0002379675143222,0.0054479758495852,0.004439208497494705
0.5,-1.6500000000000001,inventory_only,0.020942406288466133,0.024254002409259807,-0.0015539114086973434,0.0037235982869365295,-0.0001817584167949,0.0055196900053148,0.004272358252181267
0.5,-1.625,inventory_only,0.021758355808304566,0.025169652298850508,-0.0012220000982755938,0.0037023602897077387,-0.0001285196754838,0.0055897318133627,0.004120437418867312
0.5,-1.6,inventory_only,0.022601489460226408,0.026119310004442887,-0.0009686783089387238,0.003693156724051474,-7.886378233623993e-05,0.0056587134439764,0.0039885347098768354
0.5,-1.5750000000000002,inventory_only,0.02354487708465583,0.02721029793951887,-0.0007727728940203277,0.0037314408989292057,-3.334607819553868e-05,0.0057271013019221,0.003913439017197016
0.5,-1.55,inventory_only,0.024543409010599204,0.028426170336885742,-0.0006206989864510585,0.0038475640291444563,7.706700509901439e-06,0.0057952491021662,0.003926436621262368
0.5,-1.525,inventory_only,0.025555696625379574,0.02966289309418397,-0.0005021991064935094,0.0039806886300428135,4.402496845554056e-05,0.0058634238320173,0.004109300705757275
0.5,-1.5,inventory_only,0.026623878234682475,0.030953718306894314,-0.0004089788834080167,0.004123735802231466,7.533914031683898e-05,0.0059318257296971,0.004330068845909974
0.5,-1.475,inventory_only,0.027642492172734304,0.03211226276109913,-0.00033569263865701156,0.00419717652572756,0.0001014786002315,0.0060006037617128,0.00446977190652406
0.5,-1.4500000000000002,inventory_only,0.028561593682878347,0.03306602481592522,-0.0002778812172082151,0.004178188420432549,0.0001226686101867,0.006069867244111,0.004504567619224816
0.5,-1.425,inventory_only,0.029441139845466004,0.03392544160961012,-0.0002317730242651718,0.004116572298228408,0.0001392334016316,0.0061396946956016,0.004484665485185924
0.5,-1.4,inventory_only,0.030347206932176164,0.03480532285518925,-0.00019458045003025885,0.00406038306050771,0.0001514972060155,0.0062101406149584,0.00445871308699955
0.5,-1.375,inventory_only,0.031306898131686356,0.0357602304502542,-0.000164338257100775,0.004037595688926794,0.0001592327708595,0.0062812404962774,0.004454128025219254
0.5,-1.35,inventory_only,0.03228875661158956,0.03673369074034394,-0.00013967832025291185,0.004028487098071138,0.0001600069079713,0.0063530145112222,0.004445829921047761
0.5,-1.3250000000000002,inventory_only,0.03325137863167469,0.03764113474499252,-0.00011954315278980292,0.003996380800844231,0.0001508349452304,0.0064254704542509,0.004390586826960969
0.5,-1.3,inventory_only,0.03415006676597625,0.038390560714421526,-0.00010309195074954723,0.0039004632484435373,0.0001287322105163,0.0064986058192089,0.0042410509695231515
0.5,-1.275,inventory_only,0.035123287753278866,0.039180803261724205,-8.945914929097891e-05,0.0038030234808305126,9.275981230013484e-05,0.0065724093279658,0.004057664119198007
0.5,-1.25,inventory_only,0.03619495219059901,0.040066398135429795,-7.806256150223543e-05,0.003718315815545664,5.016198141964464e-05,0.0066468621424801,0.003871505950068797
0.5,-1.225,inventory_only,0.037346324561917325,0.04106541705676279,-6.847694783652269e-05,0.0036621964737157866,1.02287293043198e-05,0.0067219387240609,0.003721897625298139
0.5,-1.2000000000000002,inventory_only,0.03861665013244402,0.042287312534629015,-6.03369591092219e-05,0.003683914905000873,-1.7749932616382544e-05,0.0067976075362655,0.003759836995841858
0.5,-1.175,inventory_only,0.040173170041191295,0.044065843439069496,-5.330797941053945e-05,0.003935063432142151,-2.722901938216988e-05,0.0068738314223463,0.004025196075016456
0.5,-1.15,inventory_only,0.041555234584893824,0.045660056419251575,-4.743517247309227e-05,0.004144551270876053,-2.264365190940897e-05,0.0069505680257855,0.004214158061163271
0.5,-1.125,inventory_only,0.04263653497484033,0.0468272065212553,-4.2584150286535716e-05,0.004211189783117857,-1.117397758363222e-05,0.0070277700661733,0.004244447840296945
0.5,-1.1,inventory_only,0.043591720441773195,0.047813616205063955,-3.852970918173126e-05,0.0042218966505763065,-1.437903717652855e-10,0.0071053854583385,0.004221897237257346
0.5,-1.075,inventory_only,0.04463255518791133,0.04891876490403925,-3.5079937808870126e-05,0.004276351868687002,5.289358856066609e-06,0.0071833575393385,0.004286618381538469
0.5,-1.05,inventory_only,0.04569359428882113,0.05001414711181693,-3.214912904162024e-05,0.0043103533056136414,5.472666826282564e-06,0.0072616250606312,0.004320975641250603
0.5,-1.0250000000000001,inventory_only,0.04679279834294732,0.051142857164773986,-2.9641908034020706e-05,0.004344617787151647,2.9195733621023844e-06,0.0073401224969955,0.004350284389250488
0.5,-1.0,inventory_only,0.04794604294619697,0.052345646114121465,-2.748020669515095e-05,0.004399604028798246,-1.2829464773745755e-10,0.0074187798434868,0.004399605011272645
0.5,-0.9750000000000001,inventory_only,0.0491280935703322,0.05360167678507944,-2.560745518245323e-05,0.004476225784131136,-1.4174411514797026e-06,0.0074975229287392,0.004480396548408883
0.5,-0.95,inventory_only,0.0503054865448994,0.05486480845939135,-2.3977827792278942e-05,0.004562056026810592,-1.466553213258234e-06,0.0075762733068397,0.004566370717064732
0.5,-0.925,inventory_only,0.05147374430797784,0.056122605606756186,-2.2546713876801867e-05,0.004650320317314434,-7.824487341862133e-07,0.0076549484529809,0.004652620388895859
0.5,-0.8999999999999999,inventory_only,0.05262923669234384,0.05736439610970172,-2.1274273018538285e-05,0.004735160252909321,-1.1196846652004617e-10,0.0077334617790083,0.004735165156052617
0.5,-0.875,inventory_only,0.05377871588963815,0.05859796967219522,-2.0122253205685248e-05,0.004818546769850189,3.796607846936834e-07,0.0078117228186845,0.004819284256803773
0.5,-0.8500000000000001,inventory_only,0.05493042254851745,0.059838619202723556,-1.905318967532985e-05,0.004907465107604317,3.9282504607022875e-07,0.0078896371574483,0.0049082289222891875
0.5,-0.825,inventory_only,0.05608489699421249,0.06109050501604299,-1.8029079606999496e-05,0.005005218129337784,2.0952429143468626e-07,0.0079671068856613,0.005005627534203151
0.5,-0.8,inventory_only,0.05724238858747537,0.06235338857873341,-1.700674464107995e-05,0.005111000814608655,-9.800344136616104e-11,0.0080440303491573,0.0051110375349668205
0.5,-0.7749999999999999,inventory_only,0.05840049125999618,0.06361813742203512,-1.59336123696385e-05,0.00521783665196633,-1.0185390780495277e-07,0.0081203026437126,0.005218075976734794
0.5,-0.75,inventory_only,0.0595563552373086,0.06486963263973282,-1.4741941368682768e-05,0.005313474466175549,-1.0537767097748355e-07,0.0081958157562304,0.0053136857491717865
0.5,-0.7250000000000001,inventory_only,0.06070880522449183,0.06609262880486474,-1.3341675294088111e-05,0.005383929099188945,-5.6259087298969284e-08,0.0082704586446492,0.005384133442807508
0.5,-0.7,inventory_only,0.061856429060270085,0.06727421514122589,-1.1612229290189467e-05,0.005417786910265493,-8.795110941883165e-11,0.0083441176755332,0.005418040197260484
0.5,-0.675,inventory_only,0.06299815749898172,0.06841856277311076,-9.384613016244251e-06,0.005420355286357436,2.718020857271084e-08,0.0084166767911579,0.005420729360675269
0.5,-0.6499999999999999,inventory_only,0.06413269759113538,0.06953777360823979,-6.417847876074691e-06,0.005405024272710183,2.8126924015182864e-08,0.0084880178511304,0.005405612153271762
0.5,-0.625,inventory_only,0.06525799980856237,0.07063226199479426,-2.3832170794060648e-06,0.005374234976001081,1.496799280731518e-08,0.0085580209635463,0.005375152092370545
0.5,-0.6000000000000001,inventory_only,0.06637174217410198,0.07171988258697178,3.2054024890986953e-06,0.005348141256783077,-8.078746157416216e-11,0.0086265649256738,0.00534954244556793
0.5,-0.575,inventory_only,0.06747119584405065,0.07281850331265094,1.1063928125518967e-05,0.0053473219249118254,-7.385110842254066e-09,0.0086935274879229,0.0053494292884314
0.5,-0.55,inventory_only,0.06855339291681233,0.07395253189332618,2.2291350172798893e-05,0.005399153882549947,-7.636637945840863e-09,0.0087587859323246,0.005402310551170883
0.5,-0.5249999999999999,inventory_only,0.06961530129453779,0.07518152356021662,3.881024670030812e-05,0.005566230535035467,-4.108521023538112e-09,0.0088222174328513,0.005571007769936922
0.5,-0.5,inventory_only,0.07065375379886116,0.0766348515084214,6.451814915329325e-05,0.005981098288602032,-7.391232654938386e-11,0.0088836994800032,0.005988561882247565
0.5,-2.1,isotropic_wall_bound,0.0410082223127089,0.05486645970029429,-1.0,0.013858237387585392,0.0,0.0014439174778941,0.013858237387585392
0.5,-2.075,isotropic_wall_bound,0.026009302098695286,0.03619633554466171,-1.0,0.010148100444454937,-1.537154848965202e-05,0.002059189493953,0.010187033445966411
0.5,-2.0500000000000003,isotropic_wall_bound,0.016736942048487326,0.024946504738478606,-1.0,0.007960307377309109,-9.852505645018189e-05,0.0025934477534419,0.008209562689991283
0.5,-2.025,isotropic_wall_bound,0.011036015880302126,0.018534050810960965,-1.0,0.006845380504338062,-0.0002580671234533,0.0030522386303904,0.0074980349306588406
0.5,-2.0,isotropic_wall_bound,0.009186896824290691,0.01770898749573088,-1.0,0.007363337407267186,-0.00045799040334,0.0034426933716991,0.008522090671440188
0.5,-1.975,isotropic_wall_bound,0.007962854719652784,0.01599348160506593,-1.0,0.006794704137835199,-0.0006430181614006,0.0037728039372008,0.0084234863299869
0.5,-1.9500000000000002,isotropic_wall_bound,0.009007491533409974,0.013778676555982102,-1.0,0.0058209492615445505,-0.0007637161550914,0.0040508130889895,0.007759161842664051
0.5,-1.925,isotropic_wall_bound,0.009950632697249362,0.0139174258987115,-0.13349929551252102,0.005644758452656849,-0.0007977422053556,0.00428474175619,0.007674790561938149
0.5,-1.9000000000000001,isotropic_wall_bound,0.011801224828635873,0.01598719118445705,-0.05101671656338714,0.005817718524823195,-0.0007643405741519,0.0044820572721766,0.007769681239736496
0.5,-1.875,isotropic_wall_bound,0.013549961000177512,0.01805706119057699,-0.02760878680082193,0.006039895676896181,-0.000713296254046,0.0046494692947605,0.00786977013655908
0.5,-1.85,isotropic_wall_bound,0.014535620180018121,0.019177973797230935,-0.017643768712233936,0.006065142362944603,-0.0006584451910525,0.0047928328396852,0.007763870934310503
0.5,-1.8250000000000002,isotropic_wall_bound,0.015508750727828969,0.020306611782019778,-0.011973574015975444,0.006103181600026517,-0.0006006534107904,0.0049171326563712,0.0076636548576049165
0.5,-1.8,isotropic_wall_bound,0.01652940680130463,0.021520992915353514,-0.008414882802592547,0.006173861620689205,-0.0005407869388786,0.0050265245284284,0.007590918346546005
0.5,-1.7750000000000001,isotropic_wall_bound,0.01759834504316016,0.022826786671734576,-0.006055897688684655,0.006283658402122224,-0.0004796905482643,0.0051244117204724,0.007554047949870623
0.5,-1.75,isotropic_wall_bound,0.018617686911706014,0.02409013420262428,-0.004447970862085589,0.006398130346540976,-0.0004181240012075,0.0052135389638092,0.007520362097304573
0.5,-1.725,isotropic_wall_bound,0.019447158390520518,0.02508518299844642,-0.003334039267506186,0.006433203916864799,-0.0003568258072962,0.0052960913376012,0.007407509643268094
0.5,-1.7000000000000002,isotropic_wall_bound,0.019964529424344374,0.025591378812683658,-0.0025519220544609872,0.006292026511433734,-0.0002965344761184,0.0053737894713438,0.007120360377602122
0.5,-1.675,isotropic_wall_bound,0.020146443858039875,0.025592171614477566,-0.0019927916456758035,0.005982797442248252,-0.0002379675143222,0.0054479758495852,0.00666878822395413
0.5,-1.6500000000000001,isotropic_wall_bound,0.020942406288466133,0.02646350809717921,-0.0015539114086968535,0.005933103974855932,-0.0001817584167949,0.0055196900053148,0.006481863940100651
0.5,-1.625,isotropic_wall_bound,0.021758355808304566,0.027364351356718532,-0.001222000098274632,0.0058970593475757655,-0.0001285196754838,0.0055897318133627,0.006315136476735302
0.5,-1.6,isotropic_wall_bound,0.022601489460226408,0.02830829864751307,-0.0009686783089368425,0.005882145367121661,-7.886378233623993e-05,0.0056587134439764,0.006177523352946948
0.5,-1.5750000000000002,isotropic_wall_bound,0.02354487708465583,0.029423965465024,-0.0007727728940166212,0.005945108424434335,-3.334607819553868e-05,0.0057271013019221,0.0061271065427019895
0.5,-1.55,isotropic_wall_bound,0.024543409010599204,0.030708014660278227,-0.0006206989864436697,0.006129408352536941,7.706700509901439e-06,0.0057952491021662,0.006208280944654526
0.5,-1.525,isotropic_wall_bound,0.025555696625379574,0.03202592563736089,-0.0005021991064788117,0.006343721173219734,4.402496845554056e-05,0.0058634238320173,0.006472333248934121
0.5,-1.5,isotropic_wall_bound,0.026623878234682475,0.03340550740660321,-0.0004089788833789452,0.006575524901940367,7.533914031683898e-05,0.0059318257296971,0.006781857945618836
0.5,-1.475,isotropic_wall_bound,0.027642492172734304,0.03459867791167188,-0.0003356926386011588,0.006683591676300306,0.0001014786002315,0.0060006037617128,0.006956187057096809
0.5,-1.4500000000000002,isotropic_wall_bound,0.028561593682878347,0.035525635621338,-0.0002778812171041235,0.006637799225845334,0.0001226686101867,0.006069867244111,0.0069641784246376875
0.5,-1.425,isotropic_wall_bound,0.029441139845466004,0.03633196852376037,-0.00023177302407453057,0.006523099212378661,0.0001392334016316,0.0061396946956016,0.006891192399336432
0.5,-1.4,isotropic_wall_bound,0.030347206932176164,0.03716559657789021,-0.0001945804496828386,0.006420656783208677,0.0001514972060155,0.0062101406149584,0.006818986809701112
0.5,-1.375,isotropic_wall_bound,0.031306898131686356,0.03809746077022647,-0.00016433825646650373,0.0063748260088990795,0.0001592327708595,0.0062812404962774,0.0067913583451928074
0.5,-1.35,isotropic_wall_bound,0.03228875661158956,0.03905482591232381,-0.0001396783191000262,0.006349622270051024,0.0001600069079713,0.0063530145112222,0.0067669650930301745
0.5,-1.3250000000000002,isotropic_wall_bound,0.03325137863167469,0.0399293986284694,-0.0001195431507231738,0.006284644684321138,0.0001508349452304,0.0064254704542509,0.006678850710442517
0.5,-1.3,isotropic_wall_bound,0.03415006676597625,0.04060357437599862,-0.00010309194713585304,0.006113476910020648,0.0001287322105163,0.0064986058192089,0.006454064631107663
0.5,-1.275,isotropic_wall_bound,0.035123287753278866,0.04132316625719496,-8.945914300902111e-05,0.005945386476301315,9.275981230013484e-05,0.0065724093279658,0.006200027114676797
0.5,-1.25,isotropic_wall_bound,0.03619495219059901,0.04216644137987334,-7.806255052484588e-05,0.005818359059989264,5.016198141964464e-05,0.0066468621424801,0.005971549194500182
0.5,-1.225,isotropic_wall_bound,0.037346324561917325,0.043157200556928337,-6.847692848782433e-05,0.005753979973881429,1.02287293043198e-05,0.0067219387240609,0.005813681125185179
0.5,-1.2000000000000002,isotropic_wall_bound,0.03861665013244402,0.04442896142013635,-6.0336924332005643e-05,0.005825563790508368,-1.7749932616382544e-05,0.0067976075362655,0.005901485878773938
0.5,-1.175,isotropic_wall_bound,0.040173170041191295,0.046395186330965954,-5.330791363398762e-05,0.0062644063240388775,-2.722901938216988e-05,0.0068738314223463,0.006354538961879006
0.5,-1.15,isotropic_wall_bound,0.041555234584893824,0.04813276348883115,-4.743505163283247e-05,0.006617258340456094,-2.264365190940897e-05,0.0069505680257855,0.006686865121197687
0.5,-1.125,isotropic_wall_bound,0.04263653497484033,0.0493392419571838,-4.258393844203796e-05,0.006723225219047083,-1.117397758363222e-05,0.0070277700661733,0.006756483259004632
0.5,-1.1,isotropic_wall_bound,0.043591720441773195,0.050311869632362095,-3.852934694394829e-05,0.0067201500778756055,-1.437903717652855e-10,0.0071053854583385,0.0067201506948039455
0.5,-1.075,isotropic_wall_bound,0.04463255518791133,0.051423352464484644,-3.5079316526433855e-05,0.006780939429134264,5.289358856066609e-06,0.0071833575393385,0.00679120594964484
0.5,-1.05,isotropic_wall_bound,0.04569359428882113,0.05252264159067078,-3.214806924131355e-05,0.006818847784470488,5.472666826282564e-06,0.0072616250606312,0.00682947013351181
0.5,-1.0250000000000001,isotropic_wall_bound,0.04679279834294732,0.053665211042225984,-2.9640101617629893e-05,0.006866971664608472,2.9195733621023844e-06,0.0073401224969955,0.006872638290139586
0.5,-1.0,isotropic_wall_bound,0.04794604294619697,0.054903571840205154,-2.7477117128185817e-05,0.006957529754889775,-1.2829464773745755e-10,0.0074187798434868,0.006957531023050513
0.5,-0.9750000000000001,isotropic_wall_bound,0.0491280935703322,0.05621108226587401,-2.5602166951890155e-05,0.007085631264938539,-1.4174411514797026e-06,0.0074975229287392,0.007089801528102241
0.5,-0.95,isotropic_wall_bound,0.0503054865448994,0.05752834424013348,-2.396881766910495e-05,0.007225591807573684,-1.466553213258234e-06,0.0075762733068397,0.007229905623362872
0.5,-0.925,isotropic_wall_bound,0.05147374430797784,0.05883904834273643,-2.253145959250562e-05,0.007366763053328835,-7.824487341862133e-07,0.0076549484529809,0.007369061609516318
0.5,-0.8999999999999999,isotropic_wall_bound,0.05262923669234384,0.06012930385371803,-2.1248648952011835e-05,0.007500067996980998,-1.1196846652004617e-10,0.0077334617790083,0.00750007550406211
0.5,-0.875,isotropic_wall_bound,0.05377871588963815,0.06140973984005425,-2.0079519592319347e-05,0.007630316937798461,3.796607846936834e-07,0.0078117228186845,0.007631055079239122
0.5,-0.8500000000000001,isotropic_wall_bound,0.05493042254851745,0.06270121578499088,-1.8982331910942157e-05,0.007770061690014679,3.9282504607022875e-07,0.0078896371574483,0.007770826630204106
0.5,-0.825,isotropic_wall_bound,0.05608489699421249,0.06400976324767586,-1.7912253737406114e-05,0.007924476361198285,2.0952429143468626e-07,0.0079671068856613,0.007924887818566397
0.5,-0.8,isotropic_wall_bound,0.05724238858747537,0.06533460592252924,-1.6815365527542185e-05,0.008092218158762751,-9.800344136616104e-11,0.0080440303491573,0.008092276064214775
0.5,-0.7749999999999999,isotropic_wall_bound,0.05840049125999618,0.06666210935038037,-1.5622738037335372e-05,0.008261808580865674,-1.0185390780495277e-07,0.0081203026437126,0.008262012788561464
0.5,-0.75,isotropic_wall_bound,0.0595563552373086,0.06796963689011792,-1.4242605097785858e-05,0.008413478717394469,-1.0537767097748355e-07,0.0081958157562304,0.0084137190792312
0.5,-0.7250000000000001,isotropic_wall_bound,0.06070880522449183,0.06923380367617586,-1.2550804331431039e-05,0.00852510397170291,-5.6259087298969284e-08,0.0082704586446492,0.008525401226855214
0.5,-0.7,isotropic_wall_bound,0.061856429060270085,0.07043506039691992,-1.0379765845892964e-05,0.008578632167582062,-8.795110941883165e-11,0.0083441176755332,0.008579033013819598
0.5,-0.675,isotropic_wall_bound,0.06299815749898172,0.07158078305176391,-7.49314549840797e-06,0.008582575566957315,2.718020857271084e-08,0.0084166767911579,0.008583180331019808
0.5,-0.6499999999999999,isotropic_wall_bound,0.06413269759113538,0.07269097737417429,-3.552322835967621e-06,0.008558228040418623,2.8126924015182864e-08,0.0084880178511304,0.008559171779595982
0.5,-0.625,isotropic_wall_bound,0.06525799980856237,0.07376747764451386,1.9035721875111491e-06,0.00850945062585062,1.496799280731518e-08,0.0085580209635463,0.00851090955835005
0.5,-0.6000000000000001,isotropic_wall_bound,0.06637174217410198,0.0748398886907959,9.561359579254891e-06,0.008468147355390861,-8.078746157416216e-11,0.0086265649256738,0.008470365774766443
0.5,-0.575,isotropic_wall_bound,0.06747119584405065,0.07593805351056651,2.0440149821975248e-05,0.008466872103520155,-7.385110842254066e-09,0.0086935274879229,0.008470205285990521
0.5,-0.55,isotropic_wall_bound,0.06855339291681233,0.07710232655785645,3.6123658874285554e-05,0.008548948493408804,-7.636637945840863e-09,0.0087587859323246,0.008553943020525201
0.5,-0.5249999999999999,isotropic_wall_bound,0.06961530129453779,0.07842877703349768,5.944487698903893e-05,0.008813483871530114,-4.108521023538112e-09,0.0088222174328513,0.008821046013894147
0.5,-0.5,isotropic_wall_bound,0.07065375379886116,0.08012409851052649,9.629404914205477e-05,0.009470344940734305,-7.391232654938386e-11,0.0088836994800032,0.009482162457075003
0.5,-2.1,benchmark_bank_mass_only,0.0410082223127089,30008929821.94569,-1.0,30008929821.904682,0.0,0.0014439174778941,30008929821.904682
0.5,-2.075,benchmark_bank_mass_only,0.026009302098695286,22368707989.213932,-1.0,22368707989.187885,-1.537154848965202e-05,0.002059189493953,22368707989.187923
0.5,-2.0500000000000003,benchmark_bank_mass_only,0.016736942048487326,18417315640.73965,-1.0,18417315640.722668,-9.852505645018189e-05,0.0025934477534419,18417315640.722916
0.5,-2.025,benchmark_bank_mass_only,0.011036015880302126,16056588613.72071,-1.0,16056588613.70902,-0.0002580671234533,0.0030522386303904,16056588613.709673
0.5,-2.0,benchmark_bank_mass_only,0.009186896824290691,15902743060.495829,-1.0,15902743060.485483,-0.00045799040334,0.0034426933716991,15902743060.48664
0.5,-1.975,benchmark_bank_mass_only,0.007962854719652784,15437845554.325403,-1.0,15437845554.316204,-0.0006430181614006,0.0037728039372008,15437845554.317833
0.5,-1.9500000000000002,benchmark_bank_mass_only,0.009007491533409974,14363480460.456327,-1.0,14363480460.448368,-0.0007637161550914,0.0040508130889895,14363480460.450306
0.5,-1.925,benchmark_bank_mass_only,0.009950632697249362,13408124754.070612,-0.1334992955327032,13408124754.062338,-0.0007977422053556,0.00428474175619,13408124754.064367
0.5,-1.9000000000000001,benchmark_bank_mass_only,0.011801224828635873,13412732100.517935,-0.05101671657332662,13412732100.507765,-0.0007643405741519,0.0044820572721766,13412732100.509718
0.5,-1.875,benchmark_bank_mass_only,0.013549961000177512,13742188797.036364,-0.027608786807809607,13742188797.024345,-0.000713296254046,0.0046494692947605,13742188797.026176
0.5,-1.85,benchmark_bank_mass_only,0.014535620180018121,13653308109.245354,-0.017643768717796583,13653308109.23224,-0.0006584451910525,0.0047928328396852,13653308109.23394
0.5,-1.8250000000000002,benchmark_bank_mass_only,0.015508750727828969,13602357255.477592,-0.011930038770765766,13602357255.46339,-0.0006006534107904,0.0049171326563712,13602357255.46495
0.5,-1.8,benchmark_bank_mass_only,0.01652940680130463,13629549451.06886,-0.008378747101130022,13629549451.05351,-0.0005407869388786,0.0050265245284284,13629549451.054928
0.5,-1.7750000000000001,benchmark_bank_mass_only,0.01759834504316016,13730423669.569672,-0.0059633094631355655,13730423669.55313,-0.0004796905482643,0.0051244117204724,13730423669.554396
0.5,-1.75,benchmark_bank_mass_only,0.018617686911706014,13866010464.776821,-0.004259440481134631,13866010464.759129,-0.0004181240012075,0.0052135389638092,13866010464.760246
0.5,-1.725,benchmark_bank_mass_only,0.019447158390520518,13854287496.262644,-0.002955098452173386,13854287496.243992,-0.0003568258072962,0.0052960913376012,13854287496.244955
0.5,-1.7000000000000002,benchmark_bank_mass_only,0.019964529424344374,13483052735.811403,-0.0017957637974506146,13483052735.792103,-0.0002965344761184,0.0053737894713438,13483052735.792906
0.5,-1.675,benchmark_bank_mass_only,0.020146443858039875,12769694376.156982,-0.0005623205069133071,12769694376.137371,-0.0002379675143222,0.0054479758495852,12769694376.13801
0.5,-1.6500000000000001,benchmark_bank_mass_only,0.020942406288466133,12635222548.817644,0.0012469302841361105,12635222548.797115,-0.0001817584167949,0.0055196900053148,12635222548.797564
0.5,-1.625,benchmark_bank_mass_only,0.021758355808304566,12542060252.64876,0.004273739112191258,12542060252.627293,-0.0001285196754838,0.0055897318133627,12542060252.627613
0.5,-1.6,benchmark_bank_mass_only,0.022601489460226408,12502403367.669172,0.009776460699218729,12502403367.646744,-7.886378233623993e-05,0.0056587134439764,12502403367.647228
0.5,-1.5750000000000002,benchmark_bank_mass_only,0.02354487708465583,12637058888.431662,0.020387469539921207,12637058888.408176,-3.334607819553868e-05,0.0057271013019221,12637058888.409067
0.5,-1.55,benchmark_bank_mass_only,0.024543409010599204,13048967545.573862,0.04163185082994311,13048967545.549244,7.706700509901439e-06,0.0057952491021662,13048967545.55107
0.5,-1.525,benchmark_bank_mass_only,0.025555696625379574,13528325819.44288,0.08364206124710848,13528325819.417034,4.402496845554056e-05,0.0058634238320173,13528325819.420864
0.5,-1.5,benchmark_bank_mass_only,0.026623878234682475,14049593598.293285,0.16618084599933464,14049593598.26578,7.533914031683898e-05,0.0059318257296971,14049593598.273802
0.5,-1.475,benchmark_bank_mass_only,0.027642492172734304,14335411937.189667,0.3216836223811637,14335411937.159103,0.0001014786002315,0.0060006037617128,14335411937.175426
0.5,-1.4500000000000002,benchmark_bank_mass_only,0.028561593682878347,14302936825.890963,0.6050276219627657,14302936825.852304,0.0001226686101867,0.006069867244111,14302936825.884428
0.5,-1.425,benchmark_bank_mass_only,0.029441139845466004,14122007289.79117,1.0,14122007289.727028,0.0001392334016316,0.0061396946956016,14122007289.788921
0.5,-1.4,benchmark_bank_mass_only,0.030347206932176164,13956758031.798695,1.0,13956758031.678381,0.0001514972060155,0.0062101406149584,13956758031.796556
0.5,-1.375,benchmark_bank_mass_only,0.031306898131686356,13915828206.009592,1.0,13915828205.78207,0.0001592327708595,0.0062812404962774,13915828206.007536
0.5,-1.35,benchmark_bank_mass_only,0.03228875661158956,13947785750.403074,1.0,13947785749.972612,0.0001600069079713,0.0063530145112222,13947785750.401093
0.5,-1.3250000000000002,benchmark_bank_mass_only,0.03325137863167469,13931312418.77179,1.0,13931312417.965536,0.0001508349452304,0.0064254704542509,13931312418.76991
0.5,-1.3,benchmark_bank_mass_only,0.03415006676597625,13730252572.654266,1.0,13730252571.17505,0.0001287322105163,0.0064986058192089,13730252572.65255
0.5,-1.275,benchmark_bank_mass_only,0.035123287753278866,13506688454.895678,1.0,13506688452.206995,9.275981230013484e-05,0.0065724093279658,13506688454.894087
0.5,-1.25,benchmark_bank_mass_only,0.03619495219059901,13244899364.777668,1.0,13244899359.941803,5.016198141964464e-05,0.0066468621424801,13244899364.776152
0.5,-1.225,benchmark_bank_mass_only,0.037346324561917325,12984339508.750572,1.0,12984339500.117174,1.02287293043198e-05,0.0067219387240609,12984339508.74907
0.5,-1.2000000000000002,benchmark_bank_mass_only,0.03861665013244402,12882136796.383537,1.0,12882136780.890701,-1.7749932616382544e-05,0.0067976075362655,12882136796.381964
0.5,-1.175,benchmark_bank_mass_only,0.040173170041191295,13536513993.953127,1.0,13536513964.696152,-2.722901938216988e-05,0.0068738314223463,13536513993.951283
0.5,-1.15,benchmark_bank_mass_only,0.041555234584893824,14114434946.477806,1.0,14114434891.9885,-2.264365190940897e-05,0.0069505680257855,14114434946.475805
0.5,-1.125,benchmark_bank_mass_only,0.04263653497484033,14284878813.130045,1.0,14284878715.1965,-1.117397758363222e-05,0.0070277700661733,14284878813.12809
0.5,-1.1,benchmark_bank_mass_only,0.043591720441773195,14357416056.302954,1.0,14357415882.470444,-1.437903717652855e-10,0.0071053854583385,14357416056.301115
0.5,-1.075,benchmark_bank_mass_only,0.04463255518791133,14621120527.818277,1.0,14621120216.856731,5.289358856066609e-06,0.0071833575393385,14621120527.816504
0.5,-1.05,benchmark_bank_mass_only,0.04569359428882113,14792520655.116503,1.0,14792520105.38091,5.472666826282564e-06,0.0072616250606312,14792520655.114779
0.5,-1.0250000000000001,benchmark_bank_mass_only,0.04679279834294732,14935830480.26196,1.0,14935829515.444761,2.9195733621023844e-06,0.0073401224969955,14935830480.260258
0.5,-1.0,benchmark_bank_mass_only,0.04794604294619697,15116645934.434067,1.0,15116644246.103924,-1.2829464773745755e-10,0.0074187798434868,15116645934.432358
0.5,-0.9750000000000001,benchmark_bank_mass_only,0.0491280935703322,15357174268.455412,1.0,15357171319.239748,-1.4174411514797026e-06,0.0074975229287392,15357174268.453672
0.5,-0.95,benchmark_bank_mass_only,0.0503054865448994,15636729239.252304,1.0,15636724105.55961,-1.466553213258234e-06,0.0075762733068397,15636729239.250532
0.5,-0.925,benchmark_bank_mass_only,0.05147374430797784,15933066893.983627,1.0,15933058005.568312,-7.824487341862133e-07,0.0076549484529809,15933066893.981827
0.5,-0.8999999999999999,benchmark_bank_mass_only,0.05262923669234384,16226523422.681973,1.0,16226508140.861712,-1.1196846652004617e-10,0.0077334617790083,16226523422.680155
0.5,-0.875,benchmark_bank_mass_only,0.05377871588963815,16518403017.219976,1.0,16518376935.332436,3.796607846936834e-07,0.0078117228186845,16518403017.218145
0.5,-0.8500000000000001,benchmark_bank_mass_only,0.05493042254851745,16827056488.33693,1.0,16827012270.278759,3.9282504607022875e-07,0.0078896371574483,16827056488.335081
0.5,-0.825,benchmark_bank_mass_only,0.05608489699421249,17163751399.787632,1.0,17163676922.61312,2.0952429143468626e-07,0.0079671068856613,17163751399.785765
0.5,-0.8,benchmark_bank_mass_only,0.05724238858747537,17525755230.889282,1.0,17525630690.443607,-9.800344136616104e-11,0.0080440303491573,17525755230.887398
0.5,-0.7749999999999999,benchmark_bank_mass_only,0.05840049125999618,17890594505.272606,1.0,17890388109.910255,-1.0185390780495277e-07,0.0081203026437126,17890594505.270687
0.5,-0.75,benchmark_bank_mass_only,0.0595563552373086,18217677275.890835,1.0,18217339163.76272,-1.0537767097748355e-07,0.0081958157562304,18217677275.88889
0.5,-0.7250000000000001,benchmark_bank_mass_only,0.06070880522449183,18459067220.43588,1.0,18458521243.342876,-5.6259087298969284e-08,0.0082704586446492,18459067220.433914
0.5,-0.7,benchmark_bank_mass_only,0.061856429060270085,18575655417.43837,1.0,18574788281.760273,-8.795110941883165e-11,0.0083441176755332,18575655417.436382
0.5,-0.675,benchmark_bank_mass_only,0.06299815749898172,18585331940.82574,1.0,18583976205.819424,2.718020857271084e-08,0.0084166767911579,18585331940.823727
0.5,-0.6499999999999999,benchmark_bank_mass_only,0.06413269759113538,18533741441.359966,1.0,18531650029.63401,2.8126924015182864e-08,0.0084880178511304,18533741441.35793
0.5,-0.625,benchmark_bank_mass_only,0.06525799980856237,18429383447.461346,1.0,18426199101.308304,1.496799280731518e-08,0.0085580209635463,18429383447.45928
0.5,-0.6000000000000001,benchmark_bank_mass_only,0.06637174217410198,18341510731.162415,1.0,18336707753.84679,-8.078746157416216e-11,0.0086265649256738,18341510731.160324
0.5,-0.575,benchmark_bank_mass_only,0.06747119584405065,18341006304.5524,1.0,18333802085.75269,-7.385110842254066e-09,0.0086935274879229,18341006304.55029
0.5,-0.55,benchmark_bank_mass_only,0.06855339291681233,18522246275.416668,1.0,18511445121.40837,-7.636637945840863e-09,0.0087587859323246,18522246275.414536
0.5,-0.5249999999999999,benchmark_bank_mass_only,0.06961530129453779,19100611918.993942,1.0,19084244900.30459,-4.108521023538112e-09,0.0088222174328513,19100611918.991795
0.5,-0.5,benchmark_bank_mass_only,0.07065375379886116,20532244874.599804,1.0,20506656429.374,-7.391232654938386e-11,0.0088836994800032,20532244874.59764
0.5,-2.1,any_recovery_bank_mass_lower_bound,0.0410082223127089,29116917673.696186,-1.0,29116917673.655178,0.0,0.0014439174778941,29116917673.655178
0.5,-2.075,any_recovery_bank_mass_lower_bound,0.026009302098695286,22368707989.213932,-1.0,22368707989.187885,-1.537154848965202e-05,0.002059189493953,22368707989.187923
0.5,-2.0500000000000003,any_recovery_bank_mass_lower_bound,0.016736942048487326,18417315640.73965,-1.0,18417315640.722668,-9.852505645018189e-05,0.0025934477534419,18417315640.722916
0.5,-2.025,any_recovery_bank_mass_lower_bound,0.011036015880302126,16056588613.72071,-1.0,16056588613.70902,-0.0002580671234533,0.0030522386303904,16056588613.709673
0.5,-2.0,any_recovery_bank_mass_lower_bound,0.009186896824290691,15855395418.149446,-1.0,15855395418.139101,-0.00045799040334,0.0034426933716991,15855395418.140259
0.5,-1.975,any_recovery_bank_mass_lower_bound,0.007962854719652784,15343623802.313631,-1.0,15343623802.304432,-0.0006430181614006,0.0037728039372008,15343623802.30606
0.5,-1.9500000000000002,any_recovery_bank_mass_lower_bound,0.009007491533409974,14363480460.456327,-1.0,14363480460.448368,-0.0007637161550914,0.0040508130889895,14363480460.450306
0.5,-1.925,any_recovery_bank_mass_lower_bound,0.009950632697249362,13408124754.070612,-0.1334992955327032,13408124754.062338,-0.0007977422053556,0.00428474175619,13408124754.064367
0.5,-1.9000000000000001,any_recovery_bank_mass_lower_bound,0.011801224828635873,13412732100.517935,-0.05101671657332662,13412732100.507765,-0.0007643405741519,0.0044820572721766,13412732100.509718
0.5,-1.875,any_recovery_bank_mass_lower_bound,0.013549961000177512,13742188797.036364,-0.027608786807809607,13742188797.024345,-0.000713296254046,0.0046494692947605,13742188797.026176
0.5,-1.85,any_recovery_bank_mass_lower_bound,0.014535620180018121,13653308109.245354,-0.017643768717796583,13653308109.23224,-0.0006584451910525,0.0047928328396852,13653308109.23394
0.5,-1.8250000000000002,any_recovery_bank_mass_lower_bound,0.015508750727828969,13602357255.477592,-0.011930038770765766,13602357255.46339,-0.0006006534107904,0.0049171326563712,13602357255.46495
0.5,-1.8,any_recovery_bank_mass_lower_bound,0.01652940680130463,13629549451.06886,-0.008378747101130022,13629549451.05351,-0.0005407869388786,0.0050265245284284,13629549451.054928
0.5,-1.7750000000000001,any_recovery_bank_mass_lower_bound,0.01759834504316016,13730423669.569672,-0.0059633094631355655,13730423669.55313,-0.0004796905482643,0.0051244117204724,13730423669.554396
0.5,-1.75,any_recovery_bank_mass_lower_bound,0.018617686911706014,13822391331.705408,-0.004260033552356927,13822391331.687716,-0.0004181240012075,0.0052135389638092,13822391331.688833
0.5,-1.725,any_recovery_bank_mass_lower_bound,0.019447158390520518,13771261430.71205,-0.002957369371192655,13771261430.693398,-0.0003568258072962,0.0052960913376012,13771261430.69436
0.5,-1.7000000000000002,any_recovery_bank_mass_lower_bound,0.019964529424344374,13440040004.354189,-0.001798176042858631,13440040004.334888,-0.0002965344761184,0.0053737894713438,13440040004.335691
0.5,-1.675,any_recovery_bank_mass_lower_bound,0.020146443858039875,12769694376.156982,-0.0005623205069133071,12769694376.137371,-0.0002379675143222,0.0054479758495852,12769694376.13801
0.5,-1.6500000000000001,any_recovery_bank_mass_lower_bound,0.020942406288466133,12635222548.817644,0.0012469302841361105,12635222548.797115,-0.0001817584167949,0.0055196900053148,12635222548.797564
0.5,-1.625,any_recovery_bank_mass_lower_bound,0.021758355808304566,12538852776.38234,0.004272333645088649,12538852776.360872,-0.0001285196754838,0.0055897318133627,12538852776.361193
0.5,-1.6,any_recovery_bank_mass_lower_bound,0.022601489460226408,12485476031.995483,0.009761912570390774,12485476031.973055,-7.886378233623993e-05,0.0056587134439764,12485476031.973537
0.5,-1.5750000000000002,any_recovery_bank_mass_lower_bound,0.02354487708465583,12574864241.112785,0.0202833271261695,12574864241.0893,-3.334607819553868e-05,0.0057271013019221,12574864241.090187
0.5,-1.55,any_recovery_bank_mass_lower_bound,0.024543409010599204,12898980874.362503,0.041146194070124105,12898980874.337887,7.706700509901439e-06,0.0057952491021662,12898980874.339691
0.5,-1.525,any_recovery_bank_mass_lower_bound,0.025555696625379574,13288730477.013685,0.08215181233220269,13288730476.987844,4.402496845554056e-05,0.0058634238320173,13288730476.991604
0.5,-1.5,any_recovery_bank_mass_lower_bound,0.026623878234682475,13823143731.729963,0.16349576878684005,13823143731.70248,7.533914031683898e-05,0.0059318257296971,13823143731.710371
0.5,-1.475,any_recovery_bank_mass_lower_bound,0.027642492172734304,14185736647.501282,0.31832143547839914,14185736647.470776,0.0001014786002315,0.0060006037617128,14185736647.486927
0.5,-1.4500000000000002,any_recovery_bank_mass_lower_bound,0.028561593682878347,14156299370.281416,0.5988218713582955,14156299370.242956,0.0001226686101867,0.006069867244111,14156299370.27475
0.5,-1.425,any_recovery_bank_mass_lower_bound,0.029441139845466004,13936550118.677502,1.0,13936550118.614176,0.0001392334016316,0.0061396946956016,13936550118.675255
0.5,-1.4,any_recovery_bank_mass_lower_bound,0.030347206932176164,13741322448.490479,1.0,13741322448.371992,0.0001514972060155,0.0062101406149584,13741322448.48834
0.5,-1.375,any_recovery_bank_mass_lower_bound,0.031306898131686356,13702347570.201782,1.0,13702347569.977722,0.0001592327708595,0.0062812404962774,13702347570.199724
0.5,-1.35,any_recovery_bank_mass_lower_bound,0.03228875661158956,13760759487.748,1.0,13760759487.323286,0.0001600069079713,0.0063530145112222,13760759487.746017
0.5,-1.3250000000000002,any_recovery_bank_mass_lower_bound,0.03325137863167469,13767374931.926203,1.0,13767374931.129417,0.0001508349452304,0.0064254704542509,13767374931.924324
0.5,-1.3,any_recovery_bank_mass_lower_bound,0.03415006676597625,13563907117.736116,1.0,13563907116.274803,0.0001287322105163,0.0064986058192089,13563907117.7344
0.5,-1.275,any_recovery_bank_mass_lower_bound,0.035123287753278866,13316111221.797462,1.0,13316111219.146696,9.275981230013484e-05,0.0065724093279658,13316111221.795872
0.5,-1.25,any_recovery_bank_mass_lower_bound,0.03619495219059901,13003401457.48276,1.0,13003401452.735043,5.016198141964464e-05,0.0066468621424801,13003401457.481243
0.5,-1.225,any_recovery_bank_mass_lower_bound,0.037346324561917325,12713949488.569254,1.0,12713949480.11561,1.02287293043198e-05,0.0067219387240609,12713949488.56775
0.5,-1.2000000000000002,any_recovery_bank_mass_lower_bound,0.03861665013244402,12645466569.314274,1.0,12645466554.106043,-1.7749932616382544e-05,0.0067976075362655,12645466569.3127
0.5,-1.175,any_recovery_bank_mass_lower_bound,0.040173170041191295,13278926686.230219,1.0,13278926657.529942,-2.722901938216988e-05,0.0068738314223463,13278926686.228374
0.5,-1.15,any_recovery_bank_mass_lower_bound,0.041555234584893824,13824002292.047117,1.0,13824002238.678997,-2.264365190940897e-05,0.0069505680257855,13824002292.045116
0.5,-1.125,any_recovery_bank_mass_lower_bound,0.04263653497484033,14006001207.459135,1.0,14006001111.437468,-1.117397758363222e-05,0.0070277700661733,14006001207.45718
0.5,-1.1,any_recovery_bank_mass_lower_bound,0.043591720441773195,14091720323.201672,1.0,14091720152.58604,-1.437903717652855e-10,0.0071053854583385,14091720323.199833
0.5,-1.075,any_recovery_bank_mass_lower_bound,0.04463255518791133,14386035997.005678,1.0,14386035691.043875,5.289358856066609e-06,0.0071833575393385,14386035997.003902
0.5,-1.05,any_recovery_bank_mass_lower_bound,0.04569359428882113,14565080963.63982,1.0,14565080422.35656,5.472666826282564e-06,0.0072616250606312,14565080963.638094
0.5,-1.0250000000000001,any_recovery_bank_mass_lower_bound,0.04679279834294732,14701464588.464184,1.0,14701463638.786407,2.9195733621023844e-06,0.0073401224969955,14701464588.462482
0.5,-1.0,any_recovery_bank_mass_lower_bound,0.04794604294619697,14869218249.678354,1.0,14869216588.982595,-1.2829464773745755e-10,0.0074187798434868,14869218249.676645
0.5,-0.9750000000000001,any_recovery_bank_mass_lower_bound,0.0491280935703322,15098383724.75565,1.0,15098380825.238495,-1.4174411514797026e-06,0.0074975229287392,15098383724.75391
0.5,-0.95,any_recovery_bank_mass_lower_bound,0.0503054865448994,15371022362.877,1.0,15371017316.418468,-1.466553213258234e-06,0.0075762733068397,15371022362.875227
0.5,-0.925,any_recovery_bank_mass_lower_bound,0.05147374430797784,15662795099.926682,1.0,15662786362.285067,-7.824487341862133e-07,0.0076549484529809,15662795099.924881
0.5,-0.8999999999999999,any_recovery_bank_mass_lower_bound,0.05262923669234384,15952068203.20558,1.0,15952053179.86181,-1.1196846652004617e-10,0.0077334617790083,15952068203.203762
0.5,-0.875,any_recovery_bank_mass_lower_bound,0.05377871588963815,16238271370.782063,1.0,16238245731.210983,3.796607846936834e-07,0.0078117228186845,16238271370.780233
0.5,-0.8500000000000001,any_recovery_bank_mass_lower_bound,0.05493042254851745,16539085387.67567,1.0,16539041926.346542,3.9282504607022875e-07,0.0078896371574483,16539085387.673822
0.5,-0.825,any_recovery_bank_mass_lower_bound,0.05608489699421249,16866464974.569448,1.0,16866391787.384048,2.0952429143468626e-07,0.0079671068856613,16866464974.567581
0.5,-0.8,any_recovery_bank_mass_lower_bound,0.05724238858747537,17218401640.97628,1.0,17218279284.62778,-9.800344136616104e-11,0.0080440303491573,17218401640.974396
0.5,-0.7749999999999999,any_recovery_bank_mass_lower_bound,0.05840049125999618,17573076142.18673,1.0,17572873409.88415,-1.0185390780495277e-07,0.0081203026437126,17573076142.184814
0.5,-0.75,any_recovery_bank_mass_lower_bound,0.0595563552373086,17890190550.498665,1.0,17889858516.38101,-1.0537767097748355e-07,0.0081958157562304,17890190550.496723
0.5,-0.7250000000000001,any_recovery_bank_mass_lower_bound,0.06070880522449183,18121769506.21858,1.0,18121233505.62236,-5.6259087298969284e-08,0.0082704586446492,18121769506.21661
0.5,-0.7,any_recovery_bank_mass_lower_bound,0.061856429060270085,18228660626.064163,1.0,18227809688.552765,-8.795110941883165e-11,0.0083441176755332,18228660626.062176
0.5,-0.675,any_recovery_bank_mass_lower_bound,0.06299815749898172,18204859606.72767,1.0,18203531625.848267,2.718020857271084e-08,0.0084166767911579,18204859606.72565
0.5,-0.6499999999999999,any_recovery_bank_mass_lower_bound,0.06413269759113538,18091334263.96855,1.0,18089292775.004303,2.8126924015182864e-08,0.0084880178511304,18091334263.966515
0.5,-0.625,any_recovery_bank_mass_lower_bound,0.06525799980856237,17960116405.004032,1.0,17957013141.79686,1.496799280731518e-08,0.0085580209635463,17960116405.00197
0.5,-0.6000000000000001,any_recovery_bank_mass_lower_bound,0.06637174217410198,17893518196.700394,1.0,17888832532.402832,-8.078746157416216e-11,0.0086265649256738,17893518196.698307
0.5,-0.575,any_recovery_bank_mass_lower_bound,0.06747119584405065,17931951637.53052,1.0,17924908092.53859,-7.385110842254066e-09,0.0086935274879229,17931951637.52841
0.5,-0.55,any_recovery_bank_mass_lower_bound,0.06855339291681233,18121607366.99293,1.0,18111039843.53281,-7.636637945840863e-09,0.0087587859323246,18121607366.990803
0.5,-0.5249999999999999,any_recovery_bank_mass_lower_bound,0.06961530129453779,18692541065.400253,1.0,18676523716.308647,-4.108521023538112e-09,0.0088222174328513,18692541065.3981
0.5,-0.5,any_recovery_bank_mass_lower_bound,0.07065375379886116,20117282306.281685,1.0,20092211010.886017,-7.391232654938386e-11,0.0088836994800032,20117282306.279514
1.285,-2.1,inventory_only,0.10407907145903474,0.1233054059270407,-1.0,0.01922633446800596,0.0,-0.0036301572131476,0.01922633446800596
1.285,-2.075,inventory_only,0.07552529434336623,0.08895446762994223,-1.0,0.013218548462199364,-8.179323519776927e-05,-0.0029149369936143,0.013429173286575993
1.285,-2.0500000000000003,inventory_only,0.05870244673425903,0.06732149089694178,-1.0,0.007268554097981972,-0.0005232604875699,-0.0022462827664043,0.008619044162682771
1.285,-2.025,inventory_only,0.047950654189651346,0.05452204011272402,-1.0,0.0030212385286431764,-0.0013714431781087,-0.001640366562879,0.006571385923072677
1.285,-2.0,inventory_only,0.04424635536070891,0.05375557187829351,-1.0,0.003163261982919005,-0.0024425790487259,-0.0011082217157651,0.009509216517584605
1.285,-1.975,inventory_only,0.0385232462994706,0.050782007417410326,-1.0,0.00324810435606472,-0.0034535891293476,-0.0006510875390876,0.01225876111793972
1.285,-1.9500000000000002,inventory_only,0.033145858841979986,0.04601836088752825,-1.0,0.004132623218783378,-0.0041481412415869,-0.0002528455903729,0.015007044888804279
1.285,-1.925,inventory_only,0.028624651076452387,0.04343549113482339,-0.791517225325563,0.007389725125172325,-0.004404345199185,0.000129887932675,0.018996112958195824
1.285,-1.9000000000000001,inventory_only,0.029562374465327983,0.04598739523699841,-0.3930681413024494,0.01018656743796791,-0.0043166521550422,0.0005745835286728,0.021625361084993112
1.285,-1.875,inventory_only,0.03222843753019596,0.04980007822818261,-0.22536703048627985,0.011826544645153732,-0.0041504879517306,0.0011820463578293,0.02289061661363283
1.285,-1.85,inventory_only,0.03194285589843085,0.05056083584246603,-0.15722928528209698,0.013070170916159555,-0.0039697984425579,0.002028668976334,0.023726838166754156
1.285,-1.8250000000000002,inventory_only,0.031492405800694075,0.05130097607903015,-0.1159137963243415,0.01437693354767611,-0.0037641982302322,0.0030860698879337,0.02457367732662371
1.285,-1.8,inventory_only,0.03121388052002891,0.05236327765493879,-0.09065522960607275,0.015802181416449495,-0.003523301917462,0.0041753409574214,0.025466647255564294
1.285,-1.7750000000000001,inventory_only,0.03101760236695174,0.05363902360827475,-0.07598375534516623,0.017347160089128476,-0.0032477196057615,0.005516677166665,0.02640909508262297
1.285,-1.75,inventory_only,0.031045566041885037,0.05521633883811566,-0.07064904448354913,0.018930274327867407,-0.0029820433918688,0.0060340959966296,0.027409276239644606
1.285,-1.725,inventory_only,0.030641557285362338,0.05615854233555745,-0.06887491277703275,0.020241640118614974,-0.0027818608713282,0.0057777349610289,0.028269094659090874
1.285,-1.7000000000000002,inventory_only,0.028879438853485026,0.055174328186677925,-0.0677451231176013,0.02087105531730298,-0.0027027596396836,0.0054399825702612,0.02869013614340618
1.285,-1.675,inventory_only,0.025409717598853705,0.05186131700308417,-0.06767585607547787,0.020744128500474534,-0.0027641159881082,0.0055325400588764,0.028637245800394635
1.285,-1.6500000000000001,inventory_only,0.025599236645287845,0.05300884547441538,-0.06423179342081221,0.021415250550941053,-0.0028404609902902,0.0054507287510633,0.029413845383119756
1.285,-1.625,inventory_only,0.025950071088710377,0.05426506768407672,-0.059675739084162675,0.02219312760454931,-0.0027701144155468,0.0054252404517857,0.03000512048242831
1.285,-1.6,inventory_only,0.02651128757980712,0.05566101411343074,-0.0540300443403245,0.02322337227348483,-0.0023913960331951,0.0054481779035898,0.0302865117586859
1.285,-1.5750000000000002,inventory_only,0.027733747393029196,0.05785367226927578,-0.04748799244373899,0.024808462547805648,-0.0016105832673117,0.0055044789175603,0.030780600137523137
1.285,-1.55,inventory_only,0.029316684047232207,0.06082439493802195,-0.04115087510703145,0.027056680449661828,-0.0006057841610107,0.0055807742676573,0.031905428424197226
1.285,-1.525,inventory_only,0.030965434372068543,0.06397343136718954,-0.03575252199479214,0.029422533954853305,0.0003769355878344,0.0056676410289618,0.03327172306109208
1.285,-1.5,inventory_only,0.03295533000546858,0.06760818625934317,-0.03132400388218465,0.03169860434443795,0.0010915102813501,0.0057592129669863,0.03484924787891809
1.285,-1.475,inventory_only,0.03446672903374224,0.07038923224401517,-0.02802217834086182,0.03319603292979247,0.0013637016776866,0.0058521577770163,0.03608750166612347
1.285,-1.4500000000000002,inventory_only,0.03511271308038224,0.07169023460643906,-0.02561953665012222,0.03378859844364252,0.0013065813590888,0.0059447559507907,0.036727797028862155
1.285,-1.425,inventory_only,0.03539986246787454,0.07229896599586673,-0.02366858380884261,0.033941285153461724,0.0011050483638254,0.0060362451315063,0.037041544058716
1.285,-1.4,inventory_only,0.03587083730463163,0.0730737090553611,-0.02185139674059931,0.03415332892615411,0.0009440017301649,0.0061264008529887,0.03733750006818671
1.285,-1.375,inventory_only,0.036889071481671684,0.07447904380621397,-0.020030911624778987,0.03465882765573702,0.0009522064728438,0.0062152838300237,0.03771300797428665
1.285,-1.35,inventory_only,0.03830204325744437,0.07612587832918179,-0.01829074585187461,0.03515204055833099,0.0010338915124695,0.0063030946138591,0.03793828735781726
1.285,-1.3250000000000002,inventory_only,0.039727346096376584,0.07734265568819612,-0.01676687253452229,0.0352241293961561,0.0010371517461171,0.0063900928728854,0.037732659958538146
1.285,-1.3,inventory_only,0.04076115218571309,0.0773719372859188,-0.015544414682136845,0.034401923463632064,0.0008100820708618,0.0064765552369965,0.036755283276274454
1.285,-1.275,inventory_only,0.04201448551492132,0.07786610364681222,-0.014512521893548725,0.0336494803734577,0.0002633985217379,0.0065627551556206,0.03607967117874945
1.285,-1.25,inventory_only,0.043037376548011104,0.07895401972277664,-0.013662686534569654,0.03363597802681507,-0.0004416983143832,0.0066489558885562,0.03636626666976149
1.285,-1.225,inventory_only,0.04363675836254758,0.08058468904437643,-0.012934721719677746,0.03463526832778516,-0.0010813867126713,0.0067354107746252,0.03814570589265496
1.285,-1.2000000000000002,inventory_only,0.04423516369710573,0.08364905332957888,-0.012219538857328243,0.0372474796979916,-0.0014318449482959,0.0068223675200959,0.0412704352983841
1.285,-1.175,inventory_only,0.04772668662507158,0.09185796459981146,-0.01122689602482829,0.04237540746854434,-0.0013397591729965,0.006910073690091,0.04593791904815214
1.285,-1.15,inventory_only,0.0504002529276439,0.09797122107398942,-0.010361980377907158,0.04638930664470534,-0.0009338470447916,0.0069987794819144,0.04882141436470615
1.285,-1.125,inventory_only,0.051057663157885916,0.09970525818236092,-0.009731162222512548,0.048054981487894076,-0.0004133340982699,0.0070887309272375,0.04914571471524818
1.285,-1.1,inventory_only,0.051669753929645075,0.10000119194002463,-0.009193219257813622,0.048191914100532,2.2554131980299425e-05,0.007180140993721,0.04833335511689714
1.285,-1.075,inventory_only,0.053548518680307494,0.10197119263297683,-0.008671758330117373,0.04848851835992497,0.0002227917107957,0.0072731170202535,0.04843564699993486
1.285,-1.05,inventory_only,0.05498258190101512,0.10380149218044049,-0.00826450861743825,0.04889281855013963,0.0002291511007147,0.007367516416067,0.04883305782559205
1.285,-1.0250000000000001,inventory_only,0.05618133384798136,0.10588562003704205,-0.007935493523309304,0.04968059704564167,0.0001316043637007,0.0074627160075412,0.04970733751964106
1.285,-1.0,inventory_only,0.05736238917863948,0.10861356305924143,-0.00765304663834251,0.051115875972026215,2.0123561717250578e-05,0.0075573684673598,0.05125289129968695
1.285,-0.9750000000000001,inventory_only,0.05855730828464677,0.1117131913356743,-0.00765472252410669,0.052967001769049886,-3.4330777845242886e-05,0.0079399445231694,0.053166964167163905
1.285,-0.95,inventory_only,0.060274669573728,0.11533915610154344,-0.007997734019189556,0.05487473936113416,-3.684426588860652e-05,0.0078281298275263,0.055075997508232104
1.285,-0.925,inventory_only,0.06223200521476037,0.11911851918247127,-0.007389274098917883,0.0567241813240715,-1.1514047887782071e-05,0.0075163156589478,0.05689185208405073
1.285,-0.8999999999999999,inventory_only,0.06388215627533685,0.12236191336314622,-0.006112961308864735,0.05834851777064864,1.756273068228876e-05,0.0075425626181253,0.05848125532187124
1.285,-0.875,inventory_only,0.06507397203879685,0.12500698917204986,-0.005297329616058451,0.05981716580725071,3.1382357407227354e-05,0.008010997012371,0.05993354934367631
1.285,-0.8500000000000001,inventory_only,0.0663753069349468,0.12784533189979722,-0.005082402653068705,0.06135526985947702,3.1314852114912084e-05,0.0081024971875581,0.061470498590270206
1.285,-0.825,inventory_only,0.0676679692391592,0.1308161816796749,-0.00487815112258867,0.06302683112645166,2.3823667693785127e-05,0.0081844666376909,0.06314900709922146
1.285,-0.8,inventory_only,0.06896355391063365,0.13391492730329788,-0.004681157116571942,0.06482219024639412,1.5372257032289002e-05,0.0082658015646392,0.06495266656261785
1.285,-0.7749999999999999,inventory_only,0.07027336381115368,0.13704086097367815,-0.0044894547161725695,0.0666344979823356,1.1057855772245128e-05,0.0083463735678738,0.06676905738069959
1.285,-0.75,inventory_only,0.07159689048941151,0.14001892887786815,-0.004301918776559379,0.06828884575975838,1.0512830568991605e-05,0.0084260517942622,0.06842355710228906
1.285,-0.7250000000000001,inventory_only,0.07292880403970424,0.14266347542266825,-0.00411792604169093,0.06960316501540204,1.2003330831245493e-05,0.0085047042616411,0.06973598588423684
1.285,-0.7,inventory_only,0.07426321163661416,0.1448184014747523,-0.0039370929832786145,0.07042550762440408,1.3795505967723925e-05,0.0085821989031231,0.07055629814115369
1.285,-0.675,inventory_only,0.0755948319618563,0.14654865245896087,-0.0037591897605053705,0.07082473228025338,1.4520629041421187e-05,0.0086584050440538,0.07095481662190348
1.285,-0.6499999999999999,inventory_only,0.0769209139029429,0.14802831762660534,-0.0035840694386078263,0.07097780319537172,1.4270467732440548e-05,0.0087331936661999,0.07110836088084103
1.285,-0.625,inventory_only,0.07823941999679584,0.14928699445301502,-0.0034116810173255153,0.07091685184141401,1.3501913375162525e-05,0.0088064383795669,0.07104852973377576
1.285,-0.6000000000000001,inventory_only,0.07954797172605146,0.15059017952278245,-0.003242068592862092,0.07091024959009096,1.267185730396762e-05,0.0088780154909896,0.07104316642636521
1.285,-0.575,inventory_only,0.08084362812640344,0.15221320841299016,-0.0030753391649335176,0.07123666899365858,1.2139050549119009e-05,0.0089478041433908,0.07137052259592562
1.285,-0.55,inventory_only,0.08212246284264887,0.15452794348375806,-0.002911634255020904,0.0722718946352274,1.1869682924410406e-05,0.0090156861189796,0.07240638866632607
1.285,-0.5249999999999999,inventory_only,0.08338013830543481,0.15838905676086645,-0.002751092298098801,0.07487483201591048,1.1731803939518176e-05,0.0090815457607437,0.07500978262795412
1.285,-0.5,inventory_only,0.08461226945624638,0.16561588733759486,-0.0025938222399038403,0.08086910125404932,1.159346310411868e-05,0.0091452696838048,0.08100443652378127
1.285,-2.1,isotropic_wall_bound,0.10407907145903474,0.13452076770004417,-1.0,0.03044169624100944,0.0,-0.0036301572131476,0.03044169624100944
1.285,-2.075,isotropic_wall_bound,0.07552529434336623,0.09755773613751899,-1.0,0.021821816969776132,-8.179323519776927e-05,-0.0029149369936143,0.022032441794152757
1.285,-2.0500000000000003,isotropic_wall_bound,0.05870244673425903,0.07435455816473677,-1.0,0.014301621365776958,-0.0005232604875699,-0.0022462827664043,0.015652111430477757
1.285,-2.025,isotropic_wall_bound,0.047950654189651346,0.06074491463356602,-1.0,0.009244113049485176,-0.0013714431781087,-0.001640366562879,0.012794260443914676
1.285,-2.0,isotropic_wall_bound,0.04424635536070891,0.06056145023296247,-1.0,0.009969140337587964,-0.0024425790487259,-0.0011082217157651,0.016315094872253563
1.285,-1.975,isotropic_wall_bound,0.0385232462994706,0.057490011076464315,-1.0,0.009956108015118712,-0.0034535891293476,-0.0006510875390876,0.01896676477699371
1.285,-1.9500000000000002,isotropic_wall_bound,0.033145858841979986,0.05234648890401138,-1.0,0.010460751235266505,-0.0041481412415869,-0.0002528455903729,0.021335172905287407
1.285,-1.925,isotropic_wall_bound,0.028624651076452387,0.05001474268114902,-0.791517225325563,0.01396897667149796,-0.004404345199185,0.000129887932675,0.02557536450452146
1.285,-1.9000000000000001,isotropic_wall_bound,0.029562374465327983,0.053245926196224466,-0.3930681413024494,0.017445098397193975,-0.0043166521550422,0.0005745835286728,0.028883892044219178
1.285,-1.875,isotropic_wall_bound,0.03222843753019596,0.05778967378065938,-0.22536703048627985,0.019816140197630498,-0.0041504879517306,0.0011820463578293,0.030880212166109595
1.285,-1.85,isotropic_wall_bound,0.03194285589843085,0.05905469287480024,-0.15722928528209698,0.02156402794849376,-0.0039697984425579,0.002028668976334,0.032220695199088364
1.285,-1.8250000000000002,isotropic_wall_bound,0.031492405800694075,0.06033785237571087,-0.1159137963243415,0.023413809844356828,-0.0037641982302322,0.0030860698879337,0.03361055362330443
1.285,-1.8,isotropic_wall_bound,0.03121388052002891,0.062021319166049756,-0.09065522960607275,0.025460222927560464,-0.003523301917462,0.0041753409574214,0.035124688766675266
1.285,-1.7750000000000001,isotropic_wall_bound,0.03101760236695174,0.06404283622899291,-0.07598375534516623,0.027750972709846628,-0.0032477196057615,0.005516677166665,0.036812907703341134
1.285,-1.75,isotropic_wall_bound,0.031045566041885037,0.06640210027782627,-0.07064904448354913,0.030116035767578018,-0.0029820433918688,0.0060340959966296,0.03859503767935522
1.285,-1.725,isotropic_wall_bound,0.030641557285362338,0.06801240197230853,-0.06887491277703275,0.03209549975536606,-0.0027818608713282,0.0057777349610289,0.040122954295841964
1.285,-1.7000000000000002,isotropic_wall_bound,0.028879438853485026,0.06737584438641278,-0.0677451231176013,0.03307257151703785,-0.0027027596396836,0.0054399825702612,0.04089165234314105
1.285,-1.675,isotropic_wall_bound,0.025409717598853705,0.0640499807726245,-0.06767585607547787,0.03293279227001487,-0.0027641159881082,0.0055325400588764,0.04082590956993497
1.285,-1.6500000000000001,isotropic_wall_bound,0.025599236645287845,0.06567985890475878,-0.06423179342081221,0.034086263981284434,-0.0028404609902902,0.0054507287510633,0.04208485881346314
1.285,-1.625,isotropic_wall_bound,0.025950071088710377,0.06745088264816414,-0.059675739084162675,0.035378942568636725,-0.0027701144155468,0.0054252404517857,0.043190935446515734
1.285,-1.6,isotropic_wall_bound,0.02651128757980712,0.06941893938509504,-0.0540300443403245,0.036981297545149124,-0.0023913960331951,0.0054481779035898,0.04404443703035019
1.285,-1.5750000000000002,isotropic_wall_bound,0.027733747393029196,0.07238505600208274,-0.04748799244373899,0.0393398462806126,-0.0016105832673117,0.0055044789175603,0.04531198387033009
1.285,-1.55,isotropic_wall_bound,0.029316684047232207,0.0764427738035682,-0.04115087510703145,0.04267505931520808,-0.0006057841610107,0.0055807742676573,0.047523807289743494
1.285,-1.525,isotropic_wall_bound,0.030965434372068543,0.08080877746470468,-0.03575252199479214,0.046257880052368444,0.0003769355878344,0.0056676410289618,0.050107069158607215
1.285,-1.5,isotropic_wall_bound,0.03295533000546858,0.08575805533909095,-0.03132400388218465,0.049848473424185726,0.0010915102813501,0.0057592129669863,0.05299911695866587
1.285,-1.475,isotropic_wall_bound,0.03446672903374224,0.08948054565057913,-0.02802217834086182,0.05228734633635643,0.0013637016776866,0.0058521577770163,0.055178815072687425
1.285,-1.4500000000000002,isotropic_wall_bound,0.03511271308038224,0.0912444220368953,-0.02561953665012222,0.05334278587409876,0.0013065813590888,0.0059447559507907,0.056281984459318396
1.285,-1.425,isotropic_wall_bound,0.03539986246787454,0.09207442290686318,-0.02366858380884261,0.05371674206445818,0.0011050483638254,0.0060362451315063,0.056817000969712456
1.285,-1.4,isotropic_wall_bound,0.03587083730463163,0.09308745449697003,-0.02185139674059931,0.05416707436776304,0.0009440017301649,0.0061264008529887,0.05735124550979564
1.285,-1.375,isotropic_wall_bound,0.036889071481671684,0.09489575727261816,-0.020030911624778987,0.05507554112214123,0.0009522064728438,0.0062152838300237,0.05812972144069086
1.285,-1.35,isotropic_wall_bound,0.03830204325744437,0.09698108440269003,-0.01829074585187461,0.05600724663183923,0.0010338915124695,0.0063030946138591,0.058793493431325505
1.285,-1.3250000000000002,isotropic_wall_bound,0.039727346096376584,0.09845744789161448,-0.01676687253452229,0.05633892159957446,0.0010371517461171,0.0063900928728854,0.058847452161956505
1.285,-1.3,isotropic_wall_bound,0.04076115218571309,0.09831284649841808,-0.015544414682136845,0.05534283267613134,0.0008100820708618,0.0064765552369965,0.05769619248877373
1.285,-1.275,isotropic_wall_bound,0.04201448551492132,0.09862611747879733,-0.014512521893548725,0.054409494205442825,0.0002633985217379,0.0065627551556206,0.05683968501073458
1.285,-1.25,isotropic_wall_bound,0.043037376548011104,0.09976571624616004,-0.013662686534569654,0.05444767455019847,-0.0004416983143832,0.0066489558885562,0.057177963193144894
1.285,-1.225,isotropic_wall_bound,0.04363675836254758,0.10175814703312833,-0.012934721719677746,0.05580872631653703,-0.0010813867126713,0.0067354107746252,0.05931916388140683
1.285,-1.2000000000000002,isotropic_wall_bound,0.04423516369710573,0.10576472943575835,-0.012219538857328243,0.05936315580417108,-0.0014318449482959,0.0068223675200959,0.06338611140456359
1.285,-1.175,isotropic_wall_bound,0.04772668662507158,0.11636966783260744,-0.01122689602482829,0.0668871107013403,-0.0013397591729965,0.006910073690091,0.07044962228094812
1.285,-1.15,isotropic_wall_bound,0.0504002529276439,0.1244588106936998,-0.010361980377907158,0.07287689626441571,-0.0009338470447916,0.0069987794819144,0.07530900398441652
1.285,-1.125,isotropic_wall_bound,0.051057663157885916,0.12707038573707305,-0.009731162222512548,0.07542010904260617,-0.0004133340982699,0.0070887309272375,0.07651084226996026
1.285,-1.1,isotropic_wall_bound,0.051669753929645075,0.1276523615385222,-0.009193219257813622,0.07584308369902956,2.2554131980299425e-05,0.007180140993721,0.0759845247153947
1.285,-1.075,isotropic_wall_bound,0.053548518680307494,0.13011310350860195,-0.008671758330117373,0.0766304292355501,0.0002227917107957,0.0072731170202535,0.07657755787555999
1.285,-1.05,isotropic_wall_bound,0.05498258190101512,0.13239307380660625,-0.008264508617438248,0.07748440017630537,0.0002291511007147,0.007367516416067,0.07742463945175777
1.285,-1.0250000000000001,isotropic_wall_bound,0.05618133384798136,0.1350288954808923,-0.007935493523309292,0.07882387248949194,0.0001316043637007,0.0074627160075412,0.07885061296349131
1.285,-1.0,isotropic_wall_bound,0.05736238917863948,0.1385540022270305,-0.007653046638342482,0.08105631513981526,2.0123561717250578e-05,0.0075573684673598,0.08119333046747601
1.285,-0.9750000000000001,isotropic_wall_bound,0.05855730828464677,0.1426411579692209,-0.0076547225241066245,0.08389496840259647,-3.4330777845242886e-05,0.0079399445231694,0.08409493080071048
1.285,-0.95,isotropic_wall_bound,0.060274669573728,0.14732122339552492,-0.007997734019189406,0.08685680665511564,-3.684426588860652e-05,0.0078281298275263,0.08705806480221359
1.285,-0.925,isotropic_wall_bound,0.06223200521476037,0.15215635829405327,-0.007389274098917544,0.08976202043565353,-1.1514047887782071e-05,0.0075163156589478,0.08992969119563275
1.285,-0.8999999999999999,isotropic_wall_bound,0.06388215627533685,0.156360200141973,-0.006112961308863993,0.09234680454947539,1.756273068228876e-05,0.0075425626181253,0.09247954210069799
1.285,-0.875,isotropic_wall_bound,0.06507397203879685,0.1598876579671614,-0.005297329616056795,0.09469783460236228,3.1382357407227354e-05,0.008010997012371,0.09481421813878788
1.285,-0.8500000000000001,isotropic_wall_bound,0.0663753069349468,0.1636389220597616,-0.00508240265306509,0.09714886001944144,3.1314852114912084e-05,0.0081024971875581,0.0972640887502346
1.285,-0.825,isotropic_wall_bound,0.0676679692391592,0.1675907094412042,-0.004878151122580775,0.09980135888798096,2.3823667693785127e-05,0.0081844666376909,0.09992353486075069
1.285,-0.8,isotropic_wall_bound,0.06896355391063365,0.17173322387977594,-0.004681157116554849,0.10264048682287219,1.5372257032289002e-05,0.0082658015646392,0.10277096313909571
1.285,-0.7749999999999999,isotropic_wall_bound,0.07027336381115368,0.17590971259440025,-0.004489454716135882,0.10550334960305775,1.1057855772245128e-05,0.0083463735678738,0.10563790900142125
1.285,-0.75,isotropic_wall_bound,0.07159689048941151,0.17984890181515217,-0.004301918776481593,0.10811881869704242,1.0512830568991605e-05,0.0084260517942622,0.10825353003957201
1.285,-0.7250000000000001,isotropic_wall_bound,0.07292880403970424,0.18325878283192717,-0.004117926041528306,0.11019847242466108,1.2003330831245493e-05,0.0085047042616411,0.11033129329349377
1.285,-0.7,isotropic_wall_bound,0.07426321163661416,0.1858944551539593,-0.003937092982944081,0.11150156130361127,1.3795505967723925e-05,0.0085821989031231,0.11163235182035679
1.285,-0.675,isotropic_wall_bound,0.0755948319618563,0.18785940210907567,-0.0037591897598273946,0.11213548193036854,1.4520629041421187e-05,0.0086584050440538,0.11226556627201065
1.285,-0.6499999999999999,isotropic_wall_bound,0.0769209139029429,0.18942946098315636,-0.0035840694372508827,0.11237894655192346,1.4270467732440548e-05,0.0087331936661999,0.11250950423737685
1.285,-0.625,isotropic_wall_bound,0.07823941999679584,0.19065303420348528,-0.0034116810146420677,0.11228289159188562,1.3501913375162525e-05,0.0088064383795669,0.11241456948421537
1.285,-0.6000000000000001,isotropic_wall_bound,0.07954797172605146,0.19195219526169427,-0.0032420685875987755,0.11227226532900532,1.267185730396762e-05,0.0088780154909896,0.11240518216521567
1.285,-0.575,isotropic_wall_bound,0.08084362812640344,0.19376524051875382,-0.0030753391546539553,0.11278870109942704,1.2139050549119009e-05,0.0089478041433908,0.1129225547015684
1.285,-0.55,isotropic_wall_bound,0.08212246284264887,0.19668363796189892,-0.002911634234925291,0.11442758911337737,1.1869682924410406e-05,0.0090156861189796,0.11456208314423129
1.285,-0.5249999999999999,isotropic_wall_bound,0.08338013830543481,0.20206308092195402,-0.0027510922583340496,0.1185488561770153,1.1731803939518176e-05,0.0090815457607437,0.11868380678857965
1.285,-0.5,isotropic_wall_bound,0.08461226945624638,0.21278668786470323,-0.0025938221585873967,0.1280399017811915,1.159346310411868e-05,0.0091452696838048,0.12817523704995612
1.285,-2.1,benchmark_bank_mass_only,0.10407907145903474,65919113708.93346,-1.0,65919113708.82937,0.0,-0.0036301572131476,65919113708.82937
1.285,-2.075,benchmark_bank_mass_only,0.07552529434336623,51787318963.22624,-1.0,51787318963.15051,-8.179323519776927e-05,-0.0029149369936143,51787318963.15073
1.285,-2.0500000000000003,benchmark_bank_mass_only,0.05870244673425903,44993630463.21662,-1.0,44993630463.15657,-0.0005232604875699,-0.0022462827664043,44993630463.15792
1.285,-2.025,benchmark_bank_mass_only,0.047950654189651346,41434287215.33704,-1.0,41434287215.28555,-0.0013714431781087,-0.001640366562879,41434287215.28911
1.285,-2.0,benchmark_bank_mass_only,0.04424635536070891,43382044911.38753,-1.0,43382044911.33694,-0.0024425790487259,-0.0011082217157651,43382044911.34328
1.285,-1.975,benchmark_bank_mass_only,0.0385232462994706,44545601917.432816,-1.0,44545601917.385284,-0.0034535891293476,-0.0006510875390876,44545601917.394295
1.285,-1.9500000000000002,benchmark_bank_mass_only,0.033145858841979986,43852525060.598785,-1.0,43852525060.5569,-0.0041481412415869,-0.0002528455903729,43852525060.56778
1.285,-1.925,benchmark_bank_mass_only,0.028624651076452387,43314463586.30414,-0.791517225325563,43314463586.2681,-0.004404345199185,0.000129887932675,43314463586.2797
1.285,-1.9000000000000001,benchmark_bank_mass_only,0.029562374465327983,45834644453.87142,-0.3930681413024494,45834644453.835625,-0.0043166521550422,0.0005745835286728,45834644453.84707
1.285,-1.875,benchmark_bank_mass_only,0.03222843753019596,49647286939.533585,-0.22536703048627985,49647286939.49561,-0.0041504879517306,0.0011820463578293,49647286939.50668
1.285,-1.85,benchmark_bank_mass_only,0.03194285589843085,52105007374.82077,-0.15722928528209698,52105007374.78328,-0.0039697984425579,0.002028668976334,52105007374.79393
1.285,-1.8250000000000002,benchmark_bank_mass_only,0.031492405800694075,54780397158.3041,-0.1159137963243415,54780397158.26717,-0.0037641982302322,0.0030860698879337,54780397158.27736
1.285,-1.8,benchmark_bank_mass_only,0.03121388052002891,57864880087.772415,-0.09065522960607275,57864880087.735855,-0.003523301917462,0.0041753409574214,57864880087.74552
1.285,-1.7750000000000001,benchmark_bank_mass_only,0.03101760236695174,61395893346.52518,-0.07598375534516623,61395893346.488884,-0.0032477196057615,0.005516677166665,61395893346.49795
1.285,-1.75,benchmark_bank_mass_only,0.031045566041885037,65261431778.975365,-0.07064904448354913,65261431778.93908,-0.0029820433918688,0.0060340959966296,65261431778.94756
1.285,-1.725,benchmark_bank_mass_only,0.030641557285362338,68599358651.03104,-0.06887491277703275,68599358650.99512,-0.0027818608713282,0.0057777349610289,68599358651.00314
1.285,-1.7000000000000002,benchmark_bank_mass_only,0.028879438853485026,70184810360.72873,-0.0677451231176013,70184810360.69444,-0.0027027596396836,0.0054399825702612,70184810360.70226
1.285,-1.675,benchmark_bank_mass_only,0.025409717598853705,69809349871.405,-0.06767585607547787,69809349871.37389,-0.0027641159881082,0.0055325400588764,69809349871.38177
1.285,-1.6500000000000001,benchmark_bank_mass_only,0.025599236645287845,72460132366.53667,-0.06423179342081221,72460132366.50508,-0.0028404609902902,0.0054507287510633,72460132366.51308
1.285,-1.625,benchmark_bank_mass_only,0.025950071088710377,75353058163.83772,-0.059675739084162675,75353058163.80566,-0.0027701144155468,0.0054252404517857,75353058163.81348
1.285,-1.6,benchmark_bank_mass_only,0.02651128757980712,78578357084.16866,-0.0540300443403245,78578357084.13622,-0.0023913960331951,0.0054481779035898,78578357084.14328
1.285,-1.5750000000000002,benchmark_bank_mass_only,0.027733747393029196,82954621615.86728,-0.04748799244373899,82954621615.83424,-0.0016105832673117,0.0055044789175603,82954621615.84021
1.285,-1.55,benchmark_bank_mass_only,0.029316684047232207,89315347607.79887,-0.04115087510703145,89315347607.7651,-0.0006057841610107,0.0055807742676573,89315347607.76996
1.285,-1.525,benchmark_bank_mass_only,0.030965434372068543,96382103559.06458,-0.03575252199479214,96382103559.03,0.0003769355878344,0.0056676410289618,96382103559.03383
1.285,-1.5,benchmark_bank_mass_only,0.03295533000546858,104004983325.25832,-0.03132400388218465,104004983325.2224,0.0010915102813501,0.0057592129669863,104004983325.22552
1.285,-1.475,benchmark_bank_mass_only,0.03446672903374224,110070855239.74234,-0.02802217834086182,110070855239.70517,0.0013637016776866,0.0058521577770163,110070855239.70807
1.285,-1.4500000000000002,benchmark_bank_mass_only,0.03511271308038224,113709984881.87498,-0.02561953665012222,113709984881.83708,0.0013065813590888,0.0059447559507907,113709984881.84001
1.285,-1.425,benchmark_bank_mass_only,0.03539986246787454,116046550326.4388,-0.02366858380884261,116046550326.40044,0.0011050483638254,0.0060362451315063,116046550326.40353
1.285,-1.4,benchmark_bank_mass_only,0.03587083730463163,118345173167.70679,-0.02185139674059931,118345173167.66785,0.0009440017301649,0.0061264008529887,118345173167.67104
1.285,-1.375,benchmark_bank_mass_only,0.036889071481671684,121560752783.92778,-0.020030911624778987,121560752783.88795,0.0009522064728438,0.0062152838300237,121560752783.89102
1.285,-1.35,benchmark_bank_mass_only,0.03830204325744437,125319692535.09561,-0.01829074585187461,125319692535.05463,0.0010338915124695,0.0063030946138591,125319692535.05742
1.285,-1.3250000000000002,benchmark_bank_mass_only,0.039727346096376584,128550194298.12587,-0.016766872534522286,128550194298.08377,0.0010371517461171,0.0063900928728854,128550194298.08629
1.285,-1.3,benchmark_bank_mass_only,0.04076115218571309,129924174237.97186,-0.015544414682136805,129924174237.9289,0.0008100820708618,0.0064765552369965,129924174237.93124
1.285,-1.275,benchmark_bank_mass_only,0.04201448551492132,130883066821.55217,-0.014512521893548184,130883066821.50797,0.0002633985217379,0.0065627551556206,130883066821.5104
1.285,-1.25,benchmark_bank_mass_only,0.043037376548011104,131258642740.46965,-0.013662686534562181,131258642740.42432,-0.0004416983143832,0.0066489558885562,131258642740.42705
1.285,-1.225,benchmark_bank_mass_only,0.04363675836254758,131430125008.51456,-0.012934721719574193,131430125008.4686,-0.0010813867126713,0.0067354107746252,131430125008.4721
1.285,-1.2000000000000002,benchmark_bank_mass_only,0.04423516369710573,133027017887.79408,-0.012219538855883366,133027017887.74768,-0.0014318449482959,0.0068223675200959,133027017887.75171
1.285,-1.175,benchmark_bank_mass_only,0.04772668662507158,142444899058.70694,-0.01122689600412531,142444899058.65744,-0.0013397591729965,0.006910073690091,142444899058.661
1.285,-1.15,benchmark_bank_mass_only,0.0504002529276439,151193549665.68488,-0.010361980083146633,151193549665.6333,-0.0009338470447916,0.0069987794819144,151193549665.63577
1.285,-1.125,benchmark_bank_mass_only,0.051057663157885916,155613859006.12238,-0.00973115809170425,155613859006.0707,-0.0004133340982699,0.0070887309272375,155613859006.0718
1.285,-1.1,benchmark_bank_mass_only,0.051669753929645075,158910756300.5137,-0.009193161635768077,158910756300.46188,2.2554131980299425e-05,0.007180140993721,158910756300.462
1.285,-1.075,benchmark_bank_mass_only,0.053548518680307494,164285037801.2889,-0.00867094836278458,164285037801.2354,0.0002227917107957,0.0072731170202535,164285037801.23538
1.285,-1.05,benchmark_bank_mass_only,0.05498258190101512,168603738064.6633,-0.00825254033627817,168603738064.60837,0.0002291511007147,0.007367516416067,168603738064.6083
1.285,-1.0250000000000001,benchmark_bank_mass_only,0.05618133384798136,172568566782.5519,-0.0078661816885825,172568566782.49573,0.0001316043637007,0.0074627160075412,172568566782.49576
1.285,-1.0,benchmark_bank_mass_only,0.05736238917863948,176939839517.26923,-0.007492730083153319,176939839517.21176,2.0123561717250578e-05,0.0075573684673598,176939839517.21188
1.285,-0.9750000000000001,benchmark_bank_mass_only,0.05855730828464677,182020803451.47983,-0.007260847725286736,182020803451.42108,-3.4330777845242886e-05,0.0079399445231694,182020803451.42126
1.285,-0.95,benchmark_bank_mass_only,0.060274669573728,187755976928.65073,-0.007119777965674224,187755976928.5903,-3.684426588860652e-05,0.0078281298275263,187755976928.59048
1.285,-0.925,benchmark_bank_mass_only,0.06223200521476037,193780564546.69504,-0.0053972427675316355,193780564546.63263,-1.1514047887782071e-05,0.0075163156589478,193780564546.6328
1.285,-0.8999999999999999,benchmark_bank_mass_only,0.06388215627533685,199526902253.79858,-0.0017592008344134791,199526902253.73456,1.756273068228876e-05,0.0075425626181253,199526902253.73502
1.285,-0.875,benchmark_bank_mass_only,0.06507397203879685,204914342389.06958,0.004430635127387675,204914342389.00443,3.1382357407227354e-05,0.008010997012371,204914342389.00552
1.285,-0.8500000000000001,benchmark_bank_mass_only,0.0663753069349468,210403095050.1914,0.016164827329768625,210403095050.12494,3.1314852114912084e-05,0.0081024971875581,210403095050.1275
1.285,-0.825,benchmark_bank_mass_only,0.0676679692391592,216214552927.19583,0.04154269733290317,216214552927.12796,2.3823667693785127e-05,0.0081844666376909,216214552927.13376
1.285,-0.8,benchmark_bank_mass_only,0.06896355391063365,222321764107.8408,0.09580700685346187,222321764107.7711,1.5372257032289002e-05,0.0082658015646392,222321764107.78403
1.285,-0.7749999999999999,benchmark_bank_mass_only,0.07027336381115368,228444564248.2963,0.21113733670942134,228444564248.2229,1.1057855772245128e-05,0.0083463735678738,228444564248.2513
1.285,-0.75,benchmark_bank_mass_only,0.07159689048941151,234062945428.85046,0.452812804814357,234062945428.76495,1.0512830568991605e-05,0.0084260517942622,234062945428.82645
1.285,-0.7250000000000001,benchmark_bank_mass_only,0.07292880403970424,238550661649.26993,0.9515129804841199,238550661649.13474,1.2003330831245493e-05,0.0085047042616411,238550661649.26584
1.285,-0.7,benchmark_bank_mass_only,0.07426321163661416,241384483715.63553,1.0,241384483715.35666,1.3795505967723925e-05,0.0085821989031231,241384483715.63156
1.285,-0.675,benchmark_bank_mass_only,0.0755948319618563,242778149660.8685,1.0,242778149660.29684,1.4520629041421187e-05,0.0086584050440538,242778149660.86456
1.285,-0.6499999999999999,benchmark_bank_mass_only,0.0769209139029429,243318084093.10745,1.0,243318084091.9462,1.4270467732440548e-05,0.0087331936661999,243318084093.10345
1.285,-0.625,benchmark_bank_mass_only,0.07823941999679584,243115297194.539,1.0,243115297192.2052,1.3501913375162525e-05,0.0088064383795669,243115297194.53497
1.285,-0.6000000000000001,benchmark_bank_mass_only,0.07954797172605146,243090292377.13293,1.0,243090292372.47922,1.267185730396762e-05,0.0088780154909896,243090292377.12888
1.285,-0.575,benchmark_bank_mass_only,0.08084362812640344,244204032408.50464,1.0,244204032399.2648,1.2139050549119009e-05,0.0089478041433908,244204032408.50052
1.285,-0.55,benchmark_bank_mass_only,0.08212246284264887,247750384185.2632,1.0,247750384166.9058,1.1869682924410406e-05,0.0090156861189796,247750384185.25906
1.285,-0.5249999999999999,benchmark_bank_mass_only,0.08338013830543481,256674083178.21802,1.0,256674083141.31644,1.1731803939518176e-05,0.0090815457607437,256674083178.21387
1.285,-0.5,benchmark_bank_mass_only,0.08461226945624638,277227578504.6209,1.0,277227578428.00085,1.159346310411868e-05,0.0091452696838048,277227578504.6166
1.285,-2.1,any_recovery_bank_mass_lower_bound,0.10407907145903474,63959675282.46897,-1.0,63959675282.36488,0.0,-0.0036301572131476,63959675282.36488
1.285,-2.075,any_recovery_bank_mass_lower_bound,0.07552529434336623,51787318963.22624,-1.0,51787318963.15051,-8.179323519776927e-05,-0.0029149369936143,51787318963.15073
1.285,-2.0500000000000003,any_recovery_bank_mass_lower_bound,0.05870244673425903,44993630463.21662,-1.0,44993630463.15657,-0.0005232604875699,-0.0022462827664043,44993630463.15792
1.285,-2.025,any_recovery_bank_mass_lower_bound,0.047950654189651346,41434287215.33704,-1.0,41434287215.28555,-0.0013714431781087,-0.001640366562879,41434287215.28911
1.285,-2.0,any_recovery_bank_mass_lower_bound,0.04424635536070891,43252882443.069695,-1.0,43252882443.019104,-0.0024425790487259,-0.0011082217157651,43252882443.025444
1.285,-1.975,any_recovery_bank_mass_lower_bound,0.0385232462994706,44273726891.717094,-1.0,44273726891.66956,-0.0034535891293476,-0.0006510875390876,44273726891.67857
1.285,-1.9500000000000002,any_recovery_bank_mass_lower_bound,0.033145858841979986,43852525060.598785,-1.0,43852525060.5569,-0.0041481412415869,-0.0002528455903729,43852525060.56778
1.285,-1.925,any_recovery_bank_mass_lower_bound,0.028624651076452387,43314463586.30414,-0.791517225325563,43314463586.2681,-0.004404345199185,0.000129887932675,43314463586.2797
1.285,-1.9000000000000001,any_recovery_bank_mass_lower_bound,0.029562374465327983,45834644453.87142,-0.3930681413024494,45834644453.835625,-0.0043166521550422,0.0005745835286728,45834644453.84707
1.285,-1.875,any_recovery_bank_mass_lower_bound,0.03222843753019596,49647286939.533585,-0.22536703048627985,49647286939.49561,-0.0041504879517306,0.0011820463578293,49647286939.50668
1.285,-1.85,any_recovery_bank_mass_lower_bound,0.03194285589843085,52105007374.82077,-0.15722928528209698,52105007374.78328,-0.0039697984425579,0.002028668976334,52105007374.79393
1.285,-1.8250000000000002,any_recovery_bank_mass_lower_bound,0.031492405800694075,54780397158.3041,-0.1159137963243415,54780397158.26717,-0.0037641982302322,0.0030860698879337,54780397158.27736
1.285,-1.8,any_recovery_bank_mass_lower_bound,0.03121388052002891,57864880087.772415,-0.09065522960607275,57864880087.735855,-0.003523301917462,0.0041753409574214,57864880087.74552
1.285,-1.7750000000000001,any_recovery_bank_mass_lower_bound,0.03101760236695174,61395893346.52518,-0.07598375534516623,61395893346.488884,-0.0032477196057615,0.005516677166665,61395893346.49795
1.285,-1.75,any_recovery_bank_mass_lower_bound,0.031045566041885037,65056135015.03369,-0.07064904448354913,65056135014.997406,-0.0029820433918688,0.0060340959966296,65056135015.00589
1.285,-1.725,any_recovery_bank_mass_lower_bound,0.030641557285362338,68188255961.72779,-0.06887491277703275,68188255961.69187,-0.0027818608713282,0.0057777349610289,68188255961.6999
1.285,-1.7000000000000002,any_recovery_bank_mass_lower_bound,0.028879438853485026,69960911481.18149,-0.0677451231176013,69960911481.1472,-0.0027027596396836,0.0054399825702612,69960911481.15501
1.285,-1.675,any_recovery_bank_mass_lower_bound,0.025409717598853705,69809349871.405,-0.06767585607547787,69809349871.37389,-0.0027641159881082,0.0055325400588764,69809349871.38177
1.285,-1.6500000000000001,any_recovery_bank_mass_lower_bound,0.025599236645287845,72460132366.53667,-0.06423179342081221,72460132366.50508,-0.0028404609902902,0.0054507287510633,72460132366.51308
1.285,-1.625,any_recovery_bank_mass_lower_bound,0.025950071088710377,75333787554.32108,-0.059675739084162675,75333787554.28902,-0.0027701144155468,0.0054252404517857,75333787554.29683
1.285,-1.6,any_recovery_bank_mass_lower_bound,0.02651128757980712,78471967761.41716,-0.0540300443403245,78471967761.38472,-0.0023913960331951,0.0054481779035898,78471967761.39178
1.285,-1.5750000000000002,any_recovery_bank_mass_lower_bound,0.027733747393029196,82546351504.88438,-0.04748799244373899,82546351504.85135,-0.0016105832673117,0.0055044789175603,82546351504.85732
1.285,-1.55,any_recovery_bank_mass_lower_bound,0.029316684047232207,88288744420.3043,-0.04115087510703145,88288744420.27054,-0.0006057841610107,0.0055807742676573,88288744420.27539
1.285,-1.525,any_recovery_bank_mass_lower_bound,0.030965434372068543,94675114577.97968,-0.03575252199479214,94675114577.9451,0.0003769355878344,0.0056676410289618,94675114577.94893
1.285,-1.5,any_recovery_bank_mass_lower_bound,0.03295533000546858,102328641982.62888,-0.03132400388218465,102328641982.59296,0.0010915102813501,0.0057592129669863,102328641982.59608
1.285,-1.475,any_recovery_bank_mass_lower_bound,0.03446672903374224,108921611170.82652,-0.02802217834086182,108921611170.78935,0.0013637016776866,0.0058521577770163,108921611170.79225
1.285,-1.4500000000000002,any_recovery_bank_mass_lower_bound,0.03511271308038224,112544200325.63533,-0.02561953665012222,112544200325.59743,0.0013065813590888,0.0059447559507907,112544200325.60036
1.285,-1.425,any_recovery_bank_mass_lower_bound,0.03539986246787454,114522569740.71886,-0.02366858380884261,114522569740.6805,0.0011050483638254,0.0060362451315063,114522569740.6836
1.285,-1.4,any_recovery_bank_mass_lower_bound,0.03587083730463163,116518404991.67314,-0.02185139674059931,116518404991.6342,0.0009440017301649,0.0061264008529887,116518404991.63739
1.285,-1.375,any_recovery_bank_mass_lower_bound,0.036889071481671684,119695907486.22736,-0.020030911624778987,119695907486.18753,0.0009522064728438,0.0062152838300237,119695907486.1906
1.285,-1.35,any_recovery_bank_mass_lower_bound,0.03830204325744437,123639277152.22812,-0.01829074585187461,123639277152.18713,0.0010338915124695,0.0063030946138591,123639277152.18993
1.285,-1.3250000000000002,any_recovery_bank_mass_lower_bound,0.039727346096376584,127037472800.44804,-0.016766872534522286,127037472800.40594,0.0010371517461171,0.0063900928728854,127037472800.40846
1.285,-1.3,any_recovery_bank_mass_lower_bound,0.04076115218571309,128350110268.34615,-0.015544414682136805,128350110268.30318,0.0008100820708618,0.0064765552369965,128350110268.30553
1.285,-1.275,any_recovery_bank_mass_lower_bound,0.04201448551492132,129036327495.51007,-0.014512521893548192,129036327495.46587,0.0002633985217379,0.0065627551556206,129036327495.4683
1.285,-1.25,any_recovery_bank_mass_lower_bound,0.043037376548011104,128865367664.29333,-0.013662686534562318,128865367664.248,-0.0004416983143832,0.0066489558885562,128865367664.25073
1.285,-1.225,any_recovery_bank_mass_lower_bound,0.04363675836254758,128693182237.60756,-0.012934721719576348,128693182237.5616,-0.0010813867126713,0.0067354107746252,128693182237.56511
1.285,-1.2000000000000002,any_recovery_bank_mass_lower_bound,0.04423516369710573,130583049544.07314,-0.012219538855909911,130583049544.02673,-0.0014318449482959,0.0068223675200959,130583049544.03076
1.285,-1.175,any_recovery_bank_mass_lower_bound,0.04772668662507158,139734304731.11444,-0.011226896004519269,139734304731.06494,-0.0013397591729965,0.006910073690091,139734304731.0685
1.285,-1.15,any_recovery_bank_mass_lower_bound,0.0504002529276439,148082440781.14874,-0.010361980089211919,148082440781.09717,-0.0009338470447916,0.0069987794819144,148082440781.09964
1.285,-1.125,any_recovery_bank_mass_lower_bound,0.051057663157885916,152575875906.89294,-0.009731158172348263,152575875906.84128,-0.0004133340982699,0.0070887309272375,152575875906.84238
1.285,-1.1,any_recovery_bank_mass_lower_bound,0.051669753929645075,155969982715.11633,-0.009193162702111183,155969982715.0645,2.2554131980299425e-05,0.007180140993721,155969982715.06464
1.285,-1.075,any_recovery_bank_mass_lower_bound,0.053548518680307494,161643593805.42294,-0.008670961385780324,161643593805.36945,0.0002227917107957,0.0072731170202535,161643593805.36942
1.285,-1.05,any_recovery_bank_mass_lower_bound,0.05498258190101512,166011402176.73126,-0.008252724352392665,166011402176.67633,0.0002291511007147,0.007367516416067,166011402176.67627
1.285,-1.0250000000000001,any_recovery_bank_mass_lower_bound,0.05618133384798136,169860703560.36978,-0.007867269296665582,169860703560.3136,0.0001316043637007,0.0074627160075412,169860703560.31363
1.285,-1.0,any_recovery_bank_mass_lower_bound,0.05736238917863948,174043706669.89795,-0.0074953541278157745,174043706669.84048,2.0123561717250578e-05,0.0075573684673598,174043706669.8406
1.285,-0.9750000000000001,any_recovery_bank_mass_lower_bound,0.05855730828464677,178953490294.3567,-0.00726748508392801,178953490294.29794,-3.4330777845242886e-05,0.0079399445231694,178953490294.29813
1.285,-0.95,any_recovery_bank_mass_lower_bound,0.060274669573728,184565536435.1706,-0.0071346966201450614,184565536435.11017,-3.684426588860652e-05,0.0078281298275263,184565536435.11035
1.285,-0.925,any_recovery_bank_mass_lower_bound,0.06223200521476037,190493474799.19836,-0.005431033492527268,190493474799.13596,-1.1514047887782071e-05,0.0075163156589478,190493474799.13614
1.285,-0.8999999999999999,any_recovery_bank_mass_lower_bound,0.06388215627533685,196152106660.0023,-0.0018328402860346038,196152106659.93826,1.756273068228876e-05,0.0075425626181253,196152106659.93872
1.285,-0.875,any_recovery_bank_mass_lower_bound,0.06507397203879685,201439249061.2013,0.004265660899719794,201439249061.13614,3.1382357407227354e-05,0.008010997012371,201439249061.1372
1.285,-0.8500000000000001,any_recovery_bank_mass_lower_bound,0.0663753069349468,206802345810.05414,0.01580121125654727,206802345809.98767,3.1314852114912084e-05,0.0081024971875581,206802345809.99017
1.285,-0.825,any_recovery_bank_mass_lower_bound,0.0676679692391592,212469587737.32162,0.04073866051300933,212469587737.25372,2.3823667693785127e-05,0.0081844666376909,212469587737.25943
1.285,-0.8,any_recovery_bank_mass_lower_bound,0.06896355391063365,218422851255.6352,0.09404472057631857,218422851255.56555,1.5372257032289002e-05,0.0082658015646392,218422851255.57825
1.285,-0.7749999999999999,any_recovery_bank_mass_lower_bound,0.07027336381115368,224390180025.64825,0.2073104395187906,224390180025.57498,1.1057855772245128e-05,0.0083463735678738,224390180025.6029
1.285,-0.75,any_recovery_bank_mass_lower_bound,0.07159689048941151,229855355933.58752,0.44459556604728795,229855355933.5025,1.0512830568991605e-05,0.0084260517942622,229855355933.56287
1.285,-0.7250000000000001,any_recovery_bank_mass_lower_bound,0.07292880403970424,234191687713.13034,0.9340509865189034,234191687712.9974,1.2003330831245493e-05,0.0085047042616411,234191687713.1261
1.285,-0.7,any_recovery_bank_mass_lower_bound,0.07426321163661416,236875401441.78726,1.0,236875401441.51352,1.3795505967723925e-05,0.0085821989031231,236875401441.7833
1.285,-0.675,any_recovery_bank_mass_lower_bound,0.0755948319618563,237808081353.04425,1.0,237808081352.48422,1.4520629041421187e-05,0.0086584050440538,237808081353.0403
1.285,-0.6499999999999999,any_recovery_bank_mass_lower_bound,0.0769209139029429,237509992557.32578,1.0,237509992556.19217,1.4270467732440548e-05,0.0087331936661999,237509992557.3218
1.285,-0.625,any_recovery_bank_mass_lower_bound,0.07823941999679584,236924856976.294,1.0,236924856974.01953,1.3501913375162525e-05,0.0088064383795669,236924856976.28998
1.285,-0.6000000000000001,any_recovery_bank_mass_lower_bound,0.07954797172605146,237152796944.97488,1.0,237152796940.43472,1.267185730396762e-05,0.0088780154909896,237152796944.97083
1.285,-0.575,any_recovery_bank_mass_lower_bound,0.08084362812640344,238757613738.58267,1.0,238757613729.54883,1.2139050549119009e-05,0.0089478041433908,238757613738.57858
1.285,-0.55,any_recovery_bank_mass_lower_bound,0.08212246284264887,242391506973.1999,1.0,242391506955.23944,1.1869682924410406e-05,0.0090156861189796,242391506973.19574
1.285,-0.5249999999999999,any_recovery_bank_mass_lower_bound,0.08338013830543481,251190425761.26547,1.0,251190425725.1522,1.1731803939518176e-05,0.0090815457607437,251190425761.26135
1.285,-0.5,any_recovery_bank_mass_lower_bound,0.08461226945624638,271624729488.96274,1.0,271624729413.8912,1.159346310411868e-05,0.0091452696838048,271624729488.95856
