s,x,model,baseline_required_negative_null,required_negative_null,worst_direction,auxiliary_rho,endpoint_rho,geometry_rho,endpoint_remainder_required_negative_null
0.0,-2.1,inventory_only,0.03340980939851004,0.040180598850973984,-1.0,0.006770789452408927,0.0,0.0023337375658352,0.0067707894524639415
0.0,-2.075,inventory_only,0.021237715593351098,0.026379399538407386,-1.0,0.005124678938591576,-8.535179333010051e-06,0.0028418178414959,0.005141683945056289
0.0,-2.0500000000000003,inventory_only,0.013748480781210878,0.018158286184678962,-1.0,0.004300125812228323,-5.507153732444692e-05,0.0032715423093118,0.0044098054034680855
0.0,-2.025,inventory_only,0.009203122488166115,0.01451365977112683,-1.0,0.00502211019470449,-0.0001448611148155,0.0036316604854428,0.005310537282960718
0.0,-2.0,inventory_only,0.007740808932454739,0.01324730655949621,-1.0,0.0049936132674731695,-0.0002576361141794,0.0039315174681988,0.005506497627041472
0.0,-1.975,inventory_only,0.006563141463721339,0.011716527679524873,-1.0,0.0044331623472935264,-0.0003618170466017,0.0041804094340542,0.005153386215803533
0.0,-1.9500000000000002,inventory_only,0.005610878069562889,0.009899539745427689,-1.0,0.003545409396310887,-0.0004290935153797,0.004387110055161,0.004399550786225157
0.0,-1.925,inventory_only,0.006736113202878984,0.008467077597386265,-1.0,0.0028054722389460663,-0.000446785264316,0.0045595628826154,0.0036948930613513484
0.0,-1.9000000000000001,inventory_only,0.008448462795975584,0.009886221721335037,-0.017026155173052455,0.0027451513334005554,-0.0004259864374951,0.0047047180051175,0.0035932866132684766
0.0,-1.875,inventory_only,0.010025152475272704,0.011565953955822626,-0.006482661280097066,0.0027659637506638342,-0.0003948872864968,0.0048284833960937,0.0035523459875089172
0.0,-1.85,inventory_only,0.011075398298676384,0.01264129306435536,-0.0035365626535691663,0.002702594097054208,-0.0003613926532464,0.0049357584846617,0.0034224773835264807
0.0,-1.8250000000000002,inventory_only,0.012111093093186297,0.013716005939115202,-0.0021599772035471943,0.0026481765507167278,-0.0003261448929073,0.0050305208410209,0.003298078945207248
0.0,-1.8,inventory_only,0.01317385991886784,0.014838077926087358,-0.0013993631150778418,0.002610163487786603,-0.0002897863606429,0.0051159408085936,0.0031878670143241244
0.0,-1.7750000000000001,inventory_only,0.014265594487647425,0.01600686429403034,-0.0009408147379996016,0.002587095518266182,-0.0002529380068778,0.0051945057150499,0.003091605247880885
0.0,-1.75,inventory_only,0.015323398764516162,0.01714247446703173,-0.0006507106824906365,0.002563107301957084,-0.0002161351630802,0.0052681408552805,0.002994487678580199
0.0,-1.725,inventory_only,0.016256686984467212,0.018128882285029246,-0.0004614541487195497,0.0025138963573161865,-0.0001798917559795,0.0053383195872739,0.0028732302789551065
0.0,-1.7000000000000002,inventory_only,0.01698587309374979,0.018862027269374908,-0.00033501420818378777,0.002416125076607919,-0.000144721712305,0.0054061587056963,0.002705513894937076
0.0,-1.675,inventory_only,0.017493091375736573,0.01931476021732237,-0.0002485015423338028,0.0022616098596706558,-0.0001110987894059,0.0054724980576715,0.002484094556484545
0.0,-1.6500000000000001,inventory_only,0.01836089204534273,0.02022392839448557,-0.0001852419556915774,0.002205601832373007,-7.93360671104438e-05,0.005537965117031,0.002364847721955513
0.0,-1.625,inventory_only,0.01923844020319052,0.02114797354753838,-0.00013962351041701124,0.002158295166543568,-4.970645586645797e-05,0.0056030261699531,0.0022625574043316924
0.0,-1.6,inventory_only,0.02013086668969841,0.02209163135238977,-0.00010632812262670214,0.0021202121632527904,-2.2482866122002697e-05,0.0056680259999292,0.002177586712804038
0.0,-1.5750000000000002,inventory_only,0.021082378097559112,0.023114519071713396,-8.169095905867299e-05,0.0021077504054437227,2.08686748434942e-06,0.0057332183408597,0.0021224890061623644
0.0,-1.55,inventory_only,0.022068643970522415,0.024205334435213124,-6.331481303663995e-05,0.0021352029061515176,2.3855213551660934e-05,0.0057987888076924,0.0021376124458141574
0.0,-1.525,inventory_only,0.023066841594714286,0.025310876709094633,-4.950209429197772e-05,0.0021735259636674184,4.269971648840282e-05,0.0058648720846516,0.0022443718456451587
0.0,-1.5,inventory_only,0.024101300400587573,0.026466623879515958,-3.900472656447401e-05,0.0022352024660611423,5.849792070304611e-05,0.0059315646955091,0.0023655813047790256
0.0,-1.475,inventory_only,0.02511426849712673,0.027562544633601655,-3.098015013710866e-05,0.002268930879033109,7.118456586028849e-05,0.0059989343625654,0.002448500304737182
0.0,-1.4500000000000002,inventory_only,0.0260773820931617,0.028536831320130754,-2.479267097706541e-05,0.002240819377538418,8.092317264973259e-05,0.0060670268524957,0.0024596513039481308
0.0,-1.425,inventory_only,0.027021623537469015,0.02945476570956749,-1.9952308659293472e-05,0.0021843629581236182,8.793445701720743e-05,0.0061358710822776,0.0024333260865781964
0.0,-1.4,inventory_only,0.027982230514240584,0.030386511931395698,-1.6095525819651988e-05,0.002133683644303668,9.243913490854188e-05,0.0062054826706394,0.0024044488153570883
0.0,-1.375,inventory_only,0.02897129674136345,0.031363760657124554,-1.2950058330554025e-05,0.0021088306497256005,9.449538306414832e-05,0.0062758666432096,0.0023926155515709507
0.0,-1.35,inventory_only,0.029970498122189892,0.03235300593179274,-1.0307900228357211e-05,0.002100101108756166,9.351122140277288e-05,0.00634701931741,0.0023826430311201983
0.0,-1.3250000000000002,inventory_only,0.030958412723217837,0.033303073667418144,-8.00137461644617e-06,0.002084478567254079,8.873213063774524e-05,0.0064189296890451,0.0023447775895055066
0.0,-1.3,inventory_only,0.03191120018551841,0.03415972230886705,-5.899273283064511e-06,0.0020382975691470894,7.940359148239477e-05,0.0064915804484317,0.002248616726007055
0.0,-1.275,inventory_only,0.03291217598541527,0.03502961576899825,-3.81704208511461e-06,0.0019868916714519515,6.533961675763977e-05,0.0065649485666774,0.0021175087603303626
0.0,-1.25,inventory_only,0.03398359207888017,0.035948992900232145,-1.5615064074643852e-06,0.0019272301934819738,4.86283477147534e-05,0.0066390059980294,0.0019654445601173355
0.0,-1.225,inventory_only,0.03511397842146125,0.036941200519661696,1.1200693280634373e-06,0.001872361603726004,3.1926457712597234e-05,0.0067137197770188,0.0018272919920199813
0.0,-1.2000000000000002,inventory_only,0.036320710891562066,0.03807413243380009,4.689586019932378e-06,0.0018510353033242353,1.7890620110032974e-05,0.0067890525065175,0.001825941297788329
0.0,-1.175,inventory_only,0.037668064414689124,0.039496331273543614,1.0223920722861385e-05,0.0019325663376744027,8.528426065390453e-06,0.0068649623230165,0.0019241324705750662
0.0,-1.15,inventory_only,0.03891093026285478,0.040834196966545104,1.7790863886665e-05,0.0020007744265996244,3.2511379348722536e-06,0.0069414030688657,0.001999496642972472
0.0,-1.125,inventory_only,0.03998612704724721,0.041966036032731524,2.746649091018606e-05,0.002016274518306121,8.209358741488936e-07,0.0070183244569582,0.0020167913178635493
0.0,-1.1,inventory_only,0.04098130699177579,0.042999310876273615,4.027793387175226e-05,0.00201800383299434,3.889085287284202e-14,0.007095671963755,0.0020197726553332165
0.0,-1.075,inventory_only,0.042017494306676104,0.044083876200111144,5.871466456228908e-05,0.0020494691817196584,-2.6281007196919585e-07,0.0071733869385753,0.0020665156450813257
0.0,-1.05,inventory_only,0.04307451361533385,0.045156151646839726,8.42601292986867e-05,0.002064139096096229,-2.719175864499992e-07,0.0072514066230098,0.0020818953144513034
0.0,-1.0250000000000001,inventory_only,0.04415854566744839,0.04624019435472647,0.00012005063742736963,0.002072312748981034,-1.450662893081578e-07,0.0073296641645672,0.00208255006072084
0.0,-1.0,inventory_only,0.04527415964372037,0.04735841623528815,0.00017088080791476554,0.0020842555787656887,3.469973175649211e-14,0.0074080886309823,0.002092432494822687
0.0,-0.9750000000000001,inventory_only,0.046401576569698656,0.048500919606918984,0.00024280997406684872,0.0021038726745840302,7.041979028619717e-08,0.0074866051230365,0.002115694035053595
0.0,-0.95,inventory_only,0.0475202482793051,0.04964392386768244,0.0003429996644019306,0.0021283600985725765,7.286014004028336e-08,0.0075651347407716,0.002145454456358975
0.0,-0.925,inventory_only,0.048629024390691625,0.05078073249299965,0.00048087123417876027,0.0021542009536407625,3.887043602016216e-08,0.0076435947270188,0.002178790831157329
0.0,-0.8999999999999999,inventory_only,0.04972800525806008,0.05190709251891254,0.0006682349548347152,0.0021790702812502665,3.028400547966729e-14,0.007721900657942,0.0022141575584853643
0.0,-0.875,inventory_only,0.05082567592606225,0.053033377581647334,0.0009224927533286626,0.00220645424479037,-1.8868887685569712e-08,0.0077999648738552,0.002256166440168049
0.0,-0.8500000000000001,inventory_only,0.051932139213190454,0.05417794466747475,0.001270106619732782,0.0022444848622233237,-1.95227787081707e-08,0.0078776922479529,0.0023146545628000025
0.0,-0.825,inventory_only,0.05305319244869226,0.05535491569255526,0.0017480088677519913,0.002300928726050687,-1.0415266178960441e-08,0.0079549824923807,0.002399832898712001
0.0,-0.8,inventory_only,0.054194795836204006,0.056576384984123776,0.0024048615229810034,0.0023813492773498506,2.6506897738834634e-14,0.0080317320624559,0.002520570042328064
0.0,-0.7749999999999999,inventory_only,0.05536196247109084,0.05785026655778888,0.0032977183362478376,0.002488169984248245,5.0559367804048924e-09,0.0081078350052722,0.002683373881686871
0.0,-0.75,inventory_only,0.056560699812906505,0.05918211438303164,0.004482960802063253,0.0026208871465473855,5.2311453772185905e-09,0.0081831831570802,0.002892133250414249
0.0,-0.7250000000000001,inventory_only,0.05779957175317897,0.06057867114743855,0.006001778436181897,0.002777704344768322,2.790793859160746e-09,0.0082576667794919,0.003148819475079008
0.0,-0.7,inventory_only,0.059088790205803564,0.062049949245630946,0.007865850400027574,0.002958411297927178,2.378805318083725e-14,0.0083311750592618,0.003455270827749616
0.0,-0.675,inventory_only,0.06044096983921962,0.06361931574855548,0.010073153705883967,0.0031736830185627746,-1.3547040142674047e-09,0.008403597176306,0.0038234265920368774
0.0,-0.6499999999999999,inventory_only,0.061871283933556516,0.06532271956907991,0.01265395987205974,0.003444019719245519,-1.4016516859053686e-09,0.0084748230738292,0.004276349990845239
0.0,-0.625,inventory_only,0.06339746148688391,0.06719787942266332,0.015720346849930886,0.0037889304539121663,-7.477621049503342e-10,0.0085447401296117,0.004838721513670382
0.0,-0.6000000000000001,inventory_only,0.0650322669442013,0.06927259603642338,0.01947626682433611,0.004222648939246184,2.1850508076576268e-14,0.008613222418933,0.005533484343158875
0.0,-0.575,inventory_only,0.06677607792654495,0.07161282981514386,0.024301944748475898,0.004809092502615649,3.6301942949608157e-10,0.0086801297065247,0.0064553197048932455
0.0,-0.55,inventory_only,0.068616053297853,0.07419960760861534,0.03042640680640826,0.005540039009523752,3.755983895032552e-10,0.0087453296492778,0.0076091426396940436
0.0,-0.5249999999999999,inventory_only,0.07062805514119655,0.0772842910639404,0.03932532477336422,0.006583573359579646,2.0038861513503075e-10,0.0088089325564124,0.009257599075128006
0.0,-0.5,inventory_only,0.0731271696096231,0.08174769433148364,0.05614591791605493,0.008474259298354162,1.99909968404812e-14,0.0088711282825633,0.012246503466044929
0.0,-2.1,isotropic_wall_bound,0.03340980939851004,0.04413022603157795,-1.0,0.010720416632980801,0.0,0.0023337375658352,0.010720416633067907
0.0,-2.075,isotropic_wall_bound,0.021237715593351098,0.029298315408011498,-1.0,0.00804359480815371,-8.535179333010051e-06,0.0028418178414959,0.008060599814660402
0.0,-2.0500000000000003,isotropic_wall_bound,0.013748480781210878,0.02043353534938936,-1.0,0.006575374976887983,-5.507153732444692e-05,0.0032715423093118,0.006685054568178483
0.0,-2.025,isotropic_wall_bound,0.009203122488166115,0.016775262889426525,-1.0,0.00728371331293506,-0.0001448611148155,0.0036316604854428,0.00757214040126041
0.0,-2.0,isotropic_wall_bound,0.007740808932454739,0.015415652345416642,-1.0,0.00716195905331266,-0.0002576361141794,0.0039315174681988,0.007674843412961903
0.0,-1.975,isotropic_wall_bound,0.006563141463721339,0.013663815363738814,-1.0,0.00638045003142872,-0.0003618170466017,0.0041804094340542,0.007100673900017476
0.0,-1.9500000000000002,isotropic_wall_bound,0.005610878069562889,0.011562059489881848,-1.0,0.0052079291407033474,-0.0004290935153797,0.004387110055161,0.006062070530679315
0.0,-1.925,isotropic_wall_bound,0.006736113202878984,0.009920253327807615,-1.0,0.004258647969334145,-0.000446785264316,0.0045595628826154,0.005148068791772698
0.0,-1.9000000000000001,isotropic_wall_bound,0.008448462795975584,0.011376735599654169,-0.017026155168499972,0.004235665211719946,-0.0004259864374951,0.0047047180051175,0.005083800491572624
0.0,-1.875,isotropic_wall_bound,0.010025152475272704,0.013092080776855647,-0.006482661263223358,0.004292090571697619,-0.0003948872864968,0.0048284833960937,0.005078472808425006
0.0,-1.85,isotropic_wall_bound,0.011075398298676384,0.014151794614400451,-0.003536562622932695,0.004213095647100398,-0.0003613926532464,0.0049357584846617,0.004932978933262739
0.0,-1.8250000000000002,isotropic_wall_bound,0.012111093093186297,0.015213809858991786,-0.002159977152705655,0.004145980470594745,-0.0003261448929073,0.0050305208410209,0.0047958828644198625
0.0,-1.8,isotropic_wall_bound,0.01317385991886784,0.01633061745909459,-0.0013993630324039734,0.004102703020795681,-0.0002897863606429,0.0051159408085936,0.004680406546013924
0.0,-1.7750000000000001,isotropic_wall_bound,0.014265594487647425,0.017500310895250375,-0.0009408146039990823,0.004080542119488582,-0.0002529380068778,0.0051945057150499,0.0045850518465890095
0.0,-1.75,isotropic_wall_bound,0.015323398764516162,0.018633740182871315,-0.0006507104656411302,0.004054373017799701,-0.0002161351630802,0.0052681408552805,0.004485753389764399
0.0,-1.725,isotropic_wall_bound,0.016256686984467212,0.019603504438233305,-0.00046145379957841353,0.003988518510524123,-0.0001798917559795,0.0053383195872739,0.00434785242376606
0.0,-1.7000000000000002,isotropic_wall_bound,0.01698587309374979,0.020287943061538936,-0.0003350136548211651,0.0038420408687768366,-0.000144721712305,0.0054061587056963,0.004131429672502938
0.0,-1.675,isotropic_wall_bound,0.017493091375736573,0.02065125137209012,-0.0002485006869463429,0.003598101014444456,-0.0001110987894059,0.0054724980576715,0.003820585686917704
0.0,-1.6500000000000001,isotropic_wall_bound,0.01836089204534273,0.02153136397055266,-0.00018524058904643525,0.0035130374084478577,-7.93360671104438e-05,0.005537965117031,0.003672283256111175
0.0,-1.625,isotropic_wall_bound,0.01923844020319052,0.022430461552150463,-0.00013962132862585698,0.003440783171165661,-4.970645586645797e-05,0.0056030261699531,0.0035450454806572524
0.0,-1.6,isotropic_wall_bound,0.02013086668969841,0.023353655222628104,-0.0001063246434351018,0.0033822360335040865,-2.2482866122002697e-05,0.0056680259999292,0.0034396107049654728
0.0,-1.5750000000000002,isotropic_wall_bound,0.021082378097559112,0.02437731183013405,-8.168535061956222e-05,0.003370543163881438,2.08686748434942e-06,0.0057332183408597,0.0033852819734482373
0.0,-1.55,isotropic_wall_bound,0.022068643970522415,0.025487574436918573,-6.330569367663246e-05,0.0034174429078797433,2.3855213551660934e-05,0.0057987888076924,0.00341985250471211
0.0,-1.525,isotropic_wall_bound,0.023066841594714286,0.0266137675526713,-4.948734530672853e-05,0.0034764168072745102,4.269971648840282e-05,0.0058648720846516,0.0035472627191685466
0.0,-1.5,isotropic_wall_bound,0.024101300400587573,0.027804541157566143,-3.898078304563501e-05,0.0035731197441523223,5.849792070304611e-05,0.0059315646955091,0.0037034986178203907
0.0,-1.475,isotropic_wall_bound,0.02511426849712673,0.02891208838656301,-3.094220375358178e-05,0.003618474632048661,7.118456586028849e-05,0.0059989343625654,0.0037980441049473494
0.0,-1.4500000000000002,isotropic_wall_bound,0.0260773820931617,0.029858159467849893,-2.4734641373737564e-05,0.0035621475253269723,8.092317264973259e-05,0.0060670268524957,0.003780979517437356
0.0,-1.425,isotropic_wall_bound,0.027021623537469015,0.0307310374922141,-1.9865330468767643e-05,0.003460634740857578,8.793445701720743e-05,0.0061358710822776,0.003709597961937474
0.0,-1.4,isotropic_wall_bound,0.027982230514240584,0.031623545399273804,-1.596563794790129e-05,0.003370717112291246,9.243913490854188e-05,0.0062054826706394,0.0036414824159322914
0.0,-1.375,isotropic_wall_bound,0.02897129674136345,0.03257787909299063,-1.2755096354544605e-05,0.0033229490857287747,9.449538306414832e-05,0.0062758666432096,0.0036067341808982273
0.0,-1.35,isotropic_wall_bound,0.029970498122189892,0.033550899387676435,-1.0015798946973949e-05,0.003297994564808552,9.351122140277288e-05,0.00634701931741,0.003580536772322758
0.0,-1.3250000000000002,isotropic_wall_bound,0.030958412723217837,0.03447646006756325,-7.569728826680724e-06,0.0032578649675971886,8.873213063774524e-05,0.0064189296890451,0.0035181644108157385
0.0,-1.3,isotropic_wall_bound,0.03191120018551841,0.03528534237821084,-5.278312091434194e-06,0.0031639176387023645,7.940359148239477e-05,0.0064915804484317,0.0033742374127366764
0.0,-1.275,isotropic_wall_bound,0.03291217598541527,0.03611206926431568,-2.9274477820656133e-06,0.0030693451669582344,6.533961675763977e-05,0.0065649485666774,0.003199963193120748
0.0,-1.25,isotropic_wall_bound,0.03398359207888017,0.03700419800865265,-2.7849996282310255e-07,0.0029824353019791915,4.86283477147534e-05,0.0066390059980294,0.003020651261599577
0.0,-1.225,isotropic_wall_bound,0.03511397842146125,0.03798411429315749,2.983315336226946e-06,0.002915275376965413,3.1926457712597234e-05,0.0067137197770188,0.0028702192041884715
0.0,-1.2000000000000002,isotropic_wall_bound,0.036320710891562066,0.03913603899875781,7.457676667868658e-06,0.0029129418671178767,1.7890620110032974e-05,0.0067890525065175,0.0028876562084610463
0.0,-1.175,isotropic_wall_bound,0.037668064414689124,0.040638382875152645,1.4534909203516008e-05,0.0030746179354635183,8.528426065390453e-06,0.0068649623230165,0.0030658755197005582
0.0,-1.15,isotropic_wall_bound,0.03891093026285478,0.04203669727499055,2.4333565422940347e-05,0.003203274724860671,3.2511379348722536e-06,0.0069414030688657,0.0032015134514279996
0.0,-1.125,isotropic_wall_bound,0.03998612704724721,0.04318248713182509,3.697469843467746e-05,0.0032327255940723036,8.209358741488936e-07,0.0070183244569582,0.003233966491115364
0.0,-1.1,isotropic_wall_bound,0.04098130699177579,0.044203733716224616,5.375440036245593e-05,0.003222426623321161,3.889085287284202e-14,0.007095671963755,0.003225251147377058
0.0,-1.075,isotropic_wall_bound,0.042017494306676104,0.045287691801474836,7.791444922458311e-05,0.0032532846775003175,-2.6281007196919585e-07,0.0071733869385753,0.003270502292564214
0.0,-1.05,isotropic_wall_bound,0.04307451361533385,0.04635621038810486,0.00011143076627333078,0.0032641976175825276,-2.719175864499992e-07,0.0072514066230098,0.0032822951106055115
0.0,-1.0250000000000001,isotropic_wall_bound,0.04415854566744839,0.04743995714289766,0.00015844699933421317,0.00327207508350955,-1.450662893081578e-07,0.0073296641645672,0.0032835972705873065
0.0,-1.0,isotropic_wall_bound,0.04527415964372037,0.048567507759251546,0.00022532595401862347,0.003293346163948595,3.469973175649211e-14,0.0074080886309823,0.003306266563713481
0.0,-0.9750000000000001,isotropic_wall_bound,0.046401576569698656,0.04972653877522703,0.00032009092416266185,0.0033294899018498914,7.041979028619717e-08,0.0074866051230365,0.0033482175295123946
0.0,-0.95,isotropic_wall_bound,0.0475202482793051,0.05088695769809231,0.0004521900699893093,0.0033713899593791263,7.286014004028336e-08,0.0075651347407716,0.0033984883979541504
0.0,-0.925,isotropic_wall_bound,0.048629024390691625,0.052040008010831786,0.0006340785776227355,0.003413468474812182,3.887043602016216e-08,0.0076435947270188,0.0034524436112384495
0.0,-0.8999999999999999,isotropic_wall_bound,0.04972800525806008,0.05318018018543695,0.0008813353624884596,0.003452142128878369,3.028400547966729e-14,0.007721900657942,0.0035077283433873306
0.0,-0.875,isotropic_wall_bound,0.05082567592606225,0.05432114157092455,0.001216894703693565,0.0034941873772326728,-1.8868887685569712e-08,0.0077999648738552,0.003572907368164356
0.0,-0.8500000000000001,isotropic_wall_bound,0.051932139213190454,0.05548713766973085,0.0016755959790658238,0.0035536180553161646,-1.95227787081707e-08,0.0078776922479529,0.0036647099351098966
0.0,-0.825,isotropic_wall_bound,0.05305319244869226,0.0566968003566109,0.002305888777142945,0.0036426977187213284,-1.0415266178960441e-08,0.0079549824923807,0.003799274187019615
0.0,-0.8,isotropic_wall_bound,0.054194795836204006,0.05796546181868392,0.0031714064430112365,0.0037702029318295084,2.6506897738834634e-14,0.0080317320624559,0.003990620214348869
0.0,-0.7749999999999999,isotropic_wall_bound,0.05536196247109084,0.05930219058934626,0.0043463917008309426,0.003939666964110047,5.0559367804048924e-09,0.0081078350052722,0.004248746277392478
0.0,-0.75,isotropic_wall_bound,0.056560699812906505,0.060712037339094686,0.0059036124078251685,0.004150008359824683,5.2311453772185905e-09,0.0081831831570802,0.004579510805691173
0.0,-0.7250000000000001,isotropic_wall_bound,0.05779957175317897,0.06220081096014804,0.007895172823676737,0.004398386422695037,2.790793859160746e-09,0.0082576667794919,0.004986033529740679
0.0,-0.7,isotropic_wall_bound,0.059088790205803564,0.06377853921977734,0.010333494378379635,0.004684464808046453,2.378805318083725e-14,0.0083311750592618,0.005471211729881598
0.0,-0.675,isotropic_wall_bound,0.06044096983921962,0.06547506492364695,0.01321384929108187,0.00502522159673192,-1.3547040142674047e-09,0.008403597176306,0.006054027628833872
0.0,-0.6499999999999999,isotropic_wall_bound,0.061871283933556516,0.06733861706808573,0.01657179510116729,0.005453199792487249,-1.4016516859053686e-09,0.0084748230738292,0.006771096402338327
0.0,-0.625,isotropic_wall_bound,0.06339746148688391,0.06941867937861698,0.020538428035729944,0.0059992935266618575,-7.477621049503342e-10,0.0085447401296117,0.00766150506426644
0.0,-0.6000000000000001,isotropic_wall_bound,0.0650322669442013,0.07175200451945624,0.025353585068528157,0.006686047751302833,2.1850508076576268e-14,0.008613222418933,0.008761595169755294
0.0,-0.575,isotropic_wall_bound,0.06677607792654495,0.07444327605787386,0.03152994365362383,0.007614644290074865,3.6301942949608157e-10,0.0086801297065247,0.01022125563066559
0.0,-0.55,isotropic_wall_bound,0.068616053297853,0.07747049317851146,0.03934736740484831,0.008772032555478777,3.755983895032552e-10,0.0087453296492778,0.012048226993185779
0.0,-0.5249999999999999,isotropic_wall_bound,0.07062805514119655,0.08118957901218574,0.05070134035337787,0.010424345947453935,2.0038861513503075e-10,0.0088089325564124,0.014658364158943168
0.0,-0.5,isotropic_wall_bound,0.0731271696096231,0.08682046735784132,0.07217180258639534,0.013417982535281881,1.99909968404812e-14,0.0088711282825633,0.019390882889078913
0.0,-2.1,benchmark_bank_mass_only,0.03340980939851004,23214224248.458397,-1.0,23214224248.236366,0.0,0.0023337375658352,23214224248.424988
0.0,-2.075,benchmark_bank_mass_only,0.021237715593351098,17570395139.108585,-1.0,17570395138.834652,-8.535179333010051e-06,0.0028418178414959,17570395139.08735
0.0,-2.0500000000000003,benchmark_bank_mass_only,0.013748480781210878,14247156852.632025,-1.0,14247156852.300463,-5.507153732444692e-05,0.0032715423093118,14247156852.618275
0.0,-2.025,benchmark_bank_mass_only,0.009203122488166115,12228202505.085876,-1.0,12228202504.702648,-0.0001448611148155,0.0036316604854428,12228202505.076674
0.0,-2.0,benchmark_bank_mass_only,0.007740808932454739,11883899102.866985,-1.0,11883899102.415115,-0.0002576361141794,0.0039315174681988,11883899102.859245
0.0,-1.975,benchmark_bank_mass_only,0.006563141463721339,11315355943.241148,-1.0,11315355942.776268,-0.0003618170466017,0.0041804094340542,11315355943.234585
0.0,-1.9500000000000002,benchmark_bank_mass_only,0.005610878069562889,10419978201.104414,-1.0,10419978200.711367,-0.0004290935153797,0.004387110055161,10419978201.098913
0.0,-1.925,benchmark_bank_mass_only,0.006736113202878984,9566973814.061552,-1.0,9566973813.836859,-0.000446785264316,0.0045595628826154,9566973814.05678
0.0,-1.9000000000000001,benchmark_bank_mass_only,0.008448462795975584,9411983506.136213,1.0,9411983506.034555,-0.0004259864374951,0.0047047180051175,9411983506.131538
0.0,-1.875,benchmark_bank_mass_only,0.010025152475272704,9483340639.4798,1.0,9483340638.74317,-0.0003948872864968,0.0048284833960937,9483340639.475218
0.0,-1.85,benchmark_bank_mass_only,0.011075398298676384,9266072424.030365,1.0,9266072422.124271,-0.0003613926532464,0.0049357584846617,9266072424.026152
0.0,-1.8250000000000002,benchmark_bank_mass_only,0.012111093093186297,9079497266.41231,1.0,9079497262.374235,-0.0003261448929073,0.0050305208410209,9079497266.408384
0.0,-1.8,benchmark_bank_mass_only,0.01317385991886784,8949166269.240099,1.0,8949166261.325565,-0.0002897863606429,0.0051159408085936,8949166269.23638
0.0,-1.7750000000000001,benchmark_bank_mass_only,0.014265594487647425,8870075791.88676,1.0,8870075776.949623,-0.0002529380068778,0.0051945057150499,8870075791.88319
0.0,-1.75,benchmark_bank_mass_only,0.015323398764516162,8787830176.088007,1.0,8787830148.632755,-0.0002161351630802,0.0052681408552805,8787830176.084568
0.0,-1.725,benchmark_bank_mass_only,0.016256686984467212,8619106312.209194,1.0,8619106263.125593,-0.0001798917559795,0.0053383195872739,8619106312.205942
0.0,-1.7000000000000002,benchmark_bank_mass_only,0.01698587309374979,8283889243.468071,1.0,8283889158.628056,-0.000144721712305,0.0054061587056963,8283889243.4650955
0.0,-1.675,benchmark_bank_mass_only,0.017493091375736573,7754120811.116477,1.0,7754120669.892914,-0.0001110987894059,0.0054724980576715,7754120811.113866
0.0,-1.6500000000000001,benchmark_bank_mass_only,0.01836089204534273,7562092654.1223755,1.0,7562092411.662794,-7.93360671104438e-05,0.005537965117031,7562092654.119854
0.0,-1.625,benchmark_bank_mass_only,0.01923844020319052,7399897920.83528,1.0,7399897507.106979,-4.970645586645797e-05,0.0056030261699531,7399897920.832831
0.0,-1.6,benchmark_bank_mass_only,0.02013086668969841,7269327411.828438,1.0,7269326709.616902,-2.2482866122002697e-05,0.0056680259999292,7269327411.826047
0.0,-1.5750000000000002,benchmark_bank_mass_only,0.021082378097559112,7226601714.248921,1.0,7226600519.068474,2.08686748434942e-06,0.0057332183408597,7226601714.2465515
0.0,-1.55,benchmark_bank_mass_only,0.022068643970522415,7320725793.562506,1.0,7320723739.423358,2.3855213551660934e-05,0.0057987888076924,7320725793.560141
0.0,-1.525,benchmark_bank_mass_only,0.023066841594714286,7452121098.503771,1.0,7452117583.125834,4.269971648840282e-05,0.0058648720846516,7452121098.501414
0.0,-1.5,benchmark_bank_mass_only,0.024101300400587573,7663586709.916642,1.0,7663580687.609963,5.849792070304611e-05,0.0059315646955091,7663586709.914284
0.0,-1.475,benchmark_bank_mass_only,0.02511426849712673,7779231494.42535,1.0,7779221403.921085,7.118456586028849e-05,0.0059989343625654,7779231494.423015
0.0,-1.4500000000000002,benchmark_bank_mass_only,0.0260773820931617,7682855042.027207,1.0,7682838743.636145,8.092317264973259e-05,0.0060670268524957,7682855042.02494
0.0,-1.425,benchmark_bank_mass_only,0.027021623537469015,7489298881.644678,1.0,7489273135.111519,8.793445701720743e-05,0.0061358710822776,7489298881.642492
0.0,-1.4,benchmark_bank_mass_only,0.027982230514240584,7315555206.583809,1.0,7315514821.692914,9.243913490854188e-05,0.0062054826706394,7315555206.5816965
0.0,-1.375,benchmark_bank_mass_only,0.02897129674136345,7230367748.886734,1.0,7230304227.945947,9.449538306414832e-05,0.0062758666432096,7230367748.884682
0.0,-1.35,benchmark_bank_mass_only,0.029970498122189892,7200474044.878385,1.0,7200374258.468531,9.351122140277288e-05,0.00634701931741,7200474044.876395
0.0,-1.3250000000000002,benchmark_bank_mass_only,0.030958412723217837,7146965956.398989,1.0,7146811053.718779,8.873213063774524e-05,0.0064189296890451,7146965956.397084
0.0,-1.3,benchmark_bank_mass_only,0.03191120018551841,6988710539.911387,1.0,6988475596.147932,7.940359148239477e-05,0.0064915804484317,6988710539.909606
0.0,-1.275,benchmark_bank_mass_only,0.03291217598541527,6812578550.435872,1.0,6812226128.465509,6.533961675763977e-05,0.0065649485666774,6812578550.434196
0.0,-1.25,benchmark_bank_mass_only,0.03398359207888017,6608193794.036629,1.0,6607671705.630294,4.86283477147534e-05,0.0066390059980294,6608193794.035021
0.0,-1.225,benchmark_bank_mass_only,0.03511397842146125,6420319298.305828,1.0,6419550105.374891,3.1926457712597234e-05,0.0067137197770188,6420319298.304242
0.0,-1.2000000000000002,benchmark_bank_mass_only,0.036320710891562066,6347576589.460847,1.0,6346431080.86649,1.7890620110032974e-05,0.0067890525065175,6347576589.459216
0.0,-1.175,benchmark_bank_mass_only,0.037668064414689124,6627757510.05561,1.0,6625967127.275682,8.528426065390453e-06,0.0068649623230165,6627757510.053823
0.0,-1.15,benchmark_bank_mass_only,0.03891093026285478,6862583015.639821,1.0,6859824328.564137,3.2511379348722536e-06,0.0069414030688657,6862583015.637937
0.0,-1.125,benchmark_bank_mass_only,0.03998612704724721,6917082676.178267,1.0,6912967703.834037,8.209358741488936e-07,0.0070183244569582,6917082676.176388
0.0,-1.1,benchmark_bank_mass_only,0.04098130699177579,6924961362.969928,1.0,6918896805.492014,3.889085287284202e-14,0.007095671963755,6924961362.968103
0.0,-1.075,benchmark_bank_mass_only,0.042017494306676104,7035802777.44392,1.0,7026778414.64449,-2.6281007196919585e-07,0.0071733869385753,7035802777.442132
0.0,-1.05,benchmark_bank_mass_only,0.04307451361533385,7090328016.938118,1.0,7077075456.73003,-2.719175864499992e-07,0.0072514066230098,7090328016.9363575
0.0,-1.0250000000000001,benchmark_bank_mass_only,0.04415854566744839,7124405503.680879,1.0,7105099516.897429,-1.450662893081578e-07,0.0073296641645672,7124405503.67913
0.0,-1.0,benchmark_bank_mass_only,0.04527415964372037,7174081767.514436,1.0,7146046518.8280325,3.469973175649211e-14,0.0074080886309823,7174081767.512675
0.0,-0.9750000000000001,benchmark_bank_mass_only,0.046401576569698656,7253951861.294703,1.0,7213305390.873462,7.041979028619717e-08,0.0074866051230365,7253951861.292915
0.0,-0.95,benchmark_bank_mass_only,0.0475202482793051,7355992000.271878,1.0,7297262594.93768,7.286014004028336e-08,0.0075651347407716,7355992000.270067
0.0,-0.925,benchmark_bank_mass_only,0.048629024390691625,7470232621.447799,1.0,7385860151.919107,3.887043602016216e-08,0.0076435947270188,7470232621.445965
0.0,-0.8999999999999999,benchmark_bank_mass_only,0.04972800525806008,7591426442.616338,1.0,7471126744.84565,3.028400547966729e-14,0.007721900657942,7591426442.614486
0.0,-0.875,benchmark_bank_mass_only,0.05082567592606225,7735426381.255754,1.0,7565014979.724868,-1.8868887685569712e-08,0.0077999648738552,7735426381.253879
0.0,-0.8500000000000001,benchmark_bank_mass_only,0.051932139213190454,7935956779.538153,1.0,7695406167.871084,-1.95227787081707e-08,0.0078776922479529,7935956779.536234
0.0,-0.825,benchmark_bank_mass_only,0.05305319244869226,8228012901.990578,1.0,7888928728.502348,-1.0415266178960441e-08,0.0079549824923807,8228012901.988591
0.0,-0.8,benchmark_bank_mass_only,0.054194795836204006,8641987556.960869,1.0,8164657389.856803,2.6506897738834634e-14,0.0080317320624559,8641987556.958778
0.0,-0.7749999999999999,benchmark_bank_mass_only,0.05536196247109084,9200182612.455318,1.0,8530901217.3638315,5.0559367804048924e-09,0.0081078350052722,9200182612.45308
0.0,-0.75,benchmark_bank_mass_only,0.056560699812906505,9915932051.519474,1.0,8985933232.29463,5.2311453772185905e-09,0.0081831831570802,9915932051.517042
0.0,-0.7250000000000001,benchmark_bank_mass_only,0.05779957175317897,10795998463.23619,1.0,9523594258.5411,2.790793859160746e-09,0.0082576667794919,10795998463.233515
0.0,-0.7,benchmark_bank_mass_only,0.059088790205803564,11846688248.081385,1.0,10143163329.9664,2.378805318083725e-14,0.0083311750592618,11846688248.078411
0.0,-0.675,benchmark_bank_mass_only,0.06044096983921962,13108935070.270575,1.0,10881237209.57599,-1.3547040142674047e-09,0.008403597176306,13108935070.267237
0.0,-0.6499999999999999,benchmark_bank_mass_only,0.061871283933556516,14661814951.600327,1.0,11808104544.251009,-1.4016516859053686e-09,0.0084748230738292,14661814951.59653
0.0,-0.625,benchmark_bank_mass_only,0.06339746148688391,16589959803.067703,1.0,12990664664.795038,-7.477621049503342e-10,0.0085447401296117,16589959803.063313
0.0,-0.6000000000000001,benchmark_bank_mass_only,0.0650322669442013,18972019041.686035,1.0,14477709000.737364,2.1850508076576268e-14,0.008613222418933,18972019041.68084
0.0,-0.575,benchmark_bank_mass_only,0.06677607792654495,22132610137.309727,1.0,16488380353.713789,3.6301942949608157e-10,0.0086801297065247,22132610137.303463
0.0,-0.55,benchmark_bank_mass_only,0.068616053297853,26088589669.638245,1.0,18994492269.332832,3.755983895032552e-10,0.0087453296492778,26088589669.630615
0.0,-0.5249999999999999,benchmark_bank_mass_only,0.07062805514119655,31740461681.237434,1.0,22572338040.968277,2.0038861513503075e-10,0.0088089325564124,31740461681.22785
0.0,-0.5,benchmark_bank_mass_only,0.0731271696096231,41988172829.45581,1.0,29054714678.759506,1.99909968404812e-14,0.0088711282825633,41988172829.44267
0.0,-2.1,any_recovery_bank_mass_lower_bound,0.03340980939851004,23214224248.458397,-1.0,23214224248.236366,0.0,0.0023337375658352,23214224248.424988
0.0,-2.075,any_recovery_bank_mass_lower_bound,0.021237715593351098,17570395139.108585,-1.0,17570395138.834652,-8.535179333010051e-06,0.0028418178414959,17570395139.08735
0.0,-2.0500000000000003,any_recovery_bank_mass_lower_bound,0.013748480781210878,14247156852.632025,-1.0,14247156852.300463,-5.507153732444692e-05,0.0032715423093118,14247156852.618275
0.0,-2.025,any_recovery_bank_mass_lower_bound,0.009203122488166115,12228202505.085876,-1.0,12228202504.702648,-0.0001448611148155,0.0036316604854428,12228202505.076674
0.0,-2.0,any_recovery_bank_mass_lower_bound,0.007740808932454739,11883899102.866985,-1.0,11883899102.415115,-0.0002576361141794,0.0039315174681988,11883899102.859245
0.0,-1.975,any_recovery_bank_mass_lower_bound,0.006563141463721339,11315355943.241148,-1.0,11315355942.776268,-0.0003618170466017,0.0041804094340542,11315355943.234585
0.0,-1.9500000000000002,any_recovery_bank_mass_lower_bound,0.005610878069562889,10419978201.104414,-1.0,10419978200.711367,-0.0004290935153797,0.004387110055161,10419978201.098913
0.0,-1.925,any_recovery_bank_mass_lower_bound,0.006736113202878984,9566973814.061552,-1.0,9566973813.836859,-0.000446785264316,0.0045595628826154,9566973814.05678
0.0,-1.9000000000000001,any_recovery_bank_mass_lower_bound,0.008448462795975584,9411983506.136213,1.0,9411983506.034555,-0.0004259864374951,0.0047047180051175,9411983506.131538
0.0,-1.875,any_recovery_bank_mass_lower_bound,0.010025152475272704,9483340639.4798,1.0,9483340638.74317,-0.0003948872864968,0.0048284833960937,9483340639.475218
0.0,-1.85,any_recovery_bank_mass_lower_bound,0.011075398298676384,9266072424.030365,1.0,9266072422.124271,-0.0003613926532464,0.0049357584846617,9266072424.026152
0.0,-1.8250000000000002,any_recovery_bank_mass_lower_bound,0.012111093093186297,9079497266.41231,1.0,9079497262.374235,-0.0003261448929073,0.0050305208410209,9079497266.408384
0.0,-1.8,any_recovery_bank_mass_lower_bound,0.01317385991886784,8949166269.240099,1.0,8949166261.325565,-0.0002897863606429,0.0051159408085936,8949166269.23638
0.0,-1.7750000000000001,any_recovery_bank_mass_lower_bound,0.014265594487647425,8870075791.88676,1.0,8870075776.949623,-0.0002529380068778,0.0051945057150499,8870075791.88319
0.0,-1.75,any_recovery_bank_mass_lower_bound,0.015323398764516162,8787830176.088007,1.0,8787830148.632755,-0.0002161351630802,0.0052681408552805,8787830176.084568
0.0,-1.725,any_recovery_bank_mass_lower_bound,0.016256686984467212,8619106312.209194,1.0,8619106263.125593,-0.0001798917559795,0.0053383195872739,8619106312.205942
0.0,-1.7000000000000002,any_recovery_bank_mass_lower_bound,0.01698587309374979,8283889243.468071,1.0,8283889158.628056,-0.000144721712305,0.0054061587056963,8283889243.4650955
0.0,-1.675,any_recovery_bank_mass_lower_bound,0.017493091375736573,7754120811.116477,1.0,7754120669.892914,-0.0001110987894059,0.0054724980576715,7754120811.113866
0.0,-1.6500000000000001,any_recovery_bank_mass_lower_bound,0.01836089204534273,7562092654.1223755,1.0,7562092411.662794,-7.93360671104438e-05,0.005537965117031,7562092654.119854
0.0,-1.625,any_recovery_bank_mass_lower_bound,0.01923844020319052,7399897920.83528,1.0,7399897507.106979,-4.970645586645797e-05,0.0056030261699531,7399897920.832831
0.0,-1.6,any_recovery_bank_mass_lower_bound,0.02013086668969841,7269327411.828438,1.0,7269326709.616902,-2.2482866122002697e-05,0.0056680259999292,7269327411.826047
0.0,-1.5750000000000002,any_recovery_bank_mass_lower_bound,0.021082378097559112,7226601714.248921,1.0,7226600519.068474,2.08686748434942e-06,0.0057332183408597,7226601714.2465515
0.0,-1.55,any_recovery_bank_mass_lower_bound,0.022068643970522415,7320725793.562506,1.0,7320723739.423358,2.3855213551660934e-05,0.0057987888076924,7320725793.560141
0.0,-1.525,any_recovery_bank_mass_lower_bound,0.023066841594714286,7452121098.503771,1.0,7452117583.125834,4.269971648840282e-05,0.0058648720846516,7452121098.501414
0.0,-1.5,any_recovery_bank_mass_lower_bound,0.024101300400587573,7663586709.916642,1.0,7663580687.609963,5.849792070304611e-05,0.0059315646955091,7663586709.914284
0.0,-1.475,any_recovery_bank_mass_lower_bound,0.02511426849712673,7779231494.42535,1.0,7779221403.921085,7.118456586028849e-05,0.0059989343625654,7779231494.423015
0.0,-1.4500000000000002,any_recovery_bank_mass_lower_bound,0.0260773820931617,7682855042.027207,1.0,7682838743.636145,8.092317264973259e-05,0.0060670268524957,7682855042.02494
0.0,-1.425,any_recovery_bank_mass_lower_bound,0.027021623537469015,7489298881.644678,1.0,7489273135.111519,8.793445701720743e-05,0.0061358710822776,7489298881.642492
0.0,-1.4,any_recovery_bank_mass_lower_bound,0.027982230514240584,7315555206.583809,1.0,7315514821.692914,9.243913490854188e-05,0.0062054826706394,7315555206.5816965
0.0,-1.375,any_recovery_bank_mass_lower_bound,0.02897129674136345,7230367748.886734,1.0,7230304227.945947,9.449538306414832e-05,0.0062758666432096,7230367748.884682
0.0,-1.35,any_recovery_bank_mass_lower_bound,0.029970498122189892,7200474044.878385,1.0,7200374258.468531,9.351122140277288e-05,0.00634701931741,7200474044.876395
0.0,-1.3250000000000002,any_recovery_bank_mass_lower_bound,0.030958412723217837,7146965956.398989,1.0,7146811053.718779,8.873213063774524e-05,0.0064189296890451,7146965956.397084
0.0,-1.3,any_recovery_bank_mass_lower_bound,0.03191120018551841,6988710539.911387,1.0,6988475596.147932,7.940359148239477e-05,0.0064915804484317,6988710539.909606
0.0,-1.275,any_recovery_bank_mass_lower_bound,0.03291217598541527,6812578550.435872,1.0,6812226128.465509,6.533961675763977e-05,0.0065649485666774,6812578550.434196
0.0,-1.25,any_recovery_bank_mass_lower_bound,0.03398359207888017,6608193794.036629,1.0,6607671705.630294,4.86283477147534e-05,0.0066390059980294,6608193794.035021
0.0,-1.225,any_recovery_bank_mass_lower_bound,0.03511397842146125,6420319298.305828,1.0,6419550105.374891,3.1926457712597234e-05,0.0067137197770188,6420319298.304242
0.0,-1.2000000000000002,any_recovery_bank_mass_lower_bound,0.036320710891562066,6347576589.460847,1.0,6346431080.86649,1.7890620110032974e-05,0.0067890525065175,6347576589.459216
0.0,-1.175,any_recovery_bank_mass_lower_bound,0.037668064414689124,6627757510.05561,1.0,6625967127.275682,8.528426065390453e-06,0.0068649623230165,6627757510.053823
0.0,-1.15,any_recovery_bank_mass_lower_bound,0.03891093026285478,6862583015.639821,1.0,6859824328.564137,3.2511379348722536e-06,0.0069414030688657,6862583015.637937
0.0,-1.125,any_recovery_bank_mass_lower_bound,0.03998612704724721,6917082676.178267,1.0,6912967703.834037,8.209358741488936e-07,0.0070183244569582,6917082676.176388
0.0,-1.1,any_recovery_bank_mass_lower_bound,0.04098130699177579,6924961362.969928,1.0,6918896805.492014,3.889085287284202e-14,0.007095671963755,6924961362.968103
0.0,-1.075,any_recovery_bank_mass_lower_bound,0.042017494306676104,7035802777.44392,1.0,7026778414.64449,-2.6281007196919585e-07,0.0071733869385753,7035802777.442132
0.0,-1.05,any_recovery_bank_mass_lower_bound,0.04307451361533385,7090328016.938118,1.0,7077075456.73003,-2.719175864499992e-07,0.0072514066230098,7090328016.9363575
0.0,-1.0250000000000001,any_recovery_bank_mass_lower_bound,0.04415854566744839,7124405503.680879,1.0,7105099516.897429,-1.450662893081578e-07,0.0073296641645672,7124405503.67913
0.0,-1.0,any_recovery_bank_mass_lower_bound,0.04527415964372037,7174081767.514436,1.0,7146046518.8280325,3.469973175649211e-14,0.0074080886309823,7174081767.512675
0.0,-0.9750000000000001,any_recovery_bank_mass_lower_bound,0.046401576569698656,7253951861.294703,1.0,7213305390.873462,7.041979028619717e-08,0.0074866051230365,7253951861.292915
0.0,-0.95,any_recovery_bank_mass_lower_bound,0.0475202482793051,7355992000.271878,1.0,7297262594.93768,7.286014004028336e-08,0.0075651347407716,7355992000.270067
0.0,-0.925,any_recovery_bank_mass_lower_bound,0.048629024390691625,7470232621.447799,1.0,7385860151.919107,3.887043602016216e-08,0.0076435947270188,7470232621.445965
0.0,-0.8999999999999999,any_recovery_bank_mass_lower_bound,0.04972800525806008,7591426442.616338,1.0,7471126744.84565,3.028400547966729e-14,0.007721900657942,7591426442.614486
0.0,-0.875,any_recovery_bank_mass_lower_bound,0.05082567592606225,7735426381.255754,1.0,7565014979.724868,-1.8868887685569712e-08,0.0077999648738552,7735426381.253879
0.0,-0.8500000000000001,any_recovery_bank_mass_lower_bound,0.051932139213190454,7935956779.538153,1.0,7695406167.871084,-1.95227787081707e-08,0.0078776922479529,7935956779.536234
0.0,-0.825,any_recovery_bank_mass_lower_bound,0.05305319244869226,8228012901.990578,1.0,7888928728.502348,-1.0415266178960441e-08,0.0079549824923807,8228012901.988591
0.0,-0.8,any_recovery_bank_mass_lower_bound,0.054194795836204006,8641987556.960869,1.0,8164657389.856803,2.6506897738834634e-14,0.0080317320624559,8641987556.958778
0.0,-0.7749999999999999,any_recovery_bank_mass_lower_bound,0.05536196247109084,9200182612.455318,1.0,8530901217.3638315,5.0559367804048924e-09,0.0081078350052722,9200182612.45308
0.0,-0.75,any_recovery_bank_mass_lower_bound,0.056560699812906505,9915932051.519474,1.0,8985933232.29463,5.2311453772185905e-09,0.0081831831570802,9915932051.517042
0.0,-0.7250000000000001,any_recovery_bank_mass_lower_bound,0.05779957175317897,10795998463.23619,1.0,9523594258.5411,2.790793859160746e-09,0.0082576667794919,10795998463.233515
0.0,-0.7,any_recovery_bank_mass_lower_bound,0.059088790205803564,11846688248.081385,1.0,10143163329.9664,2.378805318083725e-14,0.0083311750592618,11846688248.078411
0.0,-0.675,any_recovery_bank_mass_lower_bound,0.06044096983921962,13091776054.394613,1.0,10866994151.613739,-1.3547040142674047e-09,0.008403597176306,13091776054.391277
0.0,-0.6499999999999999,any_recovery_bank_mass_lower_bound,0.061871283933556516,14600233714.819372,1.0,11758509205.319616,-1.4016516859053686e-09,0.0084748230738292,14600233714.815577
0.0,-0.625,any_recovery_bank_mass_lower_bound,0.06339746148688391,16503653365.019432,1.0,12923082946.188887,-7.477621049503342e-10,0.0085447401296117,16503653365.015041
0.0,-0.6000000000000001,any_recovery_bank_mass_lower_bound,0.0650322669442013,18972019041.686035,1.0,14477709000.737364,2.1850508076576268e-14,0.008613222418933,18972019041.68084
0.0,-0.575,any_recovery_bank_mass_lower_bound,0.06677607792654495,22132610137.309727,1.0,16488380353.713789,3.6301942949608157e-10,0.0086801297065247,22132610137.303463
0.0,-0.55,any_recovery_bank_mass_lower_bound,0.068616053297853,26088589669.638245,1.0,18994492269.332832,3.755983895032552e-10,0.0087453296492778,26088589669.630615
0.0,-0.5249999999999999,any_recovery_bank_mass_lower_bound,0.07062805514119655,31740461681.237434,1.0,22572338040.968277,2.0038861513503075e-10,0.0088089325564124,31740461681.22785
0.0,-0.5,any_recovery_bank_mass_lower_bound,0.0731271696096231,41988172829.45581,1.0,29054714678.759506,1.99909968404812e-14,0.0088711282825633,41988172829.44267
0.5,-2.1,inventory_only,0.0410082223127089,0.04950062408169849,-1.0,0.00849240176898959,0.0,0.0014439174778941,0.00849240176898959
0.5,-2.075,inventory_only,0.026009302098695286,0.03248029067399568,-1.0,0.00643205557378891,-1.537154848965202e-05,0.002059189493953,0.006470988575300386
0.5,-2.0500000000000003,inventory_only,0.016736942048487326,0.02225472890966005,-1.0,0.0052685315484905515,-9.852505645018189e-05,0.0025934477534419,0.005517786861172725
0.5,-2.025,inventory_only,0.011036015880302126,0.01779709994475504,-1.0,0.006108429638132129,-0.0002580671234533,0.0030522386303904,0.006761084064452909
0.5,-2.0,inventory_only,0.009186896824290691,0.01640851151438279,-1.0,0.006062861425919097,-0.00045799040334,0.0034426933716991,0.0072216146900920975
0.5,-1.975,inventory_only,0.007962854719652784,0.014616072164031163,-1.0,0.005417294696800433,-0.0006430181614006,0.0037728039372008,0.0070460768889521325
0.5,-1.9500000000000002,inventory_only,0.009007491533409974,0.01236293273533928,-1.0,0.004405205440901728,-0.0007637161550914,0.0040508130889895,0.006343418022021228
0.5,-1.925,inventory_only,0.009950632697249362,0.011880798448719058,-0.13349929551252102,0.0036081310026644074,-0.0007977422053556,0.00428474175619,0.005638163111945708
0.5,-1.9000000000000001,inventory_only,0.011801224828635873,0.013863105084096923,-0.05101671656338714,0.0036936324244630633,-0.0007643405741519,0.0044820572721766,0.005645595139376364
0.5,-1.875,inventory_only,0.013549961000177512,0.015845570145199092,-0.02760878680082193,0.0038284046315182805,-0.000713296254046,0.0046494692947605,0.005658279091181181
0.5,-1.85,inventory_only,0.014535620180018121,0.016952290452363922,-0.017643768712233936,0.0038394590180775927,-0.0006584451910525,0.0047928328396852,0.005538187589443493
0.5,-1.8250000000000002,inventory_only,0.015508750727828969,0.0180626919450434,-0.01197357401597545,0.0038592617630501397,-0.0006006534107904,0.0049171326563712,0.005419735020628539
0.5,-1.8,inventory_only,0.01652940680130463,0.019246128538611917,-0.008414882802592553,0.0038989972439476064,-0.0005407869388786,0.0050265245284284,0.005316053969804406
0.5,-1.7750000000000001,inventory_only,0.01759834504316016,0.020500104099417656,-0.006055897688684671,0.003956975829805302,-0.0004796905482643,0.0051244117204724,0.005227365377553701
0.5,-1.75,inventory_only,0.018617686911706014,0.021700788002112316,-0.0044479708620856215,0.0040087841460290105,-0.0004181240012075,0.0052135389638092,0.005131015896792608
0.5,-1.725,inventory_only,0.019447158390520518,0.02266696839839307,-0.003334039267506252,0.0040149893168114495,-0.0003568258072962,0.0052960913376012,0.004989295043214746
0.5,-1.7000000000000002,inventory_only,0.019964529424344374,0.023234826486483732,-0.002551922054461119,0.0039354741852338036,-0.0002965344761184,0.0053737894713438,0.004763808051402196
0.5,-1.675,inventory_only,0.020146443858039875,0.02336259188801813,-0.0019927916456760533,0.003753217715788819,-0.0002379675143222,0.0054479758495852,0.004439208497494705
0.5,-1.6500000000000001,inventory_only,0.020942406288466133,0.024254002409259807,-0.0015539114086973434,0.0037235982869365295,-0.0001817584167949,0.0055196900053148,0.004272358252181267
0.5,-1.625,inventory_only,0.021758355808304566,0.0251687167885254,-0.0012220000982755943,0.0037014247793826336,-0.0001285196754838,0.0055897318133627,0.004119501908542207
0.5,-1.6,inventory_only,0.022601489460226408,0.02611437288379603,-0.0009686783089387281,0.003688219603404615,-7.886378233623993e-05,0.0056587134439764,0.003983597589229977
0.5,-1.5750000000000002,inventory_only,0.02354487708465583,0.027192157903584008,-0.0007727728940203582,0.003713300862994344,-3.334607819553868e-05,0.0057271013019221,0.0038952989812621555
0.5,-1.55,inventory_only,0.024543409010599204,0.02838242439213306,-0.0006206989864512001,0.0038038180843917723,7.706700509901439e-06,0.0057952491021662,0.00388269067650969
0.5,-1.525,inventory_only,0.025555696625379574,0.029593011387174566,-0.000502199106493944,0.00391080692303341,4.402496845554056e-05,0.0058634238320173,0.004039418998747874
0.5,-1.5,inventory_only,0.026623878234682475,0.030887670682315918,-0.0004089788834087999,0.0040576881776530705,7.533914031683898e-05,0.0059318257296971,0.00426402122133158
0.5,-1.475,inventory_only,0.027642492172734304,0.03206860763560921,-0.0003356926386579922,0.004153521400237636,0.0001014786002315,0.0060006037617128,0.004426116781034136
0.5,-1.4500000000000002,inventory_only,0.028561593682878347,0.03302325572197872,-0.00027788121721002514,0.004135419326486053,0.0001226686101867,0.006069867244111,0.004461798525278318
0.5,-1.425,inventory_only,0.029441139845466004,0.03387135014204191,-0.00023177302426945684,0.004062480830660203,0.0001392334016316,0.0061396946956016,0.004430574017617713
0.5,-1.4,inventory_only,0.030347206932176164,0.03474248771758024,-0.00019458045003950785,0.003997547922898695,0.0001514972060155,0.0062101406149584,0.0043958779493905205
0.5,-1.375,inventory_only,0.031306898131686356,0.03569796550348099,-0.0001643382571176723,0.003975330742153592,0.0001592327708595,0.0062812404962774,0.004391863078446018
0.5,-1.35,inventory_only,0.03228875661158956,0.036679141622831826,-0.00013967832028000585,0.003973937980559027,0.0001600069079713,0.0063530145112222,0.00439128080353559
0.5,-1.3250000000000002,inventory_only,0.03325137863167469,0.037593319827946184,-0.00011954315283298663,0.003948565883797898,0.0001508349452304,0.0064254704542509,0.004342771909914537
0.5,-1.3,inventory_only,0.03415006676597625,0.03834204347604858,-0.00010309195082877244,0.003851946010070589,0.0001287322105163,0.0064986058192089,0.004192533731150042
0.5,-1.275,inventory_only,0.035123287753278866,0.03912521844847885,-8.945914945396784e-05,0.00374743866758516,9.275981230013484e-05,0.0065724093279658,0.004002079305952448
0.5,-1.25,inventory_only,0.03619495219059901,0.039995961515820654,-7.806256187042319e-05,0.003647879195936521,5.016198141964464e-05,0.0066468621424801,0.0038010693304600645
0.5,-1.225,inventory_only,0.037346324561917325,0.040986553603222994,-6.847694856599836e-05,0.003583333020175989,1.02287293043198e-05,0.0067219387240609,0.003643034171768845
0.5,-1.2000000000000002,inventory_only,0.03861665013244402,0.04221828398307902,-6.033696023014367e-05,0.003614886353450867,-1.7749932616382544e-05,0.0067976075362655,0.003690808444374862
0.5,-1.175,inventory_only,0.040173170041191295,0.04399071409579334,-5.3307981532060134e-05,0.003859934088865996,-2.722901938216988e-05,0.0068738314223463,0.003950066731902671
0.5,-1.15,inventory_only,0.041555234584893824,0.04557534722007116,-4.743517661279881e-05,0.004059842071695618,-2.264365190940897e-05,0.0069505680257855,0.004129448862309847
0.5,-1.125,inventory_only,0.04263653497484033,0.04674586753194198,-4.2584157146e-05,0.004129850793804519,-1.117397758363222e-05,0.0070277700661733,0.0041631088515412355
0.5,-1.1,inventory_only,0.043591720441773195,0.04773612191422685,-3.852972041812537e-05,0.004144402359739166,-1.437903717652855e-10,0.0071053854583385,0.004144402945481953
0.5,-1.075,inventory_only,0.04463255518791133,0.04885019884683326,-3.5079954817214234e-05,0.00420778581148097,5.289358856066609e-06,0.0071833575393385,0.00421805232412276
0.5,-1.05,inventory_only,0.04569359428882113,0.04994781079187743,-3.214915706769436e-05,0.004244016985674047,5.472666826282564e-06,0.0072616250606312,0.004254639320956539
0.5,-1.0250000000000001,inventory_only,0.04679279834294732,0.05107450071276804,-2.9641956988378946e-05,0.004276261335145567,2.9195733621023844e-06,0.0073401224969955,0.004281927936609403
0.5,-1.0,inventory_only,0.04794604294619697,0.052273479990750216,-2.748029386033659e-05,0.004327437905426771,-1.2829464773745755e-10,0.0074187798434868,0.004327438879841173
0.5,-0.9750000000000001,inventory_only,0.0491280935703322,0.05352619651365524,-2.560760815104366e-05,0.0044007455127065805,-1.4174411514797026e-06,0.0074975229287392,0.0044049162914796694
0.5,-0.95,inventory_only,0.0503054865448994,0.05478731094295063,-2.3978089948385068e-05,0.004484558510369267,-1.466553213258234e-06,0.0075762733068397,0.004488873226066604
0.5,-0.925,inventory_only,0.05147374430797784,0.056043776679627885,-2.254715654354733e-05,0.004571491390185135,-7.824487341862133e-07,0.0076549484529809,0.004573791505742042
0.5,-0.8999999999999999,inventory_only,0.05262923669234384,0.05728434705291692,-2.1275014881394604e-05,0.0046551111961229165,-1.1196846652004617e-10,0.0077334617790083,0.004655116023877526
0.5,-0.875,inventory_only,0.05377871588963815,0.05851626505084696,-2.012349496211997e-05,0.004736842148499326,3.796607846936834e-07,0.0078117228186845,0.0047375796165387745
0.5,-0.8500000000000001,inventory_only,0.05493042254851745,0.05975462817436286,-1.9055268702649008e-05,0.004823474079239416,3.9282504607022875e-07,0.0078896371574483,0.004824237861192454
0.5,-0.825,inventory_only,0.05608489699421249,0.06100379718397048,-1.8032549569941678e-05,0.0049185102972585,2.0952429143468626e-07,0.0079671068856613,0.004918919642730071
0.5,-0.8,inventory_only,0.05724238858747537,0.062263744762331166,-1.701249932184917e-05,0.005021356998195581,-9.800344136616104e-11,0.0080440303491573,0.005021393081527846
0.5,-0.7749999999999999,inventory_only,0.05840049125999618,0.06352552932285689,-1.594307023642426e-05,0.005125228552771077,-1.0185390780495277e-07,0.0081203026437126,0.005125468945921716
0.5,-0.75,inventory_only,0.0595563552373086,0.06477411781706016,-1.4757326513836298e-05,0.005217959643476764,-1.0537767097748355e-07,0.0081958157562304,0.005218172699202806
0.5,-0.7250000000000001,inventory_only,0.06070880522449183,0.06599425359182026,-1.336644376532245e-05,0.005285553886105595,-5.6259087298969284e-08,0.0082704586446492,0.005285755319923749
0.5,-0.7,inventory_only,0.061856429060270085,0.06717301343951473,-1.165168943068033e-05,0.0053165852084994065,-8.795110941883165e-11,0.0083441176755332,0.005316833771047219
0.5,-0.675,inventory_only,0.06299815749898172,0.0683145589998667,-9.446822394936661e-06,0.005316351513041938,2.718020857271084e-08,0.0084166767911579,0.005316718000094565
0.5,-0.6499999999999999,inventory_only,0.06413269759113538,0.0694310065829377,-6.514874141159783e-06,0.005298257247330185,2.8126924015182864e-08,0.0084880178511304,0.005298833078570292
0.5,-0.625,inventory_only,0.06525799980856237,0.07052280531072666,-2.532877514564729e-06,0.005264778291886997,1.496799280731518e-08,0.0085580209635463,0.005265676492365623
0.5,-0.6000000000000001,inventory_only,0.06637174217410198,0.0715892528146666,2.939288513728301e-06,0.005217511484583024,-8.078746157416216e-11,0.0086265649256738,0.005218878457202098
0.5,-0.575,inventory_only,0.06747119584405065,0.0726992430212605,1.0705475508725736e-05,0.005228061634031431,-7.385110842254066e-09,0.0086935274879229,0.0052301221345367015
0.5,-0.55,inventory_only,0.06855339291681233,0.07383574746676125,2.1778491903666905e-05,0.005282369457486304,-7.636637945840863e-09,0.0087587859323246,0.00528545798412522
0.5,-0.5249999999999999,inventory_only,0.06961530129453779,0.0750626053334616,3.805458236308521e-05,0.005447312312199176,-4.108521023538112e-09,0.0088222174328513,0.00545198756052555
0.5,-0.5,inventory_only,0.07065375379886116,0.07651397204839704,6.341732320714703e-05,0.005860218838223205,-7.391232654938386e-11,0.0088836994800032,0.005867531597079784
0.5,-2.1,isotropic_wall_bound,0.0410082223127089,0.05445452511360907,-1.0,0.013446302800900183,0.0,0.0014439174778941,0.013446302800900183
0.5,-2.075,isotropic_wall_bound,0.026009302098695286,0.03619633554466171,-1.0,0.010148100444454937,-1.537154848965202e-05,0.002059189493953,0.010187033445966411
0.5,-2.0500000000000003,isotropic_wall_bound,0.016736942048487326,0.025195946056438448,-1.0,0.008209748695268953,-9.852505645018189e-05,0.0025934477534419,0.008459004007951127
0.5,-2.025,isotropic_wall_bound,0.011036015880302126,0.02076676215495678,-1.0,0.009078091848333875,-0.0002580671234533,0.0030522386303904,0.009730746274654655
0.5,-2.0,isotropic_wall_bound,0.009186896824290691,0.01930149971139245,-1.0,0.00895584962292876,-0.00045799040334,0.0034426933716991,0.010114602887101762
0.5,-1.975,isotropic_wall_bound,0.007962854719652784,0.017256594460575043,-1.0,0.008057816993344314,-0.0006430181614006,0.0037728039372008,0.009686599185496013
0.5,-1.9500000000000002,isotropic_wall_bound,0.009007491533409974,0.014654642890938308,-1.0,0.006696915596500755,-0.0007637161550914,0.0040508130889895,0.008635128177620256
0.5,-1.925,isotropic_wall_bound,0.009950632697249362,0.0139174258987115,-0.13349929551252102,0.005644758452656849,-0.0007977422053556,0.00428474175619,0.007674790561938149
0.5,-1.9000000000000001,isotropic_wall_bound,0.011801224828635873,0.01598719118445705,-0.05101671656338714,0.005817718524823195,-0.0007643405741519,0.0044820572721766,0.007769681239736496
0.5,-1.875,isotropic_wall_bound,0.013549961000177512,0.01805706119057699,-0.02760878680082193,0.006039895676896181,-0.000713296254046,0.0046494692947605,0.00786977013655908
0.5,-1.85,isotropic_wall_bound,0.014535620180018121,0.019177973797230935,-0.017643768712233936,0.006065142362944603,-0.0006584451910525,0.0047928328396852,0.007763870934310503
0.5,-1.8250000000000002,isotropic_wall_bound,0.015508750727828969,0.020306611782019778,-0.011973574015975444,0.006103181600026517,-0.0006006534107904,0.0049171326563712,0.0076636548576049165
0.5,-1.8,isotropic_wall_bound,0.01652940680130463,0.021519261116415462,-0.008414882802592547,0.006172129821751157,-0.0005407869388786,0.0050265245284284,0.007589186547607956
0.5,-1.7750000000000001,isotropic_wall_bound,0.01759834504316016,0.022811883060306026,-0.006055897688684655,0.006268754790693673,-0.0004796905482643,0.0051244117204724,0.007539144338442072
0.5,-1.75,isotropic_wall_bound,0.018617686911706014,0.0240464021019835,-0.004447970862085589,0.006354398245900193,-0.0004181240012075,0.0052135389638092,0.007476629996663792
0.5,-1.725,isotropic_wall_bound,0.019447158390520518,0.025023060383266023,-0.0033340392675061874,0.0063710813016844055,-0.0003568258072962,0.0052960913376012,0.0073453870280877015
0.5,-1.7000000000000002,isotropic_wall_bound,0.019964529424344374,0.02554827671771993,-0.00255192205446099,0.006248924416470003,-0.0002965344761184,0.0053737894713438,0.007077258282638392
0.5,-1.675,isotropic_wall_bound,0.020146443858039875,0.025563561451096648,-0.001992791645675807,0.0059541872788673395,-0.0002379675143222,0.0054479758495852,0.0066401780605732175
0.5,-1.6500000000000001,isotropic_wall_bound,0.020942406288466133,0.02643854850743266,-0.001553911408696859,0.005908144385109382,-0.0001817584167949,0.0055196900053148,0.006456904350354102
0.5,-1.625,isotropic_wall_bound,0.021758355808304566,0.027341845303070482,-0.001222000098274642,0.005874553293927716,-0.0001285196754838,0.0055897318133627,0.006292630423087253
0.5,-1.6,isotropic_wall_bound,0.022601489460226408,0.028281969610870473,-0.0009686783089368652,0.005855816330479058,-7.886378233623993e-05,0.0056587134439764,0.006151194316304345
0.5,-1.5750000000000002,isotropic_wall_bound,0.02354487708465583,0.02938951853810153,-0.0007727728940166789,0.005910661497511865,-3.334607819553868e-05,0.0057271013019221,0.006092659615779521
0.5,-1.55,isotropic_wall_bound,0.024543409010599204,0.030641707742703278,-0.0006206989864438845,0.006063101434961993,7.706700509901439e-06,0.0057952491021662,0.006141974027079587
0.5,-1.525,isotropic_wall_bound,0.025555696625379574,0.03191634634109884,-0.0005021991064794932,0.006234141876957687,4.402496845554056e-05,0.0058634238320173,0.006362753952672078
0.5,-1.5,isotropic_wall_bound,0.026623878234682475,0.03330093200102075,-0.0004089788833801852,0.006470949496357908,7.533914031683898e-05,0.0059318257296971,0.00667728254003638
0.5,-1.475,isotropic_wall_bound,0.027642492172734304,0.03452955729631283,-0.0003356926386027114,0.006614471060941261,0.0001014786002315,0.0060006037617128,0.006887066441737764
0.5,-1.4500000000000002,isotropic_wall_bound,0.028561593682878347,0.035457917889256056,-0.00027788121710698935,0.006570081493763382,0.0001226686101867,0.006069867244111,0.006896460692555733
0.5,-1.425,isotropic_wall_bound,0.029441139845466004,0.036246323700110716,-0.00023177302408131523,0.006437454388729005,0.0001392334016316,0.0061396946956016,0.006805547575686768
0.5,-1.4,isotropic_wall_bound,0.030347206932176164,0.03706610761000927,-0.0001945804496974829,0.0063211678153277375,0.0001514972060155,0.0062101406149584,0.006719497841820147
0.5,-1.375,isotropic_wall_bound,0.031306898131686356,0.037998874604502235,-0.00016433825649325777,0.006276239843174843,0.0001592327708595,0.0062812404962774,0.006692772179468518
0.5,-1.35,isotropic_wall_bound,0.03228875661158956,0.038968456476262965,-0.00013967831914292507,0.006263252833990182,0.0001600069079713,0.0063530145112222,0.006680595656969238
0.5,-1.3250000000000002,isotropic_wall_bound,0.03325137863167469,0.03985369167647938,-0.00011954315079154798,0.00620893773233111,0.0001508349452304,0.0064254704542509,0.006603143758452337
0.5,-1.3,isotropic_wall_bound,0.03415006676597625,0.04052675541524144,-0.00010309194726129296,0.0060366579492634785,0.0001287322105163,0.0064986058192089,0.006377245670350238
0.5,-1.275,isotropic_wall_bound,0.035123287753278866,0.04124113046664938,-8.94591432495711e-05,0.005863350685755734,9.275981230013484e-05,0.0065724093279658,0.00611799132413091
0.5,-1.25,isotropic_wall_bound,0.03619495219059901,0.04207252588706115,-7.80625510157629e-05,0.005724443567177073,5.016198141964464e-05,0.0066468621424801,0.005877633701688536
0.5,-1.225,isotropic_wall_bound,0.037346324561917325,0.04305204928554194,-6.847692946045855e-05,0.0056488287024950325,1.02287293043198e-05,0.0067219387240609,0.005708529853812788
0.5,-1.2000000000000002,isotropic_wall_bound,0.03861665013244402,0.04433416671542625,-6.033692587133171e-05,0.005730769085798253,-1.7749932616382544e-05,0.0067976075362655,0.005806691174177818
0.5,-1.175,isotropic_wall_bound,0.040173170041191295,0.046279469701556525,-5.330791690162197e-05,0.006148689694629443,-2.722901938216988e-05,0.0068738314223463,0.006238822332719659
0.5,-1.15,isotropic_wall_bound,0.041555234584893824,0.04799864059012883,-4.743505818736783e-05,0.006483135441753738,-2.264365190940897e-05,0.0069505680257855,0.006552742223013098
0.5,-1.125,isotropic_wall_bound,0.04263653497484033,0.04921045522410439,-4.2583949302856405e-05,0.00659443848596763,-1.117397758363222e-05,0.0070277700661733,0.006627696526808091
0.5,-1.1,isotropic_wall_bound,0.043591720441773195,0.05018917033853666,-3.852936473490564e-05,0.0065974507840501325,-1.437903717652855e-10,0.0071053854583385,0.006597451399492906
0.5,-1.075,isotropic_wall_bound,0.04463255518791133,0.05131478954057517,-3.507934345631202e-05,0.006672376505224715,5.289358856066609e-06,0.0071833575393385,0.0066826430254033
0.5,-1.05,isotropic_wall_bound,0.04569359428882113,0.05241760908409989,-3.214811361593092e-05,0.0067138152778994644,5.472666826282564e-06,0.0072616250606312,0.006724437626379532
0.5,-1.0250000000000001,isotropic_wall_bound,0.04679279834294732,0.05355697999321656,-2.9640179128697106e-05,0.0067587406155988445,2.9195733621023844e-06,0.0073401224969955,0.006764407240124484
0.5,-1.0,isotropic_wall_bound,0.04794604294619697,0.054789308811534,-2.747725513972975e-05,0.006843266726218274,-1.2829464773745755e-10,0.0074187798434868,0.006843267981617348
0.5,-0.9750000000000001,isotropic_wall_bound,0.0491280935703322,0.05609157183611904,-2.560240915215833e-05,0.006966120835182994,-1.4174411514797026e-06,0.0074975229287392,0.006970291121297654
0.5,-0.95,isotropic_wall_bound,0.0503054865448994,0.057405639839102345,-2.396923274960632e-05,0.0071028874065415856,-1.466553213258234e-06,0.0075762733068397,0.007107201262615833
0.5,-0.925,isotropic_wall_bound,0.05147374430797784,0.058714235874783284,-2.2532160481519275e-05,0.007241950585374112,-7.824487341862133e-07,0.0076549484529809,0.007244249211189441
0.5,-0.8999999999999999,isotropic_wall_bound,0.05262923669234384,0.06000255951380876,-2.1249823568201008e-05,0.007373323657069193,-1.1196846652004617e-10,0.0077334617790083,0.007373331044784883
0.5,-0.875,isotropic_wall_bound,0.05377871588963815,0.061280374189586165,-2.0081485706674326e-05,0.007500951287326263,3.796607846936834e-07,0.0078117228186845,0.00750168939850223
0.5,-0.8500000000000001,isotropic_wall_bound,0.05493042254851745,0.06256822999008642,-1.8985623704197493e-05,0.007637075895103585,3.9282504607022875e-07,0.0078896371574483,0.0076378407825787205
0.5,-0.825,isotropic_wall_bound,0.05608489699421249,0.0638724758468943,-1.791774784539791e-05,0.007787188960406083,2.0952429143468626e-07,0.0079671068856613,0.007787600318948629
0.5,-0.8,isotropic_wall_bound,0.05724238858747537,0.06519266987989217,-1.6824477105426794e-05,0.007950282116108716,-9.800344136616104e-11,0.0080440303491573,0.007950339012936396
0.5,-0.7749999999999999,isotropic_wall_bound,0.05840049125999618,0.06651547986001433,-1.5637712993079548e-05,0.008115179090473192,-1.0185390780495277e-07,0.0081203026437126,0.008115384989774092
0.5,-0.75,isotropic_wall_bound,0.0595563552373086,0.0678184050875515,-1.4266964910945838e-05,0.008262246914788062,-1.0537767097748355e-07,0.0081958157562304,0.008262484469776555
0.5,-0.7250000000000001,isotropic_wall_bound,0.06070880522449183,0.06907804292218513,-1.2590021077552982e-05,0.008369343217654273,-5.6259087298969284e-08,0.0082704586446492,0.008369635865622595
0.5,-0.7,isotropic_wall_bound,0.061856429060270085,0.07027482436920149,-1.0442244401673727e-05,0.00841839613978576,-8.795110941883165e-11,0.0083441176755332,0.008418789505648597
0.5,-0.675,isotropic_wall_bound,0.06299815749898172,0.07141611041077164,-7.591643681351077e-06,0.008417902925874443,2.718020857271084e-08,0.0084166767911579,0.008418495676767028
0.5,-0.6499999999999999,isotropic_wall_bound,0.06413269759113538,0.07252192958405852,-3.70594775573487e-06,0.008389180250233627,2.8126924015182864e-08,0.0084880178511304,0.008390104911318657
0.5,-0.625,isotropic_wall_bound,0.06525799980856237,0.07359417140098634,1.666610068267484e-06,0.008336144382376573,1.496799280731518e-08,0.0085580209635463,0.008337573364745415
0.5,-0.6000000000000001,isotropic_wall_bound,0.06637174217410198,0.07463305821763928,9.140012450892238e-06,0.008261316882740776,-8.078746157416216e-11,0.0086265649256738,0.00826348112652054
0.5,-0.575,isotropic_wall_bound,0.06747119584405065,0.0757492247151771,1.987259984331842e-05,0.008278043309626195,-7.385110842254066e-09,0.0086935274879229,0.008281302292323916
0.5,-0.55,isotropic_wall_bound,0.06855339291681233,0.07691741788098597,3.531163327501123e-05,0.00836403982039137,-7.636637945840863e-09,0.0087587859323246,0.008368926456036234
0.5,-0.5249999999999999,isotropic_wall_bound,0.06961530129453779,0.07824048983783978,5.824840843415979e-05,0.008625196685372656,-4.108521023538112e-09,0.0088222174328513,0.008632597348992807
0.5,-0.5,isotropic_wall_bound,0.07065375379886116,0.07993270602464479,9.455107465893341e-05,0.009278952477634498,-7.391232654938386e-11,0.0088836994800032,0.00929053117222602
0.5,-2.1,benchmark_bank_mass_only,0.0410082223127089,29116917673.696186,-1.0,29116917673.655178,0.0,0.0014439174778941,29116917673.655178
0.5,-2.075,benchmark_bank_mass_only,0.026009302098695286,22368707989.213932,-1.0,22368707989.187885,-1.537154848965202e-05,0.002059189493953,22368707989.187923
0.5,-2.0500000000000003,benchmark_bank_mass_only,0.016736942048487326,18417315640.73965,-1.0,18417315640.722668,-9.852505645018189e-05,0.0025934477534419,18417315640.722916
0.5,-2.025,benchmark_bank_mass_only,0.011036015880302126,16056588613.72071,-1.0,16056588613.70902,-0.0002580671234533,0.0030522386303904,16056588613.709673
0.5,-2.0,benchmark_bank_mass_only,0.009186896824290691,15855395418.149446,-1.0,15855395418.139101,-0.00045799040334,0.0034426933716991,15855395418.140259
0.5,-1.975,benchmark_bank_mass_only,0.007962854719652784,15343623802.313631,-1.0,15343623802.304432,-0.0006430181614006,0.0037728039372008,15343623802.30606
0.5,-1.9500000000000002,benchmark_bank_mass_only,0.009007491533409974,14363480460.456327,-1.0,14363480460.448368,-0.0007637161550914,0.0040508130889895,14363480460.450306
0.5,-1.925,benchmark_bank_mass_only,0.009950632697249362,13408124754.070612,-0.1334992955327032,13408124754.062338,-0.0007977422053556,0.00428474175619,13408124754.064367
0.5,-1.9000000000000001,benchmark_bank_mass_only,0.011801224828635873,13412732100.517935,-0.05101671657332662,13412732100.507765,-0.0007643405741519,0.0044820572721766,13412732100.509718
0.5,-1.875,benchmark_bank_mass_only,0.013549961000177512,13742188797.036364,-0.027608786807809607,13742188797.024345,-0.000713296254046,0.0046494692947605,13742188797.026176
0.5,-1.85,benchmark_bank_mass_only,0.014535620180018121,13653308109.245354,-0.017643768717796583,13653308109.23224,-0.0006584451910525,0.0047928328396852,13653308109.23394
0.5,-1.8250000000000002,benchmark_bank_mass_only,0.015508750727828969,13602357255.477592,-0.011930038770765766,13602357255.46339,-0.0006006534107904,0.0049171326563712,13602357255.46495
0.5,-1.8,benchmark_bank_mass_only,0.01652940680130463,13629549451.06886,-0.008378747101130022,13629549451.05351,-0.0005407869388786,0.0050265245284284,13629549451.054928
0.5,-1.7750000000000001,benchmark_bank_mass_only,0.01759834504316016,13730423669.569672,-0.0059633094631355655,13730423669.55313,-0.0004796905482643,0.0051244117204724,13730423669.554396
0.5,-1.75,benchmark_bank_mass_only,0.018617686911706014,13822391331.705408,-0.004260033552356927,13822391331.687716,-0.0004181240012075,0.0052135389638092,13822391331.688833
0.5,-1.725,benchmark_bank_mass_only,0.019447158390520518,13771261430.71205,-0.002957369371192655,13771261430.693398,-0.0003568258072962,0.0052960913376012,13771261430.69436
0.5,-1.7000000000000002,benchmark_bank_mass_only,0.019964529424344374,13440040004.354189,-0.001798176042858631,13440040004.334888,-0.0002965344761184,0.0053737894713438,13440040004.335691
0.5,-1.675,benchmark_bank_mass_only,0.020146443858039875,12769694376.156982,-0.0005623205069133071,12769694376.137371,-0.0002379675143222,0.0054479758495852,12769694376.13801
0.5,-1.6500000000000001,benchmark_bank_mass_only,0.020942406288466133,12635222548.817644,0.0012469302841361105,12635222548.797115,-0.0001817584167949,0.0055196900053148,12635222548.797564
0.5,-1.625,benchmark_bank_mass_only,0.021758355808304566,12538852776.38234,0.004272333645088649,12538852776.360872,-0.0001285196754838,0.0055897318133627,12538852776.361193
0.5,-1.6,benchmark_bank_mass_only,0.022601489460226408,12485476031.995483,0.009761912570390774,12485476031.973055,-7.886378233623993e-05,0.0056587134439764,12485476031.973537
0.5,-1.5750000000000002,benchmark_bank_mass_only,0.02354487708465583,12574864241.112785,0.0202833271261695,12574864241.0893,-3.334607819553868e-05,0.0057271013019221,12574864241.090187
0.5,-1.55,benchmark_bank_mass_only,0.024543409010599204,12898980874.362503,0.041146194070124105,12898980874.337887,7.706700509901439e-06,0.0057952491021662,12898980874.339691
0.5,-1.525,benchmark_bank_mass_only,0.025555696625379574,13288730477.013685,0.08215181233220269,13288730476.987844,4.402496845554056e-05,0.0058634238320173,13288730476.991604
0.5,-1.5,benchmark_bank_mass_only,0.026623878234682475,13823143731.729963,0.16349576878684005,13823143731.70248,7.533914031683898e-05,0.0059318257296971,13823143731.710371
0.5,-1.475,benchmark_bank_mass_only,0.027642492172734304,14185736647.501282,0.31832143547839914,14185736647.470776,0.0001014786002315,0.0060006037617128,14185736647.486927
0.5,-1.4500000000000002,benchmark_bank_mass_only,0.028561593682878347,14156299370.281416,0.5988218713582955,14156299370.242956,0.0001226686101867,0.006069867244111,14156299370.27475
0.5,-1.425,benchmark_bank_mass_only,0.029441139845466004,13936550118.677502,1.0,13936550118.614176,0.0001392334016316,0.0061396946956016,13936550118.675255
0.5,-1.4,benchmark_bank_mass_only,0.030347206932176164,13741322448.490479,1.0,13741322448.371992,0.0001514972060155,0.0062101406149584,13741322448.48834
0.5,-1.375,benchmark_bank_mass_only,0.031306898131686356,13702347570.201782,1.0,13702347569.977722,0.0001592327708595,0.0062812404962774,13702347570.199724
0.5,-1.35,benchmark_bank_mass_only,0.03228875661158956,13760759487.748,1.0,13760759487.323286,0.0001600069079713,0.0063530145112222,13760759487.746017
0.5,-1.3250000000000002,benchmark_bank_mass_only,0.03325137863167469,13767374931.926203,1.0,13767374931.129417,0.0001508349452304,0.0064254704542509,13767374931.924324
0.5,-1.3,benchmark_bank_mass_only,0.03415006676597625,13563907117.736116,1.0,13563907116.274803,0.0001287322105163,0.0064986058192089,13563907117.7344
0.5,-1.275,benchmark_bank_mass_only,0.035123287753278866,13316111221.797462,1.0,13316111219.146696,9.275981230013484e-05,0.0065724093279658,13316111221.795872
0.5,-1.25,benchmark_bank_mass_only,0.03619495219059901,13003401457.48276,1.0,13003401452.735043,5.016198141964464e-05,0.0066468621424801,13003401457.481243
0.5,-1.225,benchmark_bank_mass_only,0.037346324561917325,12713949488.569254,1.0,12713949480.11561,1.02287293043198e-05,0.0067219387240609,12713949488.56775
0.5,-1.2000000000000002,benchmark_bank_mass_only,0.03861665013244402,12645466569.314274,1.0,12645466554.106043,-1.7749932616382544e-05,0.0067976075362655,12645466569.3127
0.5,-1.175,benchmark_bank_mass_only,0.040173170041191295,13278926686.230219,1.0,13278926657.529942,-2.722901938216988e-05,0.0068738314223463,13278926686.228374
0.5,-1.15,benchmark_bank_mass_only,0.041555234584893824,13824002292.047117,1.0,13824002238.678997,-2.264365190940897e-05,0.0069505680257855,13824002292.045116
0.5,-1.125,benchmark_bank_mass_only,0.04263653497484033,14006001207.459135,1.0,14006001111.437468,-1.117397758363222e-05,0.0070277700661733,14006001207.45718
0.5,-1.1,benchmark_bank_mass_only,0.043591720441773195,14091720323.201672,1.0,14091720152.58604,-1.437903717652855e-10,0.0071053854583385,14091720323.199833
0.5,-1.075,benchmark_bank_mass_only,0.04463255518791133,14386035997.005678,1.0,14386035691.043875,5.289358856066609e-06,0.0071833575393385,14386035997.003902
0.5,-1.05,benchmark_bank_mass_only,0.04569359428882113,14565080963.63982,1.0,14565080422.35656,5.472666826282564e-06,0.0072616250606312,14565080963.638094
0.5,-1.0250000000000001,benchmark_bank_mass_only,0.04679279834294732,14701464588.464184,1.0,14701463638.786407,2.9195733621023844e-06,0.0073401224969955,14701464588.462482
0.5,-1.0,benchmark_bank_mass_only,0.04794604294619697,14869218249.678354,1.0,14869216588.982595,-1.2829464773745755e-10,0.0074187798434868,14869218249.676645
0.5,-0.9750000000000001,benchmark_bank_mass_only,0.0491280935703322,15098383724.75565,1.0,15098380825.238495,-1.4174411514797026e-06,0.0074975229287392,15098383724.75391
0.5,-0.95,benchmark_bank_mass_only,0.0503054865448994,15371022362.877,1.0,15371017316.418468,-1.466553213258234e-06,0.0075762733068397,15371022362.875227
0.5,-0.925,benchmark_bank_mass_only,0.05147374430797784,15662795099.926682,1.0,15662786362.285067,-7.824487341862133e-07,0.0076549484529809,15662795099.924881
0.5,-0.8999999999999999,benchmark_bank_mass_only,0.05262923669234384,15952068203.20558,1.0,15952053179.86181,-1.1196846652004617e-10,0.0077334617790083,15952068203.203762
0.5,-0.875,benchmark_bank_mass_only,0.05377871588963815,16238271370.782063,1.0,16238245731.210983,3.796607846936834e-07,0.0078117228186845,16238271370.780233
0.5,-0.8500000000000001,benchmark_bank_mass_only,0.05493042254851745,16539085387.67567,1.0,16539041926.346542,3.9282504607022875e-07,0.0078896371574483,16539085387.673822
0.5,-0.825,benchmark_bank_mass_only,0.05608489699421249,16866464974.569448,1.0,16866391787.384048,2.0952429143468626e-07,0.0079671068856613,16866464974.567581
0.5,-0.8,benchmark_bank_mass_only,0.05724238858747537,17218401640.97628,1.0,17218279284.62778,-9.800344136616104e-11,0.0080440303491573,17218401640.974396
0.5,-0.7749999999999999,benchmark_bank_mass_only,0.05840049125999618,17573076142.18673,1.0,17572873409.88415,-1.0185390780495277e-07,0.0081203026437126,17573076142.184814
0.5,-0.75,benchmark_bank_mass_only,0.0595563552373086,17890190550.498665,1.0,17889858516.38101,-1.0537767097748355e-07,0.0081958157562304,17890190550.496723
0.5,-0.7250000000000001,benchmark_bank_mass_only,0.06070880522449183,18121769506.21858,1.0,18121233505.62236,-5.6259087298969284e-08,0.0082704586446492,18121769506.21661
0.5,-0.7,benchmark_bank_mass_only,0.061856429060270085,18228660626.064163,1.0,18227809688.552765,-8.795110941883165e-11,0.0083441176755332,18228660626.062176
0.5,-0.675,benchmark_bank_mass_only,0.06299815749898172,18228720194.75741,1.0,18227390473.33151,2.718020857271084e-08,0.0084166767911579,18228720194.755394
0.5,-0.6499999999999999,benchmark_bank_mass_only,0.06413269759113538,18167640353.360962,1.0,18165590253.75269,2.8126924015182864e-08,0.0084880178511304,18167640353.35892
0.5,-0.625,benchmark_bank_mass_only,0.06525799980856237,18054039467.95044,1.0,18050919976.11875,1.496799280731518e-08,0.0085580209635463,18054039467.94837
0.5,-0.6000000000000001,benchmark_bank_mass_only,0.06637174217410198,17893518196.700394,1.0,17888832532.402832,-8.078746157416216e-11,0.0086265649256738,17893518196.698307
0.5,-0.575,benchmark_bank_mass_only,0.06747119584405065,17931951637.53052,1.0,17924908092.53859,-7.385110842254066e-09,0.0086935274879229,17931951637.52841
0.5,-0.55,benchmark_bank_mass_only,0.06855339291681233,18121607366.99293,1.0,18111039843.53281,-7.636637945840863e-09,0.0087587859323246,18121607366.990803
0.5,-0.5249999999999999,benchmark_bank_mass_only,0.06961530129453779,18692541065.400253,1.0,18676523716.308647,-4.108521023538112e-09,0.0088222174328513,18692541065.3981
0.5,-0.5,benchmark_bank_mass_only,0.07065375379886116,20117282306.281685,1.0,20092211010.886017,-7.391232654938386e-11,0.0088836994800032,20117282306.279514
0.5,-2.1,any_recovery_bank_mass_lower_bound,0.0410082223127089,29116917673.696186,-1.0,29116917673.655178,0.0,0.0014439174778941,29116917673.655178
0.5,-2.075,any_recovery_bank_mass_lower_bound,0.026009302098695286,22368707989.213932,-1.0,22368707989.187885,-1.537154848965202e-05,0.002059189493953,22368707989.187923
0.5,-2.0500000000000003,any_recovery_bank_mass_lower_bound,0.016736942048487326,18417315640.73965,-1.0,18417315640.722668,-9.852505645018189e-05,0.0025934477534419,18417315640.722916
0.5,-2.025,any_recovery_bank_mass_lower_bound,0.011036015880302126,16056588613.72071,-1.0,16056588613.70902,-0.0002580671234533,0.0030522386303904,16056588613.709673
0.5,-2.0,any_recovery_bank_mass_lower_bound,0.009186896824290691,15855395418.149446,-1.0,15855395418.139101,-0.00045799040334,0.0034426933716991,15855395418.140259
0.5,-1.975,any_recovery_bank_mass_lower_bound,0.007962854719652784,15343623802.313631,-1.0,15343623802.304432,-0.0006430181614006,0.0037728039372008,15343623802.30606
0.5,-1.9500000000000002,any_recovery_bank_mass_lower_bound,0.009007491533409974,14363480460.456327,-1.0,14363480460.448368,-0.0007637161550914,0.0040508130889895,14363480460.450306
0.5,-1.925,any_recovery_bank_mass_lower_bound,0.009950632697249362,13408124754.070612,-0.1334992955327032,13408124754.062338,-0.0007977422053556,0.00428474175619,13408124754.064367
0.5,-1.9000000000000001,any_recovery_bank_mass_lower_bound,0.011801224828635873,13412732100.517935,-0.05101671657332662,13412732100.507765,-0.0007643405741519,0.0044820572721766,13412732100.509718
0.5,-1.875,any_recovery_bank_mass_lower_bound,0.013549961000177512,13742188797.036364,-0.027608786807809607,13742188797.024345,-0.000713296254046,0.0046494692947605,13742188797.026176
0.5,-1.85,any_recovery_bank_mass_lower_bound,0.014535620180018121,13653308109.245354,-0.017643768717796583,13653308109.23224,-0.0006584451910525,0.0047928328396852,13653308109.23394
0.5,-1.8250000000000002,any_recovery_bank_mass_lower_bound,0.015508750727828969,13602357255.477592,-0.011930038770765766,13602357255.46339,-0.0006006534107904,0.0049171326563712,13602357255.46495
0.5,-1.8,any_recovery_bank_mass_lower_bound,0.01652940680130463,13629549451.06886,-0.008378747101130022,13629549451.05351,-0.0005407869388786,0.0050265245284284,13629549451.054928
0.5,-1.7750000000000001,any_recovery_bank_mass_lower_bound,0.01759834504316016,13730423669.569672,-0.0059633094631355655,13730423669.55313,-0.0004796905482643,0.0051244117204724,13730423669.554396
0.5,-1.75,any_recovery_bank_mass_lower_bound,0.018617686911706014,13822391331.705408,-0.004260033552356927,13822391331.687716,-0.0004181240012075,0.0052135389638092,13822391331.688833
0.5,-1.725,any_recovery_bank_mass_lower_bound,0.019447158390520518,13771261430.71205,-0.002957369371192655,13771261430.693398,-0.0003568258072962,0.0052960913376012,13771261430.69436
0.5,-1.7000000000000002,any_recovery_bank_mass_lower_bound,0.019964529424344374,13440040004.354189,-0.001798176042858631,13440040004.334888,-0.0002965344761184,0.0053737894713438,13440040004.335691
0.5,-1.675,any_recovery_bank_mass_lower_bound,0.020146443858039875,12769694376.156982,-0.0005623205069133071,12769694376.137371,-0.0002379675143222,0.0054479758495852,12769694376.13801
0.5,-1.6500000000000001,any_recovery_bank_mass_lower_bound,0.020942406288466133,12635222548.817644,0.0012469302841361105,12635222548.797115,-0.0001817584167949,0.0055196900053148,12635222548.797564
0.5,-1.625,any_recovery_bank_mass_lower_bound,0.021758355808304566,12538852776.38234,0.004272333645088649,12538852776.360872,-0.0001285196754838,0.0055897318133627,12538852776.361193
0.5,-1.6,any_recovery_bank_mass_lower_bound,0.022601489460226408,12485476031.995483,0.009761912570390774,12485476031.973055,-7.886378233623993e-05,0.0056587134439764,12485476031.973537
0.5,-1.5750000000000002,any_recovery_bank_mass_lower_bound,0.02354487708465583,12574864241.112785,0.0202833271261695,12574864241.0893,-3.334607819553868e-05,0.0057271013019221,12574864241.090187
0.5,-1.55,any_recovery_bank_mass_lower_bound,0.024543409010599204,12898980874.362503,0.041146194070124105,12898980874.337887,7.706700509901439e-06,0.0057952491021662,12898980874.339691
0.5,-1.525,any_recovery_bank_mass_lower_bound,0.025555696625379574,13288730477.013685,0.08215181233220269,13288730476.987844,4.402496845554056e-05,0.0058634238320173,13288730476.991604
0.5,-1.5,any_recovery_bank_mass_lower_bound,0.026623878234682475,13823143731.729963,0.16349576878684005,13823143731.70248,7.533914031683898e-05,0.0059318257296971,13823143731.710371
0.5,-1.475,any_recovery_bank_mass_lower_bound,0.027642492172734304,14185736647.501282,0.31832143547839914,14185736647.470776,0.0001014786002315,0.0060006037617128,14185736647.486927
0.5,-1.4500000000000002,any_recovery_bank_mass_lower_bound,0.028561593682878347,14156299370.281416,0.5988218713582955,14156299370.242956,0.0001226686101867,0.006069867244111,14156299370.27475
0.5,-1.425,any_recovery_bank_mass_lower_bound,0.029441139845466004,13936550118.677502,1.0,13936550118.614176,0.0001392334016316,0.0061396946956016,13936550118.675255
0.5,-1.4,any_recovery_bank_mass_lower_bound,0.030347206932176164,13741322448.490479,1.0,13741322448.371992,0.0001514972060155,0.0062101406149584,13741322448.48834
0.5,-1.375,any_recovery_bank_mass_lower_bound,0.031306898131686356,13702347570.201782,1.0,13702347569.977722,0.0001592327708595,0.0062812404962774,13702347570.199724
0.5,-1.35,any_recovery_bank_mass_lower_bound,0.03228875661158956,13760759487.748,1.0,13760759487.323286,0.0001600069079713,0.0063530145112222,13760759487.746017
0.5,-1.3250000000000002,any_recovery_bank_mass_lower_bound,0.03325137863167469,13767374931.926203,1.0,13767374931.129417,0.0001508349452304,0.0064254704542509,13767374931.924324
0.5,-1.3,any_recovery_bank_mass_lower_bound,0.03415006676597625,13563907117.736116,1.0,13563907116.274803,0.0001287322105163,0.0064986058192089,13563907117.7344
0.5,-1.275,any_recovery_bank_mass_lower_bound,0.035123287753278866,13316111221.797462,1.0,13316111219.146696,9.275981230013484e-05,0.0065724093279658,13316111221.795872
0.5,-1.25,any_recovery_bank_mass_lower_bound,0.03619495219059901,13003401457.48276,1.0,13003401452.735043,5.016198141964464e-05,0.0066468621424801,13003401457.481243
0.5,-1.225,any_recovery_bank_mass_lower_bound,0.037346324561917325,12713949488.569254,1.0,12713949480.11561,1.02287293043198e-05,0.0067219387240609,12713949488.56775
0.5,-1.2000000000000002,any_recovery_bank_mass_lower_bound,0.03861665013244402,12645466569.314274,1.0,12645466554.106043,-1.7749932616382544e-05,0.0067976075362655,12645466569.3127
0.5,-1.175,any_recovery_bank_mass_lower_bound,0.040173170041191295,13278926686.230219,1.0,13278926657.529942,-2.722901938216988e-05,0.0068738314223463,13278926686.228374
0.5,-1.15,any_recovery_bank_mass_lower_bound,0.041555234584893824,13824002292.047117,1.0,13824002238.678997,-2.264365190940897e-05,0.0069505680257855,13824002292.045116
0.5,-1.125,any_recovery_bank_mass_lower_bound,0.04263653497484033,14006001207.459135,1.0,14006001111.437468,-1.117397758363222e-05,0.0070277700661733,14006001207.45718
0.5,-1.1,any_recovery_bank_mass_lower_bound,0.043591720441773195,14091720323.201672,1.0,14091720152.58604,-1.437903717652855e-10,0.0071053854583385,14091720323.199833
0.5,-1.075,any_recovery_bank_mass_lower_bound,0.04463255518791133,14386035997.005678,1.0,14386035691.043875,5.289358856066609e-06,0.0071833575393385,14386035997.003902
0.5,-1.05,any_recovery_bank_mass_lower_bound,0.04569359428882113,14565080963.63982,1.0,14565080422.35656,5.472666826282564e-06,0.0072616250606312,14565080963.638094
0.5,-1.0250000000000001,any_recovery_bank_mass_lower_bound,0.04679279834294732,14701464588.464184,1.0,14701463638.786407,2.9195733621023844e-06,0.0073401224969955,14701464588.462482
0.5,-1.0,any_recovery_bank_mass_lower_bound,0.04794604294619697,14869218249.678354,1.0,14869216588.982595,-1.2829464773745755e-10,0.0074187798434868,14869218249.676645
0.5,-0.9750000000000001,any_recovery_bank_mass_lower_bound,0.0491280935703322,15098383724.75565,1.0,15098380825.238495,-1.4174411514797026e-06,0.0074975229287392,15098383724.75391
0.5,-0.95,any_recovery_bank_mass_lower_bound,0.0503054865448994,15371022362.877,1.0,15371017316.418468,-1.466553213258234e-06,0.0075762733068397,15371022362.875227
0.5,-0.925,any_recovery_bank_mass_lower_bound,0.05147374430797784,15662795099.926682,1.0,15662786362.285067,-7.824487341862133e-07,0.0076549484529809,15662795099.924881
0.5,-0.8999999999999999,any_recovery_bank_mass_lower_bound,0.05262923669234384,15952068203.20558,1.0,15952053179.86181,-1.1196846652004617e-10,0.0077334617790083,15952068203.203762
0.5,-0.875,any_recovery_bank_mass_lower_bound,0.05377871588963815,16238271370.782063,1.0,16238245731.210983,3.796607846936834e-07,0.0078117228186845,16238271370.780233
0.5,-0.8500000000000001,any_recovery_bank_mass_lower_bound,0.05493042254851745,16539085387.67567,1.0,16539041926.346542,3.9282504607022875e-07,0.0078896371574483,16539085387.673822
0.5,-0.825,any_recovery_bank_mass_lower_bound,0.05608489699421249,16866464974.569448,1.0,16866391787.384048,2.0952429143468626e-07,0.0079671068856613,16866464974.567581
0.5,-0.8,any_recovery_bank_mass_lower_bound,0.05724238858747537,17218401640.97628,1.0,17218279284.62778,-9.800344136616104e-11,0.0080440303491573,17218401640.974396
0.5,-0.7749999999999999,any_recovery_bank_mass_lower_bound,0.05840049125999618,17573076142.18673,1.0,17572873409.88415,-1.0185390780495277e-07,0.0081203026437126,17573076142.184814
0.5,-0.75,any_recovery_bank_mass_lower_bound,0.0595563552373086,17890190550.498665,1.0,17889858516.38101,-1.0537767097748355e-07,0.0081958157562304,17890190550.496723
0.5,-0.7250000000000001,any_recovery_bank_mass_lower_bound,0.06070880522449183,18121769506.21858,1.0,18121233505.62236,-5.6259087298969284e-08,0.0082704586446492,18121769506.21661
0.5,-0.7,any_recovery_bank_mass_lower_bound,0.061856429060270085,18228660626.064163,1.0,18227809688.552765,-8.795110941883165e-11,0.0083441176755332,18228660626.062176
0.5,-0.675,any_recovery_bank_mass_lower_bound,0.06299815749898172,18204859606.72767,1.0,18203531625.848267,2.718020857271084e-08,0.0084166767911579,18204859606.72565
0.5,-0.6499999999999999,any_recovery_bank_mass_lower_bound,0.06413269759113538,18091334263.96855,1.0,18089292775.004303,2.8126924015182864e-08,0.0084880178511304,18091334263.966515
0.5,-0.625,any_recovery_bank_mass_lower_bound,0.06525799980856237,17960116405.004032,1.0,17957013141.79686,1.496799280731518e-08,0.0085580209635463,17960116405.00197
0.5,-0.6000000000000001,any_recovery_bank_mass_lower_bound,0.06637174217410198,17893518196.700394,1.0,17888832532.402832,-8.078746157416216e-11,0.0086265649256738,17893518196.698307
0.5,-0.575,any_recovery_bank_mass_lower_bound,0.06747119584405065,17931951637.53052,1.0,17924908092.53859,-7.385110842254066e-09,0.0086935274879229,17931951637.52841
0.5,-0.55,any_recovery_bank_mass_lower_bound,0.06855339291681233,18121607366.99293,1.0,18111039843.53281,-7.636637945840863e-09,0.0087587859323246,18121607366.990803
0.5,-0.5249999999999999,any_recovery_bank_mass_lower_bound,0.06961530129453779,18692541065.400253,1.0,18676523716.308647,-4.108521023538112e-09,0.0088222174328513,18692541065.3981
0.5,-0.5,any_recovery_bank_mass_lower_bound,0.07065375379886116,20117282306.281685,1.0,20092211010.886017,-7.391232654938386e-11,0.0088836994800032,20117282306.279514
1.285,-2.1,inventory_only,0.10407907145903474,0.12273390524329253,-1.0,0.01865483378425779,0.0,-0.0036301572131476,0.01865483378425779
1.285,-2.075,inventory_only,0.07552529434336623,0.0889544676299422,-1.0,0.013218548462199359,-8.179323519776927e-05,-0.0029149369936143,0.013429173286575988
1.285,-2.0500000000000003,inventory_only,0.05870244673425903,0.06777853105556751,-1.0,0.007725594256607699,-0.0005232604875699,-0.0022462827664043,0.0090760843213085
1.285,-2.025,inventory_only,0.047950654189651346,0.05884320097641599,-1.0,0.007342399392335146,-0.0013714431781087,-0.001640366562879,0.010892546786764646
1.285,-2.0,inventory_only,0.04424635536070891,0.057013803942358596,-1.0,0.006421494046984088,-0.0024425790487259,-0.0011082217157651,0.01276744858164969
1.285,-1.975,inventory_only,0.0385232462994706,0.053515523028782805,-1.0,0.005981619967437202,-0.0034535891293476,-0.0006510875390876,0.014992276729312201
1.285,-1.9500000000000002,inventory_only,0.033145858841979986,0.048024142273260996,-1.0,0.006138404604516121,-0.0041481412415869,-0.0002528455903729,0.01701282627453702
1.285,-1.925,inventory_only,0.028624651076452387,0.04343549113482338,-0.791517225325563,0.007389725125172323,-0.004404345199185,0.000129887932675,0.018996112958195824
1.285,-1.9000000000000001,inventory_only,0.029562374465327983,0.045987395236998393,-0.3930681413024494,0.010186567437967909,-0.0043166521550422,0.0005745835286728,0.021625361084993105
1.285,-1.875,inventory_only,0.03222843753019596,0.04980007822818261,-0.22536703048627985,0.01182654464515373,-0.0041504879517306,0.0011820463578293,0.022890616613632828
1.285,-1.85,inventory_only,0.03194285589843085,0.05056083584246603,-0.15722928528209698,0.013070170916159552,-0.0039697984425579,0.002028668976334,0.023726838166754156
1.285,-1.8250000000000002,inventory_only,0.031492405800694075,0.05130097607903015,-0.1159137963243415,0.01437693354767611,-0.0037641982302322,0.0030860698879337,0.02457367732662371
1.285,-1.8,inventory_only,0.03121388052002891,0.05236327765493879,-0.09065522960607275,0.015802181416449495,-0.003523301917462,0.0041753409574214,0.025466647255564294
1.285,-1.7750000000000001,inventory_only,0.03101760236695174,0.053639023608274765,-0.07598375534516623,0.017347160089128486,-0.0032477196057615,0.005516677166665,0.026409095082622982
1.285,-1.75,inventory_only,0.031045566041885037,0.055156460844819545,-0.07064904448354913,0.0188703963345713,-0.0029820433918688,0.0060340959966296,0.0273493982463485
1.285,-1.725,inventory_only,0.030641557285362338,0.05603863784412034,-0.06887491277703275,0.020121735627177867,-0.0027818608713282,0.0057777349610289,0.028149190167653767
1.285,-1.7000000000000002,inventory_only,0.028879438853485026,0.05510902459712722,-0.0677451231176013,0.020805751727752283,-0.0027027596396836,0.0054399825702612,0.028624832553855485
1.285,-1.675,inventory_only,0.025409717598853705,0.05186131700308416,-0.06767585607547787,0.020744128500474524,-0.0027641159881082,0.0055325400588764,0.02863724580039462
1.285,-1.6500000000000001,inventory_only,0.025599236645287845,0.05300884547441537,-0.06423179342081221,0.02141525055094104,-0.0028404609902902,0.0054507287510633,0.029413845383119742
1.285,-1.625,inventory_only,0.025950071088710377,0.054259447111178756,-0.059675739084162675,0.022187507031651343,-0.0027701144155468,0.0054252404517857,0.029999499909530342
1.285,-1.6,inventory_only,0.02651128757980712,0.05562998401323735,-0.0540300443403245,0.023192342173291438,-0.0023913960331951,0.0054481779035898,0.030255481658492508
1.285,-1.5750000000000002,inventory_only,0.027733747393029196,0.057734593943348664,-0.04748799244373899,0.02468938422187853,-0.0016105832673117,0.0055044789175603,0.03066152181159602
1.285,-1.55,inventory_only,0.029316684047232207,0.060524970156070626,-0.04115087510703145,0.026757255667710502,-0.0006057841610107,0.0055807742676573,0.0316060036422459
1.285,-1.525,inventory_only,0.030965434372068543,0.0634755614894405,-0.03575252199479214,0.028924664077104274,0.0003769355878344,0.0056676410289618,0.03277385318334305
1.285,-1.5,inventory_only,0.03295533000546858,0.06711925524187981,-0.03132400388218465,0.031209673326974604,0.0010915102813501,0.0057592129669863,0.03436031686145474
1.285,-1.475,inventory_only,0.03446672903374224,0.07005403734209421,-0.02802217834086182,0.03286083802787152,0.0013637016776866,0.0058521577770163,0.03575230676420252
1.285,-1.4500000000000002,inventory_only,0.03511271308038224,0.07135021541420745,-0.02561953665012222,0.03344857925141092,0.0013065813590888,0.0059447559507907,0.03638777783663055
1.285,-1.425,inventory_only,0.03539986246787454,0.07185447336216383,-0.02366858380884261,0.03349679251975882,0.0011050483638254,0.0060362451315063,0.03659705142501309
1.285,-1.4,inventory_only,0.03587083730463163,0.0725409037129976,-0.02185139674059931,0.0336205235837906,0.0009440017301649,0.0061264008529887,0.0368046947258232
1.285,-1.375,inventory_only,0.036889071481671684,0.07393513267926757,-0.020030911624778987,0.03411491652879063,0.0009522064728438,0.0062152838300237,0.03716909684734026
1.285,-1.35,inventory_only,0.03830204325744437,0.07563575905453708,-0.01829074585187461,0.03466192128368629,0.0010338915124695,0.0063030946138591,0.03744816808317256
1.285,-1.3250000000000002,inventory_only,0.039727346096376584,0.07690144694258458,-0.01676687253452229,0.03478292065054456,0.0010371517461171,0.0063900928728854,0.0372914512129266
1.285,-1.3,inventory_only,0.04076115218571309,0.07691283705456955,-0.015544414682136845,0.033942823232282815,0.0008100820708618,0.0064765552369965,0.036296183044925205
1.285,-1.275,inventory_only,0.04201448551492132,0.07732747340802383,-0.014512521893548725,0.03311085013466932,0.0002633985217379,0.0065627551556206,0.03554104093996108
1.285,-1.25,inventory_only,0.043037376548011104,0.07825598383455527,-0.013662686534569654,0.0329379421385937,-0.0004416983143832,0.0066489558885562,0.03566823078154012
1.285,-1.225,inventory_only,0.04363675836254758,0.07978641712940981,-0.012934721719677746,0.03383699641281854,-0.0010813867126713,0.0067354107746252,0.03734743397768834
1.285,-1.2000000000000002,inventory_only,0.04423516369710573,0.08293623196166502,-0.012219538857328243,0.03653465833007774,-0.0014318449482959,0.0068223675200959,0.04055761393047024
1.285,-1.175,inventory_only,0.04772668662507158,0.09106737761802089,-0.01122689602482829,0.04158482048675376,-0.0013397591729965,0.006910073690091,0.04514733206636156
1.285,-1.15,inventory_only,0.0504002529276439,0.09706381779419586,-0.010361980377907158,0.04548190336491178,-0.0009338470447916,0.0069987794819144,0.04791401108491258
1.285,-1.125,inventory_only,0.051057663157885916,0.09881918317486107,-0.009731162222512548,0.04716890648039423,-0.0004133340982699,0.0070887309272375,0.04825963970774833
1.285,-1.1,inventory_only,0.051669753929645075,0.09914346959871298,-0.009193219257813622,0.04733419175922035,2.2554131980299425e-05,0.007180140993721,0.04747563277558549
1.285,-1.075,inventory_only,0.053548518680307494,0.10120077442063029,-0.008671758330117373,0.047718100147578435,0.0002227917107957,0.0072731170202535,0.047665228787588325
1.285,-1.05,inventory_only,0.05498258190101512,0.10304539711133885,-0.00826450861743825,0.04813672348103799,0.0002291511007147,0.007367516416067,0.048076962756490406
1.285,-1.0250000000000001,inventory_only,0.05618133384798136,0.10509582962460948,-0.007935493523309304,0.0488908066332091,0.0001316043637007,0.0074627160075412,0.048917547107208484
1.285,-1.0,inventory_only,0.05736238917863948,0.10776886088327937,-0.00765304663834251,0.050271173796064154,2.0123561717250578e-05,0.0075573684673598,0.05040818912372489
1.285,-0.9750000000000001,inventory_only,0.05855730828464677,0.11081856176074624,-0.007654722524106693,0.05207237219412182,-3.4330777845242886e-05,0.0079399445231694,0.05227233459223584
1.285,-0.95,inventory_only,0.060274669573728,0.11440861452450002,-0.007997734019189559,0.05394419778409074,-3.684426588860652e-05,0.0078281298275263,0.054145455931188684
1.285,-0.925,inventory_only,0.06223200521476037,0.11815978834772617,-0.007389274098917893,0.0557654504893264,-1.1514047887782071e-05,0.0075163156589478,0.055933121249305634
1.285,-0.8999999999999999,inventory_only,0.06388215627533685,0.1213776017546182,-0.006112961308864756,0.05736420616212061,1.756273068228876e-05,0.0075425626181253,0.05749694371334321
1.285,-0.875,inventory_only,0.06507397203879685,0.12399342416988293,-0.005297329616058498,0.05880360080508377,3.1382357407227354e-05,0.008010997012371,0.05891998434150937
1.285,-0.8500000000000001,inventory_only,0.0663753069349468,0.12679511739703417,-0.005082402653068811,0.06030505535671398,3.1314852114912084e-05,0.0081024971875581,0.060420284087507166
1.285,-0.825,inventory_only,0.0676679692391592,0.12972390435280426,-0.004878151122588905,0.06193455379958102,2.3823667693785127e-05,0.0081844666376909,0.062056729772350806
1.285,-0.8,inventory_only,0.06896355391063365,0.13277774874702628,-0.004681157116572456,0.06368501169012251,1.5372257032289002e-05,0.0082658015646392,0.06381548800634626
1.285,-0.7749999999999999,inventory_only,0.07027336381115368,0.13585833677484332,-0.004489454716173686,0.06545197378350077,1.1057855772245128e-05,0.0083463735678738,0.06558653318186478
1.285,-0.75,inventory_only,0.07159689048941151,0.13879171997913647,-0.004301918776561777,0.06706163686102666,1.0512830568991605e-05,0.0084260517942622,0.06719634820355738
1.285,-0.7250000000000001,inventory_only,0.07292880403970424,0.14139211289792797,-0.0041179260416960226,0.06833180249066177,1.2003330831245493e-05,0.0085047042616411,0.06846462335949666
1.285,-0.7,inventory_only,0.07426321163661416,0.14350325751933452,-0.0039370929832893255,0.0691103636689863,1.3795505967723925e-05,0.0085821989031231,0.06924115418573605
1.285,-0.675,inventory_only,0.0755948319618563,0.14518996348069374,-0.0037591897605276686,0.06946604330198622,1.4520629041421187e-05,0.0086584050440538,0.06959612764363658
1.285,-0.6499999999999999,inventory_only,0.0769209139029429,0.14662648087606692,-0.003584069438653772,0.06957596644483328,1.4270467732440548e-05,0.0087331936661999,0.06970652413030315
1.285,-0.625,inventory_only,0.07823941999679584,0.1478428228068843,-0.0034116810174191995,0.06947268019528327,1.3501913375162525e-05,0.0088064383795669,0.06960435808764613
1.285,-0.6000000000000001,inventory_only,0.07954797172605146,0.14885841665984442,-0.003242068593082459,0.06917848672715284,1.267185730396762e-05,0.0088780154909896,0.06931140356342977
1.285,-0.575,inventory_only,0.08084362812640344,0.15062467572337798,-0.003075339165326505,0.06964813630404619,1.2139050549119009e-05,0.0089478041433908,0.06978198990631804
1.285,-0.55,inventory_only,0.08212246284264887,0.15296494362153978,-0.002911634255765986,0.07070889477300882,1.1869682924410406e-05,0.0090156861189796,0.07084338880411657
1.285,-0.5249999999999999,inventory_only,0.08338013830543481,0.15678966281183995,-0.0027510922995550332,0.07327543806688332,1.1731803939518176e-05,0.0090815457607437,0.07341038867894449
1.285,-0.5,inventory_only,0.08461226945624638,0.1639817293057568,-0.00259382224272092,0.07923494322221009,1.159346310411868e-05,0.0091452696838048,0.07937027849197553
1.285,-2.1,isotropic_wall_bound,0.10407907145903474,0.13361589161744292,-1.0,0.029536820158408167,0.0,-0.0036301572131476,0.029536820158408167
1.285,-2.075,isotropic_wall_bound,0.07552529434336623,0.09755773613751899,-1.0,0.021821816969776125,-8.179323519776927e-05,-0.0029149369936143,0.02203244179415275
1.285,-2.0500000000000003,isotropic_wall_bound,0.05870244673425903,0.0749639450429044,-1.0,0.014911008243944594,-0.0005232604875699,-0.0022462827664043,0.016261498308645393
1.285,-2.025,isotropic_wall_bound,0.047950654189651346,0.06650646245182197,-1.0,0.015005660867741136,-0.0013714431781087,-0.001640366562879,0.018555808262170636
1.285,-2.0,isotropic_wall_bound,0.04424635536070891,0.06490575965171591,-1.0,0.014313449756341407,-0.0024425790487259,-0.0011082217157651,0.020659404291007006
1.285,-1.975,isotropic_wall_bound,0.0385232462994706,0.061134698558294294,-1.0,0.013600795496948686,-0.0034535891293476,-0.0006510875390876,0.022611452258823682
1.285,-1.9500000000000002,isotropic_wall_bound,0.033145858841979986,0.05502086408498837,-1.0,0.013135126416243498,-0.0041481412415869,-0.0002528455903729,0.024009548086264397
1.285,-1.925,isotropic_wall_bound,0.028624651076452387,0.05001474268114902,-0.791517225325563,0.013968976671497957,-0.004404345199185,0.000129887932675,0.025575364504521456
1.285,-1.9000000000000001,isotropic_wall_bound,0.029562374465327983,0.053245926196224466,-0.3930681413024494,0.01744509839719397,-0.0043166521550422,0.0005745835286728,0.02888389204421917
1.285,-1.875,isotropic_wall_bound,0.03222843753019596,0.05778967378065938,-0.22536703048627985,0.019816140197630498,-0.0041504879517306,0.0011820463578293,0.030880212166109595
1.285,-1.85,isotropic_wall_bound,0.03194285589843085,0.05905469287480023,-0.15722928528209698,0.021564027948493755,-0.0039697984425579,0.002028668976334,0.03222069519908836
1.285,-1.8250000000000002,isotropic_wall_bound,0.031492405800694075,0.06033785237571087,-0.1159137963243415,0.023413809844356828,-0.0037641982302322,0.0030860698879337,0.03361055362330443
1.285,-1.8,isotropic_wall_bound,0.03121388052002891,0.062013966733876845,-0.09065522960607275,0.025452870495387553,-0.003523301917462,0.0041753409574214,0.035117336334502355
1.285,-1.7750000000000001,isotropic_wall_bound,0.03101760236695174,0.06397619440061483,-0.07598375534516623,0.02768433088146855,-0.0032477196057615,0.005516677166665,0.036746265874963054
1.285,-1.75,isotropic_wall_bound,0.031045566041885037,0.06619627182343617,-0.07064904448354913,0.029910207313187918,-0.0029820433918688,0.0060340959966296,0.038389209224965117
1.285,-1.725,isotropic_wall_bound,0.030641557285362338,0.06770480249739848,-0.06887491277703275,0.031787900280456,-0.0027818608713282,0.0057777349610289,0.0398153548209319
1.285,-1.7000000000000002,isotropic_wall_bound,0.028879438853485026,0.06715148033322269,-0.0677451231176013,0.032848207463847756,-0.0027027596396836,0.0054399825702612,0.040667288289950955
1.285,-1.675,isotropic_wall_bound,0.025409717598853705,0.06389357476583177,-0.06767585607547787,0.032776386263222136,-0.0027641159881082,0.0055325400588764,0.04066950356314224
1.285,-1.6500000000000001,isotropic_wall_bound,0.025599236645287845,0.06553672132488124,-0.06423179342081221,0.0339431264014069,-0.0028404609902902,0.0054507287510633,0.041941721233585604
1.285,-1.625,isotropic_wall_bound,0.025950071088710377,0.06731566563154807,-0.059675739084162675,0.03524372555202065,-0.0027701144155468,0.0054252404517857,0.04305571842989966
1.285,-1.6,isotropic_wall_bound,0.02651128757980712,0.06925345980631761,-0.0540300443403245,0.036815817966371706,-0.0023913960331951,0.0054481779035898,0.04387895745157278
1.285,-1.5750000000000002,isotropic_wall_bound,0.027733747393029196,0.07215893283419096,-0.04748799244373899,0.03911372311272083,-0.0016105832673117,0.0055044789175603,0.04508586070243833
1.285,-1.55,isotropic_wall_bound,0.029316684047232207,0.07598892752252462,-0.04115087510703145,0.042221213034164505,-0.0006057841610107,0.0055807742676573,0.047069961008699916
1.285,-1.525,isotropic_wall_bound,0.030965434372068543,0.08002808344378633,-0.03575252199479214,0.0454771860314501,0.0003769355878344,0.0056676410289618,0.04932637513768887
1.285,-1.5,isotropic_wall_bound,0.03295533000546858,0.08498391456144064,-0.03132400388218465,0.04907433264653543,0.0010915102813501,0.0057592129669863,0.05222497618101557
1.285,-1.475,isotropic_wall_bound,0.03446672903374224,0.08894982038920428,-0.02802217834086182,0.05175662107498158,0.0013637016776866,0.0058521577770163,0.05464808981131258
1.285,-1.4500000000000002,isotropic_wall_bound,0.03511271308038224,0.09070605831586193,-0.02561953665012222,0.0528044221530654,0.0013065813590888,0.0059447559507907,0.05574362073828503
1.285,-1.425,isotropic_wall_bound,0.03539986246787454,0.09137064290350025,-0.02366858380884261,0.05301296206109524,0.0011050483638254,0.0060362451315063,0.05611322096634951
1.285,-1.4,isotropic_wall_bound,0.03587083730463163,0.0922438460382278,-0.02185139674059931,0.05332346590902081,0.0009440017301649,0.0061264008529887,0.05650763705105341
1.285,-1.375,isotropic_wall_bound,0.036889071481671684,0.09403456465495307,-0.020030911624778987,0.05421434850447612,0.0009522064728438,0.0062152838300237,0.05726852882302575
1.285,-1.35,isotropic_wall_bound,0.03830204325744437,0.09620506221783592,-0.01829074585187461,0.05523122444698512,0.0010338915124695,0.0063030946138591,0.05801747124647139
1.285,-1.3250000000000002,isotropic_wall_bound,0.039727346096376584,0.09775886737772956,-0.01676687253452229,0.05564034108568953,0.0010371517461171,0.0063900928728854,0.05814887164807157
1.285,-1.3,isotropic_wall_bound,0.04076115218571309,0.09758593779878175,-0.015544414682136845,0.054615923976495014,0.0008100820708618,0.0064765552369965,0.056969283789137404
1.285,-1.275,isotropic_wall_bound,0.04201448551492132,0.09783117089409411,-0.014512521893548725,0.05361454762073959,0.0002633985217379,0.0065627551556206,0.056044738426031346
1.285,-1.25,isotropic_wall_bound,0.043037376548011104,0.09883500172853156,-0.013662686534569654,0.05351696003256999,-0.0004416983143832,0.0066489558885562,0.05624724867551641
1.285,-1.225,isotropic_wall_bound,0.04363675836254758,0.10069378447983948,-0.012934721719677746,0.05474436376324819,-0.0010813867126713,0.0067354107746252,0.05825480132811799
1.285,-1.2000000000000002,isotropic_wall_bound,0.04423516369710573,0.10478583462245053,-0.012219538857328243,0.058384260990863246,-0.0014318449482959,0.0068223675200959,0.06240721659125575
1.285,-1.175,isotropic_wall_bound,0.04772668662507158,0.11515198035127923,-0.01122689602482829,0.0656694232200121,-0.0013397591729965,0.006910073690091,0.06923193479961989
1.285,-1.15,isotropic_wall_bound,0.0504002529276439,0.12302208883402665,-0.010361980377907158,0.07144017440474257,-0.0009338470447916,0.0069987794819144,0.07387228212474338
1.285,-1.125,isotropic_wall_bound,0.051057663157885916,0.12566743364186492,-0.009731162222512548,0.07401715694739806,-0.0004133340982699,0.0070887309272375,0.07510789017475215
1.285,-1.1,isotropic_wall_bound,0.051669753929645075,0.12629430116477872,-0.009193219257813622,0.07448502332528609,2.2554131980299425e-05,0.007180140993721,0.07462646434165122
1.285,-1.075,isotropic_wall_bound,0.053548518680307494,0.12889327467238657,-0.008671758330117373,0.07541060039933473,0.0002227917107957,0.0072731170202535,0.07535772903934462
1.285,-1.05,isotropic_wall_bound,0.05498258190101512,0.13119592328052865,-0.008264508617438248,0.07628724965022778,0.0002291511007147,0.007367516416067,0.07622748892568018
1.285,-1.0250000000000001,isotropic_wall_bound,0.05618133384798136,0.13377839399454072,-0.007935493523309292,0.07757337100314037,0.0001316043637007,0.0074627160075412,0.07760011147713974
1.285,-1.0,isotropic_wall_bound,0.05736238917863948,0.13721655711509056,-0.007653046638342483,0.07971887002787532,2.0123561717250578e-05,0.0075573684673598,0.07985588535553607
1.285,-0.9750000000000001,isotropic_wall_bound,0.05855730828464677,0.14122466114225143,-0.007654722524106627,0.08247847157562703,-3.4330777845242886e-05,0.0079399445231694,0.08267843397374104
1.285,-0.95,isotropic_wall_bound,0.060274669573728,0.1458478658985395,-0.007997734019189412,0.08538344915813022,-3.684426588860652e-05,0.0078281298275263,0.08558470730522817
1.285,-0.925,isotropic_wall_bound,0.06223200521476037,0.15063836780570686,-0.007389274098917559,0.08824402994730711,-1.1514047887782071e-05,0.0075163156589478,0.08841170070728634
1.285,-0.8999999999999999,isotropic_wall_bound,0.06388215627533685,0.1548017067618036,-0.006112961308864027,0.09078831116930602,1.756273068228876e-05,0.0075425626181253,0.09092104872052863
1.285,-0.875,isotropic_wall_bound,0.06507397203879685,0.15828284671373044,-0.005297329616056871,0.0930930233489313,3.1382357407227354e-05,0.008010997012371,0.0932094068853569
1.285,-0.8500000000000001,isotropic_wall_bound,0.0663753069349468,0.1619760824303868,-0.005082402653065257,0.09548602039006662,3.1314852114912084e-05,0.0081024971875581,0.09560124912085978
1.285,-0.825,isotropic_wall_bound,0.0676679692391592,0.1658612703403257,-0.0048781511225811465,0.09807191978710246,2.3823667693785127e-05,0.0081844666376909,0.09819409575987219
1.285,-0.8,isotropic_wall_bound,0.06896355391063365,0.16993269116567924,-0.004681157116555662,0.1008399541087755,1.5372257032289002e-05,0.0082658015646392,0.10097043042499902
1.285,-0.7749999999999999,isotropic_wall_bound,0.07027336381115368,0.17403738261291174,-0.0044894547161376495,0.10363101962156925,1.1057855772245128e-05,0.0083463735678738,0.10376557901993276
1.285,-0.75,isotropic_wall_bound,0.07159689048941151,0.17790582105882694,-0.004301918776485388,0.10617573794071719,1.0512830568991605e-05,0.0084260517942622,0.10631044928324684
1.285,-0.7250000000000001,isotropic_wall_bound,0.07292880403970424,0.18124579216775516,-0.00411792604153637,0.108185481760489,1.2003330831245493e-05,0.0085047042616411,0.1083183026293218
1.285,-0.7,isotropic_wall_bound,0.07426321163661416,0.18381214389121447,-0.0039370929829610395,0.10941925004086643,1.3795505967723925e-05,0.0085821989031231,0.10955004055761215
1.285,-0.675,isotropic_wall_bound,0.0755948319618563,0.18570814456015272,-0.0037591897598627,0.10998422438144558,1.4520629041421187e-05,0.0086584050440538,0.1101143087230881
1.285,-0.6499999999999999,isotropic_wall_bound,0.0769209139029429,0.18720988612813722,-0.00358406943732363,0.11015937169690426,1.4270467732440548e-05,0.0087331936661999,0.1102899293823585
1.285,-0.625,isotropic_wall_bound,0.07823941999679584,0.18836643138020062,-0.0034116810147904013,0.10999628876860089,1.3501913375162525e-05,0.0088064383795669,0.11012796666093241
1.285,-0.6000000000000001,isotropic_wall_bound,0.07954797172605146,0.18921023739537576,-0.0032420685879476895,0.10953030746268663,1.267185730396762e-05,0.0088780154909896,0.10966322429890121
1.285,-0.575,isotropic_wall_bound,0.08084362812640344,0.19125006376020115,-0.003075339155276185,0.1102735243408741,1.2139050549119009e-05,0.0089478041433908,0.11040737794302306
1.285,-0.55,isotropic_wall_bound,0.08212246284264887,0.19420888818005336,-0.002911634236105004,0.11195283933153127,1.1869682924410406e-05,0.0090156861189796,0.11208733336239955
1.285,-0.5249999999999999,isotropic_wall_bound,0.08338013830543481,0.1995307071693287,-0.00275109226063975,0.11601648242438897,1.1731803939518176e-05,0.0090815457607437,0.1161514330359811
1.285,-0.5,isotropic_wall_bound,0.08461226945624638,0.21019927098095964,-0.0025938221630477736,0.12545248489744606,1.159346310411868e-05,0.0091452696838048,0.12558782016626377
1.285,-2.1,benchmark_bank_mass_only,0.10407907145903474,63959675282.46897,-1.0,63959675282.36488,0.0,-0.0036301572131476,63959675282.36488
1.285,-2.075,benchmark_bank_mass_only,0.07552529434336623,51787318963.22624,-1.0,51787318963.15051,-8.179323519776927e-05,-0.0029149369936143,51787318963.15073
1.285,-2.0500000000000003,benchmark_bank_mass_only,0.05870244673425903,44993630463.21662,-1.0,44993630463.15657,-0.0005232604875699,-0.0022462827664043,44993630463.15792
1.285,-2.025,benchmark_bank_mass_only,0.047950654189651346,41434287215.33704,-1.0,41434287215.28555,-0.0013714431781087,-0.001640366562879,41434287215.28911
1.285,-2.0,benchmark_bank_mass_only,0.04424635536070891,43252882443.069695,-1.0,43252882443.019104,-0.0024425790487259,-0.0011082217157651,43252882443.025444
1.285,-1.975,benchmark_bank_mass_only,0.0385232462994706,44273726891.717094,-1.0,44273726891.66956,-0.0034535891293476,-0.0006510875390876,44273726891.67857
1.285,-1.9500000000000002,benchmark_bank_mass_only,0.033145858841979986,43852525060.598785,-1.0,43852525060.5569,-0.0041481412415869,-0.0002528455903729,43852525060.56778
1.285,-1.925,benchmark_bank_mass_only,0.028624651076452387,43314463586.30414,-0.791517225325563,43314463586.2681,-0.004404345199185,0.000129887932675,43314463586.2797
1.285,-1.9000000000000001,benchmark_bank_mass_only,0.029562374465327983,45834644453.87142,-0.3930681413024494,45834644453.835625,-0.0043166521550422,0.0005745835286728,45834644453.84707
1.285,-1.875,benchmark_bank_mass_only,0.03222843753019596,49647286939.533585,-0.22536703048627985,49647286939.49561,-0.0041504879517306,0.0011820463578293,49647286939.50668
1.285,-1.85,benchmark_bank_mass_only,0.03194285589843085,52105007374.82077,-0.15722928528209698,52105007374.78328,-0.0039697984425579,0.002028668976334,52105007374.79393
1.285,-1.8250000000000002,benchmark_bank_mass_only,0.031492405800694075,54780397158.3041,-0.1159137963243415,54780397158.26717,-0.0037641982302322,0.0030860698879337,54780397158.27736
1.285,-1.8,benchmark_bank_mass_only,0.03121388052002891,57864880087.772415,-0.09065522960607275,57864880087.735855,-0.003523301917462,0.0041753409574214,57864880087.74552
1.285,-1.7750000000000001,benchmark_bank_mass_only,0.03101760236695174,61395893346.52518,-0.07598375534516623,61395893346.488884,-0.0032477196057615,0.005516677166665,61395893346.49795
1.285,-1.75,benchmark_bank_mass_only,0.031045566041885037,65056135015.03369,-0.07064904448354913,65056135014.997406,-0.0029820433918688,0.0060340959966296,65056135015.00589
1.285,-1.725,benchmark_bank_mass_only,0.030641557285362338,68188255961.72779,-0.06887491277703275,68188255961.69187,-0.0027818608713282,0.0057777349610289,68188255961.6999
1.285,-1.7000000000000002,benchmark_bank_mass_only,0.028879438853485026,69960911481.18149,-0.0677451231176013,69960911481.1472,-0.0027027596396836,0.0054399825702612,69960911481.15501
1.285,-1.675,benchmark_bank_mass_only,0.025409717598853705,69809349871.405,-0.06767585607547787,69809349871.37389,-0.0027641159881082,0.0055325400588764,69809349871.38177
1.285,-1.6500000000000001,benchmark_bank_mass_only,0.025599236645287845,72460132366.53667,-0.06423179342081221,72460132366.50508,-0.0028404609902902,0.0054507287510633,72460132366.51308
1.285,-1.625,benchmark_bank_mass_only,0.025950071088710377,75333787554.32108,-0.059675739084162675,75333787554.28902,-0.0027701144155468,0.0054252404517857,75333787554.29683
1.285,-1.6,benchmark_bank_mass_only,0.02651128757980712,78471967761.41716,-0.0540300443403245,78471967761.38472,-0.0023913960331951,0.0054481779035898,78471967761.39178
1.285,-1.5750000000000002,benchmark_bank_mass_only,0.027733747393029196,82546351504.88438,-0.04748799244373899,82546351504.85135,-0.0016105832673117,0.0055044789175603,82546351504.85732
1.285,-1.55,benchmark_bank_mass_only,0.029316684047232207,88288744420.3043,-0.04115087510703145,88288744420.27054,-0.0006057841610107,0.0055807742676573,88288744420.27539
1.285,-1.525,benchmark_bank_mass_only,0.030965434372068543,94675114577.97968,-0.03575252199479214,94675114577.9451,0.0003769355878344,0.0056676410289618,94675114577.94893
1.285,-1.5,benchmark_bank_mass_only,0.03295533000546858,102328641982.62888,-0.03132400388218465,102328641982.59296,0.0010915102813501,0.0057592129669863,102328641982.59608
1.285,-1.475,benchmark_bank_mass_only,0.03446672903374224,108921611170.82652,-0.02802217834086182,108921611170.78935,0.0013637016776866,0.0058521577770163,108921611170.79225
1.285,-1.4500000000000002,benchmark_bank_mass_only,0.03511271308038224,112544200325.63533,-0.02561953665012222,112544200325.59743,0.0013065813590888,0.0059447559507907,112544200325.60036
1.285,-1.425,benchmark_bank_mass_only,0.03539986246787454,114522569740.71886,-0.02366858380884261,114522569740.6805,0.0011050483638254,0.0060362451315063,114522569740.6836
1.285,-1.4,benchmark_bank_mass_only,0.03587083730463163,116518404991.67314,-0.02185139674059931,116518404991.6342,0.0009440017301649,0.0061264008529887,116518404991.63739
1.285,-1.375,benchmark_bank_mass_only,0.036889071481671684,119695907486.22736,-0.020030911624778987,119695907486.18753,0.0009522064728438,0.0062152838300237,119695907486.1906
1.285,-1.35,benchmark_bank_mass_only,0.03830204325744437,123639277152.22812,-0.01829074585187461,123639277152.18713,0.0010338915124695,0.0063030946138591,123639277152.18993
1.285,-1.3250000000000002,benchmark_bank_mass_only,0.039727346096376584,127037472800.44804,-0.016766872534522286,127037472800.40594,0.0010371517461171,0.0063900928728854,127037472800.40846
1.285,-1.3,benchmark_bank_mass_only,0.04076115218571309,128350110268.34615,-0.015544414682136805,128350110268.30318,0.0008100820708618,0.0064765552369965,128350110268.30553
1.285,-1.275,benchmark_bank_mass_only,0.04201448551492132,129036327495.51007,-0.014512521893548192,129036327495.46587,0.0002633985217379,0.0065627551556206,129036327495.4683
1.285,-1.25,benchmark_bank_mass_only,0.043037376548011104,128865367664.29333,-0.013662686534562318,128865367664.248,-0.0004416983143832,0.0066489558885562,128865367664.25073
1.285,-1.225,benchmark_bank_mass_only,0.04363675836254758,128693182237.60756,-0.012934721719576348,128693182237.5616,-0.0010813867126713,0.0067354107746252,128693182237.56511
1.285,-1.2000000000000002,benchmark_bank_mass_only,0.04423516369710573,130583049544.07314,-0.012219538855909911,130583049544.02673,-0.0014318449482959,0.0068223675200959,130583049544.03076
1.285,-1.175,benchmark_bank_mass_only,0.04772668662507158,139734304731.11444,-0.011226896004519269,139734304731.06494,-0.0013397591729965,0.006910073690091,139734304731.0685
1.285,-1.15,benchmark_bank_mass_only,0.0504002529276439,148082440781.14874,-0.010361980089211919,148082440781.09717,-0.0009338470447916,0.0069987794819144,148082440781.09964
1.285,-1.125,benchmark_bank_mass_only,0.051057663157885916,152575875906.89294,-0.009731158172348263,152575875906.84128,-0.0004133340982699,0.0070887309272375,152575875906.84238
1.285,-1.1,benchmark_bank_mass_only,0.051669753929645075,155969982715.11633,-0.009193162702111183,155969982715.0645,2.2554131980299425e-05,0.007180140993721,155969982715.06464
1.285,-1.075,benchmark_bank_mass_only,0.053548518680307494,161643593805.42294,-0.008670961385780324,161643593805.36945,0.0002227917107957,0.0072731170202535,161643593805.36942
1.285,-1.05,benchmark_bank_mass_only,0.05498258190101512,166011402176.73126,-0.008252724352392665,166011402176.67633,0.0002291511007147,0.007367516416067,166011402176.67627
1.285,-1.0250000000000001,benchmark_bank_mass_only,0.05618133384798136,169860703560.36978,-0.007867269296665582,169860703560.3136,0.0001316043637007,0.0074627160075412,169860703560.31363
1.285,-1.0,benchmark_bank_mass_only,0.05736238917863948,174043706669.89795,-0.0074953541278157745,174043706669.84048,2.0123561717250578e-05,0.0075573684673598,174043706669.8406
1.285,-0.9750000000000001,benchmark_bank_mass_only,0.05855730828464677,178953490294.3567,-0.00726748508392801,178953490294.29794,-3.4330777845242886e-05,0.0079399445231694,178953490294.29813
1.285,-0.95,benchmark_bank_mass_only,0.060274669573728,184565536435.1706,-0.0071346966201450614,184565536435.11017,-3.684426588860652e-05,0.0078281298275263,184565536435.11035
1.285,-0.925,benchmark_bank_mass_only,0.06223200521476037,190493474799.19836,-0.005431033492527268,190493474799.13596,-1.1514047887782071e-05,0.0075163156589478,190493474799.13614
1.285,-0.8999999999999999,benchmark_bank_mass_only,0.06388215627533685,196152106660.0023,-0.0018328402860346038,196152106659.93826,1.756273068228876e-05,0.0075425626181253,196152106659.93872
1.285,-0.875,benchmark_bank_mass_only,0.06507397203879685,201439249061.2013,0.004265660899719794,201439249061.13614,3.1382357407227354e-05,0.008010997012371,201439249061.1372
1.285,-0.8500000000000001,benchmark_bank_mass_only,0.0663753069349468,206802345810.05414,0.01580121125654727,206802345809.98767,3.1314852114912084e-05,0.0081024971875581,206802345809.99017
1.285,-0.825,benchmark_bank_mass_only,0.0676679692391592,212469587737.32162,0.04073866051300933,212469587737.25372,2.3823667693785127e-05,0.0081844666376909,212469587737.25943
1.285,-0.8,benchmark_bank_mass_only,0.06896355391063365,218422851255.6352,0.09404472057631857,218422851255.56555,1.5372257032289002e-05,0.0082658015646392,218422851255.57825
1.285,-0.7749999999999999,benchmark_bank_mass_only,0.07027336381115368,224390180025.64825,0.2073104395187906,224390180025.57498,1.1057855772245128e-05,0.0083463735678738,224390180025.6029
1.285,-0.75,benchmark_bank_mass_only,0.07159689048941151,229855355933.58752,0.44459556604728795,229855355933.5025,1.0512830568991605e-05,0.0084260517942622,229855355933.56287
1.285,-0.7250000000000001,benchmark_bank_mass_only,0.07292880403970424,234191687713.13034,0.9340509865189034,234191687712.9974,1.2003330831245493e-05,0.0085047042616411,234191687713.1261
1.285,-0.7,benchmark_bank_mass_only,0.07426321163661416,236875401441.78726,1.0,236875401441.51352,1.3795505967723925e-05,0.0085821989031231,236875401441.7833
1.285,-0.675,benchmark_bank_mass_only,0.0755948319618563,238119769593.54086,1.0,238119769592.9801,1.4520629041421187e-05,0.0086584050440538,238119769593.53693
1.285,-0.6499999999999999,benchmark_bank_mass_only,0.0769209139029429,238511768239.4968,1.0,238511768238.35843,1.4270467732440548e-05,0.0087331936661999,238511768239.49283
1.285,-0.625,benchmark_bank_mass_only,0.07823941999679584,238163863882.1265,1.0,238163863879.84015,1.3501913375162525e-05,0.0088064383795669,238163863882.12247
1.285,-0.6000000000000001,benchmark_bank_mass_only,0.07954797172605146,237152796944.97488,1.0,237152796940.43472,1.267185730396762e-05,0.0088780154909896,237152796944.97083
1.285,-0.575,benchmark_bank_mass_only,0.08084362812640344,238757613738.58267,1.0,238757613729.54883,1.2139050549119009e-05,0.0089478041433908,238757613738.57858
1.285,-0.55,benchmark_bank_mass_only,0.08212246284264887,242391506973.1999,1.0,242391506955.23944,1.1869682924410406e-05,0.0090156861189796,242391506973.19574
1.285,-0.5249999999999999,benchmark_bank_mass_only,0.08338013830543481,251190425761.26547,1.0,251190425725.1522,1.1731803939518176e-05,0.0090815457607437,251190425761.26135
1.285,-0.5,benchmark_bank_mass_only,0.08461226945624638,271624729488.96274,1.0,271624729413.8912,1.159346310411868e-05,0.0091452696838048,271624729488.95856
1.285,-2.1,any_recovery_bank_mass_lower_bound,0.10407907145903474,63959675282.46897,-1.0,63959675282.36488,0.0,-0.0036301572131476,63959675282.36488
1.285,-2.075,any_recovery_bank_mass_lower_bound,0.07552529434336623,51787318963.22624,-1.0,51787318963.15051,-8.179323519776927e-05,-0.0029149369936143,51787318963.15073
1.285,-2.0500000000000003,any_recovery_bank_mass_lower_bound,0.05870244673425903,44993630463.21662,-1.0,44993630463.15657,-0.0005232604875699,-0.0022462827664043,44993630463.15792
1.285,-2.025,any_recovery_bank_mass_lower_bound,0.047950654189651346,41434287215.33704,-1.0,41434287215.28555,-0.0013714431781087,-0.001640366562879,41434287215.28911
1.285,-2.0,any_recovery_bank_mass_lower_bound,0.04424635536070891,43252882443.069695,-1.0,43252882443.019104,-0.0024425790487259,-0.0011082217157651,43252882443.025444
1.285,-1.975,any_recovery_bank_mass_lower_bound,0.0385232462994706,44273726891.717094,-1.0,44273726891.66956,-0.0034535891293476,-0.0006510875390876,44273726891.67857
1.285,-1.9500000000000002,any_recovery_bank_mass_lower_bound,0.033145858841979986,43852525060.598785,-1.0,43852525060.5569,-0.0041481412415869,-0.0002528455903729,43852525060.56778
1.285,-1.925,any_recovery_bank_mass_lower_bound,0.028624651076452387,43314463586.30414,-0.791517225325563,43314463586.2681,-0.004404345199185,0.000129887932675,43314463586.2797
1.285,-1.9000000000000001,any_recovery_bank_mass_lower_bound,0.029562374465327983,45834644453.87142,-0.3930681413024494,45834644453.835625,-0.0043166521550422,0.0005745835286728,45834644453.84707
1.285,-1.875,any_recovery_bank_mass_lower_bound,0.03222843753019596,49647286939.533585,-0.22536703048627985,49647286939.49561,-0.0041504879517306,0.0011820463578293,49647286939.50668
1.285,-1.85,any_recovery_bank_mass_lower_bound,0.03194285589843085,52105007374.82077,-0.15722928528209698,52105007374.78328,-0.0039697984425579,0.002028668976334,52105007374.79393
1.285,-1.8250000000000002,any_recovery_bank_mass_lower_bound,0.031492405800694075,54780397158.3041,-0.1159137963243415,54780397158.26717,-0.0037641982302322,0.0030860698879337,54780397158.27736
1.285,-1.8,any_recovery_bank_mass_lower_bound,0.03121388052002891,57864880087.772415,-0.09065522960607275,57864880087.735855,-0.003523301917462,0.0041753409574214,57864880087.74552
1.285,-1.7750000000000001,any_recovery_bank_mass_lower_bound,0.03101760236695174,61395893346.52518,-0.07598375534516623,61395893346.488884,-0.0032477196057615,0.005516677166665,61395893346.49795
1.285,-1.75,any_recovery_bank_mass_lower_bound,0.031045566041885037,65056135015.03369,-0.07064904448354913,65056135014.997406,-0.0029820433918688,0.0060340959966296,65056135015.00589
1.285,-1.725,any_recovery_bank_mass_lower_bound,0.030641557285362338,68188255961.72779,-0.06887491277703275,68188255961.69187,-0.0027818608713282,0.0057777349610289,68188255961.6999
1.285,-1.7000000000000002,any_recovery_bank_mass_lower_bound,0.028879438853485026,69960911481.18149,-0.0677451231176013,69960911481.1472,-0.0027027596396836,0.0054399825702612,69960911481.15501
1.285,-1.675,any_recovery_bank_mass_lower_bound,0.025409717598853705,69809349871.405,-0.06767585607547787,69809349871.37389,-0.0027641159881082,0.0055325400588764,69809349871.38177
1.285,-1.6500000000000001,any_recovery_bank_mass_lower_bound,0.025599236645287845,72460132366.53667,-0.06423179342081221,72460132366.50508,-0.0028404609902902,0.0054507287510633,72460132366.51308
1.285,-1.625,any_recovery_bank_mass_lower_bound,0.025950071088710377,75333787554.32108,-0.059675739084162675,75333787554.28902,-0.0027701144155468,0.0054252404517857,75333787554.29683
1.285,-1.6,any_recovery_bank_mass_lower_bound,0.02651128757980712,78471967761.41716,-0.0540300443403245,78471967761.38472,-0.0023913960331951,0.0054481779035898,78471967761.39178
1.285,-1.5750000000000002,any_recovery_bank_mass_lower_bound,0.027733747393029196,82546351504.88438,-0.04748799244373899,82546351504.85135,-0.0016105832673117,0.0055044789175603,82546351504.85732
1.285,-1.55,any_recovery_bank_mass_lower_bound,0.029316684047232207,88288744420.3043,-0.04115087510703145,88288744420.27054,-0.0006057841610107,0.0055807742676573,88288744420.27539
1.285,-1.525,any_recovery_bank_mass_lower_bound,0.030965434372068543,94675114577.97968,-0.03575252199479214,94675114577.9451,0.0003769355878344,0.0056676410289618,94675114577.94893
1.285,-1.5,any_recovery_bank_mass_lower_bound,0.03295533000546858,102328641982.62888,-0.03132400388218465,102328641982.59296,0.0010915102813501,0.0057592129669863,102328641982.59608
1.285,-1.475,any_recovery_bank_mass_lower_bound,0.03446672903374224,108921611170.82652,-0.02802217834086182,108921611170.78935,0.0013637016776866,0.0058521577770163,108921611170.79225
1.285,-1.4500000000000002,any_recovery_bank_mass_lower_bound,0.03511271308038224,112544200325.63533,-0.02561953665012222,112544200325.59743,0.0013065813590888,0.0059447559507907,112544200325.60036
1.285,-1.425,any_recovery_bank_mass_lower_bound,0.03539986246787454,114522569740.71886,-0.02366858380884261,114522569740.6805,0.0011050483638254,0.0060362451315063,114522569740.6836
1.285,-1.4,any_recovery_bank_mass_lower_bound,0.03587083730463163,116518404991.67314,-0.02185139674059931,116518404991.6342,0.0009440017301649,0.0061264008529887,116518404991.63739
1.285,-1.375,any_recovery_bank_mass_lower_bound,0.036889071481671684,119695907486.22736,-0.020030911624778987,119695907486.18753,0.0009522064728438,0.0062152838300237,119695907486.1906
1.285,-1.35,any_recovery_bank_mass_lower_bound,0.03830204325744437,123639277152.22812,-0.01829074585187461,123639277152.18713,0.0010338915124695,0.0063030946138591,123639277152.18993
1.285,-1.3250000000000002,any_recovery_bank_mass_lower_bound,0.039727346096376584,127037472800.44804,-0.016766872534522286,127037472800.40594,0.0010371517461171,0.0063900928728854,127037472800.40846
1.285,-1.3,any_recovery_bank_mass_lower_bound,0.04076115218571309,128350110268.34615,-0.015544414682136805,128350110268.30318,0.0008100820708618,0.0064765552369965,128350110268.30553
1.285,-1.275,any_recovery_bank_mass_lower_bound,0.04201448551492132,129036327495.51007,-0.014512521893548192,129036327495.46587,0.0002633985217379,0.0065627551556206,129036327495.4683
1.285,-1.25,any_recovery_bank_mass_lower_bound,0.043037376548011104,128865367664.29333,-0.013662686534562318,128865367664.248,-0.0004416983143832,0.0066489558885562,128865367664.25073
1.285,-1.225,any_recovery_bank_mass_lower_bound,0.04363675836254758,128693182237.60756,-0.012934721719576348,128693182237.5616,-0.0010813867126713,0.0067354107746252,128693182237.56511
1.285,-1.2000000000000002,any_recovery_bank_mass_lower_bound,0.04423516369710573,130583049544.07314,-0.012219538855909911,130583049544.02673,-0.0014318449482959,0.0068223675200959,130583049544.03076
1.285,-1.175,any_recovery_bank_mass_lower_bound,0.04772668662507158,139734304731.11444,-0.011226896004519269,139734304731.06494,-0.0013397591729965,0.006910073690091,139734304731.0685
1.285,-1.15,any_recovery_bank_mass_lower_bound,0.0504002529276439,148082440781.14874,-0.010361980089211919,148082440781.09717,-0.0009338470447916,0.0069987794819144,148082440781.09964
1.285,-1.125,any_recovery_bank_mass_lower_bound,0.051057663157885916,152575875906.89294,-0.009731158172348263,152575875906.84128,-0.0004133340982699,0.0070887309272375,152575875906.84238
1.285,-1.1,any_recovery_bank_mass_lower_bound,0.051669753929645075,155969982715.11633,-0.009193162702111183,155969982715.0645,2.2554131980299425e-05,0.007180140993721,155969982715.06464
1.285,-1.075,any_recovery_bank_mass_lower_bound,0.053548518680307494,161643593805.42294,-0.008670961385780324,161643593805.36945,0.0002227917107957,0.0072731170202535,161643593805.36942
1.285,-1.05,any_recovery_bank_mass_lower_bound,0.05498258190101512,166011402176.73126,-0.008252724352392665,166011402176.67633,0.0002291511007147,0.007367516416067,166011402176.67627
1.285,-1.0250000000000001,any_recovery_bank_mass_lower_bound,0.05618133384798136,169860703560.36978,-0.007867269296665582,169860703560.3136,0.0001316043637007,0.0074627160075412,169860703560.31363
1.285,-1.0,any_recovery_bank_mass_lower_bound,0.05736238917863948,174043706669.89795,-0.0074953541278157745,174043706669.84048,2.0123561717250578e-05,0.0075573684673598,174043706669.8406
1.285,-0.9750000000000001,any_recovery_bank_mass_lower_bound,0.05855730828464677,178953490294.3567,-0.00726748508392801,178953490294.29794,-3.4330777845242886e-05,0.0079399445231694,178953490294.29813
1.285,-0.95,any_recovery_bank_mass_lower_bound,0.060274669573728,184565536435.1706,-0.0071346966201450614,184565536435.11017,-3.684426588860652e-05,0.0078281298275263,184565536435.11035
1.285,-0.925,any_recovery_bank_mass_lower_bound,0.06223200521476037,190493474799.19836,-0.005431033492527268,190493474799.13596,-1.1514047887782071e-05,0.0075163156589478,190493474799.13614
1.285,-0.8999999999999999,any_recovery_bank_mass_lower_bound,0.06388215627533685,196152106660.0023,-0.0018328402860346038,196152106659.93826,1.756273068228876e-05,0.0075425626181253,196152106659.93872
1.285,-0.875,any_recovery_bank_mass_lower_bound,0.06507397203879685,201439249061.2013,0.004265660899719794,201439249061.13614,3.1382357407227354e-05,0.008010997012371,201439249061.1372
1.285,-0.8500000000000001,any_recovery_bank_mass_lower_bound,0.0663753069349468,206802345810.05414,0.01580121125654727,206802345809.98767,3.1314852114912084e-05,0.0081024971875581,206802345809.99017
1.285,-0.825,any_recovery_bank_mass_lower_bound,0.0676679692391592,212469587737.32162,0.04073866051300933,212469587737.25372,2.3823667693785127e-05,0.0081844666376909,212469587737.25943
1.285,-0.8,any_recovery_bank_mass_lower_bound,0.06896355391063365,218422851255.6352,0.09404472057631857,218422851255.56555,1.5372257032289002e-05,0.0082658015646392,218422851255.57825
1.285,-0.7749999999999999,any_recovery_bank_mass_lower_bound,0.07027336381115368,224390180025.64825,0.2073104395187906,224390180025.57498,1.1057855772245128e-05,0.0083463735678738,224390180025.6029
1.285,-0.75,any_recovery_bank_mass_lower_bound,0.07159689048941151,229855355933.58752,0.44459556604728795,229855355933.5025,1.0512830568991605e-05,0.0084260517942622,229855355933.56287
1.285,-0.7250000000000001,any_recovery_bank_mass_lower_bound,0.07292880403970424,234191687713.13034,0.9340509865189034,234191687712.9974,1.2003330831245493e-05,0.0085047042616411,234191687713.1261
1.285,-0.7,any_recovery_bank_mass_lower_bound,0.07426321163661416,236875401441.78726,1.0,236875401441.51352,1.3795505967723925e-05,0.0085821989031231,236875401441.7833
1.285,-0.675,any_recovery_bank_mass_lower_bound,0.0755948319618563,237808081353.04425,1.0,237808081352.48422,1.4520629041421187e-05,0.0086584050440538,237808081353.0403
1.285,-0.6499999999999999,any_recovery_bank_mass_lower_bound,0.0769209139029429,237509992557.32578,1.0,237509992556.19217,1.4270467732440548e-05,0.0087331936661999,237509992557.3218
1.285,-0.625,any_recovery_bank_mass_lower_bound,0.07823941999679584,236924856976.294,1.0,236924856974.01953,1.3501913375162525e-05,0.0088064383795669,236924856976.28998
1.285,-0.6000000000000001,any_recovery_bank_mass_lower_bound,0.07954797172605146,237152796944.97488,1.0,237152796940.43472,1.267185730396762e-05,0.0088780154909896,237152796944.97083
1.285,-0.575,any_recovery_bank_mass_lower_bound,0.08084362812640344,238757613738.58267,1.0,238757613729.54883,1.2139050549119009e-05,0.0089478041433908,238757613738.57858
1.285,-0.55,any_recovery_bank_mass_lower_bound,0.08212246284264887,242391506973.1999,1.0,242391506955.23944,1.1869682924410406e-05,0.0090156861189796,242391506973.19574
1.285,-0.5249999999999999,any_recovery_bank_mass_lower_bound,0.08338013830543481,251190425761.26547,1.0,251190425725.1522,1.1731803939518176e-05,0.0090815457607437,251190425761.26135
1.285,-0.5,any_recovery_bank_mass_lower_bound,0.08461226945624638,271624729488.96274,1.0,271624729413.8912,1.159346310411868e-05,0.0091452696838048,271624729488.95856
