s,x,model,baseline_required_negative_null,required_negative_null,worst_direction,auxiliary_rho,endpoint_rho,geometry_rho,endpoint_remainder_required_negative_null
0.0,-2.1,inventory_only,0.03341954732392675,0.04041917939081913,-1.0,0.006999632066835501,0.0,0.0023337375658352,0.006999632066892375
0.0,-2.0875,inventory_only,0.02677151119633687,0.03269310659297417,-1.0,0.00591925609612212,-1.173860135462144e-06,0.0025980748332075,0.0059215953966372985
0.0,-2.075,inventory_only,0.021332921698749036,0.026535454578397122,-1.0,0.005185527873182499,-8.535179333010051e-06,0.0028418178414959,0.005202532879648087
0.0,-2.0625,inventory_only,0.01691476540298776,0.02155619895446598,-1.0,0.004589690997855324,-2.5976073671665692e-05,0.0030659503660693,0.004641433551478223
0.0,-2.0500000000000003,inventory_only,0.013912757905235034,0.01824121093448948,-1.0,0.004218773438016498,-5.507153732444692e-05,0.0032715423093118,0.004328453029254447
0.0,-2.0375,inventory_only,0.011396779869257316,0.01548447624185282,-1.0,0.003897755048497513,-9.538582540993106e-05,0.0034597237081551,0.004087696372595501
0.0,-2.025,inventory_only,0.00928411224038827,0.013329984115303107,-1.0,0.0037574447866972607,-0.0001448611148155,0.0036316604854428,0.004045871874914836
0.0,-2.0125,inventory_only,0.008387319703621225,0.012802788749564713,-1.0,0.004016776761006411,-0.0002002600509925,0.0037885330750679,0.004415469045943487
0.0,-2.0,inventory_only,0.00774115033324307,0.012356642909291421,-1.0,0.0041026082165133105,-0.0002576361141794,0.0039315174681988,0.004615492576048351
0.0,-1.9875,inventory_only,0.007137777002941715,0.011765102479638913,-1.0,0.004004639404729183,-0.0003128080639706,0.0040617691031384,0.0046273254766972
0.0,-1.975,inventory_only,0.006563660727082622,0.011021415433686926,-1.0,0.003737530838122429,-0.0003618170466017,0.0041804094340542,0.004457754706604304
0.0,-1.9625000000000001,inventory_only,0.006014363032406439,0.010149159612736698,-1.0,0.0033358928559034176,-0.0004013472747848,0.0042885151621281,0.004134796580330259
0.0,-1.9500000000000002,inventory_only,0.0055084373267865645,0.00944333708554321,-1.0,0.003088647377979171,-0.0004290935153797,0.004387110055161,0.003942788767876491
0.0,-1.9375,inventory_only,0.005979765807396353,0.008863473192372165,-1.0,0.002936711395200754,-0.0004440609456516,0.0044771587039347,0.003820669926372372
0.0,-1.925,inventory_only,0.006641691545984556,0.008504511219772073,-1.0,0.0028254631717872505,-0.000446785264316,0.0045595628826154,0.0037148839941929905
0.0,-1.9125,inventory_only,0.007487962897929586,0.00891514278781927,-0.05180195483494331,0.0027691395722737504,-0.0004394632690367,0.0046351590361381,0.003644038175571825
0.0,-1.9000000000000001,inventory_only,0.008727511311691768,0.010249391554616292,-0.016756324096456023,0.002829280341340754,-0.0004259864374951,0.0047047180051175,0.0036774156212078146
0.0,-1.8875000000000002,inventory_only,0.009423970494371709,0.010976197728526784,-0.009757230008198935,0.002819385632269147,-0.0004107764444752,0.0047689453936603,0.003637316626904859
0.0,-1.875,inventory_only,0.009967329937000577,0.01152699101354935,-0.0065914663171404795,0.0027848209028528605,-0.0003948872864968,0.0048284833960937,0.0035712031396964894
0.0,-1.8625,inventory_only,0.01049481463862391,0.012063850861854642,-0.004759096278988371,0.002750657540652839,-0.0003783992579554,0.004883913270124,0.0035043045428676716
0.0,-1.85,inventory_only,0.011012570247312163,0.01259358031512176,-0.003579500863404505,0.002717708662258727,-0.0003613926532464,0.0049357584846617,0.003437591948727898
0.0,-1.8375000000000001,inventory_only,0.01152640974585468,0.013122721078023715,-0.0027672548055924983,0.002686844971895876,-0.0003439477667652,0.0049844881307191,0.0033720940572190467
0.0,-1.8250000000000002,inventory_only,0.012041833375876596,0.013657551139165112,-0.0021816171413147297,0.0026589811953715656,-0.0003261448929073,0.0050305208410209,0.0033088835898572857
0.0,-1.8125,inventory_only,0.012564841735392936,0.014205057028972031,-0.0017450776031064227,0.002635238063327408,-0.000308064326068,0.0050742286245889,0.0032492392729866924
0.0,-1.8,inventory_only,0.013099717807725758,0.014770225918187366,-0.001411588243514659,0.002616453481677592,-0.0002897863606429,0.0051159408085936,0.003194157008209553
0.0,-1.7875,inventory_only,0.013646202398089058,0.01535253932279363,-0.0011521865348039278,0.0026025029331005847,-0.000271388615435,0.0051559479916362,0.0031436651590753192
0.0,-1.7750000000000001,inventory_only,0.014197261559797876,0.0159431378500275,-0.0009477745970912173,0.0025917019579758753,-0.0002529380068778,0.0051945057150499,0.0030962116875828233
0.0,-1.7625000000000002,inventory_only,0.014740957450508577,0.016527615344269112,-0.0007851338721727889,0.002581724658870204,-0.0002344987758125,0.0052318380258457,0.00304959800309853
0.0,-1.75,inventory_only,0.015265410506022504,0.0170962701532711,-0.0006546859889191341,0.0025748912275233367,-0.0002161351630802,0.0052681408552805,0.0030062716041096412
0.0,-1.7375,inventory_only,0.015759014706479623,0.017626903530130123,-0.00054933659362051,0.0025607511238580328,-0.0001979114095221,0.0053035851301222,0.0029559092573034737
0.0,-1.725,inventory_only,0.01621088889232232,0.018103737846169626,-0.00046373561664272945,0.0025345500010253196,-0.0001798917559795,0.0053383195872739,0.002893883922546631
0.0,-1.7125000000000001,inventory_only,0.016611162885737003,0.018513008748605404,-0.0003937924027075189,0.0024925357605687327,-0.0001621404432934,0.0053724734487374,0.0028165708081039817
0.0,-1.7000000000000002,inventory_only,0.016950974584811755,0.0188429674657635,-0.0003363469203567693,0.002431963776591574,-0.000144721712305,0.0054061587056963,0.002721352594758524
0.0,-1.6875,inventory_only,0.01722884698578941,0.019093578606011345,-0.0002888879271182133,0.002354413133720496,-0.000127694782683,0.0054394723095519,0.0026099258209265055
0.0,-1.675,inventory_only,0.017454022961894484,0.019281895604545345,-0.0002493977642579382,0.002267813657573912,-0.0001110987894059,0.0054724980576715,0.002490298354274816
0.0,-1.6625,inventory_only,0.017880461481269542,0.019726110985195524,-0.00021501383688698645,0.002236513611856656,-9.496784627976624e-05,0.0055053082163577,0.002426886646211844
0.0,-1.6500000000000001,inventory_only,0.018315596427989474,0.020182465882070205,-0.00018588021293314242,0.002209434936159223,-7.93360671104438e-05,0.005537965117031,0.0023686808256188313
0.0,-1.6375000000000002,inventory_only,0.01875315515215699,0.02064260275767585,-0.00016114078191414857,0.002184607431250333,-6.423756570400858e-05,0.0055705223896363,0.002313778881765173
0.0,-1.625,inventory_only,0.019197719286065538,0.02111215490199274,-0.00014005565209456754,0.0021631974391040794,-4.970645586645797e-05,0.0056030261699531,0.002267459677166288
0.0,-1.6125,inventory_only,0.019645246751021188,0.021585880967975698,-0.00012204506004375803,0.0021441203728041155,-3.57768514037902e-05,0.0056355160584406,0.002224432048584074
0.0,-1.6,inventory_only,0.020090995213940532,0.022058237812316805,-0.00010662941817196872,0.002126690101894541,-2.2482866122002697e-05,0.0056680259999292,0.0021840646520715503
0.0,-1.5875,inventory_only,0.02055648468246723,0.022558265453191898,-9.335950294787567e-05,0.002118550000038921,-9.855479350916877e-06,0.0057005851390587,0.0021540548010137387
0.0,-1.5750000000000002,inventory_only,0.021039122344945795,0.023085089906603528,-8.191280258113648e-05,0.002121576997769524,2.08686748434942e-06,0.0057332183408597,0.0021363156007748896
0.0,-1.5625,inventory_only,0.021530090291625056,0.023633826136586523,-7.202762176100137e-05,0.002139870757426659,1.3328867434855936e-05,0.0057659468539924,0.00213497844898969
0.0,-1.55,inventory_only,0.022026906049624585,0.02419254556490488,-6.347401262242243e-05,0.002164151962885845,2.3855213551660934e-05,0.0057987888076924,0.0021665615038391826
0.0,-1.5375,inventory_only,0.022526616023743392,0.02475449852863382,-5.6058484693674435e-05,0.0021907913366496215,3.3650598885823553e-05,0.0058317595263345,0.0022283319414644594
0.0,-1.525,inventory_only,0.023026367380621058,0.025313745387103983,-4.961711277344535e-05,0.0022168688627210117,4.269971648840282e-05,0.0058648720846516,0.0022877147456939477
0.0,-1.5125000000000002,inventory_only,0.023527521853139045,0.025869789824403466,-4.4007709070648104e-05,0.002240693284533205,5.098725941045718e-05,0.0058981373964417,0.0023425545363318753
0.0,-1.5,inventory_only,0.024060602985666042,0.026466337968978446,-3.909082595209633e-05,0.0022756139778871915,5.849792070304611e-05,0.0059315646955091,0.002405992817660703
0.0,-1.4875,inventory_only,0.024575520210238594,0.027025211097000807,-3.4799419632093014e-05,0.0022936650255776314,6.522354282425639e-05,0.0059651615750129,0.0024499294943877464
0.0,-1.475,inventory_only,0.025073921905726097,0.02754880247381926,-3.104357908236819e-05,0.002295535317934669,7.118456586028849e-05,0.0059989343625654,0.002475104744569072
0.0,-1.4625,inventory_only,0.02555931889556164,0.028043682333423282,-2.7746021426044443e-05,0.0022841837116951195,7.640857930437109e-05,0.0060328880926782,0.0024845758092740845
0.0,-1.4500000000000002,inventory_only,0.026035499969137822,0.02851759649199259,-2.4840710181795434e-05,0.0022634666803782785,8.092317264973259e-05,0.0060670268524957,0.002482298607913997
0.0,-1.4375,inventory_only,0.02650653012445846,0.02897925467672061,-2.2271282369563384e-05,0.002237928400263968,8.475593538960191e-05,0.0061013537461081,0.002472917267114038
0.0,-1.425,inventory_only,0.026976744623681267,0.02943542588322231,-1.9989141474407555e-05,0.002209902052090819,8.793445701720743e-05,0.0061358710822776,0.002458865182398662
0.0,-1.4125,inventory_only,0.027450746856911675,0.02989452117213513,-1.7952326763083002e-05,0.002183094753733569,9.048632702577786e-05,0.0061705804249024,0.0024439498354434435
0.0,-1.4,inventory_only,0.02793340220038622,0.03036507578331174,-1.6123680099677707e-05,0.00216107581609667,9.243913490854188e-05,0.0062054826706394,0.002431840990085457
0.0,-1.3875000000000002,inventory_only,0.028424938543194396,0.030849026193782696,-1.4471918265406463e-05,0.0021456103595661963,9.380015275805088e-05,0.0062405781588743,0.002424247158112205
0.0,-1.375,inventory_only,0.02892168732491519,0.031340928350234026,-1.2969958013253895e-05,0.0021356077645395734,9.449538306414832e-05,0.0062758666432096,0.0024193926706472914
0.0,-1.3625,inventory_only,0.029421207392970244,0.031835344495061084,-1.1593659012893805e-05,0.0021289133856669824,9.443051091600024e-05,0.0063113474268957,0.0024142807201941348
0.0,-1.35,inventory_only,0.02992086629454232,0.032326447888326636,-1.0320603707699648e-05,0.0021231748972413782,9.351122140277288e-05,0.00634701931741,0.0024057168250950786
0.0,-1.3375,inventory_only,0.030417856018046672,0.03280803105695504,-9.131210587514935e-06,0.002115834801267718,9.164319961363246e-05,0.0063828807511194,0.002390301339699607
0.0,-1.3250000000000002,inventory_only,0.030909210248346648,0.033273774479272565,-8.007130775476528e-06,0.002104381857167051,8.873213063774524e-05,0.0064189296890451,0.0023646808865526153
0.0,-1.3125,inventory_only,0.031391829194783165,0.033717263247101906,-6.933212135024947e-06,0.0020863429162908866,8.46836995642772e-05,0.006455163824783,0.002325540191783036
0.0,-1.3,inventory_only,0.03186250691724313,0.03413172364098489,-5.896016043196144e-06,0.0020589921715398764,7.940359148239477e-05,0.0064915804484317,0.0022693113397283036
0.0,-1.2875,inventory_only,0.03234868576596127,0.03455487072190256,-4.862739099605841e-06,0.002032850475865504,7.286855799471262e-05,0.0065281764630266,0.002206267042560708
0.0,-1.275,inventory_only,0.0328607157901776,0.035000713943397314,-3.8026851914899507e-06,0.0020094500420675546,6.533961675763977e-05,0.0065649485666774,0.0021400671504139316
0.0,-1.2625000000000002,inventory_only,0.03338767073127907,0.0354558354382561,-2.70030471683344e-06,0.001983578228076111,5.714885194103429e-05,0.0066018930545499,0.002068220665171035
0.0,-1.25,inventory_only,0.03392929055700851,0.03592386093237791,-1.52611256110651e-06,0.001956399747789223,4.86283477147534e-05,0.0066390059980294,0.0019946141580758554
0.0,-1.2375,inventory_only,0.03448560103039928,0.0364094847327667,-2.4618391735594036e-07,0.0019298620906992854,4.011018824865517e-05,0.0066762830605847,0.0019239180377081926
0.0,-1.225,inventory_only,0.035056982193260096,0.0369170253885776,1.1835235750698045e-06,0.001905182700856197,3.1926457712597234e-05,0.0067137197770188,0.0018601134940801718
0.0,-1.2125,inventory_only,0.03564386810635046,0.037452029140990044,2.817344857371132e-06,0.0018847526888636293,2.440924027643714e-05,0.0067513112903471,0.0018470644011959589
0.0,-1.2000000000000002,inventory_only,0.036259012822182086,0.03803884733743233,4.76677924487389e-06,0.0018774482763296966,1.7890620110032974e-05,0.0067890525065175,0.0018523495037748436
0.0,-1.1875,inventory_only,0.03693544228748497,0.03874348758725959,7.298936722837108e-06,0.0019143820424211008,1.262154610817554e-05,0.0068269380504165,0.0018990154313325972
0.0,-1.175,inventory_only,0.03762275925258929,0.03949105844077144,1.043346526817517e-05,0.001972598666999209,8.528426065390453e-06,0.0068649623230165,0.001964153984345007
0.0,-1.1625,inventory_only,0.038266699693954506,0.04018999167193594,1.4030388231703622e-05,0.0020171848235411363,5.456532501136431e-06,0.0069031193753177,0.002013287205338231
0.0,-1.15,inventory_only,0.03886756001037507,0.04083721352500993,1.8132282179916595e-05,0.002047161237295345,3.2511379348722536e-06,0.0069414030688657,0.00204586480290352
0.0,-1.1375000000000002,inventory_only,0.03942610995720485,0.0414303856667833,2.2763499306139832e-05,0.0020618107007831427,1.7575148860568373e-06,0.0069798070018229,0.0020615989031996925
0.0,-1.125,inventory_only,0.039943647906316854,0.04196833474899884,2.7944390561443384e-05,0.0020610523747197854,8.209358741488936e-07,0.0070183244569582,0.002061595828479662
0.0,-1.1125,inventory_only,0.04042209430699835,0.042450467775276585,3.3662454771795584e-05,0.0020447636933549635,2.866734186072997e-07,0.0070569485125571,0.0020460677413441934
0.0,-1.1,inventory_only,0.04092680955255768,0.04298037045448519,4.0780308580949014e-05,0.00205356084900557,3.889085287284202e-14,0.007095671963755,0.002055360837811203
0.0,-1.0875000000000001,inventory_only,0.04144216406952412,0.04352202939120377,4.93140731154853e-05,0.002068894559060108,-1.704768276338637e-07,0.0071344873519492,0.0020800005893043395
0.0,-1.075,inventory_only,0.041961745971534944,0.04405841947631126,5.9347162376615456e-05,0.0020797607903961586,-2.6281007196919585e-07,0.0071733869385753,0.0020968107080747687
0.0,-1.0625,inventory_only,0.04248643546059717,0.04459256865577168,7.116027611703725e-05,0.0020873601382470695,-2.9171766720971506e-07,0.0072123627931647,0.0021063109079773614
0.0,-1.05,inventory_only,0.04301706553749123,0.045127194362711315,8.511184869295557e-05,0.0020926298845724486,-2.719175864499992e-07,0.0072514066230098,0.0021103925607358774
0.0,-1.0375,inventory_only,0.04355439363532188,0.045665150865773475,0.0001016236890096727,0.0020967197117425897,-2.1812780278462158e-07,0.0072905100069075,0.002111206294005152
0.0,-1.0250000000000001,inventory_only,0.04409907528078095,0.04620920530261476,0.00012124177438828417,0.0021007940728659832,-1.450662893081578e-07,0.0073296641645672,0.002111055395860218
0.0,-1.0125,inventory_only,0.044651642832082256,0.04676204446683529,0.0001446156624607458,0.002106060238720179,-6.74510191151808e-08,0.0073688601352046,0.002113163868246202
0.0,-1.0,inventory_only,0.04521248494960408,0.04732610853389716,0.0001725771471377507,0.0021136225492322707,3.469973175649211e-14,0.0074080886309823,0.0021219146772904754
0.0,-0.9875,inventory_only,0.04577651230980472,0.04789697347351026,0.0002058736713957305,0.002123399265962791,4.567917272564749e-08,0.0074473402214335,0.0021333676280227217
0.0,-0.9750000000000001,inventory_only,0.04633858111628465,0.048468672207555345,0.00024527831219356216,0.00213462068132224,7.041979028619717e-08,0.0074866051230365,0.002146615304655169
0.0,-0.9625000000000001,inventory_only,0.046898459563286324,0.04904034678540995,0.00029177758840768006,0.002146914357057647,7.816555638865198e-08,0.0075258733859211,0.0021613451466533117
0.0,-0.95,inventory_only,0.047455967013246315,0.04961116585036269,0.0003465209327892469,0.0021598832495356114,7.286014004028336e-08,0.0075651347407716,0.0021772313101161983
0.0,-0.9375,inventory_only,0.04801098415018838,0.0501803447659001,0.00041074014741861956,0.002173115674009857,5.844721024836297e-08,0.0076043787580574,0.002193941287055004
0.0,-0.925,inventory_only,0.04856346126083699,0.05074715569979235,0.000485831373908139,0.0021861870926523316,3.887043602016216e-08,0.0076435947270188,0.0022111423642439993
0.0,-0.9125000000000001,inventory_only,0.04911344688855585,0.0513111313997342,0.0005733200312535666,0.0021988352202726193,1.8073486362952664e-08,0.0076827722198407,0.0022286749374895018
0.0,-0.8999999999999999,inventory_only,0.049661290182600674,0.051872564312396105,0.0006751005333982656,0.0022112567610117566,3.028400547966729e-14,0.007721900657942,0.002246862303285019
0.0,-0.8875,inventory_only,0.05020876021059415,0.05243376480162794,0.0007935802280426808,0.0022241926381328233,-1.22396585313516e-08,0.0077609687550126,0.0022665992758813622
0.0,-0.875,inventory_only,0.0507577500269041,0.05299780710409706,0.0009318951620325516,0.002238808913081536,-1.8868887685569712e-08,0.0077999648738552,0.0022892499377324266
0.0,-0.8625,inventory_only,0.05130896601405178,0.05356658161157729,0.0010936247229719176,0.002256220552653284,-2.0944360103044292e-08,0.0078388768435293,0.0023161645638350875
0.0,-0.8500000000000001,inventory_only,0.05186311852681597,0.05414190363208574,0.0012830893891655141,0.0022774630490110656,-1.95227787081707e-08,0.0078776922479529,0.002348663614343983
0.0,-0.8374999999999999,inventory_only,0.05242095018413529,0.054725529289969065,0.001505307902002396,0.00230347987640242,-1.5660846425344223e-08,0.0079163983867447,0.002388025067453302
0.0,-0.825,inventory_only,0.052983174785927775,0.05531901747757213,0.001766103667363433,0.0023350453080390227,-1.0415266178960441e-08,0.0079549824923807,0.0024354158893096444
0.0,-0.8125,inventory_only,0.053550561485548986,0.055923845307936745,0.0020720241260225145,0.002372795432202078,-4.842740893414644e-09,0.0079934314435966,0.002491921067145998
0.0,-0.8,inventory_only,0.0541238616449229,0.05654126527504217,0.0024302634361236847,0.0024171581238072487,2.6506897738834634e-14,0.0080317320624559,0.002558472380508026
0.0,-0.7875000000000001,inventory_only,0.0547035780502668,0.05717204571705313,0.002848295955760455,0.002468338312335207,3.2796407008518433e-09,0.008069871095157,0.0026358205480695664
0.0,-0.7749999999999999,inventory_only,0.05529024831545255,0.05781669607657737,0.003333523226489257,0.0025263025880231274,5.0559367804048924e-09,0.0081078350052722,0.002724498132135717
0.0,-0.7625,inventory_only,0.055884826260303284,0.058476035682264685,0.0038931174696701597,0.0025909230904620577,5.612057440784552e-09,0.0081456102736849,0.0028249474754565023
0.0,-0.75,inventory_only,0.05648834037768949,0.05915085032654241,0.004533189933917703,0.0026619610918663917,5.2311453772185905e-09,0.0081831831570802,0.0029374581421469453
0.0,-0.7375,inventory_only,0.057101923817819915,0.059842015705368685,0.0052584007601360495,0.00273916039327186,4.196343284934748e-09,0.0082205399640492,0.003062231235296196
0.0,-0.7250000000000001,inventory_only,0.057726832618543694,0.06055060552981923,0.0060712410592591685,0.002822337578188266,2.790793859160746e-09,0.0082576667794919,0.003199415952241893
0.0,-0.7124999999999999,inventory_only,0.0583644125398814,0.06127798982762393,0.006972058949170646,0.002911513920469988,1.297639795124296e-09,0.0082945497533603,0.003349228438170851
0.0,-0.7,inventory_only,0.05901618255181627,0.062026113009504835,0.00795940356270478,0.003007110461919519,2.378805318083725e-14,0.0083311750592618,0.0035121489233684534
0.0,-0.6875,inventory_only,0.059683845244010894,0.06279902864421485,0.009033264290781896,0.003111466339392156,-8.787465593230406e-10,0.0083675287731927,0.003690740594435239
0.0,-0.675,inventory_only,0.06036930308345822,0.06360152144215327,0.010195683173510207,0.003227431919217886,-1.3547040142674047e-09,0.008403597176306,0.0038881794170342065
0.0,-0.6625000000000001,inventory_only,0.061074509721012964,0.06443833389625524,0.01145122453451943,0.0033577544308242835,-1.5037164365411142e-09,0.0084393664669482,0.004107575562201378
0.0,-0.6499999999999999,inventory_only,0.061801752338458145,0.06531425227053303,0.012811057401633125,0.003504879911265469,-1.4016516859053686e-09,0.0084748230738292,0.004351918501436516
0.0,-0.6375,inventory_only,0.06255338591861845,0.06623418376218604,0.014292676749745095,0.0036712918450995174,-1.1243776221213751e-09,0.0085099528520811,0.0046244575635899406
0.0,-0.625,inventory_only,0.06333101262027198,0.06720572321938223,0.015927471834181004,0.003862878069613749,-7.477621049503342e-10,0.0085447401296117,0.004933157634044288
0.0,-0.6125,inventory_only,0.06413616131104755,0.0682389374656422,0.017760905985437288,0.004088019699423014,-3.4767299415344977e-10,0.0085791688841491,0.005289825321604326
0.0,-0.6000000000000001,inventory_only,0.06496938547298214,0.06934521543730168,0.019851485682766356,0.004357322905712916,2.1850508076576268e-14,0.008613222418933,0.005709965100998075
0.0,-0.5874999999999999,inventory_only,0.06583043528590594,0.07054074076259578,0.02227621806704243,0.004686872422537545,2.3548733516252424e-10,0.0086468826107648,0.006217252929764477
0.0,-0.575,inventory_only,0.06671562907585893,0.07185349755116952,0.025140158249403383,0.005107766252879522,3.6301942949608157e-10,0.0086801297065247,0.006856234138635534
0.0,-0.5625,inventory_only,0.06762191946530571,0.07335678530890913,0.028682268305043425,0.005695105657853972,4.0294686908443214e-10,0.0087129425658534,0.00773339602743588
0.0,-0.55,inventory_only,0.06855947166776859,0.07524297540341734,0.03349698473884062,0.006627872372480515,3.755983895032552e-10,0.0087453296492778,0.009103261978747595
0.0,-0.5375000000000001,inventory_only,0.06953717847094301,0.07792950442243742,0.04095838790449961,0.008305676759353125,3.0130272632822937e-10,0.0087773194525541,0.011539679236489454
0.0,-0.5249999999999999,inventory_only,0.07058386630279648,0.08238060665941963,0.05431450041100867,0.01163579013074578,2.0038861513503075e-10,0.0088089325564124,0.01636185617686936
0.0,-0.5125,inventory_only,0.0717475337594575,0.09084450513913159,0.08131076835803851,0.018715849971692882,9.318479149934212e-11,0.008840187989249,0.026661369703372274
0.0,-0.5,inventory_only,0.0731058499918498,0.10888566774580193,0.14173240197814638,0.03458233747196144,1.99909968404812e-14,0.0088711282825633,0.049976369710418106
0.0,-2.1,isotropic_wall_bound,0.03341954732392675,0.04450229809650633,-1.0,0.011082750772489542,0.0,0.0023337375658352,0.011082750772579591
0.0,-2.0875,isotropic_wall_bound,0.02677151119633687,0.036125620037428655,-1.0,0.009351769540538858,-1.173860135462144e-06,0.0025980748332075,0.009354108841091783
0.0,-2.075,isotropic_wall_bound,0.021332921698749036,0.029488945183942825,-1.0,0.008139018478685728,-8.535179333010051e-06,0.0028418178414959,0.008156023485193791
0.0,-2.0625,isotropic_wall_bound,0.01691476540298776,0.024093163879292775,-1.0,0.007126655922635946,-2.5976073671665692e-05,0.0030659503660693,0.007178398476305017
0.0,-2.0500000000000003,isotropic_wall_bound,0.013912757905235034,0.020506190192475605,-1.0,0.006483752695952117,-5.507153732444692e-05,0.0032715423093118,0.006593432287240573
0.0,-2.0375,isotropic_wall_bound,0.011396779869257316,0.017508766687633383,-1.0,0.005922045494224441,-9.538582540993106e-05,0.0034597237081551,0.006111986818376065
0.0,-2.025,isotropic_wall_bound,0.00928411224038827,0.015189810594814137,-1.0,0.005617271266151447,-0.0001448611148155,0.0036316604854428,0.005905698354425865
0.0,-2.0125,isotropic_wall_bound,0.008387319703621225,0.014690729356156538,-1.0,0.005904717367533555,-0.0002002600509925,0.0037885330750679,0.006303409652535312
0.0,-2.0,isotropic_wall_bound,0.00774115033324307,0.014236564131735806,-1.0,0.0059825294388875195,-0.0002576361141794,0.0039315174681988,0.006495413798492736
0.0,-1.9875,isotropic_wall_bound,0.007137777002941715,0.013589357827462605,-1.0,0.0058288947524808244,-0.0003128080639706,0.0040617691031384,0.006451580824520889
0.0,-1.975,isotropic_wall_bound,0.006563660727082622,0.012746027675474308,-1.0,0.005462143079840065,-0.0003618170466017,0.0041804094340542,0.006182366948391685
0.0,-1.9625000000000001,isotropic_wall_bound,0.006014363032406439,0.011739335286545659,-1.0,0.0049260685296490785,-0.0004013472747848,0.0042885151621281,0.005724972254139221
0.0,-1.9500000000000002,isotropic_wall_bound,0.0055084373267865645,0.010957930098295874,-1.0,0.004603240390675626,-0.0004290935153797,0.004387110055161,0.005457381780629153
0.0,-1.9375,isotropic_wall_bound,0.005979765807396353,0.010339294830124496,-1.0,0.0044125330329062105,-0.0004440609456516,0.0044771587039347,0.005296491564124704
0.0,-1.925,isotropic_wall_bound,0.006641691545984556,0.009967110952278965,-1.0,0.004288062904260659,-0.000446785264316,0.0045595628826154,0.005177483726699884
0.0,-1.9125,isotropic_wall_bound,0.007487962897929586,0.010392651763840282,-0.05180195484624106,0.0042466485482940365,-0.0004394632690367,0.0046351590361381,0.005121547151606052
0.0,-1.9000000000000001,isotropic_wall_bound,0.008727511311691768,0.011788357238951047,-0.016756324091830047,0.004368246025675772,-0.0004259864374951,0.0047047180051175,0.005216381305527095
0.0,-1.8875000000000002,isotropic_wall_bound,0.009423970494371709,0.012521510347295282,-0.00975722999689288,0.00436469825103822,-0.0004107764444752,0.0047689453936603,0.00518262924561508
0.0,-1.875,isotropic_wall_bound,0.009967329937000577,0.013063746523762123,-0.0065914662998640735,0.004321576413066417,-0.0003948872864968,0.0048284833960937,0.005107958649791531
0.0,-1.8625,isotropic_wall_bound,0.01049481463862391,0.013591741273667916,-0.004759096255310453,0.004278547952467063,-0.0003783992579554,0.004883913270124,0.005032194954481734
0.0,-1.85,isotropic_wall_bound,0.011012570247312163,0.014112747969946543,-0.003579500832218166,0.004236876317084627,-0.0003613926532464,0.0049357584846617,0.004956759603242091
0.0,-1.8375000000000001,isotropic_wall_bound,0.01152640974585468,0.014633794930631121,-0.0027672547653199205,0.0041979188245045655,-0.0003439477667652,0.0049844881307191,0.0048831679093648585
0.0,-1.8250000000000002,isotropic_wall_bound,0.012041833375876596,0.01516167748326038,-0.0021816170897470703,0.004163107539468293,-0.0003261448929073,0.0050305208410209,0.004813009933285802
0.0,-1.8125,isotropic_wall_bound,0.012564841735392936,0.01570411301273714,-0.0017450775374127055,0.0041342940470941655,-0.000308064326068,0.0050742286245889,0.004748295255807644
0.0,-1.8,isotropic_wall_bound,0.013099717807725758,0.01626763539212987,-0.001411588159846425,0.004113862955621966,-0.0002897863606429,0.0051159408085936,0.004691566480830345
0.0,-1.7875,isotropic_wall_bound,0.013646202398089058,0.01685395313403918,-0.0011521864281006534,0.004103916744348251,-0.000271388615435,0.0051559479916362,0.0046450789684845785
0.0,-1.7750000000000001,isotropic_wall_bound,0.014197261559797876,0.017448937654417455,-0.0009477744609828039,0.004097501762368239,-0.0002529380068778,0.0051945057150499,0.004602011489440114
0.0,-1.7625000000000002,isotropic_wall_bound,0.014740957450508577,0.018036847361314327,-0.0007851336987378274,0.004090956675918142,-0.0002344987758125,0.0052318380258457,0.004558830016677389
0.0,-1.75,isotropic_wall_bound,0.015265410506022504,0.018609405731432726,-0.0006546857675452634,0.004088026805688055,-0.0002161351630802,0.0052681408552805,0.0045194071775476255
0.0,-1.7375,isotropic_wall_bound,0.015759014706479623,0.019138376410120582,-0.0005493363119089882,0.0040722240038520005,-0.0001979114095221,0.0053035851301222,0.004467382130912417
0.0,-1.725,isotropic_wall_bound,0.01621088889232232,0.019605317479336012,-0.00046373525936121946,0.004036129634195666,-0.0001798917559795,0.0053383195872739,0.00439546354716649
0.0,-1.7125000000000001,isotropic_wall_bound,0.016611162885737003,0.019994436073770275,-0.0003937919521851642,0.003973963085738068,-0.0001621404432934,0.0053724734487374,0.004297998121946165
0.0,-1.7000000000000002,isotropic_wall_bound,0.016950974584811755,0.020292395981218878,-0.00033634635563180136,0.0038813922920519477,-0.000144721712305,0.0054061587056963,0.004170781095375044
0.0,-1.6875,isotropic_wall_bound,0.01722884698578941,0.02050011628114583,-0.0002888872241392544,0.003760950808860532,-0.000127694782683,0.0054394723095519,0.004016463476836735
0.0,-1.675,isotropic_wall_bound,0.017454022961894484,0.020639377756009877,-0.00024939689230226797,0.0036252958090446127,-0.0001110987894059,0.0054724980576715,0.0038477804810225797
0.0,-1.6625,isotropic_wall_bound,0.017880461481269542,0.02106610549656138,-0.00021501273676302677,0.0035765081232294834,-9.496784627976624e-05,0.0055053082163577,0.0037668811251723878
0.0,-1.6500000000000001,isotropic_wall_bound,0.018315596427989474,0.021506946677408652,-0.00018587882370055964,0.0035339157315055587,-7.93360671104438e-05,0.005537965117031,0.003693161578499472
0.0,-1.6375000000000002,isotropic_wall_bound,0.01875315515215699,0.021952652468328705,-0.00016113902869253725,0.003494657141912134,-6.423756570400858e-05,0.0055705223896363,0.0036238285369084022
0.0,-1.625,isotropic_wall_bound,0.019197719286065538,0.022409677271452683,-0.00014005343789437287,0.0034607198085741856,-4.970645586645797e-05,0.0056030261699531,0.0035649821191804276
0.0,-1.6125,isotropic_wall_bound,0.019645246751021188,0.022872296272810098,-0.00012204226499976564,0.003430535677650058,-3.57768514037902e-05,0.0056355160584406,0.0035108474480574203
0.0,-1.6,isotropic_wall_bound,0.020090995213940532,0.023334615183052576,-0.00010662588943775908,0.0034030674726434635,-2.2482866122002697e-05,0.0056680259999292,0.003460442146117144
0.0,-1.5875,isotropic_wall_bound,0.02055648468246723,0.023830198729057898,-9.33550372646829e-05,0.0033904832759199424,-9.855479350916877e-06,0.0057005851390587,0.0034259882378139318
0.0,-1.5750000000000002,isotropic_wall_bound,0.021039122344945795,0.02435887366224818,-8.190712995816486e-05,0.003395360753431433,2.08686748434942e-06,0.0057332183408597,0.003410099567102712
0.0,-1.5625,isotropic_wall_bound,0.021530090291625056,0.02491790814697535,-7.202038193592923e-05,0.003423952767835433,1.3328867434855936e-05,0.0057659468539924,0.003419060736279377
0.0,-1.55,isotropic_wall_bound,0.022026906049624585,0.025489578110966304,-6.346476482448062e-05,0.003461184508970371,2.3855213551660934e-05,0.0057987888076924,0.003463594107753024
0.0,-1.5375,isotropic_wall_bound,0.022526616023743392,0.026064820591575524,-5.6046692203687034e-05,0.003501113399618071,3.3650598885823553e-05,0.0058317595263345,0.0035386540379724386
0.0,-1.525,isotropic_wall_bound,0.023026367380621058,0.026641345418393116,-4.960204897884518e-05,0.0035444688940412168,4.269971648840282e-05,0.0058648720846516,0.0036153148074978664
0.0,-1.5125000000000002,isotropic_wall_bound,0.023527521853139045,0.027212156370112348,-4.398854217689468e-05,0.003583059830278083,5.098725941045718e-05,0.0058981373964417,0.0036849211138763097
0.0,-1.5,isotropic_wall_bound,0.024060602985666042,0.02782783463242781,-3.9066406125208104e-05,0.0036371106413783647,5.849792070304611e-05,0.0059315646955091,0.0037674895167181164
0.0,-1.4875,isotropic_wall_bound,0.024575520210238594,0.028393928705626063,-3.476863349863111e-05,0.0036623826342509977,6.522354282425639e-05,0.0059651615750129,0.003818647143963697
0.0,-1.475,isotropic_wall_bound,0.025073921905726097,0.02891386433950842,-3.1005116586209916e-05,0.003660597183678753,7.118456586028849e-05,0.0059989343625654,0.0038401666580505827
0.0,-1.4625,isotropic_wall_bound,0.02555931889556164,0.029396449336361496,-2.7698357820550646e-05,0.0036369507146956043,7.640857930437109e-05,0.0060328880926782,0.0038373428684125165
0.0,-1.4500000000000002,isotropic_wall_bound,0.026035499969137822,0.029852134662670945,-2.4781983875710377e-05,0.003598004851126874,8.092317264973259e-05,0.0060670268524957,0.0038168368450203507
0.0,-1.4375,isotropic_wall_bound,0.02650653012445846,0.030292686769248563,-2.219923401856701e-05,0.003551360492870871,8.475593538960191e-05,0.0061013537461081,0.0037863494384444266
0.0,-1.425,isotropic_wall_bound,0.026976744623681267,0.030726597651413792,-1.990097646632101e-05,0.0035010738203708333,8.793445701720743e-05,0.0061358710822776,0.0037500370443859796
0.0,-1.4125,isotropic_wall_bound,0.027450746856911675,0.03116476405634822,-1.7844579137799478e-05,0.0034533376380457997,9.048632702577786e-05,0.0061705804249024,0.0037141928316698487
0.0,-1.4,isotropic_wall_bound,0.02793340220038622,0.03161809235236871,-1.5991858489953185e-05,0.0034140923852647156,9.243913490854188e-05,0.0062054826706394,0.0036848576935557763
0.0,-1.3875000000000002,isotropic_wall_bound,0.028424938543194396,0.032089039370857005,-1.4310466692768552e-05,0.003385623536764907,9.380015275805088e-05,0.0062405781588743,0.0036642604971744526
0.0,-1.375,isotropic_wall_bound,0.02892168732491519,0.03257067012552643,-1.2772112816084492e-05,0.003365349539971033,9.449538306414832e-05,0.0062758666432096,0.0036491346418941768
0.0,-1.3625,isotropic_wall_bound,0.029421207392970244,0.03305605897670696,-1.1351471649593393e-05,0.0033496278674675375,9.443051091600024e-05,0.0063113474268957,0.003634995439427344
0.0,-1.35,isotropic_wall_bound,0.02992086629454232,0.03353780229457646,-1.0024676634307728e-05,0.0033345293036619776,9.351122140277288e-05,0.00634701931741,0.0036170715198778247
0.0,-1.3375,isotropic_wall_bound,0.030417856018046672,0.034008020458528056,-8.770914043056698e-06,0.0033158242030270645,9.164319961363246e-05,0.0063828807511194,0.003590291091687785
0.0,-1.3250000000000002,isotropic_wall_bound,0.030909210248346648,0.03445877180802395,-7.570438825393176e-06,0.003289379186118489,8.873213063774524e-05,0.0064189296890451,0.0035496786406537775
0.0,-1.3125,isotropic_wall_bound,0.031391829194783165,0.03488206380249806,-6.40725187746744e-06,0.0032511434718969635,8.46836995642772e-05,0.006455163824783,0.003490341262697971
0.0,-1.3,isotropic_wall_bound,0.03186250691724313,0.035269419573312324,-5.267315599090071e-06,0.0031966881040807952,7.940359148239477e-05,0.0064915804484317,0.003407007896113495
0.0,-1.2875,isotropic_wall_bound,0.03234868576596127,0.03566725835833226,-4.1118341472200275e-06,0.003145238112503555,7.286855799471262e-05,0.0065281764630266,0.003318655441150877
0.0,-1.275,isotropic_wall_bound,0.0328607157901776,0.036093282957882486,-2.903224061682561e-06,0.00310201905674224,6.533961675763977e-05,0.0065649485666774,0.0032326371112958597
0.0,-1.2625000000000002,isotropic_wall_bound,0.03338767073127907,0.036531259365548255,-1.6225832605627255e-06,0.0030590021555169963,5.714885194103429e-05,0.0066018930545499,0.0031436457947653
0.0,-1.25,isotropic_wall_bound,0.03392929055700851,0.036987040529576284,-2.3116137545101968e-07,0.003019579345061402,4.86283477147534e-05,0.0066390059980294,0.003057795361277226
0.0,-1.2375,isotropic_wall_bound,0.03448560103039928,0.03746493273271207,1.3133418905663354e-06,0.002985310090589827,4.011018824865517e-05,0.0066762830605847,0.002979368513101388
0.0,-1.225,isotropic_wall_bound,0.035056982193260096,0.037969056594530926,3.0663453245478235e-06,0.0029572139065416813,3.1926457712597234e-05,0.0067137197770188,0.0029121582988860385
0.0,-1.2125,isotropic_wall_bound,0.03564386810635046,0.038506358150025205,5.098594418979419e-06,0.002939081697284669,2.440924027643714e-05,0.0067513112903471,0.002901548575906815
0.0,-1.2000000000000002,isotropic_wall_bound,0.036259012822182086,0.039108918122948734,7.561127180019205e-06,0.002947519060655614,1.7890620110032974e-05,0.0067890525065175,0.002922227161499591
0.0,-1.1875,isotropic_wall_bound,0.03693544228748497,0.0398561050899481,1.0797522283867512e-05,0.0030269995428849165,1.262154610817554e-05,0.0068269380504165,0.0030113870751822427
0.0,-1.175,isotropic_wall_bound,0.03762275925258929,0.04065487581676571,1.4833552114325448e-05,0.003136416039020873,8.528426065390453e-06,0.0068649623230165,0.0031276569272327033
0.0,-1.1625,isotropic_wall_bound,0.038266699693954506,0.041393052850613246,1.9493088930925884e-05,0.0032202459955672984,5.456532501136431e-06,0.0069031193753177,0.003215951604395471
0.0,-1.15,isotropic_wall_bound,0.03886756001037507,0.04206679234788456,2.483225012864988e-05,0.0032767400495485603,3.2511379348722536e-06,0.0069414030688657,0.0032749492378815973
0.0,-1.1375000000000002,isotropic_wall_bound,0.03942610995720485,0.04267318635558164,3.088267111548428e-05,0.003304611373263354,1.7575148860568373e-06,0.0069798070018229,0.003304409241488106
0.0,-1.125,isotropic_wall_bound,0.039943647906316854,0.04321091458493381,3.76705714018231e-05,0.0033036321863922913,8.209358741488936e-07,0.0070183244569582,0.0033049152908748753
0.0,-1.1125,isotropic_wall_bound,0.04042209430699835,0.04367926711613309,4.517734638583643e-05,0.0032735629992083812,2.866734186072997e-07,0.0070569485125571,0.0032757551623516386
0.0,-1.1,isotropic_wall_bound,0.04092680955255768,0.0442055340692879,5.450932224691971e-05,0.0032787244126546017,3.889085287284202e-14,0.007095671963755,0.003281598282898018
0.0,-1.0875000000000001,isotropic_wall_bound,0.04144216406952412,0.04474587714248982,6.569510951456515e-05,0.0032927422356539815,-1.704768276338637e-07,0.0071344873519492,0.0033040292180915873
0.0,-1.075,isotropic_wall_bound,0.041961745971534944,0.045279899998786115,7.885757922641968e-05,0.0033012412045031786,-2.6281007196919585e-07,0.0071733869385753,0.0033184670772211655
0.0,-1.0625,isotropic_wall_bound,0.04248643546059717,0.04581144572783355,9.436790951375752e-05,0.003306237053837739,-2.9171766720971506e-07,0.0072123627931647,0.0033254172329102117
0.0,-1.05,isotropic_wall_bound,0.04301706553749123,0.04634386716485872,0.00011269937564936716,0.0033093024614840355,-2.719175864499992e-07,0.0072514066230098,0.0033274155485956986
0.0,-1.0375,isotropic_wall_bound,0.04355439363532188,0.04688075097894112,0.00013441094586794913,0.003312319501295739,-2.1812780278462158e-07,0.0072905100069075,0.003327424718959164
0.0,-1.0250000000000001,isotropic_wall_bound,0.04409907528078095,0.04742557840838762,0.0001602272638048918,0.003317166713808535,-1.450662893081578e-07,0.0073296641645672,0.0033287481153237135
0.0,-1.0125,isotropic_wall_bound,0.044651642832082256,0.04798174886342125,0.0001910128192755244,0.0033257639671574932,-6.74510191151808e-08,0.0073688601352046,0.003336661502101015
0.0,-1.0,isotropic_wall_bound,0.04521248494960408,0.04855232921745656,0.00022787533838536668,0.003339842270509096,3.469973175649211e-14,0.0074080886309823,0.00335294508301183
0.0,-0.9875,isotropic_wall_bound,0.04577651230980472,0.0491316792768114,0.0002718013956848908,0.0033581036834577495,4.567917272564749e-08,0.0074473402214335,0.0033738811571463728
0.0,-0.9750000000000001,isotropic_wall_bound,0.04633858111628465,0.04971222736432882,0.0003238057799163508,0.0033781738470144624,7.041979028619717e-08,0.0074866051230365,0.003397175805296537
0.0,-0.9625000000000001,isotropic_wall_bound,0.046898459563286324,0.050292886250853826,0.00038519462071605066,0.0033994509701361004,7.816555638865198e-08,0.0075258733859211,0.003422322760186676
0.0,-0.95,isotropic_wall_bound,0.047455967013246315,0.050872588074316036,0.00045748937348095314,0.0034213014004789376,7.286014004028336e-08,0.0075651347407716,0.0034488015334176955
0.0,-0.9375,isotropic_wall_bound,0.04801098415018838,0.05145031097518599,0.0005423207809004819,0.003443076089769139,5.844721024836297e-08,0.0076043787580574,0.003476088512142185
0.0,-0.925,isotropic_wall_bound,0.04856346126083699,0.05202508942602041,0.0006415365759472363,0.0034641126133514158,3.887043602016216e-08,0.0076435947270188,0.003503666283753107
0.0,-0.9125000000000001,isotropic_wall_bound,0.04911344688855585,0.05259631907720588,0.0007571507676265643,0.0034840113312735077,1.8073486362952664e-08,0.0076827722198407,0.003531296851184733
0.0,-0.8999999999999999,isotropic_wall_bound,0.049661290182600674,0.05316442677460751,0.0008916586096066496,0.0035031029929790767,3.028400547966729e-14,0.007721900657942,0.0035595097766951637
0.0,-0.8875,isotropic_wall_bound,0.05020876021059415,0.0537324553679326,0.001048241615580746,0.003522860512912447,-1.22396585313516e-08,0.0077609687550126,0.003590024226399129
0.0,-0.875,isotropic_wall_bound,0.0507577500269041,0.054304444151428426,0.0012310441221314178,0.0035454143066850382,-1.8868887685569712e-08,0.0077999648738552,0.0036252882481201116
0.0,-0.8625,isotropic_wall_bound,0.05130896601405178,0.05488293154748535,0.0014447796988041664,0.0035725263999159926,-2.0944360103044292e-08,0.0078388768435293,0.0036674365912279837
0.0,-0.8500000000000001,isotropic_wall_bound,0.05186311852681597,0.05547033417840449,0.0016951295603406284,0.003605832237433221,-1.95227787081707e-08,0.0078776922479529,0.003718556279736879
0.0,-0.8374999999999999,isotropic_wall_bound,0.05242095018413529,0.056068955876379736,0.001988682128884965,0.0036468211096282073,-1.5660846425344223e-08,0.0079163983867447,0.003780666900369565
0.0,-0.825,isotropic_wall_bound,0.052983174785927775,0.05668080537261422,0.00233307106572536,0.003696714505040454,-1.0415266178960441e-08,0.0079549824923807,0.0038556127381782716
0.0,-0.8125,isotropic_wall_bound,0.053550561485548986,0.057307730566382366,0.0027368632475163,0.003756515699324684,-4.842740893414644e-09,0.0079934314435966,0.003945109327836366
0.0,-0.8,isotropic_wall_bound,0.0541238616449229,0.05795123556618919,0.0032094548826746795,0.0038268993006004455,2.6506897738834634e-14,0.0080317320624559,0.00405063122155315
0.0,-0.7875000000000001,isotropic_wall_bound,0.0547035780502668,0.058612141331041125,0.0037605708014083338,0.003908116386755665,3.2796407008518433e-09,0.008069871095157,0.004173291680693299
0.0,-0.7749999999999999,isotropic_wall_bound,0.05529024831545255,0.059290874849343964,0.0043998015384745,0.004000042703957666,5.0559367804048924e-09,0.0081078350052722,0.004313858721881867
0.0,-0.7625,isotropic_wall_bound,0.055884826260303284,0.059988192499916514,0.005136403190964019,0.004102476763005641,5.612057440784552e-09,0.0081456102736849,0.004473033372139571
0.0,-0.75,isotropic_wall_bound,0.05648834037768949,0.06070475456036984,0.005978192133054644,0.004215041234619982,5.2311453772185905e-09,0.0081831831570802,0.0046512742553980356
0.0,-0.7375,isotropic_wall_bound,0.057101923817819915,0.061441303091779295,0.006931026468255924,0.004337330762278978,4.196343284934748e-09,0.0082205399640492,0.004848899316438795
0.0,-0.7250000000000001,isotropic_wall_bound,0.057726832618543694,0.06219882225256446,0.007997855371086039,0.004469054797192102,2.790793859160746e-09,0.0082576667794919,0.005066143585015798
0.0,-0.7124999999999999,isotropic_wall_bound,0.0583644125398814,0.06297871301162353,0.009178746519879984,0.004610246366882308,1.297639795124296e-09,0.0082945497533603,0.005303347234240909
0.0,-0.7,isotropic_wall_bound,0.05901618255181627,0.06378318438802462,0.010471320059550033,0.004761570842010666,2.378805318083725e-14,0.0083311750592618,0.005561267575055769
0.0,-0.6875,isotropic_wall_bound,0.059683845244010894,0.06461769796549634,0.011875581249793805,0.004926751665770786,-8.787465593230406e-10,0.0083675287731927,0.005843984675499264
0.0,-0.675,isotropic_wall_bound,0.06036930308345822,0.0654887500301164,0.01339418416161647,0.00511032289143616,-1.3547040142674047e-09,0.008403597176306,0.006156551572130667
0.0,-0.6625000000000001,isotropic_wall_bound,0.061074509721012964,0.06640271887875894,0.015032568841416101,0.005316634755058509,-1.5037164365411142e-09,0.0084393664669482,0.0065038936076694115
0.0,-0.6499999999999999,isotropic_wall_bound,0.061801752338458145,0.06736586021093637,0.016803746094826946,0.005549560658483396,-1.4016516859053686e-09,0.0084748230738292,0.0068907451724281
0.0,-0.6375,isotropic_wall_bound,0.06255338591861845,0.06838458530300587,0.01872818198581575,0.005813033303565124,-1.1243776221213751e-09,0.0085099528520811,0.0073222521679353735
0.0,-0.625,isotropic_wall_bound,0.06333101262027198,0.0694700132475391,0.020846310602348914,0.006116376230230619,-7.477621049503342e-10,0.0085447401296117,0.007811027617265876
0.0,-0.6125,isotropic_wall_bound,0.06413616131104755,0.07063723762684228,0.02321854074312361,0.006472860192249886,-3.4767299415344977e-10,0.0085791688841491,0.008375766720266034
0.0,-0.6000000000000001,isotropic_wall_bound,0.06496938547298214,0.07190404223820779,0.025924554360309215,0.006899280247937251,2.1850508076576268e-14,0.008613222418933,0.009041021354260543
0.0,-0.5874999999999999,isotropic_wall_bound,0.06583043528590594,0.07329631273672413,0.029073865068526394,0.00742109770127109,2.3548733516252424e-10,0.0086468826107648,0.009844270885810675
0.0,-0.575,isotropic_wall_bound,0.06671562907585893,0.07486072904551064,0.03282896555321499,0.008087542980758814,3.6301942949608157e-10,0.0086801297065247,0.010856034919523498
0.0,-0.5625,isotropic_wall_bound,0.06762191946530571,0.076715683155657,0.03756348510493306,0.009017525871610952,4.0294686908443214e-10,0.0087129425658534,0.012244917581074615
0.0,-0.55,isotropic_wall_bound,0.06855947166776859,0.07916136237254971,0.04419564222778467,0.010494433810725783,3.755983895032552e-10,0.0087453296492778,0.014413913791097443
0.0,-0.5375000000000001,isotropic_wall_bound,0.06953717847094301,0.08285812307522132,0.05485076516400483,0.013150983126983162,3.0130272632822937e-10,0.0087773194525541,0.018271614948219547
0.0,-0.5249999999999999,isotropic_wall_bound,0.07058386630279648,0.0893320252950307,0.07457595266136019,0.018423687404743712,2.0038861513503075e-10,0.0088089325564124,0.02590676875661204
0.0,-0.5125,isotropic_wall_bound,0.0717475337594575,0.10218241069552692,0.11561080406332726,0.02963380692198971,9.318479149934212e-11,0.008840187989249,0.04221437357907085
0.0,-0.5,isotropic_wall_bound,0.0731058499918498,0.13051813860531564,0.2100442788412733,0.054755770921937584,1.99909968404812e-14,0.0088711282825633,0.0791298348063976
0.0,-2.1,benchmark_bank_mass_only,0.03341954732392675,23998830505.41479,-1.0,23998830505.18638,0.0,0.0023337375658352,23998830505.381374
0.0,-2.0875,benchmark_bank_mass_only,0.02677151119633687,20294670121.65369,-1.0,20294670121.40374,-1.173860135462144e-06,0.0025980748332075,20294670121.626923
0.0,-2.075,benchmark_bank_mass_only,0.021332921698749036,17779020857.395897,-1.0,17779020857.118862,-8.535179333010051e-06,0.0028418178414959,17779020857.37456
0.0,-2.0625,benchmark_bank_mass_only,0.01691476540298776,15736143739.999474,-1.0,15736143739.696114,-2.5976073671665692e-05,0.0030659503660693,15736143739.982555
0.0,-2.0500000000000003,benchmark_bank_mass_only,0.013912757905235034,14464421517.353964,-1.0,14464421517.017393,-5.507153732444692e-05,0.0032715423093118,14464421517.34005
0.0,-2.0375,benchmark_bank_mass_only,0.011396779869257316,13363782820.155508,-1.0,13363782819.789839,-9.538582540993106e-05,0.0034597237081551,13363782820.144112
0.0,-2.025,benchmark_bank_mass_only,0.00928411224038827,12372911639.709265,-1.0,12372911639.321531,-0.0001448611148155,0.0036316604854428,12372911639.69998
0.0,-2.0125,benchmark_bank_mass_only,0.008387319703621225,12125695786.677828,-1.0,12125695786.253605,-0.0002002600509925,0.0037885330750679,12125695786.669437
0.0,-2.0,benchmark_bank_mass_only,0.00774115033324307,11976207290.718882,-1.0,11976207290.263565,-0.0002576361141794,0.0039315174681988,11976207290.71114
0.0,-1.9875,benchmark_bank_mass_only,0.007137777002941715,11762689017.608517,-1.0,11762689017.136198,-0.0003128080639706,0.0040617691031384,11762689017.601381
0.0,-1.975,benchmark_bank_mass_only,0.006563660727082622,11425088563.33823,-1.0,11425088562.868914,-0.0003618170466017,0.0041804094340542,11425088563.331669
0.0,-1.9625000000000001,benchmark_bank_mass_only,0.006014363032406439,10972751281.210543,-1.0,10972751280.76693,-0.0004013472747848,0.0042885151621281,10972751281.204525
0.0,-1.9500000000000002,benchmark_bank_mass_only,0.0055084373267865645,10475658034.176548,-1.0,10475658033.781437,-0.0004290935153797,0.004387110055161,10475658034.171051
0.0,-1.9375,benchmark_bank_mass_only,0.005979765807396353,9971630171.428247,-1.0,9971630171.105602,-0.0004440609456516,0.0044771587039347,9971630171.423206
0.0,-1.925,benchmark_bank_mass_only,0.006641691545984556,9624493634.287811,-1.0,9624493634.061785,-0.000446785264316,0.0045595628826154,9624493634.283024
0.0,-1.9125,benchmark_bank_mass_only,0.007487962897929586,9476120304.04861,-1.0,9476120303.953604,-0.0004394632690367,0.0046351590361381,9476120304.043892
0.0,-1.9000000000000001,benchmark_bank_mass_only,0.008727511311691768,9700426924.71457,1.0,9700426924.60971,-0.0004259864374951,0.0047047180051175,9700426924.709644
0.0,-1.8875000000000002,benchmark_bank_mass_only,0.009423970494371709,9666502078.128511,1.0,9666502077.75487,-0.0004107764444752,0.0047689453936603,9666502078.12372
0.0,-1.875,benchmark_bank_mass_only,0.009967329937000577,9547993980.528114,1.0,9547993979.786499,-0.0003948872864968,0.0048284833960937,9547993980.523533
0.0,-1.8625,benchmark_bank_mass_only,0.01049481463862391,9430862004.503548,1.0,9430862003.263014,-0.0003783992579554,0.004883913270124,9430862004.499159
0.0,-1.85,benchmark_bank_mass_only,0.011012570247312163,9317893989.094608,1.0,9317893987.177881,-0.0003613926532464,0.0049357584846617,9317893989.090393
0.0,-1.8375000000000001,benchmark_bank_mass_only,0.01152640974585468,9212075217.430344,1.0,9212075214.603813,-0.0003439477667652,0.0049844881307191,9212075217.426285
0.0,-1.8250000000000002,benchmark_bank_mass_only,0.012041833375876596,9116541904.384632,1.0,9116541900.330105,-0.0003261448929073,0.0050305208410209,9116541904.38071
0.0,-1.8125,benchmark_bank_mass_only,0.012564841735392936,9035136569.847467,1.0,9035136564.142542,-0.000308064326068,0.0050742286245889,9035136569.84366
0.0,-1.8,benchmark_bank_mass_only,0.013099717807725758,8970732045.263826,1.0,8970732037.330238,-0.0002897863606429,0.0051159408085936,8970732045.260115
0.0,-1.7875,benchmark_bank_mass_only,0.013646202398089058,8922901412.655563,1.0,8922901401.725798,-0.000271388615435,0.0051559479916362,8922901412.651926
0.0,-1.7750000000000001,benchmark_bank_mass_only,0.014197261559797876,8885869360.028036,1.0,8885869345.064308,-0.0002529380068778,0.0051945057150499,8885869360.024464
0.0,-1.7625000000000002,benchmark_bank_mass_only,0.014740957450508577,8851661351.643093,1.0,8851661331.292978,-0.0002344987758125,0.0052318380258457,8851661351.639578
0.0,-1.75,benchmark_bank_mass_only,0.015265410506022504,8828232361.593388,1.0,8828232334.011919,-0.0002161351630802,0.0052681408552805,8828232361.58994
0.0,-1.7375,benchmark_bank_mass_only,0.015759014706479623,8779751829.849096,1.0,8779751792.75644,-0.0001979114095221,0.0053035851301222,8779751829.845734
0.0,-1.725,benchmark_bank_mass_only,0.01621088889232232,8689919076.763067,1.0,8689919027.27622,-0.0001798917559795,0.0053383195872739,8689919076.7598
0.0,-1.7125000000000001,benchmark_bank_mass_only,0.016611162885737003,8545869716.041621,1.0,8545869650.695544,-0.0001621404432934,0.0053724734487374,8545869716.038477
0.0,-1.7000000000000002,benchmark_bank_mass_only,0.016950974584811755,8338193566.408716,1.0,8338193481.012544,-0.000144721712305,0.0054061587056963,8338193566.405724
0.0,-1.6875,benchmark_bank_mass_only,0.01722884698578941,8072304653.77949,1.0,8072304543.414051,-0.000127694782683,0.0054394723095519,8072304653.776674
0.0,-1.675,benchmark_bank_mass_only,0.017454022961894484,7775391057.274942,1.0,7775390915.663987,-0.0001110987894059,0.0054724980576715,7775391057.27232
0.0,-1.6625,benchmark_bank_mass_only,0.017880461481269542,7668076247.335465,1.0,7668076061.854448,-9.496784627976624e-05,0.0055053082163577,7668076247.332896
0.0,-1.6500000000000001,benchmark_bank_mass_only,0.018315596427989474,7575234775.0432,1.0,7575234532.162247,-7.93360671104438e-05,0.005537965117031,7575234775.040671
0.0,-1.6375000000000002,benchmark_bank_mass_only,0.01875315515215699,7490111649.327646,1.0,7490111331.901734,-6.423756570400858e-05,0.0055705223896363,7490111649.325154
0.0,-1.625,benchmark_bank_mass_only,0.019197719286065538,7416705777.837526,1.0,7416705363.169495,-4.970645586645797e-05,0.0056030261699531,7416705777.835068
0.0,-1.6125,benchmark_bank_mass_only,0.019645246751021188,7351298568.755041,1.0,7351298027.998515,-3.57768514037902e-05,0.0056355160584406,7351298568.752611
0.0,-1.6,benchmark_bank_mass_only,0.020090995213940532,7291537574.451209,1.0,7291536870.094187,-2.2482866122002697e-05,0.0056680259999292,7291537574.448809
0.0,-1.5875,benchmark_bank_mass_only,0.02055648468246723,7263628761.431119,1.0,7263627842.467781,-9.855479350916877e-06,0.0057005851390587,7263628761.428735
0.0,-1.5750000000000002,benchmark_bank_mass_only,0.021039122344945795,7274007363.203263,1.0,7274006160.182582,2.08686748434942e-06,0.0057332183408597,7274007363.200887
0.0,-1.5625,benchmark_bank_mass_only,0.021530090291625056,7336729444.272286,1.0,7336727862.283802,1.3328867434855936e-05,0.0057659468539924,7336729444.269913
0.0,-1.55,benchmark_bank_mass_only,0.022026906049624585,7419980110.669174,1.0,7419978028.680056,2.3855213551660934e-05,0.0057987888076924,7419980110.666802
0.0,-1.5375,benchmark_bank_mass_only,0.022526616023743392,7511316109.934887,1.0,7511313374.54063,3.3650598885823553e-05,0.0058317595263345,7511316109.932517
0.0,-1.525,benchmark_bank_mass_only,0.023026367380621058,7600725963.551032,1.0,7600722378.071983,4.269971648840282e-05,0.0058648720846516,7600725963.548669
0.0,-1.5125000000000002,benchmark_bank_mass_only,0.023527521853139045,7682411105.150892,1.0,7682406423.103993,5.098725941045718e-05,0.0058981373964417,7682411105.148535
0.0,-1.5,benchmark_bank_mass_only,0.024060602985666042,7802141104.724295,1.0,7802134973.5369005,5.849792070304611e-05,0.0059315646955091,7802141104.721929
0.0,-1.4875,benchmark_bank_mass_only,0.024575520210238594,7864032464.6501045,1.0,7864024517.133977,6.522354282425639e-05,0.0059651615750129,7864032464.647743
0.0,-1.475,benchmark_bank_mass_only,0.025073921905726097,7870447181.472938,1.0,7870436972.652084,7.118456586028849e-05,0.0059989343625654,7870447181.470595
0.0,-1.4625,benchmark_bank_mass_only,0.02555931889556164,7831530034.813432,1.0,7831517030.646085,7.640857930437109e-05,0.0060328880926782,7831530034.811121
0.0,-1.4500000000000002,benchmark_bank_mass_only,0.026035499969137822,7760503399.835789,1.0,7760486936.721692,8.092317264973259e-05,0.0060670268524957,7760503399.833513
0.0,-1.4375,benchmark_bank_mass_only,0.02650653012445846,7672947525.560096,1.0,7672926783.558614,8.475593538960191e-05,0.0061013537461081,7672947525.557862
0.0,-1.425,benchmark_bank_mass_only,0.026976744623681267,7576862126.194036,1.0,7576836078.638061,8.793445701720743e-05,0.0061358710822776,7576862126.191845
0.0,-1.4125,benchmark_bank_mass_only,0.027450746856911675,7484957629.204942,1.0,7484924989.107256,9.048632702577786e-05,0.0061705804249024,7484957629.202791
0.0,-1.4,benchmark_bank_mass_only,0.02793340220038622,7409472102.612357,1.0,7409431199.26137,9.243913490854188e-05,0.0062054826706394,7409472102.610243
0.0,-1.3875000000000002,benchmark_bank_mass_only,0.028424938543194396,7356457855.743684,1.0,7356406573.621588,9.380015275805088e-05,0.0062405781588743,7356457855.7416
0.0,-1.375,benchmark_bank_mass_only,0.02892168732491519,7322176158.151049,1.0,7322111830.64598,9.449538306414832e-05,0.0062758666432096,7322176158.1489935
0.0,-1.3625,benchmark_bank_mass_only,0.029421207392970244,7299240205.359366,1.0,7299159586.532749,9.443051091600024e-05,0.0063113474268957,7299240205.357342
0.0,-1.35,benchmark_bank_mass_only,0.02992086629454232,7279585576.419428,1.0,7279484693.657371,9.351122140277288e-05,0.00634701931741,7279585576.417436
0.0,-1.3375,benchmark_bank_mass_only,0.030417856018046672,7254444400.643933,1.0,7254318553.854352,9.164319961363246e-05,0.0063828807511194,7254444400.64198
0.0,-1.3250000000000002,benchmark_bank_mass_only,0.030909210248346648,7215207548.163451,1.0,7215051166.421296,8.873213063774524e-05,0.0064189296890451,7215207548.161544
0.0,-1.3125,benchmark_bank_mass_only,0.031391829194783165,7153396401.951895,1.0,7153203132.060845,8.46836995642772e-05,0.006455163824783,7153396401.950044
0.0,-1.3,benchmark_bank_mass_only,0.03186250691724313,7059666119.730007,1.0,7059428790.609373,7.940359148239477e-05,0.0064915804484317,7059666119.728224
0.0,-1.2875,benchmark_bank_mass_only,0.03234868576596127,6970090700.720273,1.0,6969799776.167322,7.286855799471262e-05,0.0065281764630266,6970090700.718548
0.0,-1.275,benchmark_bank_mass_only,0.0328607157901776,6889925833.127086,1.0,6889569409.899127,6.533961675763977e-05,0.0065649485666774,6889925833.125407
0.0,-1.2625000000000002,benchmark_bank_mass_only,0.03338767073127907,6801300880.689016,1.0,6800865707.631094,5.714885194103429e-05,0.0066018930545499,6801300880.687376
0.0,-1.25,benchmark_bank_mass_only,0.03392929055700851,6708211979.928412,1.0,6707681989.463397,4.86283477147534e-05,0.0066390059980294,6708211979.926803
0.0,-1.2375,benchmark_bank_mass_only,0.03448560103039928,6617339700.540258,1.0,6616695387.821334,4.011018824865517e-05,0.0066762830605847,6617339700.538666
0.0,-1.225,benchmark_bank_mass_only,0.035056982193260096,6532862688.897243,1.0,6532080012.590123,3.1926457712597234e-05,0.0067137197770188,6532862688.895654
0.0,-1.2125,benchmark_bank_mass_only,0.03564386810635046,6462985010.462999,1.0,6462033988.692439,2.440924027643714e-05,0.0067513112903471,6462985010.461402
0.0,-1.2000000000000002,benchmark_bank_mass_only,0.036259012822182086,6438152046.777297,1.0,6436990192.580301,1.7890620110032974e-05,0.0067890525065175,6438152046.775666
0.0,-1.1875,benchmark_bank_mass_only,0.03693544228748497,6565071265.675583,1.0,6563620733.140491,1.262154610817554e-05,0.0068269380504165,6565071265.673877
0.0,-1.175,benchmark_bank_mass_only,0.03762275925258929,6765048823.763756,1.0,6763221353.929366,8.528426065390453e-06,0.0068649623230165,6765048823.761956
0.0,-1.1625,benchmark_bank_mass_only,0.038266699693954506,6918370084.099779,1.0,6916088762.317471,5.456532501136431e-06,0.0069031193753177,6918370084.0979185
0.0,-1.15,benchmark_bank_mass_only,0.03886756001037507,7021688077.658783,1.0,7018865432.001172,3.2511379348722536e-06,0.0069414030688657,7021688077.656888
0.0,-1.1375000000000002,benchmark_bank_mass_only,0.03942610995720485,7072553161.312713,1.0,7069092356.485006,1.7575148860568373e-06,0.0069798070018229,7072553161.310807
0.0,-1.125,benchmark_bank_mass_only,0.039943647906316854,7070698729.97609,1.0,7066492371.4445915,8.209358741488936e-07,0.0070183244569582,7070698729.974199
0.0,-1.1125,benchmark_bank_mass_only,0.04042209430699835,7015712196.295712,1.0,7010645249.839517,2.866734186072997e-07,0.0070569485125571,7015712196.293862
0.0,-1.1,benchmark_bank_mass_only,0.04092680955255768,7046978456.314516,1.0,7040807041.969555,3.889085287284202e-14,0.007095671963755,7046978456.312689
0.0,-1.0875000000000001,benchmark_bank_mass_only,0.04144216406952412,7100910288.22864,1.0,7093379963.674695,-1.704768276338637e-07,0.0071344873519492,7100910288.22683
0.0,-1.075,benchmark_bank_mass_only,0.041961745971534944,7139793501.656953,1.0,7130635756.775536,-2.6281007196919585e-07,0.0071733869385753,7139793501.655162
0.0,-1.0625,benchmark_bank_mass_only,0.04248643546059717,7167795626.581547,1.0,7156690763.564829,-2.9171766720971506e-07,0.0072123627931647,7167795626.579771
0.0,-1.05,benchmark_bank_mass_only,0.04301706553749123,7188194016.443481,1.0,7174758534.507721,-2.719175864499992e-07,0.0072514066230098,7188194016.441718
0.0,-1.0375,benchmark_bank_mass_only,0.04355439363532188,7205006113.572363,1.0,7188780852.840247,-2.1812780278462158e-07,0.0072905100069075,7205006113.570606
0.0,-1.0250000000000001,benchmark_bank_mass_only,0.04409907528078095,7222321467.734943,1.0,7202750144.523522,-1.450662893081578e-07,0.0073296641645672,7222321467.733191
0.0,-1.0125,benchmark_bank_mass_only,0.044651642832082256,7244395740.637568,1.0,7220805639.518159,-6.74510191151808e-08,0.0073688601352046,7244395740.635814
0.0,-1.0,benchmark_bank_mass_only,0.04521248494960408,7275163923.4351425,1.0,7246733660.659037,3.469973175649211e-14,0.0074080886309823,7275163923.433378
0.0,-0.9875,benchmark_bank_mass_only,0.04577651230980472,7314506537.642462,1.0,7280253960.793762,4.567917272564749e-08,0.0074473402214335,7314506537.640686
0.0,-0.9750000000000001,benchmark_bank_mass_only,0.04633858111628465,7359968049.158254,1.0,7318727532.356999,7.041979028619717e-08,0.0074866051230365,7359968049.156465
0.0,-0.9625000000000001,benchmark_bank_mass_only,0.046898459563286324,7410483310.432626,1.0,7360877439.301055,7.816555638865198e-08,0.0075258733859211,7410483310.430823
0.0,-0.95,benchmark_bank_mass_only,0.047455967013246315,7464941630.770456,1.0,7405342383.950548,7.286014004028336e-08,0.0075651347407716,7464941630.768642
0.0,-0.9375,benchmark_bank_mass_only,0.04801098415018838,7522209471.087753,1.0,7450710870.336386,5.844721024836297e-08,0.0076043787580574,7522209471.085928
0.0,-0.925,benchmark_bank_mass_only,0.04856346126083699,7581152588.628439,1.0,7495527334.611614,3.887043602016216e-08,0.0076435947270188,7581152588.626602
0.0,-0.9125000000000001,benchmark_bank_mass_only,0.04911344688855585,7641230259.592777,1.0,7538892509.819242,1.8073486362952664e-08,0.0076827722198407,7641230259.590932
0.0,-0.8999999999999999,benchmark_bank_mass_only,0.049661290182600674,7703557426.026321,1.0,7581480812.742227,3.028400547966729e-14,0.007721900657942,7703557426.0244665
0.0,-0.8875,benchmark_bank_mass_only,0.05020876021059415,7771207154.87531,1.0,7625832561.4484625,-1.22396585313516e-08,0.0077609687550126,7771207154.8734455
0.0,-0.875,benchmark_bank_mass_only,0.0507577500269041,7848855950.550983,1.0,7675945696.219262,-1.8868887685569712e-08,0.0077999648738552,7848855950.549105
0.0,-0.8625,benchmark_bank_mass_only,0.05130896601405178,7941131605.366574,1.0,7735642975.006188,-2.0944360103044292e-08,0.0078388768435293,7941131605.364678
0.0,-0.8500000000000001,benchmark_bank_mass_only,0.05186311852681597,8052559688.927239,1.0,7808474670.262413,-1.95227787081707e-08,0.0078776922479529,8052559688.925319
0.0,-0.8374999999999999,benchmark_bank_mass_only,0.05242095018413529,8187520117.84399,1.0,7897675563.2359295,-1.5660846425344223e-08,0.0079163983867447,8187520117.842039
0.0,-0.825,benchmark_bank_mass_only,0.052983174785927775,8350012194.534332,1.0,8005900315.1138315,-1.0415266178960441e-08,0.0079549824923807,8350012194.532343
0.0,-0.8125,benchmark_bank_mass_only,0.053550561485548986,8543754149.777423,1.0,8135329808.36268,-4.842740893414644e-09,0.0079934314435966,8543754149.775386
0.0,-0.8,benchmark_bank_mass_only,0.0541238616449229,8771938928.839539,1.0,8287431048.31652,2.6506897738834634e-14,0.0080317320624559,8771938928.837444
0.0,-0.7875000000000001,benchmark_bank_mass_only,0.0547035780502668,9037139062.118866,1.0,8462906653.030876,3.2796407008518433e-09,0.008069871095157,9037139062.116703
0.0,-0.7749999999999999,benchmark_bank_mass_only,0.05529024831545255,9341180583.02735,1.0,8661642074.308409,5.0559367804048924e-09,0.0081078350052722,9341180583.025105
0.0,-0.7625,benchmark_bank_mass_only,0.055884826260303284,9685580567.245852,1.0,8883198931.923784,5.612057440784552e-09,0.0081456102736849,9685580567.243515
0.0,-0.75,benchmark_bank_mass_only,0.05648834037768949,10071332275.984516,1.0,9126758727.474659,5.2311453772185905e-09,0.0081831831570802,10071332275.982077
0.0,-0.7375,benchmark_bank_mass_only,0.057101923817819915,10499125674.345078,1.0,9391443061.145103,4.196343284934748e-09,0.0082205399640492,10499125674.342524
0.0,-0.7250000000000001,benchmark_bank_mass_only,0.057726832618543694,10969472764.170504,1.0,9676623073.986813,2.790793859160746e-09,0.0082576667794919,10969472764.167818
0.0,-0.7124999999999999,benchmark_bank_mass_only,0.0583644125398814,11483115083.66648,1.0,9982371705.208662,1.297639795124296e-09,0.0082945497533603,11483115083.663652
0.0,-0.7,benchmark_bank_mass_only,0.05901618255181627,12041699609.13303,1.0,10310132532.23832,2.378805318083725e-14,0.0083311750592618,12041699609.130045
0.0,-0.6875,benchmark_bank_mass_only,0.059683845244010894,12654013878.556425,1.0,10667924698.150492,-8.787465593230406e-10,0.0083675287731927,12654013878.553267
0.0,-0.675,benchmark_bank_mass_only,0.06036930308345822,13330944098.286154,1.0,11065518608.7557,-1.3547040142674047e-09,0.008403597176306,13330944098.282804
0.0,-0.6625000000000001,benchmark_bank_mass_only,0.061074509721012964,14083158148.321888,1.0,11512337209.15853,-1.5037164365411142e-09,0.0084393664669482,14083158148.318325
0.0,-0.6499999999999999,benchmark_bank_mass_only,0.061801752338458145,14920907994.88606,1.0,12016768870.728052,-1.4016516859053686e-09,0.0084748230738292,14920907994.882252
0.0,-0.6375,benchmark_bank_mass_only,0.06255338591861845,15855332765.067074,1.0,12587327243.52185,-1.1243776221213751e-09,0.0085099528520811,15855332765.062988
0.0,-0.625,benchmark_bank_mass_only,0.06333101262027198,16913744864.846687,1.0,13244202540.170956,-7.477621049503342e-10,0.0085447401296117,16913744864.842281
0.0,-0.6125,benchmark_bank_mass_only,0.06413616131104755,18136612907.43565,1.0,14016121266.30963,-3.4767299415344977e-10,0.0085791688841491,18136612907.43087
0.0,-0.6000000000000001,benchmark_bank_mass_only,0.06496938547298214,19577098245.04546,1.0,14939450084.245117,2.1850508076576268e-14,0.008613222418933,19577098245.04024
0.0,-0.5874999999999999,benchmark_bank_mass_only,0.06583043528590594,21316377855.335487,1.0,16069338472.923792,2.3548733516252424e-10,0.0086468826107648,21316377855.32977
0.0,-0.575,benchmark_bank_mass_only,0.06671562907585893,23507179179.024223,1.0,17512408565.552586,3.6301942949608157e-10,0.0086801297065247,23507179179.017937
0.0,-0.5625,benchmark_bank_mass_only,0.06762191946530571,26514602962.737755,1.0,19526151387.23369,4.0294686908443214e-10,0.0087129425658534,26514602962.73083
0.0,-0.55,benchmark_bank_mass_only,0.06855947166776859,31211304182.356647,1.0,22724220953.09906,3.755983895032552e-10,0.0087453296492778,31211304182.349007
0.0,-0.5375000000000001,benchmark_bank_mass_only,0.06953717847094301,39564766677.80863,1.0,28476715186.644924,3.0130272632822937e-10,0.0087773194525541,39564766677.80013
0.0,-0.5249999999999999,benchmark_bank_mass_only,0.07058386630279648,56098007966.814804,1.0,39894290510.60592,2.0038861513503075e-10,0.0088089325564124,56098007966.80522
0.0,-0.5125,benchmark_bank_mass_only,0.0717475337594575,91410760953.37784,1.0,64168874441.17003,9.318479149934212e-11,0.008840187989249,91410760953.36682
0.0,-0.5,benchmark_bank_mass_only,0.0731058499918498,171348210090.8749,1.0,118568468676.37828,1.99909968404812e-14,0.0088711282825633,171348210090.86182
0.0,-2.1,any_recovery_bank_mass_lower_bound,0.03341954732392675,23382490828.89038,-1.0,23382490828.666973,0.0,0.0023337375658352,23382490828.85696
0.0,-2.0875,any_recovery_bank_mass_lower_bound,0.02677151119633687,20292056684.055313,-1.0,20292056683.805393,-1.173860135462144e-06,0.0025980748332075,20292056684.028545
0.0,-2.075,any_recovery_bank_mass_lower_bound,0.021332921698749036,17779020857.395897,-1.0,17779020857.118862,-8.535179333010051e-06,0.0028418178414959,17779020857.37456
0.0,-2.0625,any_recovery_bank_mass_lower_bound,0.01691476540298776,15736143739.999474,-1.0,15736143739.696114,-2.5976073671665692e-05,0.0030659503660693,15736143739.982555
0.0,-2.0500000000000003,any_recovery_bank_mass_lower_bound,0.013912757905235034,14464421517.353964,-1.0,14464421517.017393,-5.507153732444692e-05,0.0032715423093118,14464421517.34005
0.0,-2.0375,any_recovery_bank_mass_lower_bound,0.011396779869257316,13363782820.155508,-1.0,13363782819.789839,-9.538582540993106e-05,0.0034597237081551,13363782820.144112
0.0,-2.025,any_recovery_bank_mass_lower_bound,0.00928411224038827,12372911639.709265,-1.0,12372911639.321531,-0.0001448611148155,0.0036316604854428,12372911639.69998
0.0,-2.0125,any_recovery_bank_mass_lower_bound,0.008387319703621225,12125695786.677828,-1.0,12125695786.253605,-0.0002002600509925,0.0037885330750679,12125695786.669437
0.0,-2.0,any_recovery_bank_mass_lower_bound,0.00774115033324307,11958800865.536839,-1.0,11958800865.082172,-0.0002576361141794,0.0039315174681988,11958800865.529099
0.0,-1.9875,any_recovery_bank_mass_lower_bound,0.007137777002941715,11714846619.7598,-1.0,11714846619.28937,-0.0003128080639706,0.0040617691031384,11714846619.752663
0.0,-1.975,any_recovery_bank_mass_lower_bound,0.006563660727082622,11381209615.36594,-1.0,11381209614.898397,-0.0003618170466017,0.0041804094340542,11381209615.359377
0.0,-1.9625000000000001,any_recovery_bank_mass_lower_bound,0.006014363032406439,10960125646.829975,-1.0,10960125646.386864,-0.0004013472747848,0.0042885151621281,10960125646.823957
0.0,-1.9500000000000002,any_recovery_bank_mass_lower_bound,0.0055084373267865645,10475658034.176548,-1.0,10475658033.781437,-0.0004290935153797,0.004387110055161,10475658034.171051
0.0,-1.9375,any_recovery_bank_mass_lower_bound,0.005979765807396353,9971630171.428247,-1.0,9971630171.105602,-0.0004440609456516,0.0044771587039347,9971630171.423206
0.0,-1.925,any_recovery_bank_mass_lower_bound,0.006641691545984556,9624493634.287811,-1.0,9624493634.061785,-0.000446785264316,0.0045595628826154,9624493634.283024
0.0,-1.9125,any_recovery_bank_mass_lower_bound,0.007487962897929586,9476120304.04861,-1.0,9476120303.953604,-0.0004394632690367,0.0046351590361381,9476120304.043892
0.0,-1.9000000000000001,any_recovery_bank_mass_lower_bound,0.008727511311691768,9700426924.71457,1.0,9700426924.60971,-0.0004259864374951,0.0047047180051175,9700426924.709644
0.0,-1.8875000000000002,any_recovery_bank_mass_lower_bound,0.009423970494371709,9666502078.128511,1.0,9666502077.75487,-0.0004107764444752,0.0047689453936603,9666502078.12372
0.0,-1.875,any_recovery_bank_mass_lower_bound,0.009967329937000577,9547993980.528114,1.0,9547993979.786499,-0.0003948872864968,0.0048284833960937,9547993980.523533
0.0,-1.8625,any_recovery_bank_mass_lower_bound,0.01049481463862391,9430862004.503548,1.0,9430862003.263014,-0.0003783992579554,0.004883913270124,9430862004.499159
0.0,-1.85,any_recovery_bank_mass_lower_bound,0.011012570247312163,9317893989.094608,1.0,9317893987.177881,-0.0003613926532464,0.0049357584846617,9317893989.090393
0.0,-1.8375000000000001,any_recovery_bank_mass_lower_bound,0.01152640974585468,9212075217.430344,1.0,9212075214.603813,-0.0003439477667652,0.0049844881307191,9212075217.426285
0.0,-1.8250000000000002,any_recovery_bank_mass_lower_bound,0.012041833375876596,9116541904.384632,1.0,9116541900.330105,-0.0003261448929073,0.0050305208410209,9116541904.38071
0.0,-1.8125,any_recovery_bank_mass_lower_bound,0.012564841735392936,9035136569.847467,1.0,9035136564.142542,-0.000308064326068,0.0050742286245889,9035136569.84366
0.0,-1.8,any_recovery_bank_mass_lower_bound,0.013099717807725758,8970732045.263826,1.0,8970732037.330238,-0.0002897863606429,0.0051159408085936,8970732045.260115
0.0,-1.7875,any_recovery_bank_mass_lower_bound,0.013646202398089058,8922901412.655563,1.0,8922901401.725798,-0.000271388615435,0.0051559479916362,8922901412.651926
0.0,-1.7750000000000001,any_recovery_bank_mass_lower_bound,0.014197261559797876,8885869360.028036,1.0,8885869345.064308,-0.0002529380068778,0.0051945057150499,8885869360.024464
0.0,-1.7625000000000002,any_recovery_bank_mass_lower_bound,0.014740957450508577,8849594179.455557,1.0,8849594159.110195,-0.0002344987758125,0.0052318380258457,8849594179.452044
0.0,-1.75,any_recovery_bank_mass_lower_bound,0.015265410506022504,8803507396.1847,1.0,8803507368.680468,-0.0002161351630802,0.0052681408552805,8803507396.181252
0.0,-1.7375,any_recovery_bank_mass_lower_bound,0.015759014706479623,8736780170.380032,1.0,8736780133.468904,-0.0001979114095221,0.0053035851301222,8736780170.37667
0.0,-1.725,any_recovery_bank_mass_lower_bound,0.01621088889232232,8638792218.232662,1.0,8638792169.03695,-0.0001798917559795,0.0053383195872739,8638792218.229395
0.0,-1.7125000000000001,any_recovery_bank_mass_lower_bound,0.016611162885737003,8499498555.244589,1.0,8499498490.253071,-0.0001621404432934,0.0053724734487374,8499498555.241445
0.0,-1.7000000000000002,any_recovery_bank_mass_lower_bound,0.016950974584811755,8309547964.676099,1.0,8309547879.573291,-0.000144721712305,0.0054061587056963,8309547964.673106
0.0,-1.6875,any_recovery_bank_mass_lower_bound,0.01722884698578941,8065888862.743666,1.0,8065888752.465941,-0.000127694782683,0.0054394723095519,8065888862.7408495
0.0,-1.675,any_recovery_bank_mass_lower_bound,0.017454022961894484,7775391057.274942,1.0,7775390915.663987,-0.0001110987894059,0.0054724980576715,7775391057.27232
0.0,-1.6625,any_recovery_bank_mass_lower_bound,0.017880461481269542,7667551159.651378,1.0,7667550974.183062,-9.496784627976624e-05,0.0055053082163577,7667551159.6488085
0.0,-1.6500000000000001,any_recovery_bank_mass_lower_bound,0.018315596427989474,7573282920.339906,1.0,7573282677.521533,-7.93360671104438e-05,0.005537965117031,7573282920.337377
0.0,-1.6375000000000002,any_recovery_bank_mass_lower_bound,0.01875315515215699,7486614592.508231,1.0,7486614275.230521,-6.423756570400858e-05,0.0055705223896363,7486614592.50574
0.0,-1.625,any_recovery_bank_mass_lower_bound,0.019197719286065538,7411474652.162921,1.0,7411474237.787359,-4.970645586645797e-05,0.0056030261699531,7411474652.160461
0.0,-1.6125,any_recovery_bank_mass_lower_bound,0.019645246751021188,7343728973.964369,1.0,7343728433.764655,-3.57768514037902e-05,0.0056355160584406,7343728973.96194
0.0,-1.6,any_recovery_bank_mass_lower_bound,0.020090995213940532,7278347253.106627,1.0,7278346550.023776,-2.2482866122002697e-05,0.0056680259999292,7278347253.104227
0.0,-1.5875,any_recovery_bank_mass_lower_bound,0.02055648468246723,7235808079.882564,1.0,7235807164.43897,-9.855479350916877e-06,0.0057005851390587,7235808079.880178
0.0,-1.5750000000000002,any_recovery_bank_mass_lower_bound,0.021039122344945795,7232526448.629988,1.0,7232525252.469666,2.08686748434942e-06,0.0057332183408597,7232526448.627611
0.0,-1.5625,any_recovery_bank_mass_lower_bound,0.021530090291625056,7259358179.811339,1.0,7259356614.506073,1.3328867434855936e-05,0.0057659468539924,7259358179.808965
0.0,-1.55,any_recovery_bank_mass_lower_bound,0.022026906049624585,7327848270.571082,1.0,7327846214.433417,2.3855213551660934e-05,0.0057987888076924,7327848270.56871
0.0,-1.5375,any_recovery_bank_mass_lower_bound,0.022526616023743392,7397770702.688715,1.0,7397768008.644228,3.3650598885823553e-05,0.0058317595263345,7397770702.686345
0.0,-1.525,any_recovery_bank_mass_lower_bound,0.023026367380621058,7460528931.514476,1.0,7460525412.17032,4.269971648840282e-05,0.0058648720846516,7460528931.512111
0.0,-1.5125000000000002,any_recovery_bank_mass_lower_bound,0.023527521853139045,7514988730.263406,1.0,7514984150.252056,5.098725941045718e-05,0.0058981373964417,7514988730.261049
0.0,-1.5,any_recovery_bank_mass_lower_bound,0.024060602985666042,7669200065.939962,1.0,7669194039.222111,5.849792070304611e-05,0.0059315646955091,7669200065.937595
0.0,-1.4875,any_recovery_bank_mass_lower_bound,0.024575520210238594,7757581361.448748,1.0,7757573521.513765,6.522354282425639e-05,0.0059651615750129,7757581361.446386
0.0,-1.475,any_recovery_bank_mass_lower_bound,0.025073921905726097,7778333432.594223,1.0,7778323343.254834,7.118456586028849e-05,0.0059989343625654,7778333432.59188
0.0,-1.4625,any_recovery_bank_mass_lower_bound,0.02555931889556164,7745396661.98487,1.0,7745383800.840994,7.640857930437109e-05,0.0060328880926782,7745396661.982559
0.0,-1.4500000000000002,any_recovery_bank_mass_lower_bound,0.026035499969137822,7673210962.186248,1.0,7673194684.254105,8.092317264973259e-05,0.0060670268524957,7673210962.183972
0.0,-1.4375,any_recovery_bank_mass_lower_bound,0.02650653012445846,7576635799.42281,1.0,7576615317.777307,8.475593538960191e-05,0.0061013537461081,7576635799.420576
0.0,-1.425,any_recovery_bank_mass_lower_bound,0.026976744623681267,7469971156.925724,1.0,7469945476.8369465,8.793445701720743e-05,0.0061358710822776,7469971156.923533
0.0,-1.4125,any_recovery_bank_mass_lower_bound,0.027450746856911675,7368150122.755569,1.0,7368117992.027258,9.048632702577786e-05,0.0061705804249024,7368150122.753418
0.0,-1.4,any_recovery_bank_mass_lower_bound,0.02793340220038622,7286225950.287599,1.0,7286185727.306321,9.243913490854188e-05,0.0062054826706394,7286225950.285484
0.0,-1.3875000000000002,any_recovery_bank_mass_lower_bound,0.028424938543194396,7232516458.267134,1.0,7232466040.1447735,9.380015275805088e-05,0.0062405781588743,7232516458.265052
0.0,-1.375,any_recovery_bank_mass_lower_bound,0.02892168732491519,7202595485.803209,1.0,7202532208.85004,9.449538306414832e-05,0.0062758666432096,7202595485.801154
0.0,-1.3625,any_recovery_bank_mass_lower_bound,0.029421207392970244,7186811742.284893,1.0,7186732365.210883,9.443051091600024e-05,0.0063113474268957,7186811742.282867
0.0,-1.35,any_recovery_bank_mass_lower_bound,0.02992086629454232,7175309438.803937,1.0,7175210001.133015,9.351122140277288e-05,0.00634701931741,7175309438.801944
0.0,-1.3375,any_recovery_bank_mass_lower_bound,0.030417856018046672,7158040246.29701,1.0,7157916071.882663,9.164319961363246e-05,0.0063828807511194,7158040246.295057
0.0,-1.3250000000000002,any_recovery_bank_mass_lower_bound,0.030909210248346648,7124862524.974234,1.0,7124708101.361747,8.873213063774524e-05,0.0064189296890451,7124862524.972326
0.0,-1.3125,any_recovery_bank_mass_lower_bound,0.031391829194783165,7065556897.955496,1.0,7065366001.305109,8.46836995642772e-05,0.006455163824783,7065556897.953645
0.0,-1.3,any_recovery_bank_mass_lower_bound,0.03186250691724313,6969750365.797933,1.0,6969516059.430259,7.940359148239477e-05,0.0064915804484317,6969750365.796148
0.0,-1.2875,any_recovery_bank_mass_lower_bound,0.03234868576596127,6875913628.095274,1.0,6875626634.398288,7.286855799471262e-05,0.0065281764630266,6875913628.09355
0.0,-1.275,any_recovery_bank_mass_lower_bound,0.0328607157901776,6788449995.917772,1.0,6788098822.143316,6.533961675763977e-05,0.0065649485666774,6788449995.916093
0.0,-1.2625000000000002,any_recovery_bank_mass_lower_bound,0.03338767073127907,6687930757.946875,1.0,6687502838.739897,5.714885194103429e-05,0.0066018930545499,6687930757.945235
0.0,-1.25,any_recovery_bank_mass_lower_bound,0.03392929055700851,6579921265.083716,1.0,6579401410.382989,4.86283477147534e-05,0.0066390059980294,6579921265.082107
0.0,-1.2375,any_recovery_bank_mass_lower_bound,0.03448560103039928,6470871153.258711,1.0,6470241101.791585,4.011018824865517e-05,0.0066762830605847,6470871153.257118
0.0,-1.225,any_recovery_bank_mass_lower_bound,0.035056982193260096,6394567067.691918,1.0,6393800960.033344,3.1926457712597234e-05,0.0067137197770188,6394567067.69033
0.0,-1.2125,any_recovery_bank_mass_lower_bound,0.03564386810635046,6335238366.422048,1.0,6334306142.442167,2.440924027643714e-05,0.0067513112903471,6335238366.420449
0.0,-1.2000000000000002,any_recovery_bank_mass_lower_bound,0.036259012822182086,6317561507.812049,1.0,6316421415.857169,1.7890620110032974e-05,0.0067890525065175,6317561507.810418
0.0,-1.1875,any_recovery_bank_mass_lower_bound,0.03693544228748497,6441703483.311851,1.0,6440280208.51314,1.262154610817554e-05,0.0068269380504165,6441703483.3101425
0.0,-1.175,any_recovery_bank_mass_lower_bound,0.03762275925258929,6632483634.226577,1.0,6630691974.759717,8.528426065390453e-06,0.0068649623230165,6632483634.224778
0.0,-1.1625,any_recovery_bank_mass_lower_bound,0.038266699693954506,6775995635.259822,1.0,6773761261.230694,5.456532501136431e-06,0.0069031193753177,6775995635.257961
0.0,-1.15,any_recovery_bank_mass_lower_bound,0.03886756001037507,6874292590.733405,1.0,6871529196.53018,3.2511379348722536e-06,0.0069414030688657,6874292590.73151
0.0,-1.1375000000000002,any_recovery_bank_mass_lower_bound,0.03942610995720485,6932023764.978419,1.0,6928631725.2489605,1.7575148860568373e-06,0.0069798070018229,6932023764.976513
0.0,-1.125,any_recovery_bank_mass_lower_bound,0.039943647906316854,6932310523.415861,1.0,6928186492.02561,8.209358741488936e-07,0.0070183244569582,6932310523.413971
0.0,-1.1125,any_recovery_bank_mass_lower_bound,0.04042209430699835,6874622591.514898,1.0,6869657543.975403,2.866734186072997e-07,0.0070569485125571,6874622591.513048
0.0,-1.1,any_recovery_bank_mass_lower_bound,0.04092680955255768,6913725036.490733,1.0,6907670319.262341,3.889085287284202e-14,0.007095671963755,6913725036.488907
0.0,-1.0875000000000001,any_recovery_bank_mass_lower_bound,0.04144216406952412,6977433235.826888,1.0,6970033855.369064,-1.704768276338637e-07,0.0071344873519492,6977433235.825079
0.0,-1.075,any_recovery_bank_mass_lower_bound,0.041961745971534944,7022520578.6909485,1.0,7013513252.096777,-2.6281007196919585e-07,0.0071733869385753,7022520578.689157
0.0,-1.0625,any_recovery_bank_mass_lower_bound,0.04248643546059717,7053424082.090126,1.0,7042496411.672157,-2.9171766720971506e-07,0.0072123627931647,7053424082.088349
0.0,-1.05,any_recovery_bank_mass_lower_bound,0.04301706553749123,7074573250.805925,1.0,7061350137.893672,-2.719175864499992e-07,0.0072514066230098,7074573250.804162
0.0,-1.0375,any_recovery_bank_mass_lower_bound,0.04355439363532188,7090511311.203577,1.0,7074543886.202815,-2.1812780278462158e-07,0.0072905100069075,7090511311.201819
0.0,-1.0250000000000001,any_recovery_bank_mass_lower_bound,0.04409907528078095,7105802824.721743,1.0,7086547248.189911,-1.450662893081578e-07,0.0073296641645672,7105802824.71999
0.0,-1.0125,any_recovery_bank_mass_lower_bound,0.044651642832082256,7125003079.633113,1.0,7101801759.72426,-6.74510191151808e-08,0.0073688601352046,7125003079.631358
0.0,-1.0,any_recovery_bank_mass_lower_bound,0.04521248494960408,7152579459.263148,1.0,7124628238.411752,3.469973175649211e-14,0.0074080886309823,7152579459.261383
0.0,-0.9875,any_recovery_bank_mass_lower_bound,0.04577651230980472,7189134280.36551,1.0,7155468800.247772,4.567917272564749e-08,0.0074473402214335,7189134280.363734
0.0,-0.9750000000000001,any_recovery_bank_mass_lower_bound,0.04633858111628465,7232495679.098521,1.0,7191969435.291904,7.041979028619717e-08,0.0074866051230365,7232495679.09673
0.0,-0.9625000000000001,any_recovery_bank_mass_lower_bound,0.046898459563286324,7281451014.720141,1.0,7232708887.445018,7.816555638865198e-08,0.0075258733859211,7281451014.718339
0.0,-0.95,any_recovery_bank_mass_lower_bound,0.047455967013246315,7334752044.060739,1.0,7276192216.126502,7.286014004028336e-08,0.0075651347407716,7334752044.058925
0.0,-0.9375,any_recovery_bank_mass_lower_bound,0.04801098415018838,7391132624.264274,1.0,7320879908.937204,5.844721024836297e-08,0.0076043787580574,7391132624.262448
0.0,-0.925,any_recovery_bank_mass_lower_bound,0.04856346126083699,7449331523.301688,1.0,7365195121.022272,3.887043602016216e-08,0.0076435947270188,7449331523.299852
0.0,-0.9125000000000001,any_recovery_bank_mass_lower_bound,0.04911344688855585,7508677253.99572,1.0,7408114764.992694,1.8073486362952664e-08,0.0076827722198407,7508677253.9938755
0.0,-0.8999999999999999,any_recovery_bank_mass_lower_bound,0.049661290182600674,7570129825.618872,1.0,7450167610.74519,3.028400547966729e-14,0.007721900657942,7570129825.617016
0.0,-0.8875,any_recovery_bank_mass_lower_bound,0.05020876021059415,7636576114.36073,1.0,7493720039.921619,-1.22396585313516e-08,0.0077609687550126,7636576114.358866
0.0,-0.875,any_recovery_bank_mass_lower_bound,0.0507577500269041,7712565453.241073,1.0,7542657677.831257,-1.8868887685569712e-08,0.0077999648738552,7712565453.239194
0.0,-0.8625,any_recovery_bank_mass_lower_bound,0.05130896601405178,7802698028.66613,1.0,7600791573.678909,-2.0944360103044292e-08,0.0078388768435293,7802698028.664235
0.0,-0.8500000000000001,any_recovery_bank_mass_lower_bound,0.05186311852681597,7911473662.689413,1.0,7671665170.579825,-1.95227787081707e-08,0.0078776922479529,7911473662.687492
0.0,-0.8374999999999999,any_recovery_bank_mass_lower_bound,0.05242095018413529,8043243034.491248,1.0,7758506000.397626,-1.5660846425344223e-08,0.0079163983867447,8043243034.489299
0.0,-0.825,any_recovery_bank_mass_lower_bound,0.052983174785927775,8201974045.884236,1.0,7863962958.219582,-1.0415266178960441e-08,0.0079549824923807,8201974045.882246
0.0,-0.8125,any_recovery_bank_mass_lower_bound,0.053550561485548986,8391347989.879635,1.0,7990209249.664586,-4.842740893414644e-09,0.0079934314435966,8391347989.877597
0.0,-0.8,any_recovery_bank_mass_lower_bound,0.0541238616449229,8614519788.502743,1.0,8138706771.755766,2.6506897738834634e-14,0.0080317320624559,8614519788.500647
0.0,-0.7875000000000001,any_recovery_bank_mass_lower_bound,0.0547035780502668,8874023784.525204,1.0,8310155947.473507,3.2796407008518433e-09,0.008069871095157,8874023784.523039
0.0,-0.7749999999999999,any_recovery_bank_mass_lower_bound,0.05529024831545255,9171624831.24876,1.0,8504420915.752152,5.0559367804048924e-09,0.0081078350052722,9171624831.246517
0.0,-0.7625,any_recovery_bank_mass_lower_bound,0.055884826260303284,9508743437.369152,1.0,8721011503.680418,5.612057440784552e-09,0.0081456102736849,9508743437.366817
0.0,-0.75,any_recovery_bank_mass_lower_bound,0.05648834037768949,9886271199.525442,1.0,8959054222.409662,5.2311453772185905e-09,0.0081831831570802,9886271199.523003
0.0,-0.7375,any_recovery_bank_mass_lower_bound,0.057101923817819915,10304788369.237791,1.0,9217608801.780859,4.196343284934748e-09,0.0082205399640492,10304788369.235237
0.0,-0.7250000000000001,any_recovery_bank_mass_lower_bound,0.057726832618543694,10764687894.240406,1.0,9495973917.899565,2.790793859160746e-09,0.0082576667794919,10764687894.23772
0.0,-0.7124999999999999,any_recovery_bank_mass_lower_bound,0.0583644125398814,11266581759.083979,1.0,9794137404.951393,1.297639795124296e-09,0.0082945497533603,11266581759.081152
0.0,-0.7,any_recovery_bank_mass_lower_bound,0.05901618255181627,11811968867.075985,1.0,10113436511.392412,2.378805318083725e-14,0.0083311750592618,11811968867.073
0.0,-0.6875,any_recovery_bank_mass_lower_bound,0.059683845244010894,12404413447.068216,1.0,10457499876.959564,-8.787465593230406e-10,0.0083675287731927,12404413447.065058
0.0,-0.675,any_recovery_bank_mass_lower_bound,0.06036930308345822,13050205213.23113,1.0,10832487749.585129,-1.3547040142674047e-09,0.008403597176306,13050205213.227781
0.0,-0.6625000000000001,any_recovery_bank_mass_lower_bound,0.061074509721012964,13758992678.24531,1.0,11247346774.216024,-1.5037164365411142e-09,0.0084393664669482,13758992678.241745
0.0,-0.6499999999999999,any_recovery_bank_mass_lower_bound,0.061801752338458145,14546057060.783121,1.0,11714877254.102808,-1.4016516859053686e-09,0.0084748230738292,14546057060.779312
0.0,-0.6375,any_recovery_bank_mass_lower_bound,0.06255338591861845,15430481411.631187,1.0,12250043687.585747,-1.1243776221213751e-09,0.0085099528520811,15430481411.627104
0.0,-0.625,any_recovery_bank_mass_lower_bound,0.06333101262027198,16433676880.199165,1.0,12868288295.718815,-7.477621049503342e-10,0.0085447401296117,16433676880.194761
0.0,-0.6125,any_recovery_bank_mass_lower_bound,0.06413616131104755,17580064455.710922,1.0,13586016117.693121,-3.4767299415344977e-10,0.0085791688841491,17580064455.706142
0.0,-0.6000000000000001,any_recovery_bank_mass_lower_bound,0.06496938547298214,18894994791.64437,1.0,14418931140.792484,2.1850508076576268e-14,0.008613222418933,18894994791.639156
0.0,-0.5874999999999999,any_recovery_bank_mass_lower_bound,0.06583043528590594,20401805482.99657,1.0,15379888646.652096,2.3548733516252424e-10,0.0086468826107648,20401805482.990852
0.0,-0.575,any_recovery_bank_mass_lower_bound,0.06671562907585893,22111929395.411366,1.0,16472973588.027224,3.6301942949608157e-10,0.0086801297065247,22111929395.40508
0.0,-0.5625,any_recovery_bank_mass_lower_bound,0.06762191946530571,24062738934.25845,1.0,17720524945.521786,4.0294686908443214e-10,0.0087129425658534,24062738934.251526
0.0,-0.55,any_recovery_bank_mass_lower_bound,0.06855947166776859,26388044550.950737,1.0,19212518368.103714,3.755983895032552e-10,0.0087453296492778,26388044550.943092
0.0,-0.5375000000000001,any_recovery_bank_mass_lower_bound,0.06953717847094301,29395789863.73411,1.0,21157600712.08695,3.0130272632822937e-10,0.0087773194525541,29395789863.72561
0.0,-0.5249999999999999,any_recovery_bank_mass_lower_bound,0.07058386630279648,33778121682.059143,1.0,24021426929.877224,2.0038861513503075e-10,0.0088089325564124,33778121682.04957
0.0,-0.5125,any_recovery_bank_mass_lower_bound,0.0717475337594575,40951594875.97755,1.0,28747356682.679165,9.318479149934212e-11,0.008840187989249,40951594875.966515
0.0,-0.5,any_recovery_bank_mass_lower_bound,0.0731058499918498,53971386084.37378,1.0,37346784054.358345,1.99909968404812e-14,0.0088711282825633,53971386084.36072
0.5,-2.1,inventory_only,0.04105968305623217,0.049839115375682155,-1.0,0.008779432319449994,0.0,0.0014439174778941,0.008779432319449994
0.5,-2.0875,inventory_only,0.03287907482427997,0.04033844195473105,-1.0,0.007453984252477154,-2.12333012165588e-06,0.0017619434889266,0.007459367130451076
0.5,-2.075,inventory_only,0.026169757631200472,0.03271820982378802,-1.0,0.006509519191076071,-1.537154848965202e-05,0.002059189493953,0.006548452192587546
0.5,-2.0625,inventory_only,0.020699397205609534,0.026519858911803553,-1.0,0.005702484991526858,-4.661158504820989e-05,0.002336144915666,0.005820461706194019
0.5,-2.0500000000000003,inventory_only,0.016987913763204472,0.02240052972047479,-1.0,0.005163360644588149,-9.852505645018189e-05,0.0025934477534419,0.005412615957270323
0.5,-2.0375,inventory_only,0.013848173153303354,0.018962435663149476,-1.0,0.004683691497371244,-0.0001702406093196,0.0028318591037178,0.0051142625098461215
0.5,-2.025,inventory_only,0.011176652923137872,0.016277124081894436,-1.0,0.004447816732435783,-0.0002580671234533,0.0030522386303904,0.005100471158756563
0.5,-2.0125,inventory_only,0.010052326582381537,0.015713388465349754,-1.0,0.004759895500896813,-0.00035628934572,0.003255520882932,0.005661061882968213
0.5,-2.0,inventory_only,0.009218109267062277,0.01525094727217501,-1.0,0.004874084740939733,-0.00045799040334,0.0034426933716991,0.006032838005112733
0.5,-1.9875,inventory_only,0.008404065954708165,0.01458532278620478,-1.0,0.004774175450843314,-0.0005558685231526,0.0036147761462072,0.006181256831496616
0.5,-1.975,inventory_only,0.00784128998747677,0.013701501983440974,-1.0,0.004474019062832311,-0.0006430181614006,0.0037728039372008,0.00610280125498401
0.5,-1.9625000000000001,inventory_only,0.008423489696488073,0.012625868726312878,-1.0,0.004012044158886662,-0.0007136486264885,0.0039178101283928,0.005821290728868562
0.5,-1.9500000000000002,inventory_only,0.00887622123242451,0.011760213044585051,-1.0,0.0037755877160834737,-0.0007637161550914,0.0040508130889895,0.005713800297202973
0.5,-1.9375,inventory_only,0.009232882823158513,0.01131464996376918,-0.3794024209880611,0.0036785872596708314,-0.0007914482799183,0.004172804823803,0.005689684888591331
0.5,-1.925,inventory_only,0.009846610807200113,0.011807806687216375,-0.14634540086574852,0.0036361636421074024,-0.0007977422053556,0.00428474175619,0.005666195751388703
0.5,-1.9125,inventory_only,0.010738231541064994,0.012725044833581726,-0.08154396018537727,0.0036562665665571545,-0.0007864217851426,0.0043875374585686,0.005660824639420255
0.5,-1.9000000000000001,inventory_only,0.01222363111607761,0.014405313386822948,-0.05044444641809209,0.0038135407854326237,-0.0007643405741519,0.0044820572721766,0.005765503500345924
0.5,-1.8875000000000002,inventory_only,0.012959006658051882,0.015227637923954727,-0.03651532669581923,0.0038526668034405387,-0.0007393483835611,0.0045691147303789,0.005744839357831739
0.5,-1.875,inventory_only,0.013475509096842659,0.015798521245420163,-0.02802787784637119,0.003855750020232186,-0.000713296254046,0.0046494692947605,0.005685624479895086
0.5,-1.8625,inventory_only,0.01397144457196846,0.016351019729208934,-0.022144628225381147,0.0038584122823904143,-0.000686292438809,0.0047238254472616,0.005623724239063314
0.5,-1.85,inventory_only,0.014455546791189905,0.016894527432246193,-0.017856045542392753,0.00386175058220601,-0.0006584451910525,0.0047928328396852,0.0055604791535719105
0.5,-1.8375000000000001,inventory_only,0.014936140505369015,0.01743828349789244,-0.014614549597075156,0.0038669895069417784,-0.0006298627639788,0.0048570873222838,0.0054973573366279786
0.5,-1.8250000000000002,inventory_only,0.015421144974636463,0.017991299529014262,-0.012097257070014413,0.00387547014138036,-0.0006006534107904,0.0049171326563712,0.00543594339895876
0.5,-1.8125,inventory_only,0.0159192732351731,0.01856377474123433,-0.010100888307124136,0.003888894580844687,-0.0005709253846895,0.0049734627907324,0.005378182961831686
0.5,-1.8,inventory_only,0.016436693406775137,0.01916301663821101,-0.008492062785798168,0.003908599213559872,-0.0005407869388786,0.0050265245284284,0.0053256559394166715
0.5,-1.7875,inventory_only,0.016972697023218776,0.019788052212152213,-0.00718047763923819,0.003934508307431907,-0.000510343669976,0.0050767203798271,0.005278525421062806
0.5,-1.7750000000000001,inventory_only,0.01751626076447936,0.020425171232564317,-0.006103101623188647,0.003964129498309344,-0.0004796905482643,0.0051244117204724,0.005234519046057743
0.5,-1.7625000000000002,inventory_only,0.01804886956079736,0.021052074092929,-0.005213725741170523,0.0039938711887437025,-0.000448919887442,0.0051699217989007,0.005190260515890601
0.5,-1.75,inventory_only,0.018552130770692295,0.021653788235015452,-0.004476487405554727,0.004027342863277134,-0.0004181240012075,0.0052135389638092,0.005149574614040732
0.5,-1.7375,inventory_only,0.019008122507769686,0.022195691227388455,-0.003863139699018937,0.004048030713114635,-0.0003873952032594,0.0052555196382046,0.005096162830651233
0.5,-1.725,inventory_only,0.019400110098163535,0.022652941854763565,-0.0033511551740133838,0.004048012893419874,-0.0003568258072962,0.0052960913376012,0.005022318619823171
0.5,-1.7125000000000001,inventory_only,0.019713010567871687,0.02300374141745604,-0.0029224197305603703,0.004020756804797233,-0.0003265081270163,0.00533545535247,0.004921724681098528
0.5,-1.7000000000000002,inventory_only,0.01993339240505848,0.023229409121617868,-0.0025623044617130502,0.003961195084685531,-0.0002965344761184,0.0053737894713438,0.004789528950853924
0.5,-1.6875,inventory_only,0.020059647675973208,0.02333010492319967,-0.002258442643980692,0.003871269258858889,-0.0002669945429334,0.0054112503626199,0.004627882281319179
0.5,-1.675,inventory_only,0.020107539401223885,0.023333925903238337,-0.00200022605994441,0.003763457086624457,-0.0002379675143222,0.0054479758495852,0.004449447868330343
0.5,-1.6625,inventory_only,0.020492514019002987,0.023762588108322238,-0.0017644261856504361,0.0037441623976916458,-0.0002095299517782,0.0054840870154828,0.004360809005643325
0.5,-1.6500000000000001,inventory_only,0.020893158058919205,0.024211180062725768,-0.0015595235263393085,0.0037300247901739057,-0.0001817584167949,0.0055196900053148,0.004278784755418642
0.5,-1.6375000000000002,inventory_only,0.021298763696944816,0.024665684407268042,-0.0013813531496643177,0.0037178703496857177,-0.0001547294708656,0.005554877818324,0.004200380667317359
0.5,-1.625,inventory_only,0.021716809293488192,0.025135498480160366,-0.001225909946787792,0.00370975333888081,-0.0001285196754838,0.0055897318133627,0.004127830468040383
0.5,-1.6125,inventory_only,0.022140236330193165,0.02561170315223244,-0.001090156927189405,0.003703948246111239,-0.0001032055921429,0.0056243229995434,0.004059588109986422
0.5,-1.6,inventory_only,0.022560862588322045,0.026084895403823388,-0.0009715037677154833,0.003699369174808891,-7.886378233623993e-05,0.0056587134439764,0.003994747160634252
0.5,-1.5875,inventory_only,0.023015270831155444,0.026604803113698405,-0.0008670332202243309,0.003709311216541417,-5.5563663669264926e-05,0.005692957190719,0.003946769659429677
0.5,-1.5750000000000002,inventory_only,0.023498421065173976,0.027169788005931058,-0.0007749538316957552,0.003737387060735673,-3.334607819553868e-05,0.0057271013019221,0.003919385179003482
0.5,-1.5625,inventory_only,0.023994614178778254,0.027771504615286897,-0.0006938404657261282,0.0037911764764338904,-1.224472408062703e-05,0.0057611867538811,0.0039202778554331625
0.5,-1.55,inventory_only,0.024499311949588164,0.028389366162411136,-0.000622313220044461,0.003854856931263403,7.706700509901439e-06,0.0057952491021662,0.0039337295233813135
0.5,-1.5375,inventory_only,0.025007207287473552,0.029011622823030214,-0.0005591809456697109,0.003922211652206697,2.647449741047969e-05,0.0058293192210945,0.0040107541021682696
0.5,-1.525,inventory_only,0.025513233811121312,0.0296278731608751,-0.000503404402074599,0.003988131503077019,4.402496845554056e-05,0.0058634238320173,0.00411674357879148
0.5,-1.5125000000000002,inventory_only,0.026019828766452584,0.03023730060835449,-0.00045402709429443735,0.00404958856617242,6.032441547951576e-05,0.0058975860335578,0.004218227408292313
0.5,-1.5,inventory_only,0.026581216687341615,0.030917937725160122,-0.0004099175551403743,0.004130616758643407,7.533914031683898e-05,0.0059318257296971,0.004336949802321915
0.5,-1.4875,inventory_only,0.02710659971554027,0.031528697409779885,-0.000370934844838592,0.004181100893721905,8.904781598473048e-05,0.0059661600997107,0.004422133538048209
0.5,-1.475,inventory_only,0.027599301073940236,0.03207396604514,-0.0003364108056541841,0.004202070909704741,0.0001014786002315,0.0060006037617128,0.004474666290501241
0.5,-1.4625,inventory_only,0.028066316118990294,0.03256580700133035,-0.0003057537685440407,0.0041985098318739564,0.0001126720219885,0.0060351692880842,0.0044995387153827825
0.5,-1.4500000000000002,inventory_only,0.028515038440751553,0.03301846173774207,-0.0002784554002401029,0.0041771805998817,0.0001226686101867,0.006069867244111,0.004503559798673966
0.5,-1.4375,inventory_only,0.0289532578444962,0.03344799442384472,-0.000254079061428914,0.004146272699041353,0.0001315088937573,0.0061047065532975,0.004494982537162429
0.5,-1.425,inventory_only,0.029389153028975813,0.03386691518687194,-0.00023224963936998476,0.004110032722741882,0.0001392334016316,0.0061396946956016,0.004478125909699399
0.5,-1.4125,inventory_only,0.029831289086632008,0.03429077331728794,-0.00021264471369949263,0.004075360071561864,0.0001458826627406,0.0061748377311122,0.004459966599800145
0.5,-1.4,inventory_only,0.030288609207668214,0.034735365264795676,-0.00019498698300373036,0.004049023239866893,0.0001514972060155,0.0062101406149584,0.004447353266358732
0.5,-1.3875000000000002,inventory_only,0.030762652791445248,0.035204721829632274,-0.00017905554446962568,0.004033578179037598,0.0001560486248965,0.0062456072210582,0.004442773342927493
0.5,-1.375,inventory_only,0.031247472891838143,0.03568930487676648,-0.0001646750141665207,0.00402609540968479,0.0001592327708595,0.0062812404962774,0.004442627745977245
0.5,-1.3625,inventory_only,0.03173819581316428,0.03617929916613124,-0.00015168841729941605,0.004022444391074457,0.0001606765598894,0.0063170424915454,0.004441965890198765
0.5,-1.35,inventory_only,0.0322296895999827,0.036664187497523246,-0.0001399563808148582,0.004018050921694757,0.0001600069079713,0.0063530145112222,0.004435393744671369
0.5,-1.3375,inventory_only,0.03271658421363882,0.03713275437851506,-0.00012935482667925886,0.00400788067095505,0.00015685073109,0.0063891571876771,0.004417057722995948
0.5,-1.3250000000000002,inventory_only,0.03319329440258708,0.03757359243455392,-0.0001197730513577562,0.003986922763729227,0.0001508349452304,0.0064254704542509,0.004381128789845945
0.5,-1.3125,inventory_only,0.0336540513730344,0.03797512751193241,-0.00011111209838051233,0.0039501832613194395,0.0001415864663775,0.0064619537371116,0.004321796881327758
0.5,-1.3,inventory_only,0.03409293909688817,0.03832510008353338,-0.00010328338178672418,0.0038921303114672788,0.0001287322105163,0.0064986058192089,0.004232718032546865
0.5,-1.2875,inventory_only,0.03455749684105652,0.038694875078225784,-9.615163082598775e-05,0.003836829876220172,0.0001121548162056,0.0065354250671757,0.004137730367816713
0.5,-1.275,inventory_only,0.035062428874932564,0.039108479476756455,-8.962903842157735e-05,0.0037915585803780178,9.275981230013484e-05,0.0065724093279658,0.004046199218745469
0.5,-1.2625000000000002,inventory_only,0.03558666610080774,0.03953792129588879,-8.366922844326906e-05,0.003746775455932539,7.170845022858552e-05,0.0066095560064819,0.003951268154330457
0.5,-1.25,inventory_only,0.03613022519997966,0.03998867044786448,-7.821334767634803e-05,0.0037053151182507194,5.016198141964464e-05,0.0066468621424801,0.0038585052527739284
0.5,-1.2375,inventory_only,0.03669371440189552,0.040468320634024585,-7.320932579042563e-05,0.0036715438835393482,2.928165730199547e-05,0.0066843242878322,0.0037751774505545748
0.5,-1.225,inventory_only,0.037278495915519246,0.040983767247675953,-6.861090636274101e-05,0.0036483753179539628,1.02287293043198e-05,0.0067219387240609,0.0037080764695381564
0.5,-1.2125,inventory_only,0.037886124052460037,0.041544389037839476,-6.437728885138413e-05,0.0036410139323035315,-5.835551144700506e-06,0.0067597013081042,0.0036917699742418705
0.5,-1.2000000000000002,inventory_only,0.0385425756673218,0.04219688201027502,-6.045864385339241e-05,0.0036675588621429677,-1.7749932616382544e-05,0.0067976075362655,0.0037434809530036217
0.5,-1.1875,inventory_only,0.03932257274361897,0.043074363465719426,-5.6788198386969456e-05,0.00378453977421852,-2.469629199069056e-05,0.0068356526096512,0.003873091286967543
0.5,-1.175,inventory_only,0.04013272278462793,0.04403053496866318,-5.339597261361725e-05,0.003940202230355631,-2.722901938216988e-05,0.0068738314223463,0.00403033487321883
0.5,-1.1625,inventory_only,0.04086405209881672,0.0448840462820682,-5.0311043094427e-05,0.004064075679639672,-2.624563321401221e-05,0.0069121384664963,0.004147105351499561
0.5,-1.15,inventory_only,0.04151775675425413,0.04563137902550269,-4.750698035900142e-05,0.004153351712730675,-2.264365190940897e-05,0.0069505680257855,0.00422295850298392
0.5,-1.1375000000000002,inventory_only,0.04209570263801012,0.046270271519299785,-4.49590737212044e-05,0.004205808674802044,-1.732059389155192e-05,0.0069891140258592,0.004258036863338431
0.5,-1.125,inventory_only,0.0426004962341804,0.046800568005888755,-4.264433661966815e-05,0.004220590008987004,-1.117397758363222e-05,0.0070277700661733,0.004253848066101647
0.5,-1.1125,inventory_only,0.04303563379339283,0.0472230147787634,-4.054144352910719e-05,0.004196851185962821,-5.1013214088417e-06,0.0070665295365009,0.004211911772352828
0.5,-1.1,inventory_only,0.043532538320429144,0.04774936315152504,-3.8590237107391136e-05,0.004216825718381456,-1.437903717652855e-10,0.0071053854583385,0.004216826305001101
0.5,-1.0875000000000001,inventory_only,0.044051111717209546,0.04830463774201119,-3.679067438411728e-05,0.004247131818465989,3.4309939449893475e-06,0.007144330628204,0.004253791101129093
0.5,-1.075,inventory_only,0.0445721129535057,0.04885176960168241,-3.513470596040627e-05,0.004269798801341075,5.289358856066609e-06,0.0071833575393385,0.004280065314172503
0.5,-1.0625,inventory_only,0.04509793889787012,0.049396452928298494,-3.360844461789933e-05,0.004287571787633816,5.87117509808824e-06,0.0072224583557421,0.004298967653447768
0.5,-1.05,inventory_only,0.045630933149971305,0.04994377979560703,-3.2199350947116834e-05,0.004302647128855829,5.472666826282564e-06,0.0072616250606312,0.004313269464451614
0.5,-1.0375,inventory_only,0.046173344611893895,0.05049916801171785,-3.089609824454198e-05,0.004317641646123113,4.390058195877851e-06,0.0073008493166702,0.004326162562366757
0.5,-1.0250000000000001,inventory_only,0.046727291535507046,0.05106792153362255,-2.968843720186052e-05,0.004335188963671973,2.9195733621023844e-06,0.0073401224969955,0.004340855565683224
0.5,-1.0125,inventory_only,0.047294729314448274,0.051655254935951266,-2.8567088259446483e-05,0.004357996165513391,1.3574364801844087e-06,0.0073794357180335,0.004360630552830136
0.5,-1.0,inventory_only,0.04787741714287181,0.05226595864319156,-2.7523624123193398e-05,0.004388542361193485,-1.2829464773745755e-10,0.0074187798434868,0.0043885433424324435
0.5,-0.9875,inventory_only,0.0484679655047337,0.052891525783046504,-2.6552202319554433e-05,0.004425274731927085,-9.19496338333079e-07,0.0074581454883318,0.004427980093709597
0.5,-0.9750000000000001,inventory_only,0.049058013283892754,0.053520476791809754,-2.5647708351878266e-05,0.004465106077258856,-1.4174411514797026e-06,0.0074975229287392,0.004469276843672048
0.5,-0.9625000000000001,inventory_only,0.04964693524156315,0.05415127977594588,-2.480400203169394e-05,0.004507277676514781,-1.573335765862969e-06,0.007536902259783,0.004511907020697587
0.5,-0.95,inventory_only,0.05023413037469681,0.05478235703305594,-2.401532943369512e-05,0.004550960770638671,-1.466553213258234e-06,0.0075762733068397,0.004555275464535493
0.5,-0.9375,inventory_only,0.050819051700272885,0.05541214323961276,-2.3276305454801425e-05,0.0045952849624093526,-1.176466525440862e-06,0.0076156255959233,0.004598745372410095
0.5,-0.925,inventory_only,0.05140120370377855,0.05603906850874957,-2.2581817697390477e-05,0.004639323823483112,-7.824487341862133e-07,0.0076549484529809,0.004641623901199039
0.5,-0.9125000000000001,inventory_only,0.0519801529592413,0.05666179555404194,-2.192703521960421e-05,0.004682321436762633,-3.638728712696477e-07,0.0076942309111389,0.004683388712051508
0.5,-0.8999999999999999,inventory_only,0.0525555257797661,0.05727935975379459,-2.1307281068064843e-05,0.00472383480957987,-1.1196846652004617e-10,0.0077334617790083,0.004723839702057078
0.5,-0.8875,inventory_only,0.05312924246281079,0.05789440590313785,-2.0717723455117497e-05,0.004764705116940366,2.462344368222624e-07,0.007772629645818,0.004765183356539243
0.5,-0.875,inventory_only,0.05370340005284586,0.05851039797178665,-2.0153497650755208e-05,0.004806290906247716,3.796607846936834e-07,0.0078117228186845,0.004807028390363766
0.5,-0.8625,inventory_only,0.05427810588260243,0.05912821360952932,-1.9610104710782197e-05,0.004849322853436584,4.2143500961919013e-07,0.0078507293592626,0.0048501417582853985
0.5,-0.8500000000000001,inventory_only,0.054853439035760454,0.05974852126388711,-1.9082857738378108e-05,0.004894350681538343,3.9282504607022875e-07,0.0078896371574483,0.004895114491111343
0.5,-0.8374999999999999,inventory_only,0.05542945993571311,0.06037174884961159,-1.8567001253387548e-05,0.004941702241216857,3.150988285182441e-07,0.0079284338691438,0.004942315760573069
0.5,-0.825,inventory_only,0.05600621161112733,0.06099805214600487,-1.805731014915798e-05,0.00499145064239102,2.0952429143468626e-07,0.0079671068856613,0.00499186003781978
0.5,-0.8125,inventory_only,0.05658372008508795,0.061627258008187,-1.7548296672911818e-05,0.005043357076275093,9.736936929100053e-08,0.0080056433729219,0.005043550087766463
0.5,-0.8,inventory_only,0.05716199386626508,0.0622588665025555,-1.7033627173693467e-05,0.005096873459640289,-9.800344136616104e-11,0.0080440303491573,0.0050969100796068
0.5,-0.7875000000000001,inventory_only,0.057740459855951574,0.06289119358591651,-1.650657723409152e-05,0.005150857584052745,-6.610433541829171e-08,0.0080822545847942,0.005151005193529603
0.5,-0.7749999999999999,inventory_only,0.05831850216023018,0.06352208994952761,-1.5959147974121154e-05,0.005203778279221084,-1.0185390780495277e-07,0.0081203026437126,0.005204017766175307
0.5,-0.7625,inventory_only,0.05889599373282045,0.064149786514705,-1.5382542879335726e-05,0.005254004134447336,-1.130454448938494e-07,0.008158160964079,0.005254259636272906
0.5,-0.75,inventory_only,0.05947279462529477,0.06477233034184332,-1.4766075422968461e-05,0.005299732780295817,-1.0537767097748355e-07,0.0081958157562304,0.005299944318334104
0.5,-0.7375,inventory_only,0.060048751177676205,0.06538772606655462,-1.4098088628836212e-05,0.005339133134117793,-8.45493103483565e-08,0.008233253046084,0.005339325993452544
0.5,-0.7250000000000001,inventory_only,0.060623694694524125,0.0659940700229666,-1.3364294041546916e-05,0.005370480847255167,-5.6259087298969284e-08,0.0082704586446492,0.005370684793093356
0.5,-0.7124999999999999,inventory_only,0.06119744079647006,0.06658980734296253,-1.2549127482680694e-05,0.005392416052735446,-2.6205726121822623e-08,0.0083074183469893,0.0053926378282029555
0.5,-0.7,inventory_only,0.061769788652527705,0.06717388807116718,-1.1633319922709884e-05,0.0054041002479461465,-8.795110941883165e-11,0.0083441176755332,0.005404352896000171
0.5,-0.6875,inventory_only,0.06234066332021356,0.06774861918608002,-1.0594497737067549e-05,0.0054079237309946826,1.7599796610935566e-08,0.0083805420798407,0.005408225981816125
0.5,-0.675,inventory_only,0.06290997959296389,0.06831641700650047,-9.404061413797814e-06,0.005406387425761247,2.718020857271084e-08,0.0084166767911579,0.00540676048109814
0.5,-0.6625000000000001,inventory_only,0.06347750838586184,0.06887858007556491,-8.030340750926745e-06,0.005401016114146092,3.0180259474571705e-08,0.008452507028125,0.0054014830345355085
0.5,-0.6499999999999999,inventory_only,0.06404300253884877,0.06943493884527983,-6.434463546069281e-06,0.005391884562032837,2.8126924015182864e-08,0.0084880178511304,0.005392470959696515
0.5,-0.6375,inventory_only,0.0646061975549593,0.06998509630112355,-4.57389650938771e-06,0.00537885740563754,2.2547176893209104e-08,0.0085231941711726,0.005379591840151816
0.5,-0.625,inventory_only,0.06516681148071604,0.07053436940927982,-2.3880831286247552e-06,0.005367530718331573,1.496799280731518e-08,0.0085580209635463,0.005368446676096541
0.5,-0.6125,inventory_only,0.06572454622632232,0.07109047746238613,1.9922255905299562e-07,0.0053659190361540435,6.9163464561658474e-09,0.008592482956203,0.0053670568637737455
0.5,-0.6000000000000001,inventory_only,0.06627908763246894,0.07166300305053326,3.2953679141283447e-06,0.005383916261935015,-8.078746157416216e-11,0.0086265649256738,0.005385326821351742
0.5,-0.5874999999999999,inventory_only,0.06683007021215627,0.07226616624358857,7.0489706473420324e-06,0.00543610570712409,-4.819120702251011e-09,0.0086602515467665,0.005437855994265841
0.5,-0.575,inventory_only,0.06737711208660294,0.07292985456058017,1.1717312473586885e-05,0.005552756929320426,-7.385110842254066e-09,0.0086935274879229,0.005554945017978928
0.5,-0.5625,inventory_only,0.06791985065906328,0.07372043181367034,1.780052276439837e-05,0.005800597097195216,-8.187901912983872e-09,0.0087263774258862,0.005803384838172974
0.5,-0.55,inventory_only,0.06845791189213896,0.07477750362845369,2.6400448454146025e-05,0.0063196066291269955,-7.636637945840863e-09,0.0087587859323246,0.006323300368290289
0.5,-0.5375000000000001,inventory_only,0.06899091134174158,0.0763889489201349,4.0044480820525876e-05,0.007398049625121737,-6.140462972225481e-09,0.0087907377433908,0.007403294616296472
0.5,-0.5249999999999999,inventory_only,0.06951845642008223,0.07914600312681525,6.475556231811571e-05,0.009627554795254062,-4.108521023538112e-09,0.0088222174328513,0.00963581510063638
0.5,-0.5125,inventory_only,0.0700401471859735,0.08428829198473235,0.000115227620022033,0.014248148250867515,-1.94995613117928e-09,0.008853209770665,0.014262907757044977
0.5,-0.5,inventory_only,0.07055558037646578,0.09447032496049489,0.00022824037015938675,0.023914741885869256,-7.391232654938386e-11,0.0088836994800032,0.02394458328929716
0.5,-2.1,isotropic_wall_bound,0.04105968305623217,0.05496045089536132,-1.0,0.013900767839129158,0.0,0.0014439174778941,0.013900767839129158
0.5,-2.0875,isotropic_wall_bound,0.03287907482427997,0.044675699904769176,-1.0,0.011791242202515288,-2.12333012165588e-06,0.0017619434889266,0.011796625080489207
0.5,-2.075,isotropic_wall_bound,0.026169757631200472,0.036478271471877585,-1.0,0.010269580839165631,-1.537154848965202e-05,0.002059189493953,0.010308513840677106
0.5,-2.0625,isotropic_wall_bound,0.020699397205609534,0.02977427362811876,-1.0,0.008956899707842065,-4.661158504820989e-05,0.002336144915666,0.009074876422509228
0.5,-2.0500000000000003,isotropic_wall_bound,0.016987913763204472,0.025328470947313636,-1.0,0.008091301871426995,-9.852505645018189e-05,0.0025934477534419,0.008340557184109169
0.5,-2.0375,isotropic_wall_bound,0.013848173153303354,0.021599672487598205,-1.0,0.007320928321819974,-0.0001702406093196,0.0028318591037178,0.007751499334294852
0.5,-2.025,isotropic_wall_bound,0.011176652923137872,0.018719222064978565,-1.0,0.006889914715519913,-0.0002580671234533,0.0030522386303904,0.007542569141840693
0.5,-2.0125,isotropic_wall_bound,0.010052326582381537,0.018212163230948257,-1.0,0.007258670266495316,-0.00035628934572,0.003255520882932,0.008159836648566716
0.5,-2.0,isotropic_wall_bound,0.009218109267062277,0.017759121910719107,-1.0,0.007382259379483826,-0.00045799040334,0.0034426933716991,0.008541012643656826
0.5,-1.9875,isotropic_wall_bound,0.008404065954708165,0.017038967395851982,-1.0,0.007227820060490515,-0.0005558685231526,0.0036147761462072,0.008634901441143816
0.5,-1.975,isotropic_wall_bound,0.00784128998747677,0.016040076357555784,-1.0,0.006812593436947123,-0.0006430181614006,0.0037728039372008,0.008441375629098823
0.5,-1.9625000000000001,isotropic_wall_bound,0.008423489696488073,0.014799878237066378,-1.0,0.006186053669640161,-0.0007136486264885,0.0039178101283928,0.007995300239622062
0.5,-1.9500000000000002,isotropic_wall_bound,0.00887622123242451,0.013848012723658466,-1.0,0.005863387395156888,-0.0007637161550914,0.0040508130889895,0.007801599976276388
0.5,-1.9375,isotropic_wall_bound,0.009232882823158513,0.013365907436238554,-0.3794024209880611,0.0057298447321402065,-0.0007914482799183,0.004172804823803,0.007740942361060705
0.5,-1.925,isotropic_wall_bound,0.009846610807200113,0.013857641886921675,-0.14634540086574852,0.005685998841812705,-0.0007977422053556,0.00428474175619,0.007716030951094005
0.5,-1.9125,isotropic_wall_bound,0.010738231541064994,0.014813096647427713,-0.08154396018537727,0.005744318380403142,-0.0007864217851426,0.0043875374585686,0.007748876453266242
0.5,-1.9000000000000001,isotropic_wall_bound,0.01222363111607761,0.01659844668573126,-0.05044444641809209,0.006006674084340938,-0.0007643405741519,0.0044820572721766,0.007958636799254237
0.5,-1.8875000000000002,isotropic_wall_bound,0.012959006658051882,0.017448294296351932,-0.03651532669581923,0.006073323175837741,-0.0007393483835611,0.0045691147303789,0.007965495730228941
0.5,-1.875,isotropic_wall_bound,0.013475509096842659,0.018025414189658112,-0.02802787784637119,0.006082642964470135,-0.000713296254046,0.0046494692947605,0.007912517424133035
0.5,-1.8625,isotropic_wall_bound,0.01397144457196846,0.018583633553044782,-0.022144628225381147,0.006091026106226264,-0.000686292438809,0.0047238254472616,0.007856338062899164
0.5,-1.85,isotropic_wall_bound,0.014455546791189905,0.019132980049062963,-0.017856045542392753,0.006100203199022781,-0.0006584451910525,0.0047928328396852,0.007798931770388681
0.5,-1.8375000000000001,isotropic_wall_bound,0.014936140505369015,0.01968340222005999,-0.01461454959707515,0.006112108229109328,-0.0006298627639788,0.0048570873222838,0.007742476058795527
0.5,-1.8250000000000002,isotropic_wall_bound,0.015421144974636463,0.020244691242071254,-0.012097257070014404,0.006128861854437352,-0.0006006534107904,0.0049171326563712,0.007689335112015751
0.5,-1.8125,isotropic_wall_bound,0.0159192732351731,0.020828174268951116,-0.010100888307124129,0.006153294108561478,-0.0005709253846895,0.0049734627907324,0.007642582489548477
0.5,-1.8,isotropic_wall_bound,0.016436693406775137,0.021443566119317404,-0.00849206278579816,0.006189148694666267,-0.0005407869388786,0.0050265245284284,0.0076062054205230665
0.5,-1.7875,isotropic_wall_bound,0.016972697023218776,0.022093423105177278,-0.007180477639238181,0.00623987920045697,-0.000510343669976,0.0050767203798271,0.007583896314087869
0.5,-1.7750000000000001,isotropic_wall_bound,0.01751626076447936,0.022756072320192628,-0.0061031016231886314,0.006295030585937651,-0.0004796905482643,0.0051244117204724,0.00756542013368605
0.5,-1.7625000000000002,isotropic_wall_bound,0.01804886956079736,0.02340712663380429,-0.005213725741170501,0.006348923729618992,-0.000448919887442,0.0051699217989007,0.00754531305676589
0.5,-1.75,isotropic_wall_bound,0.018552130770692295,0.02403380147440952,-0.004476487405554695,0.006407356102671201,-0.0004181240012075,0.0052135389638092,0.007529587853434799
0.5,-1.7375,isotropic_wall_bound,0.019008122507769686,0.024591902160782723,-0.0038631396990188908,0.006444241646508902,-0.0003873952032594,0.0052555196382046,0.007492373764045499
0.5,-1.725,isotropic_wall_bound,0.019400110098163535,0.02505210541721566,-0.003351155174013318,0.006447176455871967,-0.0003568258072962,0.0052960913376012,0.007421482182275262
0.5,-1.7125000000000001,isotropic_wall_bound,0.019713010567871687,0.025389023812192314,-0.002922419730560276,0.006406039199533508,-0.0003265081270163,0.00533545535247,0.0073070070758348
0.5,-1.7000000000000002,isotropic_wall_bound,0.01993339240505848,0.0255810071280834,-0.002562304461712918,0.006312793091151061,-0.0002965344761184,0.0053737894713438,0.00714112695731945
0.5,-1.6875,isotropic_wall_bound,0.020059647675973208,0.02562932821241588,-0.002258442643980509,0.0061704925480751,-0.0002669945429334,0.0054112503626199,0.006927105570535384
0.5,-1.675,isotropic_wall_bound,0.020107539401223885,0.025569464003986214,-0.0020002260599441585,0.005998995187372335,-0.0002379675143222,0.0054479758495852,0.006684985969078213
0.5,-1.6625,isotropic_wall_bound,0.020492514019002987,0.02598549825657558,-0.0017644261856500849,0.0059670725459449875,-0.0002095299517782,0.0054840870154828,0.006583719153896655
0.5,-1.6500000000000001,isotropic_wall_bound,0.020893158058919205,0.026424206391919877,-0.0015595235263388162,0.005943051119368017,-0.0001817584167949,0.0055196900053148,0.006491811084612735
0.5,-1.6375000000000002,isotropic_wall_bound,0.021298763696944816,0.026870134234641383,-0.0013813531496636282,0.005922320177059061,-0.0001547294708656,0.005554877818324,0.006404830494690677
0.5,-1.625,isotropic_wall_bound,0.021716809293488192,0.027334102170170276,-0.0012259099467868254,0.005908357028890724,-0.0001285196754838,0.0055897318133627,0.006326434158050261
0.5,-1.6125,isotropic_wall_bound,0.022140236330193165,0.02780642663067593,-0.001090156927188054,0.005898671724554726,-0.0001032055921429,0.0056243229995434,0.006254311588429857
0.5,-1.6,isotropic_wall_bound,0.022560862588322045,0.02827714507244205,-0.0009715037677135936,0.005891618843427554,-7.886378233623993e-05,0.0056587134439764,0.00618699682925284
0.5,-1.5875,isotropic_wall_bound,0.023015270831155444,0.02880383933688889,-0.0008670332202216842,0.0059083474397319015,-5.5563663669264926e-05,0.005692957190719,0.006145805882620053
0.5,-1.5750000000000002,isotropic_wall_bound,0.023498421065173976,0.029386273856738556,-0.0007749538316920333,0.005953872911543167,-3.334607819553868e-05,0.0057271013019221,0.006135871029810821
0.5,-1.5625,isotropic_wall_bound,0.023994614178778254,0.030020075697409773,-0.0006938404657208767,0.0060397475585567675,-1.224472408062703e-05,0.0057611867538811,0.0061688489375558144
0.5,-1.55,isotropic_wall_bound,0.024499311949588164,0.030674713704655077,-0.0006223132200370419,0.006140204473507349,7.706700509901439e-06,0.0057952491021662,0.006219077065624932
0.5,-1.5375,isotropic_wall_bound,0.025007207287473552,0.03133441034555257,-0.0005591809456592581,0.006244999174729048,2.647449741047969e-05,0.0058293192210945,0.006333541624690503
0.5,-1.525,isotropic_wall_bound,0.025513233811121312,0.031995269917657713,-0.0005034044020598387,0.0063555282598596365,4.402496845554056e-05,0.0058634238320173,0.006484140335574023
0.5,-1.5125000000000002,isotropic_wall_bound,0.026019828766452584,0.032644929014823534,-0.00045402709427369765,0.006457216972641467,6.032441547951576e-05,0.0058975860335578,0.006625855814761306
0.5,-1.5,isotropic_wall_bound,0.026581216687341615,0.03337373023741215,-0.0004099175551111885,0.006586409270895444,7.533914031683898e-05,0.0059318257296971,0.006792742314573914
0.5,-1.4875,isotropic_wall_bound,0.02710659971554027,0.03401119024245958,-0.0003709348447979822,0.006663593726401592,8.904781598473048e-05,0.0059661600997107,0.006904626370727876
0.5,-1.475,isotropic_wall_bound,0.027599301073940236,0.034563213635546694,-0.00033641080559814796,0.006691318500111427,0.0001014786002315,0.0060006037617128,0.00696391388090793
0.5,-1.4625,isotropic_wall_bound,0.028066316118990294,0.03504564459587164,-0.00030575376846740085,0.006678347426415242,0.0001126720219885,0.0060351692880842,0.006979376309924107
0.5,-1.4500000000000002,isotropic_wall_bound,0.028515038440751553,0.0354774645225893,-0.0002784554001358219,0.006636183384728937,0.0001226686101867,0.006069867244111,0.00696256258352129
0.5,-1.4375,isotropic_wall_bound,0.0289532578444962,0.03588023892899238,-0.00025407906128773904,0.006578517204189018,0.0001315088937573,0.0061047065532975,0.006927227042310251
0.5,-1.425,isotropic_wall_bound,0.029389153028975813,0.036269615654025644,-0.00023224963917925525,0.006512733189895584,0.0001392334016316,0.0061396946956016,0.006880826376853355
0.5,-1.4125,isotropic_wall_bound,0.029831289086632008,0.036665772527282176,-0.00021264471344236143,0.0064503592815561,0.0001458826627406,0.0061748377311122,0.006834965809794775
0.5,-1.4,isotropic_wall_bound,0.030288609207668214,0.03708900750731201,-0.00019498698265656245,0.006402665482383246,0.0001514972060155,0.0062101406149584,0.006800995508875677
0.5,-1.3875000000000002,isotropic_wall_bound,0.030762652791445248,0.037544439946988424,-0.00017905554400078578,0.00637329629639376,0.0001560486248965,0.0062456072210582,0.006782491460284527
0.5,-1.375,isotropic_wall_bound,0.031247472891838143,0.038019822196238985,-0.00016467501353277517,0.0063566127291573,0.0001592327708595,0.0062812404962774,0.006773145065451017
0.5,-1.3625,isotropic_wall_bound,0.03173819581316428,0.038502582583773745,-0.0001516884164443302,0.006345727808716968,0.0001606765598894,0.0063170424915454,0.0067652493078430775
0.5,-1.35,isotropic_wall_bound,0.0322296895999827,0.038979227805470855,-0.00013995637966271075,0.006333091229642381,0.0001600069079713,0.0063530145112222,0.0067504340526215135
0.5,-1.3375,isotropic_wall_bound,0.03271658421363882,0.0394353337323255,-0.00012935482513347235,0.006310460024765511,0.00015685073109,0.0063891571876771,0.006719637076809866
0.5,-1.3250000000000002,isotropic_wall_bound,0.03319329440258708,0.03985633118298806,-0.00011977304929215225,0.006269661512163375,0.0001508349452304,0.0064254704542509,0.006663867538284725
0.5,-1.3125,isotropic_wall_bound,0.0336540513730344,0.04022752499177251,-0.00011111209563925929,0.00620258074115956,0.0001415864663775,0.0064619537371116,0.0065741943611738775
0.5,-1.3,isotropic_wall_bound,0.03409293909688817,0.04053325002170508,-0.0001032833781742766,0.0061002802496390035,0.0001287322105163,0.0064986058192089,0.006440867970725976
0.5,-1.2875,isotropic_wall_bound,0.03455749684105652,0.04086169587938521,-9.615162607272427e-05,0.006003650677379615,0.0001121548162056,0.0065354250671757,0.006304551168984529
0.5,-1.275,isotropic_wall_bound,0.035062428874932564,0.04124416467563851,-8.962903214730788e-05,0.0059272437792601065,9.275981230013484e-05,0.0065724093279658,0.006181884417635521
0.5,-1.2625000000000002,isotropic_wall_bound,0.03558666610080774,0.04164726852766658,-8.366922016451645e-05,0.005856122687710382,7.170845022858552e-05,0.0066095560064819,0.006060615386111817
0.5,-1.25,isotropic_wall_bound,0.03613022519997966,0.04208092801385506,-7.821333671853056e-05,0.005797572684241367,5.016198141964464e-05,0.0066468621424801,0.005950762818752406
0.5,-1.2375,isotropic_wall_bound,0.03669371440189552,0.04255207851130265,-7.320931126372791e-05,0.005755301760817487,2.928165730199547e-05,0.0066843242878322,0.005858935327769352
0.5,-1.225,isotropic_wall_bound,0.037278495915519246,0.04306732004826722,-6.861088705247338e-05,0.005731928118545315,1.02287293043198e-05,0.0067219387240609,0.005791629269852002
0.5,-1.2125,isotropic_wall_bound,0.037886124052460037,0.04363890165396681,-6.437726311002981e-05,0.005735526548430988,-5.835551144700506e-06,0.0067597013081042,0.005786282588495582
0.5,-1.2000000000000002,isotropic_wall_bound,0.0385425756673218,0.04432903221269571,-6.045860916059491e-05,0.005799709064563809,-1.7749932616382544e-05,0.0067976075362655,0.005875631152860471
0.5,-1.1875,isotropic_wall_bound,0.03932257274361897,0.045297772341613994,-5.678815065436883e-05,0.006007948650113288,-2.469629199069056e-05,0.0068356526096512,0.006096500159276094
0.5,-1.175,isotropic_wall_bound,0.04013272278462793,0.04636291079078521,-5.339590664270392e-05,0.006272578052477924,-2.722901938216988e-05,0.0068738314223463,0.006362710690300392
0.5,-1.1625,isotropic_wall_bound,0.04086405209881672,0.04730182337419944,-5.031095312412931e-05,0.006481852771771263,-2.624563321401221e-05,0.0069121384664963,0.006564882436644193
0.5,-1.15,isotropic_wall_bound,0.04151775675425413,0.04810924134953329,-4.750685908349171e-05,0.006631214036761731,-2.264365190940897e-05,0.0069505680257855,0.006700820817449449
0.5,-1.1375000000000002,isotropic_wall_bound,0.04209570263801012,0.048781550038715864,-4.495891225755247e-05,0.006717087194218689,-1.732059389155192e-05,0.0069891140258592,0.006769315369829993
0.5,-1.125,isotropic_wall_bound,0.0426004962341804,0.0493180937587832,-4.2644124012084144e-05,0.006738115761882188,-1.117397758363222e-05,0.0070277700661733,0.006771373801737653
0.5,-1.1125,isotropic_wall_bound,0.04303563379339283,0.0497191832456519,-4.054116693635199e-05,0.0066930196528522485,-5.1013214088417e-06,0.0070665295365009,0.006708080216490454
0.5,-1.1,isotropic_wall_bound,0.043532538320429144,0.05024465431793975,-3.8589874730744014e-05,0.0067121168847973246,-1.437903717652855e-10,0.0071053854583385,0.006712117501628404
0.5,-1.0875000000000001,isotropic_wall_bound,0.044051111717209546,0.05080373806964762,-3.679019953245206e-05,0.006746232146103884,3.4309939449893475e-06,0.007144330628204,0.006752891434536076
0.5,-1.075,isotropic_wall_bound,0.0445721129535057,0.05135252596488566,-3.513408465984269e-05,0.006770555164546202,5.289358856066609e-06,0.0071833575393385,0.006780821685025023
0.5,-1.0625,isotropic_wall_bound,0.04509793889787012,0.05189839527952148,-3.3607633104716444e-05,0.006789514138859164,5.87117509808824e-06,0.0072224583557421,0.006800910014791345
0.5,-1.05,isotropic_wall_bound,0.045630933149971305,0.052447770891748305,-3.219829139684506e-05,0.006806638225000088,5.472666826282564e-06,0.0072616250606312,0.006817260573976167
0.5,-1.0375,isotropic_wall_bound,0.046173344611893895,0.05300761840155267,-3.089471570450228e-05,0.006826092035961723,4.390058195877851e-06,0.0073008493166702,0.0068346129698866245
0.5,-1.0250000000000001,isotropic_wall_bound,0.046727291535507046,0.053584769905621984,-2.9686631899135607e-05,0.006852037335676228,2.9195733621023844e-06,0.0073401224969955,0.0068577039610686
0.5,-1.0125,isotropic_wall_bound,0.047294729314448274,0.05418598263931913,-2.8564729704084384e-05,0.006888723868887407,1.3574364801844087e-06,0.0073794357180335,0.006891358287145781
0.5,-1.0,isotropic_wall_bound,0.04787741714287181,0.05481742910637029,-2.7520537485025234e-05,0.006940012824380062,-1.2829464773745755e-10,0.0074187798434868,0.006940014090584391
0.5,-0.9875,isotropic_wall_bound,0.0484679655047337,0.05546815607428706,-2.654816282759507e-05,0.007001905023177655,-9.19496338333079e-07,0.0074581454883318,0.007004610007403557
0.5,-0.9750000000000001,isotropic_wall_bound,0.049058013283892754,0.05612339435242146,-2.5642424980559237e-05,0.0070680236378833795,-1.4174411514797026e-06,0.0074975229287392,0.007072193904428477
0.5,-0.9625000000000001,isotropic_wall_bound,0.04964693524156315,0.056781167388182376,-2.4797101884638706e-05,0.00713716528876766,-1.573335765862969e-06,0.007536902259783,0.00714179397221241
0.5,-0.95,isotropic_wall_bound,0.05023413037469681,0.0574394191832782,-2.400632716014155e-05,0.007208022920881876,-1.466553213258234e-06,0.0075762733068397,0.007212336742439101
0.5,-0.9375,isotropic_wall_bound,0.050819051700272885,0.05809609093552925,-2.3264582806193164e-05,0.007279232658352591,-1.176466525440862e-06,0.0076156255959233,0.007282691918994781
0.5,-0.925,isotropic_wall_bound,0.05140120370377855,0.05874909469468659,-2.2566575775904582e-05,0.007349350009454265,-7.824487341862133e-07,0.0076549484529809,0.0073516485753557835
0.5,-0.9125000000000001,isotropic_wall_bound,0.0519801529592413,0.05939668108607985,-2.1907262733301568e-05,0.007417206968844024,-3.638728712696477e-07,0.0076942309111389,0.007418272260412417
0.5,-0.8999999999999999,isotropic_wall_bound,0.0525555257797661,0.06003765853467804,-2.128167866097555e-05,0.0074821335905186385,-1.1196846652004617e-10,0.0077334617790083,0.007482141080709466
0.5,-0.8875,isotropic_wall_bound,0.05312924246281079,0.06067556060802144,-2.0684642351242632e-05,0.00754585982189422,2.462344368222624e-07,0.007772629645818,0.0075463385642808795
0.5,-0.875,isotropic_wall_bound,0.05370340005284586,0.06131501627211375,-2.0110806783490345e-05,0.007610909206663952,3.796607846936834e-07,0.0078117228186845,0.007611647343563296
0.5,-0.8625,isotropic_wall_bound,0.05427810588260243,0.06195732358246485,-1.9555104407993954e-05,0.00767843282648505,4.2143500961919013e-07,0.0078507293592626,0.00767925258487618
0.5,-0.8500000000000001,isotropic_wall_bound,0.054853439035760454,0.06260346526822147,-1.9012080106991275e-05,0.007749294686015611,3.9282504607022875e-07,0.0078896371574483,0.007750059617970453
0.5,-0.8374999999999999,isotropic_wall_bound,0.05542945993571311,0.06325405305733582,-1.847606782423432e-05,0.007824006449121528,3.150988285182441e-07,0.0079284338691438,0.007824621460461468
0.5,-0.825,isotropic_wall_bound,0.05600621161112733,0.06390927709809098,-1.794062560216683e-05,0.007902675594704511,2.0952429143468626e-07,0.0079671068856613,0.007903087036364302
0.5,-0.8125,isotropic_wall_bound,0.05658372008508795,0.06456881603349446,-1.7398836051157292e-05,0.00798491510186825,9.736936929100053e-08,0.0080056433729219,0.007985111290784453
0.5,-0.8,isotropic_wall_bound,0.05716199386626508,0.06523184088949047,-1.684248207788106e-05,0.00806984784693308,-9.800344136616104e-11,0.0080440303491573,0.00806990559341744
0.5,-0.7875000000000001,isotropic_wall_bound,0.057740459855951574,0.0658959005045521,-1.626267538877151e-05,0.008155564503134536,-6.610433541829171e-08,0.0080822545847942,0.008155691372205957
0.5,-0.7749999999999999,isotropic_wall_bound,0.05831850216023018,0.06655785930516747,-1.5648632165384066e-05,0.008239547635414433,-1.0185390780495277e-07,0.0081203026437126,0.008239752099925744
0.5,-0.7625,isotropic_wall_bound,0.05889599373282045,0.06721499874925892,-1.498839305862492e-05,0.0083192163696831,-1.130454448938494e-07,0.008158160964079,0.008319428550880583
0.5,-0.75,isotropic_wall_bound,0.05947279462529477,0.06786431681589393,-1.4267261331702278e-05,0.008391719255179472,-1.0537767097748355e-07,0.0081958157562304,0.008391959213162601
0.5,-0.7375,isotropic_wall_bound,0.060048751177676205,0.06850275237611513,-1.3469137783650243e-05,0.008454159444685425,-8.45493103483565e-08,0.008233253046084,0.008454425371625454
0.5,-0.7250000000000001,isotropic_wall_bound,0.060623694694524125,0.06912739830447003,-1.2574180993334996e-05,0.008503809129960568,-5.6259087298969284e-08,0.0082704586446492,0.00850410575524141
0.5,-0.7124999999999999,isotropic_wall_bound,0.06119744079647006,0.06973590892796917,-1.1560770816187733e-05,0.008538517639153016,-2.6205726121822623e-08,0.0083074183469893,0.0085388564578429
0.5,-0.7,isotropic_wall_bound,0.061769788652527705,0.07032674767301143,-1.0402074310175288e-05,0.008556959851412011,-8.795110941883165e-11,0.0083441176755332,0.008557359685910504
0.5,-0.6875,isotropic_wall_bound,0.06234066332021356,0.07090364113367599,-9.066746295027088e-06,0.00856294568040279,1.7599796610935566e-08,0.0083805420798407,0.008563432270780984
0.5,-0.675,isotropic_wall_bound,0.06290997959296389,0.07147048747543121,-7.514561629694454e-06,0.008560457896638392,2.718020857271084e-08,0.0084166767911579,0.008561061047176443
0.5,-0.6625000000000001,isotropic_wall_bound,0.06347750838586184,0.0720294745763298,-5.700995941953432e-06,0.00855191061687621,3.0180259474571705e-08,0.008452507028125,0.00855266378438958
0.5,-0.6499999999999999,isotropic_wall_bound,0.06404300253884877,0.07258047608993529,-3.5715052540498032e-06,0.008537421808464262,2.8126924015182864e-08,0.0084880178511304,0.008538363199529211
0.5,-0.6375,isotropic_wall_bound,0.0646061975549593,0.0731230152377723,-1.0665702059623807e-06,0.008516776343523661,2.2547176893209104e-08,0.0085231941711726,0.008517949541083406
0.5,-0.625,isotropic_wall_bound,0.06516681148071604,0.07366567300394096,1.899940195856819e-06,0.00849883431312479,1.496799280731518e-08,0.0085580209635463,0.008500291410953143
0.5,-0.6125,isotropic_wall_bound,0.06572454622632232,0.07422084218501035,5.437863707437069e-06,0.008496283756898869,6.9163464561658474e-09,0.008592482956203,0.008498088420842095
0.5,-0.6000000000000001,isotropic_wall_bound,0.06627908763246894,0.07480387632507247,9.70366007500632e-06,0.008524789531127465,-8.078746157416216e-11,0.0086265649256738,0.00852702278692236
0.5,-0.5874999999999999,isotropic_wall_bound,0.06683007021215627,0.07543749607255346,1.4917630086820462e-05,0.008607435524901263,-4.819120702251011e-09,0.0086602515467665,0.008610204503074717
0.5,-0.575,isotropic_wall_bound,0.06737711208660294,0.07616924030896349,2.1468644745373876e-05,0.008792142656584493,-7.385110842254066e-09,0.0086935274879229,0.008795603653254103
0.5,-0.5625,isotropic_wall_bound,0.06791985065906328,0.07710439714363819,3.012808014467963e-05,0.009184562388288993,-8.187901912983872e-09,0.0087263774258862,0.009188972490161082
0.5,-0.55,isotropic_wall_bound,0.06845791189213896,0.07846422758413309,4.261546543502551e-05,0.010006330510585462,-7.636637945840863e-09,0.0087587859323246,0.010012175398519728
0.5,-0.5375000000000001,isotropic_wall_bound,0.06899091134174158,0.08070476478436575,6.29048820832235e-05,0.011713865332033778,-6.140462972225481e-09,0.0087907377433908,0.011722167101342782
0.5,-0.5249999999999999,isotropic_wall_bound,0.06951845642008223,0.08476236121844315,0.00010049918506948232,0.015243912488976205,-4.108521023538112e-09,0.0088222174328513,0.015256989491681755
0.5,-0.5125,isotropic_wall_bound,0.0700401471859735,0.09259999186716393,0.00017862707884747084,0.022559846868736605,-1.94995613117928e-09,0.008853209770665,0.022583215322088814
0.5,-0.5,isotropic_wall_bound,0.07055558037646578,0.10842086736786535,0.0003554791274569028,0.037865279214232814,-7.391232654938386e-11,0.0088836994800032,0.03791252826095433
0.5,-2.1,benchmark_bank_mass_only,0.04105968305623217,30101026190.334858,-1.0,30101026190.2938,0.0,0.0014439174778941,30101026190.2938
0.5,-2.0875,benchmark_bank_mass_only,0.03287907482427997,25643954715.093548,-1.0,25643954715.060665,-2.12333012165588e-06,0.0017619434889266,25643954715.06067
0.5,-2.075,benchmark_bank_mass_only,0.026169757631200472,22634307466.884323,-1.0,22634307466.858116,-1.537154848965202e-05,0.002059189493953,22634307466.858154
0.5,-2.0625,benchmark_bank_mass_only,0.020699397205609534,20186301065.632465,-1.0,20186301065.611645,-4.661158504820989e-05,0.002336144915666,20186301065.61176
0.5,-2.0500000000000003,benchmark_bank_mass_only,0.016987913763204472,18698173916.475204,-1.0,18698173916.45797,-9.852505645018189e-05,0.0025934477534419,18698173916.458218
0.5,-2.0375,benchmark_bank_mass_only,0.013848173153303354,17410278372.211517,-1.0,17410278372.19724,-0.0001702406093196,0.0028318591037178,17410278372.19767
0.5,-2.025,benchmark_bank_mass_only,0.011176652923137872,16246603053.073458,-1.0,16246603053.061628,-0.0002580671234533,0.0030522386303904,16246603053.06228
0.5,-2.0125,benchmark_bank_mass_only,0.010052326582381537,16048906698.273125,-1.0,16048906698.26217,-0.00035628934572,0.003255520882932,16048906698.263073
0.5,-2.0,benchmark_bank_mass_only,0.009218109267062277,15978552204.155142,-1.0,15978552204.144764,-0.00045799040334,0.0034426933716991,15978552204.145922
0.5,-1.9875,benchmark_bank_mass_only,0.008404065954708165,15820953211.096046,-1.0,15820953211.086233,-0.0005558685231526,0.0036147761462072,15820953211.087639
0.5,-1.975,benchmark_bank_mass_only,0.00784128998747677,15492421246.252453,-1.0,15492421246.243225,-0.0006430181614006,0.0037728039372008,15492421246.244854
0.5,-1.9625000000000001,benchmark_bank_mass_only,0.008423489696488073,15001402698.698982,-1.0,15001402698.690367,-0.0007136486264885,0.0039178101283928,15001402698.692175
0.5,-1.9500000000000002,benchmark_bank_mass_only,0.00887622123242451,14440232655.032766,-1.0,14440232655.02478,-0.0007637161550914,0.0040508130889895,14440232655.026718
0.5,-1.9375,benchmark_bank_mass_only,0.009232882823158513,13859656464.3098,-0.3794012152325824,13859656464.302164,-0.0007914482799183,0.004172804823803,13859656464.304176
0.5,-1.925,benchmark_bank_mass_only,0.009846610807200113,13488738847.974648,-0.14634540088800577,13488738847.966475,-0.0007977422053556,0.00428474175619,13488738847.968504
0.5,-1.9125,benchmark_bank_mass_only,0.010738231541064994,13391884929.323668,-0.08154510041989066,13391884929.314598,-0.0007864217851426,0.0043875374585686,13391884929.316603
0.5,-1.9000000000000001,benchmark_bank_mass_only,0.01222363111607761,13823784063.903402,-0.05044444642822126,13823784063.89281,-0.0007643405741519,0.0044820572721766,13823784063.894764
0.5,-1.8875000000000002,benchmark_bank_mass_only,0.012959006658051882,13891027082.192314,-0.03651290998617095,13891027082.180939,-0.0007393483835611,0.0045691147303789,13891027082.182833
0.5,-1.875,benchmark_bank_mass_only,0.013475509096842659,13835877134.598063,-0.028027877853513298,13835877134.586119,-0.000713296254046,0.0046494692947605,13835877134.58795
0.5,-1.8625,benchmark_bank_mass_only,0.01397144457196846,13780748093.17703,-0.022151270560533388,13780748093.164541,-0.000686292438809,0.0047238254472616,13780748093.166307
0.5,-1.85,benchmark_bank_mass_only,0.014455546791189905,13729665789.408684,-0.01785604554805381,13729665789.39565,-0.0006584451910525,0.0047928328396852,13729665789.39735
0.5,-1.8375000000000001,benchmark_bank_mass_only,0.014936140505369015,13687089150.96228,-0.014588613992833342,13687089150.948711,-0.0006298627639788,0.0048570873222838,13687089150.950342
0.5,-1.8250000000000002,benchmark_bank_mass_only,0.015421144974636463,13657855306.230074,-0.012053092660144081,13657855306.21596,-0.0006006534107904,0.0049171326563712,13657855306.21752
0.5,-1.8125,benchmark_bank_mass_only,0.0159192732351731,13648028619.527779,-0.010061789866917775,13648028619.513105,-0.0005709253846895,0.0049734627907324,13648028619.514593
0.5,-1.8,benchmark_bank_mass_only,0.016436693406775137,13662394053.786259,-0.008455507774556257,13662394053.771002,-0.0005407869388786,0.0050265245284284,13662394053.772419
0.5,-1.7875,benchmark_bank_mass_only,0.016972697023218776,13700817868.327013,-0.007122870595783832,13700817868.31116,-0.000510343669976,0.0050767203798271,13700817868.312504
0.5,-1.7750000000000001,benchmark_bank_mass_only,0.01751626076447936,13754871305.296906,-0.006009625557250165,13754871305.280445,-0.0004796905482643,0.0051244117204724,13754871305.281712
0.5,-1.7625000000000002,benchmark_bank_mass_only,0.01804886956079736,13812407418.993078,-0.005078519045884176,13812407418.97602,-0.000448919887442,0.0051699217989007,13812407418.977213
0.5,-1.75,benchmark_bank_mass_only,0.018552130770692295,13885939990.193367,-0.004286475620082615,13885939990.17574,-0.0004181240012075,0.0052135389638092,13885939990.176857
0.5,-1.7375,benchmark_bank_mass_only,0.019008122507769686,13918964419.925478,-0.003595373433040313,13918964419.90733,-0.0003873952032594,0.0052555196382046,13918964419.908371
0.5,-1.725,benchmark_bank_mass_only,0.019400110098163535,13884403218.036331,-0.002969441045651052,13884403218.017727,-0.0003568258072962,0.0052960913376012,13884403218.01869
0.5,-1.7125000000000001,benchmark_bank_mass_only,0.019713010567871687,13759913887.92103,-0.0023790983206469917,13759913887.902048,-0.0003265081270163,0.00533545535247,13759913887.902931
0.5,-1.7000000000000002,benchmark_bank_mass_only,0.01993339240505848,13528145029.817427,-0.0018005306404747536,13528145029.798157,-0.0002965344761184,0.0053737894713438,13528145029.79896
0.5,-1.6875,benchmark_bank_mass_only,0.020059647675973208,13195544585.780787,-0.001209235782448267,13195544585.761326,-0.0002669945429334,0.0054112503626199,13195544585.762049
0.5,-1.675,benchmark_bank_mass_only,0.020107539401223885,12804722788.708805,-0.0005604797807549783,12804722788.689234,-0.0002379675143222,0.0054479758495852,12804722788.689873
0.5,-1.6625,benchmark_bank_mass_only,0.020492514019002987,12720532771.465244,0.00024505748497252554,12720532771.445225,-0.0002095299517782,0.0054840870154828,12720532771.445772
0.5,-1.6500000000000001,benchmark_bank_mass_only,0.020893158058919205,12657181235.413065,0.0012563188542788284,12657181235.392586,-0.0001817584167949,0.0055196900053148,12657181235.393034
0.5,-1.6375000000000002,benchmark_bank_mass_only,0.021298763696944816,12603777168.352,0.002561703645674588,12603777168.33105,-0.0001547294708656,0.005554877818324,12603777168.331388
0.5,-1.625,benchmark_bank_mass_only,0.021716809293488192,12567333067.150074,0.00429852274107788,12567333067.128649,-0.0001285196754838,0.0055897318133627,12567333067.128971
0.5,-1.6125,benchmark_bank_mass_only,0.022140236330193165,12541879996.556795,0.006629604718576975,12541879996.534885,-0.0001032055921429,0.0056243229995434,12541879996.535267
0.5,-1.6,benchmark_bank_mass_only,0.022560862588322045,12523623227.379929,0.009823267376156143,12523623227.35754,-7.886378233623993e-05,0.0056587134439764,12523623227.358025
0.5,-1.5875,benchmark_bank_mass_only,0.023015270831155444,12558033538.612177,0.014247316931535125,12558033538.58928,-5.5563663669264926e-05,0.005692957190719,12558033538.589924
0.5,-1.5750000000000002,benchmark_bank_mass_only,0.023498421065173976,12657353857.039171,0.020479086541190294,12657353857.015734,-3.334607819553868e-05,0.0057271013019221,12657353857.016626
0.5,-1.5625,benchmark_bank_mass_only,0.023994614178778254,12847430284.702513,0.029311216938647966,12847430284.678516,-1.224472408062703e-05,0.0057611867538811,12847430284.679785
0.5,-1.55,benchmark_bank_mass_only,0.024499311949588164,13073865110.455626,0.04182094952280538,13073865110.43105,7.706700509901439e-06,0.0057952491021662,13073865110.432878
0.5,-1.5375,benchmark_bank_mass_only,0.025007207287473552,13315188286.340652,0.05936036222028936,13315188286.315483,2.647449741047969e-05,0.0058293192210945,13315188286.31813
0.5,-1.525,benchmark_bank_mass_only,0.025513233811121312,13553724828.699535,0.08400116252075628,13553724828.67373,4.402496845554056e-05,0.0058634238320173,13553724828.677567
0.5,-1.5125000000000002,benchmark_bank_mass_only,0.026019828766452584,13778933923.057072,0.11824003630481175,13778933923.030552,6.032441547951576e-05,0.0058975860335578,13778933923.036095
0.5,-1.5,benchmark_bank_mass_only,0.026581216687341615,14073060302.988592,0.1668411472161703,14073060302.961126,7.533914031683898e-05,0.0059318257296971,14073060302.969162
0.5,-1.4875,benchmark_bank_mass_only,0.02710659971554027,14263266853.682,0.2329544471932383,14263266853.653297,8.904781598473048e-05,0.0059661600997107,14263266853.664806
0.5,-1.475,benchmark_bank_mass_only,0.027599301073940236,14352072064.50268,0.3227468595759324,14352072064.472149,0.0001014786002315,0.0060006037617128,14352072064.488491
0.5,-1.4625,benchmark_bank_mass_only,0.028066316118990294,14356419333.00826,0.4433818324199883,14356419332.974766,0.0001126720219885,0.0060351692880842,14356419332.997746
0.5,-1.4500000000000002,benchmark_bank_mass_only,0.028515038440751553,14299372927.277418,0.60612664702699,14299372927.238792,0.0001226686101867,0.006069867244111,14299372927.270908
0.5,-1.4375,benchmark_bank_mass_only,0.0289532578444962,14208906659.751465,0.8244746131004056,14208906659.703697,0.0001315088937573,0.0061047065532975,14208906659.748314
0.5,-1.425,benchmark_bank_mass_only,0.029389153028975813,14099493214.620317,1.0,14099493214.55627,0.0001392334016316,0.0061396946956016,14099493214.618067
0.5,-1.4125,benchmark_bank_mass_only,0.029831289086632008,13994717983.19275,1.0,13994717983.105242,0.0001458826627406,0.0061748377311122,13994717983.190563
0.5,-1.4,benchmark_bank_mass_only,0.030288609207668214,13917733167.191406,1.0,13917733167.071426,0.0001514972060155,0.0062101406149584,13917733167.189272
0.5,-1.3875000000000002,benchmark_bank_mass_only,0.030762652791445248,13880431317.69604,1.0,13880431317.531246,0.0001560486248965,0.0062456072210582,13880431317.693941
0.5,-1.375,benchmark_bank_mass_only,0.031247472891838143,13876334672.559172,1.0,13876334672.332289,0.0001592327708595,0.0062812404962774,13876334672.557114
0.5,-1.3625,benchmark_bank_mass_only,0.03173819581316428,13891877816.904318,1.0,13891877816.592146,0.0001606765598894,0.0063170424915454,13891877816.902296
0.5,-1.35,benchmark_bank_mass_only,0.0322296895999827,13911948805.487175,1.0,13911948805.057814,0.0001600069079713,0.0063530145112222,13911948805.485193
0.5,-1.3375,benchmark_bank_mass_only,0.03271658421363882,13919826378.70442,1.0,13919826378.115831,0.00015685073109,0.0063891571876771,13919826378.702482
0.5,-1.3250000000000002,benchmark_bank_mass_only,0.03319329440258708,13898830375.46749,1.0,13898830374.663109,0.0001508349452304,0.0064254704542509,13898830375.465607
0.5,-1.3125,benchmark_bank_mass_only,0.0336540513730344,13832287966.524721,1.0,13832287965.431879,0.0001415864663775,0.0064619537371116,13832287966.522915
0.5,-1.3,benchmark_bank_mass_only,0.03409293909688817,13701619917.350391,1.0,13701619915.874254,0.0001287322105163,0.0064986058192089,13701619917.348671
0.5,-1.2875,benchmark_bank_mass_only,0.03455749684105652,13576478773.867132,1.0,13576478771.877773,0.0001121548162056,0.0065354250671757,13576478773.865484
0.5,-1.275,benchmark_bank_mass_only,0.035062428874932564,13467297004.301828,1.0,13467297001.62098,9.275981230013484e-05,0.0065724093279658,13467297004.300234
0.5,-1.2625000000000002,benchmark_bank_mass_only,0.03558666610080774,13339285924.287485,1.0,13339285920.689219,7.170845022858552e-05,0.0066095560064819,13339285924.285934
0.5,-1.25,benchmark_bank_mass_only,0.03613022519997966,13200214181.917965,1.0,13200214177.098406,5.016198141964464e-05,0.0066468621424801,13200214181.916445
0.5,-1.2375,benchmark_bank_mass_only,0.03669371440189552,13063259529.744375,1.0,13063259523.304333,2.928165730199547e-05,0.0066843242878322,13063259529.742868
0.5,-1.225,benchmark_bank_mass_only,0.037278495915519246,12936815504.536606,1.0,12936815495.934797,1.02287293043198e-05,0.0067219387240609,12936815504.535099
0.5,-1.2125,benchmark_bank_mass_only,0.037886124052460037,12837370136.99378,1.0,12837370125.508015,-5.835551144700506e-06,0.0067597013081042,12837370136.992256
0.5,-1.2000000000000002,benchmark_bank_mass_only,0.0385425756673218,12825908490.944233,1.0,12825908475.519014,-1.7749932616382544e-05,0.0067976075362655,12825908490.94266
0.5,-1.1875,benchmark_bank_mass_only,0.03932257274361897,13116468699.735844,1.0,13116468678.578098,-2.469629199069056e-05,0.0068356526096512,13116468699.734133
0.5,-1.175,benchmark_bank_mass_only,0.04013272278462793,13553994276.83246,1.0,13553994247.537685,-2.722901938216988e-05,0.0068738314223463,13553994276.830595
0.5,-1.1625,benchmark_bank_mass_only,0.04086405209881672,13899177709.178942,1.0,13899177669.01073,-2.624563321401221e-05,0.0069121384664963,13899177709.176973
0.5,-1.15,benchmark_bank_mass_only,0.04151775675425413,14144503878.2595,1.0,14144503823.654095,-2.264365190940897e-05,0.0069505680257855,14144503878.257477
0.5,-1.1375000000000002,benchmark_bank_mass_only,0.04209570263801012,14284237425.263369,1.0,14284237351.743023,-1.732059389155192e-05,0.0069891140258592,14284237425.261343
0.5,-1.125,benchmark_bank_mass_only,0.0426004962341804,14317049482.534323,1.0,14317049384.380205,-1.117397758363222e-05,0.0070277700661733,14317049482.532343
0.5,-1.1125,benchmark_bank_mass_only,0.04303563379339283,14241342488.837818,1.0,14241342359.030504,-5.1013214088417e-06,0.0070665295365009,14241342488.835928
0.5,-1.1,benchmark_bank_mass_only,0.043532538320429144,14340014958.209532,1.0,14340014784.587698,-1.437903717652855e-10,0.0071053854583385,14340014958.207687
0.5,-1.0875000000000001,benchmark_bank_mass_only,0.044051111717209546,14484701662.551601,1.0,14484701430.014751,3.4309939449893475e-06,0.007144330628204,14484701662.54979
0.5,-1.075,benchmark_bank_mass_only,0.0445721129535057,14598664797.045338,1.0,14598664486.561369,5.289358856066609e-06,0.0071833575393385,14598664797.043556
0.5,-1.0625,benchmark_bank_mass_only,0.04509793889787012,14690267729.723335,1.0,14690267316.539518,5.87117509808824e-06,0.0072224583557421,14690267729.721582
0.5,-1.05,benchmark_bank_mass_only,0.045630933149971305,14766119082.46565,1.0,14766118533.711214,5.472666826282564e-06,0.0072616250606312,14766119082.46392
0.5,-1.0375,benchmark_bank_mass_only,0.046173344611893895,14834406168.619368,1.0,14834405441.448956,4.390058195877851e-06,0.0073008493166702,14834406168.617657
0.5,-1.0250000000000001,benchmark_bank_mass_only,0.046727291535507046,14903517668.885082,1.0,14903516706.155201,2.9195733621023844e-06,0.0073401224969955,14903517668.883375
0.5,-1.0125,benchmark_bank_mass_only,0.047294729314448274,14982240358.452019,1.0,14982239085.241186,1.3574364801844087e-06,0.0073794357180335,14982240358.450314
0.5,-1.0,benchmark_bank_mass_only,0.04787741714287181,15078724174.790487,1.0,15078722490.695698,-1.2829464773745755e-10,0.0074187798434868,15078724174.788776
0.5,-0.9875,benchmark_bank_mass_only,0.0484679655047337,15192725778.163897,1.0,15192723551.954683,-9.19496338333079e-07,0.0074581454883318,15192725778.162169
0.5,-0.9750000000000001,benchmark_bank_mass_only,0.049058013283892754,15319045939.78091,1.0,15319042997.88746,-1.4174411514797026e-06,0.0074975229287392,15319045939.779165
0.5,-0.9625000000000001,benchmark_bank_mass_only,0.04964693524156315,15455264983.405058,1.0,15455261100.393091,-1.573335765862969e-06,0.007536902259783,15455264983.403297
0.5,-0.95,benchmark_bank_mass_only,0.05023413037469681,15598682644.013676,1.0,15598677522.812048,-1.466553213258234e-06,0.0075762733068397,15598682644.0119
0.5,-0.9375,benchmark_bank_mass_only,0.050819051700272885,15746417438.660854,1.0,15746410695.503931,-1.176466525440862e-06,0.0076156255959233,15746417438.659065
0.5,-0.925,benchmark_bank_mass_only,0.05140120370377855,15895360376.870419,1.0,15895351509.49004,-7.824487341862133e-07,0.0076549484529809,15895360376.868614
0.5,-0.9125000000000001,benchmark_bank_mass_only,0.0519801529592413,16042955382.99995,1.0,16042943746.413254,-3.638728712696477e-07,0.0076942309111389,16042955382.998137
0.5,-0.8999999999999999,benchmark_bank_mass_only,0.0525555257797661,16187692049.207348,1.0,16187676803.9577,-1.1196846652004617e-10,0.0077334617790083,16187692049.205526
0.5,-0.8875,benchmark_bank_mass_only,0.05312924246281079,16331077715.716415,1.0,16331057785.703417,2.462344368222624e-07,0.007772629645818,16331077715.714582
0.5,-0.875,benchmark_bank_mass_only,0.05370340005284586,16476383665.684168,1.0,16476357650.143467,3.796607846936834e-07,0.0078117228186845,16476383665.682331
0.5,-0.8625,benchmark_bank_mass_only,0.05427810588260243,16626097460.535498,1.0,16626063565.730341,4.2143500961919013e-07,0.0078507293592626,16626097460.533655
0.5,-0.8500000000000001,benchmark_bank_mass_only,0.054853439035760454,16782093953.424183,1.0,16782049853.518335,3.9282504607022875e-07,0.0078896371574483,16782093953.422329
0.5,-0.8374999999999999,benchmark_bank_mass_only,0.05542945993571311,16945493730.121738,1.0,16945436457.658962,3.150988285182441e-07,0.0079284338691438,16945493730.119875
0.5,-0.825,benchmark_bank_mass_only,0.05600621161112733,17116549268.204182,1.0,17116474995.849766,2.0952429143468626e-07,0.0079671068856613,17116549268.202309
0.5,-0.8125,benchmark_bank_mass_only,0.05658372008508795,17294447635.55639,1.0,17294351508.198364,9.736936929100053e-08,0.0080056433729219,17294447635.5545
0.5,-0.8,benchmark_bank_mass_only,0.05716199386626508,17477318342.72516,1.0,17477194146.478706,-9.800344136616104e-11,0.0080440303491573,17477318342.72326
0.5,-0.7875000000000001,benchmark_bank_mass_only,0.057740459855951574,17661600146.9848,1.0,17661440070.297443,-6.610433541829171e-08,0.0080822545847942,17661600146.98289
0.5,-0.7749999999999999,benchmark_bank_mass_only,0.05831850216023018,17842393413.06372,1.0,17842187573.77466,-1.0185390780495277e-07,0.0081203026437126,17842393413.061794
0.5,-0.7625,benchmark_bank_mass_only,0.05889599373282045,18014106553.01633,1.0,18013842676.4207,-1.130454448938494e-07,0.008158160964079,18014106553.014404
0.5,-0.75,benchmark_bank_mass_only,0.05947279462529477,18170561534.570118,1.0,18170224296.889557,-1.0537767097748355e-07,0.0081958157562304,18170561534.56817
0.5,-0.7375,benchmark_bank_mass_only,0.060048751177676205,18305481697.860363,1.0,18305052325.45363,-8.45493103483565e-08,0.008233253046084,18305481697.858402
0.5,-0.7250000000000001,benchmark_bank_mass_only,0.060623694694524125,18412957144.62826,1.0,18412412531.36609,-5.6259087298969284e-08,0.0082704586446492,18412957144.62629
0.5,-0.7124999999999999,benchmark_bank_mass_only,0.06119744079647006,18488328690.75513,1.0,18487640902.070595,-2.6205726121822623e-08,0.0083074183469893,18488328690.753147
0.5,-0.7,benchmark_bank_mass_only,0.061769788652527705,18528727264.46949,1.0,18527862319.458405,-8.795110941883165e-11,0.0083441176755332,18528727264.467495
0.5,-0.6875,benchmark_bank_mass_only,0.06234066332021356,18542265840.356922,1.0,18541182528.28174,1.7599796610935566e-08,0.0083805420798407,18542265840.35491
0.5,-0.675,benchmark_bank_mass_only,0.06290997959296389,18537436381.900978,1.0,18536084140.708267,2.718020857271084e-08,0.0084166767911579,18537436381.898956
0.5,-0.6625000000000001,benchmark_bank_mass_only,0.06347750838586184,18519485315.426216,1.0,18517803041.435654,3.0180259474571705e-08,0.008452507028125,18519485315.424187
0.5,-0.6499999999999999,benchmark_bank_mass_only,0.06404300253884877,18488685820.379333,1.0,18486599492.88605,2.8126924015182864e-08,0.0084880178511304,18488685820.37729
0.5,-0.6375,benchmark_bank_mass_only,0.0646061975549593,18444586405.47513,1.0,18442007730.995872,2.2547176893209104e-08,0.0085231941711726,18444586405.47307
0.5,-0.625,benchmark_bank_mass_only,0.06516681148071604,18406398868.08656,1.0,18403218493.355408,1.496799280731518e-08,0.0085580209635463,18406398868.08449
0.5,-0.6125,benchmark_bank_mass_only,0.06572454622632232,18401615590.021378,1.0,18397696477.27217,6.9163464561658474e-09,0.008592482956203,18401615590.01929
0.5,-0.6000000000000001,benchmark_bank_mass_only,0.06627908763246894,18464200511.111362,1.0,18459365405.786304,-8.078746157416216e-11,0.0086265649256738,18464200511.10927
0.5,-0.5874999999999999,benchmark_bank_mass_only,0.06683007021215627,18644236207.830948,1.0,18638249250.164787,-4.819120702251011e-09,0.0086602515467665,18644236207.828846
0.5,-0.575,benchmark_bank_mass_only,0.06737711208660294,19045634362.954918,1.0,19038153371.189785,-7.385110842254066e-09,0.0086935274879229,19045634362.9528
0.5,-0.5625,benchmark_bank_mass_only,0.06791985065906328,19897391893.33964,1.0,19887857137.831196,-8.187901912983872e-09,0.0087263774258862,19897391893.337517
0.5,-0.55,benchmark_bank_mass_only,0.06845791189213896,21679937741.62153,1.0,21667295195.844467,-7.636637945840863e-09,0.0087587859323246,21679937741.619392
0.5,-0.5375000000000001,benchmark_bank_mass_only,0.06899091134174158,25382770944.21748,1.0,25364805723.08919,-6.140462972225481e-09,0.0087907377433908,25382770944.215332
0.5,-0.5249999999999999,benchmark_bank_mass_only,0.06951845642008223,33037147604.78055,1.0,33008838584.391365,-4.108521023538112e-09,0.0088222174328513,33037147604.77839
0.5,-0.5125,benchmark_bank_mass_only,0.0700401471859735,48901527445.45522,1.0,48850929476.17713,-1.94995613117928e-09,0.008853209770665,48901527445.453064
0.5,-0.5,benchmark_bank_mass_only,0.07055558037646578,82095982815.8211,1.0,81993670157.25706,-7.391232654938386e-11,0.0088836994800032,82095982815.81894
0.5,-2.1,any_recovery_bank_mass_lower_bound,0.04105968305623217,29327969489.050255,-1.0,29327969489.009197,0.0,0.0014439174778941,29327969489.009197
0.5,-2.0875,any_recovery_bank_mass_lower_bound,0.03287907482427997,25640652425.62436,-1.0,25640652425.591476,-2.12333012165588e-06,0.0017619434889266,25640652425.59148
0.5,-2.075,any_recovery_bank_mass_lower_bound,0.026169757631200472,22634307466.884323,-1.0,22634307466.858116,-1.537154848965202e-05,0.002059189493953,22634307466.858154
0.5,-2.0625,any_recovery_bank_mass_lower_bound,0.020699397205609534,20186301065.632465,-1.0,20186301065.611645,-4.661158504820989e-05,0.002336144915666,20186301065.61176
0.5,-2.0500000000000003,any_recovery_bank_mass_lower_bound,0.016987913763204472,18698173916.475204,-1.0,18698173916.45797,-9.852505645018189e-05,0.0025934477534419,18698173916.458218
0.5,-2.0375,any_recovery_bank_mass_lower_bound,0.013848173153303354,17410278372.211517,-1.0,17410278372.19724,-0.0001702406093196,0.0028318591037178,17410278372.19767
0.5,-2.025,any_recovery_bank_mass_lower_bound,0.011176652923137872,16246603053.073458,-1.0,16246603053.061628,-0.0002580671234533,0.0030522386303904,16246603053.06228
0.5,-2.0125,any_recovery_bank_mass_lower_bound,0.010052326582381537,16048906698.273125,-1.0,16048906698.26217,-0.00035628934572,0.003255520882932,16048906698.263073
0.5,-2.0,any_recovery_bank_mass_lower_bound,0.009218109267062277,15955328702.197681,-1.0,15955328702.187304,-0.00045799040334,0.0034426933716991,15955328702.188461
0.5,-1.9875,any_recovery_bank_mass_lower_bound,0.008404065954708165,15756604630.874453,-1.0,15756604630.86464,-0.0005558685231526,0.0036147761462072,15756604630.866045
0.5,-1.975,any_recovery_bank_mass_lower_bound,0.00784128998747677,15432921388.368593,-1.0,15432921388.359365,-0.0006430181614006,0.0037728039372008,15432921388.360994
0.5,-1.9625000000000001,any_recovery_bank_mass_lower_bound,0.008423489696488073,14984141555.99963,-1.0,14984141555.991014,-0.0007136486264885,0.0039178101283928,14984141555.992823
0.5,-1.9500000000000002,any_recovery_bank_mass_lower_bound,0.00887622123242451,14440232655.032766,-1.0,14440232655.02478,-0.0007637161550914,0.0040508130889895,14440232655.026718
0.5,-1.9375,any_recovery_bank_mass_lower_bound,0.009232882823158513,13859656464.3098,-0.3794012152325824,13859656464.302164,-0.0007914482799183,0.004172804823803,13859656464.304176
0.5,-1.925,any_recovery_bank_mass_lower_bound,0.009846610807200113,13488738847.974648,-0.14634540088800577,13488738847.966475,-0.0007977422053556,0.00428474175619,13488738847.968504
0.5,-1.9125,any_recovery_bank_mass_lower_bound,0.010738231541064994,13391884929.323668,-0.08154510041989066,13391884929.314598,-0.0007864217851426,0.0043875374585686,13391884929.316603
0.5,-1.9000000000000001,any_recovery_bank_mass_lower_bound,0.01222363111607761,13823784063.903402,-0.05044444642822126,13823784063.89281,-0.0007643405741519,0.0044820572721766,13823784063.894764
0.5,-1.8875000000000002,any_recovery_bank_mass_lower_bound,0.012959006658051882,13891027082.192314,-0.03651290998617095,13891027082.180939,-0.0007393483835611,0.0045691147303789,13891027082.182833
0.5,-1.875,any_recovery_bank_mass_lower_bound,0.013475509096842659,13835877134.598063,-0.028027877853513298,13835877134.586119,-0.000713296254046,0.0046494692947605,13835877134.58795
0.5,-1.8625,any_recovery_bank_mass_lower_bound,0.01397144457196846,13780748093.17703,-0.022151270560533388,13780748093.164541,-0.000686292438809,0.0047238254472616,13780748093.166307
0.5,-1.85,any_recovery_bank_mass_lower_bound,0.014455546791189905,13729665789.408684,-0.01785604554805381,13729665789.39565,-0.0006584451910525,0.0047928328396852,13729665789.39735
0.5,-1.8375000000000001,any_recovery_bank_mass_lower_bound,0.014936140505369015,13687089150.96228,-0.014588613992833342,13687089150.948711,-0.0006298627639788,0.0048570873222838,13687089150.950342
0.5,-1.8250000000000002,any_recovery_bank_mass_lower_bound,0.015421144974636463,13657855306.230074,-0.012053092660144081,13657855306.21596,-0.0006006534107904,0.0049171326563712,13657855306.21752
0.5,-1.8125,any_recovery_bank_mass_lower_bound,0.0159192732351731,13648028619.527779,-0.010061789866917775,13648028619.513105,-0.0005709253846895,0.0049734627907324,13648028619.514593
0.5,-1.8,any_recovery_bank_mass_lower_bound,0.016436693406775137,13662394053.786259,-0.008455507774556257,13662394053.771002,-0.0005407869388786,0.0050265245284284,13662394053.772419
0.5,-1.7875,any_recovery_bank_mass_lower_bound,0.016972697023218776,13700817868.327013,-0.007122870595783832,13700817868.31116,-0.000510343669976,0.0050767203798271,13700817868.312504
0.5,-1.7750000000000001,any_recovery_bank_mass_lower_bound,0.01751626076447936,13754871305.296906,-0.006009625557250165,13754871305.280445,-0.0004796905482643,0.0051244117204724,13754871305.281712
0.5,-1.7625000000000002,any_recovery_bank_mass_lower_bound,0.01804886956079736,13809181739.278828,-0.005078550621371416,13809181739.26177,-0.000448919887442,0.0051699217989007,13809181739.262962
0.5,-1.75,any_recovery_bank_mass_lower_bound,0.018552130770692295,13847050054.828957,-0.004287007780387263,13847050054.811329,-0.0004181240012075,0.0052135389638092,13847050054.812447
0.5,-1.7375,any_recovery_bank_mass_lower_bound,0.019008122507769686,13850839373.704805,-0.00359668398953689,13850839373.686657,-0.0003873952032594,0.0052555196382046,13850839373.687698
0.5,-1.725,any_recovery_bank_mass_lower_bound,0.019400110098163535,13802714779.647396,-0.0029716868484102555,13802714779.628792,-0.0003568258072962,0.0052960913376012,13802714779.629755
0.5,-1.7125000000000001,any_recovery_bank_mass_lower_bound,0.019713010567871687,13685250547.54132,-0.002382046463469282,13685250547.522339,-0.0003265081270163,0.00533545535247,13685250547.523222
0.5,-1.7000000000000002,any_recovery_bank_mass_lower_bound,0.01993339240505848,13481669513.074085,-0.0018031476904772207,13481669513.054815,-0.0002965344761184,0.0053737894713438,13481669513.055618
0.5,-1.6875,any_recovery_bank_mass_lower_bound,0.020059647675973208,13185056892.32802,-0.0012100696820922549,13185056892.30856,-0.0002669945429334,0.0054112503626199,13185056892.309282
0.5,-1.675,any_recovery_bank_mass_lower_bound,0.020107539401223885,12804722788.708805,-0.0005604797807549783,12804722788.689234,-0.0002379675143222,0.0054479758495852,12804722788.689873
0.5,-1.6625,any_recovery_bank_mass_lower_bound,0.020492514019002987,12719661706.170914,0.00024491988134251624,12719661706.150894,-0.0002095299517782,0.0054840870154828,12719661706.151442
0.5,-1.6500000000000001,any_recovery_bank_mass_lower_bound,0.020893158058919205,12653919953.161306,0.0012555933170040694,12653919953.140827,-0.0001817584167949,0.0055196900053148,12653919953.141275
0.5,-1.6375000000000002,any_recovery_bank_mass_lower_bound,0.021298763696944816,12597892593.200056,0.0025598626726289152,12597892593.179108,-0.0001547294708656,0.005554877818324,12597892593.179445
0.5,-1.625,any_recovery_bank_mass_lower_bound,0.021716809293488192,12558469118.567232,0.004294626267018264,12558469118.545807,-0.0001285196754838,0.0055897318133627,12558469118.546127
0.5,-1.6125,any_recovery_bank_mass_lower_bound,0.022140236330193165,12528965686.43878,0.0066216557192277405,12528965686.41687,-0.0001032055921429,0.0056243229995434,12528965686.417252
0.5,-1.6,any_recovery_bank_mass_lower_bound,0.022560862588322045,12500968113.409704,0.009803739738977411,12500968113.387316,-7.886378233623993e-05,0.0056587134439764,12500968113.3878
0.5,-1.5875,any_recovery_bank_mass_lower_bound,0.023015270831155444,12509934569.979801,0.014189426924185289,12509934569.956903,-5.5563663669264926e-05,0.005692957190719,12509934569.957544
0.5,-1.5750000000000002,any_recovery_bank_mass_lower_bound,0.023498421065173976,12585173752.201395,0.020357882782515935,12585173752.177958,-3.334607819553868e-05,0.0057271013019221,12585173752.178844
0.5,-1.5625,any_recovery_bank_mass_lower_bound,0.023994614178778254,12711944584.46645,0.028994791309321588,12711944584.442451,-1.224472408062703e-05,0.0057611867538811,12711944584.443705
0.5,-1.55,any_recovery_bank_mass_lower_bound,0.024499311949588164,12911530544.614042,0.04129394327239167,12911530544.589468,7.706700509901439e-06,0.0057952491021662,12911530544.591272
0.5,-1.5375,any_recovery_bank_mass_lower_bound,0.025007207287473552,13113908183.839046,0.05845458368145397,13113908183.81388,2.647449741047969e-05,0.0058293192210945,13113908183.816488
0.5,-1.525,any_recovery_bank_mass_lower_bound,0.025513233811121312,13303723446.840334,0.08244245753218862,13303723446.814535,4.402496845554056e-05,0.0058634238320173,13303723446.818298
0.5,-1.5125000000000002,any_recovery_bank_mass_lower_bound,0.026019828766452584,13478650352.022247,0.11565334292074998,13478650351.99574,6.032441547951576e-05,0.0058975860335578,13478650352.001162
0.5,-1.5,any_recovery_bank_mass_lower_bound,0.026581216687341615,13833268785.450144,0.16399134868137646,13833268785.4227,7.533914031683898e-05,0.0059318257296971,13833268785.430597
0.5,-1.4875,any_recovery_bank_mass_lower_bound,0.02710659971554027,14070192817.091663,0.22979604920410268,14070192817.062996,8.904781598473048e-05,0.0059661600997107,14070192817.074348
0.5,-1.475,any_recovery_bank_mass_lower_bound,0.027599301073940236,14184098996.193562,0.3189655736402461,14184098996.163092,0.0001014786002315,0.0060006037617128,14184098996.179241
0.5,-1.4625,any_recovery_bank_mass_lower_bound,0.028066316118990294,14198523390.14721,0.43850203139633986,14198523390.113827,0.0001126720219885,0.0060351692880842,14198523390.13655
0.5,-1.4500000000000002,any_recovery_bank_mass_lower_bound,0.028515038440751553,14138529351.111086,0.5993056230718715,14138529351.07268,0.0001226686101867,0.006069867244111,14138529351.104433
0.5,-1.4375,any_recovery_bank_mass_lower_bound,0.0289532578444962,14030554817.46858,0.8141225230238609,14030554817.421272,0.0001315088937573,0.0061047065532975,14030554817.465326
0.5,-1.425,any_recovery_bank_mass_lower_bound,0.029389153028975813,13900583894.270842,1.0,13900583894.20767,0.0001392334016316,0.0061396946956016,13900583894.26859
0.5,-1.4125,any_recovery_bank_mass_lower_bound,0.029831289086632008,13776321541.681728,1.0,13776321541.595552,0.0001458826627406,0.0061748377311122,13776321541.679539
0.5,-1.4,any_recovery_bank_mass_lower_bound,0.030288609207668214,13686231241.253325,1.0,13686231241.135307,0.0001514972060155,0.0062101406149584,13686231241.251188
0.5,-1.3875000000000002,any_recovery_bank_mass_lower_bound,0.030762652791445248,13646574196.670118,1.0,13646574196.50807,0.0001560486248965,0.0062456072210582,13646574196.66802
0.5,-1.375,any_recovery_bank_mass_lower_bound,0.031247472891838143,13649716056.17676,1.0,13649716055.95355,0.0001592327708595,0.0062812404962774,13649716056.1747
0.5,-1.3625,any_recovery_bank_mass_lower_bound,0.03173819581316428,13677904522.666601,1.0,13677904522.35921,0.0001606765598894,0.0063170424915454,13677904522.664577
0.5,-1.35,any_recovery_bank_mass_lower_bound,0.0322296895999827,13712667641.345085,1.0,13712667640.921848,0.0001600069079713,0.0063530145112222,13712667641.343102
0.5,-1.3375,any_recovery_bank_mass_lower_bound,0.03271658421363882,13734846107.772018,1.0,13734846107.191229,0.00015685073109,0.0063891571876771,13734846107.77008
0.5,-1.3250000000000002,any_recovery_bank_mass_lower_bound,0.03319329440258708,13724796552.574287,1.0,13724796551.779959,0.0001508349452304,0.0064254704542509,13724796552.572405
0.5,-1.3125,any_recovery_bank_mass_lower_bound,0.0336540513730344,13662435599.08378,1.0,13662435598.004337,0.0001415864663775,0.0064619537371116,13662435599.081974
0.5,-1.3,any_recovery_bank_mass_lower_bound,0.03409293909688817,13527108621.197681,1.0,13527108619.740326,0.0001287322105163,0.0064986058192089,13527108621.195961
0.5,-1.2875,any_recovery_bank_mass_lower_bound,0.03455749684105652,13393038832.784836,1.0,13393038830.822336,0.0001121548162056,0.0065354250671757,13393038832.783188
0.5,-1.275,any_recovery_bank_mass_lower_bound,0.035062428874932564,13268948680.741148,1.0,13268948678.099762,9.275981230013484e-05,0.0065724093279658,13268948680.739555
0.5,-1.2625000000000002,any_recovery_bank_mass_lower_bound,0.03558666610080774,13116934861.00443,1.0,13116934857.466118,7.170845022858552e-05,0.0066095560064819,13116934861.002878
0.5,-1.25,any_recovery_bank_mass_lower_bound,0.03613022519997966,12947767640.48956,1.0,12947767635.762144,5.016198141964464e-05,0.0066468621424801,12947767640.488039
0.5,-1.2375,any_recovery_bank_mass_lower_bound,0.03669371440189552,12774116651.689085,1.0,12774116645.391556,2.928165730199547e-05,0.0066843242878322,12774116651.687578
0.5,-1.225,any_recovery_bank_mass_lower_bound,0.037278495915519246,12662953183.86371,1.0,12662953175.443964,1.02287293043198e-05,0.0067219387240609,12662953183.862204
0.5,-1.2125,any_recovery_bank_mass_lower_bound,0.037886124052460037,12583628104.379162,1.0,12583628093.120392,-5.835551144700506e-06,0.0067597013081042,12583628104.377638
0.5,-1.2000000000000002,any_recovery_bank_mass_lower_bound,0.0385425756673218,12585671353.578653,1.0,12585671338.44233,-1.7749932616382544e-05,0.0067976075362655,12585671353.57708
0.5,-1.1875,any_recovery_bank_mass_lower_bound,0.03932257274361897,12869990087.326841,1.0,12869990066.56665,-2.469629199069056e-05,0.0068356526096512,12869990087.32513
0.5,-1.175,any_recovery_bank_mass_lower_bound,0.04013272278462793,13288395628.97308,1.0,13288395600.252316,-2.722901938216988e-05,0.0068738314223463,13288395628.971212
0.5,-1.1625,any_recovery_bank_mass_lower_bound,0.04086405209881672,13613143897.512634,1.0,13613143858.171011,-2.624563321401221e-05,0.0069121384664963,13613143897.510666
0.5,-1.15,any_recovery_bank_mass_lower_bound,0.04151775675425413,13847590085.821524,1.0,13847590032.362322,-2.264365190940897e-05,0.0069505680257855,13847590085.8195
0.5,-1.1375000000000002,any_recovery_bank_mass_lower_bound,0.04209570263801012,14000414141.551825,1.0,14000414069.492264,-1.732059389155192e-05,0.0069891140258592,14000414141.549797
0.5,-1.125,any_recovery_bank_mass_lower_bound,0.0426004962341804,14036835195.829884,1.0,14036835099.596807,-1.117397758363222e-05,0.0070277700661733,14036835195.827906
0.5,-1.1125,any_recovery_bank_mass_lower_bound,0.04303563379339283,13954941717.671701,1.0,13954941590.474842,-5.1013214088417e-06,0.0070665295365009,13954941717.669811
0.5,-1.1,any_recovery_bank_mass_lower_bound,0.043532538320429144,14068855333.506323,1.0,14068855163.16752,-1.437903717652855e-10,0.0071053854583385,14068855333.504477
0.5,-1.0875000000000001,any_recovery_bank_mass_lower_bound,0.044051111717209546,14232828565.495897,1.0,14232828337.002579,3.4309939449893475e-06,0.007144330628204,14232828565.494087
0.5,-1.075,any_recovery_bank_mass_lower_bound,0.0445721129535057,14358878017.25215,1.0,14358877711.867931,5.289358856066609e-06,0.0071833575393385,14358878017.250368
0.5,-1.0625,any_recovery_bank_mass_lower_bound,0.04509793889787012,14455865314.145191,1.0,14455864907.554234,5.87117509808824e-06,0.0072224583557421,14455865314.143438
0.5,-1.05,any_recovery_bank_mass_lower_bound,0.045630933149971305,14532717236.075954,1.0,14532716695.99542,5.472666826282564e-06,0.0072616250606312,14532717236.074223
0.5,-1.0375,any_recovery_bank_mass_lower_bound,0.046173344611893895,14598672516.799822,1.0,14598671801.184853,4.390058195877851e-06,0.0073008493166702,14598672516.798111
0.5,-1.0250000000000001,any_recovery_bank_mass_lower_bound,0.046727291535507046,14663077297.647137,1.0,14663076350.449074,2.9195733621023844e-06,0.0073401224969955,14663077297.64543
0.5,-1.0125,any_recovery_bank_mass_lower_bound,0.047294729314448274,14735322657.06665,1.0,14735321404.839188,1.3574364801844087e-06,0.0073794357180335,14735322657.064945
0.5,-1.0,any_recovery_bank_mass_lower_bound,0.04787741714287181,14824651917.063068,1.0,14824650261.344772,-1.2829464773745755e-10,0.0074187798434868,14824651917.061356
0.5,-0.9875,any_recovery_bank_mass_lower_bound,0.0484679655047337,14932319103.401075,1.0,14932316915.34955,-9.19496338333079e-07,0.0074581454883318,14932319103.399347
0.5,-0.9750000000000001,any_recovery_bank_mass_lower_bound,0.049058013283892754,15053724802.521166,1.0,15053721911.58037,-1.4174411514797026e-06,0.0074975229287392,15053724802.51942
0.5,-0.9625000000000001,any_recovery_bank_mass_lower_bound,0.04964693524156315,15186155906.693918,1.0,15186152091.29343,-1.573335765862969e-06,0.007536902259783,15186155906.69216
0.5,-0.95,any_recovery_bank_mass_lower_bound,0.05023413037469681,15326639519.353521,1.0,15326634487.466309,-1.466553213258234e-06,0.0075762733068397,15326639519.351746
0.5,-0.9375,any_recovery_bank_mass_lower_bound,0.050819051700272885,15472031202.202105,1.0,15472024576.54676,-1.176466525440862e-06,0.0076156255959233,15472031202.200312
0.5,-0.925,any_recovery_bank_mass_lower_bound,0.05140120370377855,15618971883.941929,1.0,15618963170.74751,-7.824487341862133e-07,0.0076549484529809,15618971883.940126
0.5,-0.9125000000000001,any_recovery_bank_mass_lower_bound,0.0519801529592413,15764657009.252249,1.0,15764645574.52628,-3.638728712696477e-07,0.0076942309111389,15764657009.250435
0.5,-0.8999999999999999,any_recovery_bank_mass_lower_bound,0.0525555257797661,15907317050.123981,1.0,15907302068.925959,-1.1196846652004617e-10,0.0077334617790083,15907317050.12216
0.5,-0.8875,any_recovery_bank_mass_lower_bound,0.05312924246281079,16048152561.13315,1.0,16048132976.394457,2.462344368222624e-07,0.007772629645818,16048152561.131319
0.5,-0.875,any_recovery_bank_mass_lower_bound,0.05370340005284586,16190281520.631086,1.0,16190255956.834023,3.796607846936834e-07,0.0078117228186845,16190281520.629251
0.5,-0.8625,any_recovery_bank_mass_lower_bound,0.05427810588260243,16336263435.309547,1.0,16336230131.374695,4.2143500961919013e-07,0.0078507293592626,16336263435.307705
0.5,-0.8500000000000001,any_recovery_bank_mass_lower_bound,0.054853439035760454,16488060870.863552,1.0,16488017543.616392,3.9282504607022875e-07,0.0078896371574483,16488060870.861696
0.5,-0.8374999999999999,any_recovery_bank_mass_lower_bound,0.05542945993571311,16646887268.560062,1.0,16646831005.328836,3.150988285182441e-07,0.0079284338691438,16646887268.5582
0.5,-0.825,any_recovery_bank_mass_lower_bound,0.05600621161112733,16813088362.290527,1.0,16813015406.71761,2.0952429143468626e-07,0.0079671068856613,16813088362.288654
0.5,-0.8125,any_recovery_bank_mass_lower_bound,0.05658372008508795,16985943867.133043,1.0,16985849454.52488,9.736936929100053e-08,0.0080056433729219,16985943867.131159
0.5,-0.8,any_recovery_bank_mass_lower_bound,0.05716199386626508,17163674523.35709,1.0,17163552555.907055,-9.800344136616104e-11,0.0080440303491573,17163674523.355192
0.5,-0.7875000000000001,any_recovery_bank_mass_lower_bound,0.057740459855951574,17342818197.19718,1.0,17342661009.80397,-6.610433541829171e-08,0.0080822545847942,17342818197.195274
0.5,-0.7749999999999999,any_recovery_bank_mass_lower_bound,0.05831850216023018,17518528522.34759,1.0,17518326419.335197,-1.0185390780495277e-07,0.0081203026437126,17518528522.34567
0.5,-0.7625,any_recovery_bank_mass_lower_bound,0.05889599373282045,17685209087.550858,1.0,17684950028.75413,-1.130454448938494e-07,0.008158160964079,17685209087.548927
0.5,-0.75,any_recovery_bank_mass_lower_bound,0.05947279462529477,17836676842.326157,1.0,17836345801.39952,-1.0537767097748355e-07,0.0081958157562304,17836676842.324203
0.5,-0.7375,any_recovery_bank_mass_lower_bound,0.060048751177676205,17966649866.31594,1.0,17966228441.53062,-8.45493103483565e-08,0.008233253046084,17966649866.31398
0.5,-0.7250000000000001,any_recovery_bank_mass_lower_bound,0.060623694694524125,18069212726.37255,1.0,18068678280.28596,-5.6259087298969284e-08,0.0082704586446492,18069212726.37058
0.5,-0.7124999999999999,any_recovery_bank_mass_lower_bound,0.06119744079647006,18139700357.048187,1.0,18139025537.76864,-2.6205726121822623e-08,0.0083074183469893,18139700357.046204
0.5,-0.7,any_recovery_bank_mass_lower_bound,0.061769788652527705,18175237441.437252,1.0,18174388997.789368,-8.795110941883165e-11,0.0083441176755332,18175237441.43526
0.5,-0.6875,any_recovery_bank_mass_lower_bound,0.06234066332021356,18176519635.323456,1.0,18175457691.57958,1.7599796610935566e-08,0.0083805420798407,18176519635.321445
0.5,-0.675,any_recovery_bank_mass_lower_bound,0.06290997959296389,18147052986.451653,1.0,18145729222.363144,2.718020857271084e-08,0.0084166767911579,18147052986.44963
0.5,-0.6625000000000001,any_recovery_bank_mass_lower_bound,0.06347750838586184,18093204675.840584,1.0,18091561124.35335,3.0180259474571705e-08,0.008452507028125,18093204675.838554
0.5,-0.6499999999999999,any_recovery_bank_mass_lower_bound,0.06404300253884877,18024203286.71038,1.0,18022169373.038647,2.8126924015182864e-08,0.0084880178511304,18024203286.708336
0.5,-0.6375,any_recovery_bank_mass_lower_bound,0.0646061975549593,17950354741.337666,1.0,17947845163.695286,2.2547176893209104e-08,0.0085231941711726,17950354741.335606
0.5,-0.625,any_recovery_bank_mass_lower_bound,0.06516681148071604,17883964429.124,1.0,17880874323.939823,1.496799280731518e-08,0.0085580209635463,17883964429.12193
0.5,-0.6125,any_recovery_bank_mass_lower_bound,0.06572454622632232,17836935144.001446,1.0,17833136294.949917,6.9163464561658474e-09,0.008592482956203,17836935143.999363
0.5,-0.6000000000000001,any_recovery_bank_mass_lower_bound,0.06627908763246894,17820872538.023796,1.0,17816205896.992943,-8.078746157416216e-11,0.0086265649256738,17820872538.021706
0.5,-0.5874999999999999,any_recovery_bank_mass_lower_bound,0.06683007021215627,17844311218.00545,1.0,17838581128.842514,-4.819120702251011e-09,0.0086602515467665,17844311218.003345
0.5,-0.575,any_recovery_bank_mass_lower_bound,0.06737711208660294,17915195996.815334,1.0,17908159033.321697,-7.385110842254066e-09,0.0086935274879229,17915195996.813217
0.5,-0.5625,any_recovery_bank_mass_lower_bound,0.06791985065906328,18057436020.253265,1.0,18048782964.69255,-8.187901912983872e-09,0.0087263774258862,18057436020.25114
0.5,-0.55,any_recovery_bank_mass_lower_bound,0.06845791189213896,18329614156.62751,1.0,18318925335.06262,-7.636637945840863e-09,0.0087587859323246,18329614156.625378
0.5,-0.5375000000000001,any_recovery_bank_mass_lower_bound,0.06899091134174158,18858865184.562885,1.0,18845517402.9504,-6.140462972225481e-09,0.0087907377433908,18858865184.56074
0.5,-0.5249999999999999,any_recovery_bank_mass_lower_bound,0.06951845642008223,19892556478.698612,1.0,19875510854.974873,-4.108521023538112e-09,0.0088222174328513,19892556478.696457
0.5,-0.5125,any_recovery_bank_mass_lower_bound,0.0700401471859735,21907656383.956512,1.0,21884988729.53682,-1.94995613117928e-09,0.008853209770665,21907656383.95435
0.5,-0.5,any_recovery_bank_mass_lower_bound,0.07055558037646578,25858653452.97984,1.0,25826426936.02933,-7.391232654938386e-11,0.0088836994800032,25858653452.97767
1.285,-2.1,inventory_only,0.10398176192529458,0.1232671013492402,-1.0,0.019285339423945617,0.0,-0.0036301572131476,0.019285339423945617
1.285,-2.0875,inventory_only,0.08827651272706442,0.10464389259264578,-1.0,0.016338256803042014,-1.1318976678877851e-05,-0.00326785637722,0.01636737986558135
1.285,-2.075,inventory_only,0.07569997267153067,0.08930845598995828,-1.0,0.01339785849405097,-8.179323519776927e-05,-0.0029149369936143,0.0136084833184276
1.285,-2.0625,inventory_only,0.06558314209501251,0.07646070970187865,-1.0,0.010239022536339553,-0.0002477136774044,-0.002573696165578,0.01087756760686615
1.285,-2.0500000000000003,inventory_only,0.059118426485997404,0.06793747867600192,-1.0,0.007468562125303717,-0.0005232604875699,-0.0022462827664043,0.008819052190004518
1.285,-2.0375,inventory_only,0.05340188196055246,0.06058617133896678,-1.0,0.004847562402694625,-0.0009041162471641,-0.0019346302908011,0.007184289378414325
1.285,-2.025,inventory_only,0.04810183893114227,0.054708978335790755,-1.0,0.0030569920102189877,-0.0013714431781087,-0.001640366562879,0.006607139404648489
1.285,-2.0125,inventory_only,0.04606675622185794,0.054088055285983296,-1.0,0.003104597163727857,-0.0018960479512525,-0.0013646927235897,0.008021299064125357
1.285,-2.0,inventory_only,0.0441129497987407,0.05363724573886159,-1.0,0.0031783414054552916,-0.0024425790487259,-0.0011082217157651,0.009524295940120891
1.285,-1.9875,inventory_only,0.04154621584779316,0.052524063747370814,-1.0,0.00323639496772855,-0.0029736232207449,-0.0008707686592974,0.010977847899577649
1.285,-1.975,inventory_only,0.03839522677613877,0.05066547055479431,-1.0,0.0032595870167805375,-0.0034535891293476,-0.0006510875390876,0.012270243778655538
1.285,-1.9625000000000001,inventory_only,0.0354147881230345,0.04809453017501329,-1.0,0.0032465639413862303,-0.0038522878234584,-0.0004465584559641,0.013320777970044429
1.285,-1.9500000000000002,inventory_only,0.032848028279858714,0.045995323147305124,-1.0,0.004215948407032038,-0.0041481412415869,-0.0002528455903729,0.015090370077052937
1.285,-1.9375,inventory_only,0.0301016650965828,0.044264258734259654,-1.0,0.005780252179788612,-0.0043309714903838,-6.357375090323061e-05,0.017163005979954314
1.285,-1.925,inventory_only,0.0284656247314183,0.04347750340207734,-0.8303892795070927,0.007480157260290869,-0.004404345199185,0.000129887932675,0.019086545093314367
1.285,-1.9125,inventory_only,0.028340926797959527,0.04422026973896515,-0.5767434316563791,0.00909361940858669,-0.0043874688025915,0.0003383976968015,0.02068732503038259
1.285,-1.9000000000000001,inventory_only,0.031155915146617166,0.04792906472836135,-0.36827818262336875,0.0105962867569513,-0.0043166521550422,0.0005745835286728,0.022035080403976497
1.285,-1.8875000000000002,inventory_only,0.03196639125176497,0.04919848603437919,-0.2815488458128244,0.011319402289210238,-0.0042347366292883,0.0008517555788131,0.022573680744728042
1.285,-1.875,inventory_only,0.03196777314808822,0.04964500325945145,-0.22861877789848467,0.011925397804428367,-0.0041504879517306,0.0011820463578293,0.022989469772907466
1.285,-1.8625,inventory_only,0.031859383081882374,0.050031997852672455,-0.18936643523224414,0.012535998611781847,-0.0040626079477076,0.0015738147576507,0.02340169333338735
1.285,-1.85,inventory_only,0.03167186322519608,0.05037835790726357,-0.15925665534018685,0.01315539288285901,-0.0039697984425579,0.002028668976334,0.023812060133453612
1.285,-1.8375000000000001,inventory_only,0.03144066926123435,0.05071501088294993,-0.13575549528749714,0.013788761120920867,-0.0038707612616199,0.002538857590862,0.024223271212063868
1.285,-1.8250000000000002,inventory_only,0.03120677894753871,0.05108250235504787,-0.11731735094656147,0.01444240087511178,-0.0037641982302322,0.0030860698879337,0.024639144654059378
1.285,-1.8125,inventory_only,0.031020399467307964,0.051534048274725776,-0.10288745150339886,0.0151246173118513,-0.0036488111737334,0.0036426156074265,0.0250655061615574
1.285,-1.8,inventory_only,0.03092518003867982,0.05211641080886298,-0.09168595095747949,0.015843089280976226,-0.003523301917462,0.0041753409574214,0.02550755512009103
1.285,-1.7875,inventory_only,0.030836958205037943,0.05274420538128015,-0.08276601445315007,0.016599156179261332,-0.0033877467241073,0.0048501710525953,0.02596689362173513
1.285,-1.7750000000000001,inventory_only,0.030789393538369993,0.05344337312451073,-0.07667811159404828,0.01737914008058006,-0.0032477196057615,0.005516677166665,0.026441075074074557
1.285,-1.7625000000000002,inventory_only,0.030838899838858916,0.05425206286412935,-0.07312235483529597,0.018161656262161978,-0.0031101690118677,0.0059057277061128,0.026922688247652978
1.285,-1.75,inventory_only,0.03089553188401409,0.055094125773911116,-0.07114552385534115,0.01895759958274719,-0.0029820433918688,0.0060340959966296,0.02743660149452439
1.285,-1.7375,inventory_only,0.03084801638382082,0.0557776591295887,-0.07001122783417446,0.01968228636541968,-0.002870291195208,0.0059623815426947,0.02791210463108708
1.285,-1.725,inventory_only,0.03057452707663642,0.05613540337172664,-0.06922629438290923,0.020285126566603806,-0.0027818608713282,0.0057777349610289,0.028312581107079706
1.285,-1.7125000000000001,inventory_only,0.02995597420020933,0.0560070700007972,-0.06854672019540047,0.020718765835771136,-0.0027237008696724,0.0055747506124269,0.028604650065287437
1.285,-1.7000000000000002,inventory_only,0.0288848964342361,0.055248841932205056,-0.06797556112155169,0.02093983407712746,-0.0027027596396836,0.0054399825702612,0.028758914903230664
1.285,-1.6875,inventory_only,0.027322034161111963,0.05382047411165232,-0.06766789707982374,0.020944273499290227,-0.0027214592177586,0.0054427012682864,0.028776222395934123
1.285,-1.675,inventory_only,0.02538071732963235,0.05188954397160204,-0.06797848034922334,0.020800988557392402,-0.0027641159881082,0.0055325400588764,0.0286941058573125
1.285,-1.6625,inventory_only,0.02540604453715787,0.05238059204951844,-0.06645355863975304,0.021113493890196514,-0.0028105199218972,0.005484841465358,0.029075639858003113
1.285,-1.6500000000000001,inventory_only,0.025532449495568158,0.05298107117278149,-0.06459298233982859,0.02145382672031049,-0.0028404609902902,0.0054507287510633,0.02945242155248919
1.285,-1.6375000000000002,inventory_only,0.02569829445759309,0.0536070739318627,-0.062445670069179046,0.021820098154744654,-0.0028337291644519,0.0054310979484421,0.029782121979655855
1.285,-1.625,inventory_only,0.025946765816186858,0.05430894416702973,-0.0599702135234807,0.022239962995469563,-0.0027701144155468,0.0054252404517857,0.030051955873348562
1.285,-1.6125,inventory_only,0.026236055202631753,0.055029897554518634,-0.05722764749367707,0.0227188370310946,-0.0026294067147397,0.005431577944147,0.030226916434330595
1.285,-1.6,inventory_only,0.026517457283571574,0.05570920601552841,-0.05429120231450556,0.02326510022359779,-0.0023913960331951,0.0054481779035898,0.03032823970879886
1.285,-1.5875,inventory_only,0.02701831958450855,0.056654815484414936,-0.05104996947708877,0.02397155814475206,-0.0020443670489227,0.0054730799361273,0.030506172927403572
1.285,-1.5750000000000002,inventory_only,0.02770510837709065,0.05786659278274448,-0.047675592011233656,0.024849821476717108,-0.0016105832673117,0.0055044789175603,0.030821959066434597
1.285,-1.5625,inventory_only,0.028473329964847693,0.0593056878641568,-0.04437780769968759,0.025935317242861175,-0.0011208029005963,0.0055408103194175,0.031339611830387956
1.285,-1.55,inventory_only,0.029291474381943097,0.06085076832855873,-0.041261873466898046,0.02710815137173547,-0.0006057841610107,0.0055807742676573,0.03195689934627087
1.285,-1.5375,inventory_only,0.030122611550715873,0.062433784426647695,-0.0383963634570371,0.028307191347116786,-9.628526078907674e-05,0.0056233246243837,0.032630621146374314
1.285,-1.525,inventory_only,0.030931346072131088,0.06399310021718786,-0.03581832986766252,0.02947622841423832,0.0003769355878344,0.0056676410289618,0.033325417520477095
1.285,-1.5125000000000002,inventory_only,0.03173450999522082,0.06553199546727416,-0.03352291531896747,0.030571788797599746,0.0007831201726255,0.0057130944769523,0.03402145709265573
1.285,-1.5,inventory_only,0.03291681883232173,0.06762061926116576,-0.031364558303322146,0.031749512115749653,0.0010915102813501,0.0057592129669863,0.034900155650229796
1.285,-1.4875,inventory_only,0.03379970967963977,0.06922473193768655,-0.02957261248420583,0.03263239635213024,0.0012803261337769,0.0058056500500577,0.035602677299715224
1.285,-1.475,inventory_only,0.03440544249657541,0.07036525420852692,-0.028077180344349938,0.03323329493707,0.0013637016776866,0.0058521577770163,0.036124763673401
1.285,-1.4625,inventory_only,0.034793819130425487,0.07112262194356037,-0.026802311262796287,0.03359584223826139,0.0013647492928627,0.0058985643791469,0.03648504950903274
1.285,-1.4500000000000002,inventory_only,0.035027052874518086,0.0715963252321334,-0.025687898351060185,0.03378029485228045,0.0013065813590888,0.0059447559507907,0.036719493437500084
1.285,-1.4375,inventory_only,0.03516968521736763,0.07190313462898915,-0.024684310574928488,0.03386184739855206,0.0012123102561485,0.0059906621939961,0.03687933366324796
1.285,-1.425,inventory_only,0.03528851498306846,0.07213381865715664,-0.02374916358611848,0.033887424807597884,0.0011050483638254,0.0060362451315063,0.03698768371285216
1.285,-1.4125,inventory_only,0.0354525156998379,0.0724054425350359,-0.022845606398436146,0.03392806607213419,0.001007908061903,0.006081490453657,0.03709180958249669
1.285,-1.4,inventory_only,0.035732758537397255,0.07283938702216948,-0.021941743536376276,0.03405702153670327,0.0009440017301649,0.0061264008529887,0.03724119267873587
1.285,-1.3875000000000002,inventory_only,0.03617593942600014,0.07347639779744843,-0.021023407327960614,0.03428495642364827,0.0009294249954532,0.00617099098262,0.03742942079927997
1.285,-1.375,inventory_only,0.03676397437492604,0.0742535397278112,-0.02010365878100126,0.034558371738734175,0.0009522064728438,0.0062152838300237,0.0376125520572838
1.285,-1.3625,inventory_only,0.037451242480575186,0.07509568065757823,-0.019205467476590396,0.03483278959554347,0.0009933580244711,0.0062593077620396,0.0377622299559646
1.285,-1.35,inventory_only,0.03819061026953821,0.07592063156229681,-0.018347784053391925,0.035058190494201426,0.0010338915124695,0.0063030946138591,0.0378444372936877
1.285,-1.3375,inventory_only,0.03893351159059595,0.07663888281086197,-0.017545701399835915,0.03517867169837275,0.0010548187989734,0.0063466781002808,0.0378192379938577
1.285,-1.3250000000000002,inventory_only,0.039630036134101695,0.07715798831308365,-0.016810969937232297,0.03513674577962359,0.0010371517461171,0.0063900928728854,0.03764527634200564
1.285,-1.3125,inventory_only,0.040229025271312766,0.07738273992544739,-0.016152734233437147,0.03487342293918056,0.0009619022160351,0.0064333737401366,0.03728023247108169
1.285,-1.3,inventory_only,0.04067818056349411,0.07721018100038977,-0.015578391594130622,0.03432312064142553,0.0008100820708618,0.0064765552369965,0.03667648045406792
1.285,-1.2875,inventory_only,0.041257749917903326,0.07725847007259586,-0.01504538272352721,0.03381411403014243,0.0005705308149764,0.0065196712786673,0.03617703832464275
1.285,-1.275,inventory_only,0.04193704911921226,0.07767805428054718,-0.014549430831247996,0.0335388513200814,0.0002633985217379,0.0065627551556206,0.035969042125373156
1.285,-1.2625000000000002,inventory_only,0.04250560744500079,0.07816738598306097,-0.014105222354358142,0.03342277208956795,-8.333709324983982e-05,0.0066058393886439,0.0359725917373341
1.285,-1.25,inventory_only,0.042962344248665775,0.07875116728179596,-0.013701537661219523,0.03350814572844786,-0.0004416983143832,0.0066489558885562,0.03623843437139428
1.285,-1.2375,inventory_only,0.04331364039505424,0.07947642727817496,-0.013327825404903007,0.03385207372650109,-0.0007837074260583,0.0066921360180911,0.03687446351085972
1.285,-1.225,inventory_only,0.043575388061032755,0.08038489276632008,-0.012973752045080817,0.034496833315499,-0.0010813867126713,0.0067354107746252,0.0380072708803688
1.285,-1.2125,inventory_only,0.04376791024779955,0.08154507981619187,-0.01262967663575931,0.03550708277131911,-0.0013067584586184,0.0067788110041918,0.03938508968927591
1.285,-1.2000000000000002,inventory_only,0.04416087929153888,0.08340753095863174,-0.012261250252975737,0.037080230569584864,-0.0014318449482959,0.0068223675200959,0.041103186169977365
1.285,-1.1875,inventory_only,0.045803439184437515,0.08742246984148595,-0.011765832814271581,0.039628189904919404,-0.0014374819506712,0.0068661113506294,0.043533355300133705
1.285,-1.175,inventory_only,0.04798698215528013,0.09217377011514707,-0.011229781826610118,0.0424309162881136,-0.0013397591729965,0.006910073690091,0.045993427867721405
1.285,-1.1625,inventory_only,0.049579379879834615,0.09579370905924199,-0.010763686783089938,0.0447343609443443,-0.0011635798070955,0.0069542859593441,0.047786728748639894
1.285,-1.15,inventory_only,0.05062412893405262,0.0982903071996776,-0.010361524849503843,0.046484516973326305,-0.0009338470447916,0.0069987794819144,0.04891662469332711
1.285,-1.1375000000000002,inventory_only,0.05116500691322086,0.09967994816374527,-0.010018074818850739,0.04763532987855565,-0.0006754640779086,0.0070435848397224,0.04939443485600175
1.285,-1.125,inventory_only,0.05124625918765774,0.09999661991800372,-0.009728891776152174,0.04815774790088676,-0.0004133340982699,0.0070887309272375,0.049248481128240866
1.285,-1.1125,inventory_only,0.050913757872369556,0.09927903840580332,-0.009490205128564569,0.04802569866203012,-0.000172360297699,0.0071342431823312,0.04851006478247764
1.285,-1.1,inventory_only,0.051601642272499484,0.09987685091188,-0.009206468769217884,0.04813568424365544,2.2554131980299425e-05,0.007180140993721,0.04827712526002058
1.285,-1.0875000000000001,inventory_only,0.05260435650070557,0.10088965109278741,-0.008929179045430105,0.04827882671770298,0.0001525309488728,0.0072264340108805,0.048289819602353456
1.285,-1.075,inventory_only,0.05347052026661846,0.1018192425207256,-0.008685575688424057,0.04841456857057482,0.0002227917107957,0.0072731170202535,0.04836169721058471
1.285,-1.0625,inventory_only,0.054225277163035754,0.10271623125100546,-0.008470388753059103,0.0485797753372388,0.0002445829254946,0.0073201632700646,0.04850721150296163
1.285,-1.05,inventory_only,0.05489432846534511,0.10362507582020732,-0.00827898226076803,0.04880465773323565,0.0002291511007147,0.007367516416067,0.048744897008688066
1.285,-1.0375,inventory_only,0.05550416538501585,0.1045952913800881,-0.008107106556357341,0.04912371088731043,0.0001877427442016,0.007415081391486,0.04909989532333405
1.285,-1.0250000000000001,inventory_only,0.0560826767162914,0.10567779850345738,-0.007950636454660733,0.049571433513233884,0.0001316043637007,0.0074627160075412,0.04959817398723327
1.285,-1.0125,inventory_only,0.05665756511688721,0.10692337406546353,-0.007805666582917888,0.050182349913324105,7.198246695745534e-05,0.0075102259889871,0.050265869974568854
1.285,-1.0,inventory_only,0.05725338003101311,0.10837497533938636,-0.007668788043991731,0.05098629686513433,2.0123561717250578e-05,0.0075573684673598,0.05112331219279507
1.285,-0.9875,inventory_only,0.05785370336301982,0.10992549165401043,-0.007542028901404474,0.0519015777326889,-1.5102286096071217e-05,0.0076791603711186,0.052078350455205924
1.285,-0.9750000000000001,inventory_only,0.05844779174961554,0.11147183800101049,-0.007670093239639301,0.052835163828067855,-3.4330777845242886e-05,0.0079399445231694,0.053035126226181874
1.285,-0.9625000000000001,inventory_only,0.05923982718963971,0.11322011828245528,-0.007914614807286547,0.05378590997636296,-4.057405671463213e-05,0.0079547327980722,0.05399310813003394
1.285,-0.95,inventory_only,0.060164334028284895,0.11509556110923314,-0.008013480564924775,0.054741478733385064,-3.684426588860652e-05,0.0078281298275263,0.054942736880483005
1.285,-0.9375,inventory_only,0.06115081994173181,0.11701345080731489,-0.007843825765858993,0.05568458999964498,-2.615354855153391e-05,0.007655333605959,0.055871130605372736
1.285,-0.925,inventory_only,0.0621205955687262,0.11887330959057443,-0.0074035805269125924,0.05659038059751449,-1.1514047887782071e-05,0.0075163156589478,0.056758051357493726
1.285,-0.9125000000000001,inventory_only,0.06300549503488982,0.12058692543749568,-0.006782496555812,0.05743572267455776,4.062092918281328e-06,0.007468866877035,0.05758436267614272
1.285,-0.8999999999999999,inventory_only,0.06376981254380296,0.1221102207263066,-0.006124584341340584,0.05820916850519824,1.756273068228876e-05,0.0075425626181253,0.058341906056420846
1.285,-0.8875,inventory_only,0.06440615052850837,0.1234648668719811,-0.005588612776651413,0.05893736973336523,2.661240135244245e-05,0.0077361120025729,0.05905953442542213
1.285,-0.875,inventory_only,0.06495844222122633,0.12473932275096133,-0.005307421641969794,0.05966502901157283,3.1382357407227354e-05,0.008010997012371,0.05978141254799843
1.285,-0.8625,inventory_only,0.06560839456478722,0.12613533875663682,-0.005197958716474662,0.06041301546468716,3.268053045769881e-05,0.0080613135022602,0.06052738741956753
1.285,-0.8500000000000001,inventory_only,0.06625665212199607,0.1275625981923057,-0.005092137497130901,0.06119119079054574,3.1314852114912084e-05,0.0081024971875581,0.061306419521338924
1.285,-0.8374999999999999,inventory_only,0.0669019371982984,0.12902374025779614,-0.00498878405865135,0.0620042906746117,2.809325398992239e-05,0.0081435533405212,0.06212239815384137
1.285,-0.825,inventory_only,0.06754620744306225,0.13052090028403435,-0.00488754327647609,0.06285331131369237,2.3823667693785127e-05,0.0081844666376909,0.06297548728646217
1.285,-0.8125,inventory_only,0.06819114194037651,0.13205185016192877,-0.004788115653417733,0.06373516372418489,1.9314024837555567e-05,0.0082252213707514,0.06386175328711857
1.285,-0.8,inventory_only,0.06883871887908906,0.13361080276035583,-0.004690211964864826,0.06464290047922591,1.5372257032289002e-05,0.0082658015646392,0.06477337679544964
1.285,-0.7875000000000001,inventory_only,0.06949041523511042,0.13517954820888015,-0.004593598586567431,0.06555747974414353,1.2635518733213107e-05,0.0083061910615164,0.0656906033037559
1.285,-0.7749999999999999,inventory_only,0.07014617991672698,0.13673409378900403,-0.004498126839411805,0.06645491442665964,1.1057855772245128e-05,0.0083463735678738,0.06658947382502363
1.285,-0.7625,inventory_only,0.07080537967068906,0.13825309247759607,-0.004403694637744,0.06731427277673514,1.0422536825474758e-05,0.0083863326614512,0.06744928304324392
1.285,-0.75,inventory_only,0.07146736857544257,0.13971278090932104,-0.00431021594830212,0.06811221945528394,1.0512830568991605e-05,0.0084260517942622,0.06824693079781463
1.285,-0.7375,inventory_only,0.07213146849017345,0.14108876319280622,-0.004217620916001568,0.06882481888966242,1.1112005678885298e-05,0.008465514528607,0.06895872065241433
1.285,-0.7250000000000001,inventory_only,0.07279695933918416,0.14235776285425578,-0.004125855170307388,0.06942929692451887,1.2003330831245493e-05,0.0085047042616411,0.06956211779335368
1.285,-0.7124999999999999,inventory_only,0.07346308598528624,0.14350099995134433,-0.004034877981224053,0.06990741105686599,1.2970074702161831e-05,0.0085436045341355,0.07003911685966942
1.285,-0.7,inventory_only,0.07412906396606851,0.14450632338722932,-0.003944660572193402,0.070247577011037,1.3795505967723925e-05,0.0085821989031231,0.07037836752778662
1.285,-0.6875,inventory_only,0.07479421933425247,0.14540481585401943,-0.0038551796341485993,0.07048138045032193,1.4308533760806076e-05,0.0086204711714497,0.0706116367475128
1.285,-0.675,inventory_only,0.07545822318686894,0.14622950173598712,-0.003766411787948334,0.07064219015418302,1.4520629041421187e-05,0.0086584050440538,0.07077227449583315
1.285,-0.6625000000000001,inventory_only,0.07612085854227682,0.14699989225774657,-0.00367833856810052,0.07074979642038275,1.4488903226366824e-05,0.0086959844709965,0.07088000347544245
1.285,-0.6499999999999999,inventory_only,0.07678188251307363,0.1477166969821076,-0.003590950328033278,0.07080521377447438,1.4270467732440548e-05,0.0087331936661999,0.07093577145994377
1.285,-0.6375,inventory_only,0.07744102824447334,0.14837788314477182,-0.003504244742246413,0.07080673836582788,1.3922433976439925e-05,0.0087700168249754,0.07093780833820358
1.285,-0.625,inventory_only,0.07809800783265373,0.14905706156297271,-0.0034182253864126965,0.07082833095779634,1.3501913375162525e-05,0.0088064383795669,0.07096000885015816
1.285,-0.6125,inventory_only,0.07875251401235922,0.14986055232290807,-0.0033329004394825994,0.07097668092758871,1.3066017345405904e-05,0.0088424430049513,0.07110899642391881
1.285,-0.6000000000000001,inventory_only,0.07940422367582603,0.15092063895736887,-0.0032482814393873034,0.07138445692518466,1.267185730396762e-05,0.0088780154909896,0.07151737376145818
1.285,-0.5874999999999999,inventory_only,0.08005276158127715,0.15243285175887258,-0.003164383272719131,0.07224761397756618,1.2364277129630585e-05,0.0089131408249063,0.07238104327600824
1.285,-0.575,inventory_only,0.08069764130935597,0.15480352979090467,-0.0030812239901375823,0.07397297704815586,1.2139050549119009e-05,0.0089478041433908,0.07410683065041462
1.285,-0.5625,inventory_only,0.0813383292535007,0.15892998166351982,-0.002998822651694829,0.07745837533582313,1.1979683751142434e-05,0.008981990770005,0.0775925791567486
1.285,-0.55,inventory_only,0.08197428590698311,0.1666987081269407,-0.0029171974496508234,0.08459083608376385,1.1869682924410406e-05,0.0090156861189796,0.08472533011479098
1.285,-0.5375000000000001,inventory_only,0.08260496626965905,0.18200439171252972,-0.00283636517224165,0.0992655738136205,1.1792554257632478e-05,0.0090488758657068,0.09940031210226041
1.285,-0.5249999999999999,inventory_only,0.08322982326992759,0.21286157663526228,-0.0027563406715770456,0.1294976668059023,1.1731803939518176e-05,0.0090815457607437,0.12963261741734647
1.285,-0.5125,inventory_only,0.08384830784324748,0.27611175669857607,-0.0026771365236219363,0.19212914492622626,1.1670938158777067e-05,0.0091136816656485,0.1922642898929414
1.285,-0.5,inventory_only,0.08445987194742063,0.40790668986226236,-0.002598762655494537,0.3233123011778533,1.159346310411868e-05,0.0091452696838048,0.32344763644261365
1.285,-2.1,isotropic_wall_bound,0.10398176192529458,0.13451688267987513,-1.0,0.030535120754580564,0.0,-0.0036301572131476,0.030535120754580564
1.285,-2.0875,isotropic_wall_bound,0.08827651272706442,0.11442340474790566,-1.0,0.026117768958301882,-1.1318976678877851e-05,-0.00326785637722,0.02614689202084122
1.285,-2.075,isotropic_wall_bound,0.07569997267153067,0.09801363073607434,-1.0,0.022103033240167057,-8.179323519776927e-05,-0.0029149369936143,0.022313658064543683
1.285,-2.0625,isotropic_wall_bound,0.06558314209501251,0.08419937945051773,-1.0,0.017977692284978617,-0.0002477136774044,-0.002573696165578,0.018616237355505216
1.285,-2.0500000000000003,isotropic_wall_bound,0.059118426485997404,0.07509045949840472,-1.0,0.014621542947706515,-0.0005232604875699,-0.0022462827664043,0.015972033012407315
1.285,-2.0375,isotropic_wall_bound,0.05340188196055246,0.06720704418328946,-1.0,0.0114684352470173,-0.0009041162471641,-0.0019346302908011,0.013805162222736998
1.285,-2.025,isotropic_wall_bound,0.04810183893114227,0.06101085177063637,-1.0,0.009358865445064597,-0.0013714431781087,-0.001640366562879,0.012909012839494097
1.285,-2.0125,isotropic_wall_bound,0.04606675622185794,0.06071726523323282,-1.0,0.009733807110977384,-0.0018960479512525,-0.0013646927235897,0.014650509011374884
1.285,-2.0,isotropic_wall_bound,0.0441129497987407,0.06047944550282322,-1.0,0.010020541169416915,-0.0024425790487259,-0.0011082217157651,0.016366495704082516
1.285,-1.9875,isotropic_wall_bound,0.04154621584779316,0.05940765997218175,-1.0,0.010119991192539491,-0.0029736232207449,-0.0008707686592974,0.01786144412438859
1.285,-1.975,isotropic_wall_bound,0.03839522677613877,0.057413381249780605,-1.0,0.010007497711766828,-0.0034535891293476,-0.0006510875390876,0.01901815447364183
1.285,-1.9625000000000001,isotropic_wall_bound,0.0354147881230345,0.05454703575427744,-1.0,0.009699069520650376,-0.0038522878234584,-0.0004465584559641,0.019773283549308577
1.285,-1.9500000000000002,isotropic_wall_bound,0.032848028279858714,0.052369494644255214,-1.0,0.010590119903982129,-0.0041481412415869,-0.0002528455903729,0.02146454157400303
1.285,-1.9375,isotropic_wall_bound,0.0301016650965828,0.05070634521391014,-1.0,0.0122223386594391,-0.0043309714903838,-6.357375090323061e-05,0.0236050924596048
1.285,-1.925,isotropic_wall_bound,0.0284656247314183,0.050099422107643184,-0.8303892795070927,0.014102075965856716,-0.004404345199185,0.000129887932675,0.025708463798880213
1.285,-1.9125,isotropic_wall_bound,0.028340926797959527,0.051158283218980714,-0.5767434316563791,0.01603163288860225,-0.0043874688025915,0.0003383976968015,0.02762533851039815
1.285,-1.9000000000000001,isotropic_wall_bound,0.031155915146617166,0.05542354715312585,-0.36827818262336875,0.01809076918171581,-0.0043166521550422,0.0005745835286728,0.02952956282874101
1.285,-1.8875000000000002,isotropic_wall_bound,0.03196639125176497,0.057001783892834994,-0.2815488458128244,0.019122700147666045,-0.0042347366292883,0.0008517555788131,0.030376978603183842
1.285,-1.875,isotropic_wall_bound,0.03196777314808822,0.05769024223987206,-0.22861877789848467,0.019970636784848974,-0.0041504879517306,0.0011820463578293,0.031034708753328075
1.285,-1.8625,isotropic_wall_bound,0.031859383081882374,0.058322959461189185,-0.18936643523224414,0.02082696022029858,-0.0040626079477076,0.0015738147576507,0.03169265494190408
1.285,-1.85,isotropic_wall_bound,0.03167186322519608,0.058920946207052516,-0.15925665534018685,0.02169798118264795,-0.0039697984425579,0.002028668976334,0.03235464843324255
1.285,-1.8375000000000001,isotropic_wall_bound,0.03144066926123435,0.05951782751099264,-0.13575549528749714,0.02259157774896357,-0.0038707612616199,0.002538857590862,0.03302608784010657
1.285,-1.8250000000000002,isotropic_wall_bound,0.03120677894753871,0.06015752447629304,-0.11731735094656147,0.023517422996356948,-0.0037641982302322,0.0030860698879337,0.03371416677530455
1.285,-1.8125,isotropic_wall_bound,0.031020399467307964,0.06089845292474815,-0.10288745150339886,0.02448902196187368,-0.0036488111737334,0.0036426156074265,0.034429910811579784
1.285,-1.8,isotropic_wall_bound,0.03092518003867982,0.06179858869245909,-0.09168595095747949,0.025525267164572336,-0.003523301917462,0.0041753409574214,0.035189733003687135
1.285,-1.7875,isotropic_wall_bound,0.030836958205037943,0.06278984787406947,-0.08276601445315007,0.026644798672050635,-0.0033877467241073,0.0048501710525953,0.036012536114524436
1.285,-1.7750000000000001,isotropic_wall_bound,0.030789393538369993,0.06386604892981604,-0.07667811159404828,0.027801815885885352,-0.0032477196057615,0.005516677166665,0.036863750879379854
1.285,-1.7625000000000002,isotropic_wall_bound,0.030838899838858916,0.06505665936228672,-0.07312235483529597,0.028966252760319347,-0.0031101690118677,0.0059057277061128,0.037727284745810344
1.285,-1.75,isotropic_wall_bound,0.03089553188401409,0.06629583891630673,-0.07114552385534115,0.030159312725142818,-0.0029820433918688,0.0060340959966296,0.03863831463692002
1.285,-1.7375,isotropic_wall_bound,0.03084801638382082,0.06734613968518557,-0.07001122783417446,0.03125076692101654,-0.002870291195208,0.0059623815426947,0.03948058518668394
1.285,-1.725,isotropic_wall_bound,0.03057452707663642,0.06801483648784101,-0.06922629438290923,0.03216455968271818,-0.0027818608713282,0.0057777349610289,0.040192014223194086
1.285,-1.7125000000000001,isotropic_wall_bound,0.02995597420020933,0.06811815963995496,-0.06854672019540047,0.03282985547492891,-0.0027237008696724,0.0055747506124269,0.04071573970444521
1.285,-1.7000000000000002,isotropic_wall_bound,0.0288848964342361,0.06748987245864049,-0.06797556112155169,0.03318086460356292,-0.0027027596396836,0.0054399825702612,0.04099994542966612
1.285,-1.6875,isotropic_wall_bound,0.027322034161111963,0.06608736237288129,-0.06766789707982374,0.0332111617605192,-0.0027214592177586,0.0054427012682864,0.0410431106571631
1.285,-1.675,isotropic_wall_bound,0.02538071732963235,0.06411078097454286,-0.06797848034922334,0.03302222556033322,-0.0027641159881082,0.0055325400588764,0.04091534286025332
1.285,-1.6625,isotropic_wall_bound,0.02540604453715787,0.06482896040924804,-0.06645355863975304,0.033561862249926126,-0.0028105199218972,0.005484841465358,0.04152400821773273
1.285,-1.6500000000000001,isotropic_wall_bound,0.025532449495568158,0.06567227468143931,-0.06459298233982859,0.034145030228968296,-0.0028404609902902,0.0054507287510633,0.042143625061147
1.285,-1.6375000000000002,isotropic_wall_bound,0.02569829445759309,0.06654903293359958,-0.062445670069179046,0.03476205715648153,-0.0028337291644519,0.0054310979484421,0.04272408098139273
1.285,-1.625,isotropic_wall_bound,0.025946765816186858,0.06751821827315357,-0.0599702135234807,0.035449237101593416,-0.0027701144155468,0.0054252404517857,0.043261229979472425
1.285,-1.6125,isotropic_wall_bound,0.026236055202631753,0.06851903105202503,-0.05722764749367707,0.03620797052860098,-0.0026294067147397,0.005431577944147,0.04371604993183697
1.285,-1.6,isotropic_wall_bound,0.026517457283571574,0.0694876270288892,-0.05429120231450556,0.037043521236958574,-0.0023913960331951,0.0054481779035898,0.04410666072215965
1.285,-1.5875,isotropic_wall_bound,0.02701831958450855,0.0707825847552902,-0.05104996947708877,0.038099327415627326,-0.0020443670489227,0.0054730799361273,0.044633942198278834
1.285,-1.5750000000000002,isotropic_wall_bound,0.02770510837709065,0.07241647711059594,-0.047675592011233656,0.03939970580456857,-0.0016105832673117,0.0055044789175603,0.045371843394286064
1.285,-1.5625,isotropic_wall_bound,0.028473329964847693,0.07438119126974316,-0.04437780769968759,0.041010820648447535,-0.0011208029005963,0.0055408103194175,0.04641511523597431
1.285,-1.55,isotropic_wall_bound,0.029291474381943097,0.07649312542903984,-0.041261873466898046,0.04275050847221657,-0.0006057841610107,0.0055807742676573,0.04759925644675198
1.285,-1.5375,isotropic_wall_bound,0.030122611550715873,0.07865770015123229,-0.0383963634570371,0.04453110707170137,-9.628526078907674e-05,0.0056233246243837,0.0488545368709589
1.285,-1.525,isotropic_wall_bound,0.030931346072131088,0.08085953900816062,-0.03581832986766252,0.046342667205211095,0.0003769355878344,0.0056676410289618,0.050191856311449866
1.285,-1.5125000000000002,isotropic_wall_bound,0.03173450999522082,0.08302066077153446,-0.03352291531896747,0.04806045410186006,0.0007831201726255,0.0057130944769523,0.05151012239691604
1.285,-1.5,isotropic_wall_bound,0.03291681883232173,0.08580012441913036,-0.031364558303322146,0.049929017273714245,0.0010915102813501,0.0057592129669863,0.05307966080819439
1.285,-1.4875,isotropic_wall_bound,0.03379970967963977,0.08794490443262895,-0.02957261248420583,0.05135256884707264,0.0012803261337769,0.0058056500500577,0.054322849794657624
1.285,-1.475,isotropic_wall_bound,0.03440544249657541,0.08947831579200434,-0.028077180344349938,0.052346356520547414,0.0013637016776866,0.0058521577770163,0.05523782525687841
1.285,-1.4625,isotropic_wall_bound,0.034793819130425487,0.09050180473518482,-0.026802311262796287,0.05297502502988585,0.0013647492928627,0.0058985643791469,0.05586423230065719
1.285,-1.4500000000000002,isotropic_wall_bound,0.035027052874518086,0.09114567882949942,-0.025687898351060185,0.05332964844964647,0.0013065813590888,0.0059447559507907,0.05626884703486611
1.285,-1.4375,isotropic_wall_bound,0.03516968521736763,0.09156634727714211,-0.024684310574928488,0.05352506004670503,0.0012123102561485,0.0059906621939961,0.056542546311400925
1.285,-1.425,isotropic_wall_bound,0.03528851498306846,0.09187783202299364,-0.02374916358611848,0.05363143817343488,0.0011050483638254,0.0060362451315063,0.05673169707868916
1.285,-1.4125,isotropic_wall_bound,0.0354525156998379,0.09223461988389649,-0.022845606398436146,0.053757243420994756,0.001007908061903,0.006081490453657,0.05692098693135726
1.285,-1.4,isotropic_wall_bound,0.035732758537397255,0.09279690137708729,-0.021941743536376276,0.054014535891621085,0.0009440017301649,0.0061264008529887,0.057198707033653685
1.285,-1.3875000000000002,isotropic_wall_bound,0.03617593942600014,0.09361717761322456,-0.021023407327960614,0.05442573623942441,0.0009294249954532,0.00617099098262,0.05757020061505611
1.285,-1.375,isotropic_wall_bound,0.03676397437492604,0.09461161224362849,-0.02010365878100126,0.054916444254551465,0.0009522064728438,0.0062152838300237,0.05797062457310109
1.285,-1.3625,isotropic_wall_bound,0.037451242480575186,0.09568234102031138,-0.019205467476590396,0.05541944995827663,0.0009933580244711,0.0062593077620396,0.058348890318697756
1.285,-1.35,isotropic_wall_bound,0.03819061026953821,0.09672107579042985,-0.018347784053391925,0.05585863472233449,0.0010338915124695,0.0063030946138591,0.05864488152182076
1.285,-1.3375,isotropic_wall_bound,0.03893351159059595,0.09760863035260504,-0.017545701399835915,0.056148419240115835,0.0010548187989734,0.0063466781002808,0.05878898553560079
1.285,-1.3250000000000002,isotropic_wall_bound,0.039630036134101695,0.09822179772593924,-0.016810969937232297,0.05620055519247917,0.0010371517461171,0.0063900928728854,0.058709085754861216
1.285,-1.3125,isotropic_wall_bound,0.040229025271312766,0.09843355153602043,-0.016152734233437147,0.0559242345497536,0.0009619022160351,0.0064333737401366,0.05833104408165473
1.285,-1.3,isotropic_wall_bound,0.04067818056349411,0.09810506664239094,-0.015578391594130622,0.0552180062834267,0.0008100820708618,0.0064765552369965,0.05757136609606909
1.285,-1.2875,isotropic_wall_bound,0.041257749917903326,0.09801095695735941,-0.01504538272352721,0.054566600914905984,0.0005705308149764,0.0065196712786673,0.056929525209406306
1.285,-1.275,isotropic_wall_bound,0.04193704911921226,0.09837335865393824,-0.014549430831247996,0.054234155693472466,0.0002633985217379,0.0065627551556206,0.05666434649876422
1.285,-1.2625000000000002,isotropic_wall_bound,0.04250560744500079,0.09884143097026626,-0.014105222354358142,0.05409681707677325,-8.333709324983982e-05,0.0066058393886439,0.05664663672453941
1.285,-1.25,isotropic_wall_bound,0.042962344248665775,0.09948570673823791,-0.013701537661219523,0.05424268518488981,-0.0004416983143832,0.0066489558885562,0.05697297382783623
1.285,-1.2375,isotropic_wall_bound,0.04331364039505424,0.10034972887392084,-0.013327825404903007,0.05472537532224697,-0.0007837074260583,0.0066921360180911,0.0577477651066056
1.285,-1.225,isotropic_wall_bound,0.043575388061032755,0.10147503794012697,-0.012973752045080817,0.05558697848930588,-0.0010813867126713,0.0067354107746252,0.059097416054175685
1.285,-1.2125,isotropic_wall_bound,0.04376791024779955,0.10296212089950468,-0.01262967663575931,0.056924123854631914,-0.0013067584586184,0.0067788110041918,0.06080213077258872
1.285,-1.2000000000000002,isotropic_wall_bound,0.04416087929153888,0.10542511918495324,-0.012261250252975737,0.05909781879590636,-0.0014318449482959,0.0068223675200959,0.06312077439629886
1.285,-1.1875,isotropic_wall_bound,0.045803439184437515,0.11060306310437587,-0.011765832814271581,0.06280878316780933,-0.0014374819506712,0.0068661113506294,0.06671394856302364
1.285,-1.175,isotropic_wall_bound,0.04798698215528013,0.11671738890913994,-0.011229781826610118,0.06697453508210646,-0.0013397591729965,0.006910073690091,0.07053704666171426
1.285,-1.1625,isotropic_wall_bound,0.049579379879834615,0.12146670609226437,-0.010763686783089938,0.07040735797736668,-0.0011635798070955,0.0069542859593441,0.07345972578166227
1.285,-1.15,isotropic_wall_bound,0.05062412893405262,0.1248331198039313,-0.010361524849503843,0.07302732957758003,-0.0009338470447916,0.0069987794819144,0.07545943729758084
1.285,-1.1375000000000002,isotropic_wall_bound,0.05116500691322086,0.12681103270095676,-0.010018074818850739,0.07476641441576712,-0.0006754640779086,0.0070435848397224,0.0765255193932132
1.285,-1.125,isotropic_wall_bound,0.05124625918765774,0.12742155682967804,-0.009728891776152174,0.07558268481256107,-0.0004133340982699,0.0070887309272375,0.07667341803991516
1.285,-1.1125,isotropic_wall_bound,0.050913757872369556,0.12669136459790112,-0.009490205128564569,0.07543802485412793,-0.000172360297699,0.0071342431823312,0.07592239097457545
1.285,-1.1,isotropic_wall_bound,0.051601642272499484,0.1274952336132647,-0.009206468769217884,0.07575406694504011,2.2554131980299425e-05,0.007180140993721,0.07589550796140525
1.285,-1.0875000000000001,isotropic_wall_bound,0.05260435650070557,0.12876205415656372,-0.008929179045430105,0.0761512297814793,0.0001525309488728,0.0072264340108805,0.07616222266612976
1.285,-1.075,isotropic_wall_bound,0.05347052026661846,0.1299181055057368,-0.008685575688424057,0.076513431555586,0.0002227917107957,0.0072731170202535,0.0764605601955959
1.285,-1.0625,isotropic_wall_bound,0.054225277163035754,0.1310326510056947,-0.008470388753059103,0.07689619509192802,0.0002445829254946,0.0073201632700646,0.07682363125765083
1.285,-1.05,isotropic_wall_bound,0.05489432846534511,0.13216532831828207,-0.00827898226076803,0.07734491023131039,0.0002291511007147,0.007367516416067,0.0772851495067628
1.285,-1.0375,isotropic_wall_bound,0.05550416538501585,0.1333837675441891,-0.008107106556357336,0.07791218705141138,0.0001877427442016,0.007415081391486,0.077888371487435
1.285,-1.0250000000000001,isotropic_wall_bound,0.0560826767162914,0.1347574633400507,-0.007950636454660721,0.07865109834982723,0.0001316043637007,0.0074627160075412,0.0786778388238266
1.285,-1.0125,isotropic_wall_bound,0.05665756511688721,0.13635624568696053,-0.0078056665829178695,0.07961522153482109,7.198246695745534e-05,0.0075102259889871,0.07969874159606583
1.285,-1.0,isotropic_wall_bound,0.05725338003101311,0.1382398558604382,-0.007668788043991704,0.08085117738618613,2.0123561717250578e-05,0.0075573684673598,0.08098819271384688
1.285,-0.9875,isotropic_wall_bound,0.05785370336301982,0.140274139992306,-0.00754202890140443,0.08225022607098446,-1.5102286096071217e-05,0.0076791603711186,0.08242699879350149
1.285,-0.9750000000000001,isotropic_wall_bound,0.05844779174961554,0.1423229065899974,-0.007670093239639233,0.0836862324170548,-3.4330777845242886e-05,0.0079399445231694,0.08388619481516882
1.285,-0.9625000000000001,isotropic_wall_bound,0.05923982718963971,0.1445920407681216,-0.007914614807286448,0.08515783246202926,-4.057405671463213e-05,0.0079547327980722,0.08536503061570024
1.285,-0.95,isotropic_wall_bound,0.060164334028284895,0.14699989710768682,-0.008013480564924626,0.08664581473183874,-3.684426588860652e-05,0.0078281298275263,0.0868470728789367
1.285,-0.9375,isotropic_wall_bound,0.06115081994173181,0.14945188283670138,-0.007843825765858766,0.08812302202903147,-2.615354855153391e-05,0.007655333605959,0.08830956263475924
1.285,-0.925,isotropic_wall_bound,0.0621205955687262,0.15183310952791962,-0.007403580526912252,0.08955018053485968,-1.1514047887782071e-05,0.0075163156589478,0.0897178512948389
1.285,-0.9125000000000001,isotropic_wall_bound,0.06300549503488982,0.15404185407220003,-0.006782496555811502,0.09089065130926213,4.062092918281328e-06,0.007468866877035,0.09103929131084709
1.285,-0.8999999999999999,isotropic_wall_bound,0.06376981254380296,0.15602724134918833,-0.006124584341339843,0.09212618912807997,1.756273068228876e-05,0.0075425626181253,0.09225892667930258
1.285,-0.8875,isotropic_wall_bound,0.06440615052850837,0.15782075011671495,-0.005588612776650302,0.0932932529780991,2.661240135244245e-05,0.0077361120025729,0.09341541767015597
1.285,-0.875,isotropic_wall_bound,0.06495844222122633,0.15953127095094916,-0.005307421641968139,0.0944569772115607,3.1382357407227354e-05,0.008010997012371,0.0945733607479863
1.285,-0.8625,isotropic_wall_bound,0.06560839456478722,0.1613727068951332,-0.005197958716472218,0.09565038360318352,3.268053045769881e-05,0.0080613135022602,0.09576475555806388
1.285,-0.8500000000000001,isotropic_wall_bound,0.06625665212199607,0.16326050136658463,-0.005092137497127288,0.0968890939648247,3.1314852114912084e-05,0.0081024971875581,0.09700432269561786
1.285,-0.8374999999999999,isotropic_wall_bound,0.0669019371982984,0.16520008726194801,-0.00498878405864601,0.09818063767876357,2.809325398992239e-05,0.0081435533405212,0.09829874515799321
1.285,-0.825,isotropic_wall_bound,0.06754620744306225,0.167194231084468,-0.004887543276468201,0.09952664211412605,2.3823667693785127e-05,0.0081844666376909,0.09964881808689578
1.285,-0.8125,isotropic_wall_bound,0.06819114194037651,0.16923896774509933,-0.0047881156534061225,0.10092228130735548,1.9314024837555567e-05,0.0082252213707514,0.10104887087028903
1.285,-0.8,isotropic_wall_bound,0.06883871887908906,0.17132453313073046,-0.0046902119648477465,0.10235663084960056,1.5372257032289002e-05,0.0082658015646392,0.10248710716582408
1.285,-0.7875000000000001,isotropic_wall_bound,0.06949041523511042,0.1734231234772635,-0.00459359858654239,0.10380105501252687,1.2635518733213107e-05,0.0083061910615164,0.10393417857213891
1.285,-0.7749999999999999,isotropic_wall_bound,0.07014617991672698,0.17549820575086442,-0.004498126839375145,0.10521902638852007,1.1057855772245128e-05,0.0083463735678738,0.10535358578688356
1.285,-0.7625,isotropic_wall_bound,0.07080537967068906,0.17751620850085628,-0.004403694637690564,0.10657738879999536,1.0422536825474758e-05,0.0083863326614512,0.10671239906650339
1.285,-0.75,isotropic_wall_bound,0.07146736857544257,0.17943973856385978,-0.004310215948224385,0.10783917710982271,1.0512830568991605e-05,0.0084260517942622,0.10797388845235234
1.285,-0.7375,isotropic_wall_bound,0.07213146849017345,0.18123041785424987,-0.004217620915889015,0.10896647355110613,1.1112005678885298e-05,0.008465514528607,0.10910037531385652
1.285,-0.7250000000000001,isotropic_wall_bound,0.07279695933918416,0.1828516640259377,-0.004125855170144859,0.10992319809620092,1.2003330831245493e-05,0.0085047042616411,0.11005601896503363
1.285,-0.7124999999999999,isotropic_wall_bound,0.07346308598528624,0.18427403466434558,-0.004034877980990588,0.11068044576986738,1.2970074702161831e-05,0.0085436045341355,0.11081215157266788
1.285,-0.7,isotropic_wall_bound,0.07412906396606851,0.18547860129776314,-0.003944660571859071,0.111219854921571,1.3795505967723925e-05,0.0085821989031231,0.11135064543831653
1.285,-0.6875,isotropic_wall_bound,0.07479421933425247,0.1865144801676589,-0.003855179633672135,0.11159104476396164,1.4308533760806076e-05,0.0086204711714497,0.11172130106114683
1.285,-0.675,isotropic_wall_bound,0.07545822318686894,0.1874337835504431,-0.0037664117872708066,0.11184647196863937,1.4520629041421187e-05,0.0086584050440538,0.11197655631028153
1.285,-0.6625000000000001,isotropic_wall_bound,0.07612085854227682,0.18826757997196883,-0.0036783385671409884,0.11201748413460552,1.4488903226366824e-05,0.0086959844709965,0.112147691189654
1.285,-0.6499999999999999,isotropic_wall_bound,0.07678188251307363,0.18901717994059425,-0.0035909503266770343,0.11210569673296172,1.4270467732440548e-05,0.0087331936661999,0.11223625441841521
1.285,-0.6375,isotropic_wall_bound,0.07744102824447334,0.1896795605601471,-0.0035042447403371125,0.11210841578120415,1.3922433976439925e-05,0.0087700168249754,0.11223948575355733
1.285,-0.625,isotropic_wall_bound,0.07809800783265373,0.19037148565345677,-0.003418225383727457,0.11214275504828179,1.3501913375162525e-05,0.0088064383795669,0.11227443294061164
1.285,-0.6125,isotropic_wall_bound,0.07875251401235922,0.19126150259175367,-0.003332900435711391,0.11237763119643619,1.3066017345405904e-05,0.0088424430049513,0.11250994669272095
1.285,-0.6000000000000001,isotropic_wall_bound,0.07940422367582603,0.19255929141136108,-0.003248281434078631,0.11302310937917942,1.267185730396762e-05,0.0088780154909896,0.1131560262153886
1.285,-0.5874999999999999,isotropic_wall_bound,0.08005276158127715,0.19457479215368342,-0.0031643832652226305,0.11438955437238066,1.2364277129630585e-05,0.0089131408249063,0.11452298367073142
1.285,-0.575,isotropic_wall_bound,0.08069764130935597,0.19795175695046177,-0.0030812239794427107,0.11712120420771796,1.2139050549119009e-05,0.0089478041433908,0.11725505780984623
1.285,-0.5625,isotropic_wall_bound,0.0813383292535007,0.204111226654679,-0.002998822636138718,0.1226396203269895,1.1979683751142434e-05,0.008981990770005,0.1227738241477253
1.285,-0.55,isotropic_wall_bound,0.08197428590698311,0.21604046680423145,-0.0029171974260846735,0.13393259476106528,1.1869682924410406e-05,0.0090156861189796,0.13406708879180598
1.285,-0.5375000000000001,isotropic_wall_bound,0.08260496626965905,0.23990636772936275,-0.0028363651339955807,0.1571675498304705,1.1792554257632478e-05,0.0090488758657068,0.15730228811864766
1.285,-0.5249999999999999,isotropic_wall_bound,0.08322982326992759,0.28839893581085274,-0.0027563406026698462,0.20503502598152268,1.1731803939518176e-05,0.0090815457607437,0.20516997659213795
1.285,-0.5125,isotropic_wall_bound,0.08384830784324748,0.3881841826604032,-0.002677136382846794,0.30420157088811317,1.1670938158777067e-05,0.0091136816656485,0.3043367158531458
1.285,-0.5,isotropic_wall_bound,0.08445987194742063,0.596502704752777,-0.002598762329759768,0.5119083160685033,1.159346310411868e-05,0.0091452696838048,0.5120436513293963
1.285,-2.1,benchmark_bank_mass_only,0.10398176192529458,66121417190.46508,-1.0,66121417190.36109,0.0,-0.0036301572131476,66121417190.36109
1.285,-2.0875,benchmark_bank_mass_only,0.08827651272706442,57821178664.97827,-1.0,57821178664.88997,-1.1318976678877851e-05,-0.00326785637722,57821178664.88999
1.285,-2.075,benchmark_bank_mass_only,0.07569997267153067,52402226398.79234,-1.0,52402226398.71644,-8.179323519776927e-05,-0.0029149369936143,52402226398.71665
1.285,-2.0625,benchmark_bank_mass_only,0.06558314209501251,48000986662.95933,-1.0,48000986662.8931,-0.0002477136774044,-0.002573696165578,48000986662.89373
1.285,-2.0500000000000003,benchmark_bank_mass_only,0.059118426485997404,45679769188.17933,-1.0,45679769188.11886,-0.0005232604875699,-0.0022462827664043,45679769188.12021
1.285,-2.0375,benchmark_bank_mass_only,0.05340188196055246,43709096664.3929,-1.0,43709096664.33716,-0.0009041162471641,-0.0019346302908011,43709096664.33951
1.285,-2.025,benchmark_bank_mass_only,0.04810183893114227,41924622556.461,-1.0,41924622556.40935,-0.0013714431781087,-0.001640366562879,41924622556.4129
1.285,-2.0125,benchmark_bank_mass_only,0.04606675622185794,42577495735.6926,-1.0,42577495735.64161,-0.0018960479512525,-0.0013646927235897,42577495735.64653
1.285,-2.0,benchmark_bank_mass_only,0.0441129497987407,43588849213.161514,-1.0,43588849213.11106,-0.0024425790487259,-0.0011082217157651,43588849213.1174
1.285,-1.9875,benchmark_bank_mass_only,0.04154621584779316,44385015404.70594,-1.0,44385015404.656654,-0.0029736232207449,-0.0008707686592974,44385015404.664406
1.285,-1.975,benchmark_bank_mass_only,0.03839522677613877,44703079010.877716,-1.0,44703079010.83031,-0.0034535891293476,-0.0006510875390876,44703079010.83932
1.285,-1.9625000000000001,benchmark_bank_mass_only,0.0354147881230345,44524476149.433304,-1.0,44524476149.38845,-0.0038522878234584,-0.0004465584559641,44524476149.39853
1.285,-1.9500000000000002,benchmark_bank_mass_only,0.032848028279858714,44086853888.16822,-1.0,44086853888.12644,-0.0041481412415869,-0.0002528455903729,44086853888.13732
1.285,-1.9375,benchmark_bank_mass_only,0.0301016650965828,43527010489.753815,-1.0,43527010489.71534,-0.0043309714903838,-6.357375090323061e-05,43527010489.72672
1.285,-1.925,benchmark_bank_mass_only,0.0284656247314183,43574884510.10947,-0.8303892795070927,43574884510.07347,-0.004404345199185,0.000129887932675,43574884510.085075
1.285,-1.9125,benchmark_bank_mass_only,0.028340926797959527,44497496444.46728,-0.5767434316563791,44497496444.432144,-0.0043874688025915,0.0003383976968015,44497496444.44373
1.285,-1.9000000000000001,benchmark_bank_mass_only,0.031155915146617166,47239311336.99749,-0.36827818262336875,47239311336.96016,-0.0043166521550422,0.0005745835286728,47239311336.9716
1.285,-1.8875000000000002,benchmark_bank_mass_only,0.03196639125176497,48812514727.43834,-0.2815488458128244,48812514727.40047,-0.0042347366292883,0.0008517555788131,48812514727.41172
1.285,-1.875,benchmark_bank_mass_only,0.03196777314808822,49985760806.14334,-0.22861877789848467,49985760806.10563,-0.0041504879517306,0.0011820463578293,49985760806.1167
1.285,-1.8625,benchmark_bank_mass_only,0.031859383081882374,51175734987.09626,-0.18936643523224414,51175734987.05876,-0.0040626079477076,0.0015738147576507,51175734987.06962
1.285,-1.85,benchmark_bank_mass_only,0.03167186322519608,52396410561.22816,-0.15925665534018685,52396410561.19094,-0.0039697984425579,0.002028668976334,52396410561.20159
1.285,-1.8375000000000001,benchmark_bank_mass_only,0.03144066926123435,53665284948.15408,-0.13575549528749714,53665284948.11715,-0.0038707612616199,0.002538857590862,53665284948.12758
1.285,-1.8250000000000002,benchmark_bank_mass_only,0.03120677894753871,55003902923.123695,-0.11731735094656147,55003902923.08704,-0.0037641982302322,0.0030860698879337,55003902923.09723
1.285,-1.8125,benchmark_bank_mass_only,0.031020399467307964,56441304241.55177,-0.10288745150339886,56441304241.515366,-0.0036488111737334,0.0036426156074265,56441304241.5253
1.285,-1.8,benchmark_bank_mass_only,0.03092518003867982,58004323361.71176,-0.09168595095747949,58004323361.67548,-0.003523301917462,0.0041753409574214,58004323361.68515
1.285,-1.7875,benchmark_bank_mass_only,0.030836958205037943,59701247456.69745,-0.08276601445315007,59701247456.66131,-0.0033877467241073,0.0048501710525953,59701247456.67068
1.285,-1.7750000000000001,benchmark_bank_mass_only,0.030789393538369993,61505211490.80163,-0.07667811159404828,61505211490.765564,-0.0032477196057615,0.005516677166665,61505211490.77463
1.285,-1.7625000000000002,benchmark_bank_mass_only,0.030838899838858916,63369069793.58089,-0.07312235483529597,63369069793.54479,-0.0031101690118677,0.0059057277061128,63369069793.55355
1.285,-1.75,benchmark_bank_mass_only,0.03089553188401409,65355231604.57526,-0.07114552385534115,65355231604.53912,-0.0029820433918688,0.0060340959966296,65355231604.54761
1.285,-1.7375,benchmark_bank_mass_only,0.03084801638382082,67198286679.103,-0.07001122783417446,67198286679.0669,-0.002870291195208,0.0059623815426947,67198286679.07513
1.285,-1.725,benchmark_bank_mass_only,0.03057452707663642,68748476330.27284,-0.06922629438290923,68748476330.23701,-0.0027818608713282,0.0057777349610289,68748476330.24503
1.285,-1.7125000000000001,benchmark_bank_mass_only,0.02995597420020933,69864914481.95297,-0.06854672019540047,69864914481.91766,-0.0027237008696724,0.0055747506124269,69864914481.92557
1.285,-1.7000000000000002,benchmark_bank_mass_only,0.0288848964342361,70419534214.85582,-0.06797556112155169,70419534214.8215,-0.0027027596396836,0.0054399825702612,70419534214.82932
1.285,-1.6875,benchmark_bank_mass_only,0.027322034161111963,70401283659.08057,-0.06766789707982374,70401283659.04768,-0.0027214592177586,0.0054427012682864,70401283659.0555
1.285,-1.675,benchmark_bank_mass_only,0.02538071732963235,70000843155.05327,-0.06797848034922334,70000843155.02219,-0.0027641159881082,0.0055325400588764,70000843155.03008
1.285,-1.6625,benchmark_bank_mass_only,0.02540604453715787,71235392845.4804,-0.06645355863975304,71235392845.44911,-0.0028105199218972,0.005484841465358,71235392845.45708
1.285,-1.6500000000000001,benchmark_bank_mass_only,0.025532449495568158,72586060448.2271,-0.06459298233982859,72586060448.19557,-0.0028404609902902,0.0054507287510633,72586060448.20357
1.285,-1.6375000000000002,benchmark_bank_mass_only,0.02569829445759309,73994683550.58754,-0.062445670069179046,73994683550.55574,-0.0028337291644519,0.0054310979484421,73994683550.5637
1.285,-1.625,benchmark_bank_mass_only,0.025946765816186858,75504897959.11258,-0.0599702135234807,75504897959.0805,-0.0027701144155468,0.0054252404517857,75504897959.08832
1.285,-1.6125,benchmark_bank_mass_only,0.026236055202631753,77084468838.4241,-0.05722764749367707,77084468838.3918,-0.0026294067147397,0.005431577944147,77084468838.3993
1.285,-1.6,benchmark_bank_mass_only,0.026517457283571574,78711725178.65402,-0.05429120231450556,78711725178.62158,-0.0023913960331951,0.0054481779035898,78711725178.62865
1.285,-1.5875,benchmark_bank_mass_only,0.02701831958450855,80679435135.34663,-0.05104996947708877,80679435135.31395,-0.0020443670489227,0.0054730799361273,80679435135.32048
1.285,-1.5750000000000002,benchmark_bank_mass_only,0.02770510837709065,83087845766.86725,-0.047675592011233656,83087845766.83424,-0.0016105832673117,0.0055044789175603,83087845766.84021
1.285,-1.5625,benchmark_bank_mass_only,0.028473329964847693,86135359717.83672,-0.0443778076996876,86135359717.80334,-0.0011208029005963,0.0055408103194175,86135359717.80875
1.285,-1.55,benchmark_bank_mass_only,0.029291474381943097,89485762213.72404,-0.041261873466898046,89485762213.69029,-0.0006057841610107,0.0055807742676573,89485762213.69514
1.285,-1.5375,benchmark_bank_mass_only,0.030122611550715873,93002261515.35934,-0.038396363457037085,93002261515.32524,-9.628526078907674e-05,0.0056233246243837,93002261515.32957
1.285,-1.525,benchmark_bank_mass_only,0.030931346072131088,96563057948.62856,-0.03581832986766252,96563057948.59402,0.0003769355878344,0.0056676410289618,96563057948.59785
1.285,-1.5125000000000002,benchmark_bank_mass_only,0.03173450999522082,100088187604.86827,-0.03352291531896753,100088187604.8333,0.0007831201726255,0.0057130944769523,100088187604.83675
1.285,-1.5,benchmark_bank_mass_only,0.03291681883232173,104178700394.97043,-0.031364558303322146,104178700394.93456,0.0010915102813501,0.0057592129669863,104178700394.93768
1.285,-1.4875,benchmark_bank_mass_only,0.03379970967963977,107557537458.69005,-0.02957261248420559,107557537458.65344,0.0012803261337769,0.0058056500500577,107557537458.65642
1.285,-1.475,benchmark_bank_mass_only,0.03440544249657541,110198775837.3357,-0.028077180344349938,110198775837.29858,0.0013637016776866,0.0058521577770163,110198775837.30148
1.285,-1.4625,benchmark_bank_mass_only,0.034793819130425487,112191086666.09518,-0.026802311262797175,112191086666.05766,0.0013647492928627,0.0058985643791469,112191086666.06055
1.285,-1.4500000000000002,benchmark_bank_mass_only,0.035027052874518086,113681651479.9731,-0.025687898351060185,113681651479.93529,0.0013065813590888,0.0059447559507907,113681651479.93822
1.285,-1.4375,benchmark_bank_mass_only,0.03516968521736763,114870339949.90604,-0.024684310574925185,114870339949.868,0.0012123102561485,0.0059906621939961,114870339949.87102
1.285,-1.425,benchmark_bank_mass_only,0.03528851498306846,115861542579.04456,-0.02374916358611848,115861542579.00632,0.0011050483638254,0.0060362451315063,115861542579.00941
1.285,-1.4125,benchmark_bank_mass_only,0.0354525156998379,116843720901.72063,-0.022845606398448404,116843720901.68216,0.001007908061903,0.006081490453657,116843720901.68532
1.285,-1.4,benchmark_bank_mass_only,0.035732758537397255,118014265062.16579,-0.021941743536376276,118014265062.127,0.0009440017301649,0.0061264008529887,118014265062.13019
1.285,-1.3875000000000002,benchmark_bank_mass_only,0.03617593942600014,119485637539.27444,-0.021023407327915234,119485637539.23524,0.0009294249954532,0.00617099098262,119485637539.2384
1.285,-1.375,benchmark_bank_mass_only,0.03676397437492604,121215759759.77864,-0.02010365878100126,121215759759.73894,0.0009522064728438,0.0062152838300237,121215759759.742
1.285,-1.3625,benchmark_bank_mass_only,0.037451242480575186,123096204380.03256,-0.01920546747675801,123096204379.9923,0.0009933580244711,0.0062593077620396,123096204379.99522
1.285,-1.35,benchmark_bank_mass_only,0.03819061026953821,124997700571.73836,-0.018347784053391925,124997700571.6975,0.0010338915124695,0.0063030946138591,124997700571.70029
1.285,-1.3375,benchmark_bank_mass_only,0.03893351159059595,126768810156.76308,-0.01754570139921864,126768810156.72162,0.0010548187989734,0.0063466781002808,126768810156.72426
1.285,-1.3250000000000002,benchmark_bank_mass_only,0.039630036134101695,128250468554.24388,-0.016810969937232294,128250468554.20187,0.0010371517461171,0.0063900928728854,128250468554.20439
1.285,-1.3125,benchmark_bank_mass_only,0.040229025271312766,129275978467.29407,-0.016152734235699726,129275978467.25157,0.0009619022160351,0.0064333737401366,129275978467.25398
1.285,-1.3,benchmark_bank_mass_only,0.04067818056349411,129653234276.9688,-0.015578391594130582,129653234276.9259,0.0008100820708618,0.0064765552369965,129653234276.92825
1.285,-1.2875,benchmark_bank_mass_only,0.041257749917903326,130027225834.27257,-0.015045382715271623,130027225834.22913,0.0005705308149764,0.0065196712786673,130027225834.23149
1.285,-1.275,benchmark_bank_mass_only,0.04193704911921226,130501354170.26167,-0.014549430831247455,130501354170.21754,0.0002633985217379,0.0065627551556206,130501354170.21999
1.285,-1.2625000000000002,benchmark_bank_mass_only,0.04250560744500079,130740445701.38496,-0.014105222384589264,130740445701.34023,-8.333709324983982e-05,0.0066058393886439,130740445701.34276
1.285,-1.25,benchmark_bank_mass_only,0.042962344248665775,130815806876.54665,-0.013701537661212055,130815806876.50139,-0.0004416983143832,0.0066489558885562,130815806876.50412
1.285,-1.2375,benchmark_bank_mass_only,0.04331364039505424,130856544719.91692,-0.013327825294063443,130856544719.87129,-0.0007837074260583,0.0066921360180911,130856544719.87431
1.285,-1.225,benchmark_bank_mass_only,0.043575388061032755,130949077373.3586,-0.012973752044977332,130949077373.3127,-0.0010813867126713,0.0067354107746252,130949077373.31621
1.285,-1.2125,benchmark_bank_mass_only,0.04376791024779955,131266090861.80997,-0.012629677042636886,131266090861.76392,-0.0013067584586184,0.0067788110041918,131266090861.7678
1.285,-1.2000000000000002,benchmark_bank_mass_only,0.04416087929153888,132446377896.79713,-0.012261250251532256,132446377896.7508,-0.0014318449482959,0.0068223675200959,132446377896.75482
1.285,-1.1875,benchmark_bank_mass_only,0.045803439184437515,136748363641.079,-0.01176583128424677,136748363641.03119,-0.0014374819506712,0.0068661113506294,136748363641.0351
1.285,-1.175,benchmark_bank_mass_only,0.04798698215528013,142628844285.03156,-0.011229781805875076,142628844284.9818,-0.0013397591729965,0.006910073690091,142628844284.98538
1.285,-1.1625,benchmark_bank_mass_only,0.049579379879834615,147587446427.28445,-0.010763692496851475,147587446427.2334,-0.0011635798070955,0.0069542859593441,147587446427.23642
1.285,-1.15,benchmark_bank_mass_only,0.05062412893405262,151515647471.79388,-0.010361524554128355,151515647471.74207,-0.0009338470447916,0.0069987794819144,151515647471.74454
1.285,-1.1375000000000002,benchmark_bank_mass_only,0.05116500691322086,154322528601.8412,-0.010018052071487087,154322528601.78915,-0.0006754640779086,0.0070435848397224,154322528601.79092
1.285,-1.125,benchmark_bank_mass_only,0.05124625918765774,155964313642.68576,-0.00972888763700693,155964313642.6339,-0.0004133340982699,0.0070887309272375,155964313642.635
1.285,-1.1125,benchmark_bank_mass_only,0.050913757872369556,156395021945.65005,-0.009490269262287111,156395021945.5988,-0.000172360297699,0.0071342431823312,156395021945.59927
1.285,-1.1,benchmark_bank_mass_only,0.051601642272499484,158718157461.8618,-0.009206411134064127,158718157461.81003,2.2554131980299425e-05,0.007180140993721,158718157461.81015
1.285,-1.0875000000000001,benchmark_bank_mass_only,0.05260435650070557,161547510538.5433,-0.00892866758155935,161547510538.4907,0.0001525309488728,0.0072264340108805,161547510538.4907
1.285,-1.075,benchmark_bank_mass_only,0.05347052026661846,164032721942.74228,-0.008684765676473962,164032721942.68887,0.0002227917107957,0.0072731170202535,164032721942.68884
1.285,-1.0625,benchmark_bank_mass_only,0.054225277163035754,166261135249.63226,-0.008468375277452705,166261135249.57816,0.0002445829254946,0.0073201632700646,166261135249.5781
1.285,-1.05,benchmark_bank_mass_only,0.05489432846534511,168302815460.36182,-0.008267014417845484,168302815460.307,0.0002291511007147,0.007367516416067,168302815460.30695
1.285,-1.0375,benchmark_bank_mass_only,0.05550416538501585,170248504491.0051,-0.008070286505945028,170248504490.94962,0.0001877427442016,0.007415081391486,170248504490.94962
1.285,-1.0250000000000001,benchmark_bank_mass_only,0.0560826767162914,172195224600.114,-0.007881342593719755,172195224600.05792,0.0001316043637007,0.0074627160075412,172195224600.05795
1.285,-1.0125,benchmark_bank_mass_only,0.05665756511688721,174246450540.9696,-0.007701176639895504,174246450540.91284,7.198246695745534e-05,0.0075102259889871,174246450540.91293
1.285,-1.0,benchmark_bank_mass_only,0.05725338003101311,176495966577.81882,-0.0075085447355699286,176495966577.76144,2.0123561717250578e-05,0.0075573684673598,176495966577.76157
1.285,-0.9875,benchmark_bank_mass_only,0.05785370336301982,178946364926.719,-0.007286161675773383,178946364926.66098,-1.5102286096071217e-05,0.0076791603711186,178946364926.66113
1.285,-0.9750000000000001,benchmark_bank_mass_only,0.05844779174961554,181568887695.477,-0.007276407402629116,181568887695.41837,-3.4330777845242886e-05,0.0079399445231694,181568887695.41855
1.285,-0.9625000000000001,benchmark_bank_mass_only,0.05923982718963971,184365769464.21997,-0.007330703382967322,184365769464.16055,-4.057405671463213e-05,0.0079547327980722,184365769464.16074
1.285,-0.95,benchmark_bank_mass_only,0.060164334028284895,187299137422.86032,-0.007135936334501554,187299137422.8,-3.684426588860652e-05,0.0078281298275263,187299137422.80017
1.285,-0.9375,benchmark_bank_mass_only,0.06115081994173181,190312528752.00436,-0.006511190608087225,190312528751.94305,-2.615354855153391e-05,0.007655333605959,190312528751.94327
1.285,-0.925,benchmark_bank_mass_only,0.0621205955687262,193321971720.72458,-0.0054124157927608685,193321971720.6623,-1.1514047887782071e-05,0.0075163156589478,193321971720.66248
1.285,-0.9125000000000001,benchmark_bank_mass_only,0.06300549503488982,196247898433.44427,-0.0038564070308679584,196247898433.38113,4.062092918281328e-06,0.007468866877035,196247898433.38144
1.285,-0.8999999999999999,benchmark_bank_mass_only,0.06376981254380296,199049418355.50262,-0.0017729844437308219,199049418355.43872,1.756273068228876e-05,0.0075425626181253,199049418355.43918
1.285,-0.8875,benchmark_bank_mass_only,0.06440615052850837,201739196150.9447,0.0009360016714388344,201739196150.88016,2.661240135244245e-05,0.0077361120025729,201739196150.88086
1.285,-0.875,benchmark_bank_mass_only,0.06495844222122633,204393083295.28186,0.0044142829549261835,204393083295.21683,3.1382357407227354e-05,0.008010997012371,204393083295.21793
1.285,-0.8625,benchmark_bank_mass_only,0.06560839456478722,207082343260.267,0.009161135237552874,207082343260.2013,3.268053045769881e-05,0.0080613135022602,207082343260.20297
1.285,-0.8500000000000001,benchmark_bank_mass_only,0.06625665212199607,209840889978.05048,0.016138907321411225,209840889977.98413,3.1314852114912084e-05,0.0081024971875581,209840889977.9867
1.285,-0.8374999999999999,benchmark_bank_mass_only,0.0669019371982984,212685388221.01498,0.026397566998517644,212685388220.9479,2.809325398992239e-05,0.0081435533405212,212685388220.95175
1.285,-0.825,benchmark_bank_mass_only,0.06754620744306225,215619940039.84918,0.04149477357574716,215619940039.78143,2.3823667693785127e-05,0.0081844666376909,215619940039.7872
1.285,-0.8125,benchmark_bank_mass_only,0.06819114194037651,218634845025.902,0.06347418381692531,218634845025.83344,1.9314024837555567e-05,0.0082252213707514,218634845025.8421
1.285,-0.8,benchmark_bank_mass_only,0.06883871887908906,221707321290.2459,0.09571406626658593,221707321290.17636,1.5372257032289002e-05,0.0082658015646392,221707321290.18927
1.285,-0.7875000000000001,benchmark_bank_mass_only,0.06949041523511042,224792843650.48218,0.14259343034300775,224792843650.41122,1.2635518733213107e-05,0.0083061910615164,224792843650.4304
1.285,-0.7749999999999999,benchmark_bank_mass_only,0.07014617991672698,227829085679.22433,0.21096311641025592,227829085679.1511,1.1057855772245128e-05,0.0083463735678738,227829085679.17944
1.285,-0.7625,benchmark_bank_mass_only,0.07080537967068906,230744085808.7592,0.3096293209432029,230744085808.68185,1.0422536825474758e-05,0.0083863326614512,230744085808.72357
1.285,-0.75,benchmark_bank_mass_only,0.07146736857544257,233457596622.71115,0.4525016513117871,233457596622.62582,1.0512830568991605e-05,0.0084260517942622,233457596622.68713
1.285,-0.7375,benchmark_bank_mass_only,0.07213146849017345,235887281759.2464,0.6571871420364614,235887281759.14487,1.1112005678885298e-05,0.008465514528607,235887281759.23453
1.285,-0.7250000000000001,benchmark_bank_mass_only,0.07279695933918416,237954770808.132,0.9509534054967401,237954770807.99713,1.2003330831245493e-05,0.0085047042616411,237954770808.1279
1.285,-0.7124999999999999,benchmark_bank_mass_only,0.07346308598528624,239597229637.0054,1.0,239597229636.81183,1.2970074702161831e-05,0.0085436045341355,239597229637.0015
1.285,-0.7,benchmark_bank_mass_only,0.07412906396606851,240774667926.01392,1.0,240774667925.73578,1.3795505967723925e-05,0.0085821989031231,240774667926.00998
1.285,-0.6875,benchmark_bank_mass_only,0.07479421933425247,241590011714.4467,1.0,241590011714.04822,1.4308533760806076e-05,0.0086204711714497,241590011714.44272
1.285,-0.675,benchmark_bank_mass_only,0.07545822318686894,242152495235.66086,1.0,242152495235.09067,1.4520629041421187e-05,0.0086584050440538,242152495235.65692
1.285,-0.6625000000000001,benchmark_bank_mass_only,0.07612085854227682,242530148949.0931,1.0,242530148948.27982,1.4488903226366824e-05,0.0086959844709965,242530148949.08917
1.285,-0.6499999999999999,benchmark_bank_mass_only,0.07678188251307363,242726576576.4346,1.0,242726576575.27615,1.4270467732440548e-05,0.0087331936661999,242726576576.4306
1.285,-0.6375,benchmark_bank_mass_only,0.07744102824447334,242735988175.57095,1.0,242735988173.92706,1.3922433976439925e-05,0.0087700168249754,242735988175.56693
1.285,-0.625,benchmark_bank_mass_only,0.07809800783265373,242812091020.46783,1.0,242812091018.137,1.3501913375162525e-05,0.0088064383795669,242812091020.46384
1.285,-0.6125,benchmark_bank_mass_only,0.07875251401235922,243320566411.82578,1.0,243320566408.52515,1.3066017345405904e-05,0.0088424430049513,243320566411.82175
1.285,-0.6000000000000001,benchmark_bank_mass_only,0.07940422367582603,244716368599.34973,1.0,244716368594.66492,1.267185730396762e-05,0.0088780154909896,244716368599.3457
1.285,-0.5874999999999999,benchmark_bank_mass_only,0.08005276158127715,247672753739.574,1.0,247672753732.90366,1.2364277129630585e-05,0.0089131408249063,247672753739.56995
1.285,-0.575,benchmark_bank_mass_only,0.08069764130935597,253585906573.5757,1.0,253585906563.98108,1.2139050549119009e-05,0.0089478041433908,253585906573.57162
1.285,-0.5625,benchmark_bank_mass_only,0.0813383292535007,265534090466.64398,1.0,265534090452.5743,1.1979683751142434e-05,0.008981990770005,265534090466.63986
1.285,-0.55,benchmark_bank_mass_only,0.08197428590698311,289987122767.5147,1.0,289987122746.02844,1.1869682924410406e-05,0.0090156861189796,289987122767.51056
1.285,-0.5375000000000001,benchmark_bank_mass_only,0.08260496626965905,340300066671.03406,1.0,340300066635.88574,1.1792554257632478e-05,0.0090488758657068,340300066671.0299
1.285,-0.5249999999999999,benchmark_bank_mass_only,0.08322982326992759,443953293655.91833,1.0,443953293592.0949,1.1731803939518176e-05,0.0090815457607437,443953293655.91406
1.285,-0.5125,benchmark_bank_mass_only,0.08384830784324748,658691132786.0397,1.0,658691132654.6426,1.1670938158777067e-05,0.0091136816656485,658691132786.0354
1.285,-0.5,benchmark_bank_mass_only,0.08445987194742063,1108464790868.7185,1.0,1108464790562.374,1.159346310411868e-05,0.0091452696838048,1108464790868.714
1.285,-2.1,any_recovery_bank_mass_lower_bound,0.10398176192529458,64423282238.70964,-1.0,64423282238.60565,0.0,-0.0036301572131476,64423282238.60565
1.285,-2.0875,any_recovery_bank_mass_lower_bound,0.08827651272706442,57813732767.04549,-1.0,57813732766.957184,-1.1318976678877851e-05,-0.00326785637722,57813732766.95721
1.285,-2.075,any_recovery_bank_mass_lower_bound,0.07569997267153067,52402226398.79234,-1.0,52402226398.71644,-8.179323519776927e-05,-0.0029149369936143,52402226398.71665
1.285,-2.0625,any_recovery_bank_mass_lower_bound,0.06558314209501251,48000986662.95933,-1.0,48000986662.8931,-0.0002477136774044,-0.002573696165578,48000986662.89373
1.285,-2.0500000000000003,any_recovery_bank_mass_lower_bound,0.059118426485997404,45679769188.17933,-1.0,45679769188.11886,-0.0005232604875699,-0.0022462827664043,45679769188.12021
1.285,-2.0375,any_recovery_bank_mass_lower_bound,0.05340188196055246,43709096664.3929,-1.0,43709096664.33716,-0.0009041162471641,-0.0019346302908011,43709096664.33951
1.285,-2.025,any_recovery_bank_mass_lower_bound,0.04810183893114227,41924622556.461,-1.0,41924622556.40935,-0.0013714431781087,-0.001640366562879,41924622556.4129
1.285,-2.0125,any_recovery_bank_mass_lower_bound,0.04606675622185794,42577495735.6926,-1.0,42577495735.64161,-0.0018960479512525,-0.0013646927235897,42577495735.64653
1.285,-2.0,any_recovery_bank_mass_lower_bound,0.0441129497987407,43525496431.75234,-1.0,43525496431.70189,-0.0024425790487259,-0.0011082217157651,43525496431.70823
1.285,-1.9875,any_recovery_bank_mass_lower_bound,0.04154621584779316,44204488183.223366,-1.0,44204488183.17408,-0.0029736232207449,-0.0008707686592974,44204488183.18183
1.285,-1.975,any_recovery_bank_mass_lower_bound,0.03839522677613877,44531393332.71038,-1.0,44531393332.66297,-0.0034535891293476,-0.0006510875390876,44531393332.67198
1.285,-1.9625000000000001,any_recovery_bank_mass_lower_bound,0.0354147881230345,44473244717.822205,-1.0,44473244717.77735,-0.0038522878234584,-0.0004465584559641,44473244717.78743
1.285,-1.9500000000000002,any_recovery_bank_mass_lower_bound,0.032848028279858714,44086853888.16822,-1.0,44086853888.12644,-0.0041481412415869,-0.0002528455903729,44086853888.13732
1.285,-1.9375,any_recovery_bank_mass_lower_bound,0.0301016650965828,43527010489.753815,-1.0,43527010489.71534,-0.0043309714903838,-6.357375090323061e-05,43527010489.72672
1.285,-1.925,any_recovery_bank_mass_lower_bound,0.0284656247314183,43574884510.10947,-0.8303892795070927,43574884510.07347,-0.004404345199185,0.000129887932675,43574884510.085075
1.285,-1.9125,any_recovery_bank_mass_lower_bound,0.028340926797959527,44497496444.46728,-0.5767434316563791,44497496444.432144,-0.0043874688025915,0.0003383976968015,44497496444.44373
1.285,-1.9000000000000001,any_recovery_bank_mass_lower_bound,0.031155915146617166,47239311336.99749,-0.36827818262336875,47239311336.96016,-0.0043166521550422,0.0005745835286728,47239311336.9716
1.285,-1.8875000000000002,any_recovery_bank_mass_lower_bound,0.03196639125176497,48812514727.43834,-0.2815488458128244,48812514727.40047,-0.0042347366292883,0.0008517555788131,48812514727.41172
1.285,-1.875,any_recovery_bank_mass_lower_bound,0.03196777314808822,49985760806.14334,-0.22861877789848467,49985760806.10563,-0.0041504879517306,0.0011820463578293,49985760806.1167
1.285,-1.8625,any_recovery_bank_mass_lower_bound,0.031859383081882374,51175734987.09626,-0.18936643523224414,51175734987.05876,-0.0040626079477076,0.0015738147576507,51175734987.06962
1.285,-1.85,any_recovery_bank_mass_lower_bound,0.03167186322519608,52396410561.22816,-0.15925665534018685,52396410561.19094,-0.0039697984425579,0.002028668976334,52396410561.20159
1.285,-1.8375000000000001,any_recovery_bank_mass_lower_bound,0.03144066926123435,53665284948.15408,-0.13575549528749714,53665284948.11715,-0.0038707612616199,0.002538857590862,53665284948.12758
1.285,-1.8250000000000002,any_recovery_bank_mass_lower_bound,0.03120677894753871,55003902923.123695,-0.11731735094656147,55003902923.08704,-0.0037641982302322,0.0030860698879337,55003902923.09723
1.285,-1.8125,any_recovery_bank_mass_lower_bound,0.031020399467307964,56441304241.55177,-0.10288745150339886,56441304241.515366,-0.0036488111737334,0.0036426156074265,56441304241.5253
1.285,-1.8,any_recovery_bank_mass_lower_bound,0.03092518003867982,58004323361.71176,-0.09168595095747949,58004323361.67548,-0.003523301917462,0.0041753409574214,58004323361.68515
1.285,-1.7875,any_recovery_bank_mass_lower_bound,0.030836958205037943,59701247456.69745,-0.08276601445315007,59701247456.66131,-0.0033877467241073,0.0048501710525953,59701247456.67068
1.285,-1.7750000000000001,any_recovery_bank_mass_lower_bound,0.030789393538369993,61505211490.80163,-0.07667811159404828,61505211490.765564,-0.0032477196057615,0.005516677166665,61505211490.77463
1.285,-1.7625000000000002,any_recovery_bank_mass_lower_bound,0.030838899838858916,63354270901.77705,-0.07312235483529597,63354270901.74095,-0.0031101690118677,0.0059057277061128,63354270901.74971
1.285,-1.75,any_recovery_bank_mass_lower_bound,0.03089553188401409,65172193168.96162,-0.07114552385534115,65172193168.92548,-0.0029820433918688,0.0060340959966296,65172193168.93397
1.285,-1.7375,any_recovery_bank_mass_lower_bound,0.03084801638382082,66869391062.45683,-0.07001122783417446,66869391062.42074,-0.002870291195208,0.0059623815426947,66869391062.42896
1.285,-1.725,any_recovery_bank_mass_lower_bound,0.03057452707663642,68343996887.77526,-0.06922629438290923,68343996887.73941,-0.0027818608713282,0.0057777349610289,68343996887.74744
1.285,-1.7125000000000001,any_recovery_bank_mass_lower_bound,0.02995597420020933,69485817059.31946,-0.06854672019540047,69485817059.28415,-0.0027237008696724,0.0055747506124269,69485817059.29205
1.285,-1.7000000000000002,any_recovery_bank_mass_lower_bound,0.0288848964342361,70177610119.99652,-0.06797556112155169,70177610119.9622,-0.0027027596396836,0.0054399825702612,70177610119.97002
1.285,-1.6875,any_recovery_bank_mass_lower_bound,0.027322034161111963,70345329387.78099,-0.06766789707982374,70345329387.74811,-0.0027214592177586,0.0054427012682864,70345329387.75592
1.285,-1.675,any_recovery_bank_mass_lower_bound,0.02538071732963235,70000843155.05327,-0.06797848034922334,70000843155.02219,-0.0027641159881082,0.0055325400588764,70000843155.03008
1.285,-1.6625,any_recovery_bank_mass_lower_bound,0.02540604453715787,71230514851.80273,-0.06645355863975304,71230514851.77145,-0.0028105199218972,0.005484841465358,71230514851.77942
1.285,-1.6500000000000001,any_recovery_bank_mass_lower_bound,0.025532449495568158,72567357735.01927,-0.06459298233982859,72567357734.98775,-0.0028404609902902,0.0054507287510633,72567357734.99574
1.285,-1.6375000000000002,any_recovery_bank_mass_lower_bound,0.02569829445759309,73960136186.69954,-0.062445670069179046,73960136186.66774,-0.0028337291644519,0.0054310979484421,73960136186.6757
1.285,-1.625,any_recovery_bank_mass_lower_bound,0.025946765816186858,75451643101.48393,-0.0599702135234807,75451643101.45186,-0.0027701144155468,0.0054252404517857,75451643101.45967
1.285,-1.6125,any_recovery_bank_mass_lower_bound,0.026236055202631753,77005095352.46056,-0.05722764749367707,77005095352.42825,-0.0026294067147397,0.005431577944147,77005095352.43576
1.285,-1.6,any_recovery_bank_mass_lower_bound,0.026517457283571574,78569336424.82922,-0.05429120231450556,78569336424.79678,-0.0023913960331951,0.0054481779035898,78569336424.80385
1.285,-1.5875,any_recovery_bank_mass_lower_bound,0.02701831958450855,80370421975.92747,-0.05104996947708877,80370421975.89479,-0.0020443670489227,0.0054730799361273,80370421975.90132
1.285,-1.5750000000000002,any_recovery_bank_mass_lower_bound,0.02770510837709065,82614027187.88591,-0.047675592011233656,82614027187.8529,-0.0016105832673117,0.0055044789175603,82614027187.85887
1.285,-1.5625,any_recovery_bank_mass_lower_bound,0.028473329964847693,85226998335.99918,-0.0443778076996876,85226998335.9658,-0.0011208029005963,0.0055408103194175,85226998335.9712
1.285,-1.55,any_recovery_bank_mass_lower_bound,0.029291474381943097,88374642262.94743,-0.041261873466898046,88374642262.91368,-0.0006057841610107,0.0055807742676573,88374642262.91853
1.285,-1.5375,any_recovery_bank_mass_lower_bound,0.030122611550715873,91596385433.9881,-0.038396363457037085,91596385433.954,-9.628526078907674e-05,0.0056233246243837,91596385433.95833
1.285,-1.525,any_recovery_bank_mass_lower_bound,0.030931346072131088,94781931488.64417,-0.03581832986766252,94781931488.60963,0.0003769355878344,0.0056676410289618,94781931488.61346
1.285,-1.5125000000000002,any_recovery_bank_mass_lower_bound,0.03173450999522082,97906971078.22925,-0.033522915318967526,97906971078.19427,0.0007831201726255,0.0057130944769523,97906971078.19772
1.285,-1.5,any_recovery_bank_mass_lower_bound,0.03291681883232173,102403594758.73393,-0.031364558303322146,102403594758.69806,0.0010915102813501,0.0057592129669863,102403594758.70119
1.285,-1.4875,any_recovery_bank_mass_lower_bound,0.03379970967963977,106101589944.28624,-0.029572612484205594,106101589944.24963,0.0012803261337769,0.0058056500500577,106101589944.25261
1.285,-1.475,any_recovery_bank_mass_lower_bound,0.03440544249657541,108909036877.12558,-0.028077180344349938,108909036877.08847,0.0013637016776866,0.0058521577770163,108909036877.09137
1.285,-1.4625,any_recovery_bank_mass_lower_bound,0.034793819130425487,110957177499.82819,-0.026802311262797165,110957177499.79066,0.0013647492928627,0.0058985643791469,110957177499.79355
1.285,-1.4500000000000002,any_recovery_bank_mass_lower_bound,0.035027052874518086,112402926639.27246,-0.025687898351060185,112402926639.23465,0.0013065813590888,0.0059447559507907,112402926639.23758
1.285,-1.4375,any_recovery_bank_mass_lower_bound,0.03516968521736763,113428474136.8404,-0.024684310574925226,113428474136.80235,0.0012123102561485,0.0059906621939961,113428474136.80537
1.285,-1.425,any_recovery_bank_mass_lower_bound,0.03528851498306846,114227019952.00871,-0.02374916358611848,114227019951.97047,0.0011050483638254,0.0060362451315063,114227019951.97357
1.285,-1.4125,any_recovery_bank_mass_lower_bound,0.0354525156998379,115020300602.11295,-0.022845606398448213,115020300602.07448,0.001007908061903,0.006081490453657,115020300602.07764
1.285,-1.4,any_recovery_bank_mass_lower_bound,0.035732758537397255,116051263665.18134,-0.021941743536376276,116051263665.14255,0.0009440017301649,0.0061264008529887,116051263665.14574
1.285,-1.3875000000000002,any_recovery_bank_mass_lower_bound,0.03617593942600014,117472546839.1856,-0.021023407327915997,117472546839.1464,0.0009294249954532,0.00617099098262,117472546839.14955
1.285,-1.375,any_recovery_bank_mass_lower_bound,0.03676397437492604,119236148543.36563,-0.02010365878100126,119236148543.32593,0.0009522064728438,0.0062152838300237,119236148543.329
1.285,-1.3625,any_recovery_bank_mass_lower_bound,0.037451242480575186,121200182783.3483,-0.019205467476755427,121200182783.30803,0.0009933580244711,0.0062593077620396,121200182783.31096
1.285,-1.35,any_recovery_bank_mass_lower_bound,0.03819061026953821,123207175920.35446,-0.018347784053391925,123207175920.3136,0.0010338915124695,0.0063030946138591,123207175920.31639
1.285,-1.3375,any_recovery_bank_mass_lower_bound,0.03893351159059595,125084182187.23274,-0.017545701399226843,125084182187.19128,0.0010548187989734,0.0063466781002808,125084182187.19392
1.285,-1.3250000000000002,any_recovery_bank_mass_lower_bound,0.039630036134101695,126644583833.92014,-0.016810969937232294,126644583833.87813,0.0010371517461171,0.0063900928728854,126644583833.88065
1.285,-1.3125,any_recovery_bank_mass_lower_bound,0.040229025271312766,127688545423.02481,-0.016152734235671942,127688545422.98232,0.0009619022160351,0.0064333737401366,127688545422.98473
1.285,-1.3,any_recovery_bank_mass_lower_bound,0.04067818056349411,128001900047.83807,-0.015578391594130582,128001900047.79518,0.0008100820708618,0.0064765552369965,128001900047.79753
1.285,-1.2875,any_recovery_bank_mass_lower_bound,0.041257749917903326,128270350060.85477,-0.015045382715383167,128270350060.81133,0.0005705308149764,0.0065196712786673,128270350060.81369
1.285,-1.275,any_recovery_bank_mass_lower_bound,0.04193704911921226,128579311104.47084,-0.014549430831247464,128579311104.42671,0.0002633985217379,0.0065627551556206,128579311104.42915
1.285,-1.2625000000000002,any_recovery_bank_mass_lower_bound,0.04250560744500079,128561147852.84967,-0.014105222384085342,128561147852.80493,-8.333709324983982e-05,0.0066058393886439,128561147852.80746
1.285,-1.25,any_recovery_bank_mass_lower_bound,0.042962344248665775,128314029439.07295,-0.013701537661212196,128314029439.0277,-0.0004416983143832,0.0066489558885562,128314029439.03043
1.285,-1.2375,any_recovery_bank_mass_lower_bound,0.04331364039505424,127960159030.99088,-0.013327825296516771,127960159030.94525,-0.0007837074260583,0.0066921360180911,127960159030.94827
1.285,-1.225,any_recovery_bank_mass_lower_bound,0.043575388061032755,128176987270.74731,-0.012973752044979523,128176987270.70142,-0.0010813867126713,0.0067354107746252,128176987270.70493
1.285,-1.2125,any_recovery_bank_mass_lower_bound,0.04376791024779955,128671499886.1506,-0.01262967703459459,128671499886.10455,-0.0013067584586184,0.0067788110041918,128671499886.10844
1.285,-1.2000000000000002,any_recovery_bank_mass_lower_bound,0.04416087929153888,129965575955.72414,-0.012261250251559296,129965575955.6778,-0.0014318449482959,0.0068223675200959,129965575955.68182
1.285,-1.1875,any_recovery_bank_mass_lower_bound,0.045803439184437515,134178651648.38953,-0.011765831312998288,134178651648.34172,-0.0014374819506712,0.0068661113506294,134178651648.34563
1.285,-1.175,any_recovery_bank_mass_lower_bound,0.04798698215528013,139833946529.12845,-0.011229781806281392,139833946529.0787,-0.0013397591729965,0.006910073690091,139833946529.08228
1.285,-1.1625,any_recovery_bank_mass_lower_bound,0.049579379879834615,144550216402.67615,-0.010763692379266896,144550216402.6251,-0.0011635798070955,0.0069542859593441,144550216402.6281
1.285,-1.15,any_recovery_bank_mass_lower_bound,0.05062412893405262,148335112764.33884,-0.010361524560328716,148335112764.28702,-0.0009338470447916,0.0069987794819144,148335112764.2895
1.285,-1.1375000000000002,any_recovery_bank_mass_lower_bound,0.05116500691322086,151256188725.6243,-0.010018052523470013,151256188725.57227,-0.0006754640779086,0.0070435848397224,151256188725.57404
1.285,-1.125,any_recovery_bank_mass_lower_bound,0.05124625918765774,152911769265.2958,-0.009728887718018569,152911769265.24396,-0.0004133340982699,0.0070887309272375,152911769265.24506
1.285,-1.1125,any_recovery_bank_mass_lower_bound,0.050913757872369556,153249837077.94016,-0.009490267972524745,153249837077.8889,-0.000172360297699,0.0071342431823312,153249837077.88937
1.285,-1.1,any_recovery_bank_mass_lower_bound,0.051601642272499484,155716908429.94943,-0.00920641222390446,155716908429.89767,2.2554131980299425e-05,0.007180140993721,155716908429.8978
1.285,-1.0875000000000001,any_recovery_bank_mass_lower_bound,0.05260435650070557,158738376270.61627,-0.008928676475355866,158738376270.56366,0.0001525309488728,0.0072264340108805,158738376270.56366
1.285,-1.075,any_recovery_bank_mass_lower_bound,0.05347052026661846,161338442793.09607,-0.00868477898112612,161338442793.04266,0.0002227917107957,0.0072731170202535,161338442793.04263
1.285,-1.0625,any_recovery_bank_mass_lower_bound,0.054225277163035754,163608221603.92538,-0.008468407405086765,163608221603.87128,0.0002445829254946,0.0073201632700646,163608221603.87122
1.285,-1.05,any_recovery_bank_mass_lower_bound,0.05489432846534511,165642523499.9867,-0.008267203588515164,165642523499.9319,0.0002291511007147,0.007367516416067,165642523499.93182
1.285,-1.0375,any_recovery_bank_mass_lower_bound,0.05550416538501585,167543084319.52762,-0.008070871613622762,167543084319.47214,0.0001877427442016,0.007415081391486,167543084319.47214
1.285,-1.0250000000000001,any_recovery_bank_mass_lower_bound,0.0560826767162914,169417176850.03934,-0.007882460520508538,169417176849.98325,0.0001316043637007,0.0074627160075412,169417176849.98328
1.285,-1.0125,any_recovery_bank_mass_lower_bound,0.05665756511688721,171374748311.34583,-0.007702898706551205,171374748311.28906,7.198246695745534e-05,0.0075102259889871,171374748311.28915
1.285,-1.0,any_recovery_bank_mass_lower_bound,0.05725338003101311,173522059224.09387,-0.007511244790208803,173522059224.0365,2.0123561717250578e-05,0.0075573684673598,173522059224.03662
1.285,-0.9875,any_recovery_bank_mass_lower_bound,0.05785370336301982,175879184716.14566,-0.0072905472965224365,175879184716.08765,-1.5102286096071217e-05,0.0076791603711186,175879184716.0878
1.285,-0.9750000000000001,any_recovery_bank_mass_lower_bound,0.05844779174961554,178424170722.6503,-0.007283225919553032,178424170722.59167,-3.4330777845242886e-05,0.0079399445231694,178424170722.59186
1.285,-0.9625000000000001,any_recovery_bank_mass_lower_bound,0.05923982718963971,181155568794.68005,-0.007340870524355608,181155568794.62064,-4.057405671463213e-05,0.0079547327980722,181155568794.62082
1.285,-0.95,any_recovery_bank_mass_lower_bound,0.060164334028284895,184032615258.5537,-0.007151240823984423,184032615258.49338,-3.684426588860652e-05,0.0078281298275263,184032615258.49356
1.285,-0.9375,any_recovery_bank_mass_lower_bound,0.06115081994173181,186996273564.5234,-0.006534412191468851,186996273564.4621,-2.615354855153391e-05,0.007655333605959,186996273564.4623
1.285,-0.925,any_recovery_bank_mass_lower_bound,0.0621205955687262,189960489681.5005,-0.005447038160986352,189960489681.4382,-1.1514047887782071e-05,0.0075163156589478,189960489681.4384
1.285,-0.9125000000000001,any_recovery_bank_mass_lower_bound,0.06300549503488982,192843571133.2952,-0.003907166129599565,192843571133.23206,4.062092918281328e-06,0.007468866877035,192843571133.23236
1.285,-0.8999999999999999,any_recovery_bank_mass_lower_bound,0.06376981254380296,195601831119.51428,-0.0018483552756934766,195601831119.45038,1.756273068228876e-05,0.0075425626181253,195601831119.4508
1.285,-0.8875,any_recovery_bank_mass_lower_bound,0.06440615052850837,198244197581.34213,0.0008229670277088391,198244197581.2776,2.661240135244245e-05,0.0077361120025729,198244197581.27826
1.285,-0.875,any_recovery_bank_mass_lower_bound,0.06495844222122633,200843924647.8917,0.004245471606806247,200843924647.82666,3.1382357407227354e-05,0.008010997012371,200843924647.82773
1.285,-0.8625,any_recovery_bank_mass_lower_bound,0.06560839456478722,203472385527.08292,0.008910820693855917,203472385527.0172,3.268053045769881e-05,0.0080613135022602,203472385527.01886
1.285,-0.8500000000000001,any_recovery_bank_mass_lower_bound,0.06625665212199607,206164342587.79404,0.01576692575753089,206164342587.7277,3.1314852114912084e-05,0.0081024971875581,206164342587.7302
1.285,-0.8374999999999999,any_recovery_bank_mass_lower_bound,0.0669019371982984,208937534531.17862,0.02584448973917182,208937534531.11154,2.809325398992239e-05,0.0081435533405212,208937534531.11533
1.285,-0.825,any_recovery_bank_mass_lower_bound,0.06754620744306225,211797193917.82132,0.04067245713393364,211797193917.75354,2.3823667693785127e-05,0.0081844666376909,211797193917.75922
1.285,-0.8125,any_recovery_bank_mass_lower_bound,0.06819114194037651,214734768248.63287,0.06225649955943242,214734768248.56433,1.9314024837555567e-05,0.0082252213707514,214734768248.57285
1.285,-0.8,any_recovery_bank_mass_lower_bound,0.06883871887908906,217728614164.37454,0.09391223484783587,217728614164.30505,1.5372257032289002e-05,0.0082658015646392,217728614164.31772
1.285,-0.7875000000000001,any_recovery_bank_mass_lower_bound,0.06949041523511042,220735459245.85205,0.13993678724865902,220735459245.78116,1.2635518733213107e-05,0.0083061910615164,220735459245.79996
1.285,-0.7749999999999999,any_recovery_bank_mass_lower_bound,0.07014617991672698,223693662800.28372,0.20705218751281598,223693662800.21057,1.1057855772245128e-05,0.0083463735678738,223693662800.2384
1.285,-0.7625,any_recovery_bank_mass_lower_bound,0.07080537967068906,226531212704.5458,0.3038957774786338,226531212704.46872,1.0422536825474758e-05,0.0083863326614512,226531212704.5097
1.285,-0.75,any_recovery_bank_mass_lower_bound,0.07146736857544257,229167805266.94702,0.44410771756222095,229167805266.86218,1.0512830568991605e-05,0.0084260517942622,229167805266.92236
1.285,-0.7375,any_recovery_bank_mass_lower_bound,0.07213146849017345,231521042124.81732,0.6449446350692888,231521042124.71683,1.1112005678885298e-05,0.008465514528607,231521042124.80484
1.285,-0.7250000000000001,any_recovery_bank_mass_lower_bound,0.07279695933918416,233512484671.2482,0.9331233979500119,233512484671.11566,1.2003330831245493e-05,0.0085047042616411,233512484671.244
1.285,-0.7124999999999999,any_recovery_bank_mass_lower_bound,0.07346308598528624,235079223476.12805,1.0,235079223475.93805,1.2970074702161831e-05,0.0085436045341355,235079223476.12415
1.285,-0.7,any_recovery_bank_mass_lower_bound,0.07412906396606851,236181184869.0838,1.0,236181184868.81088,1.3795505967723925e-05,0.0085821989031231,236181184869.07986
1.285,-0.6875,any_recovery_bank_mass_lower_bound,0.07479421933425247,236824648585.7269,1.0,236824648585.3362,1.4308533760806076e-05,0.0086204711714497,236824648585.72293
1.285,-0.675,any_recovery_bank_mass_lower_bound,0.07545822318686894,237052959822.07315,1.0,237052959821.5149,1.4520629041421187e-05,0.0086584050440538,237052959822.0692
1.285,-0.6625000000000001,any_recovery_bank_mass_lower_bound,0.07612085854227682,236947601418.64365,1.0,236947601417.84897,1.4488903226366824e-05,0.0086959844709965,236947601418.63968
1.285,-0.6499999999999999,any_recovery_bank_mass_lower_bound,0.07678188251307363,236628671275.19617,1.0,236628671274.0667,1.4270467732440548e-05,0.0087331936661999,236628671275.19214
1.285,-0.6375,any_recovery_bank_mass_lower_bound,0.07744102824447334,236231759306.20117,1.0,236231759304.60123,1.3922433976439925e-05,0.0087700168249754,236231759306.19714
1.285,-0.625,any_recovery_bank_mass_lower_bound,0.07809800783265373,235920281305.01294,1.0,235920281302.74817,1.3501913375162525e-05,0.0088064383795669,235920281305.00897
1.285,-0.6125,any_recovery_bank_mass_lower_bound,0.07875251401235922,235853919513.61697,1.0,235853919510.41748,1.3066017345405904e-05,0.0088424430049513,235853919513.6129
1.285,-0.6000000000000001,any_recovery_bank_mass_lower_bound,0.07940422367582603,236189983430.51218,1.0,236189983425.99045,1.267185730396762e-05,0.0088780154909896,236189983430.50812
1.285,-0.5874999999999999,any_recovery_bank_mass_lower_bound,0.08005276158127715,237046433475.94278,1.0,237046433469.55844,1.2364277129630585e-05,0.0089131408249063,237046433475.93872
1.285,-0.575,any_recovery_bank_mass_lower_bound,0.08069764130935597,238534518290.04,1.0,238534518281.0146,1.2139050549119009e-05,0.0089478041433908,238534518290.0359
1.285,-0.5625,any_recovery_bank_mass_lower_bound,0.0813383292535007,240979565337.02957,1.0,240979565324.2606,1.1979683751142434e-05,0.008981990770005,240979565337.02548
1.285,-0.55,any_recovery_bank_mass_lower_bound,0.08197428590698311,245173770057.2142,1.0,245173770039.04764,1.1869682924410406e-05,0.0090156861189796,245173770057.21005
1.285,-0.5375000000000001,any_recovery_bank_mass_lower_bound,0.08260496626965905,252835795341.27512,1.0,252835795315.15958,1.1792554257632478e-05,0.0090488758657068,252835795341.271
1.285,-0.5249999999999999,any_recovery_bank_mass_lower_bound,0.08322982326992759,267316236667.9738,1.0,267316236629.54236,1.1731803939518176e-05,0.0090815457607437,267316236667.96964
1.285,-0.5125,any_recovery_bank_mass_lower_bound,0.08384830784324748,295090557576.7669,1.0,295090557517.89935,1.1670938158777067e-05,0.0091136816656485,295090557576.76263
1.285,-0.5,any_recovery_bank_mass_lower_bound,0.08445987194742063,349145060559.2686,1.0,349145060462.77325,1.159346310411868e-05,0.0091452696838048,349145060559.2644
