s,steps,minimum_heat,coldest_l,maximum_abs_velocity,maximum_sound2,minimum_stretch,maximum_stretch,minimum_relative_cell_width,minimum_packet_gap,canonical_energy,slice_energy,field_slice_energy,thermal_inventory,canonical_balance_residual,momentum_balance_residual,thermal_balance_residual,maximum_anchor_force,canonical_geometry_integral,canonical_endpoint_integral,heat_endpoint_integral,heat_electrical_integral,momentum_free_integral,anchor_left_integral,anchor_right_integral,receiver_velocity,receiver_heat,receiver_l,receiver_effective_n,maximum_gamma,minimum_sound2,minimum_rest_dec_margin,maximum_density,maximum_abs_radial_stress,backbone_slice_energy,maximum_backbone_inverse_stretch,minimum_backbone_inverse_stretch
0.0,0,0.24999999999999967,-2.1,0.20214036673420838,0.9927685629678019,0.002149075487186356,0.16414965477402294,1.0,0.15000000000000002,10722.91511239038,122.12968735335787,0.0,26.30271505087351,0.0,0.0,0.0,5.534924791232587,0.0,0.0,0.0,0.0,0.0,0.0,0.0,-1.6809229994191197e-05,2.9144760200130957,-1.3,0.00418178040893795,1.0210785740059045,0.02940020329102925,0.008099743033596991,0.660933161025028,0.6513968783456622,87.74115798397702,167.8366092599726,0.7203433717180544
0.005,10,0.24999999999999967,-2.1,0.19657604239257814,0.9927760693021181,0.002148300022548445,0.16432146392411504,0.9979892417678062,0.15500000000000003,10704.57655188946,122.24822629334456,0.0,26.293309885334633,-1.0940745904553476e-11,-6.705608290857867e-13,-1.286151508640683e-15,5.546469982839616,-1.3522590062019477,-0.10707727025265568,-0.000748439293054912,0.0,-2.201441059933024,0.6114987931762617,-0.10177540112982443,-0.008154863994557312,2.9110323708513506,-1.3000157834568546,0.004194722284599321,1.0198996890868837,0.029477942591945853,0.007952616471756347,0.662309507965077,0.6527632626290412,87.87439716322409,168.0122774039659,0.7223109526787774
0.01,20,0.24999999999999967,-2.1,0.19125189474758336,0.9927838041532675,0.0021481823726795524,0.16449887741624103,0.9924193752076773,0.16000000000000003,10684.99355663565,122.3754200746148,0.0,26.28572455630634,-2.2641847141672835e-11,-1.1776135622199035e-12,-7.408995661004273e-15,5.558405868095422,-2.825069920425812,-0.19263160362231202,-0.0013520605979698496,0.0,-4.442287424151139,1.2231012191567772,-0.19689991636750415,-0.01628649908261285,2.908279854199765,-1.3000630962113908,0.004208110693792737,1.0188061541789721,0.029560435980860784,0.007799287793679151,0.6637322247824887,0.6541756922200278,88.01299993522996,168.19367576874706,0.7243979721067283
0.015,30,0.24999999999999967,-2.1,0.18614521843470647,0.9927917653116982,0.0021486982950207163,0.16468187931820769,0.9839496753019129,0.16500000000000004,10664.208789031147,122.51112707296568,0.0,26.279947091593293,-3.4688247360095045e-11,-1.5696333122150463e-12,3.0246359631168605e-15,5.570732559219359,-4.414701820574625,-0.2569989561091353,-0.0018118166317811122,0.0,-6.719640631486723,1.8348225340769955,-0.2857943733908359,-0.02440666923210114,2.906219676717867,-1.3001418638766125,0.0042219536718388455,1.0177886631050606,0.029647473593806817,0.007642308088867729,0.66520132916472,0.6556341857141375,88.15695454109056,168.3807880642709,0.7265992003463307
0.02,40,0.24999999999999967,-2.1,0.1812353449910627,0.9927999495759104,0.0021498242386897167,0.16487043158221767,0.9731855528775081,0.17000000000000004,10642.261288016402,122.65523655103544,0.0,26.275965203074442,-4.3646488810380414e-11,-1.8609558338766874e-12,-2.6976482914285512e-15,5.583448693948197,-6.117701633416383,-0.3005257807722183,-0.002128685252088543,0.0,-9.030697795540753,2.4466775160174183,-0.36892683020794936,-0.03251034733969176,2.904852829269807,-1.3002519882256183,0.0042362599408816886,1.0168391057447246,0.02973884627936391,0.007484537738983004,0.6667166652248578,0.6571385894108106,88.30625968600646,168.57357538815097,0.7289094261463844
0.025,50,0.24999999999999967,-2.1,0.17650372323014477,0.9928083528334097,0.0021515373138207366,0.16506447563113072,0.9606738454183973,0.17500000000000004,10619.186076292192,122.807661857007,0.0,26.273766272120316,-5.380595217137996e-11,-2.062572335148616e-12,-3.553266032346293e-15,5.5965515342720105,-7.930925580610953,-0.3235688379768817,-0.0023036706175220637,0.0,-11.372775457340946,3.0586803072957527,-0.44681482574327647,-0.04059254280734332,2.90418007590399,-1.3003933473974696,0.004251038939995644,1.015950450096815,0.029834339431876564,0.007328936567343287,0.6682779151706394,0.6586885888907441,88.46092141615671,168.77197784754983,0.730850386439625
0.03,60,0.24999999999999967,-2.1,0.17193197316561284,0.9928169701788646,0.002151527857193954,0.16526393481063167,0.9469023788941067,0.18000000000000005,10595.019061508441,122.96833488754262,0.0,26.273337337885163,-6.685825366462786e-11,-2.2112311981459243e-12,-4.190891992138496e-15,5.610037123996186,-9.851149432630562,-0.32649491726058577,-0.0023378041194149764,0.0,-13.743311379339637,3.67084427134477,-0.5200230223316201,-0.04864831926285744,2.9042019462616806,-1.3005657961916113,0.0042663008880491245,1.0151162743387323,0.029933744068968902,0.00716386755987184,0.6698846179401544,0.6602837275099399,88.62095090224877,168.97591706642484,0.7325995198712308
0.035,70,0.24999999999999967,-2.1,0.16750125426353074,0.9928257960133849,0.002151276871812352,0.16546871642212557,0.9323007274607364,0.18500000000000005,10569.794328572274,123.13720195746902,0.0,26.274665075888766,-5.7526810285055565e-11,-2.314703984040989e-12,-2.654049935203443e-15,5.623900419099443,-11.875284100604418,-0.3096807167693905,-0.002232146086212927,0.0,-16.13988388021441,4.283181867741377,-0.5891527680112593,-0.056672811221873044,2.904918714840487,-1.3007691664403644,0.0042820567503278765,1.0143306019311265,0.030036840920259555,0.006973597590043225,0.6715361845445872,0.6619234216247565,88.78636282508,169.18529826408405,0.7344869319420132
0.04,80,0.24999999999999967,-2.1,0.16319300140300724,0.9928348242060854,0.0021516937990945307,0.16567871522331226,0.9172424869866257,0.19000000000000006,10543.546650567801,123.31422128415156,0.0,26.277735786917894,-5.5884721796193105e-11,-2.3792079417717105e-12,1.9728256191861324e-15,5.6381355180372825,-14.000176180719276,-0.27351248620282304,-0.0019877866666668147,0.0,-18.56024256520741,4.895704548492234,-0.6548145457127268,-0.06466124019792839,2.9063303935858094,-1.3010032674573115,0.004298318312453299,1.0135879945007304,0.03013969550379527,0.006794487035402761,0.6732319252857304,0.6636069876072275,88.95717483495137,169.40001383438698,0.7365069537546676
0.045,90,0.24999999999999967,-2.1,0.15898965673757234,0.9928440482290818,0.002152754879865271,0.1658938163515724,0.9020483577609083,0.19500000000000006,10516.3057483772,123.49936101293002,0.0,26.28253537687828,-5.82665871934832e-11,-2.4108492979735274e-12,2.9701380178354753e-16,5.65273585483048,-16.22306496773895,-0.21838581814149507,-0.001605847433161968,0.0,-21.002327026840444,5.508422678028082,-0.7176028565547773,-0.07260892949075406,2.9084367122813846,-1.3012678865601486,0.004315098164010327,1.0128836280615983,0.030224942311643157,0.0066273909879874865,0.6749710724923565,0.6653336644123166,89.13340719213404,169.61994633479264,0.7386539538299953
0.05,100,0.24999999999999967,-2.1,0.1548748210553393,0.9928534613126261,0.0021544369955526044,0.16611389875773183,0.8869916448455526,0.20000000000000007,10488.095903188258,123.69259747075272,0.0,26.28904933937626,-5.662170840982233e-11,-2.422617662034554e-12,-3.667711717437202e-15,5.66769442822793,-18.541613584630234,-0.14470535408899013,-0.0010874827678272604,0.0,-23.464302489787567,6.121345478521112,-0.7780502469910097,-0.08051131803032177,2.911237102288355,-1.301562789656454,0.004332409710291125,1.0122132620206472,0.030315002148212818,0.006472658163190743,0.676752807523279,0.6671026403824636,89.31508233066337,169.84497199724942,0.7409221826513941
0.055,110,0.24999999999999967,-2.1,0.1508333977976479,0.9928630566156312,0.0021567192403346208,0.1663388390521556,0.872305805590242,0.20500000000000007,10458.94118581402,123.89391391885451,0.0,26.297262741156157,-5.0814494557350406e-11,-2.3991919562149633e-12,-4.823068157402562e-16,5.683004060689333,-20.95349322247482,-0.05288440852348871,-0.0004338810213923743,0.0,-25.944603170335547,6.734481001502438,-0.8365990158971452,-0.08836397332604375,2.9147306840662908,-1.3018877218945373,0.004350267215697402,1.0115732097434085,0.03040965038754523,0.006330343176279538,0.6785762912989199,0.6689130835569043,89.50222457645387,170.074964660676,0.7433060605285281
0.06,120,0.24999999999999967,-2.1,0.14685364761482528,0.9928728273558997,0.002159579861827408,0.16656851446433615,0.8581926345099496,0.21000000000000008,10428.862285045485,124.10329963076006,0.0,26.30716019955595,-3.709906206591861e-11,-2.346345340242806e-12,-7.749607819012928e-15,5.698657599436013,-23.456635777144058,0.05665527610328164,0.0003537336927947393,0.0,-28.44194651865978,7.347836125810607,-0.8935701644825331,-0.09616260259335759,2.9189162434852465,-1.3022424083683473,0.00436868576067395,1.010960601190115,0.030508653393343327,0.006200308211548592,0.6804406879046655,0.6707641651037269,89.69485998242594,170.3097987970245,0.7457997796395118
0.065,130,0.24999999999999967,-2.1,0.14292547817424459,0.9928827669774587,0.002162999089555868,0.16680280672969808,0.8448289032069519,0.21499999999999997,10397.879339192723,124.32074939249551,0.0,26.31872586931544,-3.3299029337338205e-11,-2.2666313270747196e-12,-5.4715937062510414e-15,5.714648182163172,-26.04900897495601,0.1834839819070377,0.0012741004489904475,0.0,-30.95533668089571,7.961416581171449,-0.9491490098980258,-0.10390306343882438,2.9237922211446428,-1.3026265548722278,0.004387681300647046,1.0103730424805937,0.030611763194881868,0.006082369311075027,0.6823451959004153,0.6726550904048936,89.89301646007992,170.5493534853869,0.7483971689606836
0.07,140,0.24999999999999967,-2.1,0.13904300434972452,0.9928928692693693,0.0021652102154020147,0.16704160489767117,0.8323717299461227,0.22000000000000008,10366.009005414662,124.54626317061891,0.0,26.331943422173516,-3.341168748982389e-11,-2.134958876354176e-12,-4.9593130206060234e-15,5.7309694316562885,-28.72884991367361,0.3271643412412835,0.002325919885460998,0.0,-33.484040849521634,8.575226995943554,-1.0033631870155644,-0.11158137252604809,2.929356691426294,-1.3030398487018529,0.004407270644202405,1.0098089367244998,0.030718720659104533,0.005969838123256226,0.6842890711562224,0.6745851217293983,90.09672398156123,170.79351528313953,0.751091773347568
0.075,150,0.24999999999999967,-2.1,0.1352046555177842,0.992903128481826,0.002167548629739237,0.1672848081302107,0.8209596586697627,0.22499999999999998,10333.264040567738,124.77984541328709,0.0,26.346796029380524,-3.928177017197241e-11,-2.148281552649678e-12,-5.487943089835456e-15,5.74761565136334,-31.494698818076262,0.48725173726514326,0.0035078528128598056,0.0,-36.02746655620662,9.189270966777627,-1.0560882313093647,-0.11919371314525881,2.9356073455554044,-1.3034819594897586,0.0044274714609222774,1.0092674029533797,0.030829243261565838,0.005827078658500516,0.6862716498217228,0.6765536010408898,90.3060146365882,171.04218108732104,0.7538765441232098
0.08,160,0.24999999999999967,-2.1,0.1384596902061847,0.9929135394365468,0.0021705141874025008,0.16753232842097737,0.8107092982756365,0.22999999999999998,10299.656664807177,125.02150437614792,0.0,26.363266344461618,-3.756992431314978e-11,-2.0672352718520415e-12,-7.673310695618989e-15,5.764582017129907,-34.3451318081246,0.6632947389933986,0.004818518842578612,0.0,-38.585113350273204,9.803551147417833,-1.107070759496834,-0.12673644178557356,2.9425414778647694,-1.3039525400750707,0.0044483023220261856,1.0097256063017657,0.030943016217914555,0.005692107140563349,0.6882923708708547,0.6785599723852833,90.52092252387415,171.29526091488756,0.7476724221122198
0.085,170,0.24999999999999967,-2.1,0.14709212461614876,0.9929240975801165,0.0021740852762470527,0.16778409200927522,0.801712223667755,0.235,10265.194587287237,125.27122641994376,0.0,26.381310936037956,-3.727973365411546e-11,-1.991518061572606e-12,1.6676371256103771e-15,5.781864681316081,-37.27881076724262,0.854568704854085,0.006254461815302071,0.0,-41.156580776018814,10.418069353260032,-1.1559489947950679,-0.13420654064935017,2.9501445312513934,-1.3044512278400093,0.004469782405268765,1.0109968179633386,0.031059731708329805,0.005565044579023762,0.6903507882407552,0.6806037939476843,90.74148380307538,171.55267934840913,0.7380226806967978
0.09,180,0.24999999999999967,-2.1,0.15572847394796904,0.9929347990577475,0.0021782421794332694,0.16804004131803826,0.7940328124523816,0.24,10229.873778817322,125.52891370418473,0.0,26.400796442780287,-4.4357316410274576e-11,-1.901145907368118e-12,-5.166405212675286e-15,5.799460913402446,-40.29440331386166,1.0594206204792143,0.007805069173648838,0.0,-43.74162684044024,11.032826677940344,-1.2022902559911919,-0.1416028582393624,2.9583615758041426,-1.3049776500976182,0.004491930823787779,1.012350780780157,0.031179043509657032,0.00544595732055735,0.6924465873784371,0.6826847544872078,90.96773792333329,171.81437751758506,0.7290509828344129
0.095,190,0.24999999999999967,-2.1,0.16436897018105423,0.9929456407284126,0.002182965195148132,0.1683001355282237,0.7877070749204612,0.245,10193.689339279379,125.79445406715585,0.0,26.42157072799761,-5.345088715828268e-11,-1.845412711531935e-12,-6.321761652640645e-15,5.817369148188567,-43.39047916265358,1.2760302615351025,0.009458234264418112,0.0,-46.34003272653939,11.647823617982665,-1.2456228099055553,-0.14892503513416747,2.9671292352525964,-1.3055314296917873,0.004514767193670967,1.0137886137360101,0.03130063706696586,0.005334834753885931,0.6945795908287027,0.6848026788915247,91.19972715404141,172.08031368653874,0.7207381439948822
0.1,200,0.24999999999999967,-2.1,0.17301337078041382,0.9929566201691945,0.002188234450352362,0.1685643509138003,0.7827437388460129,0.25,10156.638278511955,126.06774069705493,0.0,26.44348284991156,-6.551333157179574e-11,-1.800781745942004e-12,-1.0943187412502083e-14,5.835589017657371,-46.56550029078944,1.5026216557050043,0.011201945522536932,0.0,-48.95154339069817,12.263060201374154,-1.2855035701851834,-0.156173148315313,2.9763846435481653,-1.3061121871846204,0.004538311838585569,1.0153114287150515,0.0314242347543116,0.0052316041548345835,0.696749761942008,0.6869575318653355,91.43749658603035,172.35046359633014,0.7130634515377487
0.105,210,0.24999999999999967,-2.1,0.18166097090215738,0.9929677356699192,0.002194031608387882,0.16883268095759518,0.7791271192096733,0.255,10118.718644629678,126.34867239146536,0.0,26.466383121243506,-6.43721009992473e-11,-1.7699175458574246e-12,-7.498917270718558e-15,5.8541213677164565,-49.81789153755596,1.7374643161717809,0.013024291212849246,0.0,-51.57585647905715,12.878536116040575,-1.3215513311491904,-0.16334767836584346,2.9860654847403443,-1.306719542610569,0.004562585849424055,1.0169203119777963,0.03154956476993371,0.005136169391745792,0.6989572068486024,0.6891494198979184,91.68109443641087,172.6248205834046,0.7056232877906019
0.11,220,0.24999999999999967,-2.1,0.19031061504486033,0.9929789861726965,0.0022003371360510417,0.16910513514210723,0.776820405416026,0.26,10079.929559479158,126.63715304644728,0.0,26.49012317008,-5.286213495581882e-11,-1.7634782523145986e-12,-8.71967124502158e-15,5.872968183604434,-53.14603889489902,1.9788743536551296,0.014913464273634852,0.0,-54.21261603340635,13.494250834318715,-1.3534560122453745,-0.17044947404748415,2.996110027325823,-1.3073531170864248,0.004587611078529197,1.0186163054611448,0.03167650363761151,0.005048366610658203,0.7012021656072589,0.6913785824815188,91.9305716296506,172.90339434324682,0.6968360994705971
0.115,230,0.24999999999999967,-2.1,0.19896071719182984,0.9929903712348289,0.002207132609046288,0.16938173829424905,0.775769138667462,0.265,10040.271220555487,126.93309205473548,0.0,26.514556005651507,-5.3155115909651545e-11,-1.7603696278456482e-12,-5.493392884363595e-15,5.892132552416412,-56.54829046204195,2.2252155835401006,0.016857767551112783,0.0,-56.861407198195735,14.110203729867655,-1.3809894998888552,-0.17747971740943472,3.006457170527237,-1.3080125342738909,0.004613410234399009,1.0204003896934424,0.03180495214485354,0.004968016835622495,0.7034850078448776,0.6936453877890398,92.18598217473347,173.18621026040492,0.688866597492308
0.12,240,0.24999999999999967,-2.1,0.20760928048517732,0.9930018909426949,0.0022143996333730794,0.16966252872806217,0.7759045398755521,0.27,9999.745479387268,127.23640395525676,0.0,26.539536084874083,-5.167067907689908e-11,-1.7863488466218769e-12,-3.705860279134171e-15,5.911618542071034,-60.02291139069974,2.4749004975053857,0.01884561909466272,0.0,-59.52175699337727,14.726394183900286,-1.404006973567477,-0.18443988690569005,3.017046485004791,-1.3086974216932772,0.0046400069133487685,1.022273466878703,0.03193482364541829,0.00489492836660231,0.7058062184864637,0.6959503185112358,92.44738281121906,173.47330750948964,0.6817021653843123
0.125,250,0.24999999999999967,-2.1,0.2162539216855851,0.9930135458259867,0.0022221194391881067,0.1699475563663962,0.7771463436437404,0.275,9958.355835347093,127.54700837905713,0.0,26.564919382109093,-5.578357360975085e-11,-1.8001156121272288e-12,-5.057409322112516e-15,5.931431077443054,-63.56808530742143,2.726391193323428,0.02086555770812422,0.0,-62.19313939276582,15.342821678122258,-1.4224309533894364,-0.1913317206401755,3.0278182581806257,-1.3094074118830572,0.004667425665843761,1.0242363452934649,0.03206605317532636,0.004828895591707019,0.7081663831934788,0.6982939574036369,92.7148329464461,173.76473713466441,0.6753293108430514
0.13,260,0.24999999999999967,-2.1,0.22489190079519583,0.993025336776136,0.0022302738741612903,0.17023688093385098,0.7794052214330743,0.28,9916.106869484245,127.86483033806482,0.0,26.59056346006542,-4.8696224821797316e-11,-1.822986206434507e-12,-5.580589596813811e-15,5.9515758200940105,-67.18196022517523,2.9782002322802255,0.022906248592016176,0.0,-64.87497913748031,15.95948587240815,-1.4362475925421605,-0.1981571801078414,3.0387135434897266,-1.3101421434095728,0.004695692098877758,1.0262897254119208,0.03219858201194686,0.004769712186389138,0.7105661742667405,0.7006769732940573,92.98839485834311,174.06056020199932,0.6697336414118714
0.135,270,0.24999999999999967,-2.1,0.2335201495880676,0.9930372649274969,0.0022289538385942215,0.17053056919949644,0.7825848130495078,0.28500000000000003,9873.004433113858,128.18979978719423,0.0,26.61632754261264,-4.408665781482911e-11,-1.8280932323477828e-12,-3.5314668542337395e-15,5.972058980899237,-70.86263428217207,3.2288913854511048,0.024956489137824726,0.0,-67.56665452789974,16.57638666587857,-1.4455043787366664,-0.2049184126865421,3.049674204420266,-1.3109012617246036,0.004724832914173359,1.0284341865548874,0.032332363357257546,0.004717166567285326,0.7130063285697381,0.7031000991650598,93.26813319781695,174.36084498025997,0.6649015595564037
0.14,280,0.24999999999999967,-2.1,0.24213530867236976,0.9930493315782896,0.002217897139452699,0.170828693150821,0.7865835382820069,0.29000000000000004,9829.055421470863,128.52185215766548,0.0,26.642072587572002,-4.925428378147869e-11,-1.8496315590255108e-12,-8.588876176346255e-15,5.992887195508034,-74.60817446835306,3.477080348139663,0.027005214720527766,0.0,-70.26750110393982,17.193524240731648,-1.4503045365778369,-0.2116177164984388,3.060642967335412,-1.3116844198744033,0.004754876040225528,1.0306701765489066,0.032467359863089774,0.0046710532130137886,0.715487632956166,0.7055641176873048,93.5541153946303,174.66566507384093,0.6608198975997941
0.145,290,0.24999999999999967,-2.1,0.2507337633675754,0.9930615380825156,0.0022083413637693423,0.17113132741135648,0.7912962393050887,0.29500000000000004,9784.268227895815,128.8609281668648,0.0,26.667661360485614,-3.600596407864271e-11,-1.8554047187535616e-12,-5.6241879530389186e-15,6.014067346066772,-78.41658107647731,3.7214353339215,0.02904150456895627,0.0,-72.97681757447224,17.810899088862435,-1.4508044340384378,-0.21825750446060538,3.0715634689809463,-1.312491279064982,0.004785850700925396,1.032998002410564,0.03260354549790387,0.004631188399948235,0.718010903288407,0.7080698403871667,93.84641134200275,174.9750967823882,0.6574769585498575
0.15,300,0.24999999999999967,-2.1,0.25931168396583804,0.9930738857604416,0.0022002371091849426,0.17143854706819567,0.7966157431650106,0.30000000000000004,9738.652663963978,129.2069739546935,0.0,26.692958508210936,-4.152516718989157e-11,-1.8820500713445654e-12,-4.4470323349610054e-15,6.0356064098690805,-82.28579459465756,3.9606776112641673,0.031054587622261563,0.0,-75.69387382745752,18.428512021940445,-1.4472061377263232,-0.22484026987876293,3.082380306885149,-1.3133215090847314,0.00481778751417883,1.0354178236364506,0.03274090334082749,0.0045974130167326524,0.7205769666550529,0.7106180899898576,94.14509338405679,175.2892168795208,0.6548629575210932
0.155,310,0.24999999999999967,-2.1,0.26786507053428565,0.9930863758307237,0.0021935384657012368,0.17175042599471213,0.8024345279402685,0.30500000000000005,9692.219331055176,129.55994148694583,0.0,26.71783063025554,-4.1832099617716325e-11,-1.886490963443066e-12,-3.3134750731082e-15,6.057511341262975,-86.21374617181372,4.193581960086551,0.03303384820655335,0.0,-78.41791668695691,19.04636416620848,-1.4397500608733935,-0.23136855382348603,3.093039092016269,-1.3141747885936996,0.004850718621499599,1.037929648584812,0.03287941953621726,0.00456958823238049,0.7231866475329422,0.7132096866785911,94.45023658794395,175.60810089787728,0.6529698204841866
0.16,320,0.24999999999999967,-2.1,0.2763897956750867,0.9930990093230819,0.002188204110107823,0.17206703464794149,0.8086461210047065,0.31000000000000005,9644.979629168389,129.91978820895267,0.0,26.74214635144867,-2.9342740100047014e-11,-1.8898216325169415e-12,-9.678835081973953e-15,6.07978891589259,-90.1983572682342,4.418977023771238,0.034968831817919425,0.0,-81.14817681279946,19.66445694378205,-1.428707277237166,-0.2378449121318266,3.1034864966367746,-1.3150508052823708,0.0048846777517476845,1.040533332388659,0.03301908418063795,0.004547605316843294,0.725840749428491,0.7158454298629879,94.76191831123765,175.93182087702397,0.6517921268647665
0.165,330,0.24999999999999967,-2.1,0.2848816551092306,0.993111787043684,0.002184196587860254,0.17238843914413088,0.8151464063808496,0.31500000000000006,9596.94566542464,130.2864776003885,0.0,26.76577638944125,-2.5224264977598425e-11,-1.892930256985892e-12,-4.185442197610358e-15,6.102445663150966,-94.23754724728367,4.635745619763188,0.036849250493902974,0.0,-83.88387467428433,20.282792042639016,-1.4143670890665987,-0.24427188602040736,3.1136703083158936,-1.3159492559078163,0.004919700371496634,1.0432285795646672,0.03315988876039739,0.00453137726659125,0.7285400470012297,0.7185260903563364,95.08021867174178,176.26044441824064,0.6513265412536394
0.17,340,0.24999999999999967,-2.1,0.29333640020748847,0.9931247095247532,0.002181482181342247,0.17271469991210714,0.8218348041250396,0.32000000000000006,9548.130819829388,130.65997994284018,0.0,26.78859459939923,-2.7769013833745522e-11,-1.8818280267396403e-12,-3.923852060259711e-15,6.125487768646376,-98.32919698391521,4.8428333700189725,0.03866506594756367,0.0,-86.62422044749941,20.90137137780401,-1.3970302268646375,-0.2506519547179665,3.123539852521825,-1.3168698462075392,0.0049558237931455725,1.0460149434539983,0.03330182771440011,0.0045208414785417065,0.7312852745721805,0.7212523989616529,95.4052203088489,176.59403330764204,0.6515722331272319
0.17500000000000002,350,0.24999999999999967,-2.1,0.3018067923064692,0.993137777001393,0.00218003111032008,0.17304587100418758,0.8286150611404594,0.32500000000000007,9498.552133139805,131.04029394264086,0.0,26.810500584274994,-2.6954247752610707e-11,-1.9100276915651193e-12,8.719671245021579e-16,6.148921022194273,-102.47115179407763,5.03944165085555,0.0404082888357004,0.0,-89.3683834519352,21.52019704643415,-1.37699779785259,-0.25698708889191224,3.133054635120599,-1.3178122900522409,0.0049930878367973296,1.0489116852983191,0.033444899085470624,0.004515959789954312,0.7340771200171015,0.7240250404047687,95.73700788958976,176.93264281161098,0.6525309662317051
0.18,360,0.24999999999999967,-2.1,0.31104327142327187,0.9931509894155414,0.0021798173823758087,0.17338200007912036,0.8353958544689973,0.32999999999999996,9448.229682149495,131.42744702106373,0.0,26.831419947275716,-2.5358199127921958e-11,-1.908251334725719e-12,-7.150130420917695e-15,6.17275081293574,-106.6612657152756,5.2250221602496225,0.04207299884965034,0.0,-92.1154957356756,22.13927127956633,-1.3545640101915768,-0.2632786891013944,3.1421843530785054,-1.3187763070751717,0.00503153503469791,1.052193256406793,0.03358910342577764,0.004516714898347001,0.7369162242349175,0.7268446528039197,96.07566823284328,177.27632165935557,0.6542067082825039
0.185,370,0.24999999999999967,-2.1,0.3202837419230381,0.9931643464044636,0.002180818099075029,0.17372312798520725,0.8262048846756009,0.3350000000000001,9397.184052606115,131.82147237268012,0.0,26.851280943799615,-9.442357597808967e-12,-1.892708212380967e-12,-1.0637998918926327e-14,6.196982096538631,-110.89739766546386,5.3990719779033025,0.043653486735405214,0.0,-94.86468206015614,22.758596393272697,-1.3300119634855436,-0.2695279790806439,3.1508999407869065,-1.3197616215027848,0.005071210166645447,1.0556076608501843,0.03373444484560326,0.00452311580573223,0.7398031772452427,0.729711823791075,96.42129037133563,177.62511161666856,0.6566059926229265
0.19,380,0.24999999999999967,-2.1,0.32952179222194855,0.9931778473399725,0.002183014394412799,0.1740692896328731,0.8171321725512605,0.33999999999999997,9345.436159662406,132.22240828374603,0.0,26.870013271272565,-6.1721320940760744e-12,-1.872946242542639e-12,-1.142276933097827e-14,6.221619453516711,-115.17741537429744,5.561123208445843,0.045144157991873456,0.0,-97.61506416547054,23.37817474180341,-1.3036073827318753,-0.27573601317549473,3.1591731803288603,-1.320767961598867,0.005112160377512158,1.059156013914989,0.033880929843807035,0.0045351922147987824,0.7427385251072014,0.7326270973806029,96.77396605538985,177.9790483780956,0.6597375744879562
0.195,390,0.24999999999999967,-2.1,0.3387508264447427,0.9931914913495864,0.0021863903750710565,0.17442051441844714,0.8087230352954934,0.3450000000000001,9293.007945998927,132.63029780866427,0.0,26.88754751199353,-6.741352232951083e-12,-1.859179477037287e-12,-1.2207539743030211e-15,6.246667116727623,-119.4991371750291,5.7107403281671445,0.046539488533925075,0.0,-100.36578391526835,23.998008675047544,-1.2755978381837874,-0.28190366368499176,3.1669767351036935,-1.3217950590761214,0.005154435251907029,1.0628391732555147,0.0340285670409054,0.004552997094686552,0.7457227731279013,0.7355909771530488,97.13378966229857,178.33816200023486,0.6624544190490746
0.2,400,0.24999999999999967,-2.1,0.3479641199488828,0.9932052773581915,0.0021909333037495953,0.17477682718584556,0.8010358805423625,0.35,9239.922385728729,133.04518892458162,0.0,26.90381554186801,-1.4476049414135026e-11,-1.871613974913089e-12,-7.498917270718558e-15,6.272129037618943,-123.86033341004872,5.847521901285078,0.04783405721837057,0.0,-103.1159811733499,24.618100502329163,-1.2462144647182185,-0.2880316108059005,3.174284184953437,-1.3228426484705282,0.005198086908570167,1.0666577337195196,0.03417736693236173,0.004576606341169436,0.7487563936571251,0.7386039339942175,97.50085822735167,178.70247788502007,0.6638308810079436
0.20500000000000002,410,0.24999999999999967,-2.1,0.35715486795711454,0.9932192041477529,0.0021966344847814527,0.1751382496782719,0.794123096047912,0.3550000000000001,9186.202793673787,133.46713503061736,0.0,26.91875136000126,-6.9534146376300085e-12,-1.8758328224066645e-12,-2.267114523705611e-15,6.298008988315619,-128.2587850971655,5.971104280189208,0.04902261186088426,0.0,-105.86475171110727,25.23845246411185,-1.2156712726462544,-0.29412033522498676,3.1810700624656416,-1.3239104664898445,0.005243170115804242,1.070612022050331,0.03432734133143656,0.004606114306688655,0.7518398381280639,0.741666418052148,97.8752717005547,179.0720182640275,0.6655582818469773
0.21,420,0.24999999999999967,-2.1,0.3663162310698824,0.9932332703922434,0.0022034872637341158,0.1755048013764523,0.7880305824058011,0.36,9131.873019696173,133.8961945799692,0.0,26.932291151149297,-1.3482704465902166e-11,-1.84385839929746e-12,-4.35983562251079e-15,6.324310621360997,-132.69226784334492,6.081160983567848,0.050100074205705517,0.0,-108.6111494917892,25.859066712781296,-1.184167321049614,-0.300170110725526,3.187309886262686,-1.3249982513411824,0.005289742332826447,1.074702092741489,0.03446651316123514,0.0046416357718488295,0.7549735440319694,0.7447788656629677,98.2571326300358,179.44680305553848,0.6676346053396703
0.215,430,0.24999999999999967,-2.1,0.3754413890618335,0.9932474747299143,0.0022114893759478563,0.1758765013355486,0.7827972707880273,0.365,9076.9572245248,134.33243144226654,0.0,26.94437314012689,6.696707516176572e-13,-1.84385839929746e-12,-6.9757369960172635e-15,6.351037601587168,-137.1585677975676,6.177400810116271,0.051061528339788276,0.0,-111.35420214749871,26.47994530316736,-1.151887795836494,-0.3061810069619958,3.192980197737961,-1.3261057420530846,0.005337863696699873,1.0789277303813842,0.03459935809980095,0.0046833015505569715,0.7581579504760183,0.7479417148028579,98.6465465813975,179.82685174271163,0.6700591653167727
0.22,440,0.24999999999999967,-2.1,0.384523591370291,0.9932618158060204,0.0022206413981139947,0.17625336928972604,0.7784546296283693,0.37,9021.480524610733,134.77591471210602,0.0,26.95493758475961,-1.9085616421103233e-12,-1.823208251039432e-12,-3.1390816482077686e-15,6.378193687233879,-141.65542971898208,6.259567222656339,0.05190222013194726,0.0,-114.09291394229436,27.101090192988444,-1.1190046184670195,-0.3121528989886067,3.198058594547972,-1.3272326778333583,0.005387596746294765,1.0832884541569365,0.034732329496171256,0.004731256330177443,0.761393507689411,0.7511554145300602,99.04362199617914,180.21218450295996,0.6728321365099872
0.225,450,0.24999999999999967,-2.1,0.39355621058893425,0.9932762923227473,0.0022309469707249368,0.17663542697535678,0.7750261976130538,0.375,8965.468968339881,135.22671867885649,0.0,26.9639266418973,-1.4330954084617866e-11,-1.8145485114473558e-12,-6.278163296415537e-15,6.405782827718624,-146.18055785220943,6.3274373304965685,0.05261754657054679,0.0,-116.82627520652996,27.722503252969343,-1.0856782513483134,-0.3180854581524515,3.202523766260895,-1.32837879743508,0.0054390063936758885,1.0877835277482757,0.034865427172922236,0.004785656478546882,0.7646806885156798,0.754420436400659,99.44847028944139,180.60282356087484,0.6759546219521066
0.23,460,0.24999999999999967,-2.1,0.4025327986433879,0.9932909030942505,0.0022424145478850783,0.17702269962487927,0.7725271664382175,0.38,8908.9487833138,135.68492310409627,0.0,26.971284383802324,-7.143154683921678e-13,-1.7925660955597778e-12,-9.417244944623305e-15,6.433809274815259,-150.73167533081005,6.380821393411395,0.05320305706763659,0.0,-119.5532641188109,28.34418628589835,-1.052057983856885,-0.3239781458252377,3.206355529761499,-1.3295438384987368,0.005492159989349959,1.092411975277832,0.03499865205755317,0.004846665990039784,0.7680200015125048,0.7577372874822076,99.86120613742922,180.9987947156388,0.6794291831522196
0.23500000000000001,470,0.24999999999999967,-2.1,0.41144713814125816,0.9933056470665125,0.0022550547292026642,0.17741521656220097,0.7709640120627496,0.385,8851.946444256258,136.15061290497525,0.0,26.976956822174355,2.76797244001965e-12,-1.7923440509548527e-12,-3.923852060259711e-15,6.46227763040358,-155.30651830479292,6.419562352990177,0.053654455370782596,0.0,-122.27285072015195,28.966141053575956,-1.0182837837389673,-0.3298302083625209,3.209534860985068,-1.3307275368838618,0.0055471273231133085,1.0971726000998325,0.0351320051455613,0.004914451493641429,0.7714119965111242,0.7611065158783298,100.2819471734493,181.4001279498017,0.6832590316856244
0.24,480,0.24999999999999967,-2.1,0.42029329963936435,0.9933205233628998,0.0022688834147120817,0.1778130125041874,0.7703342092731672,0.39,8794.488594489538,136.623878523816,0.0,26.98089189484956,-2.5782323937279807e-12,-1.8066659279725172e-12,-7.411720558268343e-15,6.491192945606624,-159.90284157458441,6.443535217879464,0.053967598504625215,0.0,-124.9840012917507,29.58836931026069,-0.9844874370573374,-0.3356406764690343,3.21204392859566,-1.331929625999166,0.005603980706614543,1.102064012405605,0.03526548853971785,0.004989179005644803,0.7748572763178256,0.7645287223552919,100.7108143997972,181.80685876000229,0.6874489851037352
0.245,490,0.24999999999999967,-2.1,0.429065693191045,0.9933355312928959,0.002283920256375806,0.1782161279076846,0.7706260320464023,0.395,8736.602490691086,137.10481576779435,0.0,26.983039464617374,3.9287350761569224e-12,-1.7688073228327994e-12,-1.0376408781575679e-14,6.520560751968147,-164.51838262698737,6.452646492354887,0.0541384966767166,0.0,-127.68568149779594,30.210872840991858,-0.9507935513700088,-0.34140836434311284,3.2138661238980366,-1.3331498361390648,0.005662794993374855,1.107084660248366,0.0353991048141667,0.005044096812204707,0.7783565003465148,0.768004563954251,101.14793202038085,182.21902851178504,0.6920049977546561
0.25,500,0.24999999999999967,-2.1,0.4377591204694644,0.9933506703612355,0.002300188908038559,0.17862460933892338,0.7718184469189241,0.4,8678.315990866906,137.59352583761498,0.0,26.983351348615464,3.694350313090743e-12,-1.804667526528192e-12,-3.575065210458847e-15,6.550387094420426,-169.15086206995832,6.446833654054292,0.05416331561669969,0.0,-130.3768622321094,30.833653503066866,-0.9173215075931119,-0.3471318717042703,3.2149860901169998,-1.3343878938314626,0.00572364762226356,1.1122328676340665,0.0355328570164532,0.005048385746677776,0.7819103884915053,0.7715347578426579,101.59342745149169,182.63668481730187,0.6969342365167919
0.255,510,0.24999999999999967,-2.1,0.4463688271138687,0.993365940277576,0.002317719233091888,0.17903850986993242,0.7738811146135841,0.405,8619.656955731572,138.09011558370577,0.0,26.981781312468808,8.973588071676608e-12,-1.7998935675223038e-12,-7.062933708467479e-15,6.580678566411423,-173.79803062683933,6.426064511540115,0.05403837610991336,0.0,-133.05652207660285,31.456713268829038,-0.8841859916714809,-0.3528095887859404,3.215389750795665,-1.3356435212075684,0.005786618685691276,1.1175068801758123,0.03566674935586446,0.005059332394837909,0.7855197252865198,0.7751200854505335,102.04743155126737,183.05988194062869,0.7022457496991379
0.26,520,0.24999999999999967,-2.1,0.4548899809430234,0.9933813409303138,0.0023345876625661083,0.17945788850967268,0.776774491903636,0.41000000000000003,8560.655135839157,138.59471672425863,0.0,26.978306346742603,2.3795634040814088e-11,-1.8183232697310814e-12,-6.9757369960172635e-15,6.611442274974298,-178.45768606811575,6.390504309167465,0.053761847123713236,0.0,-135.723629491782,32.08005426802526,-0.8514985186782773,-0.3584393002562203,3.2150711445239994,-1.336916435063131,0.005851791879407137,1.1229045490890337,0.0358007866662618,0.005076880669896007,0.7891853557499441,0.7787613883482024,102.5100774241802,183.48868021612284,0.7073567151401798
0.265,530,0.24999999999999967,-2.1,0.46331551922314174,0.9933968723851289,0.002351747854518537,0.17988281029955855,0.7804500424315867,0.41500000000000004,8501.350159737676,139.10755994298717,0.0,26.97300735956588,1.8449429207066457e-11,-1.8430812431802224e-12,-4.708622472311653e-15,6.642685853592412,-183.12766070715475,6.341138899958206,0.053340167122434876,0.0,-138.37707573549002,32.70367882806072,-0.8193680329678629,-0.36401666361745894,3.214058141020407,-1.338206341853943,0.005919258302841079,1.128421863663581,0.0359349774886239,0.005100977878305318,0.792908186946494,0.7824595698027984,102.98149722042918,183.92314614608966,0.7125560816944015
0.27,540,0.24999999999999967,-2.1,0.4730655665911076,0.9934125348503948,0.002370477433061096,0.18031334550079042,0.784850546485232,0.42000000000000004,8441.784001005251,139.62890571406393,0.0,26.965993850784624,2.4666206017917043e-11,-1.8047785488306545e-12,-6.5397534337661845e-15,6.674417408616189,-187.8058077293554,6.279161620527473,0.05278204982695741,0.0,-141.01581002074536,33.32758951065898,-0.7879015812717256,-0.36953660746106337,3.212388432052096,-1.3395129322145387,0.005989113386915747,1.1350387054801947,0.03606933161932097,0.005131570801575407,0.7966891816625569,0.7862155885003217,103.46182431525223,184.3633515698616,0.718230956691069
0.275,550,0.24999999999999967,-2.1,0.48275631579522316,0.9934283286470835,0.002390842316343855,0.18074956888470592,0.7899105075921844,0.42500000000000004,8381.997841173596,140.15901546139568,0.0,26.957373416356695,2.3014351497260156e-11,-1.8237633625517446e-12,-1.1509966043428485e-14,6.7066454723391855,-192.49000148056146,6.205723938888598,0.05209605745155568,0.0,-143.6388470829258,33.95178914373129,-0.7572050424143223,-0.3749939574707499,3.2100993684308996,-1.340835880239604,0.006061455498490182,1.1418722282288327,0.036203859282023645,0.0051686047255344566,0.8005293528925852,0.7900304530730438,103.95119430958363,184.80937293821037,0.7244013126704507
0.28,560,0.24999999999999967,-2.1,0.4923718656255278,0.993444254184895,0.0024129167831189375,0.18119155917729504,0.7955566497156543,0.43000000000000005,8322.031743159969,140.69815189275806,0.0,26.94725246913858,2.373982814484595e-11,-1.8355317266127713e-12,-1.3079506867532369e-14,6.739378966652569,-197.17816572333047,6.12193772325658,0.051290658062288205,0.0,-146.24524547688196,34.576280847480895,-0.7273830111075957,-0.3803834739683429,3.2072279421994554,-1.342174843465618,0.006136385922663126,1.1489169361929803,0.03633857175097072,0.005212024063410261,0.8044297595993182,0.7939052178920707,104.44974511757032,185.2612907453852,0.7310896553516292
0.28500000000000003,570,0.24999999999999967,-2.1,0.5019025739943104,0.9934603119109764,0.0024367806917076655,0.18163939772225016,0.801708496078817,0.43500000000000005,8261.924181419747,141.24657857872114,0.0,26.93573617084956,3.416436951169415e-11,-1.846411912254098e-12,-1.2469129880380859e-14,6.772627108556817,-201.86831054771804,6.028874763564583,0.05037422016287884,0.0,-148.8341108172662,35.201068054164196,-0.6985395364686023,-0.3856998881607687,3.2038107660081043,-1.3435294629873074,0.006214008769322982,1.1561707301015296,0.03647348028738411,0.005261764621845582,0.8083914955642736,0.7978409719946954,104.95761655195744,185.71918816213372,0.7383201810073561
0.29,580,0.24999999999999967,-2.1,0.5113391047026361,0.9934765022901603,0.0024625225971604673,0.18209316799081948,0.8082790298935728,0.44000000000000006,8201.712508192079,141.80456020412112,0.0,26.92292825696331,3.3450054043301985e-11,-1.8999246620410304e-12,-7.498917270718558e-15,6.806399376866938,-206.55849403770293,5.927565540540864,0.04935499876003273,0.0,-151.40460556412594,35.826154521216054,-0.6707776197873344,-0.3909379418695285,3.199884053104776,-1.3448993637104054,0.0062944309468454035,1.1636309046377247,0.03660859711817537,0.005317757400373673,0.8124156855229249,0.8018388352483269,105.47495064779427,186.1831505345463,0.7461197209323331
0.295,590,0.24999999999999967,-2.1,0.5206724436733051,0.9934928257617014,0.0024902385666933963,0.18255295441368133,0.8151754283645608,0.44499999999999995,8141.433068063739,142.37236234902795,0.0,26.9089311433458,5.826135539073618e-12,-1.9292345498911345e-12,-8.894064669922011e-15,6.840705428295066,-211.2468140342534,5.819000105474876,0.04824114384940996,0.0,-153.9559404140578,36.45154433777475,-0.6441993934401217,-0.39609242568102787,3.195483592560266,-1.3462841547411537,0.006377762057396407,1.1712941208156717,0.03674393482336994,0.0053799214363083325,0.8165034752774205,0.8058999485304618,106.0018913897366,186.65326418969312,0.7545173825323215
0.3,600,0.24999999999999967,-2.1,0.5298939153154715,0.993509282708524,0.0025200320809688494,0.183018841532471,0.8165153274372756,0.45000000000000007,8081.121298191913,142.95025191336134,0.0,26.89384785831563,5.96006968939715e-12,-1.9457768729580494e-12,-1.1945949605679564e-14,6.875555036125842,-215.93140829059877,5.704136210959328,0.04704085416410259,0.0,-156.48731909085916,37.077241924994524,-0.6189058733795474,-0.40115821823593617,3.190644723110469,-1.3476834299094684,0.006464114299834994,1.1791563799236606,0.03687950628542154,0.005448161119688537,0.8206560244906194,0.8100254665717657,106.5385845200521,187.1296155680935,0.763544519413188
0.305,610,0.24999999999999967,-2.1,0.5389951991675683,0.993525873440209,0.0025520156964719933,0.18349091351688007,0.8049742572629655,0.45499999999999996,8020.811613048209,143.5384975150723,0.0,26.877783013816,4.453310498257421e-12,-1.903477375719831e-12,-6.6269501462164e-15,6.910958055329819,-220.6104675182391,5.583903185131633,0.045762454458042695,0.0,-158.99792316634614,37.703252030728834,-0.5949961928564286,-0.4061303260172696,3.1854023059342316,-1.3490967684255002,0.006553602388668376,1.1872129998054757,0.03701532526860827,0.005522367489822168,0.8248745026160643,0.814216553914224,107.08517760713679,187.61229072996892,0.7732352350643378
0.31,620,0.24999999999999967,-2.1,0.547968340235449,0.9935425981567148,0.0025863092192605964,0.18396925311346693,0.7940139499336524,0.4600000000000001,7960.536735215402,144.1373685396841,0.0,26.860840533128503,6.4958062906912756e-12,-1.890820833239104e-12,-9.678835081973953e-15,6.946924344925166,-225.28228018476162,5.459193475978248,0.04441421468321571,0.0,-161.48698186758213,38.32957971946494,-0.5725676787880253,-0.4110039203239681,3.1797906927374826,-1.350523735662704,0.006646343402946366,1.1954585880768545,0.03715140544703206,0.005602407218703947,0.829160079732241,0.818474375805705,107.64181987066966,188.10137428044268,0.7836258295231758
0.315,630,0.24999999999999967,-2.1,0.5568057642145895,0.9935594569481739,0.0026230408736485156,0.18445394160046782,0.7837284814407025,0.46499999999999997,7900.328262392942,144.74713543320178,0.0,26.843123419447654,6.1721320940760744e-12,-1.925459791607409e-12,-2.964688223307337e-15,6.983463764596592,-229.94518699255565,5.330862250918037,0.043004331573401236,0.0,-163.95377797484534,38.95623035850991,-0.5517145642619213,-0.4157743828982783,3.173843694190699,-1.3519638840692005,0.006742456673690666,1.2038870223699218,0.037287761291913725,0.0056857247483335085,0.8335139261911682,0.8228000978516143,108.20866261713039,188.5969493233361,0.7947551534745171
0.32,640,0.24999999999999967,-2.1,0.5655002869803568,0.9935764497767099,0.0026234996118056704,0.1849450582186713,0.7742104632760044,0.4700000000000001,7840.216736445768,145.3680694427474,0.0,26.824733714688602,1.356083272025756e-11,-1.8934853684982045e-12,-7.150130420917695e-15,7.020586132174073,-234.59757568228332,5.199727695000434,0.0415409253661997,0.0,-166.39764838277125,39.58320960152901,-0.5325277034940151,-0.42043734476699496,3.1675945446012554,-1.353416754216921,0.006842063594049089,1.2124914288691722,0.03742440751928033,0.005768872587622652,0.8379372076000448,0.8271948810291364,108.78585904902924,189.0990968792598,0.8066643971208248
0.325,650,0.24999999999999967,-2.1,0.5740451232441923,0.9935935764732496,0.0026079423275753005,0.18544268001956518,0.7655496214711803,0.475,7780.2315765673475,146.00044219727565,0.0,26.805770744524207,1.4721595356394833e-11,-1.8655077482776505e-12,-6.278163296415537e-15,7.058301212021979,-239.2378815331956,5.066566192508469,0.04003190014751562,0.0,-168.81801442304834,40.21052337061957,-0.515093664623787,-0.4249887121347477,3.161075868605847,-1.3548818759432477,0.006945287481093235,1.2212641636613664,0.037561359038539556,0.005771162792808534,0.8424310834604921,0.8316598803352432,109.37356449023787,189.60789573035,0.81939682931539
0.33,660,0.24999999999999967,-2.1,0.5824339041513614,0.9936108367488997,0.0025920709244460324,0.18594688213340912,0.7578312408258263,0.4800000000000001,7720.400974646226,146.6445255541961,0.0,26.786329548256283,1.562565087107867e-11,-1.9486079416708435e-12,-6.9757369960172635e-15,7.096618735095509,-243.8645911668111,4.932107804168915,0.038484818904685913,0.0,-171.21440220986062,40.838177838000476,-0.4994935799145975,-0.429424699209672,3.154319646722457,-1.35635876958167,0.007052253417379126,1.2301968081225185,0.03769863146591989,0.005776348268855077,0.8469967095570221,0.8361962471599369,109.97193688878995,190.12342269436203,0.8329977654957749
0.335,670,0.24999999999999967,-2.1,0.5906607229021151,0.9936282301876804,0.0025759259846014557,0.186457737495469,0.7511344937873847,0.485,7660.751536172409,147.30059188008204,0.0,26.76650372960425,1.581539091737034e-11,-1.9079182678183315e-12,-6.6269501462164e-15,7.135548378520569,-248.47627977025996,4.797044914735856,0.036907130385028436,0.0,-173.5863849802532,41.46617940837861,-0.4858028249760301,-0.4337418566661329,3.1473571770717457,-1.3578469472806063,0.007163088014228881,1.2392802031852972,0.03780960528388421,0.005787912187394563,0.8516352355231694,0.840805126867681,110.58113630923965,190.64575234475603,0.8475144431192648
0.34,680,0.24999999999999967,-2.1,0.598720159657846,0.9936457562720998,0.002559550278810657,0.1869753175340565,0.7455307017434336,0.4900000000000001,7601.308763855943,147.96891448515296,0.0,26.746385758735595,2.145178641015229e-11,-1.9173551635276453e-12,-1.32539002924328e-14,7.175099817888512,-253.07157397169826,4.662033593547873,0.035306193130666574,0.0,-175.93357518615318,42.0945347028671,-0.47408947665811607,-0.4379370986050357,3.1402190406460653,-1.3593459143967581,0.007277919258060454,1.2485044749021648,0.0378986895943383,0.005806450113085056,0.8563478110335718,0.8454876649501885,111.20132547230592,191.17495771419013,0.8629951745836139
0.34500000000000003,690,0.24999999999999967,-2.1,0.6066072888980125,0.9936634143884537,0.002542988524513884,0.18749969227629718,0.7410815773519923,0.495,7542.097096285346,148.64976772046,0.0,26.72606731332587,2.0670503866598355e-11,-1.8908763443903354e-12,-1.2469129880380859e-14,7.215282736243773,-257.6491512063133,4.527696036875685,0.033689302619216314,0.0,-178.2556256713587,42.723250545140445,-0.46441389708398534,-0.44200771496062163,3.132935193584082,-1.360855170944011,0.007396876327409597,1.257859050886601,0.037987489336692215,0.005832533460010197,0.8611355868449667,0.8502450080609479,111.83266968332008,191.7111104026646,0.8794900287085029
0.35000000000000003,700,0.24999999999999967,-2.1,0.6143175204721358,0.9936812038423186,0.0025262872544395045,0.1880309307613339,0.7378375279269793,0.5000000000000001,7483.140944519341,149.34344060668258,0.0,26.70565461429203,1.3426898569934029e-11,-1.9310109067305348e-12,-4.35983562251079e-15,7.256106856708311,-262.207741133362,4.394704474307173,0.032064911642674235,0.0,-180.5522200706913,43.35233395033536,-0.4568277070954795,-0.4459510609020779,3.1255403214973927,-1.362374212662213,0.007520090750278483,1.2673324777036103,0.03807603991253222,0.005866711250447391,0.8659997186367864,0.8550783078319008,112.47533598435693,192.25428100000585,0.8962500087943435
0.355,710,0.24999999999999967,-2.1,0.6218465427649759,0.9936991238829775,0.002509494767546868,0.1885691017354322,0.7358361018408637,0.505,7424.4649772288585,150.05024142340957,0.0,26.685273550485473,-1.2277297112990383e-13,-1.8759993558603583e-12,-8.588876176346255e-15,7.297581997212372,-266.74612702949867,4.263805252955545,0.030443038117532035,0.0,-182.82307238315906,43.98179211690273,-0.45137283357311003,-0.44976447385145124,3.1180753936963534,-1.363902530898399,0.0076476967436151875,1.276912336188575,0.038164376811231755,0.0059095161395547775,0.8709413734739455,0.8599887272963275,113.12949306997744,192.80453979658478,0.9019977690743156
0.36,720,0.24999999999999967,-2.1,0.6291905496795815,0.9937171737044781,0.002492661056844221,0.189114273662188,0.7351006285180954,0.51,7366.0923074452085,150.77047926980597,0.0,26.665049703852468,-3.158613711796617e-12,-1.806610416821286e-12,-1.2120343030579995e-14,7.339718073607679,-271.26317783427083,4.135706588958523,0.028833675537544755,0.0,-185.06793780753236,44.61163242143589,-0.44808132326912714,-0.4534457225450734,3.1105803415373403,-1.3654396135601539,0.007779829280565641,1.2865855278506275,0.03825253488009919,0.005961463963449399,0.8759617301429268,0.8649774412237543,113.79531224037153,193.3619567937535,0.9089612419699734
0.365,730,0.24999999999999967,-2.1,0.6363462767125394,0.9937353524724223,0.0024758377979479684,0.1896665155161797,0.7356391498943697,0.515,7308.0448067057605,151.5044633661197,0.0,26.645107798970688,-5.0113694579388025e-12,-1.7496559756580154e-12,-9.286449875947982e-15,7.382525162985613,-275.75781783996274,4.011073256243834,0.02724674916924282,0.0,-187.28660075942597,45.2418624162312,-0.44697427106373594,-0.45699304290262266,3.103093480064923,-1.3669849467951918,0.007916623887404857,1.2963383659687464,0.03834054882233416,0.006023056946426035,0.8810619866340439,0.8700456435568543,114.47296783205663,193.92660251532385,0.9172007478883982
0.37,740,0.24999999999999967,-2.1,0.6433110150716221,0.9937536593258232,0.0024590782584028885,0.19022589683975352,0.7374436605906514,0.52,7250.343056332674,152.2525026433501,0.0,26.62557093537754,-1.5123397807365427e-12,-1.6919243783775073e-12,-4.665024116086545e-15,7.42601351115183,-280.2290295545739,3.8905255723890444,0.025692054962561366,0.0,-189.47888712441215,45.87248982912827,-0.44806201795625983,-0.4604051298085675,3.0956514802395008,-1.368538016649507,0.008058216571894355,1.3061566560472244,0.03842845278486,0.006094786039465944,0.8862433610046834,0.875194548271011,115.16263729899642,194.49854806562814,0.9260755798359752
0.375,750,0.24999999999999967,-2.1,0.6516582826557111,0.993772093383675,0.0024424373260293133,0.1907924879465599,0.7404896035808832,0.525,7193.006325686667,153.01490543906755,0.0,26.60655925822508,-2.3689602838474627e-11,-1.7313372957517004e-12,-8.109294257870068e-15,7.4701935514245035,-284.67585287261045,3.774636838907052,0.02417915376492117,0.0,-191.64467996902172,46.5035225650402,-0.4513439744346665,-0.46368112036756526,3.0882893461280103,-1.370098310655293,0.00820474385945353,1.3183695263630333,0.0385162802705044,0.006177130408650542,0.8915070935911521,0.8804253915743665,115.86450149861317,195.07786533762697,0.9275066116276405
0.38,760,0.24999999999999967,-2.1,0.6601335519028568,0.9937906537557923,0.002425971591373914,0.19136636026433929,0.7447356308664448,0.53,7136.052489902169,153.79197864438237,0.0,26.58818509356679,-2.2679516121451328e-11,-1.7494339310530904e-12,-1.0114818644225033e-14,7.515075934385891,-289.09737936181455,3.663921081537623,0.022716984199645657,0.0,-193.7839732933272,47.13496870840279,-0.45680869791141837,-0.46682056831536267,3.0810403977237657,-1.3716653193188812,0.008356342957780635,1.3312951202984984,0.038604064408427105,0.006270557004225796,0.896854450528471,0.8857394354081125,116.57874539234439,195.66462736339457,0.9289325434188229
0.385,770,0.24999999999999967,-2.1,0.6683975750019283,0.9938093395280506,0.002409739450561426,0.1919475858910157,0.7501236459660969,0.535,7079.497859888433,154.58402805732126,0.0,26.57055614411369,-1.6027453322049264e-11,-1.7856272016558705e-12,-5.667786309264026e-15,7.560671496765573,-293.49277528975887,3.558842548771704,0.0213141169761566,0.0,-195.89682051575454,47.76683652574594,-0.4644347172104069,-0.46982340699821284,3.073936254691217,-1.3732385374771972,0.008513151968771525,1.3444398480256212,0.0386918373710923,0.006375524672267404,0.9022867200629504,0.8911379637840906,117.3055575611246,196.25890786024158,0.930354031051076
0.39,780,0.24999999999999967,-2.1,0.6764426308941478,0.993828149770176,0.0023938011465003397,0.1925362378420372,0.7565790123172293,0.54,7023.357696655585,155.3913596771883,0.0,26.553779049726593,-1.738353659407502e-11,-1.8433587989363787e-12,-5.536991240588703e-15,7.606991283502805,-297.8612541231489,3.459829139914992,0.0199790382249434,0.0,-197.98327839863174,48.39913446754456,-0.4741907651078319,-0.47268990561273094,3.067006829504023,-1.374817465493576,0.008675310319603627,1.3577818663014862,0.038779630819055444,0.006492473047843014,0.9078052151758521,0.8966222853947383,118.04513040554329,196.8607814836112,0.9317717297143964
0.395,790,0.24999999999999967,-2.1,0.6842615336634941,0.9938470835189201,0.0023782181078872773,0.19313238952895387,0.7640109843444236,0.545,6967.646344406946,156.21428021353296,0.0,26.537961668887437,-1.4911335402686504e-11,-1.7653101203052302e-12,-6.888540283567048e-15,7.654046509842439,-302.2020780909411,3.3672845593546796,0.018720331051284338,0.0,-200.04337167309794,49.03187116854402,-0.4860368534002543,-0.4754206186289394,3.0602803214139227,-1.376401610269798,0.008842959233938531,1.3712968785254824,0.038867475566563975,0.006621831650948636,0.9134112691114885,0.9021937291709154,118.79765984864235,197.4703232939455,0.9331862897659906
0.4,800,0.24999999999999967,-2.1,0.6918476804211476,0.9938661397663163,0.002363052638361385,0.19373611437951763,0.7675041554872913,0.55,6912.377109134339,157.0530963650103,0.0,26.52321053604253,-2.0039897242158396e-11,-1.7336687641034132e-12,-9.678835081973953e-15,7.7018485336677776,-306.5145575437008,3.2815780148425833,0.017546473197048378,0.0,-202.0771455861555,49.665055445877115,-0.4999246099634292,-0.4780163381571101,3.0537832144228223,-1.377990486069677,0.009016242302286252,1.3849581467284051,0.03895540152863694,0.006733922303002818,0.9191062321239686,0.9078536410505926,119.56334542576872,198.08760836825223,0.931940301657963
0.405,810,0.24999999999999967,-2.1,0.6991950917859092,0.9938853174538707,0.002348368236469946,0.1943474856327851,0.764919388327983,0.555,6857.562311047648,157.90811495783814,0.0,26.509630341271887,1.581539091737034e-11,-1.7894574710908273e-12,-3.6622619229090635e-15,7.750408840952961,-310.7980455704334,3.203043006531849,0.016465795634098626,0.0,-204.08467484699506,50.29869629439982,-0.5157982868937989,-0.4804780236603378,3.04754028726438,-1.3795836151290575,0.009195306324236522,1.3987365336224489,0.03904343797643411,0.006847926786523329,0.9248914697848034,0.9136033822986654,120.34239051685677,198.71271159060555,0.9261490697123793
0.41000000000000003,820,0.24999999999999967,-2.1,0.7062984473137126,0.9939046154453228,0.0023342299934424023,0.19496657543592602,0.7626667466179642,0.56,6803.213112319086,158.77964272605726,0.0,26.497324535337942,2.206565126580181e-11,-1.7378321004457575e-12,-1.3733482210908988e-14,7.7997389756551385,-315.05195407514555,3.1319796958762884,0.015486530712540896,0.0,-206.06605480062217,50.93280287889334,-0.5335958587362158,-0.4828067327028752,3.0415746237141805,-1.381180528022147,0.009380302157433865,1.4126005824064238,0.03913161306336964,0.006971199270330525,0.9307683547169926,0.9194443212925798,121.13500183899534,199.3457067286681,0.9205732318075835
0.41500000000000004,830,0.24999999999999967,-2.1,0.7131531236985525,0.9939240325250054,0.002320704947437502,0.19559345473470305,0.7607292184280716,0.5650000000000001,6749.339785572266,159.6679870144452,0.0,26.48639638139334,1.736679482528458e-11,-1.7812418207086012e-12,-6.757745214891724e-15,7.849850531116774,-319.2757356150758,3.0686581095263072,0.01461689585296409,0.0,-208.02139069751155,51.56738452298803,-0.5532496403034082,-0.4850035615465641,3.0359076309442825,-1.382780763808266,0.009571385675429901,1.4265166543155787,0.03921995423669132,0.0071037901384090815,0.9367382656109322,0.9253778325452224,121.941389596615,199.98666632171046,0.9152392264413364
0.42,840,0.24999999999999967,-2.1,0.7197552263509169,0.9939435673774746,0.0023078622696808167,0.19622819254824864,0.7553257679148078,0.57,6695.951718280196,160.57345522856716,0.0,26.476947486459178,2.53358767695347e-11,-1.7209567104714552e-12,-1.1161179193627622e-14,7.900755092320724,-323.4688808019429,3.0133158905648845,0.013864976685200592,0.0,-209.95081155339278,52.202450694903185,-0.5746884860783922,-0.4870695945748823,3.0305590584742443,-1.3843838699887754,0.009768718566386173,1.4404491113253395,0.039308487979060204,0.007245670345027382,0.9428025804273852,0.9314052899493759,122.76176751748113,200.63566093909932,0.910174333349932
0.425,850,0.24999999999999967,-2.1,0.7261016186573449,0.9939632185772895,0.002295773493779637,0.19687085554739409,0.7480774159068342,0.5750000000000001,6643.057429903952,161.49635483413326,0.0,26.469077528498143,4.9756536845191936e-11,-1.6535661728767082e-12,-5.427995350025933e-15,7.952464201275836,-327.63091728217864,2.9661586425950386,0.013238705329487998,0.0,-211.85446832247388,52.838010990362186,-0.5978400976109006,-0.48900586375496596,3.0255470222191234,-1.385989402312265,0.009972469151986784,1.4543605552795422,0.039397239797663706,0.007396713716624868,0.9489626723335784,0.9375280627381811,123.59635288132776,201.29275874915507,0.9054067639453701
0.43,860,0.24999999999999967,-2.1,0.7321913243359707,0.9939829845899341,0.0022845127028593023,0.19752150798326887,0.7408377482381527,0.58,6590.664563296873,162.4369931595928,0.0,26.462882181688357,3.8578615882773876e-11,-1.6373569167171809e-12,-1.2120343030579995e-14,8.004989349844157,-331.76140637766156,2.9273558864434217,0.012745695295015645,0.0,-213.73254721554355,53.474075113266494,-0.622632958746689,-0.49081332119387105,3.0208880332516705,-1.3875969244639892,0.010182813170383342,1.4682153136753773,0.03948623448267752,0.007556670251171874,0.9552199088825885,0.9437475146690552,124.44536687789248,201.95802544614753,0.9009657351181489
0.435,870,0.24999999999999967,-2.1,0.7380314547538286,0.9940028637575913,0.0022741547143680695,0.19818021110826545,0.7336133395365835,0.5850000000000001,6538.77888493996,163.39566527895994,0.0,26.458432280286257,2.7250019001241838e-11,-1.6253665080512292e-12,-6.779544393004278e-15,8.058341931790975,-335.85994529941115,2.8969637151044396,0.012391583392807088,0.0,-215.58533811150352,54.110652854944306,-0.6489991096857697,-0.49249294244709546,3.016595007993632,-1.3892060077708643,0.010399933498839189,1.4819945611190104,0.03957549554583536,0.0077251485584657106,0.9615756463683868,0.9500649984114626,125.30903568471254,202.63152365825502,0.8968807533609152
0.44,880,0.24999999999999967,-2.1,0.7436356881247517,0.9940228543142822,0.0022647633171633146,0.19884702355549738,0.7264100200627382,0.59,6487.400530611794,164.37260006965678,0.0,26.455708736731463,2.1502011716523613e-11,-1.6219248166748912e-12,-6.256364118302983e-15,8.112533271290856,-339.9261567865966,2.874615672663134,0.012174850683071501,0.0,-217.413218693316,54.74775407297673,-0.6768763137441435,-0.49404635709784267,3.0126659715079414,-1.3908162322342714,0.010624016101239135,1.495696032114882,0.03966504449160491,0.007901582666465443,0.9680312332093423,0.9564818589091854,126.18759611713061,203.3133133355457,0.8931769757125011
0.445,890,0.24999999999999967,-2.1,0.7490193078632859,0.9940429543872875,0.002256396473598654,0.19952200127023642,0.7191809288248611,0.5950000000000001,6436.527527793111,165.3680029500663,0.0,26.45465719404646,2.1993103601043228e-11,-1.6417978088156815e-12,-6.256364118302983e-15,8.167574616000202,-343.9596784184369,2.85979237024277,0.012091171574976354,0.0,-219.21658040888994,55.385388670748874,-0.7062100448705162,-0.4954753577928999,3.009092579542521,-1.3924271880579415,0.010855252970283077,1.509324222083934,0.03975490135518771,0.008033673334828411,0.9745880091418204,0.9629994325773874,127.08129210499189,204.00345167987422,0.8898772613561667
0.45,900,0.24999999999999967,-2.1,0.7541973295404382,0.9940631620114023,0.002249111007595487,0.20020519787307267,0.7109811246794909,0.6,6386.157959451639,166.38208431214554,0.0,26.45522381294125,5.742426695121411e-11,-1.6433521210501567e-12,-1.430026084183539e-14,8.223477165258704,-347.9601616661589,2.8519927264867198,0.012136261673954235,0.0,-220.99579502896978,56.0235665789554,-0.7369557712796657,-0.49678163450339996,3.0058658408421586,-1.3940384753895734,0.0110938435842844,1.5228862966937715,0.03984508531739505,0.008043606325833378,0.9812473085536532,0.9696190506150418,127.99037232601003,204.70199351619928,0.8870040205004666
0.455,910,0.24999999999999967,-2.1,0.7591844351440773,0.9940834751557768,0.0022429626073289335,0.20089666546708176,0.7028407908245196,0.6050000000000001,6336.289997395553,167.41506048259612,0.0,26.45735742660067,6.177712683672889e-11,-1.6566747973456586e-12,-4.2944380881731275e-15,8.28025213527415,-351.92727334623305,2.8507380749879596,0.012306049254226079,0.0,-222.75120265392573,56.662297740319396,-0.7690802990708494,-0.49796686842251453,3.0029761764058702,-1.3956497040056741,0.011339993612733591,1.5363919969299513,0.03993561505153435,0.008062524011243716,0.9880104681780963,0.9763420466526407,128.9150903643357,205.40899211788022,0.8845792154385279
0.46,920,0.24999999999999967,-2.1,0.7639949126515059,0.9941038917368855,0.0022380057534823242,0.20159645500088547,0.6947745394264728,0.61,6286.921935339759,168.4671530224953,0.0,26.461008255840575,5.101775009407186e-11,-1.6330270469211428e-12,-1.5542813994250965e-14,8.337910789642153,-355.86069010459516,2.855569279827397,0.012596573014184724,0.0,-224.4831236278052,57.30159209872743,-0.8025637863882563,-0.4990328535172776,3.0004134585888034,-1.39726049334837,0.01159391277959356,1.549853518103089,0.04002650852867544,0.008091641817566983,0.9948788306910447,0.9831697603275541,129.8557048372572,206.12449957789232,0.8820655823794188
0.465,930,0.24999999999999967,-2.1,0.7686426032645671,0.9941244096587252,0.0022342935387050502,0.20230461758956755,0.6867952031745375,0.6150000000000001,6238.052096073517,169.5385890411355,0.0,26.466127003013526,6.360756022448382e-11,-1.7210677327739177e-12,-1.0136617822337586e-14,8.396464549285271,-359.76010379319825,2.8660447247650582,0.013003909971690682,0.0,-226.19186732777584,57.941459593897,-0.8374011310495233,-0.4999816444788362,2.9981670550119115,-1.3988704729946397,0.011855812011404072,1.5632853732998917,0.04011778340255782,0.008132145626362285,1.0018537576689182,0.9901035501662842,130.8124803300318,206.84856815941194,0.8767260438522338
0.47000000000000003,940,0.24999999999999967,-2.1,0.773140850551192,0.9941450268376479,0.0022318775380804606,0.20302120535535162,0.6789133821208295,0.62,6189.678855510363,170.62960104468993,0.0,26.472664832678436,6.835664197137237e-11,-1.6906476218991884e-12,-6.343560830753199e-15,8.455925065431463,-363.6252191932732,2.8817399503399943,0.013524173925822119,0.0,-227.87773310196036,58.58191016252085,-0.8736023549963297,-0.5008157211975894,2.996225863277414,-1.4004792836190807,0.012125899675593651,1.576704229264986,0.04020945696596414,0.008185204448490543,1.0089366381853406,0.9971448021319382,131.7856876835389,207.58125115537652,0.8714997647204356
0.47500000000000003,950,0.24999999999999967,-2.1,0.7775024546169571,0.9941657412359216,0.0022308076838331433,0.2037462726106562,0.6711370074489876,0.6250000000000001,6141.800637882166,171.7404269489514,0.0,26.480573276187172,7.254766475857954e-11,-1.7290613385512188e-12,-1.0637998918926327e-14,8.51630432261221,-367.4557538851055,2.9022471411933246,0.014153507864111473,0.0,-229.54101099212568,59.222953746593326,-0.911192570800549,-0.501538225300595,2.9945778483837655,-1.4020865785507235,0.012404376547538945,1.5901287263052213,0.040301546243236265,0.008251982186195952,1.0161289009390102,1.0042949416836129,132.77560460555236,208.32260409811212,0.8664079528333113
0.48,960,0.24999999999999967,-2.1,0.7817396336816463,0.9941865509025757,0.0022311321416974214,0.20447987734985942,0.6634709544079277,0.63,6094.415874051022,172.87131039636785,0.0,26.48980413691423,4.006863330512316e-11,-1.6817658377021871e-12,-1.2730720017731505e-14,8.577614769596286,-371.2514410740946,2.9271746347007426,0.014888076420963917,0.0,-231.18198411501223,59.864600309394554,-0.9502115567176781,-0.5021531613920128,2.9932097521234318,-1.4036920261033539,0.012691430396178139,1.6035792936806796,0.040394068177507486,0.008333646051700404,1.023432029670269,1.0115554491071168,133.78251657003065,209.07268628460477,0.8614727383974443
0.485,970,0.24999999999999967,-2.1,0.7858639933911447,0.9942074539953019,0.0022328971817728704,0.20522208213087736,0.6559167430826852,0.635,6047.5231120058415,174.02250091504712,0.0,26.500311067797398,2.0201734340465994e-11,-1.6275869541004795e-12,-1.059440056270122e-14,8.639869402498835,-375.01202712884776,2.956153252094266,0.01572419141435417,0.0,-232.80091253972287,60.50685985925618,-0.9907129475585132,-0.5026654242831784,2.992107947658681,-1.4052953121611604,0.012987231419656147,1.617077966912587,0.04048703930458457,0.00843137420041772,1.0308475729424063,1.0189278692443184,134.80671700217889,209.8315616778798,0.8567171315816843
0.49,980,0.24999999999999967,-2.1,0.7898865031249379,0.994228448821942,0.0022361470665039945,0.20597295569852822,0.648472370191231,0.64,6001.121226055921,175.19425630191452,0.0,26.51205562846662,1.9013068756344653e-11,-1.6020518245341009e-12,-5.972974802839782e-15,8.703081911642297,-378.737275079046,2.9888564434345644,0.016658793856828367,0.0,-234.39798044013054,61.149742480947026,-1.032762946489971,-0.5030808880771541,2.991258572504942,-1.4068961429314024,0.013291927017093311,1.6306482099651671,0.04058047626517692,0.008546368215666837,1.0383771614231,1.0264138286814946,135.8485080699823,210.5993005668281,0.8521647480690888
0.495,990,0.24999999999999967,-2.1,0.7938174749729916,0.994249533860479,0.002240917791374766,0.20673257390239635,0.6411323184842234,0.645,5955.209157472477,176.3868405572417,0.0,26.52500236012427,1.2634454847186468e-11,-1.6278089987054045e-12,-5.885778090389566e-15,8.767266772487307,-382.4269637862173,3.02497881929175,0.017689062026927906,0.0,-235.97335052099064,61.79325837418195,-1.076439252777859,-0.5034064482600067,2.990647573327727,-1.408494247884237,0.013605636828029174,1.6443147319031364,0.04067439574111764,0.00867986052608277,1.046022518585038,1.0340150463961957,136.90820118414172,211.3759805046866,0.8478395607956055
0.5,1000,0.24999999999999967,-2.1,0.797666539363863,0.9942707077804623,0.002236979375605953,0.20750102070787815,0.6319826249090732,0.65,5909.785436439616,177.60051976754622,0.0,26.539100715060577,5.0839171226973816e-12,-1.6295853555448048e-12,-5.580589596813811e-15,8.832439346295448,-386.08088735491395,3.064197519985378,0.018810973465716696,0.0,-237.52727740712942,62.43741789840125,-1.1218296797893903,-0.5036499903680886,2.990260753219387,-1.4100893826757535,0.013928448804376244,1.6581032776486901,0.04076881454482661,0.00883311828471719,1.0537854725460765,1.0417333455388245,137.98611854104618,212.16168734279276,0.8437657906809997
0.5049999999999994,1010,0.24999999999999967,-2.1,0.8014426253390017,0.9942919694647375,0.0022269102713435725,0.20827838926364678,0.6229824755115421,0.6549999999999995,5864.848429867498,178.83556472841465,0.0,26.554293965608444,1.461556415405537e-11,-1.6191492591133283e-12,-1.5695408241038843e-15,8.898615987609917,-389.69885559753624,3.10619240075417,0.020020013928879657,0.0,-239.06004516771952,63.08223162274853,-1.1690304238184632,-0.5038202722596518,2.990083821201255,-1.4116813317999448,0.014260416930455282,1.672040419210436,0.0408637499066557,0.009007442909861081,1.0616679687097212,1.0495706660118305,139.08259368196047,212.95651632202603,0.8399678273148441
0.5099999999999989,1020,0.24999999999999967,-2.1,0.8051539603387875,0.9943133180070246,0.0022176373079846852,0.20906478212425247,0.6142551772518545,0.6599999999999989,5820.396546605346,180.09225204445144,0.0,26.570526067696072,2.3611474584119232e-11,-1.6693313398263854e-12,-1.1073982481177406e-14,8.965814082320192,-393.28069154465356,3.150659872413027,0.021311723570889722,0.0,-240.5719246499826,63.72771037983851,-1.2181442060879353,-0.503926710784848,2.9901024400245215,-1.4132699106879756,0.014601561099190724,1.6861534064875014,0.040949584752543164,0.009204160806329298,1.0696720742460775,1.0575290689367005,140.1979712444334,213.76057230040752,0.8364701601723619
0.5149999999999983,1030,0.24999999999999967,-2.1,0.8088080805345635,0.9943347527230038,0.0022092254892721623,0.20986031198578295,0.6058413690851626,0.6649999999999984,5776.428194461935,181.37086461781402,0.0,26.587741833096143,3.321008869063899e-11,-1.6155965454345278e-12,-8.196490970320285e-15,9.034052129928261,-396.82623445755763,3.1973124937019013,0.02268171065215506,0.0,-242.06317435783956,64.37386532176667,-1.2692779280128166,-0.5039790765579206,2.990302277348956,-1.414854966966228,0.014951869968606476,1.700470055496456,0.04101470941580128,0.009424604896045678,1.0777999877576216,1.0656107462780484,141.33260752887193,214.5739705052843,0.8332973080019592
0.5199999999999978,1040,0.24999999999999967,-2.1,0.8124118513617523,0.9943562731368392,0.0022017396881719685,0.2106651015326517,0.5977739918301882,0.6699999999999978,5732.941784858158,182.67169135380323,0.0,26.605886913604,5.0548980567939496e-11,-1.5265566588595902e-12,-3.3134750731082e-15,9.103349751463027,-400.3353386125216,3.2458781257844427,0.024125650279967645,0.0,-243.53404196416923,65.02070797667231,-1.3225400397696145,-0.503987108516897,2.9906690236238203,-1.4164363806110964,0.015311307028055372,1.7150186798022058,0.04108057029357904,0.009670081140425247,1.0860540402143577,1.073818021786896,142.48687008788556,215.39683637667628,0.8304737402243284
0.5249999999999972,1050,0.24999999999999967,-2.1,0.8159719487193081,0.9943778789663743,0.002195244976706732,0.21147928322650625,0.5900753105435207,0.6749999999999973,5689.9353753299365,183.99501931926096,0.0,26.624896038588123,5.797116473170187e-11,-1.5663026431411708e-12,-6.190966583965322e-15,9.173727692264531,-403.8078733494768,3.2960715322136505,0.025638348382505387,0.0,-244.98477643274174,65.6682503040398,-1.3780375025068676,-0.5039602144711747,2.991185821317908,-1.4180140629517661,0.015679818992587823,1.72982997534165,0.041147216090998084,0.009941815964536554,1.094436695277005,1.082153351335962,143.6611383760038,216.22930535144326,0.8280240013423031
0.5299999999999967,1060,0.24999999999999967,-2.1,0.8194952462007206,0.9943995701074236,0.0021898067700155737,0.2123029990499574,0.5827538479192483,0.6799999999999967,5647.406417970325,185.34112830116322,0.0,26.644684369285915,8.165518698057969e-11,-1.6331380692236053e-12,-7.237327133367912e-15,9.24520782058786,-407.2437237148865,3.3475750034581715,0.02721305370555096,0.0,-246.4156336742651,66.3165047470497,-1.4358723594512537,-0.5039070931410556,2.9918323217394844,-1.4195879548489254,0.016057348903911306,1.7449388632840235,0.041214694656450286,0.010240879179289729,1.1029505491232432,1.0906193227612426,144.8558037457536,217.0715226012581,0.8259727652787571
0.5349999999999961,1070,0.24999999999999967,-2.1,0.8229880559708378,0.9944213465953826,0.0021854896733319324,0.21313639936584075,0.5758015028007011,0.6849999999999962,5605.3523872922715,186.71030332774825,0.0,26.665166816816598,7.375865270108814e-11,-1.6069368058424516e-12,-6.932138639792156e-15,9.317813049426192,-410.64278768300403,3.400085541901134,0.028842995091114983,0.0,-247.82685598742404,66.96548428025366,-1.4961380486482898,-0.5038350489608406,2.99259005635427,-1.4211580230360037,0.01644385521849015,1.7603815269550773,0.04128305435286173,0.0105680754839208,1.1115983212656613,1.0992186467447784,146.0712649487357,217.92364186624596,0.8243444004684056
0.5399999999999956,1080,0.24999999999999967,-2.1,0.826456057645141,0.9944432085816236,0.0021823572107964296,0.2139796422939384,0.5691911595526487,0.6899999999999956,5563.770810330103,188.102836606509,0.0,26.686260222663364,8.468544713164958e-11,-1.5969447986208252e-12,-8.196490970320285e-15,9.391567301068363,-414.0049783258756,3.4533194272292147,0.03052155499469332,0.0,-249.21867138549106,67.61520245108929,-1.5589153123707664,-0.5037496540439429,2.9934428635727075,-1.4227242549193626,0.01683932999226994,1.776195054343431,0.041352344504951316,0.010820299752204133,1.1203828503630315,1.1079541526629575,147.30792558942028,218.7858248177069,0.8231628675687868
0.544999999999995,1090,0.24999999999999967,-2.1,0.8299043189636088,0.9944651562898188,0.002180471571398006,0.21483289227327088,0.5580474661649701,0.6949999999999951,5522.659278017381,189.51902735533486,0.0,26.707883367560566,1.206132829559369e-10,-1.5623058402525203e-12,-7.760507408069206e-15,9.466495399623895,-417.33022215215686,3.5070114606817326,0.03224227019248422,0.0,-250.59129616732744,68.26567341396512,-1.6242679745126916,-0.5036546043755881,2.9943767314403607,-1.4242866527135567,0.01724381679175193,1.7924174598609974,0.04142261531345407,0.010866405695642749,1.1293070815914863,1.1168287760400848,148.5661908147836,219.65823958811532,0.8224516236318511
0.5499999999999945,1100,0.24999999999999967,-2.1,0.8333373199480416,0.9944871899756896,0.002179893444670057,0.21569631868860584,0.545858352605599,0.6999999999999945,5482.0154421525585,190.9591819215768,0.0,26.72995693885419,1.442191769504593e-10,-1.5523138330308939e-12,-1.0202015356675248e-14,9.542622966388985,-420.61845858299307,3.560914199464952,0.03399882918402045,0.0,-251.94493657565647,68.91691195583815,-1.6922386015991544,-0.5035518030784931,2.995379642611393,-1.4258452275454487,0.01765742659151523,1.8090877370817824,0.04149391789329634,0.010913386578309614,1.1383740543355418,1.1258455463187726,149.84646465671662,220.54105936677894,0.8222335601302195
0.5549999999999939,1110,0.24999999999999967,-2.1,0.8367589798126327,0.9945093098916558,0.002180681883916733,0.216570094623432,0.5342221497380369,0.704999999999994,5441.836999321159,192.42361421719295,0.0,26.752403491133038,1.5921422119709802e-10,-1.5789591856218976e-12,-3.2262783606579845e-15,9.619976323646927,-423.8696405005073,3.614797225801744,0.035785069059294274,0.0,-253.2797897725659,69.568933512685,-1.7628442157319724,-0.503441721964989,2.9964414213975274,-1.4273999943049405,0.018080348958457334,1.8262459422665214,0.04156630443887515,0.01096502471718721,1.147586890860251,1.1350075756048343,151.1491492937556,221.4344611248032,0.8225309513675418
0.5599999999999934,1120,0.24999999999999967,-2.1,0.840172686430317,0.9945315162364587,0.002182894184958911,0.21745439494954952,0.5233307824434715,0.7099999999999934,5402.121760113112,193.91264601080354,0.0,26.775150154652433,1.754090922070517e-10,-1.5469847625126931e-12,-5.3189994594631635e-15,9.698582337569192,-427.0837313571091,3.6684497643834355,0.037595191028274556,0.0,-254.59603363962387,70.221754176446,-1.8360723930319145,-0.5033240446763928,2.9975535834299785,-1.4289509681078594,0.018512855781750426,1.8439333110872838,0.04163982805340316,0.011025213225322765,1.1569487778624268,1.1443180403277815,152.4746467393516,222.33862366177212,0.8233654087427118
0.5649999999999928,1130,0.24999999999999967,-2.1,0.8435813219665043,0.9945538091260389,0.0021865857938646316,0.21834939517789875,0.5133764626544153,0.7149999999999929,5362.867651779268,195.42660799920517,0.0,26.798130771752305,2.2101925098181099e-10,-1.4994672170587364e-12,-6.714146858666616e-15,9.778468324651122,-430.260706503572,3.721682221844707,0.039423930431648026,0.0,-255.8938214344984,70.87539069249802,-1.9118779143303966,-0.503198574637667,2.998709192016598,-1.4304981631967544,0.018955295159185943,1.8621923778080056,0.041714542982126415,0.011097913379765092,1.1664629554405779,1.1537801702783543,153.82336645106767,223.25372643076562,0.8247578459467325
0.5699999999999923,1140,0.24999999999999967,-2.1,0.8469872792194688,0.9945761885526031,0.0021918102345154238,0.21925526977066567,0.5045386594599517,0.7199999999999923,5324.072659671541,196.96583874151747,0.0,26.821281137565556,2.3206881838350232e-10,-1.6000534230897756e-12,-8.458081107670932e-15,9.859661907991116,-433.4005512166396,3.7743195543334944,0.04126617800843025,0.0,-257.17330196517696,71.52986044806183,-1.9901804223235957,-0.5030663466926597,2.999902717267733,-1.4320415949799963,0.019408072996402743,1.8810670627244295,0.041790504519490006,0.011187132136710843,1.1761327002194186,1.1633972318298624,155.19573883085621,224.17994781255325,0.8267284516414709
0.5749999999999917,1150,0.24999999999999967,-2.1,0.8503924911555772,0.9945986543541534,0.002198604477732442,0.22017219079606942,0.4969678542141249,0.7249999999999918,5285.73469543033,198.5306833268389,0.0,26.844532268326777,2.6108788428693414e-10,-1.667110893777135e-12,-5.667786309264026e-15,9.942190900698085,-436.5032598113257,3.8261898904827087,0.043116444204992284,0.0,-258.43464814119517,72.1851814521656,-2.0708634013320433,-0.5029308133552537,3.0011299020980404,-1.433581285601539,0.019871621749658144,1.9006028474159358,0.04186776903151721,0.011296914609093397,1.1859613116466825,1.17317251431277,156.59223369113076,225.117463740167,0.8292911708433559
0.5799999999999912,1160,0.24999999999999967,-2.1,0.8537984623066739,0.9946212061953987,0.0022069403217295945,0.2211003269841817,0.4907668724685283,0.7299999999999912,5247.851203811311,200.12148925203294,0.0,26.86779014681945,2.643636903802638e-10,-1.6422418980255316e-12,-9.9404252193246e-15,10.026083222481187,-439.5688348260608,3.8770924288440316,0.04496724736896231,0.0,-259.6781375172049,72.8413723082921,-2.153774833432286,-0.5027989268419067,3.002387636114132,-1.4351172729582278,0.020346357277014636,1.9208469882948145,0.04194639409507083,0.011431344806963843,1.1959521021780362,1.1831093202549225,158.0133802073234,226.06644673351346,0.8324353661264913
0.5849999999999906,1170,0.24999999999999967,-2.1,0.8572062983278242,0.9946438435402571,0.002216766585006602,0.22203984238265542,0.4859712542014289,0.7349999999999907,5210.419730987951,201.7386111704375,0.0,26.89095708469673,2.70653014855873e-10,-1.7625900738948985e-12,-7.498917270718558e-15,10.111366778291401,-442.59728413986244,3.9268397791212295,0.04681081370869815,0.0,-260.90404343868374,73.49845218086148,-2.2387298963477913,-0.5026818940878237,3.003673836591859,-1.4366496224723078,0.020832626799116218,1.9418487510717422,0.0420264383216231,0.011594547013047095,1.2061083830649437,1.193210951245847,159.45977790407693,227.027064524909,0.8330554525336878
0.5899999999999901,1180,0.24999999999999967,-2.1,0.860616736855813,0.9946665656495027,0.0022280255387813848,0.22299089599912816,0.48253072298805216,0.7399999999999901,5173.438252697591,203.38241435089247,0.0,26.91394561264958,3.277591882000687e-10,-1.7674750552032492e-12,-9.504441657073521e-15,10.19806942332203,-445.5886247577,3.9752878605760973,0.048640182637749475,0.0,-262.1125630183042,74.15644075703494,-2.32551582294621,-0.5025953611464327,3.004987340118818,-1.4381784402220685,0.021330653997855886,1.963659687738427,0.04210796085997789,0.011790677620259782,1.2164334602229872,1.2034807038270023,160.93209014560188,227.99947969345115,0.8283408473340336
0.5949999999999895,1190,0.24999999999999967,-2.1,0.8640301761555963,0.9946893715707544,0.0022406537125434778,0.22395364109918234,0.48029418627533355,0.7449999999999896,5136.9048216166575,205.0532706599249,0.0,26.936671393583108,4.2570969680334473e-10,-1.864730592160413e-12,-9.155654807272659e-15,10.28621889604156,-448.54288426174804,4.022309292297452,0.050448642823346664,0.0,-263.303877357475,74.81535820543272,-2.413899043239678,-0.5025587856892347,3.006327802776592,-1.4397038853120463,0.02184048937015757,1.9863339392767252,0.04219101802338476,0.012023897311736965,1.2269306264183943,1.2139218617180407,162.43100702047806,228.98384894721042,0.8238301186192984
0.599999999999989,1200,0.24999999999999967,-2.1,0.8674464169045683,0.994712260140643,0.0022545826135060205,0.2249282249874411,0.4653856671500353,0.749999999999989,5100.817518814106,206.75155769261272,0.0,26.959052898287045,6.396583407659926e-10,-1.8340884366807586e-12,-4.185442197610358e-15,10.375842793804518,-451.46010236473853,4.0677910833308895,0.052229706377079466,0.0,-264.47815956838093,75.47522513325094,-2.5036344353937485,-0.5025938062448595,3.00769561084039,-1.4412261787327063,0.02236197668365778,2.009926561216847,0.04227566159367109,0.012298310681231776,1.2376031584367864,1.2245376929981644,163.9571702797446,229.98032289940932,0.8195517945245685
0.6049999999999884,1210,0.24999999999999967,-2.1,0.870862392780629,0.9947352299985449,0.0022486481474229235,0.22591478927526745,0.446561195361823,0.7549999999999885,5065.174522140544,208.47766036943528,0.0,26.98101999808534,8.756614748152487e-10,-1.8389734179891093e-12,-8.71967124502158e-15,10.466968592632272,-454.3403327330094,4.111641897980242,0.05397779263622551,0.0,-265.6355513842324,76.13606254348956,-2.594476350017652,-0.5027215158200745,3.00909180201546,-1.442745605555156,0.022894747491400413,2.034476650630894,0.04236193857500297,0.012617857552855638,1.2484543194231796,1.2353314524313916,165.51106453070926,230.98904634213417,0.8155347590025639
0.6099999999999879,1220,0.24999999999999967,-2.1,0.8742736677942602,0.9947582795915205,0.0022383724172711,0.2269134697791887,0.4290722558284154,0.7599999999999879,5029.973953845082,210.2319682501421,0.0,27.0025076939749,1.1546797934767457e-09,-1.8558488079634117e-12,-1.0202015356675248e-14,10.559623633704598,-457.1836407114816,4.153777654496964,0.055687729144464994,0.0,-266.7761738023881,76.79789179361688,-2.686190940794623,-0.5029587608383619,3.0105159748632686,-1.4442625073293982,0.023438254204928358,2.0600149638873257,0.042449891200712436,0.012986136007526971,1.259487357393796,1.246306379982763,167.09290213849064,232.0101581424784,0.8118079798163461
0.6149999999999873,1230,0.24999999999999967,-2.1,0.8776755424424464,0.9947814072010259,0.002228970781911758,0.22792439736941886,0.41363732614523974,0.7649999999999874,4995.2128964990425,212.01485846103247,0.0,27.023431957522916,1.3715973111048983e-09,-1.908251334725719e-12,-3.8366553478094945e-15,10.653835197515907,-459.99010061994414,4.194040511080734,0.05735282913157688,0.0,-267.9001236392887,77.46073455700594,-2.7785691265677843,-0.5033140930395871,3.0119489902119145,-1.445777262836028,0.023991844887811302,2.0865705623425246,0.04253956122241973,0.013406130920876775,1.270705513947095,1.2574657094816206,168.70256243650536,233.0437921101231,0.8083982154048714
0.6199999999999868,1240,0.24999999999999967,-2.1,0.8810632444119861,0.9948046109588293,0.0022205130104011777,0.22894769838563733,0.4010086208816045,0.7699999999999868,4960.8880711870925,213.8267109030207,0.0,27.043701077484016,1.4642909043079759e-09,-1.8629542353210127e-12,-7.673310695618989e-15,10.749630539903743,-462.7597882604561,4.232245342003982,0.05896579444854283,0.0,-269.0074747071207,78.12461278823162,-2.871439540735976,-0.5037826802503548,3.013361507968217,-1.4472902554997962,0.024554902143588426,2.11417171174582,0.042630987167786405,0.013879816263848222,1.2821120285867917,1.2688126729195721,170.33966078085453,234.0900774224549,0.8053307694558532
0.6249999999999862,1250,0.24999999999999967,-2.1,0.8844321895483811,0.9948278888700207,0.0022130683075470866,0.22998349539218615,0.3918950038947845,0.7749999999999863,4926.996522200046,215.66792538006052,0.0,27.063228069100276,1.3891092012597003e-09,-1.943334382303874e-12,-6.801343571116832e-15,10.847036960781814,-465.4927753516894,4.268228658078461,0.060519703068263916,0.0,-270.0982797967705,78.78954869286193,-2.9646808078791373,-0.5043417429353021,3.0147246149192655,-1.4488018260214814,0.02512703116453077,2.1428476756371344,0.042717683872958066,0.014407597438483688,1.2937101468482253,1.2803505085330706,172.0038280169507,235.1491393967253,0.8026307410165818
0.6299999999999857,1260,0.24999999999999967,-2.1,0.8878129805939119,0.9948512388416949,0.0022067052739635842,0.23103190823054562,0.38685773418241326,0.7799999999999857,4893.535611546575,217.5389247536168,0.0,27.081930570640083,1.2457438545175533e-09,-2.0317081350640365e-12,-1.142276933097827e-14,10.946081902596518,-468.1891290221441,4.3018476631164635,0.062008000852386246,0.0,-271.1725707161624,79.45556470239222,-3.0582326159975968,-0.5049478005801685,3.01601004195315,-1.4503122144868235,0.02570827581314346,2.1729473876105905,0.04273300393053838,0.014669106633557876,1.305503131877978,1.2920824723229283,173.6952016490335,236.22110056616617,0.8003230100067332
0.6349999999999851,1270,0.24999999999999967,-2.1,0.8914510871506368,0.9948746586973782,0.002201491810197576,0.232093054480948,0.38619593946567904,0.7849999999999852,4860.502933412981,219.44015174013853,0.0,27.09973074532848,1.2885134931875345e-09,-2.114308728096148e-12,-1.098678576872719e-14,11.046792995721464,-470.84891732025585,4.332978956962345,0.06342449374716484,0.0,-272.23036512348534,80.12268345431153,-3.152105229197747,-0.5055364655226642,3.0171902558704917,-1.4518214984011604,0.026299339735787453,2.2069358190555106,0.04274757436126213,0.014638118045012478,1.317494269877307,1.304011843469375,175.41498594005805,237.30608115197157,0.7984322024471542
0.6399999999999846,1280,0.24999999999999967,-2.1,0.8949454510160636,0.9948981462061426,0.0021974950832349834,0.23316705062444992,0.389850466455053,0.7899999999999846,4827.896083643246,221.37205964369218,0.0,27.116555375092467,1.6394321282143805e-09,-2.140509991477302e-12,-6.801343571116832e-15,11.149198171256062,-473.4722264935106,4.361517470435154,0.0647633552434793,0.0,-273.2716839106947,80.79092777719129,-3.2463872214521725,-0.5060257533757049,3.018238548545293,-1.4533295357620764,0.026901773894274467,2.2412701773268138,0.04276137498285371,0.014620754037278487,1.3296868833192328,1.3161419374833472,177.1658190850123,238.4042002514713,0.7969826783124103
0.644999999999984,1290,0.24999999999999967,-2.1,0.898281558942038,0.9949216990954748,0.002194781496731327,0.2342540125169404,0.39735249405177486,0.794999999999984,4795.712386715519,223.3350970105029,0.0,27.132335898467876,2.334159727121732e-09,-2.0548007739762397e-12,-9.068458094822443e-15,11.253325711272856,-476.0591815703503,4.387375320709868,0.06601912939336635,0.0,-274.29657581888637,81.46032068037817,-3.341251445862062,-0.5063235639979787,3.0191291314598345,-1.4548359246288771,0.027518083126537973,2.2757253006230176,0.04277437696554233,0.014617801845520887,1.3420843369256417,1.3284761121550415,178.9516751076723,239.51557632278596,0.7959985207340766
0.6499999999999835,1300,0.24999999999999967,-2.1,0.9014387005537541,0.9949453150653464,0.0021934166664105944,0.23535405594611222,0.40782424226092356,0.7999999999999835,4763.948644745981,225.32969223231618,0.0,27.147008504022125,3.627171175524298e-09,-2.027267242965536e-12,-5.580589596813811e-15,11.359204308106424,-478.60996523254295,4.410480710025989,0.06718673824436427,0.0,-275.3051399896345,82.1308853473837,-3.4369593394927356,-0.5063394664907125,3.019837242799574,-1.4563399917173852,0.028151702267580826,2.3099661996910337,0.042786542691156663,0.014630069102319275,1.3546900446482395,1.3410177745025125,180.77714310613445,240.64032775430786,0.7955035270784558
0.6549999999999829,1310,0.24999999999999967,-2.1,0.9043863378743491,0.9949689918028379,0.002193465399234432,0.23646729724617532,0.3765584234838728,0.804999999999983,4732.60100685287,227.35624363719933,0.0,27.16051415277952,6.0760455023981345e-09,-2.0898838215543947e-12,-8.196490970320285e-15,11.46686313049247,-481.1248270623552,4.430776777171666,0.06826148362406557,0.0,-276.2975372612327,82.80264513223004,-3.533863761672193,-0.5060001640365689,3.020339268726492,-1.4578408216816703,0.028806799300244892,2.343486710959028,0.04279782580070086,0.014658386991069533,1.3675074773984088,1.3537703884668124,182.64604942951337,241.77857349322198,0.7955212013917046
0.6599999999999824,1320,0.24999999999999967,-2.1,0.9071477008252294,0.9949927269792675,0.0021949891132559993,0.23759385311341677,0.3455720283594114,0.8099999999999824,4701.665065065283,229.4151192661823,0.0,27.172797665382706,1.030750524182382e-08,-1.9801937867214292e-12,-7.324523845818127e-15,11.576331814042026,-483.60407393413334,4.448219621264178,0.06923897449872976,0.0,-277.27398561232764,83.47562355745083,-3.6324105656293946,-0.5052671824450694,3.0206128713906426,-1.4593373355318222,0.02948787867258701,2.3763560116941473,0.04276351507771494,0.014703577238590655,1.3805401620128357,1.366737473886462,184.55945704779057,242.93043285692292,0.7960738186381119
0.6649999999999818,1330,0.24999999999999967,-2.1,0.9102264543636998,0.9950165182585529,0.002197985896111188,0.23873384095171052,0.31835427698109703,0.8149999999999819,4671.1360194653025,231.50667249086743,0.0,27.183791510073082,1.5744629041282742e-08,-2.0898838215543947e-12,-5.406196171913379e-15,11.687640502392815,-486.0480359387621,4.46275736790292,0.07011383686175864,0.0,-278.2347778164276,84.14984431261968,-3.7331389423435573,-0.5041545329949418,3.020637107088873,-1.4608284210450704,0.0301991825446504,2.4148123223854174,0.04260520231281507,0.014765607348842559,1.3937916859889175,1.3799226112144447,186.51331911309254,244.09602588628522,0.7971606852456735
0.6699999999999813,1340,0.24999999999999967,-2.1,0.9132546173353715,0.9950403632885774,0.00220238470403288,0.23988737841199023,0.29736659571234564,0.8199999999999813,4641.009661578433,233.63129027529823,0.0,27.193416807852746,1.864415830045768e-08,-1.958433415438776e-12,-4.534229047411222e-15,11.800819810494106,-488.4569914179158,4.474333459300468,0.07087979372194111,0.0,-279.1801976299021,84.82533125225322,-3.836680303778482,-0.5027434580253264,3.0203925062030477,-1.4623131103902283,0.03094391767122215,2.45465483260318,0.0424472397389669,0.014843516160622518,1.4072656932160363,1.393329437274933,188.4970575478339,245.27547287479234,0.7987560352173564
0.6749999999999807,1350,0.24999999999999967,-2.1,0.9162297145233439,0.9950642596935195,0.002208104285008822,0.24105458295196472,0.2851983072959981,0.8249999999999807,4611.2839358897545,235.78947661417317,0.0,27.20159477932851,1.6141944698217496e-08,-1.98596694644948e-12,-1.098678576872719e-14,11.915900788330662,-490.8310613536502,4.482905305060582,0.07153057601435762,0.0,-280.11036254327206,85.50210839172748,-3.943754904636979,-0.5011909531237501,3.0198610805739308,-1.463790791105622,0.0317233733726387,2.495923195300053,0.04229019389652279,0.01493624540231987,1.4209658796954205,1.4069616410085033,190.49598299626888,246.4688939183629,0.8008304002522578
0.6799999999999802,1360,0.24999999999999967,-2.1,0.9191494766787675,0.9950882050678285,0.0022150570133920152,0.24223557145178798,0.2838543658718325,0.8299999999999802,4581.959761191818,237.98191888801264,0.0,27.20824609918128,1.6389432685656995e-08,-1.9104717807749694e-12,-6.452556721315969e-15,12.032914888614705,-493.1701434828934,4.488443756650597,0.07205987123068443,0.0,-281.0251544558134,86.18019990042987,-4.055164613567677,-0.4997285839271203,3.019026222877853,-1.465261426746752,0.03253604164511937,2.5386579026933647,0.042134646385414275,0.015042685017289652,1.434895989669148,1.4208229596243371,192.49947601137265,247.67640852238827,0.8033520004736604
0.6849999999999796,1370,0.24999999999999967,-2.1,0.9220118358321685,0.9951121969558852,0.0022231498103159357,0.24343045909095593,0.2939101332736078,0.8349999999999796,4553.039943242524,240.20943938414737,0.0,27.21329181501436,2.3306115882560775e-08,-1.901589996577968e-12,-3.3134750731082e-15,12.151893859968462,-495.47399802885474,4.490932312087568,0.07246139653881993,0.0,-281.9243079625107,86.85963009108772,-4.171779223910508,-0.498648229031992,3.0178724717223293,-1.4667257537160436,0.03337690515062056,2.5829001798360807,0.04198118648752711,0.015161677757008322,1.4490598031691688,1.4349171662122575,194.51040028666264,248.89813445340343,0.7998153793954655
0.6899999999999791,1380,0.24999999999999967,-2.1,0.9248149265073095,0.9951362328458074,0.0022322849511421114,0.2446393588739581,0.3142074041265791,0.8399999999999791,4524.526319873875,242.4728226623804,0.0,27.2166561226784,2.525399835897025e-08,-1.9184653865522705e-12,-8.545277820121147e-15,12.272869701072077,-497.74247389873403,4.490366129521355,0.0727291196362272,0.0,-282.80763894638375,87.54042340477149,-4.294512583019696,-0.4982719687407547,3.0163851388220446,-1.4681854120514906,0.0342371171086813,2.628691959685754,0.04183040518743031,0.0150072349525827,1.4634611305101148,1.4492480642647858,196.5473567853977,250.1341872540841,0.792312260923369
0.6949999999999785,1390,0.24999999999999967,-2.1,0.9275570746696975,0.9951603101513901,0.002237419656132941,0.245862380523108,0.3423170674615132,0.8449999999999785,4496.417681554277,244.77266740077005,0.0,27.21827709130546,2.0997403644000515e-08,-1.880273714505165e-12,-5.754983021714243e-15,12.395874549816876,-499.9756865501365,4.486764415189433,0.07285811222102369,0.0,-283.67518998773056,88.22260439135296,-4.424283910686692,-0.49890480591686814,3.0145498850807115,-1.4696429621840945,0.03510433883947522,2.6760756552101315,0.041682886530587424,0.014778698419543098,1.4781037993355342,1.4638194747862852,198.6377916929615,251.3846791112095,0.7848686573507612
0.699999999999978,1400,0.24999999999999967,-2.1,0.9302368183241622,0.9951844261999321,0.0022164571448047257,0.24709962960992035,0.355554024635392,0.849999999999978,4468.710789239819,247.10939874450787,0.0,27.21816627927631,1.9903161635857262e-08,-1.857181075592962e-12,-6.278163296415537e-15,12.520940592838649,-502.17404005963084,4.480273489990437,0.0728492940799273,0.0,-284.52720479192385,88.90619768520467,-4.561959290794111,-0.5007714564444276,3.0123699155934647,-1.4711017398971564,0.035964007312465456,2.725094472103198,0.04153912420159618,0.014553264288012973,1.4929916440071922,1.4786352257324475,200.8079546799028,252.64971796752906,0.7775151785003461
0.7049999999999774,1410,0.24999999999999967,-2.1,0.9328529398456589,0.9952085782269509,0.0021958649541304496,0.2483512069948496,0.32610230223246545,0.8549999999999774,4441.4023855019595,249.48336376113645,0.0,27.21646483533177,3.012808531282743e-08,-1.8065549056700547e-12,-7.498917270718558e-15,12.648100003271068,-504.33815902901443,4.471258737145572,0.07271389747284356,0.0,-285.36410333931497,89.59122797678558,-4.7082692408285265,-0.5039440522520702,3.0098894076042733,-1.472565512407507,0.036801697508575947,2.775793103189227,0.04139942675100349,0.014332303693536082,1.508128498275532,1.4936991447140648,203.075245419908,253.92940694891726,0.7702916051299559
0.7099999999999769,1420,0.24999999999999967,-2.1,0.9354043545148782,0.9952327633626668,0.0021757661515300008,0.24961720780312366,0.2998519543985784,0.8599999999999769,4414.487590781883,251.89481889281203,0.0,27.21333462724159,5.7740340384798454e-08,-1.8172130467064562e-12,-9.766031794424169e-15,12.77738482937587,-506.46880625938485,4.46009465431677,0.07246480342761463,0.0,-286.1864299802216,90.27771998052508,-4.863701484646457,-0.5082753359257715,3.0071550956828816,-1.4740379316684964,0.03760648440888028,2.8282156550370194,0.04126404778791681,0.014117301152335199,1.5235181824246948,1.5090150461988272,205.44221790661965,255.22384331720332,0.7632411082917198
0.7149999999999763,1430,0.24999999999999967,-2.1,0.937890034853406,0.9952569786371969,0.002156290307730296,0.25089772133575106,0.25839044702817043,0.8649999999999763,4387.960701379622,254.34399633050597,0.0,27.20893501603854,1.1021933438125843e-07,-1.816324868286756e-12,-4.185442197610358e-15,12.908826975245569,-508.56678599158073,4.447131595725543,0.07211469349229016,0.0,-286.99475486974114,90.96569840008803,-5.028374712067321,-0.5133547957705207,3.0042105906136323,-1.4755218264902457,0.03837490403421468,2.8824036064131437,0.041133209934119785,0.013909801557281507,1.539164500898256,1.5245867291446067,207.88771233155512,256.5331183791799,0.7564091403450955
0.72,1441,0.24999999999999967,-2.1,0.9403089064471627,0.9952812209791788,0.0021375734609498484,0.2521928306270443,0.22511894190468143,0.87,4361.817853390156,256.8312768562686,0.0,27.20341331249113,1.5823458217691493e-07,-1.7923440509548527e-12,-8.022097545419853e-15,13.042458144695237,-510.6327329711673,4.432696829479472,0.07167529028536121,0.0,-287.7894632852288,91.65518789236525,-5.201909812192907,-0.5185107208529525,3.001097835157295,-1.4770184347616377,0.039114559259607926,2.938392411384876,0.0410071080026333,0.013711407253349768,1.5550712357373542,1.5404179704632697,210.3536236253866,257.85731703418764,0.7498434223931043
0.725,1453,0.24999999999999967,-2.1,0.9426597061150894,0.9953054872240304,0.0021197578695037167,0.25350261250258604,0.20979345686639025,0.8750000000000001,4336.063392361243,259.35761984183534,0.0,27.196893836317116,1.3272358650583222e-07,-1.8314239014216582e-12,-1.203314631812978e-14,13.178309835245042,-512.6666065174632,4.4170954880958515,0.07115648685562943,0.0,-288.5702683601441,92.34621303136598,-5.3833277932406975,-0.5228753011840322,2.997858869282506,-1.478526736590941,0.039846060418157324,2.996206049878925,0.04088590963603266,0.013523774567600446,1.571242145978814,1.5565125244153868,212.7528034713554,259.1965178333835,0.7435938574981564
0.73,1466,0.24999999999999967,-2.1,0.9449409050273848,0.9953297741318885,0.0021029916474241584,0.2548271381772248,0.21765601468917672,0.88,4310.715014970551,261.92497352582257,0.0,27.189479275060307,1.7315469026644764e-07,-1.8127721546079556e-12,-8.719671245021579e-16,13.316413388201777,-514.6672822116556,4.400611398527106,0.07056645481818931,0.0,-289.33583513022137,93.03879827402889,-5.571012982986253,-0.525514918256745,2.9945374805597056,-1.4800430770618243,0.0406020871347772,3.0558516047269526,0.04076975595390301,0.013348610424597231,1.5876809739105837,1.5728741288291086,215.04316807360556,260.550793591168,0.7377124028607318
0.735,1478,0.24999999999999967,-2.1,0.9471507644667806,0.9953540783997419,0.0020874282987352433,0.2561664735754772,0.24707032582866528,0.8849999999999999,4285.791236210743,264.535364936773,0.0,27.181274003575947,1.6855438703821015e-07,-1.8633983245308627e-12,-6.801343571116832e-15,13.456800011670513,-516.6335497915101,4.383507683671592,0.0699135000601162,0.0,-290.08476786722105,93.73296792930805,-5.762777754401936,-0.5256076009386729,2.9911801963995828,-1.4815612425318336,0.04142314425861396,3.1173161926825688,0.04065876308835594,0.013187669232200338,1.6043914486914206,1.589506508693356,217.28921619990592,261.92021171278384,0.7322529064466965
0.74,1489,0.24999999999999967,-2.1,0.9492872728622701,0.9953783966922515,0.0020732260621224015,0.2575206807243837,0.2914107465112192,0.89,4261.294387802711,267.18958288366287,0.0,27.17241018171312,8.150686607027556e-08,-1.9397816686250735e-12,-3.3134750731082e-15,13.599500917198842,-518.5654679744844,4.366028616417403,0.06920813952803843,0.0,-290.81691777651685,94.42874613243423,-5.956044528211073,-0.522632946320006,2.9878361434790772,-1.483073074544707,0.04235082978510522,3.180560004815265,0.0405530239664811,0.013042749391978822,1.621377301730926,1.6064133914656475,219.61268844542798,263.3048356184569,0.7272708771026953
0.7449999999999994,1499,0.24999999999999967,-2.1,0.9513477064649376,0.995402725665983,0.0020605470365602746,0.2588898188688411,0.305870165091805,0.8949999999999995,4237.213799696457,269.8874850951238,0.0,27.1630673464893,5.453487204274699e-08,-1.893596390800667e-12,-5.929376446614674e-15,13.744547431890297,-520.4641204728126,4.348408802056858,0.06846466032385659,0.0,-291.5331078196281,95.12615682612375,-6.148124900154738,-0.5165350631670784,2.984555563736922,-1.4845695945248207,0.043420287951561894,3.2454954879889404,0.04045261024408211,0.012915689327853828,1.6386422775413625,1.6235985178815904,222.1023251645259,264.7047258837794,0.7228231778335015
0.75,1510,0.24999999999999967,-2.1,0.9533275933026581,0.995427062001364,0.002049556154945976,0.260273946105508,0.28214309090353595,0.9,4213.535350577976,272.62876748301545,0.0,27.153447800326113,7.715098150519931e-08,-1.9184653865522705e-12,-5.929376446614674e-15,13.891971169560973,-522.3308510354119,4.330868251878378,0.06769916116277089,0.0,-292.23439618791446,95.82522374999586,-6.336539435565953,-0.5078280013860402,2.9813871447285227,-1.4860425097965957,0.04465314664555377,3.3119392296090036,0.040357573857153196,0.012808364205422721,1.6561901538805759,1.641065662003627,224.78801548610318,266.1199419103154,0.7189676657608913
0.755,1521,0.24999999999999967,-2.1,0.9552182292841452,0.9954514024413484,0.002040407348976812,0.2616731215144615,0.2598553043232407,0.9049999999999999,4190.245519858527,275.41330571515056,0.0,27.14374653677868,1.331823444542279e-07,-1.9459989175629744e-12,-3.1390816482077686e-15,14.041804260920298,-524.1669337722227,4.313605142843385,0.06692715913886474,0.0,-292.9217649767118,96.52597043998014,-6.519305086085283,-0.4976286390741767,2.9783747228029593,-1.4874859078442615,0.04605093408864752,3.3794945479862903,0.0402679659811998,0.012722519928330362,1.6740247699970658,1.6588186593328633,227.65892120965697,267.55054410513554,0.7157583388750308
0.76,1533,0.24999999999999967,-2.1,0.9569997880994081,0.9954757438211483,0.002033146069668901,0.2630874069106941,0.22461233485964507,0.91,4167.331627328593,278.2412123522432,0.0,27.13410189796727,2.57956794043029e-07,-1.8989254613188677e-12,-3.8366553478094945e-15,14.19407955079864,-525.9735306341373,4.29677236402094,0.06615966316827912,0.0,-293.59613430936525,97.22842023854516,-6.695130676456463,-0.4876122901903497,2.975554084800092,-1.4888979225409622,0.047588386137386814,3.4472224768606394,0.04018395487315703,0.0126585382968328,1.692150046661605,1.6768614267678246,230.66380812360154,268.99659567165486,0.7132111410235116
0.765,1546,0.24999999999999967,-2.1,0.9586219637732039,0.9955000831116598,0.002027756628597417,0.2645168695200026,0.1970477613928441,0.9150000000000001,4144.783737248848,281.1128775396565,0.0,27.124600358982633,3.53151819565803e-07,-1.850075648235361e-12,-6.6269501462164e-15,14.34883090187632,-527.7515524382122,4.280490079278482,0.06540355472008672,0.0,-294.25818977174436,97.9325963167774,-6.863496538945907,-0.47988301018680185,2.9729504665103934,-1.4902821437879066,0.0492072981203546,3.5126894153948123,0.040105713890103395,0.012616081415059975,1.7105700251797733,1.6951980014327188,233.67528802297053,270.4581653456242,0.7113205688342255
0.77,1561,0.24999999999999967,-2.1,0.9599771196594672,0.9955244174520222,0.00202421467508659,0.2659615841815083,0.17327369250415953,0.92,4122.605655819521,284.02970884901987,0.0,27.11527901957465,3.3540634825283706e-07,-1.8252066524837574e-12,-5.754983021714243e-15,14.50609345721816,-529.5008015712854,4.2648635698778135,0.06466178609857788,0.0,-294.907544657555,98.63852170904649,-7.024632160814499,-0.47673472497314223,2.9705774137267333,-1.4916485006128317,0.050813527617175815,3.5704284056662425,0.0400333441758117,0.012594772944543534,1.729288901105604,1.7138325742381195,236.47957509859316,271.9353296471215,0.7100780802877333
0.775,1577,0.24999999999999967,-2.1,0.9609562105276677,0.9955487441847011,0.0020224882934569695,0.26742163584466044,0.1859045060798532,0.9249999999999999,4100.829415799628,286.99525633692934,0.0,27.10613066522662,4.2021330714236766e-07,-1.8918200339612667e-12,1.0463605494025895e-15,14.665903943752635,-531.2188216011597,4.249985472442624,0.0639337831907544,0.0,-295.5417387736528,99.34621936021982,-7.179428663085018,-0.4802590735085932,2.968437424546787,-1.4930132520985127,0.05228116507924696,3.614016000325696,0.03996688200581553,0.01259420735569862,1.7483110600964105,1.7327695255905153,238.98748172192967,273.4281754336398,0.7094724796226988
0.78,1590,0.24999999999999967,-2.1,0.9615196507602651,0.9955730608921202,0.0020225386558651837,0.26889712232078655,0.23032306960940022,0.93,4079.481944639727,290.0123167993618,0.0,27.097171329392303,2.562911666272472e-07,-1.893596390800667e-12,-8.370884395220716e-15,14.828301013762955,-532.9035504812989,4.235936586821442,0.06322082189832945,0.0,-296.1587537821904,100.05571218589883,-7.329326907195902,-0.4917525126079056,2.966524578145223,-1.4943975830958045,0.05346992469405929,3.639855693610866,0.03990630631689287,0.012613952886691693,1.767641116767456,1.7520134641002254,241.42397076043326,274.9368027134405,0.709490146346779
0.785,1601,0.24999999999999967,-2.1,0.9615978473628873,0.995597365420152,0.0020243208905488855,0.2703881563989668,0.2771123984780043,0.9350000000000002,4058.549072455731,293.0800467435257,0.0,27.088479134437595,3.578973855412456e-08,-1.765698698363849e-12,-1.5695408241038843e-15,14.993325527453717,-534.5561820674745,4.2227831499471025,0.06252911900164872,0.0,-296.7596185649075,100.76702314505302,-7.476214292361572,-0.5109540003568875,2.9648270020179153,-1.4958242511633304,0.054264011827520886,3.643487023833359,0.039851545442387275,0.012653556850444876,1.7872839486927394,1.7715692604525393,244.07892911891062,276.46132680895164,0.7101153398099036
0.79,1613,0.24999999999999967,-2.1,0.960994530890414,0.9956216559104486,0.002027787126759851,0.2718948686433563,0.2553187981481461,0.9400000000000001,4038.0034196998363,296.19703607286533,0.0,27.08013704951624,4.9970139492599586e-08,-1.9531043449205754e-12,-5.667786309264026e-15,15.161020920445237,-536.1788991261794,4.210529109948352,0.06186527697618605,0.0,-297.3462524452226,101.48017532471404,-7.622354642092682,-0.5353829437081865,2.9633045101257096,-1.497312126920844,0.054634312498356624,3.615755504785689,0.03976756108778541,0.012712577856186916,1.8072447389825996,1.7914420898297523,247.04390000576694,278.00188121692133,0.7113312673420962
0.795,1626,0.24999999999999967,-2.1,0.9617839629204653,0.9956459308187764,0.002032885598342803,0.2734174094815066,0.2221845348087547,0.945,4017.823902767703,299.3628919637593,0.0,27.072202547880227,1.3747807026345048e-07,-1.91491267287347e-12,-5.667786309264026e-15,15.331433504047002,-537.7733412416711,4.199136283998582,0.06123386939801501,0.0,-297.92004376738913,102.19519203617921,-7.770371064845211,-0.5603071365161233,2.9619055959254115,-1.4988696486408288,0.054701416772038984,3.652175049538053,0.03961671615797854,0.012790567788748654,1.8275290123710146,1.8116374678705234,250.26485886978375,279.5586197436442,0.7131197697961996
0.8,1640,0.24999999999999967,-2.1,0.9635225297533534,0.9956701889327951,0.002039558893776231,0.2749559513807234,0.21086039521830524,0.9500000000000001,3997.9982860481014,302.57819135770654,0.0,27.064717923448224,1.5926757163364356e-07,-1.9184653865522705e-12,-4.4470323349610054e-15,15.504612785119665,-539.3404424872608,4.188565077469473,0.06063826191024493,0.0,-298.48170195749174,102.91209692147585,-7.923294874390962,-0.579723332155754,2.9605961931404754,-1.5004896418383233,0.05474884029183306,3.736540549578839,0.03946589566732561,0.012887043540013562,1.8481426729325348,1.8321612882600629,253.64985780329016,281.1317187302027,0.7154607076763967
0.805,1655,0.24999999999999967,-2.1,0.965189279511705,0.9956944293890939,0.0020477443969949133,0.2765106911037763,0.1841226758771881,0.9550000000000002,3978.5215560582033,305.8442240969666,0.0,27.057720016278164,3.129151881914574e-07,-1.9202417433916708e-12,-4.8830158972120845e-15,15.680611805184709,-540.8805619970738,4.178775648476232,0.06008138615153852,0.0,-299.0313739558282,103.63091406962192,-8.084671280480093,-0.5880627996397525,2.959362775694413,-1.5021481372065526,0.055144828890468206,3.823325741260236,0.03931542811098248,0.013001486647573283,1.8690920433949378,1.8530198619175355,257.1054875007824,282.721379358842,0.7183321157751758
0.81,1671,0.24999999999999967,-2.1,0.9667808750230156,0.9957186516762433,0.0020573747846218955,0.2780818511828473,0.17716729669873096,0.9600000000000001,3959.3962125014054,309.16246864929195,0.0,27.051248753566103,2.6601183938942846e-07,-2.042810365310288e-12,-6.01657315906489e-15,15.859487401521749,-542.3934609902925,4.169728162729879,0.05956641942720301,0.0,-299.56865538810354,104.35166814122036,-8.258673859666775,-0.5818264243960248,2.958209137574806,-1.5038081152862253,0.0561974612072493,3.912261874999295,0.03916564913126961,0.013133343516411313,1.8903838968730466,1.8742199486352786,260.56972215090366,284.32782916002446,0.7217103775982712
0.8150000000000001,1687,0.24999999999999967,-2.1,0.9682821468457662,0.9957428556455016,0.002068378494683513,0.2796696819734291,0.14678621110089474,0.965,3940.6263365226473,312.5345368357277,0.0,27.045367081722812,8.054738637195201e-07,-2.0587975768648903e-12,-7.586113983168774e-15,16.04130054285071,-543.8787751550904,4.161383012978124,0.059098370853451314,0.0,-300.0930135782967,105.07438450048032,-8.450139709269225,-0.5605783361433724,2.9571464205942806,-1.5054270061981385,0.058039946868879866,4.002252009210783,0.03901690094222585,0.013282025149255661,1.912025495523522,1.8957687956224505,264.1386387132328,285.95132411246107,0.7255703897860899
0.8200000000000001,1709,0.24999999999999967,-2.1,0.9696396762908377,0.9957670415080198,0.002080680188072504,0.28127446292044794,0.12807189415839845,0.9700000000000001,3922.1897360378157,315.9585444721991,0.0,27.04009320443204,7.293401567307448e-07,-2.142286348316702e-12,-4.098245485160143e-15,16.2261165850788,-545.3382314690508,4.153701282511424,0.058678689033407554,0.0,-300.6058294323086,105.79908935374223,-8.66439569587833,-0.5271971392605264,2.9561815673372243,-1.506965884805314,0.06062843750472604,4.089341774548204,0.03886953151338119,0.013446906853821567,1.9340246213152845,1.9176741681961713,267.42039121808244,287.5921499376718,0.7236210518957539
0.8250000000000001,1729,0.24999999999999967,-2.1,0.9708315475015478,0.9957912098318352,0.0020942011803305196,0.2828965038671438,0.17164590420607603,0.9750000000000002,3904.1248655465542,319.4385470669186,0.0,27.035298716335756,5.664716538538612e-07,-2.1955770534987096e-12,-7.498917270718558e-15,16.414005540041767,-546.768743300972,4.146656409893621,0.05829715579334864,0.0,-301.10427684633817,106.5258098929915,-8.906685371260771,-0.48741307539607825,2.955309514237868,-1.5083982941822094,0.06381702958238943,4.170792202189654,0.038723891585754296,0.013246942840952612,1.956389607786437,1.939944381461759,270.1604082166998,289.25062343826517,0.7162214590583927
0.8300000000000001,1743,0.24999999999999967,-2.1,0.971890876854461,0.9958153615387814,0.0020762959097719385,0.28453614641704816,0.21555353369976238,0.9800000000000001,3886.4430954985633,322.97641707165144,0.0,27.03096192735955,9.332857500976126e-08,-2.19912976717751e-12,-5.667786309264026e-15,16.605042358922336,-548.1693997568276,4.140242350524854,0.05795204509199348,0.0,-301.5873124599142,107.2545744438697,-9.180962050327498,-0.4488296567626157,2.9545109346956293,-1.5097168974378692,0.0673925017319746,4.2475149103181264,0.03858032276029759,0.013041684372133475,1.9791293729264523,1.9625883331205636,273.02423167705706,290.9270938905069,0.7093323568080329
0.835,1758,0.24999999999999967,-2.1,0.9728250896607382,0.9958394978888289,0.0020578257710975587,0.2861937644891482,0.20691884732190746,0.985,3869.1116241331024,326.57112079260247,0.0,27.02719208309917,2.466262216327797e-07,-2.3447910280083306e-12,-4.795819184761869e-15,16.799307130124028,-549.5428081835762,4.134456095640057,0.05765205041763049,0.0,-302.05690687278604,107.98541261666428,-9.487958721098238,-0.4199519977839287,2.9537534659867313,-1.5109372314149925,0.07103908072964485,4.318885086472237,0.03843915192333314,0.012857734431852941,2.0022534435654986,1.9856155278178431,276.2876541463752,292.62194361195355,0.7030223376364841
0.84,1773,0.24999999999999967,-2.1,0.9736242022874395,0.995863620472452,0.0020412533289721865,0.2878697654381119,0.18183273330340102,0.9899999999999999,3852.114145132385,330.22299619172753,0.0,27.02410250947924,1.318342414253256e-07,-2.446043367854145e-12,-5.057409322112516e-15,16.996885349942563,-550.8902616039455,4.12929312361176,0.057406189960801116,0.0,-302.513925139524,108.71835545940725,-9.823024383208077,-0.4095551857942753,2.952993666243275,-1.5120991873475729,0.07430082162588457,4.382934366316891,0.03830069162468974,0.012697208196998011,2.0257719864348394,2.009036108145773,279.77297708633586,294.3355891068394,0.6973606352868676
0.845,1789,0.24999999999999967,-2.1,0.9742642113886663,0.9958877311906591,0.002026781556734451,0.2895645903456826,0.19494865367327815,0.995,3835.4515780817833,333.9333129483477,0.0,27.021801524720136,2.7862889395825203e-07,-2.3998580900297384e-12,-5.406196171913379e-15,17.197868103567544,-552.2116813788053,4.124747931438253,0.05722308341160608,0.0,-302.9580713320234,109.45343561216158,-10.17511353408972,-0.4260824002797797,2.952177307829376,-1.5132669586373038,0.07653108075314564,4.436378819730948,0.03816524030751642,0.012562235515294876,2.0496958302000725,2.0328608766539547,283.48691518317054,296.0684813640154,0.6924165922628127
0.85,1804,0.24999999999999967,-2.1,0.9746995416928261,0.9959118322350434,0.0020146119484988857,0.2912787142980145,0.15265243821273755,1.0,3819.116159519245,337.70219790368236,0.0,27.02043260702885,9.374863380153887e-07,-2.403410803708539e-12,-4.098245485160143e-15,17.402352250081613,-553.5076788893058,4.120814083657012,0.05711414840297901,0.0,-303.38971577136624,110.19068746082273,-10.528508784681064,-0.47508778573716853,2.951236291309271,-1.5145253157611236,0.07686817126767413,4.473889910480324,0.03803308242581307,0.012454959834849363,2.0740364874180597,2.0571013177892485,287.5490758984796,297.82110614051425,0.6882590457153592
0.855,1826,0.24999999999999967,-2.1,0.9748415104578245,0.9959359260675575,0.002004942505757779,0.2930126466265642,0.13193708394617024,1.005,3803.0745815428436,341.5247692229126,0.0,27.020119040860216,8.018250063728226e-07,-2.488675931999751e-12,-4.8830158972120845e-15,17.61044060894584,-554.7808972214749,4.117484211652581,0.05708919560011688,0.0,-303.8111042011915,110.93014728976668,-10.867216359395824,-0.5520297704826534,2.9500848849967065,-1.5159623028535247,0.07460666286585152,4.486333913452736,0.03790448846850233,0.012377537520596619,2.098806176049643,2.081769619398726,291.3794022298696,299.59398420785254,0.6849556395985871
0.86,1845,0.24999999999999967,-2.1,0.9745049552731312,0.9959600153876714,0.0019979635115375182,0.29476693020597383,0.17571682513387427,1.0099999999999998,3787.370876083389,345.4079053272478,0.0,27.02083882090188,5.88068848106548e-07,-2.4282797994601424e-12,1.6567375365541e-15,17.82224203841574,-556.0278238202643,4.1147496530863865,0.05714647387590097,0.0,-304.21896754032326,111.67185343135772,-11.179595023117743,-0.6363390019867888,2.9486264540439904,-1.517630617485781,0.07017823435319598,4.457003723453018,0.0377797168232696,0.012332111760177547,2.1240178298034404,2.106878683105007,294.63941513322766,301.38767063414383,0.6825713809796163
0.865,1860,0.24999999999999967,-2.1,0.973260570498241,0.9959841031061137,0.0019937800234527286,0.2965421411535352,0.21353771327217494,1.0150000000000001,3772.0264524678823,349.35726255533933,0.0,27.0225543457324,3.304204597669973e-07,-2.419398015263141e-12,-2.179917811255395e-15,18.03787156510156,-557.2467333601212,4.112588779794386,0.057282991004288415,0.0,-304.61154940293176,112.41584641086331,-11.460536160173628,-0.6993685556341994,2.9467907813395753,-1.5195101475511947,0.0658195564646661,4.353431470976945,0.03765908247880638,0.012319860523458431,2.1496851125652103,2.132442138760158,297.97780401414553,303.202754476812,0.6811421610650098
0.87,1875,0.24999999999999967,-2.1,0.9717553130825669,0.996008192305426,0.0019923858946165095,0.2983388874829012,0.18945523537086018,1.02,3757.0078156114932,353.37094152460645,0.0,27.02531832412537,1.1593780918583032e-07,-2.360778239562933e-12,-4.534229047411222e-15,18.25745038951416,-558.4402548886305,4.110965178273422,0.05750294141620885,0.0,-304.99098320823396,113.1621690850827,-11.710739676024074,-0.7206242402144982,2.944610193703995,-1.5215089981065117,0.06449316067287073,4.237455081655254,0.03754295011500818,0.012340693488459226,2.1758224197225884,2.1584743458427,301.80542542793233,305.0398574060642,0.6806658798719317
0.875,1891,0.24999999999999967,-2.1,0.9729994077256762,0.9960322861988795,0.001993745486938472,0.30015780750147697,0.20354024565614529,1.025,3742.3007022710076,357.44936718317587,0.0,27.02926562468115,2.917891966019671e-07,-2.232880547126115e-12,-6.714146858666616e-15,18.48110585975548,-559.6094979613134,4.1098533435870275,0.05781705761386977,0.0,-305.35805984217313,113.91086677200347,-11.93455322616242,-0.6927694769701411,2.942270273721511,-1.5234971992542343,0.06767295208703919,4.3326127874181,0.0374316493296366,0.01239428608314257,2.202444875154188,2.184990390538496,306.3297898048547,306.89963206628573,0.6811303622328019
0.88,1906,0.24999999999999967,-2.1,0.9741806187725368,0.9960563880874379,0.0019977850893098453,0.3019995679078577,0.13388216027055802,1.0299999999999998,3727.878286937465,361.59116914271044,0.0,27.034701171159114,1.6948713124789327e-06,-2.1227464230832993e-12,-7.847704120519421e-16,18.708971406582094,-560.7566060212773,4.109261946068443,0.058249604659056216,0.0,-305.7144862383576,114.66198736980536,-12.137894646872732,-0.6198953815452994,2.9400242180402074,-1.5253403449450593,0.07417395344973651,4.429285177267801,0.03732550276852285,0.012479951962925595,2.2295683230083103,2.2120060776337174,311.9556322578083,308.7827601307447,0.6825104259593486
0.885,1933,0.24999999999999967,-2.1,0.9752691696166097,0.9960805013031399,0.002004414827440869,0.3038648606619438,0.09699949018474853,1.0350000000000001,3713.6563441646304,365.7838850497001,0.0,27.041897367127014,2.303650041092274e-06,-2.0197177263980848e-12,-4.9702126096623e-15,18.941186322337785,-561.888293824476,4.109203454488595,0.058822259738931355,0.0,-306.06587494215734,115.41558146203317,-12.32689825950362,-0.5212439117960675,2.938005425119574,-1.5269363489276377,0.08122498382849021,4.524467864709287,0.03722477073876555,0.012596915814767474,2.2572093026104327,2.2395379055949336,317.0957927908241,310.68994910140674,0.6847753669782882
0.89,1957,0.24999999999999967,-2.1,0.976239783984602,0.9961046291575754,0.002013535495357106,0.3057543999954887,0.15657918430701356,1.04,3699.747536565525,370.04228640989874,0.0,27.050255301827974,1.1412987673532973e-06,-1.9912960169676808e-12,-6.103769871515106e-16,19.177895549032197,-562.9956045192539,4.1096865008076,0.05948736304977947,0.0,-306.4046517494786,116.17170240637856,-12.507281425148163,-0.42533746624156366,2.9362193740620355,-1.5282534030658854,0.08702828190685506,4.614822364980814,0.0371296428784777,0.012744384124800107,2.2853850224684598,2.2676030407545085,319.67107707583335,312.62192925233734,0.6878912931997093
0.895,1972,0.24999999999999967,-2.1,0.9771265734692248,0.9961287748772407,0.002025040268458034,0.30766891812716,0.20947784355883922,1.045,3686.2264393762807,374.37814741788645,0.0,27.059311080362104,-1.3685659348359091e-08,-1.8669510382096632e-12,-4.4470323349610054e-15,19.41924929405679,-564.072608852042,4.110716198659311,0.06020799900840581,0.0,-306.7255874616244,116.9304064043788,-12.684228592811573,-0.3531361380179347,2.934626050086708,-1.5293321276430196,0.09160187094501478,4.702373801175792,0.0370402436832695,0.012921547767922235,2.314113315440745,2.2962192727215847,322.17155859367176,314.579449248519,0.6918217097553724
0.9,1988,0.24999999999999967,-2.1,0.9779374052196128,0.9961529415376439,0.002038816312445677,0.3096091605313404,0.19785395248467522,1.0499999999999998,3673.0328210679377,378.78574105157986,0.0,27.06913276792382,-2.901599657915357e-07,-1.850963826655061e-12,-8.022097545419853e-15,19.665402574170876,-565.124102367518,4.112294950616333,0.060989584070881814,0.0,-307.03251508274906,117.69175254847171,-12.862572766454615,-0.31249929615356054,2.9331860837710564,-1.5302521711290058,0.0954588698227012,4.7870221166445575,0.03695663822856701,0.013127583397453173,2.343412584843864,2.3254049607632234,325.64530520892083,316.5632713083847,0.6965280686627205
0.905,2004,0.24999999999999967,-2.1,0.9786706096021406,0.9961771319968974,0.002054746267220093,0.3115758807872346,0.2241056554755624,1.0550000000000002,3660.143976465658,383.26556338176346,0.0,27.079880089188826,-9.596922071754e-08,-1.822542117224657e-12,3.1390816482077686e-15,19.91651468780056,-566.1518917223248,4.114422625371805,0.06184482872304217,0.0,-307.326835057967,118.45580284429003,-13.047062711497329,-0.30753079508385117,2.9318636073263713,-1.5311069456909128,0.09861634365017594,4.867702492275835,0.036878838119061265,0.013361653815624335,2.3733017414357653,2.3551789710902016,330.13774540368667,318.5741659372318,0.7019702757733742
0.91,2019,0.24999999999999967,-2.1,0.9793190135480735,0.9962013488189609,0.002072709605394717,0.3135698341617138,0.1624061066059204,1.06,3647.5262142179736,387.813114169162,0.0,27.091748918402054,1.0004010903637864e-06,-1.879385536085465e-12,-6.103769871515105e-15,20.172748502820127,-567.1586555177286,4.117096717290611,0.06278932014204223,0.0,-307.61085528267915,119.22262220483782,-13.242551488373262,-0.34781145901071936,2.9306123332728085,-1.5320073714103768,0.10031911480278242,4.942611515394983,0.036806807202839346,0.013622907850705199,2.403800120180523,2.385560593985664,335.5566559388338,320.61290536593043,0.7081071548875585
0.915,2040,0.24999999999999967,-2.1,0.9798687997175873,0.9962255942056727,0.002092583792651033,0.31559177142471834,0.13268758123632304,1.065,3635.1386685723614,392.41904913776665,0.0,27.104833826752945,1.1793053616412187e-06,-1.9380053117856733e-12,-8.022097545419853e-15,20.434269746264683,-568.1476403814868,4.120312005674195,0.06383058406401673,0.0,-307.8873992519403,119.99227841438918,-13.454013278649706,-0.44674926543866217,2.9293531592954434,-1.533099090818589,0.09847227300531064,5.008953030994829,0.03674046693038429,0.01391047911211625,2.4349273952808788,2.4165694592031572,341.46380166226027,322.6802572274147,0.714896844170198
0.92,2068,0.24999999999999967,-2.1,0.9802944738869237,0.9962498699215719,0.0021142453219144966,0.31764243156648847,0.10325811750647007,1.0699999999999998,3622.9788740623526,397.0866112208129,0.0,27.11905344355978,2.0109667670698223e-06,-1.9060308886764687e-12,-2.6159013735064736e-15,20.701246121237485,-569.1190378436534,4.124063700034401,0.0649621452158564,0.0,-308.1562678882808,120.76484206036972,-13.686325541029502,-0.5943939392487774,2.9279559741255126,-1.5345411600261352,0.09047471666356101,5.062220928575662,0.03667970172049405,0.014223484588117882,2.466703476356688,2.4482254325626016,346.1544461504331,324.7769771103354,0.7222971494601153
0.925,2090,0.24999999999999967,-2.1,0.9805472731845425,0.996274177224153,0.002137570586976855,0.31972253441239346,0.17024247643119403,1.0750000000000002,3611.1570228067844,401.83670564219443,0.0,27.134064326367383,1.5504346711130648e-07,-1.8900436771218665e-12,-5.057409322112516e-15,20.973846374082513,-570.0640764875436,4.128349459703951,0.06615667331535842,0.0,-308.4099693472167,121.54038643111909,-13.943746290106773,-0.7353775265732198,2.9262672823175717,-1.5364001873784496,0.07764141710957946,5.09468280056053,0.03662436419378462,0.014561022772562052,2.4991483982242104,2.480548506157439,348.7453908274717,326.9038010080117,0.7302658427287313
0.93,2106,0.24999999999999967,-2.1,0.9805301726947082,0.9962985168014474,0.0021624365910232948,0.32183277330129506,0.2146163766137484,1.08,3599.675700500247,406.6715689989617,0.0,27.14980893577232,-1.5816080678244506e-07,-1.900701818158268e-12,-4.708622472311653e-15,21.252239330982487,-570.9825468746928,4.133165272618948,0.06740958952228164,0.0,-308.6481913157406,122.31898737963424,-14.229057156621582,-0.8101501188557614,2.924259976730587,-1.5385672279537068,0.06842007458005869,5.092466945538013,0.036574280035366315,0.014922171344265845,2.532282206489576,2.5135586843770725,352.23053563556795,329.0614378323435,0.7387609041367157
0.935,2121,0.24999999999999967,-2.1,0.9800248183299781,0.9963228887085758,0.002188721529054354,0.3239738071039696,0.19512072283221724,1.085,3588.4793626079754,411.5862316925787,0.0,27.16649014449019,4.869989684975202e-07,-1.8776091792460647e-12,-8.71967124502158e-15,21.536592805124823,-571.8788628138429,4.1385049003878205,0.06873703793438038,0.0,-308.8744785644017,123.10072315261178,-14.542517505344533,-0.8008527884250503,2.922273726483877,-1.540824543651652,0.07124448764842314,5.028278387721975,0.03652925241687994,0.01530598489873498,2.566124829532005,2.5472758563458124,357.2475561072755,331.25056125295976,0.7477407210088551
0.9400000000000001,2139,0.24999999999999967,-2.1,0.9784363517827677,0.9963472923222302,0.0022163052242091356,0.32614625322972063,0.15701011288587724,1.0899999999999999,3577.5221418614624,416.56961735856873,0.0,27.184230981908787,5.352148496503614e-07,-1.829647544582258e-12,-9.068458094822443e-15,21.827072589969358,-572.7566654882335,4.144359648763067,0.07014880891925995,0.0,-309.0919513038867,123.88567418596226,-14.88106592547837,-0.7057403288819273,2.920787820054258,-1.5429353335421865,0.08560709728309415,4.8414766239018165,0.03648906614767069,0.015711492295123267,2.6006959588299674,2.5817196766618187,363.10218384694707,333.4718025467533,0.757164236896706
0.9450000000000001,2159,0.24999999999999967,-2.1,0.9782023784140569,0.9963717262982602,0.0022450694659069234,0.32835068038030873,0.13775953235205357,1.0950000000000002,3566.7898239762076,421.6187186940166,0.0,27.202996861374228,1.7234810421354382e-06,-1.744382416291046e-12,-1.1335572618528053e-14,22.12384137351732,-573.6170752933419,4.150718638176332,0.07164215015845611,0.0,-309.3013990827746,124.67392286888321,-15.238385755434383,-0.548417801103143,2.919914601927965,-1.5446832954657315,0.10160568933183607,4.815707335884918,0.0364534913640546,0.016137694223437735,2.6360149216466273,2.6169094384989875,369.8344802061535,335.72574318905725,0.7669910670991164
0.9500000000000001,2186,0.24999999999999967,-2.1,0.979067588594449,0.9963961885444332,0.0022748982478557607,0.3305876021505709,0.1106225992039715,1.1,3556.265811295562,426.73557143791083,0.0,27.222625923811037,2.2817687501843926e-06,-1.6360246490876307e-12,-2.7902947984069054e-15,22.42705771974201,-574.4614001804732,4.15756916123728,0.07320418131599404,0.0,-309.50348633033883,125.46555327852587,-15.606170509351285,-0.3941613540179911,2.9195137672280818,-1.545982238919629,0.11083387269741896,4.913150367046544,0.036422286873078476,0.0165835607839674,2.672100561278324,2.652863954226915,375.94748370859605,338.012908310528,0.7771815799739433
0.9550000000000001,2215,0.24999999999999967,-2.1,0.9798853122288803,0.9964206762098061,0.002305677948398311,0.355469264529267,0.08332511966216345,1.105,3545.9919588690195,431.9359374154961,0.0,27.24294317777725,3.269002015269688e-06,-1.7319479184152442e-12,-4.35983562251079e-15,22.7368751515743,-575.2862953057895,4.164897008851529,0.07482097701538216,0.0,-309.69489199469155,126.26065088992473,-15.976169432373782,-0.2934004151482879,2.919447099165587,-1.5469213188448787,0.1137592981706699,5.010987683039742,0.03639520353875357,0.016953802729866106,2.70897112887372,2.6896014475436427,380.9896971435329,340.33376125437616,0.7876969585502518
0.96,2244,0.24999999999999967,-2.1,0.9806180304526073,0.9964451856819837,0.0023372961809855737,0.33516067682458744,0.13768837469905698,1.1099999999999999,3536.012637053281,437.2294628828948,0.0,27.264136223049693,1.539587578663125e-06,-1.794120407794253e-12,-7.673310695618989e-15,23.05344124194917,-576.0882083473293,4.172680990174011,0.07650746597252239,0.0,-309.87284449506,127.05930226506759,-16.341989363043393,-0.24839878818289937,2.919626246115349,-1.5476618290865758,0.11461086733350753,5.103882673586643,0.03637198940690665,0.01684108493302178,2.7466441780092823,2.7271394483324345,383.7986130323758,342.68869851085594,0.7984988078115601
0.965,2261,0.24999999999999967,-2.1,0.9812938109657767,0.9964697126091482,0.0023696157516560953,0.33749753698917784,0.17061828983148847,1.1149999999999998,3526.3498199679634,442.6122236786486,0.0,27.28634325511253,1.0316340989332455e-06,-1.637801005927031e-12,-8.545277820121147e-15,23.3768969469012,-576.8652869593873,4.1808170909930835,0.07827464543462283,0.0,-310.0365054061917,127.86159472692684,-16.69981667306956,-0.24146476379793616,2.919978811206037,-1.548333657523806,0.11587299529997667,5.194370209857863,0.036352435904966035,0.016754012931084226,2.7851364861523797,2.765494714301338,387.7258192039239,345.0780467362878,0.8095402576968335
0.97,2281,0.24999999999999967,-2.1,0.9819204102956184,0.9964942519312314,0.002402477934559913,0.3398683011982046,0.1764109022183564,1.12,3516.931804381856,448.068515751207,0.0,27.309295035698092,1.2141537440197942e-06,-1.7195134205394424e-12,-6.103769871515105e-15,23.707376008899118,-577.6230665775399,4.189134827298606,0.08010109010109905,0.0,-310.19010677411814,128.66761602502405,-17.047995225635262,-0.267087739068095,2.920431539110654,-1.5490303953444302,0.11788470275410412,5.282781030553996,0.03633636695142737,0.016694669766532277,2.8244639861685634,2.8046831626139515,393.45247758148435,347.5020605226446,0.8077387526209786
0.975,2301,0.24999999999999967,-2.1,0.9824960244885322,0.9965187979299097,0.0024058626653394857,0.34227314756200594,0.1224411408118624,1.125,3507.7316549190323,453.5973535433758,0.0,27.332645379595288,3.1865505786042553e-06,-1.63069557856943e-12,-6.452556721315969e-15,24.045004582157606,-578.3635335683181,4.197477029021969,0.08195925142816625,0.0,-310.33507961763974,129.47745399862453,-17.385998375774694,-0.338683870363526,2.9209171971657835,-1.5498568868349942,0.11946069559181359,5.368160460525728,0.036323590631126515,0.01666516608170684,2.8646417237075323,2.844719827299707,399.7872708295546,349.9609219807893,0.805900892194944
0.98,2327,0.24999999999999967,-2.1,0.9830145206055242,0.9965433442967224,0.002402788360133856,0.3447121847881636,0.1394026075549442,1.13,3498.746346674845,459.19708810567505,0.0,27.356317634178346,3.2423911746785065e-06,-1.4814816040598089e-12,-7.498917270718558e-15,24.389901108891042,-579.0867894117739,4.205704756900868,0.08384302959367822,0.0,-310.4713053482875,130.29119624598192,-17.71341236508314,-0.4738869085945587,2.921376140236663,-1.5509686063519061,0.11669623621287883,5.448765888558108,0.03631389902693236,0.016667646163479825,2.9056838437715484,2.885618845740853,404.96705865398684,352.4547422599772,0.8048710805835873
0.985,2343,0.24999999999999967,-2.1,0.9834644710414514,0.9965678842088309,0.0024022839847576568,0.3471854546963545,0.1395117531257744,1.1349999999999998,3490.0438475995784,464.8965250445877,0.0,27.38028820082463,1.3994154229659167e-06,-1.4104273304837989e-12,-4.185442197610358e-15,24.74217633539844,-579.7873120070977,4.213704626343316,0.08575054667891269,0.0,-310.5938692325201,131.1089298064766,-18.02932456518398,-0.6475117539183486,2.9217765347157783,-1.5525218526467914,0.10512668131703715,5.5217754448484895,0.03630706994843953,0.01670428861767658,2.947603595485547,2.9273934632910725,410.5969095993615,354.98356411919417,0.8047021280612607
0.99,2371,0.24999999999999967,-2.1,0.9838253860762192,0.99659241042621,0.0024045007945378894,0.39587291616798337,0.08763216826311679,1.1400000000000001,3481.5342280629757,470.68203030198424,0.0,27.404256168099813,3.7870374551322463e-06,-1.6129320101754274e-12,-3.3134750731082e-15,25.101933698678337,-580.4721598409195,4.221378263623274,0.08765785691276777,0.0,-310.7080385624766,131.93074086380395,-18.332258572169515,-0.7823356672517173,2.9221266546871147,-1.5545214448255698,0.08896992869771031,5.582533227630949,0.036302868220157415,0.016777307185919764,2.990413378788755,2.970056079679482,417.16027082319295,357.54736711449715,0.8054447011954026
0.995,2397,0.24999999999999967,-2.1,0.9840584732584222,0.9966169153931903,0.0024095332053274948,0.3522345568750091,0.15821423471440943,1.145,3473.2600127174037,476.55710956887754,0.0,27.428228831369918,1.6882172964731717e-06,-1.5347723092418164e-12,-6.103769871515105e-15,25.469269880768625,-581.1378580819176,4.228635535412891,0.08956554084202532,0.0,-310.811328768661,132.75671447828563,-18.620583487941673,-0.8225436107407331,2.9224396422148153,-1.5567687951616722,0.08369107478202198,5.622866990138406,0.0363010487790776,0.01688824715749771,3.0341248124320823,3.0136183166503976,421.48954485722965,360.1460738463035,0.8071304268204195
1.0,2415,0.24999999999999967,-2.1,0.984084782964029,0.9966413913514374,0.002417321743306001,0.3548101900416101,0.14957163005580396,1.15,3465.241194745246,482.52410242782634,0.0,27.452082415062005,3.776442850878025e-06,-1.2647660696529783e-12,-3.487868498008632e-16,25.844275666751933,-581.7827243829357,4.2353844112439125,0.0914637487195509,0.0,-310.9025274269922,133.58693435488235,-18.893151167502864,-0.7595931899964843,2.9226927354698073,-1.5589847310900449,0.09782579652291101,5.627475386070397,0.03630136641725111,0.017036591524095788,3.0787488372344054,3.0580911207555515,427.29980031153207,362.7795581382744,0.8097393827663263
1.0050000000000001,2439,0.24999999999999967,-2.1,0.9837204241608205,0.9966658304617965,0.002427768032019381,0.35741967547855585,0.13123713965435366,1.1550000000000002,3457.4074243253212,488.5593657793604,0.0,27.47557232875646,3.2933017886134988e-06,-1.5241141682054149e-12,-3.4878684980086318e-15,26.227037109727558,-582.4122722209211,4.241540644987341,0.09333301665818833,0.0,-310.985920738568,134.42148265503576,-19.149852501542835,-0.604807657434687,2.9228759432002915,-1.5608907988978664,0.12048128055857038,5.564654757288508,0.03630358248805934,0.01722137685810137,3.124295854827971,3.103484901534725,432.9515992035232,365.4476550541844,0.8132386155012301
1.01,2458,0.24999999999999967,-2.1,0.9824362229049843,0.9966902249233855,0.0024407621430089133,0.36006282445982835,0.2011865163343163,1.1600000000000001,3449.80820780114,494.6825582338793,0.0,27.498605509632487,1.2222103296089225e-06,-1.4814816040598089e-12,5.057409322112516e-15,26.617636854963195,-583.0224885102459,4.247030662399812,0.09516593895396235,0.0,-311.05804186024903,135.2604398577474,-19.391882932128137,-0.4237258995355325,2.9230019184390423,-1.5623113859964355,0.13457305343489812,5.359094673944478,0.0363074651620981,0.01744156129464334,3.1707758865226205,3.1498096897648433,438.719187588002,368.1501716290528,0.8175913018746506
1.0150000000000001,2474,0.24999999999999967,-2.1,0.979998046648854,0.9967145671016758,0.002456184472364806,0.3627394333889698,0.12337404599536518,1.165,3442.432367502328,500.90335927185987,0.0,27.521020280033788,4.168604777514227e-06,-1.4317436125566019e-12,-4.8830158972120845e-15,27.016155836458154,-583.6141992598315,4.251790456012623,0.0969496497077817,0.0,-311.1193007245262,136.10388467576482,-19.62169918487051,-0.2920712260544749,2.9230691121340544,-1.5632866451458867,0.1366846665073876,5.024946173957498,0.03631278929317745,0.017696029058676208,3.2181987740157596,3.1970753374470644,446.54714313281653,370.8868996934554,0.822757377713765
1.02,2505,0.24999999999999967,-2.1,0.9807005529770879,0.9967388496483306,0.0024739074976862863,0.41421647022945074,0.10111199276382211,1.17,3435.1968454906946,507.20906231271096,0.0,27.54272487320897,6.030908287430526e-06,-1.4281908988778014e-12,-2.092721098805179e-15,27.422675098518628,-584.1939590429378,4.25576554392058,0.09867684635359603,0.0,-311.1745241355892,136.95189403173868,-19.84279544577688,-0.2281451111433758,2.923061553844195,-1.563994156508957,0.1340460809907485,5.114676331950154,0.036319336329778455,0.017983593729893024,3.2665743960063254,3.245291733671622,455.0524403293105,373.65762899757647,0.8286941263589581
1.025,2539,0.24999999999999967,-2.1,0.9813595534360305,0.9967630656188535,0.0024937973749101948,0.4787346944318447,0.0780548121909859,1.1749999999999998,3428.1422269585546,513.6197371095933,0.0,27.563803997088723,6.810367998359735e-06,-1.2967404927621828e-12,-9.242851519722874e-15,27.83727785400886,-584.7584929870072,4.258910720453852,0.10035426973435098,0.0,-311.2207556123083,137.8045430967411,-20.059460042748764,-0.20486710254749518,2.9229625189893045,-1.5645886262898854,0.13336218837696331,5.203435758769222,0.03632689442650864,0.018303000193827045,3.31591291189459,3.2944690475145952,461.9700365661261,376.46216133206826,0.8353567135595179
1.03,2567,0.24999999999999967,-2.1,0.9822633418478391,0.9967872085852728,0.002515715349489965,0.3709680369543041,0.13716350778826863,1.1800000000000002,3421.317852905757,520.1222484759028,0.0,27.58385601831508,3.197697225942573e-06,-1.4495071809506044e-12,-9.068458094822443e-15,28.260051750724667,-585.3038398465412,4.261191435469548,0.10194995888293007,0.0,-311.2559893813441,138.6619053944809,-20.276636490039976,-0.19901564741381852,2.922764360473844,-1.565145059310363,0.13666160152009604,5.333145438359418,0.03633524483004301,0.018652925301837597,3.3662250290902334,3.3446179945046812,465.05327178335176,379.30032537657036,0.8426986601815836
1.035,2589,0.24999999999999967,-2.1,0.9825006636159634,0.9968112727328289,0.0025395189699422742,0.37377661917395055,0.1895542807195828,1.185,3414.749717512013,526.7113752065087,0.0,27.602528915812456,2.8218499632526093e-06,-1.5631940186722204e-12,-5.406196171913379e-15,28.691091157488056,-585.8279121484161,4.262588159847758,0.10343590085220765,0.0,-311.2787312060297,139.5240529709308,-20.49995502199164,-0.2173943782216376,2.922469861597547,-1.5657139738479162,0.14335693463846338,5.368865689539168,0.036344154935950244,0.01903197733254712,3.4175222737716844,3.395750106564815,469.75056320065073,382.1719909747847,0.850672248714443
1.04,2604,0.24999999999999967,-2.1,0.9839616018155071,0.9968352529520847,0.002565063091573778,0.3766178946119748,0.1665591202434508,1.19,3408.414017952332,533.3910703558389,0.0,27.619820846426535,2.1845251571877034e-06,-1.652011860642233e-12,-4.8830158972120845e-15,29.130499666547504,-586.3325934788674,4.263090589581576,0.10481194896862384,0.0,-311.289956368227,140.39105662905746,-20.735892833914047,-0.29646416297889905,2.9220875412049607,-1.5664063595464184,0.15052768712685483,5.6059971552450225,0.03635340529022775,0.01943869422342499,3.4698172850480127,3.4478780253261974,476.3543765490318,385.0770841115818,0.8592288594926648
1.045,2628,0.24999999999999967,-2.1,0.9837045035084497,0.9968591449106445,0.002592200638620712,0.4405818419643593,0.10042204878919528,1.1949999999999998,3402.241317750706,540.1541455457298,0.0,27.63606286110102,5.614871169868217e-06,-1.6839862837514374e-12,-5.929376446614674e-15,29.578392520706128,-586.8234057588706,4.262694721950072,0.10610444742923167,0.0,-311.2938162396231,141.26298622682737,-20.99182150447765,-0.47944741284288417,2.9216109276505,-1.5674586820826515,0.1478263693123795,5.56195808652904,0.03636279399001616,0.019871540381237507,3.523124101322247,3.50101578770588,484.70078288403914,388.0156006501075,0.8683192259928741
1.05,2654,0.24999999999999967,-2.1,0.9839201236624442,0.9968829451109651,0.002620789555920553,0.382398590133635,0.15587738098755521,1.2000000000000002,3396.2596893504915,547.0277200803032,0.0,27.65116017183014,3.87438243268687e-06,-1.673328142715036e-12,-8.022097545419853e-15,30.03489905708846,-587.2981342183837,4.261420456150207,0.1073058532441988,0.0,-311.28842492583055,142.13991103365643,-21.275468789477745,-0.7158305749537976,2.9209677559811484,-1.5691208686175238,0.12327792730107329,5.5988206589977745,0.036372139762818945,0.02032900690192403,3.5774584478666838,3.5551791127336667,491.6925836949712,390.9876194511499,0.8778957634614325
1.055,2675,0.24999999999999967,-2.1,0.9842923470596155,0.9969066509325585,0.0026507163657304065,0.407279122012767,0.11166547518790577,1.205,3390.4989646967165,554.0181562303411,0.0,27.664778579971152,3.7779148541571557e-06,-1.715960706860642e-12,-8.71967124502158e-15,30.500165112774148,-587.7545139657578,4.259376308981332,0.10838957173054123,0.0,-311.2719907612347,143.0219001413184,-21.593216311845612,-0.8656620089884794,2.919974207038056,-1.571349511265539,0.09107808197164852,5.664238385278381,0.03638129384565318,0.020809995674407892,3.6328380191019187,3.6103856831398877,499.0332335431773,393.99331453389067,0.8879204598307516
1.06,2710,0.24999999999999967,-2.1,0.9845854606567818,0.99693026064923,0.0026818761998937024,0.48853655112524097,0.09287567080340542,1.21,3384.8772065190938,561.0963161211215,0.0,27.677409019390165,7.049596266748782e-06,-1.609379296496627e-12,-1.098678576872719e-14,30.974355170078955,-588.1991887706357,4.256685552089057,0.1093946701640207,0.0,-311.24899934046203,143.90902292131574,-21.94697736598361,-0.8725485626433204,2.918616401873271,-1.5737942999767038,0.09058449962113481,5.71741638658435,0.036390142630710366,0.020983804876373437,3.6892827313930914,3.6666553975848664,506.12752493593166,397.0329649072702,0.898358187018851
1.065,2729,0.24999999999999967,-2.1,0.9847581945252415,0.9969537734334118,0.002714164170868896,0.39131760464951737,0.19626240343853033,1.2149999999999999,3379.515282350838,568.2793451518986,0.0,27.688446101320444,2.405691010258223e-06,-1.659117287999834e-12,-9.068458094822443e-15,31.457654432533513,-588.6226505020861,4.253459285158719,0.11027297323727786,0.0,-311.21313326451735,144.80134952075244,-22.330654092843492,-0.7372321418592762,2.91741382651724,-1.5760643527581206,0.12607954526318793,5.749472364796335,0.03639860513354362,0.020549473986422605,3.746814965865418,3.724010612975326,510.8394885825579,400.1069633592862,0.909173810450291
1.07,2749,0.24999999999999967,-2.1,0.9849836794125136,0.996977189333999,0.002747474794983177,0.4517722464861664,0.11458268329501071,1.2200000000000002,3374.333334938341,575.5346485258134,0.0,27.69864076737117,6.249469545402062e-06,-1.6058265828178264e-12,-5.057409322112516e-15,31.950270507102303,-589.031357445449,4.249799649872959,0.1110842389848496,0.0,-311.1691416505431,145.69895138730686,-22.729049095090076,-0.5011286955190141,2.916523030474491,-1.5777938797816022,0.15869034211796432,5.792149516287737,0.036406632066465994,0.0201141567594697,3.8054597659932003,3.7824763417184926,519.1349823367674,403.215822234579,0.9203319958612948
1.075,2777,0.24999999999999967,-2.1,0.9847153407474847,0.9970005092353899,0.002781701431268591,0.3974334505682923,0.14348984245645952,1.225,3369.3065711385075,582.8804776267779,0.0,27.70854622681834,6.2832915903867085e-06,-1.70174985214544e-12,-9.9404252193246e-15,32.45243478216419,-589.4273743824018,4.245799430884755,0.11187249040215654,0.0,-311.1182626143018,146.6019018109776,-23.121949782124634,-0.29435377330324813,2.9157726125598797,-1.578879957683469,0.16623782120618724,5.741468759613773,0.036414207554732826,0.019679981157093546,3.865244998817206,3.8420804127386816,526.9258338115983,406.36017688676344,0.9317970213245643
1.08,2797,0.24999999999999967,-2.1,0.9827529352772956,0.9970237347978803,0.002782643729743547,0.4005441901214482,0.15771397475370874,1.23,3364.506729735893,590.36141698966,0.0,27.71727855090337,3.122396064793388e-06,-1.70174985214544e-12,-8.545277820121147e-15,32.96440344220328,-589.8050758465607,4.241541903938105,0.11256738667356304,0.0,-311.0559700521473,147.51027647175468,-23.491848947656653,-0.18511272277986418,2.9150250128646586,-1.5795248594984463,0.1574051793313663,5.407644119660502,0.036421364599742274,0.019249194486165508,3.926201472760899,3.9028535892417557,533.3536189317501,409.5407865542727,0.9211789811645309
1.085,2822,0.24999999999999967,-2.1,0.9815749760981838,0.9970468683725343,0.002748442029776489,0.5585859045006643,0.08749880093502002,1.2349999999999999,3359.8814479582893,597.967427035541,0.0,27.725213415640223,8.047816127862757e-06,-1.652011860642233e-12,-9.417244944623305e-15,33.486457890457224,-590.1687064883986,4.237103924774302,0.11319882314638083,0.0,-310.9849987246208,148.4241539787582,-23.82978729938264,-0.1468044200524941,2.914190880246292,-1.5799758677946054,0.1447084785972913,5.233481766646543,0.03642826865820184,0.01882416344212591,3.9883629869209356,3.9648296181652687,543.1970459918388,412.7585314070184,0.9098566955291173
1.09,2853,0.24999999999999967,-2.1,0.9739231584933553,0.9970699129041786,0.002714564210487549,0.4486555094513419,0.10617965758265273,1.2400000000000002,3355.416417647362,605.6863040275587,0.0,27.73245830536266,6.0596735704414535e-06,-1.580957587066223e-12,-9.766031794424169e-15,34.018904802634516,-590.5194730878951,4.232554859962555,0.11377535315212162,0.0,-310.906276086645,149.34361638743354,-24.13587756163143,-0.1371805847690628,2.9132186748795226,-1.580368433591468,0.13375420323056086,4.4076528836211315,0.03643635682950805,0.01840737384679689,4.051766335335591,4.028045234744656,552.2288660681508,416.0144072912367,0.8986416288200428
1.095,2890,0.24999999999999967,-2.1,0.9849010921180561,0.9970928718121902,0.0026812205380448775,0.5220994574256959,0.09187411404930435,1.245,3351.086001826936,613.4769337467562,0.0,27.738716026077547,9.43482324379431e-06,-1.5347723092418164e-12,-7.673310695618989e-15,34.56207549905227,-590.85948292985,4.227960891599517,0.114273326744253,0.0,-310.8215910736458,150.2687496811042,-24.416095046774018,-0.12910510326432423,2.912093250561969,-1.5807408984269158,0.12674528170387542,5.776407150280844,0.036471595362775396,0.018001429854607433,4.116451232084012,4.092540088134186,560.5241472369319,419.30951644595547,0.8876033885017772
1.1,2917,0.24999999999999967,-2.1,0.9867014224983174,0.997115748859159,0.002648637516287442,0.41467612991706704,0.14508785617435216,1.25,3346.968012686785,621.3396788732346,0.0,27.74521836970112,7.344969976499396e-06,-1.4708234630234074e-12,-9.417244944623305e-15,35.11632477905236,-591.1826132020129,4.223392166440838,0.11479076680893993,0.0,-310.72817004891516,151.19964420160838,-24.67864350001245,-0.11372628699989591,2.9108376722691762,-1.5810809710646305,0.12431605749168616,6.152209334670226,0.036540118410721384,0.01760905274112249,4.182460172639257,4.158356603452162,565.8506795623101,422.6450552569288,0.8768169574308683
1.105,2937,0.24999999999999967,-2.1,0.9846724071401234,0.9971385480106094,0.002617058149328835,0.416663644806425,0.16742115369711877,1.255,3343.0993371497943,629.3266967713386,0.0,27.751218961773045,4.063091331116378e-06,-1.3962164757685969e-12,-9.591638369523738e-15,35.68202922019614,-591.485983349577,4.218903157703214,0.11526827875380251,0.0,-310.62308043127086,152.13639501724776,-24.931675798993464,-0.09328908178048281,2.909497053684206,-1.581370672984988,0.12663941541243875,5.733484016848762,0.036626712218929214,0.01723307925584427,4.2498382317057075,4.225539780470659,571.5627002676247,426.0222992395764,0.8663627807894944
1.11,2961,0.24999999999999967,-2.1,0.9861350689873233,0.9971612732825136,0.0025867419452824873,0.5781178687346821,0.09548706412709278,1.2600000000000002,3339.4352302611287,637.4573822199441,0.0,27.756722014851487,9.267410265907514e-06,-1.4459544672718039e-12,-6.452556721315969e-15,36.25958478143987,-591.7731972207032,4.214536253008649,0.11570619780356768,0.0,-310.5081658294334,153.07910221458351,-25.18237728291172,-0.06790964504260749,2.908131631202052,-1.5815970421785168,0.13480737745674912,6.0261058183265215,0.03673129654305102,0.01687645937277187,4.31863278026097,4.294136911705827,580.4373605025145,429.4425845016652,0.8563267673186773
1.115,2992,0.24999999999999967,-2.1,0.985084230450426,0.9971839285927964,0.0025579645996718797,0.4233973872760019,0.1371531643022454,1.2650000000000001,3335.9595851118575,645.7325524754904,0.0,27.762210116737712,5.856064854946187e-06,-1.4246381851990009e-12,-9.9404252193246e-15,36.84940404903654,-592.0455687589749,4.210325009776665,0.11614292707526043,0.0,-310.3841580152393,154.02787110423318,-25.436596539885894,-0.042839834662554775,2.906806912218875,-1.581748976305346,0.1490311945133813,5.81149271746156,0.036857692132316995,0.01654225360186105,4.388893159352457,4.364197257345846,587.9386767080648,432.90728785121564,0.8468001845129646
1.12,3011,0.24999999999999967,-2.1,0.9856162622428837,0.9972065176103219,0.0025310171770103126,0.4663816238972835,0.13918176978055566,1.27,3332.6946887765157,654.1210290882841,0.0,27.767642230682565,1.023705009726282e-05,-1.5134560271690134e-12,-1.1509966043428485e-14,37.451912908825584,-592.301353116715,4.206296823662845,0.11657520096814136,0.0,-310.2504715238066,154.9828123332466,-25.698283935775514,-0.04701178539165231,2.9055387914829436,-1.5818641580310864,0.16732771450677492,5.91720289762719,0.03701284116798679,0.016233629649937614,4.4606702875794895,4.435771654000989,596.6220983302181,436.41780445206786,0.8378793876868901
1.125,3037,0.24999999999999967,-2.1,0.987578509760396,0.9972290436138592,0.0025062048002448527,0.6338777310203861,0.08479590337206976,1.275,3329.544397204249,662.5608360846747,0.0,27.77341027697654,1.43672804638288e-05,-1.4139800441625994e-12,-7.847704120519422e-15,38.0675469283153,-592.5482253447266,4.202476485047736,0.11703420750797573,0.0,-310.11248339212193,155.9440418977595,-25.968613357396187,-0.11704885892872094,2.9042752809358743,-1.5820710612885935,0.18760015243055755,6.364305266462977,0.03720776657297138,0.01595385867186914,4.534016234504294,4.508912089422238,608.7664571413854,439.97552481531744,0.8296653861225637
1.1300000000000001,3072,0.24999999999999967,-2.1,0.9785604218447717,0.9972515093665452,0.00248384473923905,0.44662088764833785,0.12476538646375812,1.2800000000000002,3326.539007505479,671.0852754961868,0.0,27.779038028025152,9.57886357400937e-06,-1.3962164757685969e-12,-6.6269501462164e-15,38.696747590171434,-592.7837961683608,4.198886376493737,0.11748204970691409,0.0,-309.96800407131,156.911681056295,-26.245283335612324,-0.33114325596890176,2.9028510981425857,-1.5826571530983853,0.19574870336290498,4.855312901447963,0.03746023598907116,0.015706310985251156,4.608983776758802,4.583671259904607,615.4909961631234,443.5818120270735,0.8222632102723334
1.135,3095,0.24999999999999967,-2.1,0.9846153723348958,0.9972739170045574,0.0024642734364152957,0.6027872194016896,0.10129725909799916,1.2850000000000001,3323.764876356059,679.7460241056042,0.0,27.784840712974457,1.3859941083339333e-05,-1.3322676295501878e-12,-4.708622472311653e-15,39.339958346183046,-593.0012157623795,4.195547287227369,0.11794381270335734,0.0,-309.81280457440425,157.88585614493937,-26.522738250048892,-0.6706202319935093,2.9008052238791517,-1.5840512801093172,0.1611117605686482,5.722928624711577,0.037800287778441605,0.015494576683119545,4.685625934733239,4.6601021082624365,622.7624706049943,447.23797911242127,0.8157842375592474
1.1400000000000001,3124,0.24999999999999967,-2.1,0.9867111518087774,0.9972962679560919,0.002448200373580373,0.44103911898541875,0.14834353423308907,1.29,3321.1842969076456,688.5704870361656,0.0,27.791413074640634,1.1025456162986474e-05,-1.4424017535930034e-12,-9.417244944623305e-15,39.997620987682076,-593.2035069048328,4.192482667613622,0.11846682462683752,0.0,-309.6481571536575,158.86669830192128,-26.793691977086475,-0.9165523307570346,2.89688969577883,-1.5863277512823786,0.087838264150564,6.154445995099493,0.03805918944079879,0.01532708294680328,4.763995546511899,4.738257398889189,630.1027703071122,450.9452693240298,0.8104633380534266
1.145,3143,0.24999999999999967,-2.1,0.9856431654748847,0.9973185628841436,0.002436810153568978,0.4822992582914516,0.14956919486275363,1.295,3318.8252372982743,697.5496972046028,0.0,27.799056440478417,1.3683849317606903e-05,-1.5205614545266144e-12,-5.929376446614674e-15,40.67017222005419,-593.3884723449856,4.189719897278277,0.11907506435430862,0.0,-309.4726298746949,159.85434311356607,-27.05146185172562,-0.9550315264172449,2.889606919946708,-1.5889861262111225,0.06475168337642982,5.922704294350723,0.038089921147370115,0.015218348131047043,4.844144867776238,4.818189318655933,637.807879114626,454.7048386720778,0.8066926680416017
1.1500000000000001,3166,0.24999999999999967,-2.1,0.9871267297694641,0.9973408016631478,0.002431283325506044,0.4863485029832347,0.12561877375590713,1.3000000000000003,3316.6068818428403,706.6108338395289,0.0,27.807946068912056,1.4530819987959984e-05,-1.4708234630234074e-12,-9.9404252193246e-15,41.35804083639487,-593.5625656487861,4.187282015545372,0.11978247850804093,0.0,-309.29086907135303,160.8489301958935,-27.29196735503246,-0.8457212766395715,2.883712913107083,-1.5915641381541308,0.11444484534206277,6.252342701453275,0.038121488023471664,0.015182902583722697,4.926125243374564,4.899949149231724,650.2464434801971,458.5177427676318,0.8048630418520663
1.155,3200,0.24999999999999967,-2.1,0.9762808722865298,0.9973629833914663,0.002432523840490477,0.6716964884336073,0.09054680062245556,1.3050000000000002,3314.4916686382926,715.7434983109052,0.0,27.817622141364495,1.891687313110717e-05,-1.2434497875801753e-12,-8.196490970320285e-15,42.06164569680272,-593.7287854449947,4.18517814412455,0.12055247588830141,0.0,-309.1043093560539,161.85060273348483,-27.514523449931126,-0.5443707726996752,2.8809466664632057,-1.5935457829690198,0.17328815409902187,4.618769715951954,0.038153767587274894,0.015232153326145996,5.009986874808689,4.9835870350240254,661.7325246785894,462.38492890127776,0.8052737075500371
1.16,3228,0.24999999999999967,-2.1,0.9850392483563785,0.9973851064337663,0.0024411951319332245,0.6143399607620789,0.10923688182001218,1.31,3312.540522646311,724.9703947962241,0.0,27.828431830012132,1.639493259108942e-05,-1.2754242106893798e-12,-5.057409322112516e-15,42.781394485983434,-593.882282014651,4.1834076498114685,0.12141268357907893,0.0,-308.91003891880484,162.85950699715914,-27.721441392669963,-0.228894167307773,2.8794112858658916,-1.5946160922498316,0.18766314526605798,5.802815256625041,0.038186770896829925,0.015375162441010577,5.095778681287336,5.069151844409496,669.5650726640532,466.3072329639577,0.8081442911361534
1.165,3255,0.24999999999999967,-2.1,0.9874888738317993,0.9974071685022108,0.0024578351077933734,0.5099275784872065,0.11413710106283165,1.315,3310.750073626788,734.3466204592277,0.0,27.841037678729478,1.636980302871728e-05,-1.2327916465437738e-12,-1.6916162215341863e-14,43.51768372596033,-594.0233220386676,4.1819682699223435,0.12241582514669692,0.0,-308.70756956732015,163.8757918665003,-27.917048687605973,-0.019572494192249393,2.878462395903651,-1.5949389476849956,0.17476355988731823,6.341608759581551,0.03822185592272542,0.015620348739357618,5.183548308999201,5.15669117878168,680.1231805930025,470.28538344265604,0.813652864097043
1.17,3290,0.24999999999999967,-2.1,0.9857240789791715,0.9974291667629214,0.002482840225806604,0.6181523072761012,0.09500841621975681,1.3199999999999998,3309.0859812496224,743.8860689228375,0.0,27.85468781240279,2.0137675377510205e-05,-1.4175327578413999e-12,-1.0812392343826758e-14,44.27089980587846,-594.1546357434135,4.180857411036687,0.12350206827068308,0.0,-308.4976100423685,164.89960838442565,-28.10674801393043,0.100058357934554,2.8779700719619985,-1.5948108278006832,0.15662324533945463,5.9393440107308,0.03828109505705018,0.015975459988846082,5.27334226131632,5.246251502219607,688.3044900674364,474.3200108508125,0.8219306715968372
1.175,3312,0.24999999999999967,-2.1,0.9863822064231623,0.9974510979687111,0.0025164547780660777,0.5905858162959624,0.11434111174589075,1.3250000000000002,3307.6295630994027,753.5583503717595,0.0,27.869846045089016,2.0596122911190148e-05,-1.4246381851990009e-12,-1.3951473992034527e-14,45.04142126031065,-594.2697438792964,4.1800674365293276,0.12470832210095817,0.0,-308.27800357579497,165.93110936842794,-28.29651093338779,0.17658318257827404,2.8779984519035238,-1.5944139778711175,0.1415095156088078,6.08016294837438,0.0383686448446064,0.016447525606745454,5.365206176212971,5.337878418013712,698.389979600726,478.41166342496837,0.8330585851963039
1.18,3347,0.24999999999999967,-2.1,0.9825313372261658,0.9974729586110124,0.0025587684407458173,0.635049390069246,0.10744386838841752,1.33,3306.324166503422,763.3320819391886,0.0,27.886673225318102,2.131102334814503e-05,-1.3500311979441904e-12,-8.370884395220716e-15,45.82962225715891,-594.373154751529,4.179598091399275,0.12604738655683634,0.0,-308.0514484627824,166.97044910474358,-28.493016092342586,0.23281872516375418,2.8786819623524997,-1.5938319943180588,0.131102820171566,5.373535706984141,0.03847007108112035,0.017042816655672616,5.45918524566296,5.431617086847897,708.9552948009115,482.5608284585474,0.8470662917021793
1.185,3372,0.24999999999999967,-2.1,0.9843494740427571,0.9974947450765047,0.0026097223364719697,0.6135355046605483,0.11952348645090474,1.335,3305.2103547964657,773.1925101186602,0.0,27.90586938956842,1.7185345570766236e-05,-1.4104273304837989e-12,-1.1858752893229349e-14,46.63587694233235,-594.4616519972701,4.179461346033484,0.12757496877125757,0.0,-307.8163025524825,168.01778314425988,-28.70433417752842,0.27209552718843166,2.8801449241490706,-1.5931137815823426,0.1253424362819759,5.674484985319401,0.03858391563773448,0.017766814011296067,5.555324735286533,5.527512745035962,715.83569596642,486.76795707320815,0.863934300082004
1.19,3397,0.24999999999999967,-2.1,0.9883427076682341,0.9975164538084927,0.002669122635971413,0.48024670347877424,0.1802120014398846,1.3399999999999999,3304.274849543757,783.166461519603,0.0,27.927606963452913,1.6865830342031598e-05,-1.3500311979441904e-12,-1.3602687142233663e-14,47.46056477522108,-594.5363077586338,4.179671990194894,0.12930478993852887,0.0,-307.57298202932225,169.0732682157658,-28.940502232284942,0.2910656684919986,2.882443158402928,-1.5923117756837146,0.12372450263519895,6.568338647358795,0.03871178341371115,0.018624183784475112,5.65367061900517,5.625611337546339,725.3761678346526,491.0334927668246,0.883598444215471
1.195,3416,0.24999999999999967,-2.1,0.9863532663128529,0.9975380814533373,0.002736659698403202,0.5162132175095991,0.1678313548209515,1.3450000000000002,3303.526245481416,793.297291130823,0.0,27.950831944164214,1.4954626893450861e-05,-1.3571366253017914e-12,-1.5346621391237978e-14,48.30407619391836,-594.5964538936291,4.180246258808804,0.13115297518023794,0.0,-307.3206188188229,170.13706226508728,-29.212789852262155,0.287269384676286,2.8855399877028733,-1.5914869646620347,0.12641797962560192,6.073756786567697,0.038857035975539446,0.019618758712217913,5.754270250455696,5.725960187779093,735.9231108894562,495.35790011841476,0.905956219196422
1.2,3443,0.24999999999999967,-2.1,0.9851291788126865,0.9975596249877128,0.0028119301103238545,0.7830415285212813,0.08035556581734966,1.35,3302.870551111319,803.5628373964666,0.0,27.974976803719564,2.3871931627396964e-05,-1.2860823517257813e-12,-1.4997834541437116e-14,49.166818442530285,-594.6495884413318,4.181201596815744,0.1330743620544846,0.0,-307.06333422499637,171.20932461787876,-29.53021040092593,0.2607496467197254,2.8892813639361923,-1.5907051753691828,0.1350499332515503,5.820203070927122,0.03902485969733084,0.02075352154006627,5.857173051074061,5.8286086840565545,751.407032646578,499.74169266702864,0.9308740772117172
1.205,3474,0.24999999999999967,-2.1,0.9759933780015252,0.9975810818173845,0.0028944592610031655,0.4931097524024282,0.15807021401354066,1.355,3302.362674067309,813.9769821820062,0.0,28.00132084244169,2.12520255781511e-05,-1.3500311979441904e-12,-9.417244944623305e-15,50.04922112929031,-594.691358479387,4.182556272337792,0.1351707540462995,0.0,-306.79878873377,172.29021625856234,-29.892672403630385,0.21427813990726327,2.8934115072618924,-1.5900252936464996,0.15084695308873983,4.591364061104388,0.039223028129880474,0.02203058802288083,5.962431163679772,5.933608931783931,759.4047459808169,504.18545777743196,0.9581949009760117
1.21,3497,0.24999999999999967,-2.1,0.9886318130494625,0.9976024498341823,0.0029837226419298507,0.625415437817214,0.13175373006993604,1.3599999999999999,3302.084011832253,824.5055094883453,0.0,28.030702540795637,2.0343179127298398e-05,-1.3287149158713873e-12,-1.1161179193627622e-14,50.95174080737358,-594.7153059546754,4.184328583868793,0.1375088753110325,0.0,-306.5239953506191,173.37990020443908,-30.284138750618645,0.1291650740501806,2.897653437423001,-1.5895249170215278,0.17334679738087058,6.650850797256984,0.039463353714133766,0.023451189216077233,6.070099987820949,6.041016287737042,765.6034024193765,508.68987514188063,0.987745054816555
1.215,3520,0.24999999999999967,-2.1,0.987653712434896,0.9976237274345582,0.0030791643073733543,0.5019807719696241,0.20513206157375732,1.3650000000000002,3301.975943626725,835.1405631266335,0.0,28.061740460850128,2.0132400079647874e-05,-1.3749001936957939e-12,-6.6269501462164e-15,51.87486448346335,-594.7261131912913,4.1865360427076395,0.13997879451101367,0.0,-306.2413158536948,174.4785419473879,-30.674100058017974,-0.034466134576323915,2.901762133301527,-1.5893622237881977,0.19996802433026,6.383537938567101,0.03976455883801644,0.024976593170038662,6.180238586550946,6.150889766148028,775.8167357949069,513.2557287255293,1.0193404959411705
1.22,3538,0.24999999999999967,-2.1,0.9879998042491711,0.9976449134879802,0.003180211936947189,0.5550114301671389,0.14652590423820885,1.37,3302.033315944927,845.901777046007,0.0,28.093729756999043,1.967426840733911e-05,-1.3926637620897964e-12,-1.32539002924328e-14,52.81911123932773,-594.7242066242188,4.1891950561112905,0.14252442181507935,0.0,-305.9506421675583,175.58630992760064,-31.030902617101077,-0.3559045672960437,2.905645133814172,-1.5898773607426997,0.2095303666218747,6.4743722526950025,0.04015794173820317,0.026614982131614968,6.29290986791842,6.263292220085025,788.2725175618372,517.8839086428409,1.0527917608174306
1.225,3567,0.24999999999999967,-2.1,0.9812648168173148,0.9976660072608458,0.0032860941221172905,0.7693953199528679,0.09593889324186426,1.375,3302.1801678859674,856.7873145286852,0.0,28.12709053752121,2.4431716830858327e-05,-1.4281908988778014e-12,-1.0114818644225033e-14,53.785031831861374,-594.7156258866322,4.192300046098534,0.14517918837783253,0.0,-305.6553703585671,176.70337599508767,-31.336270551439746,-0.7639436915296876,2.909899219141395,-1.5914819076469204,0.15588491901514506,5.190387286353831,0.040699606962507184,0.026805853948190312,6.408180526729543,6.378290283679381,803.9585212056498,522.5754029005498,1.0878434788709874
1.23,3602,0.24999999999999967,-2.1,0.9788429889662095,0.997687008299479,0.003394960569744067,0.5912449955494979,0.1265257826071846,1.38,3302.4593384656455,867.8418871075928,0.0,28.161954629063622,2.1298138347147308e-05,-1.680433570072637e-12,-1.3951473992034527e-14,54.773206030875095,-594.6968273788144,4.195717476503792,0.14795358463052444,0.0,-305.3533230453931,177.82991581528228,-31.588642350200868,-0.9700625261946183,2.918368415538574,-1.5940392091076312,0.06123889379377622,4.887279485709379,0.04137738777622589,0.02619167126617669,6.526120718845157,6.495954047491873,812.0662828119716,527.3312785246926,1.1238831206820783
1.235,3625,0.24999999999999967,-2.1,0.9896596324189182,0.9977079162739539,0.003504920205999068,0.6353987588280876,0.1480546764554008,1.3850000000000002,3302.9498863612794,879.0256849517503,0.0,28.198121135186728,1.9007724605167876e-05,-1.6981971384666394e-12,-9.766031794424169e-15,55.78423733758375,-594.6613482164682,4.199275057629734,0.15083162374245196,0.0,-305.04180113526826,178.96610917021403,-31.796817670380086,-0.9728070369984881,2.935166881213024,-1.5968344407247903,0.05945334822399809,6.971763028077479,0.04134232563333557,0.025556354614337067,6.646803425638777,6.616356424707163,818.3432221504094,532.1526511618472,1.160284656607031
1.24,3645,0.24999999999999967,-2.1,0.985878234470695,0.9977287308009306,0.0035032842571622483,0.525243193623946,0.24104559438855674,1.3900000000000001,3303.5997304090365,890.3490634242388,0.0,28.232539336776462,1.795404448748303e-05,-1.7408297026122455e-12,-1.2556326592831074e-14,56.81874554927374,-594.6131730893613,4.202812960591741,0.15357053720012204,0.0,-304.7229081827751,180.11214011214852,-31.97255607232028,-0.7862090578522821,2.9457183236273172,-1.5994337689511886,0.15716907608255584,5.9714416623118485,0.04131794276840467,0.02488731195925117,6.770303566657525,6.739572266012587,830.4569949854776,537.0406460865313,1.160144674626815
1.245,3664,0.24999999999999967,-2.1,0.9898895628988665,0.9977494512496314,0.0034450862108139735,0.6874417105616293,0.13096740869549753,1.395,3304.3676541296054,901.7894334136927,0.0,28.26484596838616,2.141880900972548e-05,-1.6910917111090384e-12,-6.9757369960172635e-15,57.877357018144515,-594.5554339316833,4.206182955219585,0.15614141725778785,0.0,-304.39840181446306,181.2681969329079,-32.12644917626973,-0.3791087382109509,2.951248940837332,-1.6011204883385182,0.22465696005289776,7.050185549758897,0.0413047504243374,0.024170002622708433,6.89669684094562,6.86567720364036,845.739747681047,541.9963506653891,1.1408718584382347
1.25,3695,0.24999999999999967,-2.1,0.9707030638898771,0.9977700765498868,0.0033813030934257467,0.8716568872382624,0.08988631136530177,1.4,3305.1716227662555,913.3217612759668,0.0,28.29578068187389,2.0423056014759238e-05,-1.7053025658242404e-12,-8.370884395220716e-15,58.96069327929461,-594.4945210255347,4.209247919617301,0.1586031235401395,0.0,-304.0717384690973,182.43447191891767,-32.26666588035263,-0.020110578836823594,2.95609659496577,-1.6016611475713831,0.22136587473053257,4.161772173776739,0.04130381964456588,0.023388146419945046,7.026058379699042,6.994746307012343,863.5184182513226,547.0207620352486,1.1197494948110853
1.2550000000000001,3730,0.24999999999999967,-2.1,0.9833435939345258,0.9977906050167837,0.003310383508043832,0.8103318020746293,0.09007441335084497,1.4050000000000002,3306.051595381362,925.0147167481185,0.0,28.32528317886421,2.014873303676681e-05,-1.6058265828178264e-12,-1.6741768790441432e-14,60.069358660567886,-594.4271216793599,4.211874591012175,0.1609508576549219,0.0,-303.7404154816987,183.6111608790711,-32.39915053530079,0.19580378863366005,2.961076647110601,-1.601378173370778,0.1921484260045229,5.501870590581448,0.041333257891661535,0.022523935686801066,7.158461283517041,7.126852623066372,872.1164495229197,552.1147332694919,1.0962638244321088
1.26,3755,0.24999999999999967,-2.1,0.9891878878430954,0.9978110342012173,0.003230498623338686,0.6309402523217088,0.1665818599164132,1.4100000000000001,3307.1426998395705,936.84456603004,0.0,28.3511384292211,1.9157950896178034e-05,-1.6484591469634324e-12,-1.0812392343826758e-14,61.20392734700499,-594.3423446134219,4.213924937894942,0.1630083531045101,0.0,-303.4000541118371,184.79846244252693,-32.52835538370198,0.3250165883361628,2.9661528278054456,-1.6006148769989073,0.1645831579872863,6.818782311301552,0.04140813948622559,0.02155824853206291,7.29397509846967,7.262065655359261,876.970875899613,557.2789204980527,1.0698092130529786
1.2650000000000001,3773,0.24999999999999967,-2.1,0.9810187846103199,0.9978313607864076,0.0031394725494288634,0.5501567034730187,0.22508420979290614,1.415,3308.438039306534,948.834982932645,0.0,28.370667973578282,1.645710527011677e-05,-1.7266188478970435e-12,-1.3602687142233663e-14,62.364931157118754,-594.2406303365239,4.215290715498004,0.1645624648648993,0.0,-303.0512668070329,185.9965771421975,-32.65800444190916,0.4081911545599545,2.970920145889822,-1.5995492633176769,0.14385867454784382,5.156959188617837,0.04150869487477249,0.02047084668255994,7.432664383093541,7.400449933710546,890.3240659556246,562.5137366244898,1.0396650948065738
1.27,3794,0.24999999999999967,-2.1,0.9885463995863117,0.9978515805324981,0.003034671469910668,0.7805128067586004,0.1139171227891826,1.42,3309.8388499909183,960.9424918649938,0.0,28.382630017084452,2.5769595170468434e-05,-1.6697754290362354e-12,-1.2556326592831074e-14,63.55284846739697,-594.1297640013687,4.215896611656236,0.16551437404164304,0.0,-302.6981632852901,187.20570631548168,-32.79162608372531,0.4621975769177792,2.974786566468283,-1.5982869550245955,0.13062278299987165,6.626147843238403,0.04163043727449672,0.019240564238330794,7.5745874128583,7.542063720862435,906.2866674777187,567.819313379832,1.004959257262959
1.2750000000000001,3826,0.24999999999999967,-2.1,0.9672719214045702,0.9978716882797876,0.0029128235523943747,0.7088849602943992,0.12698356656971876,1.4250000000000003,3311.3050493094465,973.1379496378307,0.0,28.387833815673435,2.562199588620508e-05,-1.7408297026122455e-12,-1.6044195090839705e-14,64.76809536306314,-594.0128771560666,4.215686212650662,0.16592847917578885,0.0,-302.34245083851147,188.42605086524074,-32.932784514960126,0.4874912459797782,2.977073132433208,-1.5969070251610331,0.12504726154005713,3.94101010654182,0.041773759874039355,0.01777594990615585,7.719795154224646,7.686957988003319,919.9521101088084,573.195475944834,0.9646082031536927
1.28,3846,0.24999999999999967,-2.1,0.9852030872487754,0.997891678012185,0.0027697160203214674,0.6501211449217886,0.1425942470709433,1.4300000000000002,3312.9468097286162,985.512664679601,0.0,28.386297523181696,2.0559186272184445e-05,-1.6484591469634324e-12,-1.5695408241038843e-14,66.01101973532255,-593.8811594577213,4.214616060232637,0.16580622490374122,0.0,-301.979245706876,189.65780994073623,-33.08503207725437,0.4784522007602828,2.9771847475081334,-1.5955008102467638,0.1270449653290301,5.834611887737565,0.04194084825794632,0.01610435802741848,7.868330593995298,7.83517574471396,928.2948336471441,578.6417324945013,0.9172168329290411
1.285,3876,0.24999999999999967,-2.1,0.9856939442782728,0.9979115429734858,0.0025996578468967324,0.8525889320113293,0.0974259671005923,1.435,3314.6741088080435,998.0056904457998,0.0,28.374198628861627,2.2375905483778176e-05,-1.7408297026122455e-12,-1.3951473992034527e-14,67.28189856379359,-593.7417415419184,4.212652093204337,0.16484342548524844,0.0,-301.6120864673365,190.9011796013132,-33.25159437389163,0.4331303912863308,2.974804658586923,-1.5941721012861454,0.13750358889194733,5.933130327549463,0.0421353447184727,0.01421147985194759,8.02022844637888,7.9867517457754165,941.1823952096378,584.1572787558861,0.8609005109314417
